site,sessionID,stationID,spaceID,connectionTime,disconnectTime,doneChargingTime,kWhDelivered,kWhRequested,milesRequested,minutesAvailable,timezone
caltech,2_39_125_21_2019-09-01 16:56:17.548838,2-39-125-21,CA-311,2019-09-01 09:56:18-07:00,2019-09-01 10:35:38-07:00,2019-09-01 10:26:26-07:00,0.747,0.0,0.0,0.0,America/Los_Angeles
caltech,2_39_131_30_2019-09-01 17:18:43.789002,2-39-131-30,CA-305,2019-09-01 10:18:44-07:00,2019-09-01 11:51:16-07:00,2019-09-01 11:03:47-07:00,1.983,10.0,20.0,304.0,America/Los_Angeles
caltech,2_39_127_19_2019-09-01 17:37:28.398424,2-39-127-19,CA-309,2019-09-01 10:37:28-07:00,2019-09-01 12:17:07-07:00,2019-09-01 11:08:04-07:00,0.754,0.0,0.0,0.0,America/Los_Angeles
caltech,2_39_89_25_2019-09-01 18:31:10.036615,2-39-89-25,CA-315,2019-09-01 11:31:10-07:00,2019-09-01 12:58:43-07:00,2019-09-01 12:58:38-07:00,4.908,8.0,20.0,41.0,America/Los_Angeles
caltech,2_39_139_28_2019-09-01 20:14:16.655606,2-39-139-28,CA-303,2019-09-01 13:14:17-07:00,2019-09-01 15:01:04-07:00,2019-09-01 15:01:00-07:00,11.372,26.0,100.0,336.0,America/Los_Angeles
caltech,2_39_79_383_2019-09-01 23:17:55.993651,2-39-79-383,CA-492,2019-09-01 16:17:56-07:00,2019-09-01 17:19:48-07:00,2019-09-01 17:19:28-07:00,6.703,8.64,30.0,97.0,America/Los_Angeles
caltech,2_39_139_28_2019-09-02 00:52:33.250419,2-39-139-28,CA-303,2019-09-01 17:52:33-07:00,2019-09-01 19:01:39-07:00,2019-09-01 19:01:30-07:00,3.942,9.99,30.0,205.0,America/Los_Angeles
caltech,2_39_79_380_2019-09-02 01:43:06.400565,2-39-79-380,CA-489,2019-09-01 18:43:06-07:00,2019-09-01 21:59:57-07:00,2019-09-01 21:53:26-07:00,19.303,30.0,100.0,720.0,America/Los_Angeles
caltech,2_39_79_377_2019-09-02 06:15:08.701693,2-39-79-377,CA-325,2019-09-01 23:15:09-07:00,2019-09-02 02:52:17-07:00,2019-09-02 00:29:19-07:00,2.063,16.0,40.0,291.0,America/Los_Angeles
caltech,2_39_79_377_2019-09-02 16:53:12.194724,2-39-79-377,CA-325,2019-09-02 09:53:12-07:00,2019-09-02 19:03:15-07:00,2019-09-02 17:32:48-07:00,40.277,42.5,170.0,522.0,America/Los_Angeles
caltech,2_39_79_379_2019-09-02 19:25:56.473004,2-39-79-379,CA-327,2019-09-02 12:25:56-07:00,2019-09-02 19:25:41-07:00,2019-09-02 15:42:07-07:00,19.151,30.0,100.0,720.0,America/Los_Angeles
caltech,2_39_138_29_2019-09-02 19:44:25.623232,2-39-138-29,CA-304,2019-09-02 12:44:26-07:00,2019-09-02 15:03:09-07:00,2019-09-02 15:03:00-07:00,15.215,23.4,90.0,336.0,America/Los_Angeles
caltech,2_39_123_557_2019-09-02 19:56:26.772000,2-39-123-557,CA-503,2019-09-02 12:56:27-07:00,2019-09-02 13:38:25-07:00,2019-09-02 13:38:16-07:00,4.511,5.76,20.0,63.0,America/Los_Angeles
caltech,2_39_139_28_2019-09-02 20:09:08.963579,2-39-139-28,CA-303,2019-09-02 13:09:09-07:00,2019-09-02 19:27:39-07:00,2019-09-02 16:50:25-07:00,12.414,78.0,130.0,425.0,America/Los_Angeles
caltech,2_39_79_376_2019-09-02 20:38:55.799254,2-39-79-376,CA-324,2019-09-02 13:38:56-07:00,2019-09-02 18:17:51-07:00,2019-09-02 16:49:23-07:00,14.987,16.0,80.0,233.0,America/Los_Angeles
caltech,2_39_129_17_2019-09-02 20:51:33.642211,2-39-129-17,CA-307,2019-09-02 13:51:34-07:00,2019-09-02 14:51:08-07:00,2019-09-02 14:47:42-07:00,2.897,15.2,38.0,167.0,America/Los_Angeles
caltech,2_39_95_27_2019-09-02 20:58:56.878386,2-39-95-27,CA-319,2019-09-02 13:58:57-07:00,2019-09-02 17:51:23-07:00,2019-09-02 15:56:22-07:00,5.999,8.0,20.0,72.0,America/Los_Angeles
caltech,2_39_138_29_2019-09-02 22:23:52.945710,2-39-138-29,CA-304,2019-09-02 15:23:54-07:00,2019-09-02 16:26:13-07:00,2019-09-02 16:26:09-07:00,3.432,16.0,40.0,74.0,America/Los_Angeles
caltech,2_39_128_18_2019-09-02 22:33:35.285739,2-39-128-18,CA-308,2019-09-02 15:33:35-07:00,2019-09-02 16:30:16-07:00,2019-09-02 16:30:00-07:00,6.048,12.0,30.0,116.0,America/Los_Angeles
caltech,2_39_89_25_2019-09-02 23:14:57.734689,2-39-89-25,CA-315,2019-09-02 16:14:58-07:00,2019-09-02 18:03:16-07:00,2019-09-02 16:48:13-07:00,1.222,12.0,20.0,108.0,America/Los_Angeles
caltech,2_39_131_30_2019-09-03 01:08:08.553047,2-39-131-30,CA-305,2019-09-02 18:08:09-07:00,2019-09-02 18:46:57-07:00,2019-09-02 18:46:53-07:00,4.316,44.0,110.0,149.0,America/Los_Angeles
caltech,2_39_91_437_2019-09-03 05:25:56.036086,2-39-91-437,CA-317,2019-09-02 22:25:56-07:00,2019-09-03 07:11:38-07:00,2019-09-03 04:53:26-07:00,37.265,48.0,240.0,543.0,America/Los_Angeles
caltech,2_39_79_380_2019-09-03 14:45:43.427036,2-39-79-380,CA-489,2019-09-03 07:45:43-07:00,2019-09-03 15:35:43-07:00,2019-09-03 10:04:26-07:00,12.286,40.0,100.0,388.0,America/Los_Angeles
caltech,2_39_78_366_2019-09-03 15:29:39.291098,2-39-78-366,CA-323,2019-09-03 08:29:39-07:00,2019-09-03 17:34:47-07:00,2019-09-03 17:20:06-07:00,34.484,42.0,140.0,490.0,America/Los_Angeles
caltech,2_39_79_379_2019-09-03 15:31:19.783321,2-39-79-379,CA-327,2019-09-03 08:31:20-07:00,2019-09-03 17:08:44-07:00,2019-09-03 08:57:15-07:00,0.721,0.0,0.0,0.0,America/Los_Angeles
caltech,2_39_78_367_2019-09-03 15:35:25.877399,2-39-78-367,CA-494,2019-09-03 08:35:26-07:00,2019-09-03 16:56:33-07:00,2019-09-03 14:31:01-07:00,24.098,26.28,90.0,381.0,America/Los_Angeles
caltech,2_39_79_377_2019-09-03 15:53:16.799047,2-39-79-377,CA-325,2019-09-03 08:53:17-07:00,2019-09-03 16:58:06-07:00,2019-09-03 10:13:55-07:00,3.941,8.0,20.0,223.0,America/Los_Angeles
caltech,2_39_131_30_2019-09-03 15:59:04.435031,2-39-131-30,CA-305,2019-09-03 08:59:04-07:00,2019-09-03 18:46:07-07:00,2019-09-03 13:54:22-07:00,16.371,36.0,60.0,400.0,America/Los_Angeles
caltech,2_39_79_381_2019-09-03 16:00:20.016182,2-39-79-381,CA-490,2019-09-03 09:00:20-07:00,2019-09-03 16:11:52-07:00,2019-09-03 15:55:07-07:00,13.446,12.0,20.0,129.0,America/Los_Angeles
caltech,2_39_78_362_2019-09-03 16:00:22.058192,2-39-78-362,CA-496,2019-09-03 09:00:22-07:00,2019-09-03 18:06:54-07:00,2019-09-03 18:07:54-07:00,10.623,25.41,110.0,461.0,America/Los_Angeles
caltech,2_39_123_23_2019-09-03 16:05:49.232539,2-39-123-23,CA-313,2019-09-03 09:05:49-07:00,2019-09-03 12:33:34-07:00,2019-09-03 10:33:49-07:00,4.527,5.0,20.0,186.0,America/Los_Angeles
caltech,2_39_91_437_2019-09-03 16:08:32.811204,2-39-91-437,CA-317,2019-09-03 09:08:44-07:00,2019-09-03 15:50:06-07:00,2019-09-03 09:48:47-07:00,3.861,8.0,20.0,351.0,America/Los_Angeles
caltech,2_39_125_21_2019-09-03 16:16:14.554940,2-39-125-21,CA-311,2019-09-03 09:16:15-07:00,2019-09-03 19:30:04-07:00,2019-09-03 10:43:35-07:00,4.558,6.66,20.0,441.0,America/Los_Angeles
caltech,2_39_89_25_2019-09-03 16:17:22.570142,2-39-89-25,CA-315,2019-09-03 09:17:23-07:00,2019-09-03 19:19:43-07:00,2019-09-03 11:45:16-07:00,10.901,20.0,100.0,570.0,America/Los_Angeles
caltech,2_39_92_442_2019-09-03 16:31:12.303588,2-39-92-442,CA-498,2019-09-03 09:31:12-07:00,2019-09-03 17:51:25-07:00,2019-09-03 11:42:45-07:00,13.005,45.4,200.0,509.0,America/Los_Angeles
caltech,2_39_78_361_2019-09-03 16:34:42.089968,2-39-78-361,CA-493,2019-09-03 09:34:42-07:00,2019-09-03 18:28:29-07:00,2019-09-03 11:10:41-07:00,2.893,3.0,10.0,339.0,America/Los_Angeles
caltech,2_39_88_438_2019-09-03 17:01:22.357902,2-39-88-438,CA-502,2019-09-03 10:01:22-07:00,2019-09-03 19:18:28-07:00,2019-09-03 14:05:06-07:00,7.137,8.0,40.0,120.0,America/Los_Angeles
caltech,2_39_79_378_2019-09-03 17:04:26.465824,2-39-79-378,CA-326,2019-09-03 10:04:26-07:00,2019-09-03 11:29:49-07:00,2019-09-03 11:29:44-07:00,9.339,16.0,40.0,254.0,America/Los_Angeles
caltech,2_39_95_27_2019-09-03 17:09:36.319467,2-39-95-27,CA-319,2019-09-03 10:09:36-07:00,2019-09-03 18:42:21-07:00,2019-09-03 11:10:56-07:00,2.624,21.42,60.0,191.0,America/Los_Angeles
caltech,2_39_78_365_2019-09-03 17:10:43.776111,2-39-78-365,CA-321,2019-09-03 10:10:44-07:00,2019-09-03 17:38:15-07:00,2019-09-03 11:46:07-07:00,2.597,10.0,20.0,304.0,America/Los_Angeles
caltech,2_39_91_441_2019-09-03 17:11:51.488297,2-39-91-441,CA-499,2019-09-03 10:11:51-07:00,2019-09-03 18:01:04-07:00,2019-09-03 11:50:18-07:00,9.399,14.07,30.0,425.0,America/Los_Angeles
caltech,2_39_90_440_2019-09-03 17:15:48.834009,2-39-90-440,CA-500,2019-09-03 10:15:49-07:00,2019-09-03 17:51:18-07:00,2019-09-03 12:13:02-07:00,5.995,8.0,20.0,405.0,America/Los_Angeles
caltech,2_39_78_360_2019-09-03 17:25:18.523648,2-39-78-360,CA-322,2019-09-03 10:25:19-07:00,2019-09-03 13:18:33-07:00,2019-09-03 11:29:42-07:00,1.85,0.0,0.0,0.0,America/Los_Angeles
caltech,2_39_78_363_2019-09-03 17:44:39.773255,2-39-78-363,CA-320,2019-09-03 10:44:40-07:00,2019-09-03 16:56:27-07:00,2019-09-03 12:47:09-07:00,6.804,9.0,20.0,30.0,America/Los_Angeles
caltech,2_39_79_378_2019-09-03 18:42:05.932176,2-39-79-378,CA-326,2019-09-03 11:42:06-07:00,2019-09-03 12:18:49-07:00,2019-09-03 12:18:44-07:00,2.102,10.0,40.0,263.0,America/Los_Angeles
caltech,2_39_92_436_2019-09-03 18:45:44.182118,2-39-92-436,CA-318,2019-09-03 11:45:44-07:00,2019-09-03 18:28:09-07:00,2019-09-03 17:18:27-07:00,24.123,24.22,70.0,207.0,America/Los_Angeles
caltech,2_39_88_24_2019-09-03 18:57:58.786521,2-39-88-24,CA-314,2019-09-03 11:57:59-07:00,2019-09-03 17:05:49-07:00,2019-09-03 12:28:31-07:00,0.861,0.0,0.0,0.0,America/Los_Angeles
caltech,2_39_90_26_2019-09-03 19:29:38.752391,2-39-90-26,CA-316,2019-09-03 12:29:39-07:00,2019-09-03 14:08:57-07:00,2019-09-03 14:09:56-07:00,0.883,0.0,0.0,0.0,America/Los_Angeles
caltech,2_39_79_378_2019-09-03 19:45:44.287088,2-39-79-378,CA-326,2019-09-03 12:45:44-07:00,2019-09-03 17:43:32-07:00,2019-09-03 15:05:57-07:00,6.013,8.0,20.0,299.0,America/Los_Angeles
caltech,2_39_123_23_2019-09-03 20:25:58.552016,2-39-123-23,CA-313,2019-09-03 13:25:59-07:00,2019-09-03 18:29:36-07:00,2019-09-03 14:10:26-07:00,1.791,5.0,20.0,186.0,America/Los_Angeles
caltech,2_39_124_22_2019-09-03 20:53:15.740034,2-39-124-22,CA-312,2019-09-03 13:53:16-07:00,2019-09-03 22:21:37-07:00,2019-09-03 14:54:04-07:00,2.016,16.0,40.0,291.0,America/Los_Angeles
caltech,2_39_128_18_2019-09-03 21:37:07.538932,2-39-128-18,CA-308,2019-09-03 14:37:26-07:00,2019-09-03 15:58:37-07:00,2019-09-03 15:58:32-07:00,4.383,8.0,20.0,60.0,America/Los_Angeles
caltech,2_39_127_19_2019-09-03 23:28:33.728196,2-39-127-19,CA-309,2019-09-03 16:28:34-07:00,2019-09-03 20:56:13-07:00,2019-09-03 20:56:08-07:00,15.543,8.66,20.0,302.0,America/Los_Angeles
caltech,2_39_78_360_2019-09-03 23:33:39.032465,2-39-78-360,CA-322,2019-09-03 16:33:39-07:00,2019-09-03 18:27:51-07:00,2019-09-03 17:24:35-07:00,2.092,12.0,20.0,108.0,America/Los_Angeles
caltech,2_39_130_31_2019-09-04 01:57:00.652869,2-39-130-31,CA-306,2019-09-03 18:57:01-07:00,2019-09-03 19:42:47-07:00,2019-09-03 19:42:42-07:00,4.538,24.0,60.0,129.0,America/Los_Angeles
caltech,2_39_123_23_2019-09-04 02:15:54.814233,2-39-123-23,CA-313,2019-09-03 19:15:55-07:00,2019-09-03 20:51:05-07:00,2019-09-03 20:51:00-07:00,9.587,30.0,100.0,720.0,America/Los_Angeles
caltech,2_39_138_29_2019-09-04 02:33:40.900673,2-39-138-29,CA-304,2019-09-03 19:33:41-07:00,2019-09-03 20:33:27-07:00,2019-09-03 20:33:22-07:00,2.206,4.0,10.0,106.0,America/Los_Angeles
caltech,2_39_129_17_2019-09-04 03:06:23.499839,2-39-129-17,CA-307,2019-09-03 20:06:23-07:00,2019-09-03 22:22:52-07:00,2019-09-03 22:22:48-07:00,13.961,35.04,80.0,125.0,America/Los_Angeles
caltech,2_39_138_29_2019-09-04 04:31:30.540891,2-39-138-29,CA-304,2019-09-03 21:31:31-07:00,2019-09-04 08:45:43-07:00,2019-09-04 05:05:24-07:00,46.545,130.0,250.0,596.0,America/Los_Angeles
caltech,2_39_79_379_2019-09-04 13:34:38.510596,2-39-79-379,CA-327,2019-09-04 06:34:48-07:00,2019-09-04 18:45:48-07:00,2019-09-04 09:50:15-07:00,15.667,30.4,100.0,603.0,America/Los_Angeles
caltech,2_39_79_381_2019-09-04 15:06:46.980389,2-39-79-381,CA-490,2019-09-04 08:07:02-07:00,2019-09-04 17:24:53-07:00,2019-09-04 17:24:49-07:00,36.862,60.0,250.0,546.0,America/Los_Angeles
caltech,2_39_129_17_2019-09-04 15:12:04.673047,2-39-129-17,CA-307,2019-09-04 08:12:05-07:00,2019-09-04 18:12:40-07:00,2019-09-04 10:15:13-07:00,6.518,10.5,20.0,236.0,America/Los_Angeles
caltech,2_39_78_366_2019-09-04 15:22:52.802786,2-39-78-366,CA-323,2019-09-04 08:22:53-07:00,2019-09-04 17:23:45-07:00,2019-09-04 12:56:35-07:00,0.868,0.0,0.0,0.0,America/Los_Angeles
caltech,2_39_79_380_2019-09-04 15:26:02.611025,2-39-79-380,CA-489,2019-09-04 08:26:03-07:00,2019-09-04 19:01:45-07:00,2019-09-04 08:56:42-07:00,0.836,0.0,0.0,0.0,America/Los_Angeles
caltech,2_39_78_367_2019-09-04 15:39:53.985315,2-39-78-367,CA-494,2019-09-04 08:39:54-07:00,2019-09-04 09:17:44-07:00,2019-09-04 09:17:38-07:00,3.871,17.52,60.0,381.0,America/Los_Angeles
caltech,2_39_131_30_2019-09-04 15:47:59.413819,2-39-131-30,CA-305,2019-09-04 08:47:59-07:00,2019-09-04 18:10:51-07:00,2019-09-04 14:53:32-07:00,4.761,12.0,20.0,435.0,America/Los_Angeles
caltech,2_39_91_437_2019-09-04 15:54:57.726304,2-39-91-437,CA-317,2019-09-04 08:54:58-07:00,2019-09-04 11:16:01-07:00,2019-09-04 11:04:55-07:00,11.974,15.0,50.0,134.0,America/Los_Angeles
caltech,2_39_127_19_2019-09-04 16:01:49.927557,2-39-127-19,CA-309,2019-09-04 09:01:50-07:00,2019-09-04 12:50:24-07:00,2019-09-04 10:44:48-07:00,5.07,5.0,20.0,186.0,America/Los_Angeles
caltech,2_39_78_361_2019-09-04 16:17:32.515563,2-39-78-361,CA-493,2019-09-04 09:17:33-07:00,2019-09-04 13:31:36-07:00,2019-09-04 12:51:02-07:00,19.929,32.0,80.0,465.0,America/Los_Angeles
caltech,2_39_89_25_2019-09-04 16:18:25.778657,2-39-89-25,CA-315,2019-09-04 09:18:26-07:00,2019-09-04 15:52:30-07:00,2019-09-04 11:12:02-07:00,5.606,8.0,20.0,405.0,America/Los_Angeles
caltech,2_39_123_23_2019-09-04 16:21:27.766885,2-39-123-23,CA-313,2019-09-04 09:21:28-07:00,2019-09-04 17:17:54-07:00,2019-09-04 10:46:31-07:00,4.56,6.66,20.0,441.0,America/Los_Angeles
caltech,2_39_78_367_2019-09-04 16:35:04.129327,2-39-78-367,CA-494,2019-09-04 09:35:04-07:00,2019-09-04 17:44:27-07:00,2019-09-04 09:34:05-07:00,1.5844997013134519,0.0,0.0,0.0,America/Los_Angeles
caltech,2_39_79_378_2019-09-04 16:53:39.151761,2-39-79-378,CA-326,2019-09-04 09:53:39-07:00,2019-09-04 18:14:39-07:00,2019-09-04 15:03:07-07:00,14.479,16.0,80.0,458.0,America/Los_Angeles
caltech,2_39_95_27_2019-09-04 17:02:39.457157,2-39-95-27,CA-319,2019-09-04 10:02:39-07:00,2019-09-04 18:25:57-07:00,2019-09-04 18:19:22-07:00,10.875,21.42,60.0,191.0,America/Los_Angeles
caltech,2_39_78_363_2019-09-04 17:08:58.998284,2-39-78-363,CA-320,2019-09-04 10:08:59-07:00,2019-09-04 18:04:57-07:00,2019-09-04 13:42:47-07:00,11.026,14.07,30.0,425.0,America/Los_Angeles
caltech,2_39_92_436_2019-09-04 17:18:37.192930,2-39-92-436,CA-318,2019-09-04 10:18:38-07:00,2019-09-04 19:09:16-07:00,2019-09-04 12:51:13-07:00,12.766,14.0,70.0,120.0,America/Los_Angeles
caltech,2_39_78_362_2019-09-04 17:31:28.036413,2-39-78-362,CA-496,2019-09-04 10:31:28-07:00,2019-09-04 16:20:37-07:00,2019-09-04 16:21:36-07:00,16.66,45.4,200.0,509.0,America/Los_Angeles
caltech,2_39_78_365_2019-09-04 17:34:54.471681,2-39-78-365,CA-321,2019-09-04 10:34:54-07:00,2019-09-04 18:38:10-07:00,2019-09-04 12:04:50-07:00,2.451,10.0,20.0,304.0,America/Los_Angeles
caltech,2_39_139_28_2019-09-04 17:55:07.738554,2-39-139-28,CA-303,2019-09-04 10:55:17-07:00,2019-09-04 17:24:57-07:00,2019-09-04 12:36:53-07:00,4.884,9.99,30.0,372.0,America/Los_Angeles
caltech,2_39_79_382_2019-09-04 18:07:58.281043,2-39-79-382,CA-491,2019-09-04 11:07:58-07:00,2019-09-04 16:08:23-07:00,2019-09-04 16:03:03-07:00,11.938,12.0,20.0,129.0,America/Los_Angeles
caltech,2_39_90_26_2019-09-04 18:19:06.648354,2-39-90-26,CA-316,2019-09-04 11:19:07-07:00,2019-09-05 01:29:27-07:00,2019-09-04 12:31:13-07:00,2.397,16.0,40.0,291.0,America/Los_Angeles
caltech,2_39_124_22_2019-09-04 18:24:14.258839,2-39-124-22,CA-312,2019-09-04 11:24:14-07:00,2019-09-04 17:04:28-07:00,2019-09-04 17:04:15-07:00,37.285,37.5,150.0,337.0,America/Los_Angeles
caltech,2_39_95_444_2019-09-04 18:37:05.322571,2-39-95-444,CA-497,2019-09-04 11:37:05-07:00,2019-09-04 17:16:59-07:00,2019-09-04 17:16:50-07:00,20.88,21.0,70.0,325.0,America/Los_Angeles
caltech,2_39_91_437_2019-09-04 18:52:56.205941,2-39-91-437,CA-317,2019-09-04 11:52:56-07:00,2019-09-04 17:03:24-07:00,2019-09-04 13:53:46-07:00,6.533,9.0,20.0,30.0,America/Los_Angeles
caltech,2_39_90_440_2019-09-04 18:57:41.406908,2-39-90-440,CA-500,2019-09-04 11:57:41-07:00,2019-09-04 15:37:12-07:00,2019-09-04 12:28:05-07:00,0.776,0.0,0.0,0.0,America/Los_Angeles
caltech,2_39_88_24_2019-09-04 19:04:01.569456,2-39-88-24,CA-314,2019-09-04 12:04:02-07:00,2019-09-04 13:21:08-07:00,2019-09-04 13:19:33-07:00,7.81,30.0,100.0,383.0,America/Los_Angeles
caltech,2_39_79_377_2019-09-04 19:49:50.408870,2-39-79-377,CA-325,2019-09-04 12:49:50-07:00,2019-09-04 16:05:25-07:00,2019-09-04 14:58:13-07:00,7.79,8.19,30.0,185.0,America/Los_Angeles
caltech,2_39_123_557_2019-09-04 19:59:31.893191,2-39-123-557,CA-503,2019-09-04 12:59:32-07:00,2019-09-04 16:06:08-07:00,2019-09-04 15:11:05-07:00,13.699,16.0,40.0,373.0,America/Los_Angeles
caltech,2_39_128_18_2019-09-04 20:14:45.400410,2-39-128-18,CA-308,2019-09-04 13:14:45-07:00,2019-09-04 14:02:23-07:00,2019-09-04 13:46:01-07:00,0.847,0.0,0.0,0.0,America/Los_Angeles
caltech,2_39_125_21_2019-09-04 20:53:37.745781,2-39-125-21,CA-311,2019-09-04 13:53:38-07:00,2019-09-04 18:43:47-07:00,2019-09-04 14:47:12-07:00,2.647,2.75,10.0,226.0,America/Los_Angeles
caltech,2_39_92_442_2019-09-04 20:59:49.661059,2-39-92-442,CA-498,2019-09-04 13:59:50-07:00,2019-09-04 17:52:47-07:00,2019-09-04 17:52:39-07:00,25.232,38.92,140.0,382.0,America/Los_Angeles
caltech,2_39_130_31_2019-09-04 23:26:56.676202,2-39-130-31,CA-306,2019-09-04 16:26:57-07:00,2019-09-04 17:01:53-07:00,2019-09-04 16:59:43-07:00,3.268,4.0,20.0,51.0,America/Los_Angeles
caltech,2_39_130_31_2019-09-05 00:12:27.698405,2-39-130-31,CA-306,2019-09-04 17:12:28-07:00,2019-09-04 21:37:09-07:00,2019-09-04 21:32:40-07:00,23.207,27.5,110.0,267.0,America/Los_Angeles
caltech,2_39_131_30_2019-09-05 01:30:05.889973,2-39-131-30,CA-305,2019-09-04 18:30:06-07:00,2019-09-04 19:24:25-07:00,2019-09-04 19:24:17-07:00,5.437,24.0,60.0,129.0,America/Los_Angeles
caltech,2_39_125_21_2019-09-05 02:49:27.588824,2-39-125-21,CA-311,2019-09-04 19:49:28-07:00,2019-09-04 22:33:28-07:00,2019-09-04 21:36:42-07:00,10.372,35.04,80.0,125.0,America/Los_Angeles
caltech,2_39_78_366_2019-09-05 14:44:14.494199,2-39-78-366,CA-323,2019-09-05 07:44:14-07:00,2019-09-05 17:09:38-07:00,2019-09-05 15:20:49-07:00,10.517,18.0,60.0,490.0,America/Los_Angeles
caltech,2_39_139_28_2019-09-05 15:17:27.380460,2-39-139-28,CA-303,2019-09-05 08:17:27-07:00,2019-09-05 09:53:56-07:00,2019-09-05 09:33:22-07:00,4.016,12.0,40.0,95.0,America/Los_Angeles
caltech,2_39_91_437_2019-09-05 15:19:05.662752,2-39-91-437,CA-317,2019-09-05 08:19:17-07:00,2019-09-05 15:03:09-07:00,2019-09-05 12:39:54-07:00,11.884,12.0,30.0,286.0,America/Los_Angeles
caltech,2_39_131_30_2019-09-05 15:32:02.173909,2-39-131-30,CA-305,2019-09-05 08:32:02-07:00,2019-09-05 17:05:27-07:00,2019-09-05 10:45:49-07:00,12.941,18.0,30.0,369.0,America/Los_Angeles
caltech,2_39_79_383_2019-09-05 15:40:35.669156,2-39-79-383,CA-492,2019-09-05 08:40:44-07:00,2019-09-05 17:05:13-07:00,2019-09-05 16:52:56-07:00,14.182,12.0,20.0,129.0,America/Los_Angeles
caltech,2_39_129_17_2019-09-05 15:45:50.466093,2-39-129-17,CA-307,2019-09-05 08:45:50-07:00,2019-09-05 18:31:34-07:00,2019-09-05 15:27:35-07:00,5.108,12.0,20.0,435.0,America/Los_Angeles
caltech,2_39_78_362_2019-09-05 15:46:03.988515,2-39-78-362,CA-496,2019-09-05 08:46:04-07:00,2019-09-05 16:34:48-07:00,2019-09-05 16:35:48-07:00,15.972,26.28,90.0,381.0,America/Los_Angeles
caltech,2_39_89_25_2019-09-05 15:46:30.076233,2-39-89-25,CA-315,2019-09-05 08:46:30-07:00,2019-09-05 16:45:18-07:00,2019-09-05 10:10:02-07:00,3.871,8.0,20.0,443.0,America/Los_Angeles
caltech,2_39_127_19_2019-09-05 15:51:16.739332,2-39-127-19,CA-309,2019-09-05 08:51:17-07:00,2019-09-05 12:12:39-07:00,2019-09-05 10:55:08-07:00,4.82,5.5,20.0,226.0,America/Los_Angeles
caltech,2_39_92_442_2019-09-05 15:59:24.699920,2-39-92-442,CA-498,2019-09-05 08:59:25-07:00,2019-09-05 16:32:16-07:00,2019-09-05 16:16:46-07:00,41.827,47.5,190.0,459.0,America/Los_Angeles
caltech,2_39_79_380_2019-09-05 16:02:33.115239,2-39-79-380,CA-489,2019-09-05 09:02:33-07:00,2019-09-05 18:44:00-07:00,2019-09-05 11:33:32-07:00,15.992,45.4,200.0,509.0,America/Los_Angeles
caltech,2_39_78_367_2019-09-05 16:03:30.349246,2-39-78-367,CA-494,2019-09-05 09:03:30-07:00,2019-09-05 13:34:02-07:00,2019-09-05 13:29:48-07:00,15.715,25.41,110.0,461.0,America/Los_Angeles
caltech,2_39_79_379_2019-09-05 16:03:52.658537,2-39-79-379,CA-327,2019-09-05 09:03:53-07:00,2019-09-05 17:11:56-07:00,2019-09-05 12:39:22-07:00,0.816,0.0,0.0,0.0,America/Los_Angeles
caltech,2_39_88_24_2019-09-05 16:06:45.608060,2-39-88-24,CA-314,2019-09-05 09:06:46-07:00,2019-09-05 14:51:46-07:00,2019-09-05 10:45:40-07:00,4.893,12.0,20.0,208.0,America/Los_Angeles
caltech,2_39_123_23_2019-09-05 16:12:59.826200,2-39-123-23,CA-313,2019-09-05 09:13:00-07:00,2019-09-05 19:16:59-07:00,2019-09-05 10:31:48-07:00,4.163,6.66,20.0,441.0,America/Los_Angeles
caltech,2_39_78_365_2019-09-05 16:18:12.424829,2-39-78-365,CA-321,2019-09-05 09:18:12-07:00,2019-09-05 18:38:01-07:00,2019-09-05 18:26:32-07:00,0.886,0.0,0.0,0.0,America/Los_Angeles
caltech,2_39_90_26_2019-09-05 16:29:18.054866,2-39-90-26,CA-316,2019-09-05 09:29:18-07:00,2019-09-05 16:14:28-07:00,2019-09-05 12:15:39-07:00,13.722,16.0,40.0,373.0,America/Los_Angeles
caltech,2_39_79_376_2019-09-05 16:32:09.233696,2-39-79-376,CA-324,2019-09-05 09:32:09-07:00,2019-09-05 17:48:09-07:00,2019-09-05 12:52:15-07:00,13.097,16.0,80.0,458.0,America/Los_Angeles
caltech,2_39_92_436_2019-09-05 16:35:22.180310,2-39-92-436,CA-318,2019-09-05 09:35:22-07:00,2019-09-05 19:56:47-07:00,2019-09-05 10:40:15-07:00,2.1906072222222224,6.0,10.0,150.0,America/Los_Angeles
caltech,2_39_95_27_2019-09-05 16:41:58.143829,2-39-95-27,CA-319,2019-09-05 09:41:58-07:00,2019-09-05 11:28:46-07:00,2019-09-05 11:28:41-07:00,10.267,15.0,50.0,110.0,America/Los_Angeles
caltech,2_39_78_363_2019-09-05 17:07:34.261661,2-39-78-363,CA-320,2019-09-05 10:07:34-07:00,2019-09-05 19:06:03-07:00,2019-09-05 14:12:13-07:00,12.812,20.0,100.0,570.0,America/Los_Angeles
caltech,2_39_91_441_2019-09-05 17:09:11.369028,2-39-91-441,CA-499,2019-09-05 10:09:11-07:00,2019-09-05 18:10:02-07:00,2019-09-05 13:08:17-07:00,10.148,14.07,30.0,425.0,America/Los_Angeles
caltech,2_39_78_360_2019-09-05 17:12:17.334673,2-39-78-360,CA-322,2019-09-05 10:12:17-07:00,2019-09-05 11:44:18-07:00,2019-09-05 11:34:42-07:00,2.224,10.0,20.0,304.0,America/Los_Angeles
caltech,2_39_78_364_2019-09-05 17:20:57.872654,2-39-78-364,CA-495,2019-09-05 10:20:58-07:00,2019-09-05 22:29:58-07:00,2019-09-05 15:01:41-07:00,15.073,19.95,57.0,403.0,America/Los_Angeles
caltech,2_39_95_444_2019-09-05 17:24:27.351109,2-39-95-444,CA-497,2019-09-05 10:24:27-07:00,2019-09-05 19:16:04-07:00,2019-09-05 13:15:44-07:00,12.374,14.0,70.0,120.0,America/Los_Angeles
caltech,2_39_90_440_2019-09-05 17:30:24.613562,2-39-90-440,CA-500,2019-09-05 10:30:25-07:00,2019-09-05 17:30:10-07:00,2019-09-05 17:30:06-07:00,46.15,80.0,200.0,288.0,America/Los_Angeles
caltech,2_39_88_438_2019-09-05 17:35:16.006605,2-39-88-438,CA-502,2019-09-05 10:35:16-07:00,2019-09-05 18:20:52-07:00,2019-09-05 12:43:04-07:00,6.265,21.42,60.0,191.0,America/Los_Angeles
caltech,2_39_78_360_2019-09-05 18:44:57.410168,2-39-78-360,CA-322,2019-09-05 11:44:57-07:00,2019-09-05 17:55:19-07:00,2019-09-05 11:43:57-07:00,1.0672296893661173,0.0,0.0,0.0,America/Los_Angeles
caltech,2_39_124_22_2019-09-05 19:52:34.848675,2-39-124-22,CA-312,2019-09-05 12:52:35-07:00,2019-09-05 18:48:11-07:00,2019-09-05 13:23:39-07:00,1.155,5.5,20.0,226.0,America/Los_Angeles
caltech,2_39_95_27_2019-09-05 19:58:24.950133,2-39-95-27,CA-319,2019-09-05 12:58:25-07:00,2019-09-05 18:43:57-07:00,2019-09-05 14:57:37-07:00,6.568,9.0,20.0,30.0,America/Los_Angeles
caltech,2_39_79_378_2019-09-05 20:14:48.747804,2-39-79-378,CA-326,2019-09-05 13:14:49-07:00,2019-09-05 16:54:58-07:00,2019-09-05 14:02:05-07:00,2.785,6.0,20.0,168.0,America/Los_Angeles
caltech,2_39_78_361_2019-09-05 20:49:20.778134,2-39-78-361,CA-493,2019-09-05 13:49:21-07:00,2019-09-05 18:31:40-07:00,2019-09-05 18:31:01-07:00,8.393,8.5,20.0,133.0,America/Los_Angeles
caltech,2_39_127_561_2019-09-05 22:40:15.363182,2-39-127-561,CA-507,2019-09-05 15:40:15-07:00,2019-09-05 18:18:40-07:00,2019-09-05 18:12:46-07:00,3.439,8.0,20.0,118.0,America/Los_Angeles
caltech,2_39_91_437_2019-09-05 22:50:14.166076,2-39-91-437,CA-317,2019-09-05 15:50:14-07:00,2019-09-06 01:55:03-07:00,2019-09-05 16:49:05-07:00,1.9715086111111113,16.0,40.0,291.0,America/Los_Angeles
caltech,2_39_88_24_2019-09-05 22:57:07.277622,2-39-88-24,CA-314,2019-09-05 15:57:07-07:00,2019-09-05 20:07:49-07:00,2019-09-05 17:32:48-07:00,4.399,12.0,20.0,108.0,America/Los_Angeles
caltech,2_39_90_26_2019-09-05 23:22:11.413595,2-39-90-26,CA-316,2019-09-05 16:22:11-07:00,2019-09-05 17:03:13-07:00,2019-09-05 17:03:04-07:00,2.216,12.0,20.0,208.0,America/Los_Angeles
caltech,2_39_79_377_2019-09-06 02:15:50.724712,2-39-79-377,CA-325,2019-09-05 19:15:51-07:00,2019-09-05 19:45:48-07:00,2019-09-05 19:45:43-07:00,1.268,21.84,60.0,150.0,America/Los_Angeles
caltech,2_39_139_28_2019-09-06 02:22:50.796284,2-39-139-28,CA-303,2019-09-05 19:22:51-07:00,2019-09-05 20:21:10-07:00,2019-09-05 20:21:05-07:00,5.824,24.0,60.0,129.0,America/Los_Angeles
caltech,2_39_127_19_2019-09-06 02:53:15.170489,2-39-127-19,CA-309,2019-09-05 19:53:15-07:00,2019-09-05 22:32:12-07:00,2019-09-05 22:05:59-07:00,13.205,35.04,80.0,125.0,America/Los_Angeles
caltech,2_39_79_379_2019-09-06 13:50:28.641422,2-39-79-379,CA-327,2019-09-06 06:50:29-07:00,2019-09-06 19:31:53-07:00,2019-09-06 17:04:25-07:00,16.585,21.84,60.0,720.0,America/Los_Angeles
caltech,2_39_78_366_2019-09-06 14:41:23.924913,2-39-78-366,CA-323,2019-09-06 07:41:24-07:00,2019-09-06 16:09:04-07:00,2019-09-06 15:25:06-07:00,0.862,0.0,0.0,0.0,America/Los_Angeles
caltech,2_39_79_383_2019-09-06 14:52:55.249010,2-39-79-383,CA-492,2019-09-06 07:52:55-07:00,2019-09-06 18:03:52-07:00,2019-09-06 10:49:16-07:00,6.455,10.5,20.0,236.0,America/Los_Angeles
caltech,2_39_91_437_2019-09-06 15:15:57.374939,2-39-91-437,CA-317,2019-09-06 08:16:11-07:00,2019-09-06 11:36:42-07:00,2019-09-06 09:29:56-07:00,7.492,12.0,30.0,286.0,America/Los_Angeles
caltech,2_39_79_382_2019-09-06 15:17:42.839693,2-39-79-382,CA-491,2019-09-06 08:17:43-07:00,2019-09-06 19:23:53-07:00,2019-09-06 18:33:30-07:00,15.185,16.0,40.0,252.0,America/Los_Angeles
caltech,2_39_79_377_2019-09-06 15:36:15.191478,2-39-79-377,CA-325,2019-09-06 08:36:15-07:00,2019-09-06 13:22:37-07:00,2019-09-06 11:20:22-07:00,1.056,0.0,0.0,0.0,America/Los_Angeles
caltech,2_39_79_381_2019-09-06 15:38:30.163781,2-39-79-381,CA-490,2019-09-06 08:38:30-07:00,2019-09-06 16:51:44-07:00,2019-09-06 12:05:38-07:00,8.393,26.28,90.0,381.0,America/Los_Angeles
caltech,2_39_129_17_2019-09-06 15:40:23.849730,2-39-129-17,CA-307,2019-09-06 08:40:24-07:00,2019-09-06 11:24:44-07:00,2019-09-06 10:10:27-07:00,4.328,5.5,20.0,226.0,America/Los_Angeles
caltech,2_39_124_558_2019-09-06 15:49:21.249964,2-39-124-558,CA-504,2019-09-06 08:49:21-07:00,2019-09-06 18:07:50-07:00,2019-09-06 15:39:36-07:00,4.375,5.0,20.0,404.0,America/Los_Angeles
caltech,2_39_95_27_2019-09-06 15:53:08.295671,2-39-95-27,CA-319,2019-09-06 08:53:08-07:00,2019-09-06 10:18:49-07:00,2019-09-06 10:18:45-07:00,8.585,9.0,30.0,77.0,America/Los_Angeles
caltech,2_39_79_376_2019-09-06 15:54:26.248211,2-39-79-376,CA-324,2019-09-06 08:54:26-07:00,2019-09-06 10:41:22-07:00,2019-09-06 10:41:17-07:00,4.816,8.0,20.0,97.0,America/Los_Angeles
caltech,2_39_78_360_2019-09-06 16:08:04.615267,2-39-78-360,CA-322,2019-09-06 09:08:05-07:00,2019-09-06 16:25:19-07:00,2019-09-06 12:40:41-07:00,8.184,11.12,40.0,234.0,America/Los_Angeles
caltech,2_39_89_25_2019-09-06 16:15:27.711098,2-39-89-25,CA-315,2019-09-06 09:15:28-07:00,2019-09-06 12:49:46-07:00,2019-09-06 10:48:31-07:00,9.598,20.0,50.0,308.0,America/Los_Angeles
caltech,2_39_78_362_2019-09-06 16:17:41.969890,2-39-78-362,CA-496,2019-09-06 09:17:42-07:00,2019-09-06 15:09:00-07:00,2019-09-06 15:09:59-07:00,11.558,15.0,40.0,298.0,America/Los_Angeles
caltech,2_39_79_380_2019-09-06 16:20:00.945036,2-39-79-380,CA-489,2019-09-06 09:20:01-07:00,2019-09-06 20:27:22-07:00,2019-09-06 11:54:09-07:00,15.069,45.4,200.0,509.0,America/Los_Angeles
caltech,2_39_90_26_2019-09-06 16:23:55.298767,2-39-90-26,CA-316,2019-09-06 09:23:55-07:00,2019-09-06 19:54:26-07:00,2019-09-06 10:29:47-07:00,2.127,6.0,10.0,156.0,America/Los_Angeles
caltech,2_39_123_23_2019-09-06 16:28:10.618318,2-39-123-23,CA-313,2019-09-06 09:28:11-07:00,2019-09-06 16:10:28-07:00,2019-09-06 11:35:00-07:00,12.968,16.0,40.0,373.0,America/Los_Angeles
caltech,2_39_78_363_2019-09-06 16:28:46.270638,2-39-78-363,CA-320,2019-09-06 09:28:46-07:00,2019-09-06 11:01:26-07:00,2019-09-06 11:01:22-07:00,5.188,12.0,20.0,208.0,America/Los_Angeles
caltech,2_39_78_365_2019-09-06 16:28:50.362110,2-39-78-365,CA-321,2019-09-06 09:28:50-07:00,2019-09-06 17:55:54-07:00,2019-09-06 15:27:22-07:00,11.234,21.42,60.0,191.0,America/Los_Angeles
caltech,2_39_90_440_2019-09-06 16:31:57.948056,2-39-90-440,CA-500,2019-09-06 09:31:58-07:00,2019-09-06 17:10:56-07:00,2019-09-06 10:54:15-07:00,3.951,8.0,20.0,436.0,America/Los_Angeles
caltech,2_39_78_367_2019-09-06 16:42:59.615831,2-39-78-367,CA-494,2019-09-06 09:43:00-07:00,2019-09-06 18:46:32-07:00,2019-09-06 12:30:06-07:00,5.035,6.66,20.0,441.0,America/Los_Angeles
caltech,2_39_92_442_2019-09-06 17:05:00.912684,2-39-92-442,CA-498,2019-09-06 10:05:01-07:00,2019-09-06 11:33:25-07:00,2019-09-06 11:33:20-07:00,9.219,14.07,30.0,110.0,America/Los_Angeles
caltech,2_39_95_27_2019-09-06 17:27:25.592389,2-39-95-27,CA-319,2019-09-06 10:27:26-07:00,2019-09-06 18:28:55-07:00,2019-09-06 12:23:48-07:00,5.772,8.0,20.0,60.0,America/Los_Angeles
caltech,2_39_88_24_2019-09-06 17:34:46.370909,2-39-88-24,CA-314,2019-09-06 10:34:46-07:00,2019-09-06 11:42:49-07:00,2019-09-06 11:05:34-07:00,0.865,0.0,0.0,0.0,America/Los_Angeles
caltech,2_39_88_438_2019-09-06 17:42:53.245035,2-39-88-438,CA-502,2019-09-06 10:42:53-07:00,2019-09-06 13:14:44-07:00,2019-09-06 12:19:26-07:00,4.718,10.0,20.0,385.0,America/Los_Angeles
caltech,2_39_92_436_2019-09-06 17:56:18.705565,2-39-92-436,CA-318,2019-09-06 10:56:19-07:00,2019-09-06 17:40:34-07:00,2019-09-06 11:47:21-07:00,2.224,10.0,20.0,304.0,America/Los_Angeles
caltech,2_39_79_376_2019-09-06 18:05:31.783008,2-39-79-376,CA-324,2019-09-06 11:05:32-07:00,2019-09-06 17:28:06-07:00,2019-09-06 11:36:15-07:00,0.851,0.0,0.0,0.0,America/Los_Angeles
caltech,2_39_92_442_2019-09-06 18:55:48.867200,2-39-92-442,CA-498,2019-09-06 11:55:49-07:00,2019-09-06 17:06:09-07:00,2019-09-06 15:17:07-07:00,17.816,18.0,60.0,309.0,America/Los_Angeles
caltech,2_39_129_17_2019-09-06 19:33:24.436096,2-39-129-17,CA-307,2019-09-06 12:33:45-07:00,2019-09-06 18:36:30-07:00,2019-09-06 13:16:58-07:00,1.795,2.75,10.0,226.0,America/Los_Angeles
caltech,2_39_95_444_2019-09-06 19:40:05.616437,2-39-95-444,CA-497,2019-09-06 12:40:06-07:00,2019-09-06 20:46:50-07:00,2019-09-06 14:41:27-07:00,6.216,8.0,20.0,72.0,America/Los_Angeles
caltech,2_39_91_437_2019-09-06 19:48:44.953463,2-39-91-437,CA-317,2019-09-06 12:48:45-07:00,2019-09-06 20:46:22-07:00,2019-09-06 15:44:38-07:00,9.468,20.0,50.0,226.0,America/Los_Angeles
caltech,2_39_88_24_2019-09-06 19:48:49.720067,2-39-88-24,CA-314,2019-09-06 12:48:50-07:00,2019-09-06 20:13:12-07:00,2019-09-06 13:45:38-07:00,2.882,8.0,20.0,258.0,America/Los_Angeles
caltech,2_39_89_25_2019-09-06 20:16:41.839933,2-39-89-25,CA-315,2019-09-06 13:16:42-07:00,2019-09-06 15:56:49-07:00,2019-09-06 14:51:32-07:00,4.716,12.0,20.0,208.0,America/Los_Angeles
caltech,2_39_78_363_2019-09-06 20:18:59.951924,2-39-78-363,CA-320,2019-09-06 13:19:00-07:00,2019-09-06 14:27:41-07:00,2019-09-06 14:27:36-07:00,7.463,10.0,40.0,164.0,America/Los_Angeles
caltech,2_39_78_364_2019-09-06 20:20:39.667590,2-39-78-364,CA-495,2019-09-06 13:20:40-07:00,2019-09-06 14:19:52-07:00,2019-09-06 13:51:15-07:00,0.838,0.0,0.0,0.0,America/Los_Angeles
caltech,2_39_124_22_2019-09-06 20:38:37.419842,2-39-124-22,CA-312,2019-09-06 13:38:37-07:00,2019-09-06 16:12:15-07:00,2019-09-06 15:24:30-07:00,10.918,11.04,40.0,452.0,America/Los_Angeles
caltech,2_39_79_377_2019-09-06 21:30:07.667053,2-39-79-377,CA-325,2019-09-06 14:30:08-07:00,2019-09-06 23:56:12-07:00,2019-09-06 15:29:10-07:00,1.921,16.0,40.0,291.0,America/Los_Angeles
caltech,2_39_124_22_2019-09-06 23:46:27.806954,2-39-124-22,CA-312,2019-09-06 16:46:28-07:00,2019-09-06 17:58:39-07:00,2019-09-06 17:58:34-07:00,3.823,12.0,20.0,108.0,America/Los_Angeles
caltech,2_39_130_31_2019-09-07 00:23:43.059667,2-39-130-31,CA-306,2019-09-06 17:23:43-07:00,2019-09-07 08:33:11-07:00,2019-09-07 07:38:20-07:00,13.749,8.66,20.0,302.0,America/Los_Angeles
caltech,2_39_128_18_2019-09-07 00:31:38.826098,2-39-128-18,CA-308,2019-09-06 17:31:39-07:00,2019-09-06 18:31:49-07:00,2019-09-06 18:09:12-07:00,1.408,3.33,10.0,205.0,America/Los_Angeles
caltech,2_39_126_20_2019-09-07 01:01:20.678345,2-39-126-20,CA-310,2019-09-06 18:01:21-07:00,2019-09-06 21:59:50-07:00,2019-09-06 21:59:45-07:00,22.757,25.0,100.0,162.0,America/Los_Angeles
caltech,2_39_139_28_2019-09-07 02:27:14.203258,2-39-139-28,CA-303,2019-09-06 19:27:14-07:00,2019-09-06 20:18:08-07:00,2019-09-06 20:18:00-07:00,4.947,24.0,60.0,129.0,America/Los_Angeles
caltech,2_39_138_29_2019-09-07 02:30:10.100912,2-39-138-29,CA-304,2019-09-06 19:30:10-07:00,2019-09-06 20:52:36-07:00,2019-09-06 20:00:46-07:00,0.862,0.0,0.0,0.0,America/Los_Angeles
caltech,2_39_79_383_2019-09-07 02:40:44.177896,2-39-79-383,CA-492,2019-09-06 19:40:44-07:00,2019-09-06 20:51:52-07:00,2019-09-06 20:24:44-07:00,0.978,0.0,0.0,0.0,America/Los_Angeles
caltech,2_39_138_29_2019-09-07 05:52:07.947436,2-39-138-29,CA-304,2019-09-06 22:52:08-07:00,2019-09-07 08:33:59-07:00,2019-09-07 05:50:58-07:00,42.265,119.6,230.0,596.0,America/Los_Angeles
caltech,2_39_89_25_2019-09-07 15:25:44.743189,2-39-89-25,CA-315,2019-09-07 08:25:45-07:00,2019-09-07 09:39:26-07:00,2019-09-07 09:39:23-07:00,3.63,8.0,20.0,51.0,America/Los_Angeles
caltech,2_39_139_28_2019-09-07 15:32:33.081633,2-39-139-28,CA-303,2019-09-07 08:32:33-07:00,2019-09-07 12:48:50-07:00,2019-09-07 11:35:39-07:00,19.876,20.0,80.0,244.0,America/Los_Angeles
caltech,2_39_131_30_2019-09-07 16:43:18.744673,2-39-131-30,CA-305,2019-09-07 09:43:19-07:00,2019-09-07 14:00:54-07:00,2019-09-07 10:13:59-07:00,0.906,0.0,0.0,0.0,America/Los_Angeles
caltech,2_39_127_19_2019-09-07 17:24:11.060793,2-39-127-19,CA-309,2019-09-07 10:24:11-07:00,2019-09-07 12:01:12-07:00,2019-09-07 10:59:07-07:00,3.135,28.0,70.0,220.0,America/Los_Angeles
caltech,2_39_91_437_2019-09-07 20:21:26.064637,2-39-91-437,CA-317,2019-09-07 13:21:40-07:00,2019-09-07 14:30:53-07:00,2019-09-07 14:30:49-07:00,7.51,8.0,20.0,93.0,America/Los_Angeles
caltech,2_39_139_28_2019-09-07 20:39:40.225190,2-39-139-28,CA-303,2019-09-07 13:39:40-07:00,2019-09-07 18:59:11-07:00,2019-09-07 16:31:12-07:00,9.418,24.0,40.0,251.0,America/Los_Angeles
caltech,2_39_129_17_2019-09-07 21:00:31.482000,2-39-129-17,CA-307,2019-09-07 14:00:31-07:00,2019-09-07 18:00:27-07:00,2019-09-07 16:38:40-07:00,8.825,78.0,130.0,425.0,America/Los_Angeles
caltech,2_39_78_366_2019-09-07 21:40:15.907189,2-39-78-366,CA-323,2019-09-07 14:40:16-07:00,2019-09-08 00:19:01-07:00,2019-09-07 15:40:58-07:00,2.144,16.0,40.0,291.0,America/Los_Angeles
caltech,2_39_123_23_2019-09-07 22:54:46.612696,2-39-123-23,CA-313,2019-09-07 15:54:47-07:00,2019-09-07 17:59:22-07:00,2019-09-07 17:30:31-07:00,4.389,12.0,20.0,108.0,America/Los_Angeles
caltech,2_39_138_29_2019-09-07 23:38:21.837091,2-39-138-29,CA-304,2019-09-07 16:38:22-07:00,2019-09-07 17:27:14-07:00,2019-09-07 17:27:09-07:00,2.677,16.0,40.0,74.0,America/Los_Angeles
caltech,2_39_131_30_2019-09-07 23:49:45.775589,2-39-131-30,CA-305,2019-09-07 16:49:46-07:00,2019-09-07 17:46:58-07:00,2019-09-07 17:46:54-07:00,3.107,15.2,38.0,83.0,America/Los_Angeles
caltech,2_39_131_30_2019-09-08 01:01:17.533126,2-39-131-30,CA-305,2019-09-07 18:01:18-07:00,2019-09-08 00:41:12-07:00,2019-09-07 18:51:15-07:00,2.387,21.65,50.0,298.0,America/Los_Angeles
caltech,2_39_124_22_2019-09-08 03:44:48.971863,2-39-124-22,CA-312,2019-09-07 20:44:49-07:00,2019-09-07 22:35:05-07:00,2019-09-07 21:43:31-07:00,5.435,35.04,80.0,110.0,America/Los_Angeles
caltech,2_39_131_30_2019-09-08 16:50:24.674844,2-39-131-30,CA-305,2019-09-08 09:50:25-07:00,2019-09-08 11:28:44-07:00,2019-09-08 10:32:18-07:00,1.838,10.0,20.0,304.0,America/Los_Angeles
caltech,2_39_79_377_2019-09-08 17:37:34.516556,2-39-79-377,CA-325,2019-09-08 10:37:35-07:00,2019-09-08 14:56:09-07:00,2019-09-08 14:56:04-07:00,23.845,22.5,90.0,290.0,America/Los_Angeles
caltech,2_39_139_28_2019-09-08 18:36:31.553124,2-39-139-28,CA-303,2019-09-08 11:36:32-07:00,2019-09-08 12:31:29-07:00,2019-09-08 12:31:25-07:00,2.976,15.2,38.0,52.0,America/Los_Angeles
caltech,2_39_78_365_2019-09-08 19:38:36.907960,2-39-78-365,CA-321,2019-09-08 12:38:37-07:00,2019-09-08 21:33:43-07:00,2019-09-08 13:40:42-07:00,2.165,16.0,40.0,291.0,America/Los_Angeles
caltech,2_39_139_28_2019-09-08 21:23:35.761465,2-39-139-28,CA-303,2019-09-08 14:23:36-07:00,2019-09-08 15:38:05-07:00,2019-09-08 14:54:11-07:00,0.866,0.0,0.0,0.0,America/Los_Angeles
caltech,2_39_131_30_2019-09-08 22:01:04.248315,2-39-131-30,CA-305,2019-09-08 15:01:04-07:00,2019-09-08 16:19:30-07:00,2019-09-08 16:19:25-07:00,4.179,8.0,20.0,71.0,America/Los_Angeles
caltech,2_39_79_379_2019-09-08 23:11:44.297514,2-39-79-379,CA-327,2019-09-08 16:11:44-07:00,2019-09-09 01:03:44-07:00,2019-09-08 21:01:10-07:00,23.097,30.0,100.0,720.0,America/Los_Angeles
caltech,2_39_79_381_2019-09-08 23:56:19.005543,2-39-79-381,CA-490,2019-09-08 16:56:33-07:00,2019-09-08 20:58:47-07:00,2019-09-08 20:58:38-07:00,26.677,60.0,250.0,546.0,America/Los_Angeles
caltech,2_39_130_31_2019-09-09 00:24:12.469940,2-39-130-31,CA-306,2019-09-08 17:24:12-07:00,2019-09-08 17:49:53-07:00,2019-09-08 17:49:49-07:00,0.748,0.0,0.0,0.0,America/Los_Angeles
caltech,2_39_139_28_2019-09-09 01:36:19.532067,2-39-139-28,CA-303,2019-09-08 18:36:20-07:00,2019-09-08 20:48:16-07:00,2019-09-08 20:48:12-07:00,7.646,17.85,50.0,52.0,America/Los_Angeles
caltech,2_39_124_22_2019-09-09 02:44:11.978615,2-39-124-22,CA-312,2019-09-08 19:44:12-07:00,2019-09-08 22:26:45-07:00,2019-09-08 22:07:10-07:00,14.393,35.04,80.0,148.0,America/Los_Angeles
caltech,2_39_79_379_2019-09-09 13:36:50.943581,2-39-79-379,CA-327,2019-09-09 06:36:51-07:00,2019-09-09 22:10:20-07:00,2019-09-09 21:20:44-07:00,16.451,21.84,60.0,720.0,America/Los_Angeles
caltech,2_39_79_383_2019-09-09 15:05:51.236950,2-39-79-383,CA-492,2019-09-09 08:05:51-07:00,2019-09-09 18:08:43-07:00,2019-09-09 10:47:17-07:00,6.402,10.5,20.0,236.0,America/Los_Angeles
caltech,2_39_78_366_2019-09-09 15:09:36.219307,2-39-78-366,CA-323,2019-09-09 08:09:36-07:00,2019-09-09 16:41:10-07:00,2019-09-09 16:25:02-07:00,38.03,39.0,130.0,490.0,America/Los_Angeles
caltech,2_39_92_442_2019-09-09 15:12:10.439415,2-39-92-442,CA-498,2019-09-09 08:12:10-07:00,2019-09-09 09:51:33-07:00,2019-09-09 09:51:28-07:00,10.973,32.5,130.0,331.0,America/Los_Angeles
caltech,2_39_91_437_2019-09-09 15:14:43.062188,2-39-91-437,CA-317,2019-09-09 08:14:57-07:00,2019-09-09 15:13:44-07:00,2019-09-09 08:44:10-07:00,2.81,8.0,20.0,394.0,America/Los_Angeles
caltech,2_39_139_28_2019-09-09 15:43:38.360260,2-39-139-28,CA-303,2019-09-09 08:43:38-07:00,2019-09-09 19:45:44-07:00,2019-09-09 10:27:28-07:00,5.522,18.0,30.0,441.0,America/Los_Angeles
caltech,2_39_79_377_2019-09-09 15:43:43.953657,2-39-79-377,CA-325,2019-09-09 08:43:44-07:00,2019-09-09 15:32:11-07:00,2019-09-09 10:20:16-07:00,3.179,5.0,20.0,418.0,America/Los_Angeles
caltech,2_39_131_30_2019-09-09 15:46:54.601669,2-39-131-30,CA-305,2019-09-09 08:46:55-07:00,2019-09-09 18:08:00-07:00,2019-09-09 10:17:56-07:00,4.831,5.5,20.0,226.0,America/Los_Angeles
caltech,2_39_92_436_2019-09-09 15:53:45.888809,2-39-92-436,CA-318,2019-09-09 08:53:46-07:00,2019-09-09 17:57:00-07:00,2019-09-09 14:09:12-07:00,31.396,31.5,60.0,389.0,America/Los_Angeles
caltech,2_39_129_17_2019-09-09 15:54:48.150314,2-39-129-17,CA-307,2019-09-09 08:54:48-07:00,2019-09-09 16:01:19-07:00,2019-09-09 09:25:51-07:00,0.915,0.0,0.0,0.0,America/Los_Angeles
caltech,2_39_79_382_2019-09-09 16:00:14.831513,2-39-79-382,CA-491,2019-09-09 09:00:15-07:00,2019-09-09 21:26:09-07:00,2019-09-09 11:58:41-07:00,9.348,16.0,40.0,252.0,America/Los_Angeles
caltech,2_39_78_362_2019-09-09 16:02:42.350778,2-39-78-362,CA-496,2019-09-09 09:02:42-07:00,2019-09-09 16:36:13-07:00,2019-09-09 16:37:13-07:00,46.081,46.2,200.0,461.0,America/Los_Angeles
caltech,2_39_79_378_2019-09-09 16:08:24.901557,2-39-79-378,CA-326,2019-09-09 09:08:25-07:00,2019-09-09 18:37:00-07:00,2019-09-09 12:12:02-07:00,5.215,8.0,20.0,258.0,America/Los_Angeles
caltech,2_39_127_19_2019-09-09 16:17:01.318563,2-39-127-19,CA-309,2019-09-09 09:17:01-07:00,2019-09-09 19:09:27-07:00,2019-09-09 10:44:42-07:00,4.408,6.66,20.0,441.0,America/Los_Angeles
caltech,2_39_79_380_2019-09-09 16:28:08.628705,2-39-79-380,CA-489,2019-09-09 09:28:09-07:00,2019-09-09 11:23:32-07:00,2019-09-09 11:23:16-07:00,10.803,32.0,80.0,439.0,America/Los_Angeles
caltech,2_39_123_23_2019-09-09 16:31:21.257039,2-39-123-23,CA-313,2019-09-09 09:31:21-07:00,2019-09-09 16:07:20-07:00,2019-09-09 10:27:34-07:00,5.576,16.0,40.0,373.0,America/Los_Angeles
caltech,2_39_89_25_2019-09-09 16:37:50.776312,2-39-89-25,CA-315,2019-09-09 09:37:51-07:00,2019-09-09 20:28:23-07:00,2019-09-09 10:33:24-07:00,1.737,6.0,10.0,145.0,America/Los_Angeles
caltech,2_39_91_441_2019-09-09 16:41:52.175487,2-39-91-441,CA-499,2019-09-09 09:41:52-07:00,2019-09-09 16:26:48-07:00,2019-09-09 12:31:31-07:00,16.778,45.4,200.0,509.0,America/Los_Angeles
caltech,2_39_95_27_2019-09-09 16:52:18.789454,2-39-95-27,CA-319,2019-09-09 09:52:19-07:00,2019-09-09 19:23:51-07:00,2019-09-09 10:43:00-07:00,2.538,21.42,60.0,191.0,America/Los_Angeles
caltech,2_39_90_26_2019-09-09 17:02:41.825333,2-39-90-26,CA-316,2019-09-09 10:02:42-07:00,2019-09-09 17:56:30-07:00,2019-09-09 12:43:04-07:00,15.884,16.0,80.0,120.0,America/Los_Angeles
caltech,2_39_92_442_2019-09-09 17:06:23.197760,2-39-92-442,CA-498,2019-09-09 10:06:23-07:00,2019-09-09 17:04:30-07:00,2019-09-09 12:35:04-07:00,15.895,26.28,90.0,381.0,America/Los_Angeles
caltech,2_39_78_363_2019-09-09 17:11:46.671905,2-39-78-363,CA-320,2019-09-09 10:11:47-07:00,2019-09-09 18:07:36-07:00,2019-09-09 18:00:12-07:00,11.905,14.07,30.0,425.0,America/Los_Angeles
caltech,2_39_88_438_2019-09-09 17:39:36.569493,2-39-88-438,CA-502,2019-09-09 10:39:37-07:00,2019-09-09 16:20:01-07:00,2019-09-09 16:19:53-07:00,38.051,80.0,200.0,288.0,America/Los_Angeles
caltech,2_39_89_439_2019-09-09 17:46:03.922431,2-39-89-439,CA-501,2019-09-09 10:46:04-07:00,2019-09-09 18:41:20-07:00,2019-09-09 14:07:57-07:00,20.42,30.0,100.0,720.0,America/Los_Angeles
caltech,2_39_95_444_2019-09-09 17:56:24.682269,2-39-95-444,CA-497,2019-09-09 10:56:25-07:00,2019-09-09 16:48:27-07:00,2019-09-09 13:19:58-07:00,8.391,8.5,20.0,139.0,America/Los_Angeles
caltech,2_39_79_376_2019-09-09 18:10:30.086575,2-39-79-376,CA-324,2019-09-09 11:10:30-07:00,2019-09-09 14:51:27-07:00,2019-09-09 14:51:10-07:00,23.711,33.36,120.0,229.0,America/Los_Angeles
caltech,2_39_78_365_2019-09-09 18:49:45.600818,2-39-78-365,CA-321,2019-09-09 11:49:46-07:00,2019-09-09 19:29:52-07:00,2019-09-09 13:53:28-07:00,6.74,9.0,20.0,30.0,America/Los_Angeles
caltech,2_39_124_22_2019-09-09 19:24:09.635021,2-39-124-22,CA-312,2019-09-09 12:24:10-07:00,2019-09-09 18:12:54-07:00,2019-09-09 13:58:51-07:00,4.826,10.0,20.0,304.0,America/Los_Angeles
caltech,2_39_79_380_2019-09-09 20:28:19.622985,2-39-79-380,CA-489,2019-09-09 13:28:20-07:00,2019-09-09 18:10:37-07:00,2019-09-09 15:54:55-07:00,15.869,24.0,60.0,255.0,America/Los_Angeles
caltech,2_39_88_24_2019-09-09 20:29:36.853433,2-39-88-24,CA-314,2019-09-09 13:29:37-07:00,2019-09-09 13:57:20-07:00,2019-09-09 13:58:18-07:00,0.816,0.0,0.0,0.0,America/Los_Angeles
caltech,2_39_88_24_2019-09-09 20:57:31.689454,2-39-88-24,CA-314,2019-09-09 13:57:32-07:00,2019-09-09 14:21:46-07:00,2019-09-09 14:21:37-07:00,0.717,0.0,0.0,0.0,America/Los_Angeles
caltech,2_39_88_24_2019-09-09 21:51:55.102904,2-39-88-24,CA-314,2019-09-09 14:51:55-07:00,2019-09-09 16:10:59-07:00,2019-09-09 16:10:55-07:00,4.157,8.0,20.0,71.0,America/Los_Angeles
caltech,2_39_91_437_2019-09-09 22:34:08.341818,2-39-91-437,CA-317,2019-09-09 15:34:08-07:00,2019-09-09 17:56:32-07:00,2019-09-09 17:38:49-07:00,6.247,12.0,20.0,208.0,America/Los_Angeles
caltech,2_39_129_17_2019-09-09 23:19:07.035829,2-39-129-17,CA-307,2019-09-09 16:19:07-07:00,2019-09-09 20:44:00-07:00,2019-09-09 20:43:55-07:00,15.741,30.31,70.0,298.0,America/Los_Angeles
caltech,2_39_123_23_2019-09-09 23:30:11.267752,2-39-123-23,CA-313,2019-09-09 16:30:11-07:00,2019-09-09 17:11:26-07:00,2019-09-09 17:11:18-07:00,4.508,16.68,60.0,83.0,America/Los_Angeles
caltech,2_39_79_377_2019-09-10 00:27:34.369337,2-39-79-377,CA-325,2019-09-09 17:27:34-07:00,2019-09-09 18:59:27-07:00,2019-09-09 18:59:23-07:00,8.828,40.0,100.0,136.0,America/Los_Angeles
caltech,2_39_123_23_2019-09-10 00:41:58.513286,2-39-123-23,CA-313,2019-09-09 17:41:59-07:00,2019-09-10 08:30:37-07:00,2019-09-10 01:16:04-07:00,47.933,119.6,230.0,527.0,America/Los_Angeles
caltech,2_39_88_24_2019-09-10 00:53:25.259314,2-39-88-24,CA-314,2019-09-09 17:53:31-07:00,2019-09-09 18:46:03-07:00,2019-09-09 18:45:59-07:00,2.877,16.0,40.0,74.0,America/Los_Angeles
caltech,2_39_78_366_2019-09-10 00:54:27.437753,2-39-78-366,CA-323,2019-09-09 17:54:27-07:00,2019-09-09 21:04:06-07:00,2019-09-09 18:42:13-07:00,1.63,16.0,40.0,291.0,America/Los_Angeles
caltech,2_39_90_26_2019-09-10 00:58:36.353057,2-39-90-26,CA-316,2019-09-09 17:58:36-07:00,2019-09-09 19:13:36-07:00,2019-09-09 18:18:45-07:00,1.602,16.0,80.0,120.0,America/Los_Angeles
caltech,2_39_138_29_2019-09-10 01:45:47.885689,2-39-138-29,CA-304,2019-09-09 18:45:48-07:00,2019-09-09 20:47:54-07:00,2019-09-09 19:16:00-07:00,0.838,0.0,0.0,0.0,America/Los_Angeles
caltech,2_39_131_30_2019-09-10 02:31:05.032422,2-39-131-30,CA-305,2019-09-09 19:31:05-07:00,2019-09-09 20:26:47-07:00,2019-09-09 20:26:38-07:00,5.672,8.0,20.0,129.0,America/Los_Angeles
caltech,2_39_125_21_2019-09-10 03:44:47.797595,2-39-125-21,CA-311,2019-09-09 20:44:48-07:00,2019-09-09 22:35:08-07:00,2019-09-09 22:28:42-07:00,9.984,35.04,80.0,94.0,America/Los_Angeles
caltech,2_39_79_383_2019-09-10 14:40:22.154065,2-39-79-383,CA-492,2019-09-10 07:40:22-07:00,2019-09-10 17:31:20-07:00,2019-09-10 08:10:42-07:00,0.878,0.0,0.0,0.0,America/Los_Angeles
caltech,2_39_91_437_2019-09-10 15:21:58.906272,2-39-91-437,CA-317,2019-09-10 08:21:59-07:00,2019-09-10 16:44:49-07:00,2019-09-10 09:06:22-07:00,4.382,8.0,20.0,394.0,America/Los_Angeles
caltech,2_39_131_30_2019-09-10 15:23:20.231668,2-39-131-30,CA-305,2019-09-10 08:23:20-07:00,2019-09-10 17:08:26-07:00,2019-09-10 10:35:01-07:00,12.921,18.0,30.0,369.0,America/Los_Angeles
caltech,2_39_79_377_2019-09-10 15:28:08.395423,2-39-79-377,CA-325,2019-09-10 08:28:08-07:00,2019-09-10 16:46:46-07:00,2019-09-10 08:52:54-07:00,0.691,0.0,0.0,0.0,America/Los_Angeles
caltech,2_39_139_28_2019-09-10 15:37:31.632820,2-39-139-28,CA-303,2019-09-10 08:37:32-07:00,2019-09-10 12:24:15-07:00,2019-09-10 10:02:07-07:00,4.54,5.5,20.0,226.0,America/Los_Angeles
caltech,2_39_78_367_2019-09-10 15:43:12.604644,2-39-78-367,CA-494,2019-09-10 08:43:13-07:00,2019-09-10 10:04:39-07:00,2019-09-10 10:04:35-07:00,8.794,20.44,70.0,423.0,America/Los_Angeles
caltech,2_39_92_442_2019-09-10 15:48:25.664318,2-39-92-442,CA-498,2019-09-10 08:48:26-07:00,2019-09-10 17:16:23-07:00,2019-09-10 15:02:24-07:00,27.372,27.5,110.0,472.0,America/Los_Angeles
caltech,2_39_79_378_2019-09-10 15:58:01.746193,2-39-79-378,CA-326,2019-09-10 08:58:02-07:00,2019-09-10 22:26:39-07:00,2019-09-10 13:20:05-07:00,14.464,21.84,60.0,720.0,America/Los_Angeles
caltech,2_39_79_381_2019-09-10 16:04:01.820047,2-39-79-381,CA-490,2019-09-10 09:04:02-07:00,2019-09-10 18:46:12-07:00,2019-09-10 10:56:48-07:00,11.583,18.48,80.0,461.0,America/Los_Angeles
caltech,2_39_123_23_2019-09-10 16:38:55.098884,2-39-123-23,CA-313,2019-09-10 09:38:55-07:00,2019-09-10 16:01:58-07:00,2019-09-10 11:45:01-07:00,13.259,16.0,40.0,373.0,America/Los_Angeles
caltech,2_39_89_25_2019-09-10 16:45:47.572752,2-39-89-25,CA-315,2019-09-10 09:45:48-07:00,2019-09-10 15:41:58-07:00,2019-09-10 11:12:10-07:00,4.313,8.0,20.0,428.0,America/Los_Angeles
caltech,2_39_95_27_2019-09-10 16:48:03.046893,2-39-95-27,CA-319,2019-09-10 09:48:03-07:00,2019-09-10 18:15:17-07:00,2019-09-10 11:42:35-07:00,5.935,8.0,20.0,72.0,America/Los_Angeles
caltech,2_39_79_376_2019-09-10 16:52:28.395137,2-39-79-376,CA-324,2019-09-10 09:52:28-07:00,2019-09-10 16:00:44-07:00,2019-09-10 11:52:55-07:00,5.155,8.0,20.0,258.0,America/Los_Angeles
caltech,2_39_78_360_2019-09-10 17:02:24.995676,2-39-78-360,CA-322,2019-09-10 10:02:25-07:00,2019-09-10 14:26:43-07:00,2019-09-10 14:09:11-07:00,10.876,14.07,30.0,425.0,America/Los_Angeles
caltech,2_39_78_365_2019-09-10 17:04:09.283287,2-39-78-365,CA-321,2019-09-10 10:04:09-07:00,2019-09-10 17:27:52-07:00,2019-09-10 12:06:49-07:00,4.4,6.66,20.0,441.0,America/Los_Angeles
caltech,2_39_78_361_2019-09-10 17:11:31.568276,2-39-78-361,CA-493,2019-09-10 10:11:32-07:00,2019-09-10 13:18:48-07:00,2019-09-10 12:54:55-07:00,0.899,0.0,0.0,0.0,America/Los_Angeles
caltech,2_39_90_26_2019-09-10 17:12:20.796616,2-39-90-26,CA-316,2019-09-10 10:12:21-07:00,2019-09-10 17:50:51-07:00,2019-09-10 12:32:42-07:00,7.466,18.0,30.0,350.0,America/Los_Angeles
caltech,2_39_91_441_2019-09-10 17:19:58.769825,2-39-91-441,CA-499,2019-09-10 10:19:59-07:00,2019-09-10 10:48:13-07:00,2019-09-10 10:48:09-07:00,2.325,17.0,40.0,139.0,America/Los_Angeles
caltech,2_39_90_440_2019-09-10 17:31:22.478212,2-39-90-440,CA-500,2019-09-10 10:31:22-07:00,2019-09-10 23:58:31-07:00,2019-09-10 12:16:51-07:00,10.671,30.0,100.0,720.0,America/Los_Angeles
caltech,2_39_78_366_2019-09-10 17:31:45.258052,2-39-78-366,CA-323,2019-09-10 10:31:45-07:00,2019-09-10 16:46:29-07:00,2019-09-10 16:19:40-07:00,15.882,16.0,40.0,355.0,America/Los_Angeles
caltech,2_39_92_436_2019-09-10 17:50:48.607514,2-39-92-436,CA-318,2019-09-10 10:50:49-07:00,2019-09-10 18:07:06-07:00,2019-09-10 11:30:52-07:00,1.664,10.0,20.0,304.0,America/Los_Angeles
caltech,2_39_78_363_2019-09-10 17:53:31.334313,2-39-78-363,CA-320,2019-09-10 10:53:31-07:00,2019-09-10 16:55:45-07:00,2019-09-10 12:25:40-07:00,7.858,12.0,20.0,129.0,America/Los_Angeles
caltech,2_39_79_382_2019-09-10 18:12:54.195915,2-39-79-382,CA-491,2019-09-10 11:12:54-07:00,2019-09-10 17:46:50-07:00,2019-09-10 15:02:58-07:00,0.785,0.0,0.0,0.0,America/Los_Angeles
caltech,2_39_78_364_2019-09-10 18:23:12.154705,2-39-78-364,CA-495,2019-09-10 11:23:12-07:00,2019-09-10 14:27:49-07:00,2019-09-10 14:27:48-07:00,14.53,20.0,50.0,234.0,America/Los_Angeles
caltech,2_39_95_444_2019-09-10 19:31:43.264391,2-39-95-444,CA-497,2019-09-10 12:31:43-07:00,2019-09-10 15:45:53-07:00,2019-09-10 14:45:58-07:00,9.692,10.92,40.0,185.0,America/Los_Angeles
caltech,2_39_78_362_2019-09-10 20:24:07.952378,2-39-78-362,CA-496,2019-09-10 13:24:08-07:00,2019-09-10 18:36:38-07:00,2019-09-10 18:37:37-07:00,6.727,9.0,20.0,30.0,America/Los_Angeles
caltech,2_39_78_361_2019-09-10 20:25:58.264337,2-39-78-361,CA-493,2019-09-10 13:25:58-07:00,2019-09-10 18:27:34-07:00,2019-09-10 17:15:53-07:00,11.268,21.42,60.0,191.0,America/Los_Angeles
caltech,2_39_91_441_2019-09-10 20:34:58.669400,2-39-91-441,CA-499,2019-09-10 13:34:59-07:00,2019-09-10 18:13:08-07:00,2019-09-10 14:32:07-07:00,2.624,12.0,20.0,208.0,America/Los_Angeles
caltech,2_39_88_438_2019-09-10 20:50:20.536951,2-39-88-438,CA-502,2019-09-10 13:50:21-07:00,2019-09-10 18:20:13-07:00,2019-09-10 14:27:46-07:00,1.628,2.75,10.0,226.0,America/Los_Angeles
caltech,2_39_88_24_2019-09-10 21:08:29.774713,2-39-88-24,CA-314,2019-09-10 14:08:30-07:00,2019-09-10 17:46:45-07:00,2019-09-10 15:46:45-07:00,5.504,10.0,40.0,62.0,America/Los_Angeles
caltech,2_39_78_360_2019-09-10 21:34:27.926403,2-39-78-360,CA-322,2019-09-10 14:34:28-07:00,2019-09-10 18:04:44-07:00,2019-09-10 15:18:12-07:00,0.6086260453998567,0.0,0.0,0.0,America/Los_Angeles
caltech,2_39_124_22_2019-09-10 22:49:20.334126,2-39-124-22,CA-312,2019-09-10 15:49:20-07:00,2019-09-10 17:51:22-07:00,2019-09-10 17:11:18-07:00,4.192,12.0,20.0,108.0,America/Los_Angeles
caltech,2_39_89_25_2019-09-10 23:05:28.706152,2-39-89-25,CA-315,2019-09-10 16:05:29-07:00,2019-09-10 18:00:48-07:00,2019-09-10 17:57:07-07:00,12.173,19.46,70.0,83.0,America/Los_Angeles
caltech,2_39_125_21_2019-09-10 23:26:29.605097,2-39-125-21,CA-311,2019-09-10 16:26:30-07:00,2019-09-10 20:53:25-07:00,2019-09-10 20:53:20-07:00,15.33,8.66,20.0,298.0,America/Los_Angeles
caltech,2_39_131_30_2019-09-11 00:22:53.322368,2-39-131-30,CA-305,2019-09-10 17:22:53-07:00,2019-09-10 18:44:31-07:00,2019-09-10 17:58:01-07:00,1.344,3.33,10.0,205.0,America/Los_Angeles
caltech,2_39_138_29_2019-09-11 01:37:47.180618,2-39-138-29,CA-304,2019-09-10 18:40:29-07:00,2019-09-10 20:42:27-07:00,2019-09-10 20:42:23-07:00,6.396,8.0,20.0,60.0,America/Los_Angeles
caltech,2_39_78_366_2019-09-11 15:14:40.004966,2-39-78-366,CA-323,2019-09-11 08:14:40-07:00,2019-09-11 16:51:02-07:00,2019-09-11 14:52:56-07:00,17.868,18.0,60.0,490.0,America/Los_Angeles
caltech,2_39_131_30_2019-09-11 15:37:00.651380,2-39-131-30,CA-305,2019-09-11 08:37:01-07:00,2019-09-11 12:04:57-07:00,2019-09-11 09:31:50-07:00,2.53,12.0,20.0,208.0,America/Los_Angeles
caltech,2_39_139_28_2019-09-11 15:39:37.311634,2-39-139-28,CA-303,2019-09-11 08:39:37-07:00,2019-09-11 17:38:23-07:00,2019-09-11 10:09:12-07:00,4.813,12.0,20.0,426.0,America/Los_Angeles
caltech,2_39_129_17_2019-09-11 15:46:28.576825,2-39-129-17,CA-307,2019-09-11 08:46:29-07:00,2019-09-11 12:50:28-07:00,2019-09-11 10:49:48-07:00,4.771,5.5,20.0,226.0,America/Los_Angeles
caltech,2_39_79_383_2019-09-11 15:46:46.021859,2-39-79-383,CA-492,2019-09-11 08:46:46-07:00,2019-09-11 17:15:15-07:00,2019-09-11 11:55:52-07:00,10.735,20.44,70.0,423.0,America/Los_Angeles
caltech,2_39_79_376_2019-09-11 15:55:15.474836,2-39-79-376,CA-324,2019-09-11 08:55:15-07:00,2019-09-11 17:40:29-07:00,2019-09-11 13:24:16-07:00,28.662,31.5,60.0,389.0,America/Los_Angeles
caltech,2_39_89_25_2019-09-11 15:55:16.887185,2-39-89-25,CA-315,2019-09-11 08:55:17-07:00,2019-09-11 18:55:19-07:00,2019-09-11 11:46:06-07:00,9.027,21.42,60.0,191.0,America/Los_Angeles
caltech,2_39_79_377_2019-09-11 15:55:27.121002,2-39-79-377,CA-325,2019-09-11 08:55:27-07:00,2019-09-11 16:45:02-07:00,2019-09-11 09:53:53-07:00,2.599,8.0,20.0,223.0,America/Los_Angeles
caltech,2_39_89_439_2019-09-11 16:01:33.167699,2-39-89-439,CA-501,2019-09-11 09:01:33-07:00,2019-09-11 17:23:36-07:00,2019-09-11 10:25:01-07:00,3.568,8.0,20.0,494.0,America/Los_Angeles
caltech,2_39_78_365_2019-09-11 16:07:18.519221,2-39-78-365,CA-321,2019-09-11 09:07:19-07:00,2019-09-11 16:31:47-07:00,2019-09-11 13:12:20-07:00,10.139,14.07,30.0,425.0,America/Los_Angeles
caltech,2_39_123_23_2019-09-11 16:10:01.813392,2-39-123-23,CA-313,2019-09-11 09:10:02-07:00,2019-09-11 13:34:03-07:00,2019-09-11 09:41:05-07:00,0.736,0.0,0.0,0.0,America/Los_Angeles
caltech,2_39_91_437_2019-09-11 16:10:55.429674,2-39-91-437,CA-317,2019-09-11 09:10:55-07:00,2019-09-11 11:00:40-07:00,2019-09-11 11:00:35-07:00,12.108,65.04,240.0,261.0,America/Los_Angeles
caltech,2_39_90_26_2019-09-11 16:13:30.257379,2-39-90-26,CA-316,2019-09-11 09:13:30-07:00,2019-09-11 16:04:08-07:00,2019-09-11 11:33:27-07:00,13.63,16.0,40.0,373.0,America/Los_Angeles
caltech,2_39_92_436_2019-09-11 16:15:54.308268,2-39-92-436,CA-318,2019-09-11 09:15:54-07:00,2019-09-11 20:07:42-07:00,2019-09-11 10:11:27-07:00,1.733,12.0,20.0,212.0,America/Los_Angeles
caltech,2_39_124_22_2019-09-11 16:17:07.721171,2-39-124-22,CA-312,2019-09-11 09:17:08-07:00,2019-09-11 16:44:07-07:00,2019-09-11 12:00:15-07:00,11.768,14.3,50.0,385.0,America/Los_Angeles
caltech,2_39_92_442_2019-09-11 16:20:08.834687,2-39-92-442,CA-498,2019-09-11 09:20:09-07:00,2019-09-11 14:00:39-07:00,2019-09-11 12:25:41-07:00,18.629,18.76,40.0,164.0,America/Los_Angeles
caltech,2_39_78_360_2019-09-11 16:30:40.003181,2-39-78-360,CA-322,2019-09-11 09:30:40-07:00,2019-09-11 18:41:38-07:00,2019-09-11 13:35:31-07:00,10.122,16.0,80.0,458.0,America/Los_Angeles
caltech,2_39_79_378_2019-09-11 16:55:41.131289,2-39-79-378,CA-326,2019-09-11 09:55:41-07:00,2019-09-11 18:21:05-07:00,2019-09-11 12:11:34-07:00,10.313,15.0,50.0,411.0,America/Los_Angeles
caltech,2_39_95_27_2019-09-11 16:57:27.032525,2-39-95-27,CA-319,2019-09-11 09:57:27-07:00,2019-09-11 17:33:59-07:00,2019-09-11 11:01:30-07:00,3.07,10.0,20.0,304.0,America/Los_Angeles
caltech,2_39_78_363_2019-09-11 16:59:48.166539,2-39-78-363,CA-320,2019-09-11 09:59:48-07:00,2019-09-11 19:11:58-07:00,2019-09-11 12:11:01-07:00,12.941,14.0,70.0,120.0,America/Los_Angeles
caltech,2_39_90_440_2019-09-11 17:16:16.382958,2-39-90-440,CA-500,2019-09-11 10:16:16-07:00,2019-09-11 23:40:23-07:00,2019-09-11 12:29:12-07:00,13.421,30.0,100.0,720.0,America/Los_Angeles
caltech,2_39_78_361_2019-09-11 17:23:23.876391,2-39-78-361,CA-493,2019-09-11 10:23:34-07:00,2019-09-11 17:16:54-07:00,2019-09-11 16:47:09-07:00,23.87,24.0,80.0,400.0,America/Los_Angeles
caltech,2_39_78_364_2019-09-11 17:42:07.634675,2-39-78-364,CA-495,2019-09-11 10:42:08-07:00,2019-09-11 22:13:57-07:00,2019-09-11 16:58:19-07:00,16.511,21.84,60.0,720.0,America/Los_Angeles
caltech,2_39_91_441_2019-09-11 18:00:34.593085,2-39-91-441,CA-499,2019-09-11 11:00:35-07:00,2019-09-11 19:25:43-07:00,2019-09-11 11:31:54-07:00,0.909,0.0,0.0,0.0,America/Los_Angeles
caltech,2_39_78_362_2019-09-11 18:04:29.807740,2-39-78-362,CA-496,2019-09-11 11:04:30-07:00,2019-09-11 14:53:13-07:00,2019-09-11 14:54:13-07:00,10.765,16.0,40.0,201.0,America/Los_Angeles
caltech,2_39_91_437_2019-09-11 18:12:01.476544,2-39-91-437,CA-317,2019-09-11 11:12:01-07:00,2019-09-11 18:20:04-07:00,2019-09-11 12:47:31-07:00,4.743,9.99,30.0,309.0,America/Los_Angeles
caltech,2_39_95_444_2019-09-11 18:16:23.643150,2-39-95-444,CA-497,2019-09-11 11:16:24-07:00,2019-09-11 16:28:26-07:00,2019-09-11 13:05:05-07:00,11.883,12.0,20.0,129.0,America/Los_Angeles
caltech,2_39_78_367_2019-09-11 19:41:04.385588,2-39-78-367,CA-494,2019-09-11 12:41:04-07:00,2019-09-11 17:28:47-07:00,2019-09-11 17:28:25-07:00,0.864,0.0,0.0,0.0,America/Los_Angeles
caltech,2_39_138_566_2019-09-11 20:05:45.487246,2-39-138-566,CA-512,2019-09-11 13:05:45-07:00,2019-09-11 16:45:00-07:00,2019-09-11 15:07:27-07:00,6.655,9.0,20.0,30.0,America/Los_Angeles
caltech,2_39_79_381_2019-09-11 20:18:14.808322,2-39-79-381,CA-490,2019-09-11 13:18:15-07:00,2019-09-11 17:54:34-07:00,2019-09-11 15:19:52-07:00,6.853,10.0,40.0,62.0,America/Los_Angeles
caltech,2_39_88_24_2019-09-11 20:54:14.833115,2-39-88-24,CA-314,2019-09-11 13:54:15-07:00,2019-09-11 19:46:41-07:00,2019-09-11 14:19:04-07:00,0.902,2.75,10.0,226.0,America/Los_Angeles
caltech,2_39_129_17_2019-09-11 21:25:30.342244,2-39-129-17,CA-307,2019-09-11 14:25:30-07:00,2019-09-11 19:36:46-07:00,2019-09-11 18:10:15-07:00,12.024,15.2,38.0,173.0,America/Los_Angeles
caltech,2_39_130_31_2019-09-11 23:36:29.882738,2-39-130-31,CA-306,2019-09-11 16:36:30-07:00,2019-09-11 17:09:44-07:00,2019-09-11 17:09:32-07:00,3.5393691666666665,8.34,30.0,105.0,America/Los_Angeles
caltech,2_39_125_21_2019-09-12 00:32:22.533188,2-39-125-21,CA-311,2019-09-11 17:32:23-07:00,2019-09-11 18:32:09-07:00,2019-09-11 18:21:49-07:00,2.362,12.0,20.0,108.0,America/Los_Angeles
caltech,2_39_78_367_2019-09-12 00:46:14.161753,2-39-78-367,CA-494,2019-09-11 17:46:14-07:00,2019-09-11 19:12:15-07:00,2019-09-11 18:21:08-07:00,0.548,0.0,0.0,0.0,America/Los_Angeles
caltech,2_39_139_28_2019-09-12 00:57:49.177113,2-39-139-28,CA-303,2019-09-11 17:57:49-07:00,2019-09-11 19:42:15-07:00,2019-09-11 18:29:00-07:00,0.91,0.0,0.0,0.0,America/Los_Angeles
caltech,2_39_138_29_2019-09-12 01:40:33.579296,2-39-138-29,CA-304,2019-09-11 18:40:34-07:00,2019-09-11 18:56:39-07:00,2019-09-11 18:56:34-07:00,0.875,8.0,20.0,136.0,America/Los_Angeles
caltech,2_39_125_21_2019-09-12 01:54:57.264237,2-39-125-21,CA-311,2019-09-11 18:55:08-07:00,2019-09-11 20:16:15-07:00,2019-09-11 20:16:10-07:00,8.215,16.0,40.0,99.0,America/Los_Angeles
caltech,2_39_131_30_2019-09-12 01:55:33.800632,2-39-131-30,CA-305,2019-09-11 18:55:34-07:00,2019-09-11 19:45:49-07:00,2019-09-11 19:45:40-07:00,5.114,16.0,40.0,30.0,America/Los_Angeles
caltech,2_39_89_25_2019-09-12 13:10:52.994177,2-39-89-25,CA-315,2019-09-12 06:10:53-07:00,2019-09-12 07:25:42-07:00,2019-09-12 07:25:37-07:00,3.992,8.0,20.0,93.0,America/Los_Angeles
caltech,2_39_139_28_2019-09-12 14:30:11.666505,2-39-139-28,CA-303,2019-09-12 07:30:12-07:00,2019-09-12 17:46:11-07:00,2019-09-12 11:58:44-07:00,28.14,36.54,140.0,458.0,America/Los_Angeles
caltech,2_39_78_366_2019-09-12 14:59:25.146861,2-39-78-366,CA-323,2019-09-12 07:59:25-07:00,2019-09-12 17:13:39-07:00,2019-09-12 17:13:18-07:00,9.032,27.0,90.0,490.0,America/Los_Angeles
caltech,2_39_79_379_2019-09-12 15:18:05.338401,2-39-79-379,CA-327,2019-09-12 08:18:05-07:00,2019-09-12 16:41:58-07:00,2019-09-12 14:08:11-07:00,1.165,0.0,0.0,0.0,America/Los_Angeles
caltech,2_39_131_30_2019-09-12 15:23:13.028183,2-39-131-30,CA-305,2019-09-12 08:23:13-07:00,2019-09-12 19:44:34-07:00,2019-09-12 09:51:41-07:00,4.787,5.5,20.0,226.0,America/Los_Angeles
caltech,2_39_78_361_2019-09-12 15:23:59.854975,2-39-78-361,CA-493,2019-09-12 08:24:00-07:00,2019-09-12 17:11:04-07:00,2019-09-12 17:10:53-07:00,36.975,40.0,100.0,523.0,America/Los_Angeles
caltech,2_39_78_362_2019-09-12 15:36:07.037306,2-39-78-362,CA-496,2019-09-12 08:36:07-07:00,2019-09-12 13:12:34-07:00,2019-09-12 13:13:34-07:00,11.754,15.0,40.0,298.0,America/Los_Angeles
caltech,2_39_129_17_2019-09-12 15:40:57.963429,2-39-129-17,CA-307,2019-09-12 08:40:58-07:00,2019-09-12 17:00:43-07:00,2019-09-12 14:02:00-07:00,0.943,0.0,0.0,0.0,America/Los_Angeles
caltech,2_39_78_367_2019-09-12 15:47:12.646606,2-39-78-367,CA-494,2019-09-12 08:47:40-07:00,2019-09-12 18:44:25-07:00,2019-09-12 18:00:30-07:00,49.572,60.0,250.0,546.0,America/Los_Angeles
caltech,2_39_92_442_2019-09-12 15:48:53.191498,2-39-92-442,CA-498,2019-09-12 08:48:53-07:00,2019-09-12 16:51:37-07:00,2019-09-12 10:08:28-07:00,8.553,20.44,70.0,423.0,America/Los_Angeles
caltech,2_39_123_23_2019-09-12 16:08:19.933026,2-39-123-23,CA-313,2019-09-12 09:08:20-07:00,2019-09-12 17:31:18-07:00,2019-09-12 10:37:46-07:00,4.803,12.0,20.0,426.0,America/Los_Angeles
caltech,2_39_79_383_2019-09-12 16:08:34.119873,2-39-79-383,CA-492,2019-09-12 09:08:34-07:00,2019-09-12 18:35:07-07:00,2019-09-12 14:01:38-07:00,11.476,11.55,50.0,461.0,America/Los_Angeles
caltech,2_39_79_381_2019-09-12 16:11:44.621062,2-39-79-381,CA-490,2019-09-12 09:11:45-07:00,2019-09-12 16:35:31-07:00,2019-09-12 11:52:28-07:00,16.403,28.0,70.0,465.0,America/Los_Angeles
caltech,2_39_89_25_2019-09-12 16:22:59.580338,2-39-89-25,CA-315,2019-09-12 09:23:00-07:00,2019-09-12 11:46:11-07:00,2019-09-12 10:37:00-07:00,3.668,8.0,20.0,144.0,America/Los_Angeles
caltech,2_39_88_24_2019-09-12 16:44:40.197520,2-39-88-24,CA-314,2019-09-12 09:44:40-07:00,2019-09-12 16:01:52-07:00,2019-09-12 11:40:31-07:00,12.416,16.0,40.0,373.0,America/Los_Angeles
caltech,2_39_90_26_2019-09-12 16:54:37.642339,2-39-90-26,CA-316,2019-09-12 09:54:38-07:00,2019-09-12 20:16:36-07:00,2019-09-12 10:48:52-07:00,1.721,12.0,20.0,131.0,America/Los_Angeles
caltech,2_39_91_441_2019-09-12 16:58:24.151672,2-39-91-441,CA-499,2019-09-12 09:58:24-07:00,2019-09-12 19:11:09-07:00,2019-09-12 14:01:16-07:00,9.955,10.0,50.0,120.0,America/Los_Angeles
caltech,2_39_95_27_2019-09-12 17:09:44.883452,2-39-95-27,CA-319,2019-09-12 10:09:45-07:00,2019-09-12 19:38:39-07:00,2019-09-12 13:21:47-07:00,9.753,21.42,60.0,191.0,America/Los_Angeles
caltech,2_39_79_376_2019-09-12 17:15:39.054640,2-39-79-376,CA-324,2019-09-12 10:15:39-07:00,2019-09-12 18:07:13-07:00,2019-09-12 12:37:30-07:00,13.634,16.0,80.0,458.0,America/Los_Angeles
caltech,2_39_90_440_2019-09-12 17:19:49.625012,2-39-90-440,CA-500,2019-09-12 10:19:50-07:00,2019-09-12 18:03:11-07:00,2019-09-12 12:03:39-07:00,10.228,14.07,30.0,425.0,America/Los_Angeles
caltech,2_39_79_378_2019-09-12 17:25:15.905899,2-39-79-378,CA-326,2019-09-12 10:25:26-07:00,2019-09-12 16:29:33-07:00,2019-09-12 16:29:28-07:00,8.688,8.0,20.0,394.0,America/Los_Angeles
caltech,2_39_91_437_2019-09-12 17:56:35.769113,2-39-91-437,CA-317,2019-09-12 10:56:36-07:00,2019-09-12 19:07:48-07:00,2019-09-12 12:16:31-07:00,4.259,6.66,20.0,441.0,America/Los_Angeles
caltech,2_39_95_444_2019-09-12 17:58:40.034663,2-39-95-444,CA-497,2019-09-12 10:58:40-07:00,2019-09-12 18:04:32-07:00,2019-09-12 14:02:06-07:00,0.88,0.0,0.0,0.0,America/Los_Angeles
caltech,2_39_124_22_2019-09-12 18:03:26.810957,2-39-124-22,CA-312,2019-09-12 11:03:27-07:00,2019-09-12 17:15:43-07:00,2019-09-12 11:48:06-07:00,1.959,10.0,20.0,304.0,America/Los_Angeles
caltech,2_39_78_363_2019-09-12 20:01:10.598301,2-39-78-363,CA-320,2019-09-12 13:01:11-07:00,2019-09-12 17:19:52-07:00,2019-09-12 15:04:06-07:00,6.715,9.0,20.0,30.0,America/Los_Angeles
caltech,2_39_89_25_2019-09-12 20:05:58.242579,2-39-89-25,CA-315,2019-09-12 13:05:58-07:00,2019-09-12 17:48:59-07:00,2019-09-12 16:47:06-07:00,24.325,28.6,110.0,293.0,America/Los_Angeles
caltech,2_39_92_436_2019-09-12 20:12:44.401169,2-39-92-436,CA-318,2019-09-12 13:12:44-07:00,2019-09-12 18:38:23-07:00,2019-09-12 17:54:57-07:00,0.893,0.0,0.0,0.0,America/Los_Angeles
caltech,2_39_88_438_2019-09-12 20:20:15.782491,2-39-88-438,CA-502,2019-09-12 13:20:16-07:00,2019-09-12 16:28:10-07:00,2019-09-12 14:42:05-07:00,3.94,5.0,10.0,220.0,America/Los_Angeles
caltech,2_39_89_439_2019-09-12 20:28:45.787299,2-39-89-439,CA-501,2019-09-12 13:28:46-07:00,2019-09-12 17:21:12-07:00,2019-09-12 14:47:46-07:00,3.82,8.0,20.0,205.0,America/Los_Angeles
caltech,2_39_88_24_2019-09-12 23:30:41.941630,2-39-88-24,CA-314,2019-09-12 16:30:42-07:00,2019-09-12 17:15:37-07:00,2019-09-12 17:15:29-07:00,4.642,16.68,60.0,83.0,America/Los_Angeles
caltech,2_39_123_23_2019-09-13 00:35:18.072730,2-39-123-23,CA-313,2019-09-12 17:35:18-07:00,2019-09-12 19:19:20-07:00,2019-09-12 18:56:08-07:00,4.192,12.0,20.0,108.0,America/Los_Angeles
caltech,2_39_138_29_2019-09-13 00:46:55.134971,2-39-138-29,CA-304,2019-09-12 17:47:06-07:00,2019-09-12 19:07:02-07:00,2019-09-12 18:51:04-07:00,4.673,8.88,20.0,94.0,America/Los_Angeles
caltech,2_39_139_28_2019-09-13 01:44:30.851100,2-39-139-28,CA-303,2019-09-12 18:44:31-07:00,2019-09-12 20:49:54-07:00,2019-09-12 20:49:45-07:00,6.382,8.0,20.0,60.0,America/Los_Angeles
caltech,2_39_131_30_2019-09-13 03:18:15.691131,2-39-131-30,CA-305,2019-09-12 20:18:16-07:00,2019-09-12 21:42:47-07:00,2019-09-12 21:42:43-07:00,9.677,17.5,70.0,61.0,America/Los_Angeles
caltech,2_39_125_21_2019-09-13 03:33:03.740757,2-39-125-21,CA-311,2019-09-12 20:33:04-07:00,2019-09-12 21:02:06-07:00,2019-09-12 21:02:01-07:00,2.844,35.04,80.0,104.0,America/Los_Angeles
caltech,2_39_138_29_2019-09-13 04:18:34.447318,2-39-138-29,CA-304,2019-09-12 21:18:36-07:00,2019-09-12 22:20:40-07:00,2019-09-12 22:20:35-07:00,3.424,16.0,40.0,74.0,America/Los_Angeles
caltech,2_39_138_29_2019-09-13 13:00:36.693268,2-39-138-29,CA-304,2019-09-13 06:00:37-07:00,2019-09-13 06:58:44-07:00,2019-09-13 06:31:20-07:00,0.928,0.0,0.0,0.0,America/Los_Angeles
caltech,2_39_89_25_2019-09-13 13:13:34.847120,2-39-89-25,CA-315,2019-09-13 06:13:35-07:00,2019-09-13 07:37:55-07:00,2019-09-13 07:22:08-07:00,3.558,8.0,20.0,73.0,America/Los_Angeles
caltech,2_39_78_360_2019-09-13 14:47:39.857782,2-39-78-360,CA-322,2019-09-13 07:47:40-07:00,2019-09-13 14:42:19-07:00,2019-09-13 08:32:48-07:00,4.416,9.0,30.0,490.0,America/Los_Angeles
caltech,2_39_79_383_2019-09-13 15:08:52.125574,2-39-79-383,CA-492,2019-09-13 08:08:52-07:00,2019-09-13 18:42:20-07:00,2019-09-13 10:07:13-07:00,6.315,10.5,20.0,236.0,America/Los_Angeles
caltech,2_39_79_379_2019-09-13 15:30:57.134978,2-39-79-379,CA-327,2019-09-13 08:30:57-07:00,2019-09-13 18:39:47-07:00,2019-09-13 09:45:14-07:00,4.672,5.0,20.0,418.0,America/Los_Angeles
caltech,2_39_95_27_2019-09-13 15:38:03.744446,2-39-95-27,CA-319,2019-09-13 08:38:04-07:00,2019-09-13 16:48:37-07:00,2019-09-13 10:35:09-07:00,6.42,9.0,20.0,30.0,America/Los_Angeles
caltech,2_39_78_361_2019-09-13 15:39:58.188513,2-39-78-361,CA-493,2019-09-13 08:39:58-07:00,2019-09-13 12:02:31-07:00,2019-09-13 11:34:34-07:00,10.841,29.2,100.0,462.0,America/Los_Angeles
caltech,2_39_89_25_2019-09-13 15:45:22.267335,2-39-89-25,CA-315,2019-09-13 08:45:22-07:00,2019-09-13 20:27:51-07:00,2019-09-13 09:42:29-07:00,1.841,12.0,20.0,196.0,America/Los_Angeles
caltech,2_39_131_30_2019-09-13 15:53:26.172011,2-39-131-30,CA-305,2019-09-13 08:53:26-07:00,2019-09-13 17:35:00-07:00,2019-09-13 10:16:23-07:00,4.328,12.0,20.0,426.0,America/Los_Angeles
caltech,2_39_78_366_2019-09-13 16:04:15.863916,2-39-78-366,CA-323,2019-09-13 09:04:16-07:00,2019-09-13 12:17:37-07:00,2019-09-13 10:56:00-07:00,4.994,5.5,20.0,226.0,America/Los_Angeles
caltech,2_39_79_381_2019-09-13 16:07:19.018202,2-39-79-381,CA-490,2019-09-13 09:07:19-07:00,2019-09-13 17:53:04-07:00,2019-09-13 11:53:18-07:00,13.867,14.0,70.0,430.0,America/Los_Angeles
caltech,2_39_91_437_2019-09-13 16:14:36.031795,2-39-91-437,CA-317,2019-09-13 09:14:36-07:00,2019-09-13 18:12:03-07:00,2019-09-13 11:09:20-07:00,12.508,20.0,50.0,255.0,America/Los_Angeles
caltech,2_39_90_440_2019-09-13 16:22:53.597477,2-39-90-440,CA-500,2019-09-13 09:22:54-07:00,2019-09-13 15:54:36-07:00,2019-09-13 10:43:52-07:00,3.881,8.0,20.0,468.0,America/Los_Angeles
caltech,2_39_127_19_2019-09-13 16:38:22.307996,2-39-127-19,CA-309,2019-09-13 09:38:22-07:00,2019-09-13 16:43:39-07:00,2019-09-13 11:41:35-07:00,13.314,16.0,40.0,373.0,America/Los_Angeles
caltech,2_39_92_436_2019-09-13 16:52:02.032774,2-39-92-436,CA-318,2019-09-13 09:52:02-07:00,2019-09-13 19:14:22-07:00,2019-09-13 11:48:55-07:00,12.185,14.0,70.0,120.0,America/Los_Angeles
caltech,2_39_92_442_2019-09-13 16:53:26.697776,2-39-92-442,CA-498,2019-09-13 09:53:27-07:00,2019-09-13 11:35:54-07:00,2019-09-13 11:35:45-07:00,10.79,14.07,30.0,117.0,America/Los_Angeles
caltech,2_39_123_23_2019-09-13 17:13:21.284577,2-39-123-23,CA-313,2019-09-13 10:13:21-07:00,2019-09-13 18:19:35-07:00,2019-09-13 11:28:56-07:00,4.04,6.66,20.0,441.0,America/Los_Angeles
caltech,2_39_78_363_2019-09-13 17:16:35.825896,2-39-78-363,CA-320,2019-09-13 10:16:36-07:00,2019-09-13 17:42:25-07:00,2019-09-13 14:01:30-07:00,10.246,14.07,30.0,60.0,America/Los_Angeles
caltech,2_39_79_382_2019-09-13 17:25:27.604341,2-39-79-382,CA-491,2019-09-13 10:25:28-07:00,2019-09-13 18:49:12-07:00,2019-09-13 11:48:59-07:00,8.191,15.0,50.0,411.0,America/Los_Angeles
caltech,2_39_79_376_2019-09-13 17:31:35.916946,2-39-79-376,CA-324,2019-09-13 10:31:36-07:00,2019-09-13 17:14:00-07:00,2019-09-13 12:22:23-07:00,5.95,8.0,20.0,322.0,America/Los_Angeles
caltech,2_39_78_365_2019-09-13 17:31:43.786735,2-39-78-365,CA-321,2019-09-13 10:31:44-07:00,2019-09-14 01:09:08-07:00,2019-09-13 23:25:23-07:00,10.666,21.42,60.0,191.0,America/Los_Angeles
caltech,2_39_124_22_2019-09-13 18:06:00.713072,2-39-124-22,CA-312,2019-09-13 11:06:01-07:00,2019-09-13 17:12:43-07:00,2019-09-13 13:02:48-07:00,5.939,12.0,20.0,322.0,America/Los_Angeles
caltech,2_39_78_362_2019-09-13 18:41:52.488713,2-39-78-362,CA-496,2019-09-13 11:42:23-07:00,2019-09-13 17:16:44-07:00,2019-09-13 17:17:43-07:00,10.569,11.12,40.0,350.0,America/Los_Angeles
caltech,2_39_95_444_2019-09-13 18:45:14.699821,2-39-95-444,CA-497,2019-09-13 11:45:15-07:00,2019-09-13 16:35:17-07:00,2019-09-13 14:26:44-07:00,16.191,21.0,70.0,280.0,America/Los_Angeles
caltech,2_39_92_442_2019-09-13 18:54:29.056626,2-39-92-442,CA-498,2019-09-13 11:54:29-07:00,2019-09-13 15:26:22-07:00,2019-09-13 15:26:18-07:00,21.288,30.0,100.0,720.0,America/Los_Angeles
caltech,2_39_91_441_2019-09-13 19:13:50.329890,2-39-91-441,CA-499,2019-09-13 12:13:50-07:00,2019-09-13 22:08:38-07:00,2019-09-13 17:06:17-07:00,16.78,21.84,60.0,720.0,America/Los_Angeles
caltech,2_39_88_24_2019-09-13 19:21:35.158929,2-39-88-24,CA-314,2019-09-13 12:21:35-07:00,2019-09-13 19:07:40-07:00,2019-09-13 13:14:14-07:00,2.402,10.0,20.0,304.0,America/Los_Angeles
caltech,2_39_129_17_2019-09-13 19:51:55.936025,2-39-129-17,CA-307,2019-09-13 12:51:56-07:00,2019-09-13 15:47:45-07:00,2019-09-13 13:55:34-07:00,2.68,10.92,40.0,185.0,America/Los_Angeles
caltech,2_39_78_366_2019-09-13 20:23:03.554458,2-39-78-366,CA-323,2019-09-13 13:23:04-07:00,2019-09-13 17:33:21-07:00,2019-09-13 16:30:44-07:00,1.955,5.5,20.0,226.0,America/Los_Angeles
caltech,2_39_79_378_2019-09-13 22:07:20.550550,2-39-79-378,CA-326,2019-09-13 15:07:21-07:00,2019-09-13 16:15:45-07:00,2019-09-13 16:15:40-07:00,4.356,40.05,150.0,426.0,America/Los_Angeles
caltech,2_39_130_31_2019-09-13 22:45:49.641676,2-39-130-31,CA-306,2019-09-13 15:45:50-07:00,2019-09-13 17:00:18-07:00,2019-09-13 17:00:10-07:00,4.266,6.66,20.0,68.0,America/Los_Angeles
caltech,2_39_139_28_2019-09-14 00:22:41.478322,2-39-139-28,CA-303,2019-09-13 17:22:41-07:00,2019-09-13 17:54:24-07:00,2019-09-13 17:52:53-07:00,0.907,0.0,0.0,0.0,America/Los_Angeles
caltech,2_39_131_30_2019-09-14 00:39:07.838050,2-39-131-30,CA-305,2019-09-13 17:39:08-07:00,2019-09-13 20:50:28-07:00,2019-09-13 20:50:23-07:00,11.217,20.0,50.0,224.0,America/Los_Angeles
caltech,2_39_138_29_2019-09-14 00:58:20.870636,2-39-138-29,CA-304,2019-09-13 17:58:21-07:00,2019-09-13 20:50:50-07:00,2019-09-13 18:28:33-07:00,0.856,0.0,0.0,0.0,America/Los_Angeles
caltech,2_39_130_31_2019-09-14 03:30:56.211569,2-39-130-31,CA-306,2019-09-13 20:30:56-07:00,2019-09-13 20:52:25-07:00,2019-09-13 20:52:20-07:00,2.362,56.61,170.0,211.0,America/Los_Angeles
caltech,2_39_128_18_2019-09-14 05:46:56.104204,2-39-128-18,CA-308,2019-09-13 22:47:10-07:00,2019-09-14 11:34:10-07:00,2019-09-14 06:25:48-07:00,43.094,43.2,180.0,60.0,America/Los_Angeles
caltech,2_39_139_28_2019-09-14 09:22:40.632832,2-39-139-28,CA-303,2019-09-14 02:22:41-07:00,2019-09-14 16:34:39-07:00,2019-09-14 09:36:13-07:00,44.831,60.0,240.0,720.0,America/Los_Angeles
caltech,2_39_131_30_2019-09-14 15:07:30.391181,2-39-131-30,CA-305,2019-09-14 08:07:40-07:00,2019-09-14 09:59:59-07:00,2019-09-14 09:15:50-07:00,5.905,8.88,20.0,94.0,America/Los_Angeles
caltech,2_39_131_30_2019-09-14 17:18:57.529476,2-39-131-30,CA-305,2019-09-14 10:18:58-07:00,2019-09-14 12:24:25-07:00,2019-09-14 12:24:20-07:00,14.419,28.0,70.0,220.0,America/Los_Angeles
caltech,2_39_129_17_2019-09-14 17:56:59.682185,2-39-129-17,CA-307,2019-09-14 10:57:00-07:00,2019-09-14 16:18:06-07:00,2019-09-14 13:50:23-07:00,15.994,20.0,80.0,233.0,America/Los_Angeles
caltech,2_39_78_366_2019-09-14 19:04:07.055879,2-39-78-366,CA-323,2019-09-14 12:04:07-07:00,2019-09-14 18:10:55-07:00,2019-09-14 16:01:39-07:00,12.16,21.42,60.0,191.0,America/Los_Angeles
caltech,2_39_138_29_2019-09-14 21:54:11.555815,2-39-138-29,CA-304,2019-09-14 14:54:12-07:00,2019-09-14 17:42:56-07:00,2019-09-14 17:42:51-07:00,18.88,20.0,80.0,187.0,America/Los_Angeles
caltech,2_39_131_30_2019-09-14 22:29:29.303497,2-39-131-30,CA-305,2019-09-14 15:29:29-07:00,2019-09-14 17:03:56-07:00,2019-09-14 17:03:52-07:00,5.28,8.0,20.0,60.0,America/Los_Angeles
caltech,2_39_125_21_2019-09-15 01:48:54.811945,2-39-125-21,CA-311,2019-09-14 18:48:55-07:00,2019-09-14 21:42:22-07:00,2019-09-14 21:35:24-07:00,16.583,35.04,80.0,151.0,America/Los_Angeles
caltech,2_39_139_28_2019-09-15 02:25:25.235542,2-39-139-28,CA-303,2019-09-14 19:25:25-07:00,2019-09-15 09:03:07-07:00,2019-09-14 23:23:02-07:00,13.613,78.0,130.0,425.0,America/Los_Angeles
caltech,2_39_131_30_2019-09-15 16:04:48.970007,2-39-131-30,CA-305,2019-09-15 09:04:49-07:00,2019-09-15 10:58:46-07:00,2019-09-15 10:50:05-07:00,5.88,8.66,20.0,298.0,America/Los_Angeles
caltech,2_39_139_28_2019-09-15 19:07:51.930103,2-39-139-28,CA-303,2019-09-15 12:07:52-07:00,2019-09-15 18:29:08-07:00,2019-09-15 18:11:15-07:00,37.424,83.2,160.0,426.0,America/Los_Angeles
caltech,2_39_131_30_2019-09-15 19:46:48.557193,2-39-131-30,CA-305,2019-09-15 12:46:49-07:00,2019-09-15 13:11:58-07:00,2019-09-15 13:11:53-07:00,2.38,28.0,70.0,220.0,America/Los_Angeles
caltech,2_39_127_19_2019-09-15 20:41:36.946876,2-39-127-19,CA-309,2019-09-15 13:41:37-07:00,2019-09-15 13:59:29-07:00,2019-09-15 13:59:24-07:00,0.513,0.0,0.0,0.0,America/Los_Angeles
caltech,2_39_123_23_2019-09-15 21:19:43.928915,2-39-123-23,CA-313,2019-09-15 14:19:44-07:00,2019-09-15 16:29:15-07:00,2019-09-15 15:04:15-07:00,1.868,12.0,20.0,108.0,America/Los_Angeles
caltech,2_39_138_29_2019-09-15 21:57:25.352075,2-39-138-29,CA-304,2019-09-15 14:57:25-07:00,2019-09-15 15:39:12-07:00,2019-09-15 15:28:05-07:00,0.7175574999999998,0.0,0.0,0.0,America/Los_Angeles
caltech,2_39_131_30_2019-09-15 22:53:48.466710,2-39-131-30,CA-305,2019-09-15 15:54:00-07:00,2019-09-15 17:46:14-07:00,2019-09-15 17:43:16-07:00,10.984,11.12,40.0,143.0,America/Los_Angeles
caltech,2_39_139_28_2019-09-16 04:15:14.006767,2-39-139-28,CA-303,2019-09-15 21:15:14-07:00,2019-09-15 23:21:16-07:00,2019-09-15 23:21:11-07:00,7.032,7.14,20.0,172.0,America/Los_Angeles
caltech,2_39_89_25_2019-09-16 13:12:19.014829,2-39-89-25,CA-315,2019-09-16 06:12:19-07:00,2019-09-16 07:35:48-07:00,2019-09-16 07:35:43-07:00,4.38,8.0,20.0,70.0,America/Los_Angeles
caltech,2_39_139_567_2019-09-16 13:55:08.397527,2-39-139-567,CA-513,2019-09-16 06:55:08-07:00,2019-09-16 08:34:27-07:00,2019-09-16 07:25:44-07:00,0.893,0.0,0.0,0.0,America/Los_Angeles
caltech,2_39_79_383_2019-09-16 15:01:45.966775,2-39-79-383,CA-492,2019-09-16 08:01:46-07:00,2019-09-16 18:28:24-07:00,2019-09-16 10:03:47-07:00,6.485,10.5,20.0,236.0,America/Los_Angeles
caltech,2_39_78_366_2019-09-16 15:17:35.166170,2-39-78-366,CA-323,2019-09-16 08:17:35-07:00,2019-09-16 16:46:53-07:00,2019-09-16 16:46:47-07:00,29.341,30.0,100.0,426.0,America/Los_Angeles
caltech,2_39_79_380_2019-09-16 15:28:11.903843,2-39-79-380,CA-489,2019-09-16 08:28:12-07:00,2019-09-16 19:00:21-07:00,2019-09-16 09:37:56-07:00,3.695,12.0,30.0,573.0,America/Los_Angeles
caltech,2_39_139_28_2019-09-16 15:33:09.848233,2-39-139-28,CA-303,2019-09-16 08:33:10-07:00,2019-09-16 17:10:27-07:00,2019-09-16 09:46:23-07:00,3.533,12.0,20.0,242.0,America/Los_Angeles
caltech,2_39_78_361_2019-09-16 15:34:59.884568,2-39-78-361,CA-493,2019-09-16 08:35:00-07:00,2019-09-16 08:45:40-07:00,2019-09-16 08:45:34-07:00,1.009,29.2,100.0,462.0,America/Los_Angeles
caltech,2_39_131_30_2019-09-16 15:41:26.637052,2-39-131-30,CA-305,2019-09-16 08:41:27-07:00,2019-09-16 17:51:11-07:00,2019-09-16 12:52:12-07:00,13.999,24.0,40.0,426.0,America/Los_Angeles
caltech,2_39_127_19_2019-09-16 15:43:31.015816,2-39-127-19,CA-309,2019-09-16 08:43:31-07:00,2019-09-16 12:39:18-07:00,2019-09-16 10:04:02-07:00,4.322,5.5,20.0,226.0,America/Los_Angeles
caltech,2_39_78_364_2019-09-16 15:59:19.035473,2-39-78-364,CA-495,2019-09-16 08:59:19-07:00,2019-09-16 16:40:33-07:00,2019-09-16 16:40:27-07:00,20.011,27.72,120.0,461.0,America/Los_Angeles
caltech,2_39_79_379_2019-09-16 16:17:33.183276,2-39-79-379,CA-327,2019-09-16 09:17:33-07:00,2019-09-16 16:29:54-07:00,2019-09-16 10:49:25-07:00,8.237,9.38,20.0,425.0,America/Los_Angeles
caltech,2_39_78_361_2019-09-16 16:20:35.826151,2-39-78-361,CA-493,2019-09-16 09:20:36-07:00,2019-09-16 09:58:53-07:00,2019-09-16 09:59:51-07:00,0.895,0.0,0.0,0.0,America/Los_Angeles
caltech,2_39_91_437_2019-09-16 16:38:42.929645,2-39-91-437,CA-317,2019-09-16 09:38:43-07:00,2019-09-16 17:25:10-07:00,2019-09-16 11:39:37-07:00,6.012,8.0,20.0,72.0,America/Los_Angeles
caltech,2_39_79_377_2019-09-16 16:43:15.234700,2-39-79-377,CA-325,2019-09-16 09:43:15-07:00,2019-09-16 14:18:07-07:00,2019-09-16 14:17:51-07:00,4.748,8.0,20.0,341.0,America/Los_Angeles
caltech,2_39_78_365_2019-09-16 16:54:53.958937,2-39-78-365,CA-321,2019-09-16 09:54:54-07:00,2019-09-16 19:07:57-07:00,2019-09-16 19:07:51-07:00,25.79,32.5,130.0,513.0,America/Los_Angeles
caltech,2_39_95_444_2019-09-16 16:55:46.935050,2-39-95-444,CA-497,2019-09-16 09:55:47-07:00,2019-09-16 14:44:58-07:00,2019-09-16 14:35:30-07:00,15.903,19.95,57.0,269.0,America/Los_Angeles
caltech,2_39_78_361_2019-09-16 17:00:03.860701,2-39-78-361,CA-493,2019-09-16 10:00:04-07:00,2019-09-16 17:20:31-07:00,2019-09-16 17:20:28-07:00,16.407,29.2,100.0,462.0,America/Los_Angeles
caltech,2_39_78_360_2019-09-16 17:02:48.416366,2-39-78-360,CA-322,2019-09-16 10:02:49-07:00,2019-09-16 10:21:23-07:00,2019-09-16 10:21:18-07:00,2.04,16.0,80.0,120.0,America/Los_Angeles
caltech,2_39_95_27_2019-09-16 17:14:30.164295,2-39-95-27,CA-319,2019-09-16 10:14:30-07:00,2019-09-16 18:23:29-07:00,2019-09-16 18:23:24-07:00,17.353,45.4,200.0,509.0,America/Los_Angeles
caltech,2_39_79_376_2019-09-16 17:27:14.289525,2-39-79-376,CA-324,2019-09-16 10:27:14-07:00,2019-09-16 16:55:51-07:00,2019-09-16 12:22:54-07:00,8.39,8.5,20.0,139.0,America/Los_Angeles
caltech,2_39_89_25_2019-09-16 17:28:19.936298,2-39-89-25,CA-315,2019-09-16 10:28:20-07:00,2019-09-16 17:39:26-07:00,2019-09-16 11:57:27-07:00,4.431,8.0,20.0,403.0,America/Los_Angeles
caltech,2_39_92_442_2019-09-16 17:41:22.681017,2-39-92-442,CA-498,2019-09-16 10:41:23-07:00,2019-09-17 04:01:24-07:00,2019-09-16 12:29:05-07:00,10.54,30.0,100.0,720.0,America/Los_Angeles
caltech,2_39_79_382_2019-09-16 17:59:38.774037,2-39-79-382,CA-491,2019-09-16 10:59:39-07:00,2019-09-16 13:15:16-07:00,2019-09-16 13:15:12-07:00,15.23,104.0,200.0,715.0,America/Los_Angeles
caltech,2_39_78_360_2019-09-16 18:15:36.407863,2-39-78-360,CA-322,2019-09-16 11:15:38-07:00,2019-09-16 19:12:55-07:00,2019-09-16 15:46:08-07:00,13.437,16.0,80.0,120.0,America/Los_Angeles
caltech,2_39_78_363_2019-09-16 18:34:13.163098,2-39-78-363,CA-320,2019-09-16 11:34:13-07:00,2019-09-16 17:14:13-07:00,2019-09-16 16:26:41-07:00,8.883,9.0,30.0,280.0,America/Los_Angeles
caltech,2_39_90_26_2019-09-16 18:44:03.950680,2-39-90-26,CA-316,2019-09-16 11:44:04-07:00,2019-09-16 17:07:48-07:00,2019-09-16 16:21:29-07:00,30.404,40.0,100.0,371.0,America/Los_Angeles
caltech,2_39_83_386_2019-09-16 19:05:14.521828,2-39-83-386,CA-212,2019-09-16 12:05:15-07:00,2019-09-16 12:39:24-07:00,2019-09-16 12:35:46-07:00,0.924,0.0,0.0,0.0,America/Los_Angeles
caltech,2_39_78_362_2019-09-16 19:15:55.763864,2-39-78-362,CA-496,2019-09-16 12:15:56-07:00,2019-09-16 12:56:11-07:00,2019-09-16 12:57:11-07:00,1.255,24.0,60.0,228.0,America/Los_Angeles
caltech,2_39_127_19_2019-09-16 20:35:55.325138,2-39-127-19,CA-309,2019-09-16 13:35:55-07:00,2019-09-16 18:10:43-07:00,2019-09-16 14:11:30-07:00,1.386,2.75,10.0,226.0,America/Los_Angeles
caltech,2_39_78_362_2019-09-16 20:51:49.362100,2-39-78-362,CA-496,2019-09-16 13:51:49-07:00,2019-09-16 19:36:35-07:00,2019-09-16 19:37:33-07:00,7.337,9.0,20.0,30.0,America/Los_Angeles
caltech,2_39_92_436_2019-09-16 21:05:56.917654,2-39-92-436,CA-318,2019-09-16 14:05:57-07:00,2019-09-19 19:10:38-07:00,2019-09-16 15:49:31-07:00,10.621,19.98,60.0,653.0,America/Los_Angeles
caltech,2_39_78_367_2019-09-16 21:19:42.759301,2-39-78-367,CA-494,2019-09-16 14:19:43-07:00,2019-09-16 16:39:07-07:00,2019-09-16 16:39:04-07:00,3.897,104.0,200.0,715.0,America/Los_Angeles
caltech,2_39_130_31_2019-09-16 23:52:07.936837,2-39-130-31,CA-306,2019-09-16 16:52:08-07:00,2019-09-16 18:00:23-07:00,2019-09-16 18:00:14-07:00,3.727,16.0,40.0,74.0,America/Los_Angeles
caltech,2_39_78_367_2019-09-16 23:56:36.105399,2-39-78-367,CA-494,2019-09-16 16:56:36-07:00,2019-09-16 19:20:01-07:00,2019-09-16 19:10:55-07:00,0.827,0.0,0.0,0.0,America/Los_Angeles
caltech,2_39_126_20_2019-09-16 23:59:07.676465,2-39-126-20,CA-310,2019-09-16 16:59:08-07:00,2019-09-16 21:44:23-07:00,2019-09-16 21:41:33-07:00,15.915,8.66,20.0,298.0,America/Los_Angeles
caltech,2_39_79_377_2019-09-17 00:21:09.269999,2-39-79-377,CA-325,2019-09-16 17:21:09-07:00,2019-09-16 19:03:33-07:00,2019-09-16 18:08:34-07:00,2.231,12.0,20.0,108.0,America/Los_Angeles
caltech,2_39_79_382_2019-09-17 00:33:50.767164,2-39-79-382,CA-491,2019-09-16 17:33:51-07:00,2019-09-16 19:04:09-07:00,2019-09-16 19:04:01-07:00,5.066,12.0,30.0,136.0,America/Los_Angeles
caltech,2_39_129_17_2019-09-17 00:56:42.122368,2-39-129-17,CA-307,2019-09-16 17:56:42-07:00,2019-09-16 18:59:10-07:00,2019-09-16 18:44:30-07:00,2.787,28.0,70.0,220.0,America/Los_Angeles
caltech,2_39_139_28_2019-09-17 02:17:47.664185,2-39-139-28,CA-303,2019-09-16 19:17:48-07:00,2019-09-16 20:08:34-07:00,2019-09-16 20:08:29-07:00,5.172,16.0,40.0,30.0,America/Los_Angeles
caltech,2_39_79_381_2019-09-17 14:52:27.218841,2-39-79-381,CA-490,2019-09-17 07:52:41-07:00,2019-09-17 18:03:17-07:00,2019-09-17 10:07:19-07:00,6.727,8.0,20.0,60.0,America/Los_Angeles
caltech,2_39_139_28_2019-09-17 14:54:24.272295,2-39-139-28,CA-303,2019-09-17 07:54:24-07:00,2019-09-17 17:33:37-07:00,2019-09-17 09:09:28-07:00,3.658,12.0,40.0,441.0,America/Los_Angeles
caltech,2_39_79_379_2019-09-17 15:06:51.877966,2-39-79-379,CA-327,2019-09-17 08:06:52-07:00,2019-09-17 17:59:13-07:00,2019-09-17 10:02:07-07:00,4.93,20.0,50.0,402.0,America/Los_Angeles
caltech,2_39_131_30_2019-09-17 15:16:07.431185,2-39-131-30,CA-305,2019-09-17 08:16:07-07:00,2019-09-17 17:53:50-07:00,2019-09-17 09:42:08-07:00,4.68,12.0,20.0,426.0,America/Los_Angeles
caltech,2_39_78_366_2019-09-17 15:30:09.223801,2-39-78-366,CA-323,2019-09-17 08:30:09-07:00,2019-09-17 17:22:04-07:00,2019-09-17 17:15:37-07:00,0.85,0.0,0.0,0.0,America/Los_Angeles
caltech,2_39_79_377_2019-09-17 15:31:06.823417,2-39-79-377,CA-325,2019-09-17 08:31:07-07:00,2019-09-17 17:08:24-07:00,2019-09-17 08:57:11-07:00,0.706,0.0,0.0,0.0,America/Los_Angeles
caltech,2_39_138_566_2019-09-17 15:33:02.627003,2-39-138-566,CA-512,2019-09-17 08:33:03-07:00,2019-09-17 09:22:46-07:00,2019-09-17 09:20:00-07:00,0.881,0.0,0.0,0.0,America/Los_Angeles
caltech,2_39_79_382_2019-09-17 15:44:09.408715,2-39-79-382,CA-491,2019-09-17 08:44:09-07:00,2019-09-17 17:02:03-07:00,2019-09-17 13:02:38-07:00,20.399,29.2,100.0,462.0,America/Los_Angeles
caltech,2_39_95_27_2019-09-17 15:50:06.546291,2-39-95-27,CA-319,2019-09-17 08:50:07-07:00,2019-09-19 00:30:22-07:00,2019-09-17 10:21:47-07:00,4.799,12.0,30.0,573.0,America/Los_Angeles
caltech,2_39_79_376_2019-09-17 15:52:03.819248,2-39-79-376,CA-324,2019-09-17 08:52:04-07:00,2019-09-17 18:05:00-07:00,2019-09-17 11:32:22-07:00,4.396,8.0,20.0,296.0,America/Los_Angeles
caltech,2_39_79_378_2019-09-17 15:57:33.842729,2-39-79-378,CA-326,2019-09-17 08:57:34-07:00,2019-09-17 17:58:02-07:00,2019-09-17 14:28:15-07:00,31.381,31.5,60.0,389.0,America/Los_Angeles
caltech,2_39_91_437_2019-09-17 16:25:41.814473,2-39-91-437,CA-317,2019-09-17 09:25:55-07:00,2019-09-17 16:24:56-07:00,2019-09-17 10:48:55-07:00,8.418,12.0,30.0,394.0,America/Los_Angeles
caltech,2_39_89_25_2019-09-17 16:35:19.599435,2-39-89-25,CA-315,2019-09-17 09:35:20-07:00,2019-09-17 17:16:59-07:00,2019-09-17 10:47:53-07:00,3.468,8.0,20.0,455.0,America/Los_Angeles
caltech,2_39_79_383_2019-09-17 16:38:18.792747,2-39-79-383,CA-492,2019-09-17 09:38:19-07:00,2019-09-17 18:08:22-07:00,2019-09-17 11:01:35-07:00,7.569,12.0,20.0,129.0,America/Los_Angeles
caltech,2_39_124_22_2019-09-17 16:39:03.975120,2-39-124-22,CA-312,2019-09-17 09:39:04-07:00,2019-09-17 16:09:32-07:00,2019-09-17 11:06:36-07:00,9.074,16.0,40.0,373.0,America/Los_Angeles
caltech,2_39_123_23_2019-09-17 16:48:06.050983,2-39-123-23,CA-313,2019-09-17 09:48:06-07:00,2019-09-17 11:38:46-07:00,2019-09-17 11:38:38-07:00,10.766,24.84,90.0,248.0,America/Los_Angeles
caltech,2_39_78_365_2019-09-17 16:54:54.679579,2-39-78-365,CA-321,2019-09-17 09:54:55-07:00,2019-09-17 18:48:30-07:00,2019-09-17 11:54:22-07:00,0.904,0.0,0.0,0.0,America/Los_Angeles
caltech,2_39_88_438_2019-09-17 17:03:05.940710,2-39-88-438,CA-502,2019-09-17 10:03:06-07:00,2019-09-17 19:07:31-07:00,2019-09-17 16:57:16-07:00,9.876,10.0,50.0,120.0,America/Los_Angeles
caltech,2_39_90_26_2019-09-17 17:10:00.883715,2-39-90-26,CA-316,2019-09-17 10:10:01-07:00,2019-09-17 12:04:26-07:00,2019-09-17 12:04:21-07:00,6.444,10.0,40.0,226.0,America/Los_Angeles
caltech,2_39_90_440_2019-09-17 17:11:03.791714,2-39-90-440,CA-500,2019-09-17 10:11:04-07:00,2019-09-17 17:16:44-07:00,2019-09-17 16:56:53-07:00,0.833,0.0,0.0,0.0,America/Los_Angeles
caltech,2_39_78_367_2019-09-17 17:14:16.148867,2-39-78-367,CA-494,2019-09-17 10:14:16-07:00,2019-09-17 16:54:34-07:00,2019-09-17 16:19:52-07:00,9.273,9.38,20.0,425.0,America/Los_Angeles
caltech,2_39_78_363_2019-09-17 17:17:15.538847,2-39-78-363,CA-320,2019-09-17 10:17:16-07:00,2019-09-17 21:55:01-07:00,2019-09-17 17:35:50-07:00,0.968,0.0,0.0,0.0,America/Los_Angeles
caltech,2_39_78_362_2019-09-17 17:39:06.859240,2-39-78-362,CA-496,2019-09-17 10:39:07-07:00,2019-09-17 12:11:14-07:00,2019-09-17 12:12:11-07:00,5.001,15.0,40.0,298.0,America/Los_Angeles
caltech,2_39_91_441_2019-09-17 17:47:18.960034,2-39-91-441,CA-499,2019-09-17 10:47:19-07:00,2019-09-17 12:25:11-07:00,2019-09-17 11:18:10-07:00,0.831,0.0,0.0,0.0,America/Los_Angeles
caltech,2_39_95_444_2019-09-17 18:10:00.196356,2-39-95-444,CA-497,2019-09-17 11:10:00-07:00,2019-09-17 18:48:19-07:00,2019-09-17 14:35:46-07:00,10.441,8.25,30.0,345.0,America/Los_Angeles
caltech,2_39_92_442_2019-09-17 18:40:48.722848,2-39-92-442,CA-498,2019-09-17 11:40:49-07:00,2019-09-17 20:09:10-07:00,2019-09-17 12:10:57-07:00,0.736,0.0,0.0,0.0,America/Los_Angeles
caltech,2_39_91_441_2019-09-17 19:44:48.922423,2-39-91-441,CA-499,2019-09-17 12:44:49-07:00,2019-09-17 16:26:33-07:00,2019-09-17 13:16:04-07:00,0.86,0.0,0.0,0.0,America/Los_Angeles
caltech,2_39_127_19_2019-09-17 19:48:34.738938,2-39-127-19,CA-309,2019-09-17 12:48:35-07:00,2019-09-17 15:56:45-07:00,2019-09-17 13:47:49-07:00,2.043,5.46,20.0,185.0,America/Los_Angeles
caltech,2_39_90_26_2019-09-17 20:04:03.906104,2-39-90-26,CA-316,2019-09-17 13:04:04-07:00,2019-09-17 13:46:06-07:00,2019-09-17 13:47:04-07:00,0.883,0.0,0.0,0.0,America/Los_Angeles
caltech,2_39_88_24_2019-09-17 20:06:06.743808,2-39-88-24,CA-314,2019-09-17 13:06:07-07:00,2019-09-17 19:20:13-07:00,2019-09-17 15:05:23-07:00,6.622,9.0,20.0,30.0,America/Los_Angeles
caltech,2_39_90_26_2019-09-17 21:11:43.077956,2-39-90-26,CA-316,2019-09-17 14:11:43-07:00,2019-09-17 17:29:56-07:00,2019-09-17 15:42:09-07:00,4.993,10.0,40.0,61.0,America/Los_Angeles
caltech,2_39_123_23_2019-09-17 21:53:50.063681,2-39-123-23,CA-313,2019-09-17 14:53:50-07:00,2019-09-17 16:08:03-07:00,2019-09-17 15:24:18-07:00,0.885,0.0,0.0,0.0,America/Los_Angeles
caltech,2_39_78_361_2019-09-17 22:12:29.177493,2-39-78-361,CA-493,2019-09-17 15:12:29-07:00,2019-09-17 16:02:54-07:00,2019-09-17 16:02:52-07:00,0.971,0.0,0.0,0.0,America/Los_Angeles
caltech,2_39_125_21_2019-09-17 22:59:37.475563,2-39-125-21,CA-311,2019-09-17 15:59:37-07:00,2019-09-17 17:56:47-07:00,2019-09-17 17:31:25-07:00,10.036,19.46,70.0,160.0,America/Los_Angeles
caltech,2_39_130_31_2019-09-17 23:09:55.017425,2-39-130-31,CA-306,2019-09-17 16:09:55-07:00,2019-09-17 17:15:41-07:00,2019-09-17 17:15:35-07:00,7.307,12.5,50.0,77.0,America/Los_Angeles
caltech,2_39_124_22_2019-09-17 23:14:50.829992,2-39-124-22,CA-312,2019-09-17 16:14:51-07:00,2019-09-17 21:04:14-07:00,2019-09-17 20:59:43-07:00,15.921,8.66,20.0,298.0,America/Los_Angeles
caltech,2_39_78_360_2019-09-17 23:50:17.765345,2-39-78-360,CA-322,2019-09-17 16:50:18-07:00,2019-09-17 19:59:01-07:00,2019-09-17 18:59:45-07:00,0.825,0.0,0.0,0.0,America/Los_Angeles
caltech,2_39_79_383_2019-09-18 12:06:28.137942,2-39-79-383,CA-492,2019-09-18 05:06:28-07:00,2019-09-18 09:17:49-07:00,2019-09-18 05:51:50-07:00,4.614,30.0,100.0,720.0,America/Los_Angeles
caltech,2_39_78_366_2019-09-18 15:08:32.144230,2-39-78-366,CA-323,2019-09-18 08:08:32-07:00,2019-09-18 13:59:37-07:00,2019-09-18 10:52:29-07:00,13.991,24.0,80.0,426.0,America/Los_Angeles
caltech,2_39_138_29_2019-09-18 15:31:51.131652,2-39-138-29,CA-304,2019-09-18 08:31:51-07:00,2019-09-18 11:37:55-07:00,2019-09-18 08:56:36-07:00,0.854,12.0,20.0,242.0,America/Los_Angeles
caltech,2_39_79_381_2019-09-18 15:34:46.045399,2-39-79-381,CA-490,2019-09-18 08:34:58-07:00,2019-09-18 13:38:15-07:00,2019-09-18 13:38:13-07:00,10.582,60.0,250.0,546.0,America/Los_Angeles
caltech,2_39_139_28_2019-09-18 15:39:31.041001,2-39-139-28,CA-303,2019-09-18 08:39:31-07:00,2019-09-18 18:36:48-07:00,2019-09-18 10:05:41-07:00,4.639,5.5,20.0,242.0,America/Los_Angeles
caltech,2_39_78_364_2019-09-18 15:45:40.922215,2-39-78-364,CA-495,2019-09-18 08:45:41-07:00,2019-09-18 17:29:39-07:00,2019-09-18 13:21:48-07:00,12.909,16.0,40.0,360.0,America/Los_Angeles
caltech,2_39_78_362_2019-09-18 15:45:51.669705,2-39-78-362,CA-496,2019-09-18 08:45:52-07:00,2019-09-18 17:04:03-07:00,2019-09-18 17:05:00-07:00,9.436,11.68,40.0,462.0,America/Los_Angeles
caltech,2_39_89_25_2019-09-18 15:51:58.224385,2-39-89-25,CA-315,2019-09-18 08:51:58-07:00,2019-09-18 13:14:45-07:00,2019-09-18 10:12:21-07:00,7.77,12.0,40.0,153.0,America/Los_Angeles
caltech,2_39_131_30_2019-09-18 15:54:04.091354,2-39-131-30,CA-305,2019-09-18 08:54:04-07:00,2019-09-18 17:38:27-07:00,2019-09-18 10:18:47-07:00,4.552,12.0,20.0,426.0,America/Los_Angeles
caltech,2_39_129_17_2019-09-18 15:54:47.544990,2-39-129-17,CA-307,2019-09-18 08:54:48-07:00,2019-09-18 16:59:54-07:00,2019-09-18 12:03:17-07:00,10.902,21.44,80.0,269.0,America/Los_Angeles
caltech,2_39_78_365_2019-09-18 16:14:38.744474,2-39-78-365,CA-321,2019-09-18 09:14:39-07:00,2019-09-18 10:46:22-07:00,2019-09-18 10:46:21-07:00,5.09,12.0,30.0,243.0,America/Los_Angeles
caltech,2_39_90_440_2019-09-18 16:15:42.661140,2-39-90-440,CA-500,2019-09-18 09:15:43-07:00,2019-09-18 17:35:39-07:00,2019-09-18 10:33:43-07:00,3.832,8.0,20.0,455.0,America/Los_Angeles
caltech,2_39_92_442_2019-09-18 16:17:22.097054,2-39-92-442,CA-498,2019-09-18 09:17:22-07:00,2019-09-18 13:50:36-07:00,2019-09-18 11:34:34-07:00,14.241,27.72,120.0,461.0,America/Los_Angeles
caltech,2_39_79_377_2019-09-18 16:34:39.854334,2-39-79-377,CA-325,2019-09-18 09:34:40-07:00,2019-09-18 18:13:31-07:00,2019-09-18 16:47:52-07:00,15.892,16.0,80.0,458.0,America/Los_Angeles
caltech,2_39_123_23_2019-09-18 16:44:10.022151,2-39-123-23,CA-313,2019-09-18 09:44:10-07:00,2019-09-18 18:28:02-07:00,2019-09-18 10:58:50-07:00,3.976,6.66,20.0,441.0,America/Los_Angeles
caltech,2_39_91_437_2019-09-18 16:55:04.336219,2-39-91-437,CA-317,2019-09-18 09:55:04-07:00,2019-09-18 18:39:03-07:00,2019-09-18 10:50:34-07:00,2.765,21.42,60.0,191.0,America/Los_Angeles
caltech,2_39_79_379_2019-09-18 16:56:16.437719,2-39-79-379,CA-327,2019-09-18 09:56:16-07:00,2019-09-18 18:20:25-07:00,2019-09-18 18:20:17-07:00,9.361,9.38,20.0,425.0,America/Los_Angeles
caltech,2_39_131_565_2019-09-18 17:10:32.987965,2-39-131-565,CA-511,2019-09-18 10:10:33-07:00,2019-09-18 11:44:56-07:00,2019-09-18 10:38:39-07:00,0.606,0.0,0.0,0.0,America/Los_Angeles
caltech,2_39_88_438_2019-09-18 17:31:44.148744,2-39-88-438,CA-502,2019-09-18 10:31:44-07:00,2019-09-18 16:14:31-07:00,2019-09-18 13:59:12-07:00,10.878,15.0,40.0,298.0,America/Los_Angeles
caltech,2_39_79_376_2019-09-18 17:34:22.787079,2-39-79-376,CA-324,2019-09-18 10:34:23-07:00,2019-09-18 21:35:38-07:00,2019-09-18 16:26:52-07:00,7.196,7.28,20.0,720.0,America/Los_Angeles
caltech,2_39_78_363_2019-09-18 17:35:02.658397,2-39-78-363,CA-320,2019-09-18 10:35:03-07:00,2019-09-18 19:13:13-07:00,2019-09-18 12:47:23-07:00,12.323,14.0,70.0,120.0,America/Los_Angeles
caltech,2_39_88_24_2019-09-18 17:40:38.236037,2-39-88-24,CA-314,2019-09-18 10:40:38-07:00,2019-09-18 17:46:10-07:00,2019-09-18 11:22:12-07:00,1.768,10.0,20.0,304.0,America/Los_Angeles
caltech,2_39_78_365_2019-09-18 17:53:17.538521,2-39-78-365,CA-321,2019-09-18 10:53:18-07:00,2019-09-18 12:29:59-07:00,2019-09-18 11:24:00-07:00,0.853,0.0,0.0,0.0,America/Los_Angeles
caltech,2_39_78_360_2019-09-18 18:33:47.255948,2-39-78-360,CA-322,2019-09-18 11:33:47-07:00,2019-09-18 17:15:56-07:00,2019-09-18 13:47:08-07:00,7.492,10.0,40.0,61.0,America/Los_Angeles
caltech,2_39_79_380_2019-09-18 18:38:38.902832,2-39-79-380,CA-489,2019-09-18 11:38:39-07:00,2019-09-18 17:09:05-07:00,2019-09-18 15:55:15-07:00,20.574,21.0,70.0,321.0,America/Los_Angeles
caltech,2_39_78_361_2019-09-18 18:39:27.960651,2-39-78-361,CA-493,2019-09-18 11:39:28-07:00,2019-09-18 14:36:30-07:00,2019-09-18 14:36:29-07:00,11.544,65.04,240.0,261.0,America/Los_Angeles
caltech,2_39_91_441_2019-09-18 18:59:59.675622,2-39-91-441,CA-499,2019-09-18 11:59:19-07:00,2019-09-18 16:06:55-07:00,2019-09-18 13:46:33-07:00,0.753,0.0,0.0,0.0,America/Los_Angeles
caltech,2_39_78_365_2019-09-18 19:31:20.794518,2-39-78-365,CA-321,2019-09-18 12:31:21-07:00,2019-09-18 13:23:33-07:00,2019-09-18 13:10:10-07:00,0.859,0.0,0.0,0.0,America/Los_Angeles
caltech,2_39_79_383_2019-09-18 19:48:38.514131,2-39-79-383,CA-492,2019-09-18 12:48:39-07:00,2019-09-18 15:50:50-07:00,2019-09-18 14:54:20-07:00,6.636,9.0,20.0,30.0,America/Los_Angeles
caltech,2_39_78_367_2019-09-18 19:56:26.156753,2-39-78-367,CA-494,2019-09-18 12:56:26-07:00,2019-09-18 17:11:46-07:00,2019-09-18 16:28:38-07:00,6.208,8.0,20.0,262.0,America/Los_Angeles
caltech,2_39_127_19_2019-09-18 21:12:35.956837,2-39-127-19,CA-309,2019-09-18 14:12:36-07:00,2019-09-18 18:25:12-07:00,2019-09-18 15:34:10-07:00,4.053,12.0,20.0,242.0,America/Los_Angeles
caltech,2_39_78_365_2019-09-18 21:57:33.487613,2-39-78-365,CA-321,2019-09-18 14:57:33-07:00,2019-09-18 16:13:26-07:00,2019-09-18 16:09:49-07:00,3.032,8.0,20.0,95.0,America/Los_Angeles
caltech,2_39_89_25_2019-09-18 22:58:09.501891,2-39-89-25,CA-315,2019-09-18 15:58:09-07:00,2019-09-18 17:29:07-07:00,2019-09-18 16:28:53-07:00,0.758,0.0,0.0,0.0,America/Los_Angeles
caltech,2_39_126_20_2019-09-18 23:12:13.909458,2-39-126-20,CA-310,2019-09-18 16:12:14-07:00,2019-09-18 22:06:43-07:00,2019-09-18 20:54:27-07:00,15.844,30.31,70.0,298.0,America/Los_Angeles
caltech,2_39_138_29_2019-09-19 00:57:24.526476,2-39-138-29,CA-304,2019-09-18 17:57:25-07:00,2019-09-18 18:51:24-07:00,2019-09-18 18:51:19-07:00,2.992,10.5,20.0,236.0,America/Los_Angeles
caltech,2_39_129_17_2019-09-19 01:02:33.364974,2-39-129-17,CA-307,2019-09-18 18:02:33-07:00,2019-09-18 19:35:10-07:00,2019-09-18 18:44:54-07:00,4.115,28.0,70.0,220.0,America/Los_Angeles
caltech,2_39_131_30_2019-09-19 01:33:49.597551,2-39-131-30,CA-305,2019-09-18 18:33:50-07:00,2019-09-18 20:31:35-07:00,2019-09-18 20:29:04-07:00,8.418,12.0,40.0,134.0,America/Los_Angeles
caltech,2_39_128_18_2019-09-19 01:39:44.100056,2-39-128-18,CA-308,2019-09-18 18:39:44-07:00,2019-09-18 20:27:55-07:00,2019-09-18 19:10:24-07:00,0.8331063888888889,0.0,0.0,0.0,America/Los_Angeles
caltech,2_39_125_21_2019-09-19 01:52:45.085033,2-39-125-21,CA-311,2019-09-18 18:52:45-07:00,2019-09-18 19:42:12-07:00,2019-09-18 19:42:08-07:00,4.893,16.0,40.0,30.0,America/Los_Angeles
caltech,2_39_123_23_2019-09-19 02:00:55.625141,2-39-123-23,CA-313,2019-09-18 19:00:56-07:00,2019-09-18 20:23:37-07:00,2019-09-18 19:59:58-07:00,5.701,16.0,40.0,99.0,America/Los_Angeles
caltech,2_39_89_25_2019-09-19 13:21:18.115920,2-39-89-25,CA-315,2019-09-19 06:21:18-07:00,2019-09-19 07:50:22-07:00,2019-09-19 07:33:56-07:00,3.581,8.0,20.0,66.0,America/Los_Angeles
caltech,2_39_78_366_2019-09-19 15:03:21.626827,2-39-78-366,CA-323,2019-09-19 08:03:22-07:00,2019-09-19 14:18:19-07:00,2019-09-19 08:34:22-07:00,0.858,0.0,0.0,0.0,America/Los_Angeles
caltech,2_39_78_361_2019-09-19 15:05:11.372223,2-39-78-361,CA-493,2019-09-19 08:05:11-07:00,2019-09-19 08:23:40-07:00,2019-09-19 08:23:36-07:00,0.937,4.0,10.0,136.0,America/Los_Angeles
caltech,2_39_139_28_2019-09-19 15:37:48.221751,2-39-139-28,CA-303,2019-09-19 08:37:48-07:00,2019-09-19 17:56:00-07:00,2019-09-19 10:09:56-07:00,4.557,5.5,20.0,242.0,America/Los_Angeles
caltech,2_39_78_361_2019-09-19 15:41:06.903067,2-39-78-361,CA-493,2019-09-19 08:41:07-07:00,2019-09-19 13:42:03-07:00,2019-09-19 12:59:26-07:00,0.97,0.0,0.0,0.0,America/Los_Angeles
caltech,2_39_131_30_2019-09-19 15:45:36.101247,2-39-131-30,CA-305,2019-09-19 08:45:36-07:00,2019-09-19 16:39:49-07:00,2019-09-19 10:08:01-07:00,4.429,12.0,20.0,426.0,America/Los_Angeles
caltech,2_39_78_365_2019-09-19 15:47:22.922850,2-39-78-365,CA-321,2019-09-19 08:47:23-07:00,2019-09-19 17:26:35-07:00,2019-09-19 12:16:56-07:00,13.155,18.0,30.0,369.0,America/Los_Angeles
caltech,2_39_79_381_2019-09-19 15:53:16.815617,2-39-79-381,CA-490,2019-09-19 08:53:32-07:00,2019-09-19 18:53:57-07:00,2019-09-19 18:53:53-07:00,26.135,60.0,250.0,546.0,America/Los_Angeles
caltech,2_39_79_379_2019-09-19 15:57:12.966234,2-39-79-379,CA-327,2019-09-19 08:57:13-07:00,2019-09-19 17:45:51-07:00,2019-09-19 14:22:15-07:00,27.463,42.0,80.0,488.0,America/Los_Angeles
caltech,2_39_129_17_2019-09-19 16:02:09.162629,2-39-129-17,CA-307,2019-09-19 09:02:09-07:00,2019-09-19 17:51:40-07:00,2019-09-19 12:15:03-07:00,20.763,52.0,100.0,426.0,America/Los_Angeles
caltech,2_39_127_19_2019-09-19 16:04:26.998082,2-39-127-19,CA-309,2019-09-19 09:04:27-07:00,2019-09-19 16:44:40-07:00,2019-09-19 12:41:54-07:00,13.443,20.0,40.0,447.0,America/Los_Angeles
caltech,2_39_128_18_2019-09-19 16:11:41.200151,2-39-128-18,CA-308,2019-09-19 09:11:41-07:00,2019-09-19 17:50:49-07:00,2019-09-19 11:25:40-07:00,4.428,10.72,40.0,269.0,America/Los_Angeles
caltech,2_39_90_26_2019-09-19 16:12:29.351136,2-39-90-26,CA-316,2019-09-19 09:12:29-07:00,2019-09-19 16:41:40-07:00,2019-09-19 10:20:31-07:00,6.065,12.0,40.0,153.0,America/Los_Angeles
caltech,2_39_89_25_2019-09-19 16:19:37.030122,2-39-89-25,CA-315,2019-09-19 09:19:37-07:00,2019-09-19 15:48:58-07:00,2019-09-19 12:29:25-07:00,10.531,24.0,60.0,203.0,America/Los_Angeles
caltech,2_39_79_382_2019-09-19 16:26:21.269624,2-39-79-382,CA-491,2019-09-19 09:26:21-07:00,2019-09-19 12:15:29-07:00,2019-09-19 12:15:24-07:00,15.822,37.5,150.0,436.0,America/Los_Angeles
caltech,2_39_95_444_2019-09-19 16:27:41.464525,2-39-95-444,CA-497,2019-09-19 09:27:41-07:00,2019-09-19 16:14:03-07:00,2019-09-19 12:21:20-07:00,19.764,45.4,200.0,509.0,America/Los_Angeles
caltech,2_39_79_380_2019-09-19 16:33:04.296886,2-39-79-380,CA-489,2019-09-19 09:33:04-07:00,2019-09-19 11:21:14-07:00,2019-09-19 10:03:36-07:00,0.8715697222222224,0.0,0.0,0.0,America/Los_Angeles
caltech,2_39_123_23_2019-09-19 16:33:35.904072,2-39-123-23,CA-313,2019-09-19 09:33:36-07:00,2019-09-19 18:55:17-07:00,2019-09-19 10:45:34-07:00,3.82,6.66,20.0,441.0,America/Los_Angeles
caltech,2_39_90_440_2019-09-19 16:51:22.538504,2-39-90-440,CA-500,2019-09-19 09:51:23-07:00,2019-09-19 16:41:56-07:00,2019-09-19 11:49:04-07:00,4.16,8.0,20.0,415.0,America/Los_Angeles
caltech,2_39_91_437_2019-09-19 16:55:00.611479,2-39-91-437,CA-317,2019-09-19 09:55:01-07:00,2019-09-19 21:16:42-07:00,2019-09-19 11:54:28-07:00,6.152,8.0,20.0,72.0,America/Los_Angeles
caltech,2_39_92_442_2019-09-19 16:56:07.044295,2-39-92-442,CA-498,2019-09-19 09:56:07-07:00,2019-09-19 18:25:31-07:00,2019-09-19 12:56:09-07:00,9.409,21.42,60.0,191.0,America/Los_Angeles
caltech,2_39_124_22_2019-09-19 16:57:43.499311,2-39-124-22,CA-312,2019-09-19 09:57:43-07:00,2019-09-19 18:22:48-07:00,2019-09-19 14:02:50-07:00,27.467,27.6,100.0,327.0,America/Los_Angeles
caltech,2_39_95_27_2019-09-19 16:58:57.519601,2-39-95-27,CA-319,2019-09-19 09:58:58-07:00,2019-09-19 19:07:03-07:00,2019-09-19 11:47:15-07:00,11.23,14.0,70.0,120.0,America/Los_Angeles
caltech,2_39_78_363_2019-09-19 17:52:03.205247,2-39-78-363,CA-320,2019-09-19 10:52:03-07:00,2019-09-19 20:27:38-07:00,2019-09-19 17:31:27-07:00,7.175,7.28,20.0,720.0,America/Los_Angeles
caltech,2_39_78_362_2019-09-19 18:09:28.524475,2-39-78-362,CA-496,2019-09-19 11:09:29-07:00,2019-09-19 16:52:19-07:00,2019-09-19 16:53:16-07:00,9.452,11.68,40.0,462.0,America/Los_Angeles
caltech,2_39_88_24_2019-09-19 18:16:02.206053,2-39-88-24,CA-314,2019-09-19 11:16:02-07:00,2019-09-19 16:42:04-07:00,2019-09-19 12:06:04-07:00,1.893,10.0,20.0,304.0,America/Los_Angeles
caltech,2_39_79_380_2019-09-19 18:22:13.358050,2-39-79-380,CA-489,2019-09-19 11:22:13-07:00,2019-09-23 19:42:24-07:00,2019-09-23 16:40:12-07:00,5.806,0.0,0.0,0.0,America/Los_Angeles
caltech,2_39_78_360_2019-09-19 19:28:06.985182,2-39-78-360,CA-322,2019-09-19 12:28:07-07:00,2019-09-19 18:39:31-07:00,2019-09-19 14:31:48-07:00,6.674,9.0,20.0,30.0,America/Los_Angeles
caltech,2_39_79_382_2019-09-19 20:12:56.659252,2-39-79-382,CA-491,2019-09-19 13:12:57-07:00,2019-09-19 17:56:01-07:00,2019-09-19 14:37:59-07:00,7.197,37.5,150.0,436.0,America/Los_Angeles
caltech,2_39_79_383_2019-09-19 20:19:46.305899,2-39-79-383,CA-492,2019-09-19 13:19:46-07:00,2019-09-19 15:54:27-07:00,2019-09-19 13:50:57-07:00,0.748,0.0,0.0,0.0,America/Los_Angeles
caltech,2_39_78_367_2019-09-19 20:21:02.590403,2-39-78-367,CA-494,2019-09-19 13:21:03-07:00,2019-09-19 16:09:12-07:00,2019-09-19 13:52:13-07:00,0.893,0.0,0.0,0.0,America/Los_Angeles
caltech,2_39_78_367_2019-09-19 23:10:33.291124,2-39-78-367,CA-494,2019-09-19 16:10:33-07:00,2019-09-19 16:56:27-07:00,2019-09-19 16:49:12-07:00,1.573,5.0,10.0,62.0,America/Los_Angeles
caltech,2_39_130_31_2019-09-19 23:56:26.619547,2-39-130-31,CA-306,2019-09-19 16:56:27-07:00,2019-09-19 18:23:16-07:00,2019-09-19 17:26:47-07:00,0.769,0.0,0.0,0.0,America/Los_Angeles
caltech,2_39_138_29_2019-09-20 00:37:15.155628,2-39-138-29,CA-304,2019-09-19 17:37:15-07:00,2019-09-19 20:14:18-07:00,2019-09-19 20:03:20-07:00,0.783,0.0,0.0,0.0,America/Los_Angeles
caltech,2_39_129_17_2019-09-20 00:54:51.553246,2-39-129-17,CA-307,2019-09-19 17:55:04-07:00,2019-09-19 19:09:53-07:00,2019-09-19 18:38:56-07:00,3.334,8.88,20.0,94.0,America/Los_Angeles
caltech,2_39_139_28_2019-09-20 03:23:31.421932,2-39-139-28,CA-303,2019-09-19 20:23:31-07:00,2019-09-19 21:37:12-07:00,2019-09-19 21:37:08-07:00,8.366,17.5,70.0,61.0,America/Los_Angeles
caltech,2_39_89_25_2019-09-20 15:16:53.467730,2-39-89-25,CA-315,2019-09-20 08:16:53-07:00,2019-09-20 11:21:27-07:00,2019-09-20 08:47:02-07:00,0.879,0.0,0.0,0.0,America/Los_Angeles
caltech,2_39_79_383_2019-09-20 15:31:34.640481,2-39-79-383,CA-492,2019-09-20 08:31:35-07:00,2019-09-20 13:24:34-07:00,2019-09-20 11:25:33-07:00,6.591,10.5,20.0,236.0,America/Los_Angeles
caltech,2_39_79_378_2019-09-20 15:37:18.302063,2-39-79-378,CA-326,2019-09-20 08:37:18-07:00,2019-09-20 10:55:26-07:00,2019-09-20 10:55:17-07:00,4.838,8.0,20.0,62.0,America/Los_Angeles
caltech,2_39_79_379_2019-09-20 15:40:15.516599,2-39-79-379,CA-327,2019-09-20 08:40:16-07:00,2019-09-20 15:56:57-07:00,2019-09-20 11:55:39-07:00,18.033,37.5,150.0,436.0,America/Los_Angeles
caltech,2_39_78_361_2019-09-20 15:46:42.567383,2-39-78-361,CA-493,2019-09-20 08:46:43-07:00,2019-09-20 15:58:00-07:00,2019-09-20 15:59:00-07:00,11.258,17.52,60.0,462.0,America/Los_Angeles
caltech,2_39_78_360_2019-09-20 15:51:45.092356,2-39-78-360,CA-322,2019-09-20 08:51:45-07:00,2019-09-20 17:32:43-07:00,2019-09-20 11:12:25-07:00,6.614,8.0,20.0,96.0,America/Los_Angeles
caltech,2_39_79_381_2019-09-20 15:52:46.865604,2-39-79-381,CA-490,2019-09-20 08:52:47-07:00,2019-09-20 11:49:00-07:00,2019-09-20 10:46:59-07:00,3.333,18.0,30.0,293.0,America/Los_Angeles
caltech,2_39_91_437_2019-09-20 15:53:21.261731,2-39-91-437,CA-317,2019-09-20 08:53:32-07:00,2019-09-20 16:55:21-07:00,2019-09-20 09:40:25-07:00,4.576,12.0,30.0,394.0,America/Los_Angeles
caltech,2_39_130_31_2019-09-20 15:55:33.287573,2-39-130-31,CA-306,2019-09-20 08:55:33-07:00,2019-09-20 17:20:57-07:00,2019-09-20 09:26:37-07:00,1.184,12.0,20.0,242.0,America/Los_Angeles
caltech,2_39_92_442_2019-09-20 16:08:49.625513,2-39-92-442,CA-498,2019-09-20 09:08:50-07:00,2019-09-20 16:26:54-07:00,2019-09-20 14:33:32-07:00,34.899,35.0,140.0,420.0,America/Los_Angeles
caltech,2_39_129_17_2019-09-20 16:10:22.302062,2-39-129-17,CA-307,2019-09-20 09:10:22-07:00,2019-09-20 18:14:23-07:00,2019-09-20 11:02:44-07:00,6.227,18.0,30.0,426.0,America/Los_Angeles
caltech,2_39_92_436_2019-09-20 16:14:59.688203,2-39-92-436,CA-318,2019-09-20 09:15:00-07:00,2019-09-20 20:45:40-07:00,2019-09-20 14:13:53-07:00,16.309,7.28,20.0,720.0,America/Los_Angeles
caltech,2_39_127_19_2019-09-20 16:16:13.514151,2-39-127-19,CA-309,2019-09-20 09:16:14-07:00,2019-09-20 12:21:22-07:00,2019-09-20 10:57:10-07:00,4.306,5.5,20.0,438.0,America/Los_Angeles
caltech,2_39_79_382_2019-09-20 16:31:43.830866,2-39-79-382,CA-491,2019-09-20 09:31:44-07:00,2019-09-20 18:29:58-07:00,2019-09-20 12:38:58-07:00,9.983,16.0,40.0,371.0,America/Los_Angeles
caltech,2_39_90_440_2019-09-20 16:37:43.213615,2-39-90-440,CA-500,2019-09-20 09:37:43-07:00,2019-09-20 16:11:20-07:00,2019-09-20 10:59:41-07:00,3.743,8.0,20.0,415.0,America/Los_Angeles
caltech,2_39_78_366_2019-09-20 16:39:23.847524,2-39-78-366,CA-323,2019-09-20 09:39:24-07:00,2019-09-20 11:44:15-07:00,2019-09-20 11:44:11-07:00,10.14,80.5,230.0,550.0,America/Los_Angeles
caltech,2_39_78_365_2019-09-20 16:44:00.842422,2-39-78-365,CA-321,2019-09-20 09:44:01-07:00,2019-09-20 18:00:17-07:00,2019-09-20 13:47:48-07:00,12.704,16.0,80.0,458.0,America/Los_Angeles
caltech,2_39_124_22_2019-09-20 16:52:30.811003,2-39-124-22,CA-312,2019-09-20 09:52:33-07:00,2019-09-20 12:33:51-07:00,2019-09-20 12:09:32-07:00,13.371,16.0,40.0,373.0,America/Los_Angeles
caltech,2_39_78_362_2019-09-20 17:01:28.814927,2-39-78-362,CA-496,2019-09-20 10:01:29-07:00,2019-09-20 17:54:13-07:00,2019-09-20 17:55:12-07:00,24.109,45.4,200.0,509.0,America/Los_Angeles
caltech,2_39_123_23_2019-09-20 17:03:25.425008,2-39-123-23,CA-313,2019-09-20 10:03:25-07:00,2019-09-20 18:20:33-07:00,2019-09-20 13:06:20-07:00,9.705,21.42,60.0,191.0,America/Los_Angeles
caltech,2_39_90_26_2019-09-20 17:07:12.506141,2-39-90-26,CA-316,2019-09-20 10:07:28-07:00,2019-09-20 17:54:54-07:00,2019-09-20 17:54:46-07:00,32.53,32.0,80.0,417.0,America/Los_Angeles
caltech,2_39_78_363_2019-09-20 17:18:17.946607,2-39-78-363,CA-320,2019-09-20 10:18:18-07:00,2019-09-20 17:47:18-07:00,2019-09-20 15:41:28-07:00,9.255,9.38,20.0,425.0,America/Los_Angeles
caltech,2_39_91_441_2019-09-20 17:25:20.743593,2-39-91-441,CA-499,2019-09-20 10:25:21-07:00,2019-09-20 12:26:55-07:00,2019-09-20 12:19:37-07:00,12.022,8.5,20.0,139.0,America/Los_Angeles
caltech,2_39_88_438_2019-09-20 18:39:54.570662,2-39-88-438,CA-502,2019-09-20 11:39:55-07:00,2019-09-20 16:03:48-07:00,2019-09-20 12:10:26-07:00,0.852,0.0,0.0,0.0,America/Los_Angeles
caltech,2_39_89_25_2019-09-20 18:44:53.665870,2-39-89-25,CA-315,2019-09-20 11:44:54-07:00,2019-09-20 19:00:24-07:00,2019-09-20 13:45:05-07:00,6.624,9.0,20.0,30.0,America/Los_Angeles
caltech,2_39_79_378_2019-09-20 18:50:04.209774,2-39-79-378,CA-326,2019-09-20 11:50:04-07:00,2019-09-20 22:28:43-07:00,2019-09-20 14:22:22-07:00,7.763,8.0,20.0,136.0,America/Los_Angeles
caltech,2_39_79_381_2019-09-20 19:24:23.785247,2-39-79-381,CA-490,2019-09-20 12:24:24-07:00,2019-09-20 17:21:39-07:00,2019-09-20 17:21:27-07:00,17.628,8.0,20.0,166.0,America/Los_Angeles
caltech,2_39_78_366_2019-09-20 19:56:58.038115,2-39-78-366,CA-323,2019-09-20 12:56:58-07:00,2019-09-20 16:04:54-07:00,2019-09-20 15:41:29-07:00,0.819,0.0,0.0,0.0,America/Los_Angeles
caltech,2_39_79_376_2019-09-20 20:19:56.420461,2-39-79-376,CA-324,2019-09-20 13:19:56-07:00,2019-09-20 18:31:07-07:00,2019-09-20 14:45:19-07:00,3.266,18.0,30.0,293.0,America/Los_Angeles
caltech,2_39_127_19_2019-09-20 20:24:34.310286,2-39-127-19,CA-309,2019-09-20 13:24:41-07:00,2019-09-20 18:13:33-07:00,2019-09-20 14:00:32-07:00,1.548,2.75,10.0,223.0,America/Los_Angeles
caltech,2_39_79_377_2019-09-20 20:49:34.250627,2-39-79-377,CA-325,2019-09-20 13:49:34-07:00,2019-09-20 16:38:57-07:00,2019-09-20 16:36:43-07:00,16.091,18.0,60.0,183.0,America/Los_Angeles
caltech,2_39_124_22_2019-09-20 20:53:07.269123,2-39-124-22,CA-312,2019-09-20 13:53:07-07:00,2019-09-20 17:31:03-07:00,2019-09-20 17:30:54-07:00,11.732,15.2,38.0,173.0,America/Los_Angeles
caltech,2_39_91_441_2019-09-20 22:02:34.610523,2-39-91-441,CA-499,2019-09-20 15:02:35-07:00,2019-09-20 16:44:31-07:00,2019-09-20 15:33:30-07:00,0.853,0.0,0.0,0.0,America/Los_Angeles
caltech,2_39_78_367_2019-09-20 22:12:50.610829,2-39-78-367,CA-494,2019-09-20 15:12:51-07:00,2019-09-20 18:19:56-07:00,2019-09-20 18:06:19-07:00,1.039,0.0,0.0,0.0,America/Los_Angeles
caltech,2_39_95_27_2019-09-21 01:23:14.803375,2-39-95-27,CA-319,2019-09-20 18:23:15-07:00,2019-09-21 00:05:06-07:00,2019-09-20 21:57:52-07:00,23.014,40.0,100.0,144.0,America/Los_Angeles
caltech,2_39_139_28_2019-09-21 01:41:54.727510,2-39-139-28,CA-303,2019-09-20 18:42:02-07:00,2019-09-20 20:01:19-07:00,2019-09-20 20:00:15-07:00,6.46,8.88,20.0,94.0,America/Los_Angeles
caltech,2_39_138_29_2019-09-21 01:49:50.161039,2-39-138-29,CA-304,2019-09-20 18:49:50-07:00,2019-09-20 20:59:57-07:00,2019-09-20 19:20:50-07:00,0.876,0.0,0.0,0.0,America/Los_Angeles
caltech,2_39_129_17_2019-09-21 01:50:14.826583,2-39-129-17,CA-307,2019-09-20 18:50:15-07:00,2019-09-20 21:24:28-07:00,2019-09-20 19:20:51-07:00,0.947,0.0,0.0,0.0,America/Los_Angeles
caltech,2_39_91_441_2019-09-21 06:08:43.858962,2-39-91-441,CA-499,2019-09-20 23:08:44-07:00,2019-09-22 08:02:31-07:00,2019-09-21 02:00:16-07:00,16.82,40.0,100.0,1913.0,America/Los_Angeles
caltech,2_39_89_25_2019-09-21 15:19:54.399653,2-39-89-25,CA-315,2019-09-21 08:19:54-07:00,2019-09-21 10:28:58-07:00,2019-09-21 09:46:52-07:00,4.341,8.0,20.0,126.0,America/Los_Angeles
caltech,2_39_139_28_2019-09-21 19:47:06.254992,2-39-139-28,CA-303,2019-09-21 12:47:06-07:00,2019-09-21 15:17:54-07:00,2019-09-21 15:17:46-07:00,16.708,23.4,90.0,293.0,America/Los_Angeles
caltech,2_39_139_28_2019-09-21 22:40:10.240172,2-39-139-28,CA-303,2019-09-21 15:40:10-07:00,2019-09-21 17:43:39-07:00,2019-09-21 17:33:55-07:00,12.367,12.5,50.0,118.0,America/Los_Angeles
caltech,2_39_138_29_2019-09-21 23:51:17.748227,2-39-138-29,CA-304,2019-09-21 16:51:18-07:00,2019-09-21 18:02:37-07:00,2019-09-21 17:45:44-07:00,2.434,6.66,20.0,68.0,America/Los_Angeles
caltech,2_39_89_25_2019-09-22 16:06:44.069006,2-39-89-25,CA-315,2019-09-22 09:06:44-07:00,2019-09-22 10:40:00-07:00,2019-09-22 10:25:12-07:00,4.082,8.0,20.0,83.0,America/Los_Angeles
caltech,2_39_79_377_2019-09-22 16:43:45.449082,2-39-79-377,CA-325,2019-09-22 09:43:45-07:00,2019-09-22 14:08:40-07:00,2019-09-22 14:04:14-07:00,24.898,25.0,100.0,400.0,America/Los_Angeles
caltech,2_39_131_30_2019-09-22 17:56:07.284431,2-39-131-30,CA-305,2019-09-22 10:56:07-07:00,2019-09-22 12:44:14-07:00,2019-09-22 12:44:09-07:00,5.839,10.0,20.0,304.0,America/Los_Angeles
caltech,2_39_139_28_2019-09-22 19:12:17.596729,2-39-139-28,CA-303,2019-09-22 12:12:18-07:00,2019-09-22 18:35:43-07:00,2019-09-22 18:35:39-07:00,41.04,93.6,180.0,426.0,America/Los_Angeles
caltech,2_39_131_30_2019-09-22 22:25:09.227851,2-39-131-30,CA-305,2019-09-22 15:25:20-07:00,2019-09-22 17:38:24-07:00,2019-09-22 17:30:15-07:00,7.217,8.0,20.0,146.0,America/Los_Angeles
caltech,2_39_129_17_2019-09-22 23:22:28.914675,2-39-129-17,CA-307,2019-09-22 16:22:29-07:00,2019-09-22 17:26:08-07:00,2019-09-22 17:25:59-07:00,6.949,12.0,30.0,113.0,America/Los_Angeles
caltech,2_39_78_366_2019-09-23 15:14:02.824975,2-39-78-366,CA-323,2019-09-23 08:14:03-07:00,2019-09-23 17:52:06-07:00,2019-09-23 17:03:44-07:00,50.387,57.0,190.0,523.0,America/Los_Angeles
caltech,2_39_129_17_2019-09-23 15:18:49.797132,2-39-129-17,CA-307,2019-09-23 08:18:50-07:00,2019-09-23 18:12:57-07:00,2019-09-23 10:21:58-07:00,6.505,10.5,20.0,236.0,America/Los_Angeles
caltech,2_39_79_377_2019-09-23 15:33:24.071623,2-39-79-377,CA-325,2019-09-23 08:33:24-07:00,2019-09-23 20:25:08-07:00,2019-09-23 13:56:27-07:00,16.064,21.84,60.0,720.0,America/Los_Angeles
caltech,2_39_139_28_2019-09-23 15:43:37.557001,2-39-139-28,CA-303,2019-09-23 08:43:38-07:00,2019-09-23 18:10:45-07:00,2019-09-23 13:34:07-07:00,15.941,36.0,60.0,426.0,America/Los_Angeles
caltech,2_39_131_30_2019-09-23 15:45:33.723383,2-39-131-30,CA-305,2019-09-23 08:45:34-07:00,2019-09-23 19:01:38-07:00,2019-09-23 09:59:57-07:00,3.95,6.66,20.0,441.0,America/Los_Angeles
caltech,2_39_127_19_2019-09-23 15:47:22.535663,2-39-127-19,CA-309,2019-09-23 08:47:23-07:00,2019-09-23 12:45:28-07:00,2019-09-23 10:14:43-07:00,4.498,5.5,20.0,223.0,America/Los_Angeles
caltech,2_39_79_378_2019-09-23 15:48:54.561108,2-39-79-378,CA-326,2019-09-23 08:48:55-07:00,2019-09-23 17:45:45-07:00,2019-09-23 11:58:22-07:00,18.883,37.5,150.0,436.0,America/Los_Angeles
caltech,2_39_92_442_2019-09-23 15:49:58.801300,2-39-92-442,CA-498,2019-09-23 08:49:59-07:00,2019-09-23 16:37:12-07:00,2019-09-23 14:25:22-07:00,34.244,35.0,140.0,471.0,America/Los_Angeles
caltech,2_39_78_365_2019-09-23 15:57:07.525234,2-39-78-365,CA-321,2019-09-23 08:56:39-07:00,2019-09-23 17:46:02-07:00,2019-09-23 16:48:52-07:00,37.644,42.0,80.0,60.0,America/Los_Angeles
caltech,2_39_79_382_2019-09-23 16:01:16.153496,2-39-79-382,CA-491,2019-09-23 09:01:16-07:00,2019-09-23 16:26:27-07:00,2019-09-23 15:06:39-07:00,27.612,27.72,120.0,461.0,America/Los_Angeles
caltech,2_39_125_21_2019-09-23 16:01:20.588412,2-39-125-21,CA-311,2019-09-23 09:01:21-07:00,2019-09-23 15:09:05-07:00,2019-09-23 10:00:51-07:00,5.757,16.0,40.0,373.0,America/Los_Angeles
caltech,2_39_78_367_2019-09-23 16:19:00.277512,2-39-78-367,CA-494,2019-09-23 09:19:00-07:00,2019-09-23 14:08:41-07:00,2019-09-23 14:08:35-07:00,11.758,15.0,40.0,298.0,America/Los_Angeles
caltech,2_39_89_25_2019-09-23 16:41:36.165863,2-39-89-25,CA-315,2019-09-23 09:41:36-07:00,2019-09-23 16:37:29-07:00,2019-09-23 11:21:02-07:00,3.789,8.0,20.0,454.0,America/Los_Angeles
caltech,2_39_95_27_2019-09-23 16:51:22.248255,2-39-95-27,CA-319,2019-09-23 09:51:22-07:00,2019-09-23 16:40:25-07:00,2019-09-23 11:37:03-07:00,8.435,14.07,30.0,324.0,America/Los_Angeles
caltech,2_39_88_438_2019-09-23 17:06:46.772788,2-39-88-438,CA-502,2019-09-23 10:06:47-07:00,2019-09-23 19:15:35-07:00,2019-09-23 13:47:23-07:00,21.623,22.0,110.0,120.0,America/Los_Angeles
caltech,2_39_90_26_2019-09-23 17:12:12.386521,2-39-90-26,CA-316,2019-09-23 10:12:12-07:00,2019-09-23 11:19:40-07:00,2019-09-23 11:19:35-07:00,7.188,40.05,150.0,426.0,America/Los_Angeles
caltech,2_39_91_441_2019-09-23 17:12:42.146345,2-39-91-441,CA-499,2019-09-23 10:12:42-07:00,2019-09-23 17:04:07-07:00,2019-09-23 11:35:58-07:00,7.191,8.5,20.0,139.0,America/Los_Angeles
caltech,2_39_91_437_2019-09-23 17:20:30.304077,2-39-91-437,CA-317,2019-09-23 10:20:30-07:00,2019-09-23 18:58:39-07:00,2019-09-23 11:23:13-07:00,3.105,21.42,60.0,191.0,America/Los_Angeles
caltech,2_39_123_23_2019-09-23 18:02:17.794872,2-39-123-23,CA-313,2019-09-23 11:02:18-07:00,2019-09-23 15:39:20-07:00,2019-09-23 15:38:52-07:00,18.894,27.6,100.0,327.0,America/Los_Angeles
caltech,2_39_79_383_2019-09-23 18:10:06.614966,2-39-79-383,CA-492,2019-09-23 11:10:07-07:00,2019-09-23 17:09:26-07:00,2019-09-23 14:21:41-07:00,8.174,12.0,40.0,350.0,America/Los_Angeles
caltech,2_39_78_362_2019-09-23 18:38:05.160763,2-39-78-362,CA-496,2019-09-23 11:38:05-07:00,2019-09-23 12:41:18-07:00,2019-09-23 12:42:16-07:00,0.9,0.0,0.0,0.0,America/Los_Angeles
caltech,2_39_130_31_2019-09-23 18:39:04.025582,2-39-130-31,CA-306,2019-09-23 11:39:04-07:00,2019-09-23 17:40:02-07:00,2019-09-23 12:30:45-07:00,2.198,10.0,20.0,304.0,America/Los_Angeles
caltech,2_39_95_444_2019-09-23 18:47:44.870687,2-39-95-444,CA-497,2019-09-23 11:47:45-07:00,2019-09-23 17:39:35-07:00,2019-09-23 16:10:00-07:00,28.423,32.12,110.0,299.0,America/Los_Angeles
caltech,2_39_79_376_2019-09-23 19:07:36.043390,2-39-79-376,CA-324,2019-09-23 12:07:36-07:00,2019-09-23 14:20:32-07:00,2019-09-23 14:20:28-07:00,13.271,20.0,50.0,254.0,America/Los_Angeles
caltech,2_39_90_26_2019-09-23 19:12:55.443739,2-39-90-26,CA-316,2019-09-23 12:12:55-07:00,2019-09-23 19:54:35-07:00,2019-09-23 13:15:38-07:00,2.069,16.0,40.0,291.0,America/Los_Angeles
caltech,2_39_90_440_2019-09-23 19:36:42.663702,2-39-90-440,CA-500,2019-09-23 12:36:51-07:00,2019-09-23 15:58:33-07:00,2019-09-23 14:16:44-07:00,10.302,12.0,30.0,245.0,America/Los_Angeles
caltech,2_39_78_362_2019-09-23 19:41:24.301112,2-39-78-362,CA-496,2019-09-23 12:41:24-07:00,2019-09-23 16:48:37-07:00,2019-09-23 16:49:35-07:00,0.943,0.0,0.0,0.0,America/Los_Angeles
caltech,2_39_78_363_2019-09-23 19:42:04.870491,2-39-78-363,CA-320,2019-09-23 12:42:05-07:00,2019-09-23 13:42:38-07:00,2019-09-23 13:42:34-07:00,1.726,8.19,30.0,185.0,America/Los_Angeles
caltech,2_39_92_436_2019-09-23 20:13:00.973044,2-39-92-436,CA-318,2019-09-23 13:13:01-07:00,2019-09-23 18:47:39-07:00,2019-09-23 15:16:41-07:00,6.663,9.0,20.0,30.0,America/Los_Angeles
caltech,2_39_123_557_2019-09-23 20:26:18.519597,2-39-123-557,CA-503,2019-09-23 13:26:19-07:00,2019-09-23 17:45:37-07:00,2019-09-23 14:45:22-07:00,8.525,16.0,80.0,458.0,America/Los_Angeles
caltech,2_39_127_19_2019-09-23 20:41:56.746239,2-39-127-19,CA-309,2019-09-23 13:41:57-07:00,2019-09-23 18:56:21-07:00,2019-09-23 14:06:38-07:00,0.924,2.75,10.0,223.0,America/Los_Angeles
caltech,2_39_78_360_2019-09-23 21:29:01.270058,2-39-78-360,CA-322,2019-09-23 14:29:01-07:00,2019-09-23 18:14:15-07:00,2019-09-23 16:51:22-07:00,3.512,8.0,20.0,101.0,America/Los_Angeles
caltech,2_39_88_24_2019-09-23 21:37:46.544125,2-39-88-24,CA-314,2019-09-23 14:38:04-07:00,2019-09-23 17:42:26-07:00,2019-09-23 16:43:06-07:00,6.519,8.0,20.0,210.0,America/Los_Angeles
caltech,2_39_78_362_2019-09-24 00:06:05.217436,2-39-78-362,CA-496,2019-09-23 17:06:05-07:00,2019-09-23 17:50:52-07:00,2019-09-23 17:51:52-07:00,0.912,0.0,0.0,0.0,America/Los_Angeles
caltech,2_39_128_18_2019-09-24 00:09:08.277510,2-39-128-18,CA-308,2019-09-23 17:09:08-07:00,2019-09-23 21:38:14-07:00,2019-09-23 21:38:09-07:00,15.007,30.31,70.0,298.0,America/Los_Angeles
caltech,2_39_130_31_2019-09-24 00:46:32.585522,2-39-130-31,CA-306,2019-09-23 17:46:33-07:00,2019-09-23 19:39:15-07:00,2019-09-23 19:21:50-07:00,9.847,28.0,70.0,220.0,America/Los_Angeles
caltech,2_39_125_21_2019-09-24 00:47:25.334853,2-39-125-21,CA-311,2019-09-23 17:47:30-07:00,2019-09-23 19:03:41-07:00,2019-09-23 18:39:11-07:00,4.147,8.88,20.0,94.0,America/Los_Angeles
caltech,2_39_139_28_2019-09-24 01:32:17.831582,2-39-139-28,CA-303,2019-09-23 18:32:18-07:00,2019-09-23 19:18:56-07:00,2019-09-23 19:06:03-07:00,1.188,3.33,10.0,68.0,America/Los_Angeles
caltech,2_39_131_30_2019-09-24 02:19:08.442325,2-39-131-30,CA-305,2019-09-23 19:19:17-07:00,2019-09-23 20:11:26-07:00,2019-09-23 20:11:22-07:00,5.282,16.0,40.0,30.0,America/Los_Angeles
caltech,2_39_79_380_2019-09-24 14:39:00.683391,2-39-79-380,CA-489,2019-09-24 07:39:01-07:00,2019-09-24 12:42:27-07:00,2019-09-24 12:16:26-07:00,0.873,0.0,0.0,0.0,America/Los_Angeles
caltech,2_39_79_379_2019-09-24 14:52:47.780791,2-39-79-379,CA-327,2019-09-24 07:52:48-07:00,2019-09-24 19:12:33-07:00,2019-09-24 12:56:52-07:00,13.405,21.84,60.0,720.0,America/Los_Angeles
caltech,2_39_78_366_2019-09-24 15:12:48.857368,2-39-78-366,CA-323,2019-09-24 08:12:49-07:00,2019-09-24 17:08:51-07:00,2019-09-24 16:13:17-07:00,0.916,0.0,0.0,0.0,America/Los_Angeles
caltech,2_39_91_437_2019-09-24 15:16:21.871922,2-39-91-437,CA-317,2019-09-24 08:16:30-07:00,2019-09-24 16:00:59-07:00,2019-09-24 09:06:52-07:00,4.987,12.0,30.0,245.0,America/Los_Angeles
caltech,2_39_92_436_2019-09-24 15:34:08.707367,2-39-92-436,CA-318,2019-09-24 08:34:09-07:00,2019-09-24 13:34:38-07:00,2019-09-24 13:34:33-07:00,33.452,65.04,240.0,261.0,America/Los_Angeles
caltech,2_39_78_367_2019-09-24 15:34:54.123552,2-39-78-367,CA-494,2019-09-24 08:34:54-07:00,2019-09-24 15:16:45-07:00,2019-09-24 15:16:44-07:00,11.131,11.68,40.0,410.0,America/Los_Angeles
caltech,2_39_79_377_2019-09-24 15:35:16.256195,2-39-79-377,CA-325,2019-09-24 08:35:16-07:00,2019-09-24 12:06:14-07:00,2019-09-24 12:07:04-07:00,0.991,0.0,0.0,0.0,America/Los_Angeles
caltech,2_39_139_28_2019-09-24 15:36:51.146013,2-39-139-28,CA-303,2019-09-24 08:36:51-07:00,2019-09-24 12:14:39-07:00,2019-09-24 11:57:22-07:00,10.894,11.0,40.0,223.0,America/Los_Angeles
caltech,2_39_131_30_2019-09-24 15:50:48.902578,2-39-131-30,CA-305,2019-09-24 08:50:49-07:00,2019-09-24 18:23:44-07:00,2019-09-24 10:10:50-07:00,4.277,12.0,20.0,413.0,America/Los_Angeles
caltech,2_39_129_17_2019-09-24 16:08:05.582787,2-39-129-17,CA-307,2019-09-24 09:08:06-07:00,2019-09-24 18:56:35-07:00,2019-09-24 10:17:23-07:00,3.807,6.66,20.0,441.0,America/Los_Angeles
caltech,2_39_79_381_2019-09-24 16:08:43.372763,2-39-79-381,CA-490,2019-09-24 09:08:43-07:00,2019-09-24 18:09:42-07:00,2019-09-24 12:05:00-07:00,17.46,37.5,150.0,436.0,America/Los_Angeles
caltech,2_39_79_376_2019-09-24 16:27:59.757114,2-39-79-376,CA-324,2019-09-24 09:28:00-07:00,2019-09-24 17:13:04-07:00,2019-09-24 12:35:58-07:00,4.677,8.0,20.0,191.0,America/Los_Angeles
caltech,2_39_123_23_2019-09-24 16:36:31.424682,2-39-123-23,CA-313,2019-09-24 09:36:31-07:00,2019-09-24 16:09:09-07:00,2019-09-24 11:45:07-07:00,13.503,16.0,40.0,373.0,America/Los_Angeles
caltech,2_39_88_438_2019-09-24 17:03:41.798877,2-39-88-438,CA-502,2019-09-24 10:03:42-07:00,2019-09-24 19:06:20-07:00,2019-09-24 12:38:49-07:00,7.906,8.0,40.0,120.0,America/Los_Angeles
caltech,2_39_89_25_2019-09-24 17:10:49.473017,2-39-89-25,CA-315,2019-09-24 10:10:49-07:00,2019-09-24 17:52:29-07:00,2019-09-24 10:54:41-07:00,1.879,10.0,20.0,304.0,America/Los_Angeles
caltech,2_39_78_365_2019-09-24 17:24:04.858880,2-39-78-365,CA-321,2019-09-24 10:24:05-07:00,2019-09-24 20:27:31-07:00,2019-09-24 11:26:18-07:00,2.21,16.0,40.0,291.0,America/Los_Angeles
caltech,2_39_95_27_2019-09-24 17:24:20.715701,2-39-95-27,CA-319,2019-09-24 10:24:21-07:00,2019-09-24 18:43:20-07:00,2019-09-24 13:53:35-07:00,10.744,21.42,60.0,191.0,America/Los_Angeles
caltech,2_39_78_364_2019-09-24 17:34:34.320416,2-39-78-364,CA-495,2019-09-24 10:34:34-07:00,2019-09-24 17:39:38-07:00,2019-09-24 12:44:29-07:00,12.762,14.07,30.0,423.0,America/Los_Angeles
caltech,2_39_78_360_2019-09-24 17:44:43.823186,2-39-78-360,CA-322,2019-09-24 10:44:44-07:00,2019-09-24 19:20:50-07:00,2019-09-24 12:20:47-07:00,9.345,12.0,30.0,335.0,America/Los_Angeles
caltech,2_39_90_440_2019-09-24 18:17:19.072544,2-39-90-440,CA-500,2019-09-24 11:17:19-07:00,2019-09-24 16:43:09-07:00,2019-09-24 13:12:23-07:00,5.961,8.0,20.0,344.0,America/Los_Angeles
caltech,2_39_95_444_2019-09-24 20:15:34.414218,2-39-95-444,CA-497,2019-09-24 13:15:34-07:00,2019-09-24 18:51:35-07:00,2019-09-24 14:16:46-07:00,3.38,9.0,20.0,30.0,America/Los_Angeles
caltech,2_39_91_441_2019-09-24 20:29:56.979073,2-39-91-441,CA-499,2019-09-24 13:29:57-07:00,2019-09-24 19:15:53-07:00,2019-09-24 15:27:34-07:00,6.093,8.0,20.0,72.0,America/Los_Angeles
caltech,2_39_79_378_2019-09-24 21:40:04.356110,2-39-79-378,CA-326,2019-09-24 14:40:04-07:00,2019-09-24 18:08:44-07:00,2019-09-24 17:57:43-07:00,2.546,0.0,0.0,0.0,America/Los_Angeles
caltech,2_39_78_363_2019-09-24 21:51:04.881169,2-39-78-363,CA-320,2019-09-24 14:51:05-07:00,2019-09-24 16:57:37-07:00,2019-09-24 16:09:49-07:00,7.757,15.0,50.0,411.0,America/Los_Angeles
caltech,2_39_126_20_2019-09-25 00:17:45.845870,2-39-126-20,CA-310,2019-09-24 17:17:46-07:00,2019-09-24 18:46:14-07:00,2019-09-24 18:46:09-07:00,4.678,6.66,20.0,68.0,America/Los_Angeles
caltech,2_39_139_28_2019-09-25 01:34:15.879955,2-39-139-28,CA-303,2019-09-24 18:34:16-07:00,2019-09-24 20:43:15-07:00,2019-09-24 20:41:16-07:00,6.461,8.0,20.0,60.0,America/Los_Angeles
caltech,2_39_79_377_2019-09-25 01:46:51.445552,2-39-79-377,CA-325,2019-09-24 18:46:51-07:00,2019-09-24 19:30:44-07:00,2019-09-24 19:30:39-07:00,3.353,10.0,40.0,81.0,America/Los_Angeles
caltech,2_39_131_30_2019-09-25 02:49:50.522060,2-39-131-30,CA-305,2019-09-24 19:49:51-07:00,2019-09-24 20:36:20-07:00,2019-09-24 20:36:16-07:00,4.714,16.0,40.0,30.0,America/Los_Angeles
caltech,2_39_138_29_2019-09-25 03:21:25.565298,2-39-138-29,CA-304,2019-09-24 20:21:26-07:00,2019-09-24 21:43:55-07:00,2019-09-24 21:43:51-07:00,9.148,17.5,70.0,61.0,America/Los_Angeles
caltech,2_39_126_20_2019-09-25 04:33:03.625648,2-39-126-20,CA-310,2019-09-24 21:33:04-07:00,2019-09-24 21:48:30-07:00,2019-09-24 21:48:25-07:00,1.707,24.0,120.0,88.0,America/Los_Angeles
caltech,2_39_130_31_2019-09-25 04:43:23.621108,2-39-130-31,CA-306,2019-09-24 21:43:24-07:00,2019-09-25 18:02:44-07:00,2019-09-25 16:06:52-07:00,6.071,15.2,38.0,173.0,America/Los_Angeles
caltech,2_39_79_383_2019-09-25 15:06:39.933087,2-39-79-383,CA-492,2019-09-25 08:06:40-07:00,2019-09-25 23:07:35-07:00,2019-09-25 10:10:47-07:00,6.413,10.5,20.0,236.0,America/Los_Angeles
caltech,2_39_78_366_2019-09-25 15:11:18.486184,2-39-78-366,CA-323,2019-09-25 08:11:18-07:00,2019-09-25 17:24:33-07:00,2019-09-25 17:02:23-07:00,18.205,21.0,70.0,523.0,America/Los_Angeles
caltech,2_39_79_380_2019-09-25 15:16:26.670991,2-39-79-380,CA-489,2019-09-25 08:16:27-07:00,2019-09-25 16:54:15-07:00,2019-09-25 09:43:51-07:00,0.843,0.0,0.0,0.0,America/Los_Angeles
caltech,2_39_139_28_2019-09-25 15:38:53.212159,2-39-139-28,CA-303,2019-09-25 08:38:53-07:00,2019-09-25 12:43:28-07:00,2019-09-25 09:58:13-07:00,4.218,5.5,20.0,223.0,America/Los_Angeles
caltech,2_39_89_25_2019-09-25 15:51:17.031613,2-39-89-25,CA-315,2019-09-25 08:51:17-07:00,2019-09-25 16:39:18-07:00,2019-09-25 10:33:20-07:00,5.122,8.0,20.0,466.0,America/Los_Angeles
caltech,2_39_78_364_2019-09-25 15:56:45.705258,2-39-78-364,CA-495,2019-09-25 08:56:46-07:00,2019-09-25 17:07:50-07:00,2019-09-25 15:19:50-07:00,7.952,11.68,40.0,410.0,America/Los_Angeles
caltech,2_39_131_30_2019-09-25 15:57:09.325996,2-39-131-30,CA-305,2019-09-25 08:57:09-07:00,2019-09-25 17:38:25-07:00,2019-09-25 10:20:20-07:00,4.361,18.0,30.0,413.0,America/Los_Angeles
caltech,2_39_79_376_2019-09-25 16:03:49.229304,2-39-79-376,CA-324,2019-09-25 09:03:49-07:00,2019-09-25 18:00:37-07:00,2019-09-25 11:55:37-07:00,16.706,37.5,150.0,436.0,America/Los_Angeles
caltech,2_39_129_17_2019-09-25 16:05:00.932505,2-39-129-17,CA-307,2019-09-25 09:05:01-07:00,2019-09-25 16:04:03-07:00,2019-09-25 11:06:07-07:00,12.937,16.0,40.0,373.0,America/Los_Angeles
caltech,2_39_79_379_2019-09-25 16:09:49.867478,2-39-79-379,CA-327,2019-09-25 09:09:50-07:00,2019-09-25 10:41:19-07:00,2019-09-25 10:41:14-07:00,4.949,8.0,20.0,88.0,America/Los_Angeles
caltech,2_39_79_381_2019-09-25 16:46:19.989450,2-39-79-381,CA-490,2019-09-25 09:46:20-07:00,2019-09-25 12:44:23-07:00,2019-09-25 10:16:52-07:00,0.843,0.0,0.0,0.0,America/Los_Angeles
caltech,2_39_123_23_2019-09-25 16:49:24.402082,2-39-123-23,CA-313,2019-09-25 09:49:24-07:00,2019-09-25 12:14:06-07:00,2019-09-25 12:14:25-07:00,0.871,0.0,0.0,0.0,America/Los_Angeles
caltech,2_39_91_437_2019-09-25 16:57:35.381388,2-39-91-437,CA-317,2019-09-25 09:57:35-07:00,2019-09-25 13:08:04-07:00,2019-09-25 10:42:30-07:00,4.26,12.0,30.0,245.0,America/Los_Angeles
caltech,2_39_92_436_2019-09-25 17:06:33.419538,2-39-92-436,CA-318,2019-09-25 10:06:33-07:00,2019-09-25 17:39:09-07:00,2019-09-25 11:45:12-07:00,9.418,14.07,30.0,423.0,America/Los_Angeles
caltech,2_39_92_442_2019-09-25 17:07:23.599873,2-39-92-442,CA-498,2019-09-25 10:07:24-07:00,2019-09-25 17:56:56-07:00,2019-09-25 17:03:55-07:00,12.031,12.0,60.0,120.0,America/Los_Angeles
caltech,2_39_91_441_2019-09-25 17:14:54.485584,2-39-91-441,CA-499,2019-09-25 10:14:54-07:00,2019-09-25 13:58:16-07:00,2019-09-25 13:58:11-07:00,12.931,19.95,57.0,192.0,America/Los_Angeles
caltech,2_39_95_27_2019-09-25 17:29:36.449781,2-39-95-27,CA-319,2019-09-25 10:29:36-07:00,2019-09-25 16:03:27-07:00,2019-09-25 11:41:39-07:00,3.885,6.66,20.0,441.0,America/Los_Angeles
caltech,2_39_79_377_2019-09-25 17:38:31.145676,2-39-79-377,CA-325,2019-09-25 10:38:31-07:00,2019-09-25 13:30:52-07:00,2019-09-25 12:12:45-07:00,5.814,8.5,20.0,139.0,America/Los_Angeles
caltech,2_39_79_382_2019-09-25 17:40:38.626387,2-39-79-382,CA-491,2019-09-25 10:40:39-07:00,2019-09-25 17:08:40-07:00,2019-09-25 16:57:38-07:00,20.872,21.0,70.0,371.0,America/Los_Angeles
caltech,2_39_88_24_2019-09-25 17:49:34.439258,2-39-88-24,CA-314,2019-09-25 10:49:34-07:00,2019-09-25 18:59:48-07:00,2019-09-25 12:02:36-07:00,3.489,12.0,20.0,242.0,America/Los_Angeles
caltech,2_39_90_26_2019-09-25 17:52:36.288612,2-39-90-26,CA-316,2019-09-25 10:52:36-07:00,2019-09-25 19:48:49-07:00,2019-09-25 11:56:26-07:00,2.146,16.0,40.0,291.0,America/Los_Angeles
caltech,2_39_78_360_2019-09-25 17:58:03.606161,2-39-78-360,CA-322,2019-09-25 10:58:04-07:00,2019-09-25 17:54:56-07:00,2019-09-25 12:19:51-07:00,8.946,16.0,80.0,458.0,America/Los_Angeles
caltech,2_39_78_363_2019-09-25 17:58:30.019833,2-39-78-363,CA-320,2019-09-25 10:58:30-07:00,2019-09-25 13:42:23-07:00,2019-09-25 11:29:32-07:00,0.964,0.0,0.0,0.0,America/Los_Angeles
caltech,2_39_78_361_2019-09-25 17:59:26.856332,2-39-78-361,CA-493,2019-09-25 10:59:27-07:00,2019-09-25 17:31:59-07:00,2019-09-25 17:31:58-07:00,6.372,10.0,40.0,61.0,America/Los_Angeles
caltech,2_39_79_379_2019-09-25 18:08:45.959482,2-39-79-379,CA-327,2019-09-25 11:08:46-07:00,2019-09-25 20:37:09-07:00,2019-09-25 13:58:16-07:00,2.15,0.0,0.0,0.0,America/Los_Angeles
caltech,2_39_124_22_2019-09-25 18:36:17.082884,2-39-124-22,CA-312,2019-09-25 11:36:20-07:00,2019-09-25 18:42:19-07:00,2019-09-25 12:22:02-07:00,2.01,10.0,20.0,304.0,America/Los_Angeles
caltech,2_39_90_440_2019-09-25 18:36:49.691125,2-39-90-440,CA-500,2019-09-25 11:36:50-07:00,2019-09-25 18:05:59-07:00,2019-09-25 14:46:22-07:00,10.151,21.42,60.0,191.0,America/Los_Angeles
caltech,2_39_79_378_2019-09-25 19:40:31.374447,2-39-79-378,CA-326,2019-09-25 12:40:31-07:00,2019-09-25 18:04:11-07:00,2019-09-25 15:21:06-07:00,6.53,9.0,20.0,30.0,America/Los_Angeles
caltech,2_39_91_437_2019-09-25 20:09:37.875650,2-39-91-437,CA-317,2019-09-25 13:09:38-07:00,2019-09-25 16:08:28-07:00,2019-09-25 14:14:54-07:00,2.74,8.19,30.0,185.0,America/Los_Angeles
caltech,2_39_128_18_2019-09-25 20:24:28.199676,2-39-128-18,CA-308,2019-09-25 13:24:28-07:00,2019-09-25 17:55:12-07:00,2019-09-25 17:55:07-07:00,29.265,78.0,150.0,270.0,America/Los_Angeles
caltech,2_39_125_21_2019-09-25 20:26:30.221746,2-39-125-21,CA-311,2019-09-25 13:26:30-07:00,2019-09-25 19:13:33-07:00,2019-09-25 13:53:09-07:00,0.941,2.75,10.0,223.0,America/Los_Angeles
caltech,2_39_123_557_2019-09-25 21:07:33.110038,2-39-123-557,CA-503,2019-09-25 14:07:33-07:00,2019-09-25 17:46:51-07:00,2019-09-25 14:38:17-07:00,0.924,0.0,0.0,0.0,America/Los_Angeles
caltech,2_39_131_30_2019-09-26 00:40:15.382177,2-39-131-30,CA-305,2019-09-25 17:40:15-07:00,2019-09-26 06:03:53-07:00,2019-09-25 22:27:59-07:00,16.181,8.66,20.0,298.0,America/Los_Angeles
caltech,2_39_129_17_2019-09-26 01:08:30.437757,2-39-129-17,CA-307,2019-09-25 18:08:30-07:00,2019-09-25 20:03:50-07:00,2019-09-25 20:03:46-07:00,11.577,28.0,70.0,220.0,America/Los_Angeles
caltech,2_39_139_28_2019-09-26 01:28:12.935219,2-39-139-28,CA-303,2019-09-25 18:28:13-07:00,2019-09-25 20:32:01-07:00,2019-09-25 20:27:33-07:00,8.066,12.0,40.0,134.0,America/Los_Angeles
caltech,2_39_127_19_2019-09-26 01:53:41.571417,2-39-127-19,CA-309,2019-09-25 18:53:42-07:00,2019-09-25 20:55:39-07:00,2019-09-25 20:04:25-07:00,6.865,16.0,40.0,99.0,America/Los_Angeles
caltech,2_39_124_22_2019-09-26 05:02:30.439075,2-39-124-22,CA-312,2019-09-25 22:02:30-07:00,2019-09-25 23:11:08-07:00,2019-09-25 23:11:00-07:00,7.71,28.0,140.0,264.0,America/Los_Angeles
caltech,2_39_79_380_2019-09-26 14:38:36.164968,2-39-79-380,CA-489,2019-09-26 07:38:36-07:00,2019-09-26 14:06:22-07:00,2019-09-26 14:07:20-07:00,0.84,0.0,0.0,0.0,America/Los_Angeles
caltech,2_39_139_28_2019-09-26 15:10:42.209722,2-39-139-28,CA-303,2019-09-26 08:10:42-07:00,2019-09-26 15:13:16-07:00,2019-09-26 09:40:36-07:00,4.883,12.0,40.0,134.0,America/Los_Angeles
caltech,2_39_78_366_2019-09-26 15:18:24.916324,2-39-78-366,CA-323,2019-09-26 08:18:25-07:00,2019-09-26 17:15:56-07:00,2019-09-26 17:07:43-07:00,0.84,0.0,0.0,0.0,America/Los_Angeles
caltech,2_39_79_379_2019-09-26 15:24:05.698321,2-39-79-379,CA-327,2019-09-26 08:24:06-07:00,2019-09-26 13:46:03-07:00,2019-09-26 13:24:38-07:00,14.012,21.84,60.0,720.0,America/Los_Angeles
caltech,2_39_131_30_2019-09-26 15:42:41.062413,2-39-131-30,CA-305,2019-09-26 08:42:41-07:00,2019-09-26 11:58:56-07:00,2019-09-26 10:00:46-07:00,4.185,5.5,20.0,223.0,America/Los_Angeles
caltech,2_39_78_367_2019-09-26 15:44:19.214220,2-39-78-367,CA-494,2019-09-26 08:44:19-07:00,2019-09-26 15:25:53-07:00,2019-09-26 15:20:33-07:00,8.196,20.44,70.0,410.0,America/Los_Angeles
caltech,2_39_79_377_2019-09-26 15:46:15.164463,2-39-79-377,CA-325,2019-09-26 08:46:15-07:00,2019-09-26 17:08:02-07:00,2019-09-26 09:21:58-07:00,1.531,5.0,20.0,418.0,America/Los_Angeles
caltech,2_39_95_27_2019-09-26 15:47:56.428317,2-39-95-27,CA-319,2019-09-26 08:47:56-07:00,2019-09-26 17:17:36-07:00,2019-09-26 10:02:25-07:00,6.998,12.0,40.0,153.0,America/Los_Angeles
caltech,2_39_129_17_2019-09-26 15:49:58.676243,2-39-129-17,CA-307,2019-09-26 08:49:59-07:00,2019-09-26 16:30:35-07:00,2019-09-26 10:13:32-07:00,4.449,18.0,30.0,413.0,America/Los_Angeles
caltech,2_39_78_361_2019-09-26 15:50:57.330763,2-39-78-361,CA-493,2019-09-26 08:50:57-07:00,2019-09-26 14:58:51-07:00,2019-09-26 09:02:47-07:00,0.89,12.0,20.0,125.0,America/Los_Angeles
caltech,2_39_79_378_2019-09-26 15:51:13.880251,2-39-79-378,CA-326,2019-09-26 08:51:14-07:00,2019-09-26 18:00:34-07:00,2019-09-26 11:46:43-07:00,16.438,37.5,150.0,436.0,America/Los_Angeles
caltech,2_39_79_381_2019-09-26 15:52:51.012113,2-39-79-381,CA-490,2019-09-26 08:52:51-07:00,2019-09-26 14:47:26-07:00,2019-09-26 09:23:03-07:00,0.629,0.0,0.0,0.0,America/Los_Angeles
caltech,2_39_78_362_2019-09-26 16:00:26.898559,2-39-78-362,CA-496,2019-09-26 09:00:27-07:00,2019-09-26 18:18:28-07:00,2019-09-26 18:19:28-07:00,31.661,27.72,120.0,461.0,America/Los_Angeles
caltech,2_39_78_363_2019-09-26 16:02:15.173209,2-39-78-363,CA-320,2019-09-26 09:02:15-07:00,2019-09-26 19:08:37-07:00,2019-09-26 18:13:43-07:00,9.896,10.0,50.0,120.0,America/Los_Angeles
caltech,2_39_92_442_2019-09-26 16:08:24.713113,2-39-92-442,CA-498,2019-09-26 09:08:25-07:00,2019-09-26 11:30:21-07:00,2019-09-26 10:44:21-07:00,8.55,15.0,50.0,172.0,America/Los_Angeles
caltech,2_39_79_383_2019-09-26 16:26:39.555625,2-39-79-383,CA-492,2019-09-26 09:26:40-07:00,2019-09-26 16:15:58-07:00,2019-09-26 12:55:58-07:00,19.094,24.0,60.0,401.0,America/Los_Angeles
caltech,2_39_127_19_2019-09-26 16:28:22.342499,2-39-127-19,CA-309,2019-09-26 09:28:24-07:00,2019-09-26 16:05:42-07:00,2019-09-26 11:31:56-07:00,13.185,16.0,40.0,373.0,America/Los_Angeles
caltech,2_39_78_364_2019-09-26 16:31:03.087253,2-39-78-364,CA-495,2019-09-26 09:31:03-07:00,2019-09-26 10:02:08-07:00,2019-09-26 10:01:33-07:00,0.926,0.0,0.0,0.0,America/Los_Angeles
caltech,2_39_124_22_2019-09-26 16:47:38.018701,2-39-124-22,CA-312,2019-09-26 09:47:38-07:00,2019-09-26 16:37:05-07:00,2019-09-26 12:45:53-07:00,11.834,20.0,40.0,447.0,America/Los_Angeles
caltech,2_39_91_441_2019-09-26 16:55:12.296622,2-39-91-441,CA-499,2019-09-26 09:55:24-07:00,2019-09-26 18:23:06-07:00,2019-09-26 18:23:01-07:00,55.28,60.0,250.0,549.0,America/Los_Angeles
caltech,2_39_89_25_2019-09-26 17:12:07.757708,2-39-89-25,CA-315,2019-09-26 10:12:08-07:00,2019-09-26 18:03:34-07:00,2019-09-26 13:20:13-07:00,9.629,21.42,60.0,191.0,America/Los_Angeles
caltech,2_39_78_365_2019-09-26 17:36:47.951037,2-39-78-365,CA-321,2019-09-26 10:36:48-07:00,2019-09-26 16:17:14-07:00,2019-09-26 13:07:30-07:00,7.572,10.0,40.0,61.0,America/Los_Angeles
caltech,2_39_91_437_2019-09-26 17:41:35.761267,2-39-91-437,CA-317,2019-09-26 10:41:36-07:00,2019-09-26 17:35:50-07:00,2019-09-26 11:53:58-07:00,3.728,6.66,20.0,441.0,America/Los_Angeles
caltech,2_39_88_24_2019-09-26 17:41:41.655692,2-39-88-24,CA-314,2019-09-26 10:41:42-07:00,2019-09-26 17:11:06-07:00,2019-09-26 11:44:40-07:00,2.851,12.0,20.0,242.0,America/Los_Angeles
caltech,2_39_88_438_2019-09-26 17:45:51.658923,2-39-88-438,CA-502,2019-09-26 10:45:52-07:00,2019-09-26 15:58:53-07:00,2019-09-26 14:20:05-07:00,10.946,15.0,40.0,236.0,America/Los_Angeles
caltech,2_39_78_364_2019-09-26 18:16:33.090308,2-39-78-364,CA-495,2019-09-26 11:16:33-07:00,2019-09-26 17:22:58-07:00,2019-09-26 17:22:37-07:00,2.031,0.0,0.0,0.0,America/Los_Angeles
caltech,2_39_92_442_2019-09-26 18:37:49.854490,2-39-92-442,CA-498,2019-09-26 11:37:50-07:00,2019-09-26 20:12:25-07:00,2019-09-26 12:39:14-07:00,2.028,16.0,40.0,291.0,America/Los_Angeles
caltech,2_39_92_436_2019-09-26 18:39:33.739434,2-39-92-436,CA-318,2019-09-26 11:39:34-07:00,2019-09-26 17:44:32-07:00,2019-09-26 13:19:19-07:00,10.257,10.38,30.0,207.0,America/Los_Angeles
caltech,2_39_95_444_2019-09-26 19:39:15.731601,2-39-95-444,CA-497,2019-09-26 12:39:16-07:00,2019-09-26 18:49:41-07:00,2019-09-26 14:38:08-07:00,6.523,9.0,20.0,30.0,America/Los_Angeles
caltech,2_39_131_30_2019-09-26 19:53:26.851953,2-39-131-30,CA-305,2019-09-26 12:53:27-07:00,2019-09-26 19:15:54-07:00,2019-09-26 13:12:01-07:00,0.917,2.75,10.0,223.0,America/Los_Angeles
caltech,2_39_123_23_2019-09-26 20:41:58.827509,2-39-123-23,CA-313,2019-09-26 13:41:59-07:00,2019-09-26 16:46:32-07:00,2019-09-26 15:07:41-07:00,8.374,8.5,20.0,139.0,America/Los_Angeles
caltech,2_39_79_380_2019-09-26 21:06:57.688436,2-39-79-380,CA-489,2019-09-26 14:06:58-07:00,2019-09-26 16:07:33-07:00,2019-09-26 14:29:44-07:00,0.624,5.0,10.0,62.0,America/Los_Angeles
caltech,2_39_126_20_2019-09-26 21:55:21.963502,2-39-126-20,CA-310,2019-09-26 14:55:22-07:00,2019-09-26 18:50:06-07:00,2019-09-26 16:02:01-07:00,3.205,10.0,20.0,304.0,America/Los_Angeles
caltech,2_39_91_437_2019-09-27 01:36:54.903411,2-39-91-437,CA-317,2019-09-26 18:36:55-07:00,2019-09-26 22:15:06-07:00,2019-09-26 22:15:01-07:00,12.694,20.0,50.0,232.0,America/Los_Angeles
caltech,2_39_139_28_2019-09-27 03:24:59.082180,2-39-139-28,CA-303,2019-09-26 20:24:59-07:00,2019-09-26 21:47:29-07:00,2019-09-26 21:47:24-07:00,9.257,17.5,70.0,61.0,America/Los_Angeles
caltech,2_39_129_17_2019-09-27 04:47:29.041816,2-39-129-17,CA-307,2019-09-26 21:47:29-07:00,2019-09-27 13:52:18-07:00,2019-09-26 23:57:15-07:00,6.88,15.2,38.0,173.0,America/Los_Angeles
caltech,2_39_79_380_2019-09-27 14:39:46.890052,2-39-79-380,CA-489,2019-09-27 07:39:47-07:00,2019-09-27 12:31:39-07:00,2019-09-27 09:58:13-07:00,6.065,10.0,20.0,286.0,America/Los_Angeles
caltech,2_39_79_383_2019-09-27 15:03:18.802335,2-39-79-383,CA-492,2019-09-27 08:03:19-07:00,2019-09-27 18:19:42-07:00,2019-09-27 10:11:22-07:00,6.522,10.5,20.0,236.0,America/Los_Angeles
caltech,2_39_78_366_2019-09-27 15:11:15.792161,2-39-78-366,CA-323,2019-09-27 08:11:16-07:00,2019-09-27 17:27:16-07:00,2019-09-27 10:24:52-07:00,7.424,21.0,70.0,523.0,America/Los_Angeles
caltech,2_39_78_362_2019-09-27 15:30:27.347937,2-39-78-362,CA-496,2019-09-27 08:30:27-07:00,2019-09-27 16:33:39-07:00,2019-09-27 16:34:38-07:00,15.217,23.36,80.0,410.0,America/Los_Angeles
caltech,2_39_92_442_2019-09-27 15:32:40.942369,2-39-92-442,CA-498,2019-09-27 08:32:41-07:00,2019-09-27 13:50:14-07:00,2019-09-27 12:01:02-07:00,22.124,22.5,90.0,291.0,America/Los_Angeles
caltech,2_39_79_379_2019-09-27 15:32:41.379625,2-39-79-379,CA-327,2019-09-27 08:32:41-07:00,2019-09-27 17:49:19-07:00,2019-09-27 08:57:03-07:00,0.663,0.0,0.0,0.0,America/Los_Angeles
caltech,2_39_139_28_2019-09-27 15:36:34.438477,2-39-139-28,CA-303,2019-09-27 08:36:34-07:00,2019-09-27 17:28:54-07:00,2019-09-27 09:04:13-07:00,1.013,12.0,20.0,242.0,America/Los_Angeles
caltech,2_39_131_30_2019-09-27 15:42:21.924844,2-39-131-30,CA-305,2019-09-27 08:42:22-07:00,2019-09-27 17:47:57-07:00,2019-09-27 10:16:44-07:00,5.263,18.0,30.0,413.0,America/Los_Angeles
caltech,2_39_79_377_2019-09-27 15:48:03.969117,2-39-79-377,CA-325,2019-09-27 08:48:04-07:00,2019-09-27 10:26:39-07:00,2019-09-27 10:26:34-07:00,5.287,8.0,20.0,88.0,America/Los_Angeles
caltech,2_39_79_376_2019-09-27 16:33:02.272360,2-39-79-376,CA-324,2019-09-27 09:33:02-07:00,2019-09-27 19:16:29-07:00,2019-09-27 14:10:52-07:00,5.673,4.0,20.0,120.0,America/Los_Angeles
caltech,2_39_89_25_2019-09-27 16:33:38.459897,2-39-89-25,CA-315,2019-09-27 09:33:38-07:00,2019-09-27 19:51:20-07:00,2019-09-27 10:30:22-07:00,1.816,12.0,20.0,154.0,America/Los_Angeles
caltech,2_39_123_23_2019-09-27 16:48:10.425958,2-39-123-23,CA-313,2019-09-27 09:48:10-07:00,2019-09-27 13:27:56-07:00,2019-09-27 13:17:52-07:00,0.845,0.0,0.0,0.0,America/Los_Angeles
caltech,2_39_79_378_2019-09-27 16:53:52.923132,2-39-79-378,CA-326,2019-09-27 09:53:53-07:00,2019-09-27 17:38:06-07:00,2019-09-27 16:13:10-07:00,12.207,80.5,230.0,550.0,America/Los_Angeles
caltech,2_39_91_437_2019-09-27 17:01:52.209954,2-39-91-437,CA-317,2019-09-27 10:01:52-07:00,2019-09-27 19:44:50-07:00,2019-09-27 13:37:56-07:00,11.457,21.42,60.0,191.0,America/Los_Angeles
caltech,2_39_95_27_2019-09-27 17:03:36.606629,2-39-95-27,CA-319,2019-09-27 10:03:37-07:00,2019-09-27 16:26:08-07:00,2019-09-27 10:43:24-07:00,1.683,10.0,20.0,304.0,America/Los_Angeles
caltech,2_39_78_360_2019-09-27 17:10:33.768903,2-39-78-360,CA-322,2019-09-27 10:10:34-07:00,2019-09-27 16:02:04-07:00,2019-09-27 12:21:49-07:00,7.364,10.0,40.0,61.0,America/Los_Angeles
caltech,2_39_78_363_2019-09-27 17:14:15.794334,2-39-78-363,CA-320,2019-09-27 10:14:16-07:00,2019-09-27 18:11:46-07:00,2019-09-27 14:52:52-07:00,12.536,14.07,30.0,423.0,America/Los_Angeles
caltech,2_39_88_24_2019-09-27 17:19:57.222992,2-39-88-24,CA-314,2019-09-27 10:19:57-07:00,2019-09-27 11:01:47-07:00,2019-09-27 10:50:25-07:00,0.885,0.0,0.0,0.0,America/Los_Angeles
caltech,2_39_92_436_2019-09-27 17:25:36.514672,2-39-92-436,CA-318,2019-09-27 10:25:37-07:00,2019-09-27 20:46:12-07:00,2019-09-27 11:29:54-07:00,3.389,6.66,20.0,441.0,America/Los_Angeles
caltech,2_39_78_364_2019-09-27 17:51:00.712168,2-39-78-364,CA-495,2019-09-27 10:51:01-07:00,2019-09-27 16:12:34-07:00,2019-09-27 13:37:56-07:00,15.315,40.0,100.0,331.0,America/Los_Angeles
caltech,2_39_124_22_2019-09-27 18:05:45.994734,2-39-124-22,CA-312,2019-09-27 11:06:08-07:00,2019-09-27 14:48:59-07:00,2019-09-27 14:32:34-07:00,11.145,11.25,30.0,173.0,America/Los_Angeles
caltech,2_39_79_377_2019-09-27 18:38:29.885687,2-39-79-377,CA-325,2019-09-27 11:38:30-07:00,2019-09-27 13:18:00-07:00,2019-09-27 13:17:55-07:00,0.824,0.0,0.0,0.0,America/Los_Angeles
caltech,2_39_90_440_2019-09-27 18:52:08.983179,2-39-90-440,CA-500,2019-09-27 11:52:09-07:00,2019-09-27 19:34:00-07:00,2019-09-27 13:50:18-07:00,6.104,8.0,20.0,72.0,America/Los_Angeles
caltech,2_39_78_367_2019-09-27 19:14:04.481505,2-39-78-367,CA-494,2019-09-27 12:14:04-07:00,2019-09-27 19:59:53-07:00,2019-09-27 13:16:58-07:00,2.199,16.0,40.0,291.0,America/Los_Angeles
caltech,2_39_79_381_2019-09-27 19:49:16.396731,2-39-79-381,CA-490,2019-09-27 12:49:16-07:00,2019-09-27 17:12:34-07:00,2019-09-27 17:04:30-07:00,12.445,12.0,40.0,252.0,America/Los_Angeles
caltech,2_39_78_365_2019-09-27 19:50:01.165538,2-39-78-365,CA-321,2019-09-27 12:50:01-07:00,2019-09-27 18:53:58-07:00,2019-09-27 14:58:07-07:00,6.606,9.0,20.0,30.0,America/Los_Angeles
caltech,2_39_78_361_2019-09-27 20:12:31.968353,2-39-78-361,CA-493,2019-09-27 13:12:32-07:00,2019-09-27 18:35:22-07:00,2019-09-27 17:11:27-07:00,2.791,8.0,20.0,133.0,America/Los_Angeles
caltech,2_39_88_438_2019-09-27 20:15:28.728318,2-39-88-438,CA-502,2019-09-27 13:15:29-07:00,2019-09-27 17:06:44-07:00,2019-09-27 14:49:59-07:00,8.437,12.0,40.0,153.0,America/Los_Angeles
caltech,2_39_123_23_2019-09-27 20:39:14.165593,2-39-123-23,CA-313,2019-09-27 13:39:14-07:00,2019-09-27 19:17:41-07:00,2019-09-27 19:17:36-07:00,36.771,57.76,190.0,387.0,America/Los_Angeles
caltech,2_39_130_31_2019-09-27 23:03:20.939019,2-39-130-31,CA-306,2019-09-27 16:03:21-07:00,2019-09-27 18:37:10-07:00,2019-09-27 18:37:02-07:00,17.389,46.62,140.0,310.0,America/Los_Angeles
caltech,2_39_127_19_2019-09-28 01:14:07.062751,2-39-127-19,CA-309,2019-09-27 18:14:07-07:00,2019-09-27 21:16:19-07:00,2019-09-27 21:16:10-07:00,10.653,20.0,50.0,224.0,America/Los_Angeles
caltech,2_39_131_30_2019-09-28 01:38:47.369055,2-39-131-30,CA-305,2019-09-27 18:38:47-07:00,2019-09-27 20:55:56-07:00,2019-09-27 19:09:23-07:00,0.852,0.0,0.0,0.0,America/Los_Angeles
caltech,2_39_79_378_2019-09-28 02:03:24.433261,2-39-79-378,CA-326,2019-09-27 19:03:24-07:00,2019-09-27 22:37:15-07:00,2019-09-27 22:37:11-07:00,10.492,20.0,50.0,226.0,America/Los_Angeles
caltech,2_39_123_23_2019-09-28 03:47:07.697182,2-39-123-23,CA-313,2019-09-27 20:47:08-07:00,2019-09-27 21:23:19-07:00,2019-09-27 21:24:18-07:00,0.841,0.0,0.0,0.0,America/Los_Angeles
caltech,2_39_138_29_2019-09-28 04:24:38.131079,2-39-138-29,CA-304,2019-09-27 21:24:38-07:00,2019-09-27 22:30:50-07:00,2019-09-27 22:30:46-07:00,3.389,16.0,40.0,74.0,America/Los_Angeles
caltech,2_39_138_29_2019-09-28 16:33:52.125553,2-39-138-29,CA-304,2019-09-28 09:33:52-07:00,2019-09-28 10:45:35-07:00,2019-09-28 10:16:49-07:00,1.791,6.66,20.0,68.0,America/Los_Angeles
caltech,2_39_139_28_2019-09-28 18:30:05.179662,2-39-139-28,CA-303,2019-09-28 11:30:05-07:00,2019-09-28 12:43:51-07:00,2019-09-28 12:43:46-07:00,8.152,13.9,50.0,76.0,America/Los_Angeles
caltech,2_39_139_28_2019-09-28 20:20:05.875655,2-39-139-28,CA-303,2019-09-28 13:20:06-07:00,2019-09-28 16:34:07-07:00,2019-09-28 13:50:22-07:00,0.948,0.0,0.0,0.0,America/Los_Angeles
caltech,2_39_139_28_2019-09-29 01:02:46.539828,2-39-139-28,CA-303,2019-09-28 18:02:47-07:00,2019-09-28 22:12:17-07:00,2019-09-28 20:45:31-07:00,11.653,16.0,40.0,259.0,America/Los_Angeles
caltech,2_39_125_21_2019-09-29 02:36:04.349470,2-39-125-21,CA-311,2019-09-28 19:36:18-07:00,2019-09-28 21:51:59-07:00,2019-09-28 21:51:55-07:00,15.198,20.0,50.0,238.0,America/Los_Angeles
caltech,2_39_125_21_2019-09-29 15:32:01.414149,2-39-125-21,CA-311,2019-09-29 08:32:01-07:00,2019-09-29 09:03:01-07:00,2019-09-29 09:02:49-07:00,0.8530866666666665,0.0,0.0,0.0,America/Los_Angeles
caltech,2_39_139_28_2019-09-29 16:01:58.459962,2-39-139-28,CA-303,2019-09-29 09:01:58-07:00,2019-09-29 13:19:10-07:00,2019-09-29 10:43:22-07:00,9.868,9.99,30.0,250.0,America/Los_Angeles
caltech,2_39_79_377_2019-09-29 16:35:49.646775,2-39-79-377,CA-325,2019-09-29 09:35:50-07:00,2019-09-29 14:31:11-07:00,2019-09-29 13:21:25-07:00,24.872,25.0,100.0,372.0,America/Los_Angeles
caltech,2_39_129_17_2019-09-29 16:52:23.140354,2-39-129-17,CA-307,2019-09-29 09:52:24-07:00,2019-09-29 12:28:34-07:00,2019-09-29 12:27:58-07:00,16.201,36.0,60.0,237.0,America/Los_Angeles
caltech,2_39_131_30_2019-09-29 17:59:34.468406,2-39-131-30,CA-305,2019-09-29 10:59:34-07:00,2019-09-29 12:49:16-07:00,2019-09-29 12:10:50-07:00,3.505,10.0,20.0,304.0,America/Los_Angeles
caltech,2_39_138_29_2019-09-29 20:10:01.416183,2-39-138-29,CA-304,2019-09-29 13:10:01-07:00,2019-09-29 14:30:09-07:00,2019-09-29 14:30:04-07:00,9.04,23.4,90.0,110.0,America/Los_Angeles
caltech,2_39_139_28_2019-09-29 23:21:17.711293,2-39-139-28,CA-303,2019-09-29 16:21:18-07:00,2019-09-29 18:10:15-07:00,2019-09-29 18:10:11-07:00,11.991,12.5,50.0,114.0,America/Los_Angeles
caltech,2_39_130_31_2019-09-29 23:25:34.374905,2-39-130-31,CA-306,2019-09-29 16:25:34-07:00,2019-09-29 18:08:22-07:00,2019-09-29 18:08:17-07:00,5.922,8.0,20.0,60.0,America/Los_Angeles
caltech,2_39_127_19_2019-09-29 23:45:44.567216,2-39-127-19,CA-309,2019-09-29 16:45:45-07:00,2019-09-29 20:16:27-07:00,2019-09-29 20:16:22-07:00,11.365,15.2,38.0,173.0,America/Los_Angeles
caltech,2_39_139_28_2019-09-30 01:48:05.387143,2-39-139-28,CA-303,2019-09-29 18:48:05-07:00,2019-09-29 19:31:26-07:00,2019-09-29 19:31:22-07:00,2.554,7.14,20.0,172.0,America/Los_Angeles
caltech,2_39_79_383_2019-09-30 15:04:29.167926,2-39-79-383,CA-492,2019-09-30 08:04:29-07:00,2019-09-30 17:46:47-07:00,2019-09-30 10:19:20-07:00,6.459,10.5,20.0,236.0,America/Los_Angeles
caltech,2_39_78_366_2019-09-30 15:06:13.870838,2-39-78-366,CA-323,2019-09-30 08:06:14-07:00,2019-09-30 17:13:55-07:00,2019-09-30 15:12:54-07:00,40.799,48.0,160.0,523.0,America/Los_Angeles
caltech,2_39_91_437_2019-09-30 15:11:04.216071,2-39-91-437,CA-317,2019-09-30 08:11:04-07:00,2019-09-30 11:46:42-07:00,2019-09-30 08:42:55-07:00,2.91,12.0,30.0,245.0,America/Los_Angeles
caltech,2_39_139_28_2019-09-30 15:32:48.599074,2-39-139-28,CA-303,2019-09-30 08:32:49-07:00,2019-09-30 12:40:21-07:00,2019-09-30 08:58:29-07:00,0.917,12.0,20.0,242.0,America/Los_Angeles
caltech,2_39_79_379_2019-09-30 15:49:51.619204,2-39-79-379,CA-327,2019-09-30 08:49:52-07:00,2019-09-30 17:56:30-07:00,2019-09-30 13:03:22-07:00,21.471,37.5,150.0,436.0,America/Los_Angeles
caltech,2_39_131_30_2019-09-30 15:53:01.172078,2-39-131-30,CA-305,2019-09-30 08:53:01-07:00,2019-09-30 17:31:53-07:00,2019-09-30 11:49:05-07:00,10.111,30.0,50.0,469.0,America/Los_Angeles
caltech,2_39_127_19_2019-09-30 16:06:51.676480,2-39-127-19,CA-309,2019-09-30 09:06:52-07:00,2019-09-30 17:06:07-07:00,2019-09-30 11:46:23-07:00,10.447,15.0,30.0,463.0,America/Los_Angeles
caltech,2_39_79_378_2019-09-30 16:22:23.240846,2-39-79-378,CA-326,2019-09-30 09:22:23-07:00,2019-09-30 20:24:02-07:00,2019-09-30 14:41:35-07:00,16.22,21.84,60.0,720.0,America/Los_Angeles
caltech,2_39_79_380_2019-09-30 16:25:17.888644,2-39-79-380,CA-489,2019-09-30 09:25:18-07:00,2019-09-30 17:21:32-07:00,2019-09-30 15:35:43-07:00,0.846,0.0,0.0,0.0,America/Los_Angeles
caltech,2_39_79_382_2019-09-30 16:29:24.046021,2-39-79-382,CA-491,2019-09-30 09:29:24-07:00,2019-09-30 17:08:37-07:00,2019-09-30 15:35:56-07:00,20.907,21.0,70.0,450.0,America/Los_Angeles
caltech,2_39_89_25_2019-09-30 16:51:05.647361,2-39-89-25,CA-315,2019-09-30 09:51:06-07:00,2019-09-30 17:12:43-07:00,2019-09-30 10:43:10-07:00,1.612,12.0,20.0,129.0,America/Los_Angeles
caltech,2_39_123_23_2019-09-30 16:58:37.943491,2-39-123-23,CA-313,2019-09-30 09:58:38-07:00,2019-09-30 17:37:08-07:00,2019-09-30 11:29:04-07:00,4.866,5.5,20.0,233.0,America/Los_Angeles
caltech,2_39_79_376_2019-09-30 17:05:03.368275,2-39-79-376,CA-324,2019-09-30 10:05:03-07:00,2019-09-30 19:14:47-07:00,2019-09-30 12:42:15-07:00,16.384,18.0,90.0,120.0,America/Los_Angeles
caltech,2_39_95_27_2019-09-30 17:07:14.275157,2-39-95-27,CA-319,2019-09-30 10:07:14-07:00,2019-09-30 17:56:35-07:00,2019-09-30 12:08:56-07:00,12.256,14.07,30.0,423.0,America/Los_Angeles
caltech,2_39_78_365_2019-09-30 17:21:31.535664,2-39-78-365,CA-321,2019-09-30 10:21:32-07:00,2019-09-30 19:01:51-07:00,2019-09-30 16:18:22-07:00,11.755,21.42,60.0,191.0,America/Los_Angeles
caltech,2_39_91_441_2019-09-30 17:29:51.499896,2-39-91-441,CA-499,2019-09-30 10:29:51-07:00,2019-09-30 13:29:57-07:00,2019-09-30 13:29:48-07:00,19.148,18.76,40.0,162.0,America/Los_Angeles
caltech,2_39_90_26_2019-09-30 17:35:01.764499,2-39-90-26,CA-316,2019-09-30 10:35:02-07:00,2019-09-30 17:14:09-07:00,2019-09-30 11:24:24-07:00,2.137,10.0,20.0,304.0,America/Los_Angeles
caltech,2_39_78_363_2019-09-30 17:37:32.032861,2-39-78-363,CA-320,2019-09-30 10:37:32-07:00,2019-09-30 14:15:18-07:00,2019-09-30 14:08:37-07:00,7.873,8.0,20.0,408.0,America/Los_Angeles
caltech,2_39_78_361_2019-09-30 18:47:41.751423,2-39-78-361,CA-493,2019-09-30 11:47:42-07:00,2019-09-30 18:13:08-07:00,2019-09-30 13:52:43-07:00,6.754,9.0,20.0,30.0,America/Los_Angeles
caltech,2_39_92_442_2019-09-30 19:13:13.169915,2-39-92-442,CA-498,2019-09-30 12:13:13-07:00,2019-09-30 17:54:05-07:00,2019-09-30 14:02:34-07:00,12.054,20.44,70.0,299.0,America/Los_Angeles
caltech,2_39_90_440_2019-09-30 19:42:44.533647,2-39-90-440,CA-500,2019-09-30 12:42:45-07:00,2019-09-30 17:21:36-07:00,2019-09-30 14:47:39-07:00,11.894,28.0,70.0,257.0,America/Los_Angeles
caltech,2_39_92_436_2019-09-30 20:51:22.783063,2-39-92-436,CA-318,2019-09-30 13:51:23-07:00,2019-09-30 16:35:38-07:00,2019-09-30 14:22:46-07:00,0.8626688888888889,0.0,0.0,0.0,America/Los_Angeles
caltech,2_39_88_24_2019-09-30 21:55:20.525923,2-39-88-24,CA-314,2019-09-30 14:55:21-07:00,2019-09-30 16:46:48-07:00,2019-09-30 16:14:52-07:00,3.991,12.0,20.0,242.0,America/Los_Angeles
caltech,2_39_138_29_2019-10-01 00:34:42.925383,2-39-138-29,CA-304,2019-09-30 17:34:43-07:00,2019-09-30 22:11:29-07:00,2019-09-30 22:02:36-07:00,15.51,8.66,20.0,298.0,America/Los_Angeles
caltech,2_39_129_17_2019-10-01 01:01:06.420455,2-39-129-17,CA-307,2019-09-30 18:01:06-07:00,2019-09-30 20:21:47-07:00,2019-09-30 20:07:52-07:00,13.619,28.0,70.0,220.0,America/Los_Angeles
caltech,2_39_79_379_2019-10-01 14:30:34.391934,2-39-79-379,CA-327,2019-10-01 07:30:34-07:00,2019-10-01 19:10:14-07:00,2019-10-01 11:57:49-07:00,14.881,21.84,60.0,720.0,America/Los_Angeles
caltech,2_39_79_377_2019-10-01 14:35:59.507656,2-39-79-377,CA-325,2019-10-01 07:35:59-07:00,2019-10-01 16:56:20-07:00,2019-10-01 11:01:21-07:00,22.069,37.5,150.0,436.0,America/Los_Angeles
caltech,2_39_79_381_2019-10-01 15:07:53.390162,2-39-79-381,CA-490,2019-10-01 08:07:53-07:00,2019-10-01 16:35:27-07:00,2019-10-01 12:32:02-07:00,0.758,0.0,0.0,0.0,America/Los_Angeles
caltech,2_39_78_366_2019-10-01 15:19:35.246461,2-39-78-366,CA-323,2019-10-01 08:19:35-07:00,2019-10-01 17:59:13-07:00,2019-10-01 12:40:00-07:00,0.872,0.0,0.0,0.0,America/Los_Angeles
caltech,2_39_79_380_2019-10-01 15:32:37.150493,2-39-79-380,CA-489,2019-10-01 08:32:37-07:00,2019-10-01 13:20:49-07:00,2019-10-01 11:50:27-07:00,0.835,0.0,0.0,0.0,America/Los_Angeles
caltech,2_39_131_30_2019-10-01 15:51:26.589469,2-39-131-30,CA-305,2019-10-01 08:51:27-07:00,2019-10-01 16:00:39-07:00,2019-10-01 14:18:19-07:00,0.691,0.0,0.0,0.0,America/Los_Angeles
caltech,2_39_129_17_2019-10-01 15:54:12.435659,2-39-129-17,CA-307,2019-10-01 08:54:12-07:00,2019-10-01 17:30:34-07:00,2019-10-01 10:12:53-07:00,4.468,18.0,30.0,469.0,America/Los_Angeles
caltech,2_39_78_367_2019-10-01 15:59:00.087123,2-39-78-367,CA-494,2019-10-01 08:59:00-07:00,2019-10-01 09:26:53-07:00,2019-10-01 09:26:57-07:00,3.015,39.27,170.0,93.0,America/Los_Angeles
caltech,2_39_95_444_2019-10-01 16:12:01.038517,2-39-95-444,CA-497,2019-10-01 09:12:01-07:00,2019-10-01 15:31:11-07:00,2019-10-01 10:39:25-07:00,9.371,20.44,70.0,299.0,America/Los_Angeles
caltech,2_39_123_23_2019-10-01 16:22:38.909533,2-39-123-23,CA-313,2019-10-01 09:22:39-07:00,2019-10-01 14:03:06-07:00,2019-10-01 11:05:10-07:00,10.402,36.54,140.0,458.0,America/Los_Angeles
caltech,2_39_127_19_2019-10-01 16:23:49.378022,2-39-127-19,CA-309,2019-10-01 09:23:53-07:00,2019-10-01 16:03:09-07:00,2019-10-01 11:35:06-07:00,9.668,16.0,40.0,373.0,America/Los_Angeles
caltech,2_39_91_437_2019-10-01 16:30:17.147528,2-39-91-437,CA-317,2019-10-01 09:30:17-07:00,2019-10-01 19:20:36-07:00,2019-10-01 10:25:54-07:00,1.738,12.0,20.0,129.0,America/Los_Angeles
caltech,2_39_89_25_2019-10-01 16:37:10.048065,2-39-89-25,CA-315,2019-10-01 09:37:10-07:00,2019-10-01 12:17:50-07:00,2019-10-01 11:33:32-07:00,4.691,5.5,20.0,233.0,America/Los_Angeles
caltech,2_39_78_367_2019-10-01 16:44:20.955985,2-39-78-367,CA-494,2019-10-01 09:44:21-07:00,2019-10-01 18:18:56-07:00,2019-10-01 17:04:49-07:00,0.865,0.0,0.0,0.0,America/Los_Angeles
caltech,2_39_95_27_2019-10-01 16:46:37.733554,2-39-95-27,CA-319,2019-10-01 09:46:38-07:00,2019-10-01 18:55:38-07:00,2019-10-01 12:38:57-07:00,9.192,21.42,60.0,191.0,America/Los_Angeles
caltech,2_39_92_442_2019-10-01 16:54:38.064210,2-39-92-442,CA-498,2019-10-01 09:54:38-07:00,2019-10-01 11:47:20-07:00,2019-10-01 11:47:17-07:00,12.261,20.0,50.0,254.0,America/Los_Angeles
caltech,2_39_78_363_2019-10-01 17:06:50.066093,2-39-78-363,CA-320,2019-10-01 10:06:50-07:00,2019-10-01 11:22:58-07:00,2019-10-01 11:22:57-07:00,4.693,8.5,20.0,139.0,America/Los_Angeles
caltech,2_39_90_440_2019-10-01 17:08:43.946118,2-39-90-440,CA-500,2019-10-01 10:08:44-07:00,2019-10-01 15:49:52-07:00,2019-10-01 13:37:03-07:00,11.029,15.0,40.0,236.0,America/Los_Angeles
caltech,2_39_78_365_2019-10-01 17:08:55.196649,2-39-78-365,CA-321,2019-10-01 10:08:55-07:00,2019-10-01 18:01:53-07:00,2019-10-01 17:09:51-07:00,12.888,14.07,30.0,423.0,America/Los_Angeles
caltech,2_39_78_364_2019-10-01 17:17:29.925708,2-39-78-364,CA-495,2019-10-01 10:17:30-07:00,2019-10-01 18:32:37-07:00,2019-10-01 12:49:58-07:00,11.14,40.0,100.0,383.0,America/Los_Angeles
caltech,2_39_88_438_2019-10-01 17:20:57.998339,2-39-88-438,CA-502,2019-10-01 10:20:58-07:00,2019-10-01 17:21:19-07:00,2019-10-01 12:17:56-07:00,6.069,8.0,20.0,72.0,America/Los_Angeles
caltech,2_39_124_22_2019-10-01 17:23:42.185697,2-39-124-22,CA-312,2019-10-01 10:23:42-07:00,2019-10-01 17:28:19-07:00,2019-10-01 14:35:58-07:00,27.835,27.95,130.0,378.0,America/Los_Angeles
caltech,2_39_88_24_2019-10-01 17:31:58.231262,2-39-88-24,CA-314,2019-10-01 10:31:58-07:00,2019-10-01 17:40:47-07:00,2019-10-01 11:12:30-07:00,1.642,12.0,20.0,242.0,America/Los_Angeles
caltech,2_39_79_382_2019-10-01 17:40:47.232058,2-39-79-382,CA-491,2019-10-01 10:40:47-07:00,2019-10-01 16:09:58-07:00,2019-10-01 12:43:04-07:00,11.9,12.0,20.0,129.0,America/Los_Angeles
caltech,2_39_90_26_2019-10-01 17:42:15.048577,2-39-90-26,CA-316,2019-10-01 10:42:15-07:00,2019-10-01 14:51:46-07:00,2019-10-01 11:36:54-07:00,1.909,10.0,20.0,304.0,America/Los_Angeles
caltech,2_39_78_361_2019-10-01 18:21:01.118326,2-39-78-361,CA-493,2019-10-01 11:21:11-07:00,2019-10-01 18:57:07-07:00,2019-10-01 18:56:55-07:00,43.333,60.0,250.0,549.0,America/Los_Angeles
caltech,2_39_78_362_2019-10-01 18:39:41.381031,2-39-78-362,CA-496,2019-10-01 11:39:41-07:00,2019-10-01 16:18:13-07:00,2019-10-01 16:19:11-07:00,17.194,80.0,200.0,121.0,America/Los_Angeles
caltech,2_39_78_360_2019-10-01 18:39:47.128244,2-39-78-360,CA-322,2019-10-01 11:39:47-07:00,2019-10-01 14:57:41-07:00,2019-10-01 14:57:38-07:00,4.644,15.0,50.0,411.0,America/Los_Angeles
caltech,2_39_128_18_2019-10-01 19:15:05.559537,2-39-128-18,CA-308,2019-10-01 12:15:06-07:00,2019-10-01 19:08:56-07:00,2019-10-01 18:21:31-07:00,39.88,40.0,200.0,466.0,America/Los_Angeles
caltech,2_39_91_441_2019-10-01 19:37:56.485142,2-39-91-441,CA-499,2019-10-01 12:37:56-07:00,2019-10-01 22:42:07-07:00,2019-10-01 13:40:16-07:00,2.086,16.0,40.0,291.0,America/Los_Angeles
caltech,2_39_78_363_2019-10-01 19:43:54.603887,2-39-78-363,CA-320,2019-10-01 12:43:55-07:00,2019-10-01 15:53:44-07:00,2019-10-01 15:53:38-07:00,4.742,8.19,30.0,185.0,America/Los_Angeles
caltech,2_39_89_439_2019-10-01 20:18:08.357031,2-39-89-439,CA-501,2019-10-01 13:18:08-07:00,2019-10-01 18:16:08-07:00,2019-10-01 15:17:08-07:00,6.447,9.0,20.0,30.0,America/Los_Angeles
caltech,2_39_89_25_2019-10-01 20:21:58.934882,2-39-89-25,CA-315,2019-10-01 13:21:59-07:00,2019-10-01 21:09:17-07:00,2019-10-01 15:06:44-07:00,5.48,10.5,20.0,236.0,America/Los_Angeles
caltech,2_39_139_28_2019-10-01 20:27:57.513126,2-39-139-28,CA-303,2019-10-01 13:27:57-07:00,2019-10-01 19:04:10-07:00,2019-10-01 14:45:35-07:00,4.134,6.66,20.0,441.0,America/Los_Angeles
caltech,2_39_79_383_2019-10-01 21:00:07.729721,2-39-79-383,CA-492,2019-10-01 14:00:08-07:00,2019-10-01 14:45:50-07:00,2019-10-01 14:46:49-07:00,0.849,0.0,0.0,0.0,America/Los_Angeles
caltech,2_39_123_23_2019-10-01 21:22:12.641472,2-39-123-23,CA-313,2019-10-01 14:22:13-07:00,2019-10-01 16:56:06-07:00,2019-10-01 15:47:08-07:00,3.721,10.0,40.0,136.0,America/Los_Angeles
caltech,2_39_79_383_2019-10-01 21:46:02.462481,2-39-79-383,CA-492,2019-10-01 14:46:02-07:00,2019-10-01 15:24:55-07:00,2019-10-01 15:16:58-07:00,0.895,0.0,0.0,0.0,America/Los_Angeles
caltech,2_39_127_19_2019-10-02 00:18:13.261882,2-39-127-19,CA-309,2019-10-01 17:18:13-07:00,2019-10-01 18:33:34-07:00,2019-10-01 18:33:25-07:00,4.318,9.99,30.0,68.0,America/Los_Angeles
caltech,2_39_129_17_2019-10-02 00:36:37.242384,2-39-129-17,CA-307,2019-10-01 17:36:37-07:00,2019-10-01 22:02:01-07:00,2019-10-01 21:52:14-07:00,14.806,25.98,60.0,377.0,America/Los_Angeles
caltech,2_39_131_30_2019-10-02 01:39:00.552241,2-39-131-30,CA-305,2019-10-01 18:39:01-07:00,2019-10-01 21:07:22-07:00,2019-10-01 21:07:18-07:00,8.712,20.0,50.0,224.0,America/Los_Angeles
caltech,2_39_130_31_2019-10-02 01:50:33.003269,2-39-130-31,CA-306,2019-10-01 18:50:33-07:00,2019-10-01 21:11:50-07:00,2019-10-01 19:20:41-07:00,0.857,0.0,0.0,0.0,America/Los_Angeles
caltech,2_39_139_28_2019-10-02 02:06:31.852026,2-39-139-28,CA-303,2019-10-01 19:06:32-07:00,2019-10-02 18:24:10-07:00,2019-10-02 02:44:22-07:00,50.764,124.8,240.0,355.0,America/Los_Angeles
caltech,2_39_128_18_2019-10-02 03:21:58.183511,2-39-128-18,CA-308,2019-10-01 20:21:58-07:00,2019-10-01 21:45:39-07:00,2019-10-01 21:45:34-07:00,9.303,17.5,70.0,61.0,America/Los_Angeles
caltech,2_39_79_380_2019-10-02 14:45:46.896538,2-39-79-380,CA-489,2019-10-02 07:45:47-07:00,2019-10-02 13:04:59-07:00,2019-10-02 09:55:25-07:00,0.855,0.0,0.0,0.0,America/Los_Angeles
caltech,2_39_78_366_2019-10-02 15:13:45.743139,2-39-78-366,CA-323,2019-10-02 08:13:46-07:00,2019-10-02 17:29:01-07:00,2019-10-02 17:04:32-07:00,11.443,15.0,50.0,523.0,America/Los_Angeles
caltech,2_39_131_30_2019-10-02 15:41:04.298217,2-39-131-30,CA-305,2019-10-02 08:41:04-07:00,2019-10-02 17:22:38-07:00,2019-10-02 10:00:48-07:00,4.493,18.0,30.0,469.0,America/Los_Angeles
caltech,2_39_79_377_2019-10-02 15:49:58.465599,2-39-79-377,CA-325,2019-10-02 08:49:58-07:00,2019-10-02 17:20:29-07:00,2019-10-02 15:00:31-07:00,0.827,0.0,0.0,0.0,America/Los_Angeles
caltech,2_39_79_382_2019-10-02 15:52:08.418714,2-39-79-382,CA-491,2019-10-02 08:52:08-07:00,2019-10-02 17:24:53-07:00,2019-10-02 11:57:36-07:00,20.097,37.5,150.0,436.0,America/Los_Angeles
caltech,2_39_127_19_2019-10-02 15:58:52.662947,2-39-127-19,CA-309,2019-10-02 08:58:53-07:00,2019-10-02 16:30:53-07:00,2019-10-02 10:33:58-07:00,4.914,5.5,20.0,193.0,America/Los_Angeles
caltech,2_39_79_378_2019-10-02 15:59:03.037139,2-39-79-378,CA-326,2019-10-02 08:59:03-07:00,2019-10-02 18:01:01-07:00,2019-10-02 17:52:13-07:00,2.04,0.0,0.0,0.0,America/Los_Angeles
caltech,2_39_123_23_2019-10-02 16:18:42.810427,2-39-123-23,CA-313,2019-10-02 09:18:43-07:00,2019-10-02 17:30:43-07:00,2019-10-02 10:28:07-07:00,3.761,6.66,20.0,441.0,America/Los_Angeles
caltech,2_39_78_360_2019-10-02 16:20:05.373908,2-39-78-360,CA-322,2019-10-02 09:20:05-07:00,2019-10-02 14:55:55-07:00,2019-10-02 13:33:10-07:00,18.893,28.0,70.0,300.0,America/Los_Angeles
caltech,2_39_124_22_2019-10-02 16:24:39.790218,2-39-124-22,CA-312,2019-10-02 09:24:40-07:00,2019-10-02 15:17:26-07:00,2019-10-02 10:41:50-07:00,3.726,8.0,20.0,61.0,America/Los_Angeles
caltech,2_39_88_24_2019-10-02 16:28:20.363430,2-39-88-24,CA-314,2019-10-02 09:28:20-07:00,2019-10-02 16:05:37-07:00,2019-10-02 11:31:32-07:00,13.232,16.0,40.0,373.0,America/Los_Angeles
caltech,2_39_90_26_2019-10-02 16:34:44.050007,2-39-90-26,CA-316,2019-10-02 09:34:44-07:00,2019-10-02 18:24:02-07:00,2019-10-02 11:35:34-07:00,6.097,12.0,20.0,242.0,America/Los_Angeles
caltech,2_39_79_376_2019-10-02 16:40:09.117932,2-39-79-376,CA-324,2019-10-02 09:40:09-07:00,2019-10-02 12:45:49-07:00,2019-10-02 11:30:36-07:00,0.886,0.0,0.0,0.0,America/Los_Angeles
caltech,2_39_89_25_2019-10-02 16:49:42.244125,2-39-89-25,CA-315,2019-10-02 09:49:42-07:00,2019-10-02 14:57:48-07:00,2019-10-02 14:51:49-07:00,0.858,0.0,0.0,0.0,America/Los_Angeles
caltech,2_39_92_436_2019-10-02 16:51:23.476442,2-39-92-436,CA-318,2019-10-02 09:51:23-07:00,2019-10-02 14:37:25-07:00,2019-10-02 11:50:27-07:00,11.64,14.07,30.0,423.0,America/Los_Angeles
caltech,2_39_95_27_2019-10-02 16:57:59.404703,2-39-95-27,CA-319,2019-10-02 09:57:59-07:00,2019-10-02 18:44:36-07:00,2019-10-02 12:57:33-07:00,9.517,21.42,60.0,191.0,America/Los_Angeles
caltech,2_39_92_442_2019-10-02 17:06:03.374584,2-39-92-442,CA-498,2019-10-02 10:06:03-07:00,2019-10-02 19:14:24-07:00,2019-10-02 12:34:53-07:00,15.871,16.0,80.0,120.0,America/Los_Angeles
caltech,2_39_91_441_2019-10-02 17:08:00.167936,2-39-91-441,CA-499,2019-10-02 10:08:00-07:00,2019-10-02 10:59:22-07:00,2019-10-02 10:59:18-07:00,5.256,8.5,20.0,139.0,America/Los_Angeles
caltech,2_39_79_381_2019-10-02 17:10:52.537028,2-39-79-381,CA-490,2019-10-02 10:10:53-07:00,2019-10-02 20:07:37-07:00,2019-10-02 14:17:29-07:00,13.617,21.84,60.0,720.0,America/Los_Angeles
caltech,2_39_79_383_2019-10-02 17:47:05.978513,2-39-79-383,CA-492,2019-10-02 10:47:06-07:00,2019-10-02 17:04:30-07:00,2019-10-02 13:45:16-07:00,17.882,18.0,60.0,372.0,America/Los_Angeles
caltech,2_39_78_367_2019-10-02 17:52:11.116224,2-39-78-367,CA-494,2019-10-02 10:52:12-07:00,2019-10-02 16:07:59-07:00,2019-10-02 14:31:25-07:00,7.244,12.0,20.0,129.0,America/Los_Angeles
caltech,2_39_78_362_2019-10-02 18:08:44.916395,2-39-78-362,CA-496,2019-10-02 11:08:45-07:00,2019-10-02 15:24:43-07:00,2019-10-02 15:25:42-07:00,5.401,8.0,20.0,223.0,America/Los_Angeles
caltech,2_39_78_364_2019-10-02 18:29:19.113104,2-39-78-364,CA-495,2019-10-02 11:29:19-07:00,2019-10-02 16:30:45-07:00,2019-10-02 12:42:38-07:00,4.569,15.0,50.0,411.0,America/Los_Angeles
caltech,2_39_91_437_2019-10-02 18:30:04.952743,2-39-91-437,CA-317,2019-10-02 11:30:05-07:00,2019-10-02 14:37:16-07:00,2019-10-02 14:24:23-07:00,0.828,0.0,0.0,0.0,America/Los_Angeles
caltech,2_39_91_441_2019-10-02 18:41:23.982628,2-39-91-441,CA-499,2019-10-02 11:41:24-07:00,2019-10-02 21:44:36-07:00,2019-10-02 12:41:22-07:00,2.005,16.0,40.0,291.0,America/Los_Angeles
caltech,2_39_123_557_2019-10-02 19:34:04.688281,2-39-123-557,CA-503,2019-10-02 12:34:05-07:00,2019-10-02 18:48:35-07:00,2019-10-02 14:46:36-07:00,6.675,9.0,20.0,30.0,America/Los_Angeles
caltech,2_39_79_380_2019-10-02 21:21:21.732956,2-39-79-380,CA-489,2019-10-02 14:21:22-07:00,2019-10-02 16:41:19-07:00,2019-10-02 15:57:26-07:00,10.49,24.0,60.0,147.0,America/Los_Angeles
caltech,2_39_91_437_2019-10-02 21:38:34.550469,2-39-91-437,CA-317,2019-10-02 14:38:35-07:00,2019-10-02 15:09:23-07:00,2019-10-02 15:10:21-07:00,0.814,0.0,0.0,0.0,America/Los_Angeles
caltech,2_39_91_437_2019-10-02 22:09:30.749853,2-39-91-437,CA-317,2019-10-02 15:09:31-07:00,2019-10-02 15:40:27-07:00,2019-10-02 15:41:26-07:00,0.823,0.0,0.0,0.0,America/Los_Angeles
caltech,2_39_131_30_2019-10-03 00:59:53.426331,2-39-131-30,CA-305,2019-10-02 17:59:53-07:00,2019-10-02 20:00:43-07:00,2019-10-02 18:30:55-07:00,0.891,0.0,0.0,0.0,America/Los_Angeles
caltech,2_39_125_21_2019-10-03 01:10:00.704719,2-39-125-21,CA-311,2019-10-02 18:10:01-07:00,2019-10-03 06:08:44-07:00,2019-10-02 22:33:38-07:00,14.838,8.66,20.0,377.0,America/Los_Angeles
caltech,2_39_138_29_2019-10-03 01:18:59.816020,2-39-138-29,CA-304,2019-10-02 18:19:00-07:00,2019-10-02 20:43:41-07:00,2019-10-02 19:50:09-07:00,5.147,12.0,40.0,134.0,America/Los_Angeles
caltech,2_39_139_28_2019-10-03 01:38:10.732667,2-39-139-28,CA-303,2019-10-02 18:38:25-07:00,2019-10-02 20:23:50-07:00,2019-10-02 19:34:29-07:00,4.378,8.88,20.0,94.0,America/Los_Angeles
caltech,2_39_123_23_2019-10-03 02:38:31.260183,2-39-123-23,CA-313,2019-10-02 19:38:31-07:00,2019-10-02 22:39:56-07:00,2019-10-02 22:25:08-07:00,15.12,35.04,80.0,134.0,America/Los_Angeles
caltech,2_39_139_28_2019-10-03 04:52:37.365150,2-39-139-28,CA-303,2019-10-02 21:52:37-07:00,2019-10-03 16:54:34-07:00,2019-10-03 16:14:45-07:00,5.341,15.2,38.0,173.0,America/Los_Angeles
caltech,2_39_138_29_2019-10-03 12:38:50.256419,2-39-138-29,CA-304,2019-10-03 05:38:50-07:00,2019-10-03 07:51:31-07:00,2019-10-03 06:48:51-07:00,3.4,12.0,20.0,242.0,America/Los_Angeles
caltech,2_39_79_380_2019-10-03 14:37:37.685924,2-39-79-380,CA-489,2019-10-03 07:37:38-07:00,2019-10-03 13:01:02-07:00,2019-10-03 13:02:00-07:00,0.852,0.0,0.0,0.0,America/Los_Angeles
caltech,2_39_78_366_2019-10-03 14:50:10.850851,2-39-78-366,CA-323,2019-10-03 07:50:11-07:00,2019-10-03 17:14:01-07:00,2019-10-03 16:42:17-07:00,0.872,0.0,0.0,0.0,America/Los_Angeles
caltech,2_39_138_29_2019-10-03 15:07:59.703705,2-39-138-29,CA-304,2019-10-03 08:08:00-07:00,2019-10-03 17:44:32-07:00,2019-10-03 12:27:56-07:00,27.102,33.8,130.0,553.0,America/Los_Angeles
caltech,2_39_92_442_2019-10-03 15:08:45.300350,2-39-92-442,CA-498,2019-10-03 08:08:45-07:00,2019-10-03 17:26:58-07:00,2019-10-03 13:37:52-07:00,35.783,37.5,150.0,539.0,America/Los_Angeles
caltech,2_39_79_379_2019-10-03 15:16:50.937535,2-39-79-379,CA-327,2019-10-03 08:16:51-07:00,2019-10-03 20:43:41-07:00,2019-10-03 13:20:01-07:00,13.068,21.84,60.0,720.0,America/Los_Angeles
caltech,2_39_78_364_2019-10-03 15:18:48.764335,2-39-78-364,CA-495,2019-10-03 08:18:49-07:00,2019-10-03 09:40:49-07:00,2019-10-03 09:40:43-07:00,8.112,40.0,100.0,383.0,America/Los_Angeles
caltech,2_39_79_377_2019-10-03 15:42:12.112826,2-39-79-377,CA-325,2019-10-03 08:42:12-07:00,2019-10-03 17:09:14-07:00,2019-10-03 09:20:25-07:00,1.69,5.0,20.0,418.0,America/Los_Angeles
caltech,2_39_78_361_2019-10-03 15:42:42.850797,2-39-78-361,CA-493,2019-10-03 08:42:43-07:00,2019-10-03 08:55:58-07:00,2019-10-03 08:55:54-07:00,0.767,16.0,40.0,360.0,America/Los_Angeles
caltech,2_39_95_444_2019-10-03 15:51:00.523473,2-39-95-444,CA-497,2019-10-03 08:51:01-07:00,2019-10-03 17:38:17-07:00,2019-10-03 15:44:50-07:00,0.878,0.0,0.0,0.0,America/Los_Angeles
caltech,2_39_79_376_2019-10-03 15:59:13.330290,2-39-79-376,CA-324,2019-10-03 08:59:13-07:00,2019-10-03 17:35:11-07:00,2019-10-03 12:36:56-07:00,17.509,37.5,150.0,436.0,America/Los_Angeles
caltech,2_39_79_383_2019-10-03 16:02:00.604829,2-39-79-383,CA-492,2019-10-03 09:02:01-07:00,2019-10-03 19:05:00-07:00,2019-10-03 16:45:20-07:00,36.941,36.96,160.0,93.0,America/Los_Angeles
caltech,2_39_78_361_2019-10-03 16:13:28.723165,2-39-78-361,CA-493,2019-10-03 09:13:29-07:00,2019-10-03 18:52:25-07:00,2019-10-03 17:10:44-07:00,0.985,0.0,0.0,0.0,America/Los_Angeles
caltech,2_39_89_25_2019-10-03 16:30:46.794405,2-39-89-25,CA-315,2019-10-03 09:30:47-07:00,2019-10-03 19:53:49-07:00,2019-10-03 10:15:02-07:00,1.358,12.0,20.0,153.0,America/Los_Angeles
caltech,2_39_124_22_2019-10-03 16:32:36.676225,2-39-124-22,CA-312,2019-10-03 09:32:37-07:00,2019-10-03 16:03:48-07:00,2019-10-03 11:38:50-07:00,13.547,16.0,40.0,373.0,America/Los_Angeles
caltech,2_39_123_23_2019-10-03 16:43:56.215485,2-39-123-23,CA-313,2019-10-03 09:43:56-07:00,2019-10-03 18:20:50-07:00,2019-10-03 12:38:06-07:00,9.221,21.42,60.0,191.0,America/Los_Angeles
caltech,2_39_90_26_2019-10-03 16:46:45.125051,2-39-90-26,CA-316,2019-10-03 09:46:45-07:00,2019-10-03 17:44:10-07:00,2019-10-03 12:54:08-07:00,13.138,15.0,30.0,463.0,America/Los_Angeles
caltech,2_39_95_27_2019-10-03 16:48:20.758157,2-39-95-27,CA-319,2019-10-03 09:48:21-07:00,2019-10-03 11:02:18-07:00,2019-10-03 10:19:24-07:00,0.906,0.0,0.0,0.0,America/Los_Angeles
caltech,2_39_88_24_2019-10-03 16:50:39.760673,2-39-88-24,CA-314,2019-10-03 09:50:40-07:00,2019-10-03 17:22:56-07:00,2019-10-03 11:48:44-07:00,6.307,8.0,20.0,61.0,America/Los_Angeles
caltech,2_39_92_436_2019-10-03 16:55:27.843166,2-39-92-436,CA-318,2019-10-03 09:55:28-07:00,2019-10-03 17:42:14-07:00,2019-10-03 10:34:44-07:00,1.599,10.0,20.0,304.0,America/Los_Angeles
caltech,2_39_78_360_2019-10-03 17:05:49.429887,2-39-78-360,CA-322,2019-10-03 10:05:50-07:00,2019-10-03 19:03:56-07:00,2019-10-03 12:06:06-07:00,11.577,12.0,60.0,120.0,America/Los_Angeles
caltech,2_39_91_441_2019-10-03 17:10:38.547030,2-39-91-441,CA-499,2019-10-03 10:10:39-07:00,2019-10-03 11:31:10-07:00,2019-10-03 11:06:51-07:00,5.594,8.5,20.0,139.0,America/Los_Angeles
caltech,2_39_78_367_2019-10-03 17:12:55.907061,2-39-78-367,CA-494,2019-10-03 10:12:56-07:00,2019-10-03 17:56:47-07:00,2019-10-03 12:59:53-07:00,10.832,14.07,30.0,423.0,America/Los_Angeles
caltech,2_39_78_363_2019-10-03 18:02:28.013659,2-39-78-363,CA-320,2019-10-03 11:02:28-07:00,2019-10-03 20:33:14-07:00,2019-10-03 17:10:47-07:00,0.938,0.0,0.0,0.0,America/Los_Angeles
caltech,2_39_78_364_2019-10-03 18:04:30.609437,2-39-78-364,CA-495,2019-10-03 11:04:31-07:00,2019-10-03 17:45:56-07:00,2019-10-03 11:59:12-07:00,5.377,40.0,100.0,383.0,America/Los_Angeles
caltech,2_39_91_437_2019-10-03 18:35:32.205977,2-39-91-437,CA-317,2019-10-03 11:35:32-07:00,2019-10-03 13:29:29-07:00,2019-10-03 13:29:25-07:00,3.169,9.99,30.0,86.0,America/Los_Angeles
caltech,2_39_90_440_2019-10-03 18:52:34.936180,2-39-90-440,CA-500,2019-10-03 11:52:35-07:00,2019-10-03 21:33:54-07:00,2019-10-03 12:54:03-07:00,2.067,16.0,40.0,291.0,America/Los_Angeles
caltech,2_39_91_441_2019-10-03 19:24:02.367729,2-39-91-441,CA-499,2019-10-03 12:24:02-07:00,2019-10-03 18:27:22-07:00,2019-10-03 14:21:08-07:00,6.446,9.0,20.0,30.0,America/Los_Angeles
caltech,2_39_88_438_2019-10-03 19:36:39.175556,2-39-88-438,CA-502,2019-10-03 12:36:39-07:00,2019-10-03 13:32:13-07:00,2019-10-03 13:33:12-07:00,0.731,0.0,0.0,0.0,America/Los_Angeles
caltech,2_39_79_380_2019-10-03 20:01:44.963031,2-39-79-380,CA-489,2019-10-03 13:01:45-07:00,2019-10-03 17:01:56-07:00,2019-10-03 13:33:59-07:00,0.7,0.0,0.0,0.0,America/Los_Angeles
caltech,2_39_88_438_2019-10-03 20:32:17.077671,2-39-88-438,CA-502,2019-10-03 13:32:17-07:00,2019-10-03 18:26:43-07:00,2019-10-03 18:26:39-07:00,32.788,80.0,200.0,121.0,America/Los_Angeles
caltech,2_39_78_362_2019-10-03 21:12:20.361743,2-39-78-362,CA-496,2019-10-03 14:12:20-07:00,2019-10-03 16:45:37-07:00,2019-10-03 16:46:33-07:00,6.21,8.0,20.0,168.0,America/Los_Angeles
caltech,2_39_129_17_2019-10-04 00:32:21.172155,2-39-129-17,CA-307,2019-10-03 17:32:21-07:00,2019-10-04 08:48:18-07:00,2019-10-04 00:15:49-07:00,14.873,15.0,40.0,59.0,America/Los_Angeles
caltech,2_39_127_19_2019-10-04 00:44:27.308684,2-39-127-19,CA-309,2019-10-03 17:44:27-07:00,2019-10-03 19:02:01-07:00,2019-10-03 18:34:41-07:00,4.063,8.88,20.0,94.0,America/Los_Angeles
caltech,2_39_92_436_2019-10-04 01:04:26.122353,2-39-92-436,CA-318,2019-10-03 18:04:26-07:00,2019-10-03 22:16:27-07:00,2019-10-03 22:16:22-07:00,14.848,20.0,50.0,232.0,America/Los_Angeles
caltech,2_39_139_28_2019-10-04 03:22:50.177433,2-39-139-28,CA-303,2019-10-03 20:22:50-07:00,2019-10-03 21:47:37-07:00,2019-10-03 21:47:33-07:00,9.598,22.5,90.0,115.0,America/Los_Angeles
caltech,2_39_138_29_2019-10-04 05:16:45.654518,2-39-138-29,CA-304,2019-10-03 22:16:46-07:00,2019-10-04 00:03:57-07:00,2019-10-04 00:03:53-07:00,5.862,12.0,20.0,242.0,America/Los_Angeles
caltech,2_39_139_28_2019-10-04 14:22:14.460276,2-39-139-28,CA-303,2019-10-04 07:22:14-07:00,2019-10-04 14:07:25-07:00,2019-10-04 08:18:11-07:00,2.587,12.0,20.0,242.0,America/Los_Angeles
caltech,2_39_79_380_2019-10-04 14:54:22.203897,2-39-79-380,CA-489,2019-10-04 07:54:22-07:00,2019-10-04 08:29:38-07:00,2019-10-04 08:25:14-07:00,0.843,0.0,0.0,0.0,America/Los_Angeles
caltech,2_39_79_379_2019-10-04 15:10:11.514259,2-39-79-379,CA-327,2019-10-04 08:10:24-07:00,2019-10-04 15:32:13-07:00,2019-10-04 10:42:14-07:00,10.496,12.0,30.0,377.0,America/Los_Angeles
caltech,2_39_78_366_2019-10-04 15:12:31.798468,2-39-78-366,CA-323,2019-10-04 08:12:32-07:00,2019-10-04 12:55:43-07:00,2019-10-04 09:46:58-07:00,9.233,27.0,90.0,523.0,America/Los_Angeles
caltech,2_39_79_383_2019-10-04 15:20:22.118637,2-39-79-383,CA-492,2019-10-04 08:20:22-07:00,2019-10-04 18:10:37-07:00,2019-10-04 10:53:31-07:00,6.474,10.5,20.0,236.0,America/Los_Angeles
caltech,2_39_131_30_2019-10-04 15:42:54.940382,2-39-131-30,CA-305,2019-10-04 08:42:55-07:00,2019-10-04 18:03:37-07:00,2019-10-04 11:25:08-07:00,9.215,24.0,40.0,469.0,America/Los_Angeles
caltech,2_39_128_18_2019-10-04 15:44:24.813050,2-39-128-18,CA-308,2019-10-04 08:44:25-07:00,2019-10-04 14:16:21-07:00,2019-10-04 14:16:17-07:00,3.061,8.0,20.0,61.0,America/Los_Angeles
caltech,2_39_78_367_2019-10-04 16:04:34.815837,2-39-78-367,CA-494,2019-10-04 09:04:35-07:00,2019-10-04 15:07:40-07:00,2019-10-04 13:25:06-07:00,10.078,15.0,40.0,236.0,America/Los_Angeles
caltech,2_39_89_25_2019-10-04 16:20:23.940802,2-39-89-25,CA-315,2019-10-04 09:20:24-07:00,2019-10-04 20:42:28-07:00,2019-10-04 10:02:41-07:00,1.27,12.0,20.0,171.0,America/Los_Angeles
caltech,2_39_129_17_2019-10-04 16:26:51.783251,2-39-129-17,CA-307,2019-10-04 09:26:52-07:00,2019-10-04 12:12:14-07:00,2019-10-04 12:12:10-07:00,11.671,24.0,60.0,65.0,America/Los_Angeles
caltech,2_39_79_376_2019-10-04 16:30:48.871892,2-39-79-376,CA-324,2019-10-04 09:30:49-07:00,2019-10-04 18:21:09-07:00,2019-10-04 13:51:36-07:00,14.018,21.84,60.0,720.0,America/Los_Angeles
caltech,2_39_79_380_2019-10-04 16:39:23.046211,2-39-79-380,CA-489,2019-10-04 09:39:23-07:00,2019-10-04 18:33:45-07:00,2019-10-04 11:28:12-07:00,10.635,40.0,100.0,383.0,America/Los_Angeles
caltech,2_39_78_365_2019-10-04 16:42:56.474215,2-39-78-365,CA-321,2019-10-04 09:42:56-07:00,2019-10-04 19:27:25-07:00,2019-10-04 19:21:57-07:00,10.634,21.42,60.0,191.0,America/Los_Angeles
caltech,2_39_92_442_2019-10-04 17:12:09.305070,2-39-92-442,CA-498,2019-10-04 10:12:09-07:00,2019-10-04 17:31:05-07:00,2019-10-04 15:05:08-07:00,32.588,57.5,230.0,510.0,America/Los_Angeles
caltech,2_39_91_437_2019-10-04 17:27:37.475156,2-39-91-437,CA-317,2019-10-04 10:27:37-07:00,2019-10-04 11:11:42-07:00,2019-10-04 10:57:46-07:00,0.847,0.0,0.0,0.0,America/Los_Angeles
caltech,2_39_78_364_2019-10-04 17:49:02.193732,2-39-78-364,CA-495,2019-10-04 10:49:02-07:00,2019-10-04 13:52:11-07:00,2019-10-04 12:06:08-07:00,3.776,10.0,20.0,286.0,America/Los_Angeles
caltech,2_39_79_377_2019-10-04 17:53:24.914745,2-39-79-377,CA-325,2019-10-04 10:53:25-07:00,2019-10-04 19:20:10-07:00,2019-10-04 11:58:30-07:00,4.628,15.0,50.0,411.0,America/Los_Angeles
caltech,2_39_92_436_2019-10-04 18:27:32.445832,2-39-92-436,CA-318,2019-10-04 11:27:32-07:00,2019-10-04 16:07:12-07:00,2019-10-04 12:11:48-07:00,1.825,10.0,20.0,304.0,America/Los_Angeles
caltech,2_39_95_27_2019-10-04 18:39:00.930748,2-39-95-27,CA-319,2019-10-04 11:39:01-07:00,2019-10-04 17:50:30-07:00,2019-10-04 13:38:20-07:00,6.509,9.0,20.0,30.0,America/Los_Angeles
caltech,2_39_124_22_2019-10-04 18:41:48.179592,2-39-124-22,CA-312,2019-10-04 11:41:48-07:00,2019-10-04 19:01:04-07:00,2019-10-04 17:39:01-07:00,37.017,40.0,200.0,466.0,America/Los_Angeles
caltech,2_39_79_382_2019-10-04 19:07:14.889154,2-39-79-382,CA-491,2019-10-04 12:07:15-07:00,2019-10-04 17:11:44-07:00,2019-10-04 14:50:27-07:00,15.849,18.0,60.0,294.0,America/Los_Angeles
caltech,2_39_91_437_2019-10-04 19:30:18.758549,2-39-91-437,CA-317,2019-10-04 12:30:19-07:00,2019-10-04 14:50:32-07:00,2019-10-04 13:15:25-07:00,0.862,0.0,0.0,0.0,America/Los_Angeles
caltech,2_39_123_557_2019-10-04 19:30:43.415209,2-39-123-557,CA-503,2019-10-04 12:30:43-07:00,2019-10-04 15:13:44-07:00,2019-10-04 13:11:22-07:00,3.384,16.0,40.0,373.0,America/Los_Angeles
caltech,2_39_129_17_2019-10-04 19:34:18.578121,2-39-129-17,CA-307,2019-10-04 12:34:19-07:00,2019-10-04 23:06:51-07:00,2019-10-04 13:37:05-07:00,2.034,16.0,40.0,291.0,America/Los_Angeles
caltech,2_39_123_23_2019-10-04 19:37:04.338736,2-39-123-23,CA-313,2019-10-04 12:37:04-07:00,2019-10-04 18:01:59-07:00,2019-10-04 14:42:42-07:00,12.212,14.07,30.0,295.0,America/Los_Angeles
caltech,2_39_91_441_2019-10-04 19:42:34.340636,2-39-91-441,CA-499,2019-10-04 12:42:34-07:00,2019-10-04 17:44:38-07:00,2019-10-04 15:30:18-07:00,9.342,12.0,40.0,218.0,America/Los_Angeles
caltech,2_39_78_363_2019-10-04 19:53:28.005293,2-39-78-363,CA-320,2019-10-04 12:53:28-07:00,2019-10-04 14:50:02-07:00,2019-10-04 13:23:53-07:00,0.907,0.0,0.0,0.0,America/Los_Angeles
caltech,2_39_95_444_2019-10-04 19:54:21.027595,2-39-95-444,CA-497,2019-10-04 12:54:21-07:00,2019-10-04 13:13:40-07:00,2019-10-04 13:13:34-07:00,0.878,8.0,20.0,61.0,America/Los_Angeles
caltech,2_39_90_26_2019-10-04 20:02:12.765054,2-39-90-26,CA-316,2019-10-04 13:02:13-07:00,2019-10-04 13:20:13-07:00,2019-10-04 13:20:08-07:00,1.652,10.0,40.0,164.0,America/Los_Angeles
caltech,2_39_78_366_2019-10-04 20:02:55.343455,2-39-78-366,CA-323,2019-10-04 13:02:55-07:00,2019-10-04 14:07:29-07:00,2019-10-04 14:07:26-07:00,5.278,65.04,240.0,261.0,America/Los_Angeles
caltech,2_39_130_31_2019-10-04 20:53:34.952333,2-39-130-31,CA-306,2019-10-04 13:53:35-07:00,2019-10-04 17:05:30-07:00,2019-10-04 17:05:21-07:00,21.466,59.94,180.0,568.0,America/Los_Angeles
caltech,2_39_139_28_2019-10-04 21:12:00.204726,2-39-139-28,CA-303,2019-10-04 14:12:00-07:00,2019-10-04 19:34:25-07:00,2019-10-04 15:29:22-07:00,4.106,6.66,20.0,441.0,America/Los_Angeles
caltech,2_39_91_437_2019-10-04 23:55:23.004592,2-39-91-437,CA-317,2019-10-04 16:55:39-07:00,2019-10-04 21:14:33-07:00,2019-10-04 21:08:23-07:00,11.132,11.25,30.0,173.0,America/Los_Angeles
caltech,2_39_79_378_2019-10-05 01:57:33.000242,2-39-79-378,CA-326,2019-10-04 18:57:33-07:00,2019-10-04 21:00:30-07:00,2019-10-04 21:00:25-07:00,7.117,16.0,40.0,226.0,America/Los_Angeles
caltech,2_39_139_28_2019-10-05 16:40:20.938531,2-39-139-28,CA-303,2019-10-05 09:40:21-07:00,2019-10-05 10:53:19-07:00,2019-10-05 10:53:15-07:00,4.129,9.99,30.0,68.0,America/Los_Angeles
caltech,2_39_131_30_2019-10-05 17:06:08.053937,2-39-131-30,CA-305,2019-10-05 10:06:08-07:00,2019-10-05 13:12:52-07:00,2019-10-05 11:18:42-07:00,3.974,6.66,20.0,139.0,America/Los_Angeles
caltech,2_39_129_17_2019-10-05 17:14:40.774492,2-39-129-17,CA-307,2019-10-05 10:14:41-07:00,2019-10-05 11:49:00-07:00,2019-10-05 11:48:55-07:00,9.998,28.0,70.0,226.0,America/Los_Angeles
caltech,2_39_90_26_2019-10-05 18:21:20.278943,2-39-90-26,CA-316,2019-10-05 11:21:20-07:00,2019-10-05 13:36:06-07:00,2019-10-05 13:36:02-07:00,15.279,28.0,140.0,264.0,America/Los_Angeles
caltech,2_39_95_27_2019-10-05 19:59:44.306023,2-39-95-27,CA-319,2019-10-05 12:59:44-07:00,2019-10-05 16:45:40-07:00,2019-10-05 16:45:36-07:00,13.069,20.0,50.0,212.0,America/Los_Angeles
caltech,2_39_129_17_2019-10-05 20:55:18.631790,2-39-129-17,CA-307,2019-10-05 13:55:19-07:00,2019-10-05 15:47:44-07:00,2019-10-05 14:25:38-07:00,0.942,0.0,0.0,0.0,America/Los_Angeles
caltech,2_39_131_30_2019-10-05 21:09:40.240190,2-39-131-30,CA-305,2019-10-05 14:09:40-07:00,2019-10-05 15:57:19-07:00,2019-10-05 14:40:44-07:00,0.872,0.0,0.0,0.0,America/Los_Angeles
caltech,2_39_123_23_2019-10-05 21:13:37.434872,2-39-123-23,CA-313,2019-10-05 14:13:37-07:00,2019-10-05 16:11:15-07:00,2019-10-05 15:48:07-07:00,4.826,12.0,20.0,108.0,America/Los_Angeles
caltech,2_39_124_22_2019-10-06 22:27:44.874484,2-39-124-22,CA-312,2019-10-06 15:27:45-07:00,2019-10-06 15:37:16-07:00,2019-10-06 15:37:12-07:00,1.019,24.0,120.0,88.0,America/Los_Angeles
caltech,2_39_126_20_2019-10-06 23:12:14.637540,2-39-126-20,CA-310,2019-10-06 16:12:15-07:00,2019-10-06 16:37:43-07:00,2019-10-06 16:37:39-07:00,0.609,0.0,0.0,0.0,America/Los_Angeles
caltech,2_39_139_28_2019-10-07 00:52:16.312997,2-39-139-28,CA-303,2019-10-06 17:52:16-07:00,2019-10-08 18:44:48-07:00,2019-10-08 11:44:59-07:00,12.169,15.2,38.0,173.0,America/Los_Angeles
caltech,2_39_138_29_2019-10-07 01:00:30.197891,2-39-138-29,CA-304,2019-10-06 18:00:30-07:00,2019-10-06 18:54:22-07:00,2019-10-06 18:54:18-07:00,3.051,6.66,20.0,68.0,America/Los_Angeles
caltech,2_39_78_366_2019-10-07 15:17:05.942097,2-39-78-366,CA-323,2019-10-07 08:17:06-07:00,2019-10-07 17:27:10-07:00,2019-10-07 17:26:32-07:00,45.037,45.0,150.0,523.0,America/Los_Angeles
caltech,2_39_131_30_2019-10-07 15:37:08.977824,2-39-131-30,CA-305,2019-10-07 08:37:09-07:00,2019-10-07 18:15:55-07:00,2019-10-07 12:22:10-07:00,12.559,30.0,50.0,404.0,America/Los_Angeles
caltech,2_39_78_367_2019-10-07 15:44:39.935956,2-39-78-367,CA-494,2019-10-07 08:44:40-07:00,2019-10-07 12:02:43-07:00,2019-10-07 12:02:38-07:00,11.494,29.2,100.0,428.0,America/Los_Angeles
caltech,2_39_95_27_2019-10-07 15:55:37.416718,2-39-95-27,CA-319,2019-10-07 08:55:37-07:00,2019-10-07 17:45:43-07:00,2019-10-07 10:50:29-07:00,5.946,8.0,20.0,72.0,America/Los_Angeles
caltech,2_39_79_379_2019-10-07 15:56:04.252027,2-39-79-379,CA-327,2019-10-07 08:56:04-07:00,2019-10-07 17:52:24-07:00,2019-10-07 12:44:37-07:00,17.95,37.5,150.0,436.0,America/Los_Angeles
caltech,2_39_79_383_2019-10-07 16:01:32.936869,2-39-79-383,CA-492,2019-10-07 09:01:48-07:00,2019-10-07 16:35:11-07:00,2019-10-07 16:35:06-07:00,39.574,60.0,250.0,549.0,America/Los_Angeles
caltech,2_39_130_31_2019-10-07 16:08:10.942190,2-39-130-31,CA-306,2019-10-07 09:08:11-07:00,2019-10-07 16:28:22-07:00,2019-10-07 13:09:45-07:00,0.883,0.0,0.0,0.0,America/Los_Angeles
caltech,2_39_79_380_2019-10-07 16:21:18.296313,2-39-79-380,CA-489,2019-10-07 09:21:18-07:00,2019-10-07 17:56:53-07:00,2019-10-07 11:20:22-07:00,10.803,40.0,100.0,383.0,America/Los_Angeles
caltech,2_39_79_376_2019-10-07 16:30:03.111659,2-39-79-376,CA-324,2019-10-07 09:30:03-07:00,2019-10-07 15:52:10-07:00,2019-10-07 13:23:28-07:00,6.604,16.0,80.0,458.0,America/Los_Angeles
caltech,2_39_91_437_2019-10-07 16:38:10.475388,2-39-91-437,CA-317,2019-10-07 09:38:10-07:00,2019-10-07 18:20:51-07:00,2019-10-07 14:25:26-07:00,16.021,21.84,60.0,720.0,America/Los_Angeles
caltech,2_39_78_361_2019-10-07 16:44:50.089313,2-39-78-361,CA-493,2019-10-07 09:44:50-07:00,2019-10-07 16:34:00-07:00,2019-10-07 13:56:33-07:00,0.875,0.0,0.0,0.0,America/Los_Angeles
caltech,2_39_89_25_2019-10-07 16:49:12.806759,2-39-89-25,CA-315,2019-10-07 09:49:13-07:00,2019-10-07 17:21:20-07:00,2019-10-07 13:00:43-07:00,18.2809275,18.0,60.0,383.0,America/Los_Angeles
caltech,2_39_123_23_2019-10-07 16:58:04.754400,2-39-123-23,CA-313,2019-10-07 09:58:05-07:00,2019-10-07 21:59:30-07:00,2019-10-07 13:14:51-07:00,2.857,21.42,60.0,191.0,America/Los_Angeles
caltech,2_39_78_363_2019-10-07 17:00:01.749311,2-39-78-363,CA-320,2019-10-07 10:00:02-07:00,2019-10-07 14:18:41-07:00,2019-10-07 13:56:35-07:00,13.91,14.0,70.0,120.0,America/Los_Angeles
caltech,2_39_78_365_2019-10-07 17:04:02.807481,2-39-78-365,CA-321,2019-10-07 10:04:03-07:00,2019-10-07 17:59:34-07:00,2019-10-07 14:24:12-07:00,10.216,14.07,30.0,459.0,America/Los_Angeles
caltech,2_39_79_378_2019-10-07 17:13:36.936482,2-39-79-378,CA-326,2019-10-07 10:13:37-07:00,2019-10-07 17:57:30-07:00,2019-10-07 14:58:30-07:00,9.79,15.0,50.0,411.0,America/Los_Angeles
caltech,2_39_91_441_2019-10-07 17:31:14.233346,2-39-91-441,CA-499,2019-10-07 10:31:14-07:00,2019-10-07 17:48:56-07:00,2019-10-07 17:48:47-07:00,48.349,100.05,230.0,121.0,America/Los_Angeles
caltech,2_39_78_360_2019-10-07 18:04:42.136324,2-39-78-360,CA-322,2019-10-07 11:04:42-07:00,2019-10-07 17:12:59-07:00,2019-10-07 16:14:19-07:00,10.168,10.71,30.0,374.0,America/Los_Angeles
caltech,2_39_88_24_2019-10-07 18:21:01.734375,2-39-88-24,CA-314,2019-10-07 11:21:02-07:00,2019-10-07 14:05:53-07:00,2019-10-07 11:44:12-07:00,0.76,12.0,20.0,242.0,America/Los_Angeles
caltech,2_39_95_444_2019-10-07 18:29:19.007017,2-39-95-444,CA-497,2019-10-07 11:29:19-07:00,2019-10-07 12:19:37-07:00,2019-10-07 12:20:36-07:00,0.868,0.0,0.0,0.0,America/Los_Angeles
caltech,2_39_88_438_2019-10-07 18:48:58.186788,2-39-88-438,CA-502,2019-10-07 11:48:58-07:00,2019-10-07 17:41:56-07:00,2019-10-07 14:07:49-07:00,14.892,15.0,50.0,322.0,America/Los_Angeles
caltech,2_39_90_26_2019-10-07 18:57:59.174314,2-39-90-26,CA-316,2019-10-07 11:57:59-07:00,2019-10-07 13:40:11-07:00,2019-10-07 13:40:06-07:00,11.036,28.0,70.0,300.0,America/Los_Angeles
caltech,2_39_78_367_2019-10-07 19:20:07.648674,2-39-78-367,CA-494,2019-10-07 12:20:08-07:00,2019-10-07 12:57:30-07:00,2019-10-07 12:50:43-07:00,0.891,0.0,0.0,0.0,America/Los_Angeles
caltech,2_39_95_444_2019-10-07 19:20:20.844353,2-39-95-444,CA-497,2019-10-07 12:20:21-07:00,2019-10-07 17:11:18-07:00,2019-10-07 13:20:26-07:00,2.788,10.0,20.0,286.0,America/Los_Angeles
caltech,2_39_127_19_2019-10-07 19:40:37.177679,2-39-127-19,CA-309,2019-10-07 12:40:37-07:00,2019-10-07 15:43:24-07:00,2019-10-07 13:46:21-07:00,2.384,8.19,30.0,185.0,America/Los_Angeles
caltech,2_39_78_367_2019-10-07 20:22:26.772621,2-39-78-367,CA-494,2019-10-07 13:22:27-07:00,2019-10-07 16:54:01-07:00,2019-10-07 16:53:43-07:00,17.394,17.52,60.0,207.0,America/Los_Angeles
caltech,2_39_90_26_2019-10-07 23:02:34.464461,2-39-90-26,CA-316,2019-10-07 16:02:34-07:00,2019-10-07 16:56:49-07:00,2019-10-07 16:51:57-07:00,5.329,8.34,30.0,70.0,America/Los_Angeles
caltech,2_39_125_21_2019-10-07 23:45:03.010336,2-39-125-21,CA-311,2019-10-07 16:45:03-07:00,2019-10-07 17:12:14-07:00,2019-10-07 17:12:10-07:00,0.751,0.0,0.0,0.0,America/Los_Angeles
caltech,2_39_131_30_2019-10-08 01:25:37.874213,2-39-131-30,CA-305,2019-10-07 18:25:38-07:00,2019-10-07 20:20:50-07:00,2019-10-07 20:11:30-07:00,10.113,28.0,70.0,226.0,America/Los_Angeles
caltech,2_39_130_31_2019-10-08 01:46:29.555825,2-39-130-31,CA-306,2019-10-07 18:46:45-07:00,2019-10-07 20:37:01-07:00,2019-10-07 19:33:08-07:00,3.702,8.88,20.0,94.0,America/Los_Angeles
caltech,2_39_125_21_2019-10-08 02:41:47.776301,2-39-125-21,CA-311,2019-10-07 19:41:48-07:00,2019-10-07 22:21:12-07:00,2019-10-07 22:18:18-07:00,15.968,35.04,80.0,134.0,America/Los_Angeles
caltech,2_39_131_30_2019-10-08 04:14:46.856983,2-39-131-30,CA-305,2019-10-07 21:14:47-07:00,2019-10-08 08:08:12-07:00,2019-10-08 06:26:28-07:00,14.898,15.0,40.0,59.0,America/Los_Angeles
caltech,2_39_129_17_2019-10-08 13:47:20.664622,2-39-129-17,CA-307,2019-10-08 06:47:21-07:00,2019-10-08 18:21:54-07:00,2019-10-08 10:20:32-07:00,23.575,36.54,140.0,458.0,America/Los_Angeles
caltech,2_39_79_380_2019-10-08 14:20:54.444135,2-39-79-380,CA-489,2019-10-08 07:20:54-07:00,2019-10-08 14:09:22-07:00,2019-10-08 13:19:30-07:00,0.927,0.0,0.0,0.0,America/Los_Angeles
caltech,2_39_79_383_2019-10-08 15:00:15.495335,2-39-79-383,CA-492,2019-10-08 08:00:15-07:00,2019-10-08 17:47:29-07:00,2019-10-08 14:35:27-07:00,0.911,0.0,0.0,0.0,America/Los_Angeles
caltech,2_39_91_437_2019-10-08 15:16:32.906185,2-39-91-437,CA-317,2019-10-08 08:16:44-07:00,2019-10-08 15:24:26-07:00,2019-10-08 08:49:38-07:00,3.196,12.0,30.0,377.0,America/Los_Angeles
caltech,2_39_92_442_2019-10-08 15:22:19.524357,2-39-92-442,CA-498,2019-10-08 08:22:20-07:00,2019-10-08 17:18:23-07:00,2019-10-08 14:12:43-07:00,38.336,52.0,130.0,527.0,America/Los_Angeles
caltech,2_39_78_366_2019-10-08 15:28:48.680339,2-39-78-366,CA-323,2019-10-08 08:28:49-07:00,2019-10-08 17:31:54-07:00,2019-10-08 13:19:40-07:00,0.882,0.0,0.0,0.0,America/Los_Angeles
caltech,2_39_79_379_2019-10-08 15:39:30.539118,2-39-79-379,CA-327,2019-10-08 08:39:31-07:00,2019-10-08 12:57:45-07:00,2019-10-08 09:05:58-07:00,0.763,0.0,0.0,0.0,America/Los_Angeles
caltech,2_39_131_30_2019-10-08 15:46:29.207436,2-39-131-30,CA-305,2019-10-08 08:46:29-07:00,2019-10-08 17:31:55-07:00,2019-10-08 14:34:22-07:00,0.795,0.0,0.0,0.0,America/Los_Angeles
caltech,2_39_89_25_2019-10-08 15:47:32.000440,2-39-89-25,CA-315,2019-10-08 08:47:32-07:00,2019-10-08 19:15:52-07:00,2019-10-08 11:56:52-07:00,10.1,21.42,60.0,191.0,America/Los_Angeles
caltech,2_39_138_29_2019-10-08 15:51:58.040466,2-39-138-29,CA-304,2019-10-08 08:51:58-07:00,2019-10-08 14:59:58-07:00,2019-10-08 10:50:54-07:00,6.22,12.0,20.0,242.0,America/Los_Angeles
caltech,2_39_123_23_2019-10-08 15:55:45.729483,2-39-123-23,CA-313,2019-10-08 08:55:46-07:00,2019-10-08 17:57:01-07:00,2019-10-08 10:15:41-07:00,4.512,18.0,30.0,404.0,America/Los_Angeles
caltech,2_39_79_376_2019-10-08 16:32:08.914669,2-39-79-376,CA-324,2019-10-08 09:32:09-07:00,2019-10-08 17:51:50-07:00,2019-10-08 11:34:11-07:00,0.91,0.0,0.0,0.0,America/Los_Angeles
caltech,2_39_138_566_2019-10-08 16:33:49.232919,2-39-138-566,CA-512,2019-10-08 09:33:49-07:00,2019-10-08 11:46:10-07:00,2019-10-08 11:34:00-07:00,0.91,0.0,0.0,0.0,America/Los_Angeles
caltech,2_39_88_24_2019-10-08 16:34:06.057605,2-39-88-24,CA-314,2019-10-08 09:34:06-07:00,2019-10-08 11:31:36-07:00,2019-10-08 11:27:39-07:00,0.889,0.0,0.0,0.0,America/Los_Angeles
caltech,2_39_92_436_2019-10-08 16:46:35.676054,2-39-92-436,CA-318,2019-10-08 09:46:36-07:00,2019-10-08 16:07:12-07:00,2019-10-08 10:44:55-07:00,5.887,8.0,20.0,60.0,America/Los_Angeles
caltech,2_39_78_362_2019-10-08 16:49:23.755757,2-39-78-362,CA-496,2019-10-08 09:49:24-07:00,2019-10-08 11:02:12-07:00,2019-10-08 11:03:11-07:00,4.167,8.0,20.0,223.0,America/Los_Angeles
caltech,2_39_91_441_2019-10-08 16:54:24.296140,2-39-91-441,CA-499,2019-10-08 09:54:44-07:00,2019-10-08 18:23:21-07:00,2019-10-08 11:52:33-07:00,13.539,45.4,200.0,509.0,America/Los_Angeles
caltech,2_39_95_27_2019-10-08 17:02:53.085379,2-39-95-27,CA-319,2019-10-08 10:02:53-07:00,2019-10-08 22:34:03-07:00,2019-10-08 11:05:48-07:00,2.028,12.0,20.0,120.0,America/Los_Angeles
caltech,2_39_90_440_2019-10-08 17:13:09.787167,2-39-90-440,CA-500,2019-10-08 10:14:54-07:00,2019-10-08 19:09:06-07:00,2019-10-08 17:16:47-07:00,9.905,10.0,50.0,120.0,America/Los_Angeles
caltech,2_39_78_364_2019-10-08 17:18:26.723892,2-39-78-364,CA-495,2019-10-08 10:18:27-07:00,2019-10-08 17:59:31-07:00,2019-10-08 14:05:37-07:00,11.096,14.07,30.0,459.0,America/Los_Angeles
caltech,2_39_79_382_2019-10-08 17:18:50.631632,2-39-79-382,CA-491,2019-10-08 10:18:51-07:00,2019-10-08 17:56:37-07:00,2019-10-08 13:12:21-07:00,16.357,37.5,150.0,436.0,America/Los_Angeles
caltech,2_39_78_363_2019-10-08 17:55:41.504879,2-39-78-363,CA-320,2019-10-08 10:55:41-07:00,2019-10-08 14:27:37-07:00,2019-10-08 13:17:59-07:00,1.044,0.0,0.0,0.0,America/Los_Angeles
caltech,2_39_88_438_2019-10-08 18:04:02.533630,2-39-88-438,CA-502,2019-10-08 11:04:03-07:00,2019-10-08 17:17:28-07:00,2019-10-08 12:25:48-07:00,9.117,17.52,60.0,207.0,America/Los_Angeles
caltech,2_39_78_362_2019-10-08 18:05:54.765709,2-39-78-362,CA-496,2019-10-08 11:05:55-07:00,2019-10-08 13:08:55-07:00,2019-10-08 13:09:55-07:00,7.619,12.0,20.0,129.0,America/Los_Angeles
caltech,2_39_95_444_2019-10-08 18:22:29.436818,2-39-95-444,CA-497,2019-10-08 11:22:29-07:00,2019-10-08 18:41:22-07:00,2019-10-08 14:29:08-07:00,21.295,40.0,200.0,466.0,America/Los_Angeles
caltech,2_39_90_26_2019-10-08 18:27:11.115410,2-39-90-26,CA-316,2019-10-08 11:27:11-07:00,2019-10-08 12:21:54-07:00,2019-10-08 12:21:49-07:00,2.944,20.0,50.0,395.0,America/Los_Angeles
caltech,2_39_88_24_2019-10-08 18:34:34.050355,2-39-88-24,CA-314,2019-10-08 11:34:34-07:00,2019-10-08 17:23:19-07:00,2019-10-08 17:23:14-07:00,8.065,15.0,50.0,411.0,America/Los_Angeles
caltech,2_39_124_22_2019-10-08 18:39:03.220768,2-39-124-22,CA-312,2019-10-08 11:39:03-07:00,2019-10-08 17:54:05-07:00,2019-10-08 17:16:42-07:00,35.894,36.0,90.0,378.0,America/Los_Angeles
caltech,2_39_90_26_2019-10-08 19:45:16.944570,2-39-90-26,CA-316,2019-10-08 12:45:17-07:00,2019-10-08 22:07:14-07:00,2019-10-08 13:46:49-07:00,2.061,16.0,40.0,291.0,America/Los_Angeles
caltech,2_39_125_559_2019-10-08 20:07:43.103156,2-39-125-559,CA-505,2019-10-08 13:07:43-07:00,2019-10-08 15:54:09-07:00,2019-10-08 14:35:27-07:00,0.73,0.0,0.0,0.0,America/Los_Angeles
caltech,2_39_79_380_2019-10-08 22:30:00.545039,2-39-79-380,CA-489,2019-10-08 15:30:01-07:00,2019-10-08 16:31:29-07:00,2019-10-08 16:00:48-07:00,0.857,0.0,0.0,0.0,America/Los_Angeles
caltech,2_39_91_437_2019-10-08 23:09:05.637852,2-39-91-437,CA-317,2019-10-08 16:09:06-07:00,2019-10-08 17:37:34-07:00,2019-10-08 17:37:29-07:00,4.892,12.0,20.0,108.0,America/Los_Angeles
caltech,2_39_92_436_2019-10-09 00:19:50.312855,2-39-92-436,CA-318,2019-10-08 17:19:50-07:00,2019-10-08 21:44:00-07:00,2019-10-08 21:43:55-07:00,15.461,8.0,20.0,60.0,America/Los_Angeles
caltech,2_39_128_18_2019-10-09 00:21:59.650967,2-39-128-18,CA-308,2019-10-08 17:22:00-07:00,2019-10-08 18:42:31-07:00,2019-10-08 18:42:22-07:00,4.469,6.66,20.0,68.0,America/Los_Angeles
caltech,2_39_131_30_2019-10-09 00:44:02.068484,2-39-131-30,CA-305,2019-10-08 17:44:15-07:00,2019-10-08 21:24:09-07:00,2019-10-08 21:24:02-07:00,12.636,16.25,50.0,60.0,America/Los_Angeles
caltech,2_39_78_366_2019-10-09 01:01:44.447851,2-39-78-366,CA-323,2019-10-08 18:01:44-07:00,2019-10-08 19:31:53-07:00,2019-10-08 18:31:58-07:00,0.817,0.0,0.0,0.0,America/Los_Angeles
caltech,2_39_125_21_2019-10-09 02:32:32.123900,2-39-125-21,CA-311,2019-10-08 19:32:32-07:00,2019-10-08 21:50:28-07:00,2019-10-08 21:37:42-07:00,11.31,35.04,80.0,134.0,America/Los_Angeles
caltech,2_39_139_28_2019-10-09 03:26:48.413768,2-39-139-28,CA-303,2019-10-08 20:26:48-07:00,2019-10-08 21:52:03-07:00,2019-10-08 21:51:58-07:00,9.875,22.5,90.0,115.0,America/Los_Angeles
caltech,2_39_79_383_2019-10-09 15:22:50.633069,2-39-79-383,CA-492,2019-10-09 08:22:51-07:00,2019-10-09 18:40:33-07:00,2019-10-09 10:34:39-07:00,6.384,10.15,29.0,285.0,America/Los_Angeles
caltech,2_39_78_366_2019-10-09 15:23:36.410842,2-39-78-366,CA-323,2019-10-09 08:23:36-07:00,2019-10-09 17:35:28-07:00,2019-10-09 11:24:00-07:00,0.856,0.0,0.0,0.0,America/Los_Angeles
caltech,2_39_78_362_2019-10-09 15:28:36.729450,2-39-78-362,CA-496,2019-10-09 08:28:37-07:00,2019-10-09 12:55:00-07:00,2019-10-09 12:55:56-07:00,11.194,15.0,40.0,236.0,America/Los_Angeles
caltech,2_39_139_28_2019-10-09 15:35:30.888906,2-39-139-28,CA-303,2019-10-09 08:35:31-07:00,2019-10-09 18:35:00-07:00,2019-10-09 09:55:37-07:00,4.543,18.0,30.0,404.0,America/Los_Angeles
caltech,2_39_79_379_2019-10-09 15:41:08.809893,2-39-79-379,CA-327,2019-10-09 08:41:09-07:00,2019-10-09 09:14:34-07:00,2019-10-09 09:14:30-07:00,1.418,20.0,50.0,76.0,America/Los_Angeles
caltech,2_39_78_363_2019-10-09 15:51:38.728183,2-39-78-363,CA-320,2019-10-09 08:51:39-07:00,2019-10-09 17:04:36-07:00,2019-10-09 10:26:02-07:00,4.669,8.0,20.0,60.0,America/Los_Angeles
caltech,2_39_79_380_2019-10-09 15:52:19.310393,2-39-79-380,CA-489,2019-10-09 08:52:19-07:00,2019-10-09 10:53:38-07:00,2019-10-09 10:54:36-07:00,0.926,0.0,0.0,0.0,America/Los_Angeles
caltech,2_39_79_377_2019-10-09 15:56:09.540576,2-39-79-377,CA-325,2019-10-09 08:55:54-07:00,2019-10-09 21:31:23-07:00,2019-10-09 13:54:00-07:00,15.289,24.0,60.0,620.0,America/Los_Angeles
caltech,2_39_91_437_2019-10-09 16:09:28.758171,2-39-91-437,CA-317,2019-10-09 09:09:29-07:00,2019-10-09 17:41:08-07:00,2019-10-09 10:39:58-07:00,4.799,8.0,20.0,60.0,America/Los_Angeles
caltech,2_39_123_23_2019-10-09 16:27:17.401162,2-39-123-23,CA-313,2019-10-09 09:27:17-07:00,2019-10-09 16:09:19-07:00,2019-10-09 11:36:36-07:00,13.648,16.0,40.0,366.0,America/Los_Angeles
caltech,2_39_78_360_2019-10-09 16:28:54.674501,2-39-78-360,CA-322,2019-10-09 09:28:55-07:00,2019-10-09 18:24:28-07:00,2019-10-09 18:24:25-07:00,16.689,40.0,100.0,419.0,America/Los_Angeles
caltech,2_39_78_365_2019-10-09 16:33:10.543623,2-39-78-365,CA-321,2019-10-09 09:33:11-07:00,2019-10-09 10:21:24-07:00,2019-10-09 10:03:35-07:00,0.918,0.0,0.0,0.0,America/Los_Angeles
caltech,2_39_79_379_2019-10-09 16:43:35.656443,2-39-79-379,CA-327,2019-10-09 09:43:36-07:00,2019-10-09 19:12:54-07:00,2019-10-09 11:48:38-07:00,12.929,28.0,70.0,60.0,America/Los_Angeles
caltech,2_39_78_364_2019-10-09 16:56:21.494005,2-39-78-364,CA-495,2019-10-09 09:56:21-07:00,2019-10-09 18:48:26-07:00,2019-10-09 15:31:11-07:00,7.904,8.0,20.0,60.0,America/Los_Angeles
caltech,2_39_92_442_2019-10-09 17:04:07.511146,2-39-92-442,CA-498,2019-10-09 10:04:07-07:00,2019-10-09 18:06:13-07:00,2019-10-09 13:19:28-07:00,11.868,12.0,30.0,451.0,America/Los_Angeles
caltech,2_39_95_27_2019-10-09 17:26:00.299908,2-39-95-27,CA-319,2019-10-09 10:26:00-07:00,2019-10-10 00:18:01-07:00,2019-10-09 11:19:59-07:00,1.779,16.0,40.0,291.0,America/Los_Angeles
caltech,2_39_78_365_2019-10-09 17:36:27.246965,2-39-78-365,CA-321,2019-10-09 10:36:27-07:00,2019-10-09 13:07:27-07:00,2019-10-09 13:07:23-07:00,12.146,12.75,30.0,139.0,America/Los_Angeles
caltech,2_39_79_376_2019-10-09 17:43:39.940194,2-39-79-376,CA-324,2019-10-09 10:43:40-07:00,2019-10-09 17:04:53-07:00,2019-10-09 15:47:17-07:00,29.895,30.0,100.0,379.0,America/Los_Angeles
caltech,2_39_91_441_2019-10-09 17:47:09.177721,2-39-91-441,CA-499,2019-10-09 10:47:09-07:00,2019-10-09 17:20:55-07:00,2019-10-09 15:36:39-07:00,0.962,0.0,0.0,0.0,America/Los_Angeles
caltech,2_39_90_26_2019-10-09 17:52:27.021499,2-39-90-26,CA-316,2019-10-09 10:52:27-07:00,2019-10-09 20:12:33-07:00,2019-10-09 11:44:43-07:00,1.641,8.0,20.0,69.0,America/Los_Angeles
caltech,2_39_79_380_2019-10-09 17:53:45.575684,2-39-79-380,CA-489,2019-10-09 10:53:46-07:00,2019-10-09 15:04:15-07:00,2019-10-09 11:19:22-07:00,0.52,0.0,0.0,0.0,America/Los_Angeles
caltech,2_39_89_439_2019-10-09 18:26:03.004767,2-39-89-439,CA-501,2019-10-09 11:26:03-07:00,2019-10-09 17:02:40-07:00,2019-10-09 12:59:03-07:00,10.244,11.68,40.0,207.0,America/Los_Angeles
caltech,2_39_124_22_2019-10-09 19:20:14.257685,2-39-124-22,CA-312,2019-10-09 12:20:14-07:00,2019-10-09 19:28:16-07:00,2019-10-09 18:16:01-07:00,39.868,40.0,200.0,466.0,America/Los_Angeles
caltech,2_39_92_436_2019-10-09 20:01:04.766142,2-39-92-436,CA-318,2019-10-09 13:01:05-07:00,2019-10-09 14:45:26-07:00,2019-10-09 14:22:35-07:00,7.875,8.0,20.0,60.0,America/Los_Angeles
caltech,2_39_79_382_2019-10-09 20:13:24.119879,2-39-79-382,CA-491,2019-10-09 13:13:24-07:00,2019-10-09 17:25:05-07:00,2019-10-09 17:24:56-07:00,26.66,80.0,200.0,60.0,America/Los_Angeles
caltech,2_39_78_365_2019-10-09 20:17:32.404038,2-39-78-365,CA-321,2019-10-09 13:17:32-07:00,2019-10-09 17:03:34-07:00,2019-10-09 14:39:01-07:00,4.181,8.0,20.0,223.0,America/Los_Angeles
caltech,2_39_88_24_2019-10-09 20:20:21.906593,2-39-88-24,CA-314,2019-10-09 13:20:22-07:00,2019-10-09 16:42:28-07:00,2019-10-09 16:42:23-07:00,22.3,22.5,90.0,221.0,America/Los_Angeles
caltech,2_39_78_361_2019-10-09 20:33:00.507483,2-39-78-361,CA-493,2019-10-09 13:33:00-07:00,2019-10-09 19:19:19-07:00,2019-10-09 14:19:32-07:00,2.061,8.0,20.0,60.0,America/Los_Angeles
caltech,2_39_128_18_2019-10-09 22:30:11.432666,2-39-128-18,CA-308,2019-10-09 15:30:29-07:00,2019-10-09 16:10:37-07:00,2019-10-09 16:10:14-07:00,4.199,6.16,20.0,196.0,America/Los_Angeles
caltech,2_39_92_436_2019-10-09 23:30:38.856142,2-39-92-436,CA-318,2019-10-09 16:30:39-07:00,2019-10-09 17:47:57-07:00,2019-10-09 17:39:44-07:00,3.343,8.0,20.0,60.0,America/Los_Angeles
caltech,2_39_78_363_2019-10-10 00:44:31.418497,2-39-78-363,CA-320,2019-10-09 17:44:31-07:00,2019-10-09 18:51:10-07:00,2019-10-09 18:50:14-07:00,6.622,20.0,50.0,60.0,America/Los_Angeles
caltech,2_39_131_30_2019-10-10 01:12:18.813538,2-39-131-30,CA-305,2019-10-09 18:12:19-07:00,2019-10-10 06:13:59-07:00,2019-10-09 22:53:01-07:00,16.097,36.0,60.0,315.0,America/Los_Angeles
caltech,2_39_129_17_2019-10-10 01:39:15.364748,2-39-129-17,CA-307,2019-10-09 18:39:15-07:00,2019-10-09 20:33:00-07:00,2019-10-09 19:10:10-07:00,0.881,0.0,0.0,0.0,America/Los_Angeles
caltech,2_39_127_19_2019-10-10 01:58:14.495828,2-39-127-19,CA-309,2019-10-09 18:58:14-07:00,2019-10-09 20:58:57-07:00,2019-10-09 20:44:30-07:00,10.678,8.0,20.0,60.0,America/Los_Angeles
caltech,2_39_139_28_2019-10-10 04:42:58.512471,2-39-139-28,CA-303,2019-10-09 21:42:58-07:00,2019-10-10 07:58:31-07:00,2019-10-10 06:26:26-07:00,14.891,15.0,40.0,59.0,America/Los_Angeles
caltech,2_39_79_380_2019-10-10 14:39:05.011891,2-39-79-380,CA-489,2019-10-10 07:39:05-07:00,2019-10-10 18:06:54-07:00,2019-10-10 11:33:21-07:00,1.432,0.0,0.0,0.0,America/Los_Angeles
caltech,2_39_78_367_2019-10-10 14:58:24.836056,2-39-78-367,CA-494,2019-10-10 07:58:25-07:00,2019-10-10 09:53:40-07:00,2019-10-10 09:49:30-07:00,8.75,11.68,40.0,207.0,America/Los_Angeles
caltech,2_39_91_437_2019-10-10 15:01:06.444287,2-39-91-437,CA-317,2019-10-10 08:01:06-07:00,2019-10-10 15:04:25-07:00,2019-10-10 11:52:41-07:00,23.139,24.0,80.0,410.0,America/Los_Angeles
caltech,2_39_79_383_2019-10-10 15:06:13.665757,2-39-79-383,CA-492,2019-10-10 08:06:14-07:00,2019-10-10 15:46:07-07:00,2019-10-10 09:35:48-07:00,4.401,10.15,29.0,285.0,America/Los_Angeles
caltech,2_39_95_27_2019-10-10 15:20:37.879098,2-39-95-27,CA-319,2019-10-10 08:20:38-07:00,2019-10-10 10:15:54-07:00,2019-10-10 10:14:54-07:00,0.771,0.0,0.0,0.0,America/Los_Angeles
caltech,2_39_78_366_2019-10-10 15:37:21.691883,2-39-78-366,CA-323,2019-10-10 08:37:22-07:00,2019-10-10 17:17:53-07:00,2019-10-10 16:50:37-07:00,1.032,0.0,0.0,0.0,America/Los_Angeles
caltech,2_39_128_18_2019-10-10 15:48:04.091030,2-39-128-18,CA-308,2019-10-10 08:48:04-07:00,2019-10-10 11:28:04-07:00,2019-10-10 10:22:37-07:00,7.892,8.0,20.0,191.0,America/Los_Angeles
caltech,2_39_89_25_2019-10-10 15:56:15.275976,2-39-89-25,CA-315,2019-10-10 08:56:15-07:00,2019-10-10 17:42:28-07:00,2019-10-10 09:40:54-07:00,1.95,8.0,20.0,60.0,America/Los_Angeles
caltech,2_39_95_444_2019-10-10 16:01:41.565332,2-39-95-444,CA-497,2019-10-10 09:01:42-07:00,2019-10-10 18:31:43-07:00,2019-10-10 14:33:17-07:00,6.825,6.93,30.0,544.0,America/Los_Angeles
caltech,2_39_79_379_2019-10-10 16:07:12.340135,2-39-79-379,CA-327,2019-10-10 09:07:12-07:00,2019-10-10 19:05:59-07:00,2019-10-10 10:56:57-07:00,11.362,28.0,70.0,60.0,America/Los_Angeles
caltech,2_39_78_360_2019-10-10 16:15:02.397340,2-39-78-360,CA-322,2019-10-10 09:15:02-07:00,2019-10-10 14:54:40-07:00,2019-10-10 14:03:23-07:00,24.117,32.0,80.0,317.0,America/Los_Angeles
caltech,2_39_129_17_2019-10-10 16:21:57.854165,2-39-129-17,CA-307,2019-10-10 09:21:58-07:00,2019-10-10 10:51:05-07:00,2019-10-10 10:25:20-07:00,0.945,0.0,0.0,0.0,America/Los_Angeles
caltech,2_39_78_361_2019-10-10 16:23:42.744646,2-39-78-361,CA-493,2019-10-10 09:23:43-07:00,2019-10-10 16:37:02-07:00,2019-10-10 14:32:37-07:00,0.848,0.0,0.0,0.0,America/Los_Angeles
caltech,2_39_92_442_2019-10-10 16:34:57.540763,2-39-92-442,CA-498,2019-10-10 09:34:58-07:00,2019-10-10 19:29:33-07:00,2019-10-10 14:32:21-07:00,16.796,8.0,20.0,60.0,America/Los_Angeles
caltech,2_39_123_23_2019-10-10 16:35:26.190308,2-39-123-23,CA-313,2019-10-10 09:35:26-07:00,2019-10-10 16:07:25-07:00,2019-10-10 10:29:01-07:00,5.289,20.0,50.0,366.0,America/Los_Angeles
caltech,2_39_90_440_2019-10-10 16:46:26.834946,2-39-90-440,CA-500,2019-10-10 09:46:27-07:00,2019-10-10 15:53:32-07:00,2019-10-10 15:53:23-07:00,40.815,80.0,200.0,60.0,America/Los_Angeles
caltech,2_39_90_26_2019-10-10 16:59:31.129485,2-39-90-26,CA-316,2019-10-10 09:59:31-07:00,2019-10-10 15:38:06-07:00,2019-10-10 10:50:48-07:00,2.15,12.0,20.0,242.0,America/Los_Angeles
caltech,2_39_78_367_2019-10-10 17:11:11.700920,2-39-78-367,CA-494,2019-10-10 10:11:12-07:00,2019-10-10 12:48:31-07:00,2019-10-10 12:17:46-07:00,0.5160364396652295,0.0,0.0,0.0,America/Los_Angeles
caltech,2_39_92_436_2019-10-10 17:14:50.380756,2-39-92-436,CA-318,2019-10-10 10:14:50-07:00,2019-10-10 12:12:44-07:00,2019-10-10 12:05:18-07:00,11.507,17.0,40.0,139.0,America/Los_Angeles
caltech,2_39_78_363_2019-10-10 17:18:47.478496,2-39-78-363,CA-320,2019-10-10 10:18:47-07:00,2019-10-10 15:16:42-07:00,2019-10-10 15:10:55-07:00,0.836,0.0,0.0,0.0,America/Los_Angeles
caltech,2_39_78_365_2019-10-10 17:25:24.442520,2-39-78-365,CA-321,2019-10-10 10:25:24-07:00,2019-10-10 13:15:03-07:00,2019-10-10 13:15:02-07:00,17.989,60.0,150.0,217.0,America/Los_Angeles
caltech,2_39_89_439_2019-10-10 17:26:22.133489,2-39-89-439,CA-501,2019-10-10 10:26:22-07:00,2019-10-10 13:49:51-07:00,2019-10-10 12:26:29-07:00,11.786,12.0,30.0,210.0,America/Los_Angeles
caltech,2_39_88_24_2019-10-10 17:38:56.772668,2-39-88-24,CA-314,2019-10-10 10:38:57-07:00,2019-10-10 17:18:59-07:00,2019-10-10 12:07:32-07:00,5.036,12.0,20.0,324.0,America/Los_Angeles
caltech,2_39_88_438_2019-10-10 18:03:54.533026,2-39-88-438,CA-502,2019-10-10 11:03:55-07:00,2019-10-10 17:15:31-07:00,2019-10-10 13:11:32-07:00,13.058,40.0,100.0,383.0,America/Los_Angeles
caltech,2_39_79_377_2019-10-10 18:28:15.041269,2-39-79-377,CA-325,2019-10-10 11:28:15-07:00,2019-10-10 18:53:29-07:00,2019-10-10 13:30:24-07:00,13.264,20.0,50.0,235.0,America/Los_Angeles
caltech,2_39_78_364_2019-10-10 19:25:25.747745,2-39-78-364,CA-495,2019-10-10 12:25:26-07:00,2019-10-10 16:30:28-07:00,2019-10-10 14:49:08-07:00,11.114,12.0,30.0,377.0,America/Los_Angeles
caltech,2_39_92_436_2019-10-10 19:28:02.180466,2-39-92-436,CA-318,2019-10-10 12:28:02-07:00,2019-10-10 17:11:22-07:00,2019-10-10 14:26:07-07:00,6.427,8.0,20.0,60.0,America/Los_Angeles
caltech,2_39_91_441_2019-10-10 20:14:25.042021,2-39-91-441,CA-499,2019-10-10 13:14:25-07:00,2019-10-10 16:34:25-07:00,2019-10-10 16:14:50-07:00,13.425,15.0,30.0,187.0,America/Los_Angeles
caltech,2_39_78_365_2019-10-10 20:50:29.114840,2-39-78-365,CA-321,2019-10-10 13:50:29-07:00,2019-10-10 15:17:11-07:00,2019-10-10 15:17:09-07:00,8.38,12.5,50.0,121.0,America/Los_Angeles
caltech,2_39_78_367_2019-10-10 21:21:24.539156,2-39-78-367,CA-494,2019-10-10 14:21:25-07:00,2019-10-10 17:02:09-07:00,2019-10-10 16:47:09-07:00,0.5345445041813253,0.0,0.0,0.0,America/Los_Angeles
caltech,2_39_91_437_2019-10-10 23:28:32.575432,2-39-91-437,CA-317,2019-10-10 16:28:33-07:00,2019-10-10 18:28:12-07:00,2019-10-10 17:15:49-07:00,2.26,8.0,20.0,60.0,America/Los_Angeles
caltech,2_39_89_25_2019-10-11 01:30:56.251082,2-39-89-25,CA-315,2019-10-10 18:30:56-07:00,2019-10-10 22:17:48-07:00,2019-10-10 22:17:43-07:00,13.43,20.0,50.0,239.0,America/Los_Angeles
caltech,2_39_126_20_2019-10-11 02:50:04.891767,2-39-126-20,CA-310,2019-10-10 19:50:05-07:00,2019-10-10 22:39:13-07:00,2019-10-10 21:55:23-07:00,10.892,24.0,60.0,120.0,America/Los_Angeles
caltech,2_39_139_28_2019-10-11 03:23:30.015263,2-39-139-28,CA-303,2019-10-10 20:23:30-07:00,2019-10-10 21:45:20-07:00,2019-10-10 21:45:15-07:00,8.612,22.5,90.0,115.0,America/Los_Angeles
caltech,2_39_131_30_2019-10-11 04:07:17.088781,2-39-131-30,CA-305,2019-10-10 21:07:17-07:00,2019-10-10 22:21:38-07:00,2019-10-10 21:35:54-07:00,1.358,15.2,38.0,173.0,America/Los_Angeles
caltech,2_39_139_28_2019-10-11 05:07:08.410919,2-39-139-28,CA-303,2019-10-10 22:07:08-07:00,2019-10-11 07:50:41-07:00,2019-10-11 06:26:26-07:00,8.897,6.0,20.0,59.0,America/Los_Angeles
caltech,2_39_131_30_2019-10-11 06:04:54.718665,2-39-131-30,CA-305,2019-10-10 23:04:55-07:00,2019-10-10 23:17:12-07:00,2019-10-10 23:17:07-07:00,0.906,60.0,240.0,651.0,America/Los_Angeles
caltech,2_39_138_29_2019-10-11 06:14:21.089425,2-39-138-29,CA-304,2019-10-10 23:14:21-07:00,2019-10-11 04:01:34-07:00,2019-10-11 01:07:58-07:00,5.463,12.0,20.0,242.0,America/Los_Angeles
caltech,2_39_131_30_2019-10-11 06:38:13.020209,2-39-131-30,CA-305,2019-10-10 23:38:13-07:00,2019-10-11 17:43:00-07:00,2019-10-11 06:44:04-07:00,46.857,60.0,240.0,624.0,America/Los_Angeles
caltech,2_39_79_380_2019-10-11 14:50:14.328814,2-39-79-380,CA-489,2019-10-11 07:50:14-07:00,2019-10-11 09:04:20-07:00,2019-10-11 09:05:18-07:00,0.758,0.0,0.0,0.0,America/Los_Angeles
caltech,2_39_79_382_2019-10-11 14:56:21.049109,2-39-79-382,CA-491,2019-10-11 07:56:21-07:00,2019-10-11 16:27:55-07:00,2019-10-11 15:50:13-07:00,9.013,14.6,50.0,207.0,America/Los_Angeles
caltech,2_39_95_27_2019-10-11 14:57:58.527867,2-39-95-27,CA-319,2019-10-11 07:57:59-07:00,2019-10-11 15:34:19-07:00,2019-10-11 09:45:05-07:00,10.475,12.0,40.0,410.0,America/Los_Angeles
caltech,2_39_89_25_2019-10-11 15:05:01.344387,2-39-89-25,CA-315,2019-10-11 08:05:01-07:00,2019-10-11 11:05:23-07:00,2019-10-11 10:02:20-07:00,6.195,8.0,20.0,60.0,America/Los_Angeles
caltech,2_39_78_364_2019-10-11 15:05:55.483111,2-39-78-364,CA-495,2019-10-11 08:05:55-07:00,2019-10-11 11:55:52-07:00,2019-10-11 11:55:42-07:00,18.177,40.0,100.0,256.0,America/Los_Angeles
caltech,2_39_78_366_2019-10-11 15:08:02.599019,2-39-78-366,CA-323,2019-10-11 08:08:03-07:00,2019-10-11 16:07:47-07:00,2019-10-11 14:30:21-07:00,26.583,39.6,110.0,480.0,America/Los_Angeles
caltech,2_39_95_444_2019-10-11 16:02:56.294393,2-39-95-444,CA-497,2019-10-11 09:02:56-07:00,2019-10-11 17:41:52-07:00,2019-10-11 10:59:54-07:00,12.017,40.0,100.0,383.0,America/Los_Angeles
caltech,2_39_79_380_2019-10-11 16:04:27.126087,2-39-79-380,CA-489,2019-10-11 09:04:27-07:00,2019-10-11 10:21:26-07:00,2019-10-11 10:08:32-07:00,0.844,0.0,0.0,0.0,America/Los_Angeles
caltech,2_39_79_376_2019-10-11 16:07:49.113754,2-39-79-376,CA-324,2019-10-11 09:07:49-07:00,2019-10-11 18:12:02-07:00,2019-10-11 11:28:02-07:00,9.334,40.0,100.0,419.0,America/Los_Angeles
caltech,2_39_91_437_2019-10-11 16:13:17.508000,2-39-91-437,CA-317,2019-10-11 09:13:17-07:00,2019-10-11 09:44:49-07:00,2019-10-11 09:44:41-07:00,2.122,8.0,20.0,60.0,America/Los_Angeles
caltech,2_39_79_379_2019-10-11 16:15:08.088457,2-39-79-379,CA-327,2019-10-11 09:15:08-07:00,2019-10-11 16:31:15-07:00,2019-10-11 10:03:51-07:00,2.986,5.0,20.0,418.0,America/Los_Angeles
caltech,2_39_90_26_2019-10-11 16:21:56.988017,2-39-90-26,CA-316,2019-10-11 09:21:57-07:00,2019-10-11 23:41:45-07:00,2019-10-11 10:23:45-07:00,1.993,8.0,20.0,165.0,America/Los_Angeles
caltech,2_39_128_18_2019-10-11 16:33:55.615421,2-39-128-18,CA-308,2019-10-11 09:33:56-07:00,2019-10-11 16:17:08-07:00,2019-10-11 10:39:53-07:00,6.498,20.0,50.0,366.0,America/Los_Angeles
caltech,2_39_78_367_2019-10-11 16:37:56.630056,2-39-78-367,CA-494,2019-10-11 09:37:57-07:00,2019-10-11 15:37:00-07:00,2019-10-11 12:49:02-07:00,7.685,12.0,30.0,166.0,America/Los_Angeles
caltech,2_39_92_442_2019-10-11 16:39:25.141139,2-39-92-442,CA-498,2019-10-11 09:39:25-07:00,2019-10-11 17:20:37-07:00,2019-10-11 13:03:01-07:00,22.291,32.0,80.0,385.0,America/Los_Angeles
caltech,2_39_91_437_2019-10-11 16:47:07.272212,2-39-91-437,CA-317,2019-10-11 09:47:07-07:00,2019-10-11 18:51:19-07:00,2019-10-11 10:35:27-07:00,2.007,8.0,20.0,60.0,America/Los_Angeles
caltech,2_39_78_362_2019-10-11 16:54:46.503095,2-39-78-362,CA-496,2019-10-11 09:54:46-07:00,2019-10-11 19:16:42-07:00,2019-10-11 19:17:42-07:00,10.474,20.0,50.0,60.0,America/Los_Angeles
caltech,2_39_78_363_2019-10-11 17:01:35.381115,2-39-78-363,CA-320,2019-10-11 10:01:35-07:00,2019-10-11 14:33:38-07:00,2019-10-11 13:03:12-07:00,6.809,8.0,20.0,223.0,America/Los_Angeles
caltech,2_39_123_23_2019-10-11 17:02:38.403867,2-39-123-23,CA-313,2019-10-11 10:02:38-07:00,2019-10-11 11:34:15-07:00,2019-10-11 11:15:00-07:00,1.434,8.0,20.0,643.0,America/Los_Angeles
caltech,2_39_79_380_2019-10-11 17:24:11.226260,2-39-79-380,CA-489,2019-10-11 10:24:11-07:00,2019-10-11 19:28:16-07:00,2019-10-11 19:28:11-07:00,2.216,0.0,0.0,0.0,America/Los_Angeles
caltech,2_39_91_441_2019-10-11 17:35:37.001501,2-39-91-441,CA-499,2019-10-11 10:35:37-07:00,2019-10-11 17:07:28-07:00,2019-10-11 15:41:09-07:00,11.882,12.0,40.0,385.0,America/Los_Angeles
caltech,2_39_90_440_2019-10-11 18:33:39.000374,2-39-90-440,CA-500,2019-10-11 11:33:39-07:00,2019-10-11 18:11:23-07:00,2019-10-11 18:11:15-07:00,14.925,15.0,60.0,372.0,America/Los_Angeles
caltech,2_39_88_24_2019-10-11 19:10:37.098114,2-39-88-24,CA-314,2019-10-11 12:10:37-07:00,2019-10-11 16:10:48-07:00,2019-10-11 15:59:10-07:00,0.874,0.0,0.0,0.0,America/Los_Angeles
caltech,2_39_89_25_2019-10-11 19:30:14.866916,2-39-89-25,CA-315,2019-10-11 12:30:15-07:00,2019-10-12 00:21:00-07:00,2019-10-11 13:31:22-07:00,2.027,16.0,40.0,291.0,America/Los_Angeles
caltech,2_39_79_377_2019-10-11 21:31:47.600090,2-39-79-377,CA-325,2019-10-11 14:31:48-07:00,2019-10-11 16:32:58-07:00,2019-10-11 16:32:54-07:00,6.969,20.0,50.0,60.0,America/Los_Angeles
caltech,2_39_79_383_2019-10-11 21:57:08.041543,2-39-79-383,CA-492,2019-10-11 14:57:18-07:00,2019-10-11 17:00:43-07:00,2019-10-11 15:35:44-07:00,3.777,12.0,30.0,176.0,America/Los_Angeles
caltech,2_39_78_363_2019-10-11 22:04:07.178123,2-39-78-363,CA-320,2019-10-11 15:04:07-07:00,2019-10-11 18:12:48-07:00,2019-10-11 17:19:49-07:00,8.584,16.0,40.0,146.0,America/Los_Angeles
caltech,2_39_124_22_2019-10-11 22:07:11.925669,2-39-124-22,CA-312,2019-10-11 15:07:12-07:00,2019-10-11 18:34:13-07:00,2019-10-11 18:07:41-07:00,13.817,32.0,80.0,557.0,America/Los_Angeles
caltech,2_39_78_364_2019-10-11 22:28:39.185395,2-39-78-364,CA-495,2019-10-11 15:28:39-07:00,2019-10-11 18:05:56-07:00,2019-10-11 17:27:23-07:00,11.876,12.0,30.0,112.0,America/Los_Angeles
caltech,2_39_95_27_2019-10-12 01:45:06.479552,2-39-95-27,CA-319,2019-10-11 18:45:06-07:00,2019-10-11 20:26:27-07:00,2019-10-11 19:44:44-07:00,5.562,9.0,30.0,157.0,America/Los_Angeles
caltech,2_39_79_376_2019-10-12 14:45:19.112781,2-39-79-376,CA-324,2019-10-12 07:45:19-07:00,2019-10-12 11:45:42-07:00,2019-10-12 11:44:19-07:00,7.905,8.0,40.0,62.0,America/Los_Angeles
caltech,2_39_78_365_2019-10-12 15:54:34.641716,2-39-78-365,CA-321,2019-10-12 08:54:35-07:00,2019-10-12 11:27:24-07:00,2019-10-12 10:00:21-07:00,0.853,0.0,0.0,0.0,America/Los_Angeles
caltech,2_39_131_30_2019-10-12 16:02:39.832849,2-39-131-30,CA-305,2019-10-12 09:02:40-07:00,2019-10-12 11:40:21-07:00,2019-10-12 11:00:33-07:00,6.481,8.0,20.0,60.0,America/Los_Angeles
caltech,2_39_139_28_2019-10-12 16:09:17.828944,2-39-139-28,CA-303,2019-10-12 09:09:18-07:00,2019-10-12 11:32:36-07:00,2019-10-12 09:40:17-07:00,0.885,0.0,0.0,0.0,America/Los_Angeles
caltech,2_39_127_19_2019-10-12 16:50:19.428860,2-39-127-19,CA-309,2019-10-12 09:50:19-07:00,2019-10-12 15:02:38-07:00,2019-10-12 15:02:29-07:00,20.192,35.0,140.0,248.0,America/Los_Angeles
caltech,2_39_129_17_2019-10-12 17:17:08.414286,2-39-129-17,CA-307,2019-10-12 10:17:08-07:00,2019-10-12 11:44:22-07:00,2019-10-12 11:44:17-07:00,10.008,28.0,70.0,226.0,America/Los_Angeles
caltech,2_39_78_366_2019-10-12 18:24:17.749928,2-39-78-366,CA-323,2019-10-12 11:24:18-07:00,2019-10-12 15:42:15-07:00,2019-10-12 14:20:53-07:00,17.37,17.5,70.0,372.0,America/Los_Angeles
caltech,2_39_89_25_2019-10-12 19:12:13.967822,2-39-89-25,CA-315,2019-10-12 12:12:14-07:00,2019-10-12 15:05:10-07:00,2019-10-12 15:05:05-07:00,10.136,20.0,50.0,239.0,America/Los_Angeles
caltech,2_39_139_28_2019-10-12 20:36:44.496191,2-39-139-28,CA-303,2019-10-12 13:36:44-07:00,2019-10-12 17:51:03-07:00,2019-10-12 17:00:52-07:00,11.875,12.0,40.0,61.0,America/Los_Angeles
caltech,2_39_92_442_2019-10-12 20:51:13.416007,2-39-92-442,CA-498,2019-10-12 13:51:13-07:00,2019-10-12 20:11:46-07:00,2019-10-12 15:48:31-07:00,5.988,8.0,20.0,72.0,America/Los_Angeles
caltech,2_39_138_29_2019-10-12 21:34:58.302357,2-39-138-29,CA-304,2019-10-12 14:34:58-07:00,2019-10-12 15:38:21-07:00,2019-10-12 15:38:17-07:00,3.628,9.99,30.0,104.0,America/Los_Angeles
caltech,2_39_78_363_2019-10-12 22:26:00.930089,2-39-78-363,CA-320,2019-10-12 15:26:01-07:00,2019-10-12 18:22:42-07:00,2019-10-12 18:22:31-07:00,16.805,40.0,100.0,435.0,America/Los_Angeles
caltech,2_39_131_30_2019-10-13 00:00:40.426854,2-39-131-30,CA-305,2019-10-12 17:00:40-07:00,2019-10-12 17:44:05-07:00,2019-10-12 17:44:00-07:00,2.368,16.0,40.0,74.0,America/Los_Angeles
caltech,2_39_124_22_2019-10-13 00:56:15.442197,2-39-124-22,CA-312,2019-10-12 17:56:15-07:00,2019-10-12 19:49:06-07:00,2019-10-12 19:49:01-07:00,11.717,24.0,60.0,120.0,America/Los_Angeles
caltech,2_39_139_28_2019-10-13 02:17:48.340235,2-39-139-28,CA-303,2019-10-12 19:17:48-07:00,2019-10-12 20:04:07-07:00,2019-10-12 20:04:02-07:00,2.499,15.2,38.0,173.0,America/Los_Angeles
caltech,2_39_139_28_2019-10-13 17:19:25.954333,2-39-139-28,CA-303,2019-10-13 10:19:26-07:00,2019-10-13 13:38:46-07:00,2019-10-13 12:16:12-07:00,11.875,8.0,20.0,60.0,America/Los_Angeles
caltech,2_39_128_18_2019-10-13 18:25:15.661730,2-39-128-18,CA-308,2019-10-13 11:25:16-07:00,2019-10-13 13:12:11-07:00,2019-10-13 12:27:31-07:00,2.945,8.0,20.0,60.0,America/Los_Angeles
caltech,2_39_123_23_2019-10-13 19:10:07.791172,2-39-123-23,CA-313,2019-10-13 12:10:08-07:00,2019-10-13 13:57:31-07:00,2019-10-13 13:57:26-07:00,5.944,8.0,20.0,60.0,America/Los_Angeles
caltech,2_39_131_30_2019-10-13 19:19:14.569573,2-39-131-30,CA-305,2019-10-13 12:19:15-07:00,2019-10-13 14:17:47-07:00,2019-10-13 12:49:46-07:00,0.923,0.0,0.0,0.0,America/Los_Angeles
caltech,2_39_126_20_2019-10-13 21:17:49.702346,2-39-126-20,CA-310,2019-10-13 14:17:50-07:00,2019-10-13 17:51:49-07:00,2019-10-13 17:40:46-07:00,22.379,22.5,90.0,115.0,America/Los_Angeles
caltech,2_39_125_21_2019-10-13 22:17:08.303765,2-39-125-21,CA-311,2019-10-13 15:17:08-07:00,2019-10-13 15:48:52-07:00,2019-10-13 15:47:28-07:00,0.875,0.0,0.0,0.0,America/Los_Angeles
caltech,2_39_139_28_2019-10-13 23:05:18.725860,2-39-139-28,CA-303,2019-10-13 16:05:29-07:00,2019-10-13 20:01:13-07:00,2019-10-13 20:00:28-07:00,8.911,8.88,20.0,94.0,America/Los_Angeles
caltech,2_39_139_28_2019-10-14 03:58:48.493763,2-39-139-28,CA-303,2019-10-13 20:58:48-07:00,2019-10-14 06:52:40-07:00,2019-10-13 23:18:46-07:00,14.083,20.0,50.0,174.0,America/Los_Angeles
caltech,2_39_79_383_2019-10-14 15:17:38.376644,2-39-79-383,CA-492,2019-10-14 08:17:38-07:00,2019-10-14 16:14:48-07:00,2019-10-14 16:03:45-07:00,11.806,0.0,0.0,0.0,America/Los_Angeles
caltech,2_39_92_442_2019-10-14 15:24:20.027375,2-39-92-442,CA-498,2019-10-14 08:24:20-07:00,2019-10-14 17:37:01-07:00,2019-10-14 10:38:34-07:00,7.024,16.0,40.0,489.0,America/Los_Angeles
caltech,2_39_79_379_2019-10-14 15:40:24.836538,2-39-79-379,CA-327,2019-10-14 08:40:25-07:00,2019-10-14 15:30:19-07:00,2019-10-14 15:04:18-07:00,1.321,0.0,0.0,0.0,America/Los_Angeles
caltech,2_39_78_363_2019-10-14 15:44:43.641634,2-39-78-363,CA-320,2019-10-14 08:44:44-07:00,2019-10-14 17:16:17-07:00,2019-10-14 09:58:47-07:00,7.741,80.1,300.0,378.0,America/Los_Angeles
caltech,2_39_89_25_2019-10-14 15:44:52.031996,2-39-89-25,CA-315,2019-10-14 08:44:52-07:00,2019-10-14 11:25:47-07:00,2019-10-14 09:16:08-07:00,0.789,0.0,0.0,0.0,America/Los_Angeles
caltech,2_39_78_367_2019-10-14 15:52:11.724993,2-39-78-367,CA-494,2019-10-14 08:52:12-07:00,2019-10-14 17:03:04-07:00,2019-10-14 16:56:58-07:00,7.881,8.0,20.0,60.0,America/Los_Angeles
caltech,2_39_79_378_2019-10-14 15:56:48.748788,2-39-79-378,CA-326,2019-10-14 08:56:49-07:00,2019-10-14 14:58:34-07:00,2019-10-14 14:40:49-07:00,5.579,0.0,0.0,0.0,America/Los_Angeles
caltech,2_39_79_376_2019-10-14 16:01:09.385271,2-39-79-376,CA-324,2019-10-14 09:01:09-07:00,2019-10-14 17:53:45-07:00,2019-10-14 10:15:45-07:00,7.326,40.0,100.0,419.0,America/Los_Angeles
caltech,2_39_90_440_2019-10-14 16:12:14.569642,2-39-90-440,CA-500,2019-10-14 09:12:27-07:00,2019-10-14 19:58:40-07:00,2019-10-14 16:56:24-07:00,51.14,60.0,250.0,558.0,America/Los_Angeles
caltech,2_39_91_437_2019-10-14 16:33:12.146976,2-39-91-437,CA-317,2019-10-14 09:33:12-07:00,2019-10-14 11:15:12-07:00,2019-10-14 11:15:07-07:00,11.034,32.0,80.0,325.0,America/Los_Angeles
caltech,2_39_124_22_2019-10-14 16:39:04.521067,2-39-124-22,CA-312,2019-10-14 09:39:05-07:00,2019-10-14 15:05:02-07:00,2019-10-14 10:43:14-07:00,6.52,20.0,50.0,366.0,America/Los_Angeles
caltech,2_39_95_444_2019-10-14 16:53:18.577397,2-39-95-444,CA-497,2019-10-14 09:52:59-07:00,2019-10-14 19:09:22-07:00,2019-10-14 12:30:06-07:00,16.803,36.0,90.0,60.0,America/Los_Angeles
caltech,2_39_123_23_2019-10-14 16:56:32.761838,2-39-123-23,CA-313,2019-10-14 09:56:33-07:00,2019-10-14 11:01:02-07:00,2019-10-14 11:00:54-07:00,5.626,8.0,20.0,138.0,America/Los_Angeles
caltech,2_39_129_17_2019-10-14 17:03:53.307013,2-39-129-17,CA-307,2019-10-14 10:03:53-07:00,2019-10-14 11:00:02-07:00,2019-10-14 10:34:41-07:00,0.894,0.0,0.0,0.0,America/Los_Angeles
caltech,2_39_91_441_2019-10-14 17:10:53.654480,2-39-91-441,CA-499,2019-10-14 10:10:54-07:00,2019-10-14 18:08:18-07:00,2019-10-14 16:54:44-07:00,0.828,0.0,0.0,0.0,America/Los_Angeles
caltech,2_39_92_436_2019-10-14 17:12:08.444533,2-39-92-436,CA-318,2019-10-14 10:12:08-07:00,2019-10-14 18:08:54-07:00,2019-10-14 11:49:01-07:00,9.575,12.0,30.0,359.0,America/Los_Angeles
caltech,2_39_95_27_2019-10-14 17:14:55.858351,2-39-95-27,CA-319,2019-10-14 10:14:56-07:00,2019-10-14 21:44:41-07:00,2019-10-14 11:16:16-07:00,3.079,8.0,20.0,60.0,America/Los_Angeles
caltech,2_39_90_26_2019-10-14 17:34:35.425757,2-39-90-26,CA-316,2019-10-14 10:34:35-07:00,2019-10-14 13:20:45-07:00,2019-10-14 11:51:33-07:00,3.597,12.0,20.0,242.0,America/Los_Angeles
caltech,2_39_89_439_2019-10-14 17:46:20.874894,2-39-89-439,CA-501,2019-10-14 10:46:21-07:00,2019-10-14 17:11:14-07:00,2019-10-14 12:40:42-07:00,11.636,12.0,40.0,374.0,America/Los_Angeles
caltech,2_39_88_438_2019-10-14 17:52:56.427074,2-39-88-438,CA-502,2019-10-14 10:52:56-07:00,2019-10-14 13:54:13-07:00,2019-10-14 13:28:51-07:00,16.998,20.0,50.0,182.0,America/Los_Angeles
caltech,2_39_123_23_2019-10-14 18:07:21.105148,2-39-123-23,CA-313,2019-10-14 11:07:21-07:00,2019-10-14 19:04:04-07:00,2019-10-14 14:59:34-07:00,26.522,28.0,70.0,401.0,America/Los_Angeles
caltech,2_39_88_24_2019-10-14 18:11:41.831193,2-39-88-24,CA-314,2019-10-14 11:11:42-07:00,2019-10-14 16:25:15-07:00,2019-10-14 13:54:22-07:00,11.546,16.0,40.0,267.0,America/Los_Angeles
caltech,2_39_91_437_2019-10-14 18:26:54.899256,2-39-91-437,CA-317,2019-10-14 11:26:55-07:00,2019-10-14 18:02:32-07:00,2019-10-14 12:07:16-07:00,1.698,8.0,20.0,60.0,America/Los_Angeles
caltech,2_39_78_366_2019-10-14 19:26:55.635962,2-39-78-366,CA-323,2019-10-14 12:26:56-07:00,2019-10-14 18:11:22-07:00,2019-10-14 18:11:20-07:00,35.115,39.6,110.0,480.0,America/Los_Angeles
caltech,2_39_125_21_2019-10-14 20:29:13.683731,2-39-125-21,CA-311,2019-10-14 13:29:14-07:00,2019-10-14 17:34:17-07:00,2019-10-14 14:22:53-07:00,5.254,36.54,140.0,458.0,America/Los_Angeles
caltech,2_39_90_26_2019-10-14 20:44:04.671209,2-39-90-26,CA-316,2019-10-14 13:44:05-07:00,2019-10-14 16:23:33-07:00,2019-10-14 16:23:28-07:00,17.448,26.28,90.0,264.0,America/Los_Angeles
caltech,2_39_88_438_2019-10-14 20:57:45.415529,2-39-88-438,CA-502,2019-10-14 13:57:45-07:00,2019-10-14 14:57:55-07:00,2019-10-14 14:29:01-07:00,0.913,0.0,0.0,0.0,America/Los_Angeles
caltech,2_39_78_364_2019-10-14 21:41:12.792385,2-39-78-364,CA-495,2019-10-14 14:41:13-07:00,2019-10-14 21:57:37-07:00,2019-10-14 16:27:33-07:00,7.394,7.5,30.0,386.0,America/Los_Angeles
caltech,2_39_79_378_2019-10-14 22:11:34.461005,2-39-79-378,CA-326,2019-10-14 15:11:34-07:00,2019-10-14 18:27:49-07:00,2019-10-14 18:27:45-07:00,4.617,0.0,0.0,0.0,America/Los_Angeles
caltech,2_39_88_438_2019-10-14 22:20:07.213964,2-39-88-438,CA-502,2019-10-14 15:20:07-07:00,2019-10-14 18:16:48-07:00,2019-10-14 18:16:44-07:00,9.514,15.2,38.0,173.0,America/Los_Angeles
caltech,2_39_124_22_2019-10-14 22:48:54.930190,2-39-124-22,CA-312,2019-10-14 15:48:55-07:00,2019-10-14 17:30:27-07:00,2019-10-14 17:26:12-07:00,5.062,8.0,20.0,60.0,America/Los_Angeles
caltech,2_39_79_377_2019-10-14 23:30:39.421759,2-39-79-377,CA-325,2019-10-14 16:30:39-07:00,2019-10-14 20:33:09-07:00,2019-10-14 20:33:04-07:00,14.089,36.0,60.0,293.0,America/Los_Angeles
caltech,2_39_139_28_2019-10-15 01:15:11.867008,2-39-139-28,CA-303,2019-10-14 18:15:12-07:00,2019-10-14 19:44:11-07:00,2019-10-14 19:44:07-07:00,10.03,28.0,70.0,226.0,America/Los_Angeles
caltech,2_39_131_30_2019-10-15 01:22:40.727998,2-39-131-30,CA-305,2019-10-14 18:22:46-07:00,2019-10-14 20:35:23-07:00,2019-10-14 19:10:11-07:00,3.877,8.88,20.0,94.0,America/Los_Angeles
caltech,2_39_79_380_2019-10-15 14:29:46.741510,2-39-79-380,CA-489,2019-10-15 07:29:47-07:00,2019-10-15 13:07:54-07:00,2019-10-15 13:08:52-07:00,0.837,0.0,0.0,0.0,America/Los_Angeles
caltech,2_39_79_383_2019-10-15 14:45:42.101696,2-39-79-383,CA-492,2019-10-15 07:45:55-07:00,2019-10-15 17:47:19-07:00,2019-10-15 11:09:26-07:00,9.839,11.25,30.0,399.0,America/Los_Angeles
caltech,2_39_79_379_2019-10-15 15:19:40.041417,2-39-79-379,CA-327,2019-10-15 08:19:55-07:00,2019-10-15 14:26:40-07:00,2019-10-15 08:58:59-07:00,3.727,12.0,30.0,398.0,America/Los_Angeles
caltech,2_39_90_26_2019-10-15 15:27:18.829027,2-39-90-26,CA-316,2019-10-15 08:27:19-07:00,2019-10-15 19:03:26-07:00,2019-10-15 09:28:23-07:00,2.843,8.0,20.0,60.0,America/Los_Angeles
caltech,2_39_92_442_2019-10-15 15:28:46.702153,2-39-92-442,CA-498,2019-10-15 08:28:59-07:00,2019-10-15 11:41:02-07:00,2019-10-15 09:19:29-07:00,5.716,20.0,50.0,254.0,America/Los_Angeles
caltech,2_39_78_365_2019-10-15 15:30:03.048349,2-39-78-365,CA-321,2019-10-15 08:30:03-07:00,2019-10-15 17:19:51-07:00,2019-10-15 16:38:39-07:00,13.234,28.8,80.0,480.0,America/Los_Angeles
caltech,2_39_79_377_2019-10-15 15:30:47.715590,2-39-79-377,CA-325,2019-10-15 08:30:48-07:00,2019-10-15 17:01:46-07:00,2019-10-15 14:55:00-07:00,0.836,0.0,0.0,0.0,America/Los_Angeles
caltech,2_39_90_440_2019-10-15 15:40:36.116033,2-39-90-440,CA-500,2019-10-15 08:40:36-07:00,2019-10-15 17:38:43-07:00,2019-10-15 11:24:35-07:00,18.519,64.0,160.0,60.0,America/Los_Angeles
caltech,2_39_78_362_2019-10-15 15:43:57.655841,2-39-78-362,CA-496,2019-10-15 08:43:58-07:00,2019-10-15 17:20:34-07:00,2019-10-15 17:21:32-07:00,46.906,52.0,130.0,505.0,America/Los_Angeles
caltech,2_39_78_364_2019-10-15 15:46:05.530030,2-39-78-364,CA-495,2019-10-15 08:46:06-07:00,2019-10-15 10:33:51-07:00,2019-10-15 10:33:47-07:00,3.524,11.68,40.0,264.0,America/Los_Angeles
caltech,2_39_95_27_2019-10-15 15:51:43.392615,2-39-95-27,CA-319,2019-10-15 08:51:43-07:00,2019-10-15 09:10:54-07:00,2019-10-15 09:10:42-07:00,0.545,0.0,0.0,0.0,America/Los_Angeles
caltech,2_39_91_437_2019-10-15 16:02:12.170044,2-39-91-437,CA-317,2019-10-15 09:02:12-07:00,2019-10-15 19:09:22-07:00,2019-10-15 13:54:55-07:00,16.314,24.0,60.0,620.0,America/Los_Angeles
caltech,2_39_79_376_2019-10-15 16:15:55.891939,2-39-79-376,CA-324,2019-10-15 09:15:56-07:00,2019-10-15 19:11:22-07:00,2019-10-15 19:11:17-07:00,12.499,9.0,30.0,411.0,America/Los_Angeles
caltech,2_39_124_22_2019-10-15 16:34:32.823278,2-39-124-22,CA-312,2019-10-15 09:34:33-07:00,2019-10-15 18:04:44-07:00,2019-10-15 16:46:42-07:00,0.916,0.0,0.0,0.0,America/Los_Angeles
caltech,2_39_89_25_2019-10-15 16:34:58.370177,2-39-89-25,CA-315,2019-10-15 09:34:58-07:00,2019-10-15 14:00:23-07:00,2019-10-15 12:53:42-07:00,0.873,0.0,0.0,0.0,America/Los_Angeles
caltech,2_39_92_436_2019-10-15 16:36:28.490676,2-39-92-436,CA-318,2019-10-15 09:36:28-07:00,2019-10-15 17:26:09-07:00,2019-10-15 12:06:17-07:00,15.852,37.5,150.0,436.0,America/Los_Angeles
caltech,2_39_123_23_2019-10-15 16:47:02.926108,2-39-123-23,CA-313,2019-10-15 09:47:03-07:00,2019-10-15 15:57:04-07:00,2019-10-15 14:48:53-07:00,28.392,40.0,100.0,364.0,America/Los_Angeles
caltech,2_39_88_24_2019-10-15 16:49:51.719081,2-39-88-24,CA-314,2019-10-15 09:49:52-07:00,2019-10-15 13:05:59-07:00,2019-10-15 10:20:59-07:00,0.904,0.0,0.0,0.0,America/Los_Angeles
caltech,2_39_79_382_2019-10-15 16:55:07.223896,2-39-79-382,CA-491,2019-10-15 09:55:07-07:00,2019-10-15 19:59:37-07:00,2019-10-15 10:49:03-07:00,1.71,8.0,20.0,133.0,America/Los_Angeles
caltech,2_39_95_27_2019-10-15 16:57:40.160495,2-39-95-27,CA-319,2019-10-15 09:57:40-07:00,2019-10-15 16:27:20-07:00,2019-10-15 14:57:05-07:00,7.916,8.0,20.0,60.0,America/Los_Angeles
caltech,2_39_78_367_2019-10-15 17:13:11.967905,2-39-78-367,CA-494,2019-10-15 10:13:12-07:00,2019-10-15 17:26:09-07:00,2019-10-15 12:13:12-07:00,6.15,8.0,20.0,60.0,America/Los_Angeles
caltech,2_39_130_31_2019-10-15 19:12:54.003794,2-39-130-31,CA-306,2019-10-15 12:12:54-07:00,2019-10-15 20:38:06-07:00,2019-10-15 13:13:35-07:00,2.013,16.0,40.0,291.0,America/Los_Angeles
caltech,2_39_88_24_2019-10-15 20:08:16.421973,2-39-88-24,CA-314,2019-10-15 13:08:16-07:00,2019-10-15 17:12:16-07:00,2019-10-15 15:55:21-07:00,16.863,21.0,70.0,157.0,America/Los_Angeles
caltech,2_39_79_380_2019-10-15 20:08:40.555078,2-39-79-380,CA-489,2019-10-15 13:08:41-07:00,2019-10-15 16:36:02-07:00,2019-10-15 13:37:42-07:00,0.768,0.0,0.0,0.0,America/Los_Angeles
caltech,2_39_95_444_2019-10-15 20:49:07.602109,2-39-95-444,CA-497,2019-10-15 13:49:08-07:00,2019-10-15 19:14:30-07:00,2019-10-15 16:11:58-07:00,7.437,15.2,38.0,173.0,America/Los_Angeles
caltech,2_39_79_378_2019-10-15 21:08:57.384118,2-39-79-378,CA-326,2019-10-15 14:08:57-07:00,2019-10-15 17:03:45-07:00,2019-10-15 17:03:22-07:00,4.683,20.0,50.0,332.0,America/Los_Angeles
caltech,2_39_89_25_2019-10-15 21:29:44.416991,2-39-89-25,CA-315,2019-10-15 14:29:44-07:00,2019-10-15 19:10:27-07:00,2019-10-15 17:16:10-07:00,12.41,20.0,100.0,570.0,America/Los_Angeles
caltech,2_39_79_379_2019-10-15 21:39:43.684749,2-39-79-379,CA-327,2019-10-15 14:39:44-07:00,2019-10-15 16:06:22-07:00,2019-10-15 16:06:18-07:00,2.725,20.0,50.0,366.0,America/Los_Angeles
caltech,2_39_123_23_2019-10-15 23:32:19.848702,2-39-123-23,CA-313,2019-10-15 16:32:20-07:00,2019-10-15 18:24:38-07:00,2019-10-15 17:28:36-07:00,2.796,8.0,20.0,60.0,America/Los_Angeles
caltech,2_39_83_386_2019-10-16 02:22:48.920936,2-39-83-386,CA-212,2019-10-15 19:22:49-07:00,2019-10-15 22:14:34-07:00,2019-10-15 21:12:25-07:00,5.567,8.0,20.0,160.0,America/Los_Angeles
caltech,2_39_139_28_2019-10-16 05:40:08.078353,2-39-139-28,CA-303,2019-10-15 22:40:08-07:00,2019-10-16 06:23:46-07:00,2019-10-16 03:25:06-07:00,15.828,12.0,20.0,315.0,America/Los_Angeles
caltech,2_39_79_380_2019-10-16 14:44:56.590492,2-39-79-380,CA-489,2019-10-16 07:44:57-07:00,2019-10-16 17:38:44-07:00,2019-10-16 14:38:54-07:00,1.395,0.0,0.0,0.0,America/Los_Angeles
caltech,2_39_78_366_2019-10-16 15:10:44.649597,2-39-78-366,CA-323,2019-10-16 08:10:45-07:00,2019-10-16 17:27:36-07:00,2019-10-16 13:51:36-07:00,0.846,0.0,0.0,0.0,America/Los_Angeles
caltech,2_39_79_379_2019-10-16 15:13:19.923819,2-39-79-379,CA-327,2019-10-16 08:13:20-07:00,2019-10-16 17:00:40-07:00,2019-10-16 12:47:51-07:00,12.637,24.0,60.0,620.0,America/Los_Angeles
caltech,2_39_139_28_2019-10-16 15:37:48.331657,2-39-139-28,CA-303,2019-10-16 08:37:48-07:00,2019-10-16 18:20:30-07:00,2019-10-16 10:13:25-07:00,5.359,24.0,60.0,429.0,America/Los_Angeles
caltech,2_39_79_377_2019-10-16 15:38:35.140967,2-39-79-377,CA-325,2019-10-16 08:38:35-07:00,2019-10-16 17:19:32-07:00,2019-10-16 09:02:57-07:00,1.47,5.0,20.0,418.0,America/Los_Angeles
caltech,2_39_95_444_2019-10-16 15:38:59.503842,2-39-95-444,CA-497,2019-10-16 08:39:12-07:00,2019-10-16 12:19:52-07:00,2019-10-16 09:57:28-07:00,7.875,8.0,20.0,60.0,America/Los_Angeles
caltech,2_39_79_383_2019-10-16 15:39:41.973835,2-39-79-383,CA-492,2019-10-16 08:39:42-07:00,2019-10-16 15:26:11-07:00,2019-10-16 15:26:06-07:00,4.986,0.0,0.0,0.0,America/Los_Angeles
caltech,2_39_78_361_2019-10-16 15:57:58.664115,2-39-78-361,CA-493,2019-10-16 08:57:59-07:00,2019-10-16 18:26:18-07:00,2019-10-16 18:15:16-07:00,39.899,40.0,100.0,547.0,America/Los_Angeles
caltech,2_39_79_382_2019-10-16 16:12:33.013393,2-39-79-382,CA-491,2019-10-16 09:12:33-07:00,2019-10-16 18:32:23-07:00,2019-10-16 11:49:31-07:00,17.102,37.5,150.0,436.0,America/Los_Angeles
caltech,2_39_78_365_2019-10-16 16:12:25.480984,2-39-78-365,CA-321,2019-10-16 09:12:39-07:00,2019-10-16 15:14:33-07:00,2019-10-16 14:24:45-07:00,13.411,20.0,50.0,317.0,America/Los_Angeles
caltech,2_39_129_17_2019-10-16 16:16:16.271689,2-39-129-17,CA-307,2019-10-16 09:16:16-07:00,2019-10-16 11:52:44-07:00,2019-10-16 11:52:35-07:00,17.71,37.5,150.0,337.0,America/Los_Angeles
caltech,2_39_91_437_2019-10-16 16:18:29.457133,2-39-91-437,CA-317,2019-10-16 09:18:29-07:00,2019-10-16 19:34:33-07:00,2019-10-16 09:56:43-07:00,1.584,8.0,20.0,60.0,America/Los_Angeles
caltech,2_39_78_367_2019-10-16 16:22:47.947417,2-39-78-367,CA-494,2019-10-16 09:22:48-07:00,2019-10-16 12:04:02-07:00,2019-10-16 12:03:57-07:00,13.721596475504496,80.0,200.0,60.0,America/Los_Angeles
caltech,2_39_123_23_2019-10-16 16:37:22.775207,2-39-123-23,CA-313,2019-10-16 09:37:23-07:00,2019-10-16 11:19:59-07:00,2019-10-16 11:16:01-07:00,5.171,8.0,20.0,60.0,America/Los_Angeles
caltech,2_39_88_24_2019-10-16 16:50:06.852460,2-39-88-24,CA-314,2019-10-16 09:50:07-07:00,2019-10-16 16:03:42-07:00,2019-10-16 10:44:38-07:00,5.604,20.0,50.0,366.0,America/Los_Angeles
caltech,2_39_89_25_2019-10-16 16:50:59.908419,2-39-89-25,CA-315,2019-10-16 09:51:00-07:00,2019-10-16 22:39:26-07:00,2019-10-16 10:30:40-07:00,1.215,8.0,20.0,133.0,America/Los_Angeles
caltech,2_39_124_22_2019-10-16 17:08:14.340499,2-39-124-22,CA-312,2019-10-16 10:08:14-07:00,2019-10-16 17:56:28-07:00,2019-10-16 10:43:34-07:00,1.402,4.0,10.0,345.0,America/Los_Angeles
caltech,2_39_92_436_2019-10-16 17:11:40.857925,2-39-92-436,CA-318,2019-10-16 10:11:41-07:00,2019-10-16 18:08:54-07:00,2019-10-16 11:56:10-07:00,10.242,12.0,30.0,359.0,America/Los_Angeles
caltech,2_39_78_360_2019-10-16 17:28:57.803865,2-39-78-360,CA-322,2019-10-16 10:28:46-07:00,2019-10-16 18:57:41-07:00,2019-10-16 16:24:50-07:00,0.879,0.0,0.0,0.0,America/Los_Angeles
caltech,2_39_78_364_2019-10-16 18:20:13.742630,2-39-78-364,CA-495,2019-10-16 11:20:14-07:00,2019-10-16 16:54:39-07:00,2019-10-16 14:02:41-07:00,0.826,0.0,0.0,0.0,America/Los_Angeles
caltech,2_39_123_23_2019-10-16 18:32:03.227456,2-39-123-23,CA-313,2019-10-16 11:32:03-07:00,2019-10-16 19:20:13-07:00,2019-10-16 15:46:37-07:00,27.238,104.0,200.0,715.0,America/Los_Angeles
caltech,2_39_78_362_2019-10-16 18:37:13.399015,2-39-78-362,CA-496,2019-10-16 11:37:13-07:00,2019-10-16 16:29:09-07:00,2019-10-16 16:30:06-07:00,11.9,12.0,40.0,263.0,America/Los_Angeles
caltech,2_39_90_26_2019-10-16 18:40:20.628655,2-39-90-26,CA-316,2019-10-16 11:40:21-07:00,2019-10-16 18:46:20-07:00,2019-10-16 15:16:48-07:00,23.917,40.0,200.0,466.0,America/Los_Angeles
caltech,2_39_95_27_2019-10-16 18:44:51.373145,2-39-95-27,CA-319,2019-10-16 11:44:51-07:00,2019-10-16 17:48:03-07:00,2019-10-16 12:26:21-07:00,1.642,8.0,20.0,60.0,America/Los_Angeles
caltech,2_39_79_376_2019-10-16 19:46:17.192684,2-39-79-376,CA-324,2019-10-16 12:46:17-07:00,2019-10-16 13:47:46-07:00,2019-10-16 13:47:41-07:00,3.972,16.0,40.0,60.0,America/Los_Angeles
caltech,2_39_79_378_2019-10-16 19:47:19.335928,2-39-79-378,CA-326,2019-10-16 12:47:19-07:00,2019-10-16 16:00:09-07:00,2019-10-16 13:47:05-07:00,2.235,8.0,20.0,60.0,America/Los_Angeles
caltech,2_39_95_444_2019-10-16 19:54:09.864756,2-39-95-444,CA-497,2019-10-16 12:54:10-07:00,2019-10-16 18:21:18-07:00,2019-10-16 14:57:06-07:00,6.67,8.0,20.0,60.0,America/Los_Angeles
caltech,2_39_90_440_2019-10-16 19:59:19.042314,2-39-90-440,CA-500,2019-10-16 12:59:19-07:00,2019-10-16 14:54:47-07:00,2019-10-16 14:21:40-07:00,7.877,12.0,30.0,96.0,America/Los_Angeles
caltech,2_39_125_21_2019-10-16 20:09:08.786356,2-39-125-21,CA-311,2019-10-16 13:09:09-07:00,2019-10-16 17:16:29-07:00,2019-10-16 15:07:41-07:00,12.724,17.52,60.0,177.0,America/Los_Angeles
caltech,2_39_129_563_2019-10-16 20:51:33.939055,2-39-129-563,CA-509,2019-10-16 13:51:34-07:00,2019-10-17 09:38:47-07:00,2019-10-16 15:51:29-07:00,12.333,40.0,100.0,383.0,America/Los_Angeles
caltech,2_39_88_24_2019-10-16 23:16:38.623823,2-39-88-24,CA-314,2019-10-16 16:16:39-07:00,2019-10-16 17:00:58-07:00,2019-10-16 16:52:53-07:00,0.872,0.0,0.0,0.0,America/Los_Angeles
caltech,2_39_78_364_2019-10-17 00:02:56.264363,2-39-78-364,CA-495,2019-10-16 17:02:56-07:00,2019-10-16 18:22:53-07:00,2019-10-16 17:33:51-07:00,0.82,0.0,0.0,0.0,America/Los_Angeles
caltech,2_39_131_30_2019-10-17 00:59:40.012246,2-39-131-30,CA-305,2019-10-16 17:59:40-07:00,2019-10-17 06:23:05-07:00,2019-10-16 22:35:42-07:00,15.857,36.0,60.0,315.0,America/Los_Angeles
caltech,2_39_129_17_2019-10-17 01:00:11.390352,2-39-129-17,CA-307,2019-10-16 18:00:11-07:00,2019-10-16 20:14:50-07:00,2019-10-16 20:05:14-07:00,13.422,28.0,70.0,226.0,America/Los_Angeles
caltech,2_39_127_19_2019-10-17 01:02:50.664183,2-39-127-19,CA-309,2019-10-16 18:02:51-07:00,2019-10-16 18:51:35-07:00,2019-10-16 18:51:30-07:00,2.756,9.99,30.0,104.0,America/Los_Angeles
caltech,2_39_139_28_2019-10-17 01:26:22.008494,2-39-139-28,CA-303,2019-10-16 18:26:32-07:00,2019-10-16 20:35:21-07:00,2019-10-16 20:19:14-07:00,10.158,13.32,30.0,154.0,America/Los_Angeles
caltech,2_39_125_21_2019-10-17 01:55:32.137693,2-39-125-21,CA-311,2019-10-16 18:55:32-07:00,2019-10-16 21:04:32-07:00,2019-10-16 21:04:27-07:00,12.98,8.0,20.0,62.0,America/Los_Angeles
caltech,2_39_127_19_2019-10-17 01:59:31.767402,2-39-127-19,CA-309,2019-10-16 18:59:32-07:00,2019-10-16 20:14:24-07:00,2019-10-16 19:30:23-07:00,0.866,0.0,0.0,0.0,America/Los_Angeles
caltech,2_39_79_380_2019-10-17 14:58:27.670529,2-39-79-380,CA-489,2019-10-17 07:58:28-07:00,2019-10-17 11:26:28-07:00,2019-10-17 08:28:32-07:00,0.834,0.0,0.0,0.0,America/Los_Angeles
caltech,2_39_95_27_2019-10-17 15:13:02.785513,2-39-95-27,CA-319,2019-10-17 08:13:03-07:00,2019-10-17 16:37:20-07:00,2019-10-17 09:16:05-07:00,5.899,12.0,40.0,157.0,America/Los_Angeles
caltech,2_39_88_24_2019-10-17 15:17:38.933369,2-39-88-24,CA-314,2019-10-17 08:17:39-07:00,2019-10-17 18:20:39-07:00,2019-10-17 08:58:46-07:00,1.797,8.0,20.0,60.0,America/Los_Angeles
caltech,2_39_79_379_2019-10-17 15:29:36.274041,2-39-79-379,CA-327,2019-10-17 08:29:36-07:00,2019-10-17 15:27:55-07:00,2019-10-17 12:05:29-07:00,13.31,20.0,50.0,60.0,America/Los_Angeles
caltech,2_39_79_383_2019-10-17 15:41:16.413624,2-39-79-383,CA-492,2019-10-17 08:41:16-07:00,2019-10-17 17:20:39-07:00,2019-10-17 10:30:05-07:00,8.281,17.52,60.0,394.0,America/Los_Angeles
caltech,2_39_79_377_2019-10-17 15:53:51.608652,2-39-79-377,CA-325,2019-10-17 08:53:52-07:00,2019-10-17 20:52:34-07:00,2019-10-17 12:47:44-07:00,12.041,24.0,60.0,620.0,America/Los_Angeles
caltech,2_39_139_28_2019-10-17 15:57:06.359799,2-39-139-28,CA-303,2019-10-17 08:57:06-07:00,2019-10-17 18:20:03-07:00,2019-10-17 10:17:33-07:00,4.455,12.0,30.0,429.0,America/Los_Angeles
caltech,2_39_92_442_2019-10-17 16:04:03.184292,2-39-92-442,CA-498,2019-10-17 09:04:03-07:00,2019-10-17 18:13:59-07:00,2019-10-17 13:54:05-07:00,31.429,32.34,140.0,544.0,America/Los_Angeles
caltech,2_39_79_378_2019-10-17 16:09:39.204981,2-39-79-378,CA-326,2019-10-17 09:09:39-07:00,2019-10-17 16:40:28-07:00,2019-10-17 16:21:25-07:00,1.418,0.0,0.0,0.0,America/Los_Angeles
caltech,2_39_126_20_2019-10-17 16:29:20.962008,2-39-126-20,CA-310,2019-10-17 09:29:21-07:00,2019-10-17 19:02:56-07:00,2019-10-17 11:06:41-07:00,8.794,15.0,50.0,411.0,America/Los_Angeles
caltech,2_39_78_366_2019-10-17 16:30:57.516078,2-39-78-366,CA-323,2019-10-17 09:31:16-07:00,2019-10-17 17:49:38-07:00,2019-10-17 17:13:59-07:00,14.309,16.0,40.0,398.0,America/Los_Angeles
caltech,2_39_91_441_2019-10-17 16:34:35.440731,2-39-91-441,CA-499,2019-10-17 09:34:35-07:00,2019-10-17 19:38:34-07:00,2019-10-17 11:35:26-07:00,13.521,64.0,160.0,60.0,America/Los_Angeles
caltech,2_39_89_25_2019-10-17 16:34:50.058697,2-39-89-25,CA-315,2019-10-17 09:34:50-07:00,2019-10-17 16:47:12-07:00,2019-10-17 12:41:33-07:00,12.666,20.0,50.0,459.0,America/Los_Angeles
caltech,2_39_127_19_2019-10-17 16:36:00.864196,2-39-127-19,CA-309,2019-10-17 09:36:01-07:00,2019-10-17 11:31:36-07:00,2019-10-17 11:17:22-07:00,0.889,0.0,0.0,0.0,America/Los_Angeles
caltech,2_39_79_376_2019-10-17 16:41:47.530845,2-39-79-376,CA-324,2019-10-17 09:41:48-07:00,2019-10-17 17:49:39-07:00,2019-10-17 17:06:51-07:00,0.878,0.0,0.0,0.0,America/Los_Angeles
caltech,2_39_90_26_2019-10-17 16:51:23.166224,2-39-90-26,CA-316,2019-10-17 09:51:23-07:00,2019-10-17 20:52:38-07:00,2019-10-17 10:43:00-07:00,1.637,8.0,20.0,133.0,America/Los_Angeles
caltech,2_39_78_365_2019-10-17 16:52:16.258525,2-39-78-365,CA-321,2019-10-17 09:52:16-07:00,2019-10-17 17:17:55-07:00,2019-10-17 14:14:55-07:00,10.831,12.0,30.0,359.0,America/Los_Angeles
caltech,2_39_91_437_2019-10-17 16:57:18.367579,2-39-91-437,CA-317,2019-10-17 09:57:18-07:00,2019-10-17 18:22:11-07:00,2019-10-17 17:47:49-07:00,7.874,8.0,20.0,60.0,America/Los_Angeles
caltech,2_39_78_363_2019-10-17 17:22:16.182839,2-39-78-363,CA-320,2019-10-17 10:22:16-07:00,2019-10-17 13:42:46-07:00,2019-10-17 13:06:34-07:00,11.433,20.0,50.0,183.0,America/Los_Angeles
caltech,2_39_78_364_2019-10-17 17:31:24.900055,2-39-78-364,CA-495,2019-10-17 10:31:25-07:00,2019-10-17 18:47:20-07:00,2019-10-17 17:37:19-07:00,44.855,80.0,200.0,60.0,America/Los_Angeles
caltech,2_39_79_381_2019-10-17 18:05:15.659880,2-39-79-381,CA-490,2019-10-17 11:05:16-07:00,2019-10-17 19:04:03-07:00,2019-10-17 11:34:29-07:00,1.368,40.0,100.0,383.0,America/Los_Angeles
caltech,2_39_123_23_2019-10-17 18:46:58.205870,2-39-123-23,CA-313,2019-10-17 11:46:58-07:00,2019-10-17 12:12:27-07:00,2019-10-17 12:12:19-07:00,0.715,0.0,0.0,0.0,America/Los_Angeles
caltech,2_39_124_22_2019-10-17 18:55:37.457591,2-39-124-22,CA-312,2019-10-17 11:55:37-07:00,2019-10-18 01:49:33-07:00,2019-10-17 12:57:49-07:00,2.043,16.0,40.0,291.0,America/Los_Angeles
caltech,2_39_79_380_2019-10-17 19:23:52.091995,2-39-79-380,CA-489,2019-10-17 12:23:52-07:00,2019-10-17 15:57:55-07:00,2019-10-17 15:48:54-07:00,0.78,0.0,0.0,0.0,America/Los_Angeles
caltech,2_39_90_440_2019-10-17 19:29:14.474634,2-39-90-440,CA-500,2019-10-17 12:29:14-07:00,2019-10-17 16:53:33-07:00,2019-10-17 14:04:59-07:00,5.586,9.0,30.0,232.0,America/Los_Angeles
caltech,2_39_95_444_2019-10-17 19:29:31.803870,2-39-95-444,CA-497,2019-10-17 12:29:32-07:00,2019-10-17 18:08:06-07:00,2019-10-17 13:55:38-07:00,0.862,0.0,0.0,0.0,America/Los_Angeles
caltech,2_39_88_438_2019-10-17 19:51:25.041369,2-39-88-438,CA-502,2019-10-17 12:51:25-07:00,2019-10-17 17:34:06-07:00,2019-10-17 15:32:51-07:00,0.883,0.0,0.0,0.0,America/Los_Angeles
caltech,2_39_130_31_2019-10-17 20:43:21.744760,2-39-130-31,CA-306,2019-10-17 13:43:22-07:00,2019-10-17 18:22:14-07:00,2019-10-17 17:56:05-07:00,27.875,28.0,70.0,283.0,America/Los_Angeles
caltech,2_39_78_363_2019-10-17 23:24:59.267393,2-39-78-363,CA-320,2019-10-17 16:24:59-07:00,2019-10-17 18:39:31-07:00,2019-10-17 18:30:23-07:00,4.642,8.0,20.0,60.0,America/Los_Angeles
caltech,2_39_131_30_2019-10-18 00:52:05.602633,2-39-131-30,CA-305,2019-10-17 17:52:19-07:00,2019-10-17 19:01:32-07:00,2019-10-17 19:01:28-07:00,7.311,13.32,30.0,154.0,America/Los_Angeles
caltech,2_39_83_386_2019-10-18 01:09:15.769676,2-39-83-386,CA-212,2019-10-17 18:09:16-07:00,2019-10-17 20:26:32-07:00,2019-10-17 18:39:24-07:00,0.726,0.0,0.0,0.0,America/Los_Angeles
caltech,2_39_95_27_2019-10-18 01:18:52.701636,2-39-95-27,CA-319,2019-10-17 18:18:53-07:00,2019-10-17 22:14:20-07:00,2019-10-17 22:14:15-07:00,13.691,20.0,50.0,239.0,America/Los_Angeles
caltech,2_39_130_31_2019-10-18 01:46:00.835726,2-39-130-31,CA-306,2019-10-17 18:46:01-07:00,2019-10-18 06:56:58-07:00,2019-10-18 02:13:44-07:00,49.867,124.8,240.0,662.0,America/Los_Angeles
caltech,2_39_79_379_2019-10-18 02:10:56.893450,2-39-79-379,CA-327,2019-10-17 19:10:57-07:00,2019-10-17 21:51:00-07:00,2019-10-17 21:23:48-07:00,6.538,6.66,20.0,720.0,America/Los_Angeles
caltech,2_39_138_29_2019-10-18 04:33:30.476509,2-39-138-29,CA-304,2019-10-17 21:33:30-07:00,2019-10-17 22:04:15-07:00,2019-10-17 22:05:13-07:00,0.977,0.0,0.0,0.0,America/Los_Angeles
caltech,2_39_138_29_2019-10-18 05:04:18.898487,2-39-138-29,CA-304,2019-10-17 22:04:19-07:00,2019-10-17 22:53:26-07:00,2019-10-17 22:34:27-07:00,1.006,0.0,0.0,0.0,America/Los_Angeles
caltech,2_39_139_28_2019-10-18 05:53:34.901424,2-39-139-28,CA-303,2019-10-17 22:53:35-07:00,2019-10-18 00:58:18-07:00,2019-10-17 23:24:15-07:00,1.016,0.0,0.0,0.0,America/Los_Angeles
caltech,2_39_78_361_2019-10-18 14:18:12.207056,2-39-78-361,CA-493,2019-10-18 07:18:12-07:00,2019-10-18 09:18:58-07:00,2019-10-18 08:22:25-07:00,3.586,8.0,20.0,129.0,America/Los_Angeles
caltech,2_39_139_28_2019-10-18 15:11:30.892531,2-39-139-28,CA-303,2019-10-18 08:11:31-07:00,2019-10-18 10:28:16-07:00,2019-10-18 10:10:31-07:00,7.23,15.0,50.0,286.0,America/Los_Angeles
caltech,2_39_92_442_2019-10-18 15:19:35.253613,2-39-92-442,CA-498,2019-10-18 08:19:35-07:00,2019-10-18 14:29:57-07:00,2019-10-18 11:10:16-07:00,18.01,28.0,70.0,348.0,America/Los_Angeles
caltech,2_39_78_367_2019-10-18 15:35:12.445748,2-39-78-367,CA-494,2019-10-18 08:35:12-07:00,2019-10-18 10:57:53-07:00,2019-10-18 10:57:43-07:00,11.12,17.52,60.0,289.0,America/Los_Angeles
caltech,2_39_79_382_2019-10-18 15:36:36.175298,2-39-79-382,CA-491,2019-10-18 08:36:36-07:00,2019-10-18 13:31:57-07:00,2019-10-18 10:04:44-07:00,7.869,8.0,20.0,60.0,America/Los_Angeles
caltech,2_39_130_31_2019-10-18 15:37:02.788914,2-39-130-31,CA-306,2019-10-18 08:37:03-07:00,2019-10-18 18:23:26-07:00,2019-10-18 15:43:49-07:00,0.943,0.0,0.0,0.0,America/Los_Angeles
caltech,2_39_127_19_2019-10-18 15:37:53.973567,2-39-127-19,CA-309,2019-10-18 08:37:54-07:00,2019-10-18 17:15:43-07:00,2019-10-18 09:59:24-07:00,4.66,12.0,30.0,429.0,America/Los_Angeles
caltech,2_39_79_379_2019-10-18 15:49:37.554641,2-39-79-379,CA-327,2019-10-18 08:49:38-07:00,2019-10-18 16:26:52-07:00,2019-10-18 09:15:49-07:00,1.6,5.0,20.0,418.0,America/Los_Angeles
caltech,2_39_78_366_2019-10-18 16:15:43.956423,2-39-78-366,CA-323,2019-10-18 09:15:44-07:00,2019-10-18 17:46:57-07:00,2019-10-18 10:59:39-07:00,9.894,40.0,100.0,419.0,America/Los_Angeles
caltech,2_39_91_437_2019-10-18 16:16:30.288014,2-39-91-437,CA-317,2019-10-18 09:16:32-07:00,2019-10-18 18:32:46-07:00,2019-10-18 09:57:42-07:00,1.754,8.0,20.0,60.0,America/Los_Angeles
caltech,2_39_79_380_2019-10-18 16:24:06.117772,2-39-79-380,CA-489,2019-10-18 09:24:06-07:00,2019-10-18 17:06:09-07:00,2019-10-18 13:23:10-07:00,14.583,28.0,70.0,465.0,America/Los_Angeles
caltech,2_39_90_440_2019-10-18 16:24:16.891654,2-39-90-440,CA-500,2019-10-18 09:24:37-07:00,2019-10-18 18:13:36-07:00,2019-10-18 11:52:08-07:00,16.711,64.0,160.0,60.0,America/Los_Angeles
caltech,2_39_89_25_2019-10-18 16:29:30.300745,2-39-89-25,CA-315,2019-10-18 09:29:30-07:00,2019-10-18 20:01:28-07:00,2019-10-18 10:19:48-07:00,1.558,8.0,20.0,138.0,America/Los_Angeles
caltech,2_39_79_377_2019-10-18 16:40:00.560589,2-39-79-377,CA-325,2019-10-18 09:40:01-07:00,2019-10-18 18:21:45-07:00,2019-10-18 10:43:19-07:00,5.083,15.0,50.0,411.0,America/Los_Angeles
caltech,2_39_123_23_2019-10-18 16:48:21.337099,2-39-123-23,CA-313,2019-10-18 09:48:21-07:00,2019-10-18 22:14:59-07:00,2019-10-18 17:20:01-07:00,7.967,8.0,20.0,60.0,America/Los_Angeles
caltech,2_39_90_26_2019-10-18 16:54:46.585318,2-39-90-26,CA-316,2019-10-18 09:54:52-07:00,2019-10-18 16:04:31-07:00,2019-10-18 11:01:16-07:00,6.746,20.0,50.0,205.0,America/Los_Angeles
caltech,2_39_78_361_2019-10-18 17:01:02.930806,2-39-78-361,CA-493,2019-10-18 10:01:03-07:00,2019-10-18 10:49:49-07:00,2019-10-18 10:49:44-07:00,3.658,24.0,60.0,220.0,America/Los_Angeles
caltech,2_39_95_444_2019-10-18 17:01:22.050179,2-39-95-444,CA-497,2019-10-18 10:01:22-07:00,2019-10-18 17:36:43-07:00,2019-10-18 12:03:47-07:00,12.602,24.0,60.0,60.0,America/Los_Angeles
caltech,2_39_95_27_2019-10-18 17:06:17.073684,2-39-95-27,CA-319,2019-10-18 10:06:17-07:00,2019-10-18 11:29:30-07:00,2019-10-18 11:29:17-07:00,5.844,8.0,20.0,138.0,America/Los_Angeles
caltech,2_39_78_364_2019-10-18 17:08:19.671499,2-39-78-364,CA-495,2019-10-18 10:08:20-07:00,2019-10-18 18:14:25-07:00,2019-10-18 18:14:23-07:00,13.806,24.0,60.0,620.0,America/Los_Angeles
caltech,2_39_78_365_2019-10-18 17:08:57.921295,2-39-78-365,CA-321,2019-10-18 10:08:58-07:00,2019-10-18 19:09:40-07:00,2019-10-18 16:44:14-07:00,0.951,0.0,0.0,0.0,America/Los_Angeles
caltech,2_39_89_439_2019-10-18 17:11:33.703707,2-39-89-439,CA-501,2019-10-18 10:11:34-07:00,2019-10-18 17:33:23-07:00,2019-10-18 12:22:23-07:00,11.693,12.0,30.0,414.0,America/Los_Angeles
caltech,2_39_78_363_2019-10-18 17:19:01.194400,2-39-78-363,CA-320,2019-10-18 10:19:01-07:00,2019-10-18 18:19:36-07:00,2019-10-18 14:21:11-07:00,12.403,12.5,50.0,501.0,America/Los_Angeles
caltech,2_39_79_383_2019-10-18 17:21:11.926927,2-39-79-383,CA-492,2019-10-18 10:21:12-07:00,2019-10-18 12:19:59-07:00,2019-10-18 11:23:29-07:00,1.305,0.0,0.0,0.0,America/Los_Angeles
caltech,2_39_95_27_2019-10-18 18:52:56.713779,2-39-95-27,CA-319,2019-10-18 11:52:57-07:00,2019-10-18 16:38:47-07:00,2019-10-18 13:48:40-07:00,6.33,8.0,20.0,60.0,America/Los_Angeles
caltech,2_39_79_378_2019-10-18 19:30:01.483976,2-39-79-378,CA-326,2019-10-18 12:30:01-07:00,2019-10-18 16:25:56-07:00,2019-10-18 14:28:06-07:00,1.123,0.0,0.0,0.0,America/Los_Angeles
caltech,2_39_78_367_2019-10-18 19:31:43.398137,2-39-78-367,CA-494,2019-10-18 12:31:43-07:00,2019-10-18 20:04:31-07:00,2019-10-18 13:33:50-07:00,2.178,16.0,40.0,291.0,America/Los_Angeles
caltech,2_39_88_24_2019-10-18 19:47:27.530427,2-39-88-24,CA-314,2019-10-18 12:47:28-07:00,2019-10-18 18:20:54-07:00,2019-10-18 16:56:53-07:00,27.518,40.0,200.0,466.0,America/Los_Angeles
caltech,2_39_78_361_2019-10-18 20:09:02.725451,2-39-78-361,CA-493,2019-10-18 13:09:03-07:00,2019-10-18 13:45:37-07:00,2019-10-18 13:40:07-07:00,0.873,0.0,0.0,0.0,America/Los_Angeles
caltech,2_39_79_383_2019-10-18 20:09:06.107030,2-39-79-383,CA-492,2019-10-18 13:09:06-07:00,2019-10-18 17:04:42-07:00,2019-10-18 17:04:45-07:00,0.913,0.0,0.0,0.0,America/Los_Angeles
caltech,2_39_88_438_2019-10-18 20:15:43.096604,2-39-88-438,CA-502,2019-10-18 13:15:43-07:00,2019-10-18 13:43:10-07:00,2019-10-18 13:43:06-07:00,2.92,12.0,30.0,30.0,America/Los_Angeles
caltech,2_39_124_22_2019-10-18 20:19:18.611273,2-39-124-22,CA-312,2019-10-18 13:19:19-07:00,2019-10-18 14:57:22-07:00,2019-10-18 14:16:03-07:00,6.186,17.52,60.0,289.0,America/Los_Angeles
caltech,2_39_78_362_2019-10-18 20:30:46.993411,2-39-78-362,CA-496,2019-10-18 13:30:47-07:00,2019-10-18 14:33:33-07:00,2019-10-18 14:34:30-07:00,3.532,12.0,20.0,242.0,America/Los_Angeles
caltech,2_39_78_361_2019-10-18 21:03:09.845886,2-39-78-361,CA-493,2019-10-18 14:03:10-07:00,2019-10-18 16:01:30-07:00,2019-10-18 15:41:58-07:00,0.672,0.0,0.0,0.0,America/Los_Angeles
caltech,2_39_129_17_2019-10-18 21:07:34.698002,2-39-129-17,CA-307,2019-10-18 14:07:35-07:00,2019-10-18 16:00:36-07:00,2019-10-18 15:10:32-07:00,2.034,8.0,20.0,60.0,America/Los_Angeles
caltech,2_39_92_442_2019-10-18 22:18:28.071527,2-39-92-442,CA-498,2019-10-18 15:18:41-07:00,2019-10-18 16:01:07-07:00,2019-10-18 16:01:02-07:00,4.682,16.0,40.0,214.0,America/Los_Angeles
caltech,2_39_92_436_2019-10-19 00:01:14.949570,2-39-92-436,CA-318,2019-10-18 17:01:15-07:00,2019-10-18 20:09:21-07:00,2019-10-18 17:42:06-07:00,1.887,8.0,20.0,60.0,America/Los_Angeles
caltech,2_39_128_18_2019-10-19 01:02:23.319835,2-39-128-18,CA-308,2019-10-18 18:02:23-07:00,2019-10-18 19:05:23-07:00,2019-10-18 18:34:18-07:00,1.107,9.99,30.0,104.0,America/Los_Angeles
caltech,2_39_138_29_2019-10-19 02:03:02.640866,2-39-138-29,CA-304,2019-10-18 19:03:03-07:00,2019-10-18 22:06:25-07:00,2019-10-18 19:34:06-07:00,0.911,0.0,0.0,0.0,America/Los_Angeles
caltech,2_39_131_30_2019-10-19 16:30:39.904810,2-39-131-30,CA-305,2019-10-19 09:30:40-07:00,2019-10-19 11:43:44-07:00,2019-10-19 11:43:39-07:00,7.78,8.0,20.0,60.0,America/Los_Angeles
caltech,2_39_139_28_2019-10-19 19:16:49.055007,2-39-139-28,CA-303,2019-10-19 12:16:49-07:00,2019-10-19 19:33:03-07:00,2019-10-19 15:56:54-07:00,12.858,36.0,60.0,315.0,America/Los_Angeles
caltech,2_39_138_29_2019-10-19 19:46:54.453388,2-39-138-29,CA-304,2019-10-19 12:46:54-07:00,2019-10-19 13:57:11-07:00,2019-10-19 13:54:21-07:00,6.572,8.0,20.0,95.0,America/Los_Angeles
caltech,2_39_129_17_2019-10-19 19:52:06.284272,2-39-129-17,CA-307,2019-10-19 12:52:16-07:00,2019-10-19 14:40:21-07:00,2019-10-19 14:40:16-07:00,11.04,13.32,30.0,154.0,America/Los_Angeles
caltech,2_39_131_30_2019-10-19 19:54:20.104419,2-39-131-30,CA-305,2019-10-19 12:54:20-07:00,2019-10-19 13:52:00-07:00,2019-10-19 13:51:55-07:00,3.212,16.0,40.0,74.0,America/Los_Angeles
caltech,2_39_95_27_2019-10-19 20:09:39.705617,2-39-95-27,CA-319,2019-10-19 13:09:40-07:00,2019-10-19 16:25:27-07:00,2019-10-19 15:05:23-07:00,5.867,8.0,20.0,72.0,America/Los_Angeles
caltech,2_39_123_23_2019-10-19 22:30:52.690421,2-39-123-23,CA-313,2019-10-19 15:30:53-07:00,2019-10-19 17:47:26-07:00,2019-10-19 16:46:20-07:00,3.836,8.0,20.0,60.0,America/Los_Angeles
caltech,2_39_130_31_2019-10-20 02:03:06.896497,2-39-130-31,CA-306,2019-10-19 19:03:07-07:00,2019-10-19 19:52:22-07:00,2019-10-19 19:42:27-07:00,1.673,12.0,20.0,242.0,America/Los_Angeles
caltech,2_39_131_30_2019-10-20 02:33:04.200400,2-39-131-30,CA-305,2019-10-19 19:33:04-07:00,2019-10-20 11:54:11-07:00,2019-10-19 21:55:55-07:00,8.181,40.0,100.0,311.0,America/Los_Angeles
caltech,2_39_129_17_2019-10-20 15:05:52.790285,2-39-129-17,CA-307,2019-10-20 08:05:53-07:00,2019-10-20 13:42:01-07:00,2019-10-20 13:40:38-07:00,0.897,0.0,0.0,0.0,America/Los_Angeles
caltech,2_39_89_25_2019-10-20 16:01:19.139894,2-39-89-25,CA-315,2019-10-20 09:01:19-07:00,2019-10-20 10:03:58-07:00,2019-10-20 10:03:54-07:00,3.529,8.0,20.0,60.0,America/Los_Angeles
caltech,2_39_79_377_2019-10-20 17:58:22.451042,2-39-79-377,CA-325,2019-10-20 10:58:22-07:00,2019-10-20 18:23:32-07:00,2019-10-20 13:39:24-07:00,17.367,17.5,70.0,229.0,America/Los_Angeles
caltech,2_39_88_24_2019-10-20 18:04:55.888039,2-39-88-24,CA-314,2019-10-20 11:04:56-07:00,2019-10-20 12:50:53-07:00,2019-10-20 11:49:35-07:00,1.948,8.0,20.0,60.0,America/Los_Angeles
caltech,2_39_139_28_2019-10-20 18:25:39.041086,2-39-139-28,CA-303,2019-10-20 11:25:39-07:00,2019-10-20 16:05:15-07:00,2019-10-20 13:34:57-07:00,13.162,8.0,20.0,77.0,America/Los_Angeles
caltech,2_39_95_27_2019-10-20 19:18:57.855080,2-39-95-27,CA-319,2019-10-20 12:18:58-07:00,2019-10-20 16:05:26-07:00,2019-10-20 16:05:21-07:00,13.444,20.0,50.0,260.0,America/Los_Angeles
caltech,2_39_123_23_2019-10-20 20:47:22.475027,2-39-123-23,CA-313,2019-10-20 13:47:22-07:00,2019-10-20 14:16:40-07:00,2019-10-20 14:16:36-07:00,0.839,0.0,0.0,0.0,America/Los_Angeles
caltech,2_39_79_379_2019-10-20 21:33:09.690738,2-39-79-379,CA-327,2019-10-20 14:33:10-07:00,2019-10-20 15:08:14-07:00,2019-10-20 15:07:58-07:00,3.788,12.0,30.0,97.0,America/Los_Angeles
caltech,2_39_139_28_2019-10-21 05:21:26.473257,2-39-139-28,CA-303,2019-10-20 22:21:26-07:00,2019-10-21 09:06:12-07:00,2019-10-21 07:09:25-07:00,57.711,60.0,240.0,720.0,America/Los_Angeles
caltech,2_39_79_377_2019-10-21 15:09:54.933537,2-39-79-377,CA-325,2019-10-21 08:10:05-07:00,2019-10-21 15:15:56-07:00,2019-10-21 10:02:19-07:00,9.059,16.0,40.0,214.0,America/Los_Angeles
caltech,2_39_138_29_2019-10-21 15:30:24.682539,2-39-138-29,CA-304,2019-10-21 08:30:25-07:00,2019-10-21 12:16:11-07:00,2019-10-21 08:55:12-07:00,0.801,12.0,20.0,242.0,America/Los_Angeles
caltech,2_39_131_30_2019-10-21 15:31:33.664525,2-39-131-30,CA-305,2019-10-21 08:31:34-07:00,2019-10-21 14:05:17-07:00,2019-10-21 14:00:56-07:00,12.4,12.5,50.0,203.0,America/Los_Angeles
caltech,2_39_79_383_2019-10-21 15:38:29.745650,2-39-79-383,CA-492,2019-10-21 08:38:30-07:00,2019-10-21 16:34:36-07:00,2019-10-21 11:54:16-07:00,11.384,29.2,100.0,441.0,America/Los_Angeles
caltech,2_39_130_31_2019-10-21 15:42:39.860238,2-39-130-31,CA-306,2019-10-21 08:42:40-07:00,2019-10-21 18:31:33-07:00,2019-10-21 13:23:22-07:00,16.08,24.0,60.0,429.0,America/Los_Angeles
caltech,2_39_79_381_2019-10-21 15:56:50.194835,2-39-79-381,CA-490,2019-10-21 08:56:50-07:00,2019-10-21 16:30:52-07:00,2019-10-21 15:51:59-07:00,25.284,25.41,110.0,544.0,America/Los_Angeles
caltech,2_39_79_380_2019-10-21 16:06:12.972476,2-39-79-380,CA-489,2019-10-21 09:06:13-07:00,2019-10-21 17:28:44-07:00,2019-10-21 15:31:08-07:00,21.327,8.0,20.0,60.0,America/Los_Angeles
caltech,2_39_79_379_2019-10-21 16:09:17.301864,2-39-79-379,CA-327,2019-10-21 09:09:17-07:00,2019-10-21 17:44:44-07:00,2019-10-21 12:19:05-07:00,10.564,37.5,150.0,436.0,America/Los_Angeles
caltech,2_39_78_362_2019-10-21 16:09:19.718540,2-39-78-362,CA-496,2019-10-21 09:09:20-07:00,2019-10-21 16:08:41-07:00,2019-10-21 16:09:40-07:00,4.171,5.0,10.0,60.0,America/Los_Angeles
caltech,2_39_89_25_2019-10-21 16:12:56.880730,2-39-89-25,CA-315,2019-10-21 09:12:57-07:00,2019-10-21 15:54:02-07:00,2019-10-21 10:42:27-07:00,4.432,8.0,20.0,395.0,America/Los_Angeles
caltech,2_39_126_20_2019-10-21 16:38:15.900713,2-39-126-20,CA-310,2019-10-21 09:38:16-07:00,2019-10-21 10:49:20-07:00,2019-10-21 10:39:32-07:00,5.447,8.0,20.0,95.0,America/Los_Angeles
caltech,2_39_124_22_2019-10-21 16:47:49.504597,2-39-124-22,CA-312,2019-10-21 09:47:49-07:00,2019-10-21 11:13:05-07:00,2019-10-21 10:49:25-07:00,6.276,20.0,50.0,205.0,America/Los_Angeles
caltech,2_39_90_26_2019-10-21 16:55:39.679161,2-39-90-26,CA-316,2019-10-21 09:55:40-07:00,2019-10-21 11:24:00-07:00,2019-10-21 11:23:52-07:00,10.009,64.0,160.0,413.0,America/Los_Angeles
caltech,2_39_78_361_2019-10-21 16:59:58.301518,2-39-78-361,CA-493,2019-10-21 09:59:58-07:00,2019-10-21 19:13:45-07:00,2019-10-21 12:13:21-07:00,12.816,24.0,60.0,60.0,America/Los_Angeles
caltech,2_39_123_23_2019-10-21 17:04:47.855111,2-39-123-23,CA-313,2019-10-21 10:04:48-07:00,2019-10-21 16:51:56-07:00,2019-10-21 11:00:56-07:00,2.802,8.0,20.0,60.0,America/Los_Angeles
caltech,2_39_91_437_2019-10-21 17:14:59.188668,2-39-91-437,CA-317,2019-10-21 10:14:59-07:00,2019-10-21 17:44:45-07:00,2019-10-21 11:10:48-07:00,2.603,8.0,20.0,60.0,America/Los_Angeles
caltech,2_39_79_382_2019-10-21 17:15:05.233308,2-39-79-382,CA-491,2019-10-21 10:15:05-07:00,2019-10-21 18:45:17-07:00,2019-10-21 14:47:58-07:00,9.46,15.0,50.0,411.0,America/Los_Angeles
caltech,2_39_95_27_2019-10-21 17:20:41.567806,2-39-95-27,CA-319,2019-10-21 10:20:42-07:00,2019-10-21 18:00:50-07:00,2019-10-21 12:13:27-07:00,11.27,12.0,30.0,414.0,America/Los_Angeles
caltech,2_39_79_376_2019-10-21 17:24:14.662145,2-39-79-376,CA-324,2019-10-21 10:24:15-07:00,2019-10-21 15:33:47-07:00,2019-10-21 12:01:38-07:00,0.759,0.0,0.0,0.0,America/Los_Angeles
caltech,2_39_88_24_2019-10-21 17:26:14.771132,2-39-88-24,CA-314,2019-10-21 10:26:15-07:00,2019-10-21 11:08:36-07:00,2019-10-21 11:09:35-07:00,0.869,0.0,0.0,0.0,America/Los_Angeles
caltech,2_39_78_367_2019-10-21 17:47:42.264497,2-39-78-367,CA-494,2019-10-21 10:47:42-07:00,2019-10-21 12:11:26-07:00,2019-10-21 12:05:43-07:00,0.951,0.0,0.0,0.0,America/Los_Angeles
caltech,2_39_91_441_2019-10-21 17:52:19.439835,2-39-91-441,CA-499,2019-10-21 10:52:19-07:00,2019-10-21 17:55:30-07:00,2019-10-21 12:58:14-07:00,11.245,40.0,100.0,383.0,America/Los_Angeles
caltech,2_39_88_24_2019-10-21 18:08:48.111955,2-39-88-24,CA-314,2019-10-21 11:08:48-07:00,2019-10-21 12:08:07-07:00,2019-10-21 11:39:20-07:00,0.9,0.0,0.0,0.0,America/Los_Angeles
caltech,2_39_95_444_2019-10-21 18:35:22.295097,2-39-95-444,CA-497,2019-10-21 11:35:22-07:00,2019-10-21 17:25:15-07:00,2019-10-21 16:52:20-07:00,3.547,8.0,20.0,108.0,America/Los_Angeles
caltech,2_39_90_26_2019-10-21 18:46:07.863497,2-39-90-26,CA-316,2019-10-21 11:46:08-07:00,2019-10-21 22:38:23-07:00,2019-10-21 12:47:20-07:00,2.04,16.0,40.0,291.0,America/Los_Angeles
caltech,2_39_78_360_2019-10-21 19:50:19.753121,2-39-78-360,CA-322,2019-10-21 12:50:20-07:00,2019-10-21 17:22:03-07:00,2019-10-21 13:48:04-07:00,1.715,8.0,20.0,60.0,America/Los_Angeles
caltech,2_39_78_364_2019-10-21 20:29:11.132960,2-39-78-364,CA-495,2019-10-21 13:29:11-07:00,2019-10-21 16:15:45-07:00,2019-10-21 14:00:39-07:00,0.864,0.0,0.0,0.0,America/Los_Angeles
caltech,2_39_127_19_2019-10-21 22:41:46.188733,2-39-127-19,CA-309,2019-10-21 15:41:46-07:00,2019-10-21 16:37:44-07:00,2019-10-21 16:12:38-07:00,0.812,0.0,0.0,0.0,America/Los_Angeles
caltech,2_39_88_24_2019-10-21 22:43:59.911695,2-39-88-24,CA-314,2019-10-21 15:44:00-07:00,2019-10-21 18:13:21-07:00,2019-10-21 16:46:39-07:00,2.834,12.0,20.0,242.0,America/Los_Angeles
caltech,2_39_128_18_2019-10-22 00:41:23.706576,2-39-128-18,CA-308,2019-10-21 17:41:24-07:00,2019-10-21 20:00:38-07:00,2019-10-21 20:00:29-07:00,15.614,26.28,90.0,266.0,America/Los_Angeles
caltech,2_39_139_28_2019-10-22 01:59:13.371302,2-39-139-28,CA-303,2019-10-21 18:59:20-07:00,2019-10-21 20:34:15-07:00,2019-10-21 19:59:41-07:00,5.024,13.32,30.0,154.0,America/Los_Angeles
caltech,2_39_139_28_2019-10-22 04:26:16.212965,2-39-139-28,CA-303,2019-10-21 21:26:16-07:00,2019-10-22 18:21:34-07:00,2019-10-22 04:47:52-07:00,47.863,60.0,240.0,720.0,America/Los_Angeles
caltech,2_39_79_377_2019-10-22 15:24:55.039903,2-39-79-377,CA-325,2019-10-22 08:25:06-07:00,2019-10-22 17:26:21-07:00,2019-10-22 10:28:54-07:00,6.568,16.0,40.0,214.0,America/Los_Angeles
caltech,2_39_78_366_2019-10-22 15:26:08.845663,2-39-78-366,CA-323,2019-10-22 08:26:09-07:00,2019-10-22 12:38:21-07:00,2019-10-22 12:38:20-07:00,25.295,46.8,130.0,480.0,America/Los_Angeles
caltech,2_39_79_382_2019-10-22 15:31:38.157698,2-39-79-382,CA-491,2019-10-22 08:31:38-07:00,2019-10-22 12:49:10-07:00,2019-10-22 09:56:52-07:00,7.884,8.0,20.0,60.0,America/Los_Angeles
caltech,2_39_79_379_2019-10-22 15:34:16.130561,2-39-79-379,CA-327,2019-10-22 08:34:16-07:00,2019-10-22 17:09:23-07:00,2019-10-22 08:57:58-07:00,0.658,0.0,0.0,0.0,America/Los_Angeles
caltech,2_39_79_383_2019-10-22 15:36:59.194538,2-39-79-383,CA-492,2019-10-22 08:36:59-07:00,2019-10-22 16:52:52-07:00,2019-10-22 14:16:00-07:00,24.612,26.28,90.0,454.0,America/Los_Angeles
caltech,2_39_125_21_2019-10-22 15:52:02.163698,2-39-125-21,CA-311,2019-10-22 08:52:02-07:00,2019-10-22 09:50:53-07:00,2019-10-22 09:51:52-07:00,0.839,0.0,0.0,0.0,America/Los_Angeles
caltech,2_39_78_361_2019-10-22 15:57:14.167554,2-39-78-361,CA-493,2019-10-22 08:57:14-07:00,2019-10-22 17:59:08-07:00,2019-10-22 11:06:31-07:00,4.871,8.0,20.0,129.0,America/Los_Angeles
caltech,2_39_126_560_2019-10-22 15:59:30.075693,2-39-126-560,CA-506,2019-10-22 08:59:30-07:00,2019-10-22 17:02:26-07:00,2019-10-22 10:22:15-07:00,4.018,5.0,20.0,404.0,America/Los_Angeles
caltech,2_39_79_380_2019-10-22 16:00:05.799836,2-39-79-380,CA-489,2019-10-22 09:00:06-07:00,2019-10-22 18:49:49-07:00,2019-10-22 12:09:03-07:00,15.762,37.5,150.0,436.0,America/Los_Angeles
caltech,2_39_129_17_2019-10-22 16:15:03.149446,2-39-129-17,CA-307,2019-10-22 09:15:03-07:00,2019-10-22 13:03:52-07:00,2019-10-22 13:03:49-07:00,26.312,98.8,190.0,333.0,America/Los_Angeles
caltech,2_39_79_376_2019-10-22 16:24:55.985160,2-39-79-376,CA-324,2019-10-22 09:24:56-07:00,2019-10-22 10:41:46-07:00,2019-10-22 09:55:47-07:00,0.85,0.0,0.0,0.0,America/Los_Angeles
caltech,2_39_92_436_2019-10-22 16:28:47.141303,2-39-92-436,CA-318,2019-10-22 09:28:47-07:00,2019-10-22 20:11:47-07:00,2019-10-22 14:21:34-07:00,16.304,24.0,60.0,620.0,America/Los_Angeles
caltech,2_39_89_25_2019-10-22 16:34:59.764649,2-39-89-25,CA-315,2019-10-22 09:35:00-07:00,2019-10-22 20:40:03-07:00,2019-10-22 10:33:30-07:00,1.883,8.0,20.0,145.0,America/Los_Angeles
caltech,2_39_90_440_2019-10-22 16:35:44.729668,2-39-90-440,CA-500,2019-10-22 09:35:45-07:00,2019-10-22 15:42:42-07:00,2019-10-22 11:11:26-07:00,4.13,12.0,30.0,374.0,America/Los_Angeles
caltech,2_39_78_365_2019-10-22 16:40:05.656175,2-39-78-365,CA-321,2019-10-22 09:40:06-07:00,2019-10-22 17:52:35-07:00,2019-10-22 10:48:21-07:00,6.166,40.0,100.0,419.0,America/Los_Angeles
caltech,2_39_123_23_2019-10-22 16:45:05.600771,2-39-123-23,CA-313,2019-10-22 09:45:06-07:00,2019-10-22 12:08:52-07:00,2019-10-22 10:48:08-07:00,5.934,20.0,50.0,205.0,America/Los_Angeles
caltech,2_39_125_21_2019-10-22 16:51:05.183285,2-39-125-21,CA-311,2019-10-22 09:51:05-07:00,2019-10-22 16:18:28-07:00,2019-10-22 11:26:26-07:00,4.568,8.0,20.0,60.0,America/Los_Angeles
caltech,2_39_92_442_2019-10-22 16:57:26.019593,2-39-92-442,CA-498,2019-10-22 09:57:26-07:00,2019-10-22 18:04:54-07:00,2019-10-22 13:07:45-07:00,18.922,25.41,110.0,544.0,America/Los_Angeles
caltech,2_39_79_381_2019-10-22 17:10:06.795320,2-39-79-381,CA-490,2019-10-22 10:10:07-07:00,2019-10-22 16:19:57-07:00,2019-10-22 12:03:44-07:00,11.204,24.0,60.0,60.0,America/Los_Angeles
caltech,2_39_78_362_2019-10-22 17:14:30.844143,2-39-78-362,CA-496,2019-10-22 10:14:31-07:00,2019-10-22 17:38:03-07:00,2019-10-22 17:39:01-07:00,10.723,12.0,30.0,414.0,America/Los_Angeles
caltech,2_39_91_437_2019-10-22 17:18:47.634369,2-39-91-437,CA-317,2019-10-22 10:18:48-07:00,2019-10-22 17:26:22-07:00,2019-10-22 11:19:48-07:00,2.768,8.0,20.0,60.0,America/Los_Angeles
caltech,2_39_90_26_2019-10-22 17:33:45.805851,2-39-90-26,CA-316,2019-10-22 10:33:46-07:00,2019-10-23 00:15:48-07:00,2019-10-22 11:37:47-07:00,2.065,16.0,40.0,291.0,America/Los_Angeles
caltech,2_39_124_22_2019-10-22 17:35:50.387127,2-39-124-22,CA-312,2019-10-22 10:35:50-07:00,2019-10-22 12:27:26-07:00,2019-10-22 12:03:11-07:00,0.948,0.0,0.0,0.0,America/Los_Angeles
caltech,2_39_78_363_2019-10-22 17:47:37.987803,2-39-78-363,CA-320,2019-10-22 10:47:38-07:00,2019-10-22 13:17:37-07:00,2019-10-22 11:37:47-07:00,4.172,20.0,50.0,166.0,America/Los_Angeles
caltech,2_39_79_376_2019-10-22 18:04:49.434892,2-39-79-376,CA-324,2019-10-22 11:04:49-07:00,2019-10-22 16:05:58-07:00,2019-10-22 12:02:18-07:00,1.501,8.0,20.0,223.0,America/Los_Angeles
caltech,2_39_79_378_2019-10-22 18:14:11.210836,2-39-79-378,CA-326,2019-10-22 11:14:11-07:00,2019-10-22 17:58:06-07:00,2019-10-22 17:32:56-07:00,0.783,0.0,0.0,0.0,America/Los_Angeles
caltech,2_39_88_24_2019-10-22 18:14:46.918073,2-39-88-24,CA-314,2019-10-22 11:14:47-07:00,2019-10-22 12:18:22-07:00,2019-10-22 12:18:17-07:00,3.771,12.0,30.0,74.0,America/Los_Angeles
caltech,2_39_78_364_2019-10-22 18:33:49.932861,2-39-78-364,CA-495,2019-10-22 11:33:50-07:00,2019-10-22 14:50:51-07:00,2019-10-22 12:16:15-07:00,1.779,8.0,20.0,60.0,America/Los_Angeles
caltech,2_39_91_441_2019-10-22 18:33:50.818203,2-39-91-441,CA-499,2019-10-22 11:33:51-07:00,2019-10-22 20:33:48-07:00,2019-10-22 17:37:46-07:00,39.884,40.0,200.0,466.0,America/Los_Angeles
caltech,2_39_88_438_2019-10-22 18:58:36.859021,2-39-88-438,CA-502,2019-10-22 11:58:37-07:00,2019-10-22 17:41:19-07:00,2019-10-22 17:41:11-07:00,37.167,80.0,200.0,60.0,America/Los_Angeles
caltech,2_39_78_366_2019-10-22 19:42:14.469741,2-39-78-366,CA-323,2019-10-22 12:42:14-07:00,2019-10-22 18:39:04-07:00,2019-10-22 14:42:31-07:00,6.534,8.0,20.0,60.0,America/Los_Angeles
caltech,2_39_95_444_2019-10-22 21:02:45.646202,2-39-95-444,CA-497,2019-10-22 14:02:46-07:00,2019-10-22 17:18:56-07:00,2019-10-22 15:14:56-07:00,7.544,20.0,50.0,166.0,America/Los_Angeles
caltech,2_39_95_27_2019-10-22 21:11:45.046764,2-39-95-27,CA-319,2019-10-22 14:11:45-07:00,2019-10-22 15:42:51-07:00,2019-10-22 15:00:09-07:00,0.883,0.0,0.0,0.0,America/Los_Angeles
caltech,2_39_88_24_2019-10-22 21:21:57.835253,2-39-88-24,CA-314,2019-10-22 14:21:58-07:00,2019-10-22 17:27:54-07:00,2019-10-22 16:43:04-07:00,8.467,20.0,50.0,165.0,America/Los_Angeles
caltech,2_39_123_23_2019-10-22 21:31:05.331780,2-39-123-23,CA-313,2019-10-22 14:31:05-07:00,2019-10-22 16:33:53-07:00,2019-10-22 15:23:59-07:00,2.262,12.0,20.0,242.0,America/Los_Angeles
caltech,2_39_124_22_2019-10-22 21:33:51.377128,2-39-124-22,CA-312,2019-10-22 14:33:51-07:00,2019-10-22 18:23:24-07:00,2019-10-22 16:23:48-07:00,5.967,12.0,30.0,74.0,America/Los_Angeles
caltech,2_39_78_364_2019-10-22 21:53:06.733406,2-39-78-364,CA-495,2019-10-22 14:53:07-07:00,2019-10-22 19:06:13-07:00,2019-10-22 19:06:07-07:00,14.59,8.0,20.0,60.0,America/Los_Angeles
caltech,2_39_125_21_2019-10-22 23:22:59.156420,2-39-125-21,CA-311,2019-10-22 16:22:59-07:00,2019-10-22 18:07:49-07:00,2019-10-22 17:54:40-07:00,4.68,8.0,20.0,60.0,America/Los_Angeles
caltech,2_39_129_17_2019-10-23 00:00:19.289634,2-39-129-17,CA-307,2019-10-22 17:00:19-07:00,2019-10-22 21:40:22-07:00,2019-10-22 21:40:18-07:00,16.362,36.0,60.0,315.0,America/Los_Angeles
caltech,2_39_128_18_2019-10-23 00:38:06.712085,2-39-128-18,CA-308,2019-10-22 17:38:07-07:00,2019-10-22 18:23:30-07:00,2019-10-22 18:23:25-07:00,5.016,28.0,70.0,226.0,America/Los_Angeles
caltech,2_39_139_28_2019-10-23 01:29:31.124726,2-39-139-28,CA-303,2019-10-22 18:29:31-07:00,2019-10-22 21:10:14-07:00,2019-10-22 20:45:43-07:00,7.886,8.0,20.0,60.0,America/Los_Angeles
caltech,2_39_131_30_2019-10-23 02:25:47.692878,2-39-131-30,CA-305,2019-10-22 19:25:48-07:00,2019-10-22 20:20:11-07:00,2019-10-22 20:20:02-07:00,5.522,44.0,110.0,30.0,America/Los_Angeles
caltech,2_39_138_29_2019-10-23 02:33:01.532184,2-39-138-29,CA-304,2019-10-22 19:33:02-07:00,2019-10-22 21:17:07-07:00,2019-10-22 20:03:14-07:00,0.873,0.0,0.0,0.0,America/Los_Angeles
caltech,2_39_127_19_2019-10-23 02:49:55.782860,2-39-127-19,CA-309,2019-10-22 19:49:56-07:00,2019-10-22 22:39:15-07:00,2019-10-22 22:29:15-07:00,15.012,24.0,60.0,120.0,America/Los_Angeles
caltech,2_39_130_31_2019-10-23 02:59:18.334771,2-39-130-31,CA-306,2019-10-22 19:59:18-07:00,2019-10-23 06:03:29-07:00,2019-10-23 00:17:45-07:00,14.677,15.0,50.0,61.0,America/Los_Angeles
caltech,2_39_131_30_2019-10-23 03:24:42.584830,2-39-131-30,CA-305,2019-10-22 20:24:43-07:00,2019-10-22 21:41:10-07:00,2019-10-22 21:41:05-07:00,8.628,22.5,90.0,115.0,America/Los_Angeles
caltech,2_39_126_20_2019-10-23 04:16:32.137625,2-39-126-20,CA-310,2019-10-22 21:16:32-07:00,2019-10-22 22:27:32-07:00,2019-10-22 22:27:24-07:00,8.001,25.0,100.0,259.0,America/Los_Angeles
caltech,2_39_125_21_2019-10-23 07:30:07.587362,2-39-125-21,CA-311,2019-10-23 00:30:08-07:00,2019-10-23 01:03:57-07:00,2019-10-23 01:03:45-07:00,0.935,0.0,0.0,0.0,America/Los_Angeles
caltech,2_39_79_379_2019-10-23 15:15:24.274941,2-39-79-379,CA-327,2019-10-23 08:15:24-07:00,2019-10-23 20:03:09-07:00,2019-10-23 12:16:10-07:00,13.29,24.0,60.0,620.0,America/Los_Angeles
caltech,2_39_78_366_2019-10-23 15:15:31.196381,2-39-78-366,CA-323,2019-10-23 08:15:31-07:00,2019-10-23 11:49:28-07:00,2019-10-23 11:05:23-07:00,16.999,32.4,90.0,480.0,America/Los_Angeles
caltech,2_39_79_377_2019-10-23 15:26:03.410201,2-39-79-377,CA-325,2019-10-23 08:26:03-07:00,2019-10-23 17:16:24-07:00,2019-10-23 12:00:53-07:00,0.833,0.0,0.0,0.0,America/Los_Angeles
caltech,2_39_79_382_2019-10-23 15:28:44.077386,2-39-79-382,CA-491,2019-10-23 08:28:44-07:00,2019-10-23 17:51:20-07:00,2019-10-23 09:35:12-07:00,3.511,8.0,20.0,229.0,America/Los_Angeles
caltech,2_39_92_442_2019-10-23 15:31:50.964665,2-39-92-442,CA-498,2019-10-23 08:31:51-07:00,2019-10-23 17:19:50-07:00,2019-10-23 14:19:09-07:00,36.248,56.0,140.0,524.0,America/Los_Angeles
caltech,2_39_95_444_2019-10-23 15:46:35.228325,2-39-95-444,CA-497,2019-10-23 08:46:35-07:00,2019-10-23 16:58:39-07:00,2019-10-23 10:01:15-07:00,8.169,11.68,40.0,454.0,America/Los_Angeles
caltech,2_39_139_28_2019-10-23 15:46:56.795425,2-39-139-28,CA-303,2019-10-23 08:46:57-07:00,2019-10-23 15:33:42-07:00,2019-10-23 13:04:16-07:00,14.536,24.0,60.0,388.0,America/Los_Angeles
caltech,2_39_128_18_2019-10-23 15:50:23.749209,2-39-128-18,CA-308,2019-10-23 08:50:24-07:00,2019-10-23 16:58:39-07:00,2019-10-23 09:21:23-07:00,0.88,0.0,0.0,0.0,America/Los_Angeles
caltech,2_39_124_22_2019-10-23 16:14:00.279638,2-39-124-22,CA-312,2019-10-23 09:14:00-07:00,2019-10-23 16:06:08-07:00,2019-10-23 10:09:26-07:00,5.688,20.0,50.0,205.0,America/Los_Angeles
caltech,2_39_90_440_2019-10-23 16:16:22.660156,2-39-90-440,CA-500,2019-10-23 09:16:23-07:00,2019-10-23 16:50:13-07:00,2019-10-23 10:29:13-07:00,3.495,12.0,30.0,374.0,America/Los_Angeles
caltech,2_39_92_436_2019-10-23 16:21:22.227405,2-39-92-436,CA-318,2019-10-23 09:21:22-07:00,2019-10-23 09:42:36-07:00,2019-10-23 09:42:26-07:00,0.546,0.0,0.0,0.0,America/Los_Angeles
caltech,2_39_79_376_2019-10-23 16:29:03.256639,2-39-79-376,CA-324,2019-10-23 09:29:03-07:00,2019-10-23 18:03:07-07:00,2019-10-23 11:47:02-07:00,15.149,40.0,100.0,419.0,America/Los_Angeles
caltech,2_39_79_380_2019-10-23 16:29:22.783387,2-39-79-380,CA-489,2019-10-23 09:29:23-07:00,2019-10-23 12:59:37-07:00,2019-10-23 13:00:36-07:00,0.816,0.0,0.0,0.0,America/Los_Angeles
caltech,2_39_79_381_2019-10-23 16:32:15.874540,2-39-79-381,CA-490,2019-10-23 09:32:16-07:00,2019-10-23 17:26:03-07:00,2019-10-23 11:38:49-07:00,6.218,8.0,20.0,223.0,America/Los_Angeles
caltech,2_39_78_367_2019-10-23 16:46:06.597091,2-39-78-367,CA-494,2019-10-23 09:46:07-07:00,2019-10-23 12:13:53-07:00,2019-10-23 12:13:46-07:00,8.624,36.0,60.0,293.0,America/Los_Angeles
caltech,2_39_91_441_2019-10-23 16:46:20.259695,2-39-91-441,CA-499,2019-10-23 09:46:20-07:00,2019-10-23 16:38:05-07:00,2019-10-23 14:15:06-07:00,23.888,18.0,60.0,250.0,America/Los_Angeles
caltech,2_39_95_27_2019-10-23 16:49:14.160180,2-39-95-27,CA-319,2019-10-23 09:49:14-07:00,2019-10-23 17:30:14-07:00,2019-10-23 12:15:26-07:00,7.872,8.0,20.0,60.0,America/Los_Angeles
caltech,2_39_89_25_2019-10-23 17:17:54.209765,2-39-89-25,CA-315,2019-10-23 10:18:05-07:00,2019-10-23 16:48:28-07:00,2019-10-23 11:46:25-07:00,4.402,12.0,30.0,345.0,America/Los_Angeles
caltech,2_39_91_437_2019-10-23 17:22:28.707206,2-39-91-437,CA-317,2019-10-23 10:22:29-07:00,2019-10-23 21:33:31-07:00,2019-10-23 11:18:29-07:00,1.764,8.0,20.0,101.0,America/Los_Angeles
caltech,2_39_90_26_2019-10-23 17:24:21.920716,2-39-90-26,CA-316,2019-10-23 10:24:22-07:00,2019-10-23 12:05:11-07:00,2019-10-23 12:05:07-07:00,5.569,12.0,20.0,242.0,America/Los_Angeles
caltech,2_39_92_436_2019-10-23 17:30:14.218549,2-39-92-436,CA-318,2019-10-23 10:30:14-07:00,2019-10-23 11:55:01-07:00,2019-10-23 11:54:43-07:00,9.115,16.0,40.0,99.0,America/Los_Angeles
caltech,2_39_78_360_2019-10-23 17:31:47.424725,2-39-78-360,CA-322,2019-10-23 10:31:47-07:00,2019-10-23 12:01:33-07:00,2019-10-23 12:01:05-07:00,0.93,0.0,0.0,0.0,America/Los_Angeles
caltech,2_39_78_364_2019-10-23 17:35:32.848365,2-39-78-364,CA-495,2019-10-23 10:35:33-07:00,2019-10-23 16:07:18-07:00,2019-10-23 11:15:35-07:00,1.738,8.0,20.0,60.0,America/Los_Angeles
caltech,2_39_88_438_2019-10-23 18:09:38.871728,2-39-88-438,CA-502,2019-10-23 11:09:39-07:00,2019-10-23 18:05:33-07:00,2019-10-23 13:29:54-07:00,7.962,9.0,30.0,129.0,America/Los_Angeles
caltech,2_39_78_366_2019-10-23 18:51:44.273483,2-39-78-366,CA-323,2019-10-23 11:51:44-07:00,2019-10-23 12:53:03-07:00,2019-10-23 12:53:00-07:00,5.804,8.0,20.0,76.0,America/Los_Angeles
caltech,2_39_90_26_2019-10-23 19:21:00.900116,2-39-90-26,CA-316,2019-10-23 12:21:01-07:00,2019-10-23 14:03:05-07:00,2019-10-23 13:27:44-07:00,2.104,16.0,40.0,291.0,America/Los_Angeles
caltech,2_39_92_436_2019-10-23 19:25:51.356850,2-39-92-436,CA-318,2019-10-23 12:25:51-07:00,2019-10-23 18:55:28-07:00,2019-10-23 14:26:18-07:00,6.668,8.0,20.0,60.0,America/Los_Angeles
caltech,2_39_78_361_2019-10-23 19:48:14.257316,2-39-78-361,CA-493,2019-10-23 12:48:14-07:00,2019-10-23 18:03:15-07:00,2019-10-23 16:40:45-07:00,6.233,12.0,30.0,303.0,America/Los_Angeles
caltech,2_39_79_380_2019-10-23 20:00:24.298778,2-39-79-380,CA-489,2019-10-23 13:00:24-07:00,2019-10-23 14:50:29-07:00,2019-10-23 13:25:33-07:00,0.518,0.0,0.0,0.0,America/Los_Angeles
caltech,2_39_78_367_2019-10-23 20:25:32.730834,2-39-78-367,CA-494,2019-10-23 13:25:33-07:00,2019-10-23 19:49:29-07:00,2019-10-23 15:03:44-07:00,0.847,0.0,0.0,0.0,America/Los_Angeles
caltech,2_39_131_565_2019-10-23 20:48:30.440132,2-39-131-565,CA-511,2019-10-23 13:48:30-07:00,2019-10-23 16:51:33-07:00,2019-10-23 15:30:30-07:00,11.097,16.65,50.0,61.0,America/Los_Angeles
caltech,2_39_90_26_2019-10-23 21:43:36.090886,2-39-90-26,CA-316,2019-10-23 14:43:36-07:00,2019-10-23 17:12:34-07:00,2019-10-23 17:12:13-07:00,15.872,16.0,40.0,137.0,America/Los_Angeles
caltech,2_39_78_366_2019-10-23 22:55:43.972508,2-39-78-366,CA-323,2019-10-23 15:55:44-07:00,2019-10-23 17:34:19-07:00,2019-10-23 17:25:05-07:00,9.906,16.0,40.0,126.0,America/Los_Angeles
caltech,2_39_78_363_2019-10-23 23:23:03.650175,2-39-78-363,CA-320,2019-10-23 16:23:04-07:00,2019-10-23 19:06:19-07:00,2019-10-23 17:53:43-07:00,4.618,8.0,20.0,60.0,America/Los_Angeles
caltech,2_39_138_29_2019-10-24 00:05:19.436346,2-39-138-29,CA-304,2019-10-23 17:05:19-07:00,2019-10-24 06:24:23-07:00,2019-10-23 21:46:28-07:00,16.068,36.0,60.0,315.0,America/Los_Angeles
caltech,2_39_79_383_2019-10-24 00:11:49.865932,2-39-79-383,CA-492,2019-10-23 17:11:50-07:00,2019-10-23 17:39:41-07:00,2019-10-23 17:39:37-07:00,0.784,0.0,0.0,0.0,America/Los_Angeles
caltech,2_39_131_30_2019-10-24 01:37:51.160204,2-39-131-30,CA-305,2019-10-23 18:37:51-07:00,2019-10-23 20:29:42-07:00,2019-10-23 19:47:16-07:00,3.407,15.0,50.0,156.0,America/Los_Angeles
caltech,2_39_139_28_2019-10-24 01:44:08.741322,2-39-139-28,CA-303,2019-10-23 18:44:21-07:00,2019-10-23 20:36:16-07:00,2019-10-23 19:42:56-07:00,4.855,13.32,30.0,154.0,America/Los_Angeles
caltech,2_39_127_19_2019-10-24 01:52:39.952964,2-39-127-19,CA-309,2019-10-23 18:52:40-07:00,2019-10-23 20:48:00-07:00,2019-10-23 20:17:19-07:00,7.869,8.0,20.0,97.0,America/Los_Angeles
caltech,2_39_88_24_2019-10-24 02:50:44.831476,2-39-88-24,CA-314,2019-10-23 19:50:45-07:00,2019-10-23 22:00:16-07:00,2019-10-23 22:00:12-07:00,13.201,20.0,50.0,120.0,America/Los_Angeles
caltech,2_39_130_31_2019-10-24 03:26:50.058892,2-39-130-31,CA-306,2019-10-23 20:26:50-07:00,2019-10-24 06:26:25-07:00,2019-10-24 06:26:16-07:00,14.907,15.0,50.0,61.0,America/Los_Angeles
caltech,2_39_89_25_2019-10-24 13:31:13.340125,2-39-89-25,CA-315,2019-10-24 06:31:13-07:00,2019-10-24 07:56:09-07:00,2019-10-24 07:47:08-07:00,3.753,12.0,30.0,374.0,America/Los_Angeles
caltech,2_39_79_380_2019-10-24 15:05:50.212379,2-39-79-380,CA-489,2019-10-24 08:05:50-07:00,2019-10-24 13:26:05-07:00,2019-10-24 09:17:05-07:00,7.386,9.0,30.0,213.0,America/Los_Angeles
caltech,2_39_78_366_2019-10-24 15:08:46.056003,2-39-78-366,CA-323,2019-10-24 08:08:46-07:00,2019-10-24 12:18:01-07:00,2019-10-24 09:06:47-07:00,5.57,14.4,40.0,480.0,America/Los_Angeles
caltech,2_39_123_23_2019-10-24 15:09:12.861222,2-39-123-23,CA-313,2019-10-24 08:09:13-07:00,2019-10-24 08:48:49-07:00,2019-10-24 08:49:48-07:00,0.877,0.0,0.0,0.0,America/Los_Angeles
caltech,2_39_91_437_2019-10-24 15:11:30.891176,2-39-91-437,CA-317,2019-10-24 08:11:31-07:00,2019-10-24 17:14:05-07:00,2019-10-24 10:38:10-07:00,14.055,32.0,80.0,428.0,America/Los_Angeles
caltech,2_39_78_367_2019-10-24 15:36:06.919526,2-39-78-367,CA-494,2019-10-24 08:36:07-07:00,2019-10-24 10:50:15-07:00,2019-10-24 10:50:08-07:00,9.585,11.68,40.0,454.0,America/Los_Angeles
caltech,2_39_131_30_2019-10-24 15:40:38.653774,2-39-131-30,CA-305,2019-10-24 08:40:39-07:00,2019-10-24 15:58:47-07:00,2019-10-24 11:44:36-07:00,13.436,20.0,50.0,459.0,America/Los_Angeles
caltech,2_39_123_23_2019-10-24 15:48:53.100447,2-39-123-23,CA-313,2019-10-24 08:48:53-07:00,2019-10-24 11:32:45-07:00,2019-10-24 09:19:41-07:00,0.859,0.0,0.0,0.0,America/Los_Angeles
caltech,2_39_78_365_2019-10-24 15:54:56.350607,2-39-78-365,CA-321,2019-10-24 08:54:56-07:00,2019-10-24 13:56:11-07:00,2019-10-24 13:27:54-07:00,14.866,14.98,70.0,247.0,America/Los_Angeles
caltech,2_39_130_31_2019-10-24 15:59:11.146515,2-39-130-31,CA-306,2019-10-24 08:59:19-07:00,2019-10-24 12:05:43-07:00,2019-10-24 11:12:15-07:00,7.544,12.0,20.0,293.0,America/Los_Angeles
caltech,2_39_130_564_2019-10-24 16:00:41.144968,2-39-130-564,CA-510,2019-10-24 09:00:41-07:00,2019-10-24 09:53:53-07:00,2019-10-24 09:53:29-07:00,0.972,0.0,0.0,0.0,America/Los_Angeles
caltech,2_39_79_381_2019-10-24 16:12:32.892462,2-39-79-381,CA-490,2019-10-24 09:13:25-07:00,2019-10-24 11:46:21-07:00,2019-10-24 11:46:18-07:00,3.426,18.69,70.0,60.0,America/Los_Angeles
caltech,2_39_79_379_2019-10-24 16:17:51.413877,2-39-79-379,CA-327,2019-10-24 09:17:51-07:00,2019-10-24 19:10:36-07:00,2019-10-24 11:25:08-07:00,11.528,24.0,60.0,60.0,America/Los_Angeles
caltech,2_39_124_22_2019-10-24 16:20:38.339017,2-39-124-22,CA-312,2019-10-24 09:20:38-07:00,2019-10-24 10:48:15-07:00,2019-10-24 09:51:10-07:00,0.899,0.0,0.0,0.0,America/Los_Angeles
caltech,2_39_79_376_2019-10-24 16:22:12.909881,2-39-79-376,CA-324,2019-10-24 09:22:13-07:00,2019-10-24 18:20:04-07:00,2019-10-24 13:55:41-07:00,15.245,40.0,100.0,419.0,America/Los_Angeles
caltech,2_39_89_25_2019-10-24 16:22:46.306457,2-39-89-25,CA-315,2019-10-24 09:22:46-07:00,2019-10-24 10:50:01-07:00,2019-10-24 10:49:55-07:00,9.882,20.0,50.0,93.0,America/Los_Angeles
caltech,2_39_92_442_2019-10-24 16:30:53.286007,2-39-92-442,CA-498,2019-10-24 09:30:53-07:00,2019-10-24 19:41:10-07:00,2019-10-24 18:45:08-07:00,28.571,64.0,160.0,60.0,America/Los_Angeles
caltech,2_39_90_440_2019-10-24 16:31:53.312808,2-39-90-440,CA-500,2019-10-24 09:31:53-07:00,2019-10-24 17:22:20-07:00,2019-10-24 10:53:30-07:00,3.628,8.0,20.0,447.0,America/Los_Angeles
caltech,2_39_79_377_2019-10-24 16:39:27.665916,2-39-79-377,CA-325,2019-10-24 09:39:28-07:00,2019-10-24 17:16:33-07:00,2019-10-24 10:14:39-07:00,1.691,8.0,20.0,60.0,America/Los_Angeles
caltech,2_39_78_362_2019-10-24 16:39:51.304795,2-39-78-362,CA-496,2019-10-24 09:39:51-07:00,2019-10-24 16:20:54-07:00,2019-10-24 16:21:54-07:00,4.925,5.0,10.0,378.0,America/Los_Angeles
caltech,2_39_88_24_2019-10-24 16:48:44.313771,2-39-88-24,CA-314,2019-10-24 09:48:44-07:00,2019-10-24 15:27:35-07:00,2019-10-24 10:18:56-07:00,0.865,0.0,0.0,0.0,America/Los_Angeles
caltech,2_39_79_382_2019-10-24 16:49:34.542568,2-39-79-382,CA-491,2019-10-24 09:49:35-07:00,2019-10-24 17:06:20-07:00,2019-10-24 14:12:44-07:00,16.962,37.5,150.0,436.0,America/Los_Angeles
caltech,2_39_90_26_2019-10-24 17:03:32.966272,2-39-90-26,CA-316,2019-10-24 10:03:33-07:00,2019-10-24 11:15:08-07:00,2019-10-24 10:33:53-07:00,0.853,0.0,0.0,0.0,America/Los_Angeles
caltech,2_39_91_441_2019-10-24 17:12:09.740292,2-39-91-441,CA-499,2019-10-24 10:12:10-07:00,2019-10-24 18:08:56-07:00,2019-10-24 12:05:31-07:00,11.19,12.0,30.0,303.0,America/Los_Angeles
caltech,2_39_92_436_2019-10-24 17:12:51.364941,2-39-92-436,CA-318,2019-10-24 10:12:51-07:00,2019-10-24 12:54:26-07:00,2019-10-24 12:54:18-07:00,8.303,16.0,40.0,197.0,America/Los_Angeles
caltech,2_39_95_27_2019-10-24 17:13:22.618043,2-39-95-27,CA-319,2019-10-24 10:13:24-07:00,2019-10-24 16:14:11-07:00,2019-10-24 12:19:04-07:00,13.348,20.0,50.0,205.0,America/Los_Angeles
caltech,2_39_78_364_2019-10-24 17:18:18.060640,2-39-78-364,CA-495,2019-10-24 10:18:18-07:00,2019-10-24 11:41:02-07:00,2019-10-24 11:41:00-07:00,4.804,13.32,40.0,162.0,America/Los_Angeles
caltech,2_39_78_361_2019-10-24 17:51:47.048978,2-39-78-361,CA-493,2019-10-24 10:51:47-07:00,2019-10-24 11:44:01-07:00,2019-10-24 11:41:58-07:00,0.901,0.0,0.0,0.0,America/Los_Angeles
caltech,2_39_78_367_2019-10-24 18:07:44.806544,2-39-78-367,CA-494,2019-10-24 11:07:45-07:00,2019-10-24 17:16:33-07:00,2019-10-24 17:13:33-07:00,1.2032347670245171,0.0,0.0,0.0,America/Los_Angeles
caltech,2_39_88_438_2019-10-24 18:22:37.009107,2-39-88-438,CA-502,2019-10-24 11:22:37-07:00,2019-10-24 17:22:44-07:00,2019-10-24 17:22:35-07:00,39.839,80.0,200.0,60.0,America/Los_Angeles
caltech,2_39_78_363_2019-10-24 19:18:44.070855,2-39-78-363,CA-320,2019-10-24 12:18:44-07:00,2019-10-24 18:24:54-07:00,2019-10-24 14:22:39-07:00,6.726,8.0,20.0,60.0,America/Los_Angeles
caltech,2_39_78_361_2019-10-24 19:23:14.145730,2-39-78-361,CA-493,2019-10-24 12:23:14-07:00,2019-10-24 17:13:03-07:00,2019-10-24 16:50:25-07:00,28.361,40.0,100.0,256.0,America/Los_Angeles
caltech,2_39_130_31_2019-10-24 19:44:24.086893,2-39-130-31,CA-306,2019-10-24 12:44:24-07:00,2019-10-25 01:20:14-07:00,2019-10-24 13:48:46-07:00,2.024,16.0,40.0,291.0,America/Los_Angeles
caltech,2_39_78_366_2019-10-24 19:59:34.890157,2-39-78-366,CA-323,2019-10-24 12:59:35-07:00,2019-10-24 13:28:05-07:00,2019-10-24 13:27:52-07:00,1.46,8.0,20.0,208.0,America/Los_Angeles
caltech,2_39_79_378_2019-10-24 20:17:54.231436,2-39-79-378,CA-326,2019-10-24 13:17:54-07:00,2019-10-24 15:56:03-07:00,2019-10-24 14:34:09-07:00,3.083,8.0,20.0,60.0,America/Los_Angeles
caltech,2_39_92_436_2019-10-24 20:38:14.448524,2-39-92-436,CA-318,2019-10-24 13:38:14-07:00,2019-10-24 15:58:28-07:00,2019-10-24 14:09:18-07:00,0.885,0.0,0.0,0.0,America/Los_Angeles
caltech,2_39_123_23_2019-10-24 21:37:03.159243,2-39-123-23,CA-313,2019-10-24 14:37:03-07:00,2019-10-24 17:49:53-07:00,2019-10-24 15:53:27-07:00,3.483,8.0,20.0,60.0,America/Los_Angeles
caltech,2_39_126_20_2019-10-24 22:56:24.276445,2-39-126-20,CA-310,2019-10-24 15:56:24-07:00,2019-10-24 17:46:41-07:00,2019-10-24 17:46:36-07:00,5.752,12.0,20.0,242.0,America/Los_Angeles
caltech,2_39_124_22_2019-10-24 23:20:15.808905,2-39-124-22,CA-312,2019-10-24 16:20:16-07:00,2019-10-24 20:09:49-07:00,2019-10-24 17:45:22-07:00,4.459,8.0,20.0,60.0,America/Los_Angeles
caltech,2_39_138_29_2019-10-25 01:00:33.774999,2-39-138-29,CA-304,2019-10-24 18:00:46-07:00,2019-10-24 19:00:20-07:00,2019-10-24 19:00:15-07:00,6.212,13.32,30.0,154.0,America/Los_Angeles
caltech,2_39_91_437_2019-10-25 01:30:28.372355,2-39-91-437,CA-317,2019-10-24 18:30:28-07:00,2019-10-24 22:17:59-07:00,2019-10-24 22:17:54-07:00,13.371,20.0,50.0,227.0,America/Los_Angeles
caltech,2_39_129_17_2019-10-25 01:30:45.962280,2-39-129-17,CA-307,2019-10-24 18:30:46-07:00,2019-10-24 22:40:21-07:00,2019-10-24 22:28:31-07:00,20.068,25.0,100.0,257.0,America/Los_Angeles
caltech,2_39_127_19_2019-10-25 01:48:44.424995,2-39-127-19,CA-309,2019-10-24 18:48:44-07:00,2019-10-24 20:34:17-07:00,2019-10-24 20:34:13-07:00,11.84,28.0,70.0,226.0,America/Los_Angeles
caltech,2_39_139_28_2019-10-25 02:09:02.656411,2-39-139-28,CA-303,2019-10-24 19:09:03-07:00,2019-10-24 19:59:25-07:00,2019-10-24 19:59:21-07:00,5.111,44.0,110.0,99.0,America/Los_Angeles
caltech,2_39_126_20_2019-10-25 03:29:49.767200,2-39-126-20,CA-310,2019-10-24 20:29:50-07:00,2019-10-24 21:42:37-07:00,2019-10-24 21:42:32-07:00,8.256,22.5,90.0,115.0,America/Los_Angeles
caltech,2_39_139_28_2019-10-25 04:25:15.653506,2-39-139-28,CA-303,2019-10-24 21:25:16-07:00,2019-10-25 07:57:09-07:00,2019-10-25 06:26:01-07:00,11.892,12.0,40.0,61.0,America/Los_Angeles
caltech,2_39_79_377_2019-10-25 15:11:01.914407,2-39-79-377,CA-325,2019-10-25 08:11:02-07:00,2019-10-25 10:41:38-07:00,2019-10-25 10:41:34-07:00,10.919,20.0,80.0,231.0,America/Los_Angeles
caltech,2_39_138_566_2019-10-25 15:24:14.550062,2-39-138-566,CA-512,2019-10-25 08:24:15-07:00,2019-10-25 08:50:31-07:00,2019-10-25 08:50:26-07:00,0.711,0.0,0.0,0.0,America/Los_Angeles
caltech,2_39_79_379_2019-10-25 15:32:05.446830,2-39-79-379,CA-327,2019-10-25 08:32:05-07:00,2019-10-25 16:13:40-07:00,2019-10-25 14:21:32-07:00,16.323,24.0,60.0,443.0,America/Los_Angeles
caltech,2_39_124_558_2019-10-25 15:34:14.266837,2-39-124-558,CA-504,2019-10-25 08:34:14-07:00,2019-10-25 18:08:09-07:00,2019-10-25 10:29:57-07:00,6.403,10.0,40.0,404.0,America/Los_Angeles
caltech,2_39_139_28_2019-10-25 15:42:43.699321,2-39-139-28,CA-303,2019-10-25 08:42:44-07:00,2019-10-25 14:15:51-07:00,2019-10-25 13:26:15-07:00,16.007,24.0,60.0,247.0,America/Los_Angeles
caltech,2_39_95_27_2019-10-25 15:43:45.961909,2-39-95-27,CA-319,2019-10-25 08:43:46-07:00,2019-10-25 13:32:27-07:00,2019-10-25 10:38:42-07:00,5.964,8.0,20.0,72.0,America/Los_Angeles
caltech,2_39_78_360_2019-10-25 15:53:55.950114,2-39-78-360,CA-322,2019-10-25 08:53:56-07:00,2019-10-25 12:39:00-07:00,2019-10-25 11:51:08-07:00,0.888,0.0,0.0,0.0,America/Los_Angeles
caltech,2_39_79_383_2019-10-25 16:06:00.587252,2-39-79-383,CA-492,2019-10-25 09:06:01-07:00,2019-10-25 17:37:11-07:00,2019-10-25 12:08:03-07:00,5.653,11.68,40.0,454.0,America/Los_Angeles
caltech,2_39_127_19_2019-10-25 16:07:10.112744,2-39-127-19,CA-309,2019-10-25 09:07:10-07:00,2019-10-25 11:49:04-07:00,2019-10-25 11:48:59-07:00,18.207,40.0,100.0,249.0,America/Los_Angeles
caltech,2_39_79_378_2019-10-25 16:16:23.736649,2-39-79-378,CA-326,2019-10-25 09:16:24-07:00,2019-10-25 13:10:20-07:00,2019-10-25 09:39:38-07:00,1.355,8.0,20.0,60.0,America/Los_Angeles
caltech,2_39_123_23_2019-10-25 16:22:15.412398,2-39-123-23,CA-313,2019-10-25 09:22:15-07:00,2019-10-25 09:45:50-07:00,2019-10-25 09:45:46-07:00,0.729,0.0,0.0,0.0,America/Los_Angeles
caltech,2_39_129_17_2019-10-25 16:27:41.445905,2-39-129-17,CA-307,2019-10-25 09:27:41-07:00,2019-10-25 16:55:33-07:00,2019-10-25 11:40:48-07:00,7.116,20.0,50.0,433.0,America/Los_Angeles
caltech,2_39_79_380_2019-10-25 16:30:24.769754,2-39-79-380,CA-489,2019-10-25 09:30:25-07:00,2019-10-25 19:15:33-07:00,2019-10-25 11:50:02-07:00,10.726,24.0,60.0,60.0,America/Los_Angeles
caltech,2_39_79_381_2019-10-25 16:35:26.355137,2-39-79-381,CA-490,2019-10-25 09:35:26-07:00,2019-10-25 17:18:40-07:00,2019-10-25 15:05:31-07:00,14.266,16.0,40.0,447.0,America/Los_Angeles
caltech,2_39_89_25_2019-10-25 16:42:44.029649,2-39-89-25,CA-315,2019-10-25 09:42:44-07:00,2019-10-25 16:44:00-07:00,2019-10-25 11:03:12-07:00,4.01,8.0,20.0,428.0,America/Los_Angeles
caltech,2_39_90_440_2019-10-25 16:47:54.726000,2-39-90-440,CA-500,2019-10-25 09:47:55-07:00,2019-10-25 15:15:03-07:00,2019-10-25 12:30:20-07:00,8.298,15.0,40.0,378.0,America/Los_Angeles
caltech,2_39_78_367_2019-10-25 16:52:02.751411,2-39-78-367,CA-494,2019-10-25 09:52:03-07:00,2019-10-25 15:26:34-07:00,2019-10-25 15:27:34-07:00,0.879,0.0,0.0,0.0,America/Los_Angeles
caltech,2_39_79_376_2019-10-25 16:52:44.792096,2-39-79-376,CA-324,2019-10-25 09:52:45-07:00,2019-10-25 17:29:32-07:00,2019-10-25 12:45:28-07:00,7.501,12.0,30.0,74.0,America/Los_Angeles
caltech,2_39_78_366_2019-10-25 16:57:00.550147,2-39-78-366,CA-323,2019-10-25 09:57:01-07:00,2019-10-25 23:19:17-07:00,2019-10-25 12:06:58-07:00,7.446,15.0,50.0,411.0,America/Los_Angeles
caltech,2_39_91_437_2019-10-25 17:06:55.040444,2-39-91-437,CA-317,2019-10-25 10:06:55-07:00,2019-10-25 18:06:26-07:00,2019-10-25 12:12:29-07:00,11.892,12.0,30.0,303.0,America/Los_Angeles
caltech,2_39_78_365_2019-10-25 17:15:46.390506,2-39-78-365,CA-321,2019-10-25 10:15:46-07:00,2019-10-25 15:39:07-07:00,2019-10-25 12:29:46-07:00,9.033,18.0,50.0,480.0,America/Los_Angeles
caltech,2_39_123_23_2019-10-25 17:23:08.333713,2-39-123-23,CA-313,2019-10-25 10:23:08-07:00,2019-10-25 11:57:35-07:00,2019-10-25 10:54:06-07:00,0.881,0.0,0.0,0.0,America/Los_Angeles
caltech,2_39_78_362_2019-10-25 17:47:54.488441,2-39-78-362,CA-496,2019-10-25 10:48:30-07:00,2019-10-25 16:28:34-07:00,2019-10-25 16:29:31-07:00,32.265,60.0,250.0,566.0,America/Los_Angeles
caltech,2_39_88_24_2019-10-25 18:11:53.444886,2-39-88-24,CA-314,2019-10-25 11:11:53-07:00,2019-10-25 12:24:56-07:00,2019-10-25 11:58:54-07:00,0.927,0.0,0.0,0.0,America/Los_Angeles
caltech,2_39_79_377_2019-10-25 18:20:58.320978,2-39-79-377,CA-325,2019-10-25 11:20:58-07:00,2019-10-25 12:14:22-07:00,2019-10-25 12:14:10-07:00,0.832,0.0,0.0,0.0,America/Los_Angeles
caltech,2_39_92_442_2019-10-25 18:24:30.526452,2-39-92-442,CA-498,2019-10-25 11:24:31-07:00,2019-10-25 18:23:40-07:00,2019-10-25 15:43:48-07:00,7.882,8.0,20.0,60.0,America/Los_Angeles
caltech,2_39_79_382_2019-10-25 18:33:43.789002,2-39-79-382,CA-491,2019-10-25 11:33:44-07:00,2019-10-25 16:19:22-07:00,2019-10-25 14:21:04-07:00,5.221,8.0,20.0,223.0,America/Los_Angeles
caltech,2_39_78_364_2019-10-25 18:43:43.139358,2-39-78-364,CA-495,2019-10-25 11:43:43-07:00,2019-10-25 17:46:17-07:00,2019-10-25 14:20:18-07:00,6.73,8.0,20.0,60.0,America/Los_Angeles
caltech,2_39_89_439_2019-10-25 18:45:33.345386,2-39-89-439,CA-501,2019-10-25 11:45:33-07:00,2019-10-25 14:13:52-07:00,2019-10-25 13:21:15-07:00,9.795,20.0,50.0,166.0,America/Los_Angeles
caltech,2_39_123_23_2019-10-25 19:44:09.085249,2-39-123-23,CA-313,2019-10-25 12:44:09-07:00,2019-10-26 00:58:11-07:00,2019-10-25 13:46:40-07:00,2.051,16.0,40.0,291.0,America/Los_Angeles
caltech,2_39_78_360_2019-10-25 19:56:17.831531,2-39-78-360,CA-322,2019-10-25 12:56:18-07:00,2019-10-25 15:33:32-07:00,2019-10-25 15:08:24-07:00,0.867,0.0,0.0,0.0,America/Los_Angeles
caltech,2_39_78_363_2019-10-25 20:02:08.188828,2-39-78-363,CA-320,2019-10-25 13:02:08-07:00,2019-10-25 15:37:56-07:00,2019-10-25 15:18:42-07:00,0.851,0.0,0.0,0.0,America/Los_Angeles
caltech,2_39_130_31_2019-10-25 20:20:00.722226,2-39-130-31,CA-306,2019-10-25 13:20:01-07:00,2019-10-25 18:17:25-07:00,2019-10-25 18:13:59-07:00,32.744,40.0,200.0,466.0,America/Los_Angeles
caltech,2_39_95_27_2019-10-25 20:48:15.115835,2-39-95-27,CA-319,2019-10-25 13:48:15-07:00,2019-10-25 16:48:44-07:00,2019-10-25 14:18:43-07:00,0.906,0.0,0.0,0.0,America/Los_Angeles
caltech,2_39_138_29_2019-10-25 21:26:51.208335,2-39-138-29,CA-304,2019-10-25 14:26:51-07:00,2019-10-25 17:04:01-07:00,2019-10-25 17:03:57-07:00,15.732,7.28,20.0,60.0,America/Los_Angeles
caltech,2_39_139_28_2019-10-25 21:27:20.942252,2-39-139-28,CA-303,2019-10-25 14:27:21-07:00,2019-10-25 17:04:19-07:00,2019-10-25 17:05:17-07:00,17.732,40.0,100.0,413.0,America/Los_Angeles
caltech,2_39_79_377_2019-10-25 22:14:46.861557,2-39-79-377,CA-325,2019-10-25 15:14:47-07:00,2019-10-25 18:03:58-07:00,2019-10-25 15:43:33-07:00,0.795,0.0,0.0,0.0,America/Los_Angeles
caltech,2_39_78_367_2019-10-25 22:27:00.267226,2-39-78-367,CA-494,2019-10-25 15:27:00-07:00,2019-10-25 17:31:48-07:00,2019-10-25 15:57:56-07:00,0.736,0.0,0.0,0.0,America/Los_Angeles
caltech,2_39_78_365_2019-10-25 23:24:25.252020,2-39-78-365,CA-321,2019-10-25 16:24:25-07:00,2019-10-25 17:37:34-07:00,2019-10-25 17:07:16-07:00,1.986,8.0,20.0,60.0,America/Los_Angeles
caltech,2_39_139_28_2019-10-26 00:04:23.049896,2-39-139-28,CA-303,2019-10-25 17:04:23-07:00,2019-10-25 19:51:40-07:00,2019-10-25 19:51:35-07:00,17.873,40.0,100.0,413.0,America/Los_Angeles
caltech,2_39_139_28_2019-10-26 04:44:37.675866,2-39-139-28,CA-303,2019-10-25 21:44:38-07:00,2019-10-26 13:47:04-07:00,2019-10-26 12:43:41-07:00,3.636,15.2,38.0,173.0,America/Los_Angeles
caltech,2_39_91_437_2019-10-26 07:36:37.638121,2-39-91-437,CA-317,2019-10-26 00:36:38-07:00,2019-10-26 14:39:45-07:00,2019-10-26 07:14:06-07:00,37.34,37.5,150.0,622.0,America/Los_Angeles
caltech,2_39_131_30_2019-10-26 17:11:17.451967,2-39-131-30,CA-305,2019-10-26 10:11:17-07:00,2019-10-26 12:34:44-07:00,2019-10-26 12:34:40-07:00,16.347,28.0,70.0,226.0,America/Los_Angeles
caltech,2_39_129_17_2019-10-26 17:16:48.647100,2-39-129-17,CA-307,2019-10-26 10:17:09-07:00,2019-10-26 11:40:02-07:00,2019-10-26 11:39:53-07:00,4.783,9.99,30.0,104.0,America/Los_Angeles
caltech,2_39_127_19_2019-10-26 17:20:41.289967,2-39-127-19,CA-309,2019-10-26 10:20:41-07:00,2019-10-26 14:49:27-07:00,2019-10-26 14:47:00-07:00,22.572,25.0,100.0,259.0,America/Los_Angeles
caltech,2_39_138_29_2019-10-26 17:37:30.882169,2-39-138-29,CA-304,2019-10-26 10:37:31-07:00,2019-10-26 12:03:30-07:00,2019-10-26 12:03:21-07:00,8.937,13.9,50.0,129.0,America/Los_Angeles
caltech,2_39_78_365_2019-10-26 19:04:20.575622,2-39-78-365,CA-321,2019-10-26 12:04:21-07:00,2019-10-26 14:06:12-07:00,2019-10-26 13:13:06-07:00,3.43,8.0,20.0,60.0,America/Los_Angeles
caltech,2_39_79_377_2019-10-26 20:51:32.535688,2-39-79-377,CA-325,2019-10-26 13:51:33-07:00,2019-10-26 15:31:54-07:00,2019-10-26 15:31:45-07:00,10.804,24.0,60.0,435.0,America/Los_Angeles
caltech,2_39_139_28_2019-10-26 21:00:59.812146,2-39-139-28,CA-303,2019-10-26 14:01:00-07:00,2019-10-26 15:47:28-07:00,2019-10-26 15:47:23-07:00,6.26,8.0,20.0,60.0,America/Los_Angeles
caltech,2_39_131_30_2019-10-26 21:29:16.882569,2-39-131-30,CA-305,2019-10-26 14:29:17-07:00,2019-10-26 16:15:29-07:00,2019-10-26 16:15:20-07:00,11.377,20.0,50.0,186.0,America/Los_Angeles
caltech,2_39_125_21_2019-10-26 21:49:53.198303,2-39-125-21,CA-311,2019-10-26 14:49:53-07:00,2019-10-26 18:44:06-07:00,2019-10-26 16:57:10-07:00,6.508,12.0,30.0,170.0,America/Los_Angeles
caltech,2_39_139_28_2019-10-27 00:45:48.959089,2-39-139-28,CA-303,2019-10-26 17:45:49-07:00,2019-10-26 21:04:38-07:00,2019-10-26 18:16:09-07:00,0.859,0.0,0.0,0.0,America/Los_Angeles
caltech,2_39_129_17_2019-10-27 01:39:11.561944,2-39-129-17,CA-307,2019-10-26 18:39:12-07:00,2019-10-26 22:32:49-07:00,2019-10-26 21:10:02-07:00,15.666,28.0,70.0,170.0,America/Los_Angeles
caltech,2_39_139_28_2019-10-27 15:12:49.851197,2-39-139-28,CA-303,2019-10-27 08:12:50-07:00,2019-10-27 11:04:15-07:00,2019-10-27 11:04:11-07:00,19.528,40.0,100.0,546.0,America/Los_Angeles
caltech,2_39_89_25_2019-10-27 15:34:44.633650,2-39-89-25,CA-315,2019-10-27 08:34:45-07:00,2019-10-27 10:06:10-07:00,2019-10-27 09:53:49-07:00,3.871,8.0,20.0,65.0,America/Los_Angeles
caltech,2_39_139_28_2019-10-27 18:11:56.219233,2-39-139-28,CA-303,2019-10-27 11:11:56-07:00,2019-10-27 12:37:39-07:00,2019-10-27 12:20:14-07:00,6.84,32.0,80.0,428.0,America/Los_Angeles
caltech,2_39_91_437_2019-10-27 18:15:17.595372,2-39-91-437,CA-317,2019-10-27 11:15:18-07:00,2019-10-27 17:26:03-07:00,2019-10-27 15:53:57-07:00,16.102,20.0,50.0,366.0,America/Los_Angeles
caltech,2_39_138_29_2019-10-27 19:26:40.510310,2-39-138-29,CA-304,2019-10-27 12:26:40-07:00,2019-10-27 19:00:45-07:00,2019-10-27 17:01:56-07:00,16.006,24.0,60.0,228.0,America/Los_Angeles
caltech,2_39_83_386_2019-10-28 00:15:07.028000,2-39-83-386,CA-212,2019-10-27 17:15:07-07:00,2019-10-27 20:50:32-07:00,2019-10-27 20:17:06-07:00,9.869,10.0,20.0,249.0,America/Los_Angeles
caltech,2_39_131_30_2019-10-28 00:51:49.998884,2-39-131-30,CA-305,2019-10-27 17:51:50-07:00,2019-10-27 18:39:55-07:00,2019-10-27 18:39:50-07:00,2.247,9.99,30.0,104.0,America/Los_Angeles
caltech,2_39_139_28_2019-10-28 01:10:26.512404,2-39-139-28,CA-303,2019-10-27 18:10:26-07:00,2019-10-27 21:17:45-07:00,2019-10-27 21:17:33-07:00,20.738,22.5,90.0,203.0,America/Los_Angeles
caltech,2_39_123_23_2019-10-28 01:18:04.536085,2-39-123-23,CA-313,2019-10-27 18:18:05-07:00,2019-10-27 20:59:07-07:00,2019-10-27 19:26:35-07:00,6.623,16.0,40.0,124.0,America/Los_Angeles
caltech,2_39_129_17_2019-10-28 01:40:10.531237,2-39-129-17,CA-307,2019-10-27 18:40:11-07:00,2019-10-27 19:49:12-07:00,2019-10-27 19:49:04-07:00,7.988,25.0,100.0,259.0,America/Los_Angeles
caltech,2_39_131_30_2019-10-28 01:43:35.538933,2-39-131-30,CA-305,2019-10-27 18:43:36-07:00,2019-10-28 08:42:07-07:00,2019-10-28 06:25:51-07:00,49.894,50.0,250.0,586.0,America/Los_Angeles
caltech,2_39_139_28_2019-10-28 15:09:59.979671,2-39-139-28,CA-303,2019-10-28 08:10:00-07:00,2019-10-28 17:28:00-07:00,2019-10-28 09:54:17-07:00,5.975,16.0,40.0,228.0,America/Los_Angeles
caltech,2_39_125_21_2019-10-28 15:30:20.022747,2-39-125-21,CA-311,2019-10-28 08:30:20-07:00,2019-10-28 17:42:22-07:00,2019-10-28 09:57:52-07:00,4.594,5.5,20.0,193.0,America/Los_Angeles
caltech,2_39_89_25_2019-10-28 15:40:51.021428,2-39-89-25,CA-315,2019-10-28 08:40:51-07:00,2019-10-28 17:22:44-07:00,2019-10-28 11:49:01-07:00,18.624,80.1,300.0,378.0,America/Los_Angeles
caltech,2_39_138_29_2019-10-28 15:47:38.583448,2-39-138-29,CA-304,2019-10-28 08:47:39-07:00,2019-10-28 17:59:41-07:00,2019-10-28 09:35:27-07:00,2.064,12.0,20.0,242.0,America/Los_Angeles
caltech,2_39_91_437_2019-10-28 15:49:01.565649,2-39-91-437,CA-317,2019-10-28 08:49:02-07:00,2019-10-28 11:08:00-07:00,2019-10-28 09:40:27-07:00,4.482,12.0,30.0,115.0,America/Los_Angeles
caltech,2_39_123_23_2019-10-28 15:51:44.502249,2-39-123-23,CA-313,2019-10-28 08:51:44-07:00,2019-10-28 19:08:00-07:00,2019-10-28 09:43:53-07:00,2.017,8.0,20.0,36.0,America/Los_Angeles
caltech,2_39_78_363_2019-10-28 15:53:04.033180,2-39-78-363,CA-320,2019-10-28 08:53:04-07:00,2019-10-28 13:36:14-07:00,2019-10-28 13:36:02-07:00,13.904,18.0,30.0,369.0,America/Los_Angeles
caltech,2_39_79_382_2019-10-28 15:55:36.715547,2-39-79-382,CA-491,2019-10-28 08:55:37-07:00,2019-10-28 16:28:51-07:00,2019-10-28 15:04:43-07:00,25.291,25.41,110.0,544.0,America/Los_Angeles
caltech,2_39_129_17_2019-10-28 15:56:25.548573,2-39-129-17,CA-307,2019-10-28 08:56:26-07:00,2019-10-28 17:04:25-07:00,2019-10-28 11:01:48-07:00,6.337,16.0,40.0,433.0,America/Los_Angeles
caltech,2_39_79_376_2019-10-28 16:02:04.401214,2-39-79-376,CA-324,2019-10-28 09:02:04-07:00,2019-10-28 17:06:12-07:00,2019-10-28 09:29:39-07:00,1.315,0.0,0.0,0.0,America/Los_Angeles
caltech,2_39_79_379_2019-10-28 16:07:57.008801,2-39-79-379,CA-327,2019-10-28 09:07:57-07:00,2019-10-28 16:15:11-07:00,2019-10-28 12:44:10-07:00,18.665,37.5,150.0,436.0,America/Los_Angeles
caltech,2_39_92_442_2019-10-28 16:12:25.702193,2-39-92-442,CA-498,2019-10-28 09:12:26-07:00,2019-10-28 19:29:08-07:00,2019-10-28 18:23:46-07:00,27.884,64.0,160.0,60.0,America/Los_Angeles
caltech,2_39_79_377_2019-10-28 16:17:37.390752,2-39-79-377,CA-325,2019-10-28 09:17:37-07:00,2019-10-28 17:39:08-07:00,2019-10-28 10:19:56-07:00,6.484,40.0,100.0,419.0,America/Los_Angeles
caltech,2_39_88_24_2019-10-28 16:35:28.509829,2-39-88-24,CA-314,2019-10-28 09:35:28-07:00,2019-10-29 12:17:14-07:00,2019-10-29 06:38:51-07:00,12.169,15.2,38.0,173.0,America/Los_Angeles
caltech,2_39_78_365_2019-10-28 16:42:20.706712,2-39-78-365,CA-321,2019-10-28 09:42:21-07:00,2019-10-28 18:59:21-07:00,2019-10-28 15:59:25-07:00,13.599,24.0,60.0,443.0,America/Los_Angeles
caltech,2_39_90_440_2019-10-28 16:43:51.455494,2-39-90-440,CA-500,2019-10-28 09:43:51-07:00,2019-10-28 17:15:32-07:00,2019-10-28 12:22:59-07:00,4.946,8.0,20.0,446.0,America/Los_Angeles
caltech,2_39_79_380_2019-10-28 16:46:28.997244,2-39-79-380,CA-489,2019-10-28 09:46:29-07:00,2019-10-28 16:44:31-07:00,2019-10-28 16:33:41-07:00,5.519,0.0,0.0,0.0,America/Los_Angeles
caltech,2_39_90_26_2019-10-28 16:48:38.267397,2-39-90-26,CA-316,2019-10-28 09:48:39-07:00,2019-10-28 14:16:49-07:00,2019-10-28 12:10:20-07:00,10.08,20.0,50.0,366.0,America/Los_Angeles
caltech,2_39_95_444_2019-10-28 16:54:47.403230,2-39-95-444,CA-497,2019-10-28 09:54:47-07:00,2019-10-28 17:28:50-07:00,2019-10-28 13:33:53-07:00,24.958,26.28,90.0,400.0,America/Los_Angeles
caltech,2_39_124_22_2019-10-28 17:16:17.215365,2-39-124-22,CA-312,2019-10-28 10:16:40-07:00,2019-10-28 17:59:50-07:00,2019-10-28 17:59:46-07:00,52.224,80.0,200.0,502.0,America/Los_Angeles
caltech,2_39_92_436_2019-10-28 17:19:57.110315,2-39-92-436,CA-318,2019-10-28 10:19:57-07:00,2019-10-28 18:10:02-07:00,2019-10-28 15:59:14-07:00,11.9,12.0,30.0,303.0,America/Los_Angeles
caltech,2_39_79_383_2019-10-28 17:45:29.524873,2-39-79-383,CA-492,2019-10-28 10:45:30-07:00,2019-10-28 19:04:39-07:00,2019-10-28 16:46:07-07:00,39.87,40.0,160.0,505.0,America/Los_Angeles
caltech,2_39_78_367_2019-10-28 18:02:57.170553,2-39-78-367,CA-494,2019-10-28 11:03:02-07:00,2019-10-28 14:19:56-07:00,2019-10-28 12:42:44-07:00,10.743,20.0,50.0,191.0,America/Los_Angeles
caltech,2_39_91_441_2019-10-28 18:19:15.823774,2-39-91-441,CA-499,2019-10-28 11:19:16-07:00,2019-10-28 20:14:05-07:00,2019-10-28 13:15:42-07:00,11.809,15.0,50.0,411.0,America/Los_Angeles
caltech,2_39_88_438_2019-10-28 18:54:51.522067,2-39-88-438,CA-502,2019-10-28 11:54:52-07:00,2019-10-28 16:28:29-07:00,2019-10-28 16:09:10-07:00,19.892,20.0,50.0,74.0,America/Los_Angeles
caltech,2_39_126_20_2019-10-28 19:45:28.368454,2-39-126-20,CA-310,2019-10-28 12:45:28-07:00,2019-10-28 18:06:42-07:00,2019-10-28 14:46:22-07:00,6.649,8.0,20.0,60.0,America/Los_Angeles
caltech,2_39_79_378_2019-10-28 20:32:30.200386,2-39-79-378,CA-326,2019-10-28 13:32:30-07:00,2019-10-28 15:22:32-07:00,2019-10-28 14:52:34-07:00,1.141,0.0,0.0,0.0,America/Los_Angeles
caltech,2_39_78_363_2019-10-28 20:53:27.715024,2-39-78-363,CA-320,2019-10-28 13:53:28-07:00,2019-10-28 17:08:30-07:00,2019-10-28 13:53:34-07:00,0.6000597371565385,0.0,0.0,0.0,America/Los_Angeles
caltech,2_39_78_367_2019-10-28 21:45:37.111559,2-39-78-367,CA-494,2019-10-28 14:45:37-07:00,2019-10-28 15:25:30-07:00,2019-10-28 15:25:28-07:00,4.05,60.0,150.0,720.0,America/Los_Angeles
caltech,2_39_78_364_2019-10-28 22:04:59.816037,2-39-78-364,CA-495,2019-10-28 15:05:00-07:00,2019-10-28 15:51:23-07:00,2019-10-28 15:35:23-07:00,0.799,0.0,0.0,0.0,America/Los_Angeles
caltech,2_39_78_366_2019-10-28 22:41:41.425387,2-39-78-366,CA-323,2019-10-28 15:41:41-07:00,2019-10-28 17:21:47-07:00,2019-10-28 17:20:54-07:00,2.693,8.0,20.0,60.0,America/Los_Angeles
caltech,2_39_78_367_2019-10-28 22:43:23.974970,2-39-78-367,CA-494,2019-10-28 15:43:24-07:00,2019-10-28 15:50:16-07:00,2019-10-28 15:50:12-07:00,0.657,60.0,150.0,720.0,America/Los_Angeles
caltech,2_39_90_26_2019-10-28 22:53:29.777452,2-39-90-26,CA-316,2019-10-28 15:53:30-07:00,2019-10-28 16:16:37-07:00,2019-10-28 16:16:29-07:00,2.532,60.0,150.0,720.0,America/Los_Angeles
caltech,2_39_90_26_2019-10-28 23:55:14.016726,2-39-90-26,CA-316,2019-10-28 16:55:14-07:00,2019-10-28 18:41:42-07:00,2019-10-28 17:20:46-07:00,1.164,8.0,20.0,60.0,America/Los_Angeles
caltech,2_39_139_28_2019-10-29 01:53:55.176849,2-39-139-28,CA-303,2019-10-28 18:53:55-07:00,2019-10-28 20:34:51-07:00,2019-10-28 20:34:47-07:00,11.544,8.0,20.0,60.0,America/Los_Angeles
caltech,2_39_131_30_2019-10-29 01:59:31.573304,2-39-131-30,CA-305,2019-10-28 18:59:37-07:00,2019-10-28 20:32:29-07:00,2019-10-28 20:32:25-07:00,4.116,13.32,30.0,154.0,America/Los_Angeles
caltech,2_39_79_379_2019-10-29 02:03:31.049606,2-39-79-379,CA-327,2019-10-28 19:03:31-07:00,2019-10-28 22:01:54-07:00,2019-10-28 22:01:45-07:00,20.219,25.0,50.0,173.0,America/Los_Angeles
caltech,2_39_79_380_2019-10-29 07:04:45.817402,2-39-79-380,CA-489,2019-10-29 00:04:46-07:00,2019-10-29 04:28:32-07:00,2019-10-29 00:56:58-07:00,2.377,12.0,20.0,242.0,America/Los_Angeles
caltech,2_39_79_382_2019-10-29 14:53:14.630084,2-39-79-382,CA-491,2019-10-29 07:53:28-07:00,2019-10-29 16:38:22-07:00,2019-10-29 08:20:15-07:00,3.144,20.0,50.0,254.0,America/Los_Angeles
caltech,2_39_78_366_2019-10-29 15:17:28.149196,2-39-78-366,CA-323,2019-10-29 08:17:28-07:00,2019-10-29 17:21:20-07:00,2019-10-29 17:21:12-07:00,50.267,54.0,150.0,559.0,America/Los_Angeles
caltech,2_39_79_381_2019-10-29 15:25:35.882576,2-39-79-381,CA-490,2019-10-29 08:25:36-07:00,2019-10-29 17:13:27-07:00,2019-10-29 17:12:12-07:00,48.098,56.0,140.0,533.0,America/Los_Angeles
caltech,2_39_79_379_2019-10-29 15:27:53.688299,2-39-79-379,CA-327,2019-10-29 08:28:06-07:00,2019-10-29 16:15:42-07:00,2019-10-29 12:49:12-07:00,9.33,16.0,40.0,385.0,America/Los_Angeles
caltech,2_39_79_380_2019-10-29 15:33:46.057435,2-39-79-380,CA-489,2019-10-29 08:33:46-07:00,2019-10-29 09:47:04-07:00,2019-10-29 09:48:02-07:00,1.023,0.0,0.0,0.0,America/Los_Angeles
caltech,2_39_79_377_2019-10-29 15:34:26.430685,2-39-79-377,CA-325,2019-10-29 08:34:26-07:00,2019-10-29 17:24:59-07:00,2019-10-29 16:46:11-07:00,0.896,0.0,0.0,0.0,America/Los_Angeles
caltech,2_39_131_30_2019-10-29 15:50:58.909066,2-39-131-30,CA-305,2019-10-29 08:50:59-07:00,2019-10-29 11:55:09-07:00,2019-10-29 10:22:36-07:00,4.944,5.5,20.0,193.0,America/Los_Angeles
caltech,2_39_78_362_2019-10-29 16:00:46.450041,2-39-78-362,CA-496,2019-10-29 09:00:46-07:00,2019-10-29 18:40:48-07:00,2019-10-29 18:41:48-07:00,23.274,25.41,110.0,544.0,America/Los_Angeles
caltech,2_39_79_376_2019-10-29 16:09:21.636307,2-39-79-376,CA-324,2019-10-29 09:09:22-07:00,2019-10-29 17:56:42-07:00,2019-10-29 12:50:29-07:00,21.657,37.5,150.0,436.0,America/Los_Angeles
caltech,2_39_95_27_2019-10-29 16:14:31.254740,2-39-95-27,CA-319,2019-10-29 09:14:31-07:00,2019-10-29 17:55:02-07:00,2019-10-29 16:46:03-07:00,20.358,20.44,70.0,138.0,America/Los_Angeles
caltech,2_39_89_25_2019-10-29 16:17:01.599233,2-39-89-25,CA-315,2019-10-29 09:17:02-07:00,2019-10-29 16:15:55-07:00,2019-10-29 16:15:39-07:00,5.098,42.0,210.0,720.0,America/Los_Angeles
caltech,2_39_91_437_2019-10-29 16:23:38.365845,2-39-91-437,CA-317,2019-10-29 09:23:38-07:00,2019-10-30 19:59:52-07:00,2019-10-29 10:12:06-07:00,1.964,8.0,20.0,36.0,America/Los_Angeles
caltech,2_39_78_360_2019-10-29 16:25:24.743279,2-39-78-360,CA-322,2019-10-29 09:25:25-07:00,2019-10-29 17:50:26-07:00,2019-10-29 15:30:40-07:00,13.369,32.0,80.0,60.0,America/Los_Angeles
caltech,2_39_92_442_2019-10-29 16:26:08.184641,2-39-92-442,CA-498,2019-10-29 09:26:08-07:00,2019-10-29 14:16:36-07:00,2019-10-29 12:43:13-07:00,13.323,14.98,70.0,256.0,America/Los_Angeles
caltech,2_39_78_364_2019-10-29 16:27:34.000124,2-39-78-364,CA-495,2019-10-29 09:27:35-07:00,2019-10-29 18:08:29-07:00,2019-10-29 14:23:49-07:00,8.116,18.0,30.0,293.0,America/Los_Angeles
caltech,2_39_90_440_2019-10-29 16:32:49.514152,2-39-90-440,CA-500,2019-10-29 09:32:49-07:00,2019-10-29 17:23:37-07:00,2019-10-29 11:17:23-07:00,3.779,8.0,20.0,446.0,America/Los_Angeles
caltech,2_39_90_26_2019-10-29 16:36:38.298250,2-39-90-26,CA-316,2019-10-29 09:36:38-07:00,2019-10-29 14:47:30-07:00,2019-10-29 13:11:51-07:00,7.707,40.0,100.0,361.0,America/Los_Angeles
caltech,2_39_123_23_2019-10-29 16:51:26.335180,2-39-123-23,CA-313,2019-10-29 09:51:26-07:00,2019-10-29 11:30:29-07:00,2019-10-29 10:34:35-07:00,3.588,12.0,30.0,99.0,America/Los_Angeles
caltech,2_39_95_444_2019-10-29 16:53:01.567194,2-39-95-444,CA-497,2019-10-29 09:53:02-07:00,2019-10-29 20:31:57-07:00,2019-10-29 13:30:09-07:00,12.69,24.0,60.0,443.0,America/Los_Angeles
caltech,2_39_129_17_2019-10-29 16:59:21.050895,2-39-129-17,CA-307,2019-10-29 09:59:21-07:00,2019-10-29 16:04:55-07:00,2019-10-29 11:09:09-07:00,6.434,20.0,50.0,366.0,America/Los_Angeles
caltech,2_39_78_361_2019-10-29 17:01:43.450282,2-39-78-361,CA-493,2019-10-29 10:01:43-07:00,2019-10-29 10:19:37-07:00,2019-10-29 10:19:34-07:00,0.845,8.0,20.0,60.0,America/Los_Angeles
caltech,2_39_78_363_2019-10-29 17:05:24.884530,2-39-78-363,CA-320,2019-10-29 10:05:25-07:00,2019-10-29 12:18:20-07:00,2019-10-29 12:18:16-07:00,4.666,12.0,30.0,148.0,America/Los_Angeles
caltech,2_39_91_441_2019-10-29 17:10:30.473200,2-39-91-441,CA-499,2019-10-29 10:10:30-07:00,2019-10-29 11:22:10-07:00,2019-10-29 11:22:05-07:00,4.189,13.32,40.0,162.0,America/Los_Angeles
caltech,2_39_88_438_2019-10-29 17:14:06.268915,2-39-88-438,CA-502,2019-10-29 10:14:06-07:00,2019-10-29 17:57:01-07:00,2019-10-29 16:17:57-07:00,11.907,12.0,30.0,422.0,America/Los_Angeles
caltech,2_39_78_367_2019-10-29 17:22:32.086306,2-39-78-367,CA-494,2019-10-29 10:22:32-07:00,2019-10-30 18:57:20-07:00,2019-10-29 10:21:33-07:00,6.316209677416327,14.6,50.0,400.0,America/Los_Angeles
caltech,2_39_78_361_2019-10-29 17:37:08.491011,2-39-78-361,CA-493,2019-10-29 10:37:08-07:00,2019-10-29 15:18:01-07:00,2019-10-29 14:51:49-07:00,1.002,0.0,0.0,0.0,America/Los_Angeles
caltech,2_39_124_22_2019-10-29 17:38:40.693889,2-39-124-22,CA-312,2019-10-29 10:38:41-07:00,2019-10-29 16:15:17-07:00,2019-10-29 12:31:22-07:00,5.864,8.5,20.0,714.0,America/Los_Angeles
caltech,2_39_92_436_2019-10-29 17:47:24.514403,2-39-92-436,CA-318,2019-10-29 10:47:25-07:00,2019-10-29 17:06:38-07:00,2019-10-29 14:11:31-07:00,21.301,26.28,90.0,400.0,America/Los_Angeles
caltech,2_39_91_441_2019-10-29 19:36:58.318886,2-39-91-441,CA-499,2019-10-29 12:36:58-07:00,2019-10-29 14:19:18-07:00,2019-10-29 14:19:13-07:00,10.129,24.0,60.0,316.0,America/Los_Angeles
caltech,2_39_123_23_2019-10-29 19:49:17.906489,2-39-123-23,CA-313,2019-10-29 12:49:18-07:00,2019-10-29 19:57:04-07:00,2019-10-29 16:02:47-07:00,4.038,8.0,20.0,262.0,America/Los_Angeles
caltech,2_39_78_363_2019-10-29 20:03:31.515149,2-39-78-363,CA-320,2019-10-29 13:03:32-07:00,2019-10-29 17:48:49-07:00,2019-10-29 15:14:59-07:00,6.715,8.0,20.0,60.0,America/Los_Angeles
caltech,2_39_88_24_2019-10-29 20:03:44.089305,2-39-88-24,CA-314,2019-10-29 13:03:44-07:00,2019-10-29 18:14:16-07:00,2019-10-29 13:31:27-07:00,1.415,2.75,10.0,253.0,America/Los_Angeles
caltech,2_39_123_557_2019-10-29 20:13:13.225837,2-39-123-557,CA-503,2019-10-29 13:13:13-07:00,2019-10-29 13:46:31-07:00,2019-10-29 13:47:29-07:00,0.913,0.0,0.0,0.0,America/Los_Angeles
caltech,2_39_78_365_2019-10-29 20:40:59.913961,2-39-78-365,CA-321,2019-10-29 13:41:00-07:00,2019-10-29 15:53:07-07:00,2019-10-29 15:51:57-07:00,0.865,0.0,0.0,0.0,America/Los_Angeles
caltech,2_39_123_557_2019-10-29 20:46:40.593167,2-39-123-557,CA-503,2019-10-29 13:46:41-07:00,2019-10-29 14:17:28-07:00,2019-10-29 14:18:26-07:00,0.889,0.0,0.0,0.0,America/Los_Angeles
caltech,2_39_91_441_2019-10-29 22:09:40.273206,2-39-91-441,CA-499,2019-10-29 15:09:40-07:00,2019-10-29 17:47:12-07:00,2019-10-29 16:52:04-07:00,10.534,36.54,140.0,458.0,America/Los_Angeles
caltech,2_39_123_557_2019-10-29 22:24:22.341336,2-39-123-557,CA-503,2019-10-29 15:24:38-07:00,2019-10-29 17:43:33-07:00,2019-10-29 17:20:49-07:00,5.736,6.66,20.0,282.0,America/Los_Angeles
caltech,2_39_78_361_2019-10-29 22:31:49.240885,2-39-78-361,CA-493,2019-10-29 15:31:49-07:00,2019-10-29 18:51:02-07:00,2019-10-29 18:41:31-07:00,0.977,0.0,0.0,0.0,America/Los_Angeles
caltech,2_39_128_562_2019-10-29 22:52:22.385118,2-39-128-562,CA-508,2019-10-29 15:52:22-07:00,2019-10-29 17:57:37-07:00,2019-10-29 17:46:54-07:00,11.528,20.0,50.0,191.0,America/Los_Angeles
caltech,2_39_79_382_2019-10-29 23:56:59.094363,2-39-79-382,CA-491,2019-10-29 16:57:17-07:00,2019-10-29 19:03:19-07:00,2019-10-29 19:03:15-07:00,7.128,7.5,20.0,399.0,America/Los_Angeles
caltech,2_39_129_17_2019-10-29 23:59:17.877206,2-39-129-17,CA-307,2019-10-29 16:59:18-07:00,2019-10-29 18:46:37-07:00,2019-10-29 18:39:23-07:00,5.395,8.0,20.0,60.0,America/Los_Angeles
caltech,2_39_125_21_2019-10-30 00:05:59.845921,2-39-125-21,CA-311,2019-10-29 17:06:00-07:00,2019-10-30 19:52:41-07:00,2019-10-29 20:49:09-07:00,11.691,15.2,38.0,173.0,America/Los_Angeles
caltech,2_39_128_18_2019-10-30 00:24:18.660946,2-39-128-18,CA-308,2019-10-29 17:24:19-07:00,2019-10-29 18:39:46-07:00,2019-10-29 18:39:42-07:00,4.26,9.99,30.0,104.0,America/Los_Angeles
caltech,2_39_138_29_2019-10-30 00:45:17.920487,2-39-138-29,CA-304,2019-10-29 17:45:18-07:00,2019-10-29 22:30:52-07:00,2019-10-29 22:26:16-07:00,16.303,36.0,60.0,315.0,America/Los_Angeles
caltech,2_39_131_30_2019-10-30 00:53:17.691081,2-39-131-30,CA-305,2019-10-29 17:53:18-07:00,2019-10-29 20:00:39-07:00,2019-10-29 20:00:34-07:00,14.363,28.0,70.0,226.0,America/Los_Angeles
caltech,2_39_139_28_2019-10-30 01:50:32.929479,2-39-139-28,CA-303,2019-10-29 18:50:33-07:00,2019-10-29 20:33:48-07:00,2019-10-29 20:33:44-07:00,11.898,20.0,50.0,307.0,America/Los_Angeles
caltech,2_39_130_31_2019-10-30 01:54:45.448183,2-39-130-31,CA-306,2019-10-29 18:54:45-07:00,2019-10-29 21:47:42-07:00,2019-10-29 19:25:18-07:00,0.868,0.0,0.0,0.0,America/Los_Angeles
caltech,2_39_79_378_2019-10-30 02:28:36.301776,2-39-79-378,CA-326,2019-10-29 19:28:36-07:00,2019-10-29 21:08:02-07:00,2019-10-29 20:55:05-07:00,4.317,6.66,20.0,720.0,America/Los_Angeles
caltech,2_39_131_30_2019-10-30 03:21:11.795131,2-39-131-30,CA-305,2019-10-29 20:21:12-07:00,2019-10-29 21:43:26-07:00,2019-10-29 21:29:10-07:00,6.716,22.5,90.0,115.0,America/Los_Angeles
caltech,2_39_78_366_2019-10-30 15:11:14.284021,2-39-78-366,CA-323,2019-10-30 08:11:14-07:00,2019-10-30 16:52:15-07:00,2019-10-30 09:32:51-07:00,5.762,14.4,40.0,559.0,America/Los_Angeles
caltech,2_39_139_28_2019-10-30 15:28:38.250442,2-39-139-28,CA-303,2019-10-30 08:28:38-07:00,2019-10-30 17:15:47-07:00,2019-10-30 08:55:18-07:00,0.933,12.0,20.0,242.0,America/Los_Angeles
caltech,2_39_79_380_2019-10-30 15:31:27.850092,2-39-79-380,CA-489,2019-10-30 08:31:28-07:00,2019-10-30 14:19:35-07:00,2019-10-30 14:20:32-07:00,1.048,0.0,0.0,0.0,America/Los_Angeles
caltech,2_39_78_365_2019-10-30 15:38:38.313940,2-39-78-365,CA-321,2019-10-30 08:38:38-07:00,2019-10-30 17:19:00-07:00,2019-10-30 14:19:26-07:00,0.925,0.0,0.0,0.0,America/Los_Angeles
caltech,2_39_79_379_2019-10-30 15:38:57.760438,2-39-79-379,CA-327,2019-10-30 08:38:58-07:00,2019-10-30 17:22:25-07:00,2019-10-30 09:02:47-07:00,1.488,8.0,20.0,60.0,America/Los_Angeles
caltech,2_39_131_30_2019-10-30 15:42:30.603972,2-39-131-30,CA-305,2019-10-30 08:42:31-07:00,2019-10-30 12:11:38-07:00,2019-10-30 10:12:29-07:00,4.827,8.0,20.0,177.0,America/Los_Angeles
caltech,2_39_130_31_2019-10-30 15:42:58.254192,2-39-130-31,CA-306,2019-10-30 08:42:58-07:00,2019-10-30 18:52:09-07:00,2019-10-30 11:06:01-07:00,8.301,16.0,40.0,228.0,America/Los_Angeles
caltech,2_39_78_363_2019-10-30 15:46:13.003999,2-39-78-363,CA-320,2019-10-30 08:46:13-07:00,2019-10-30 09:05:26-07:00,2019-10-30 09:05:24-07:00,2.131,32.0,80.0,60.0,America/Los_Angeles
caltech,2_39_89_25_2019-10-30 16:05:55.340756,2-39-89-25,CA-315,2019-10-30 09:05:55-07:00,2019-10-30 17:26:12-07:00,2019-10-30 10:32:40-07:00,4.077,8.0,20.0,446.0,America/Los_Angeles
caltech,2_39_127_19_2019-10-30 16:11:15.209252,2-39-127-19,CA-309,2019-10-30 09:11:15-07:00,2019-10-30 19:12:21-07:00,2019-10-30 10:21:47-07:00,3.92,8.0,20.0,262.0,America/Los_Angeles
caltech,2_39_79_381_2019-10-30 16:30:24.843730,2-39-79-381,CA-490,2019-10-30 09:30:36-07:00,2019-10-30 16:59:15-07:00,2019-10-30 16:59:10-07:00,46.645,60.0,250.0,576.0,America/Los_Angeles
caltech,2_39_79_382_2019-10-30 16:35:07.799957,2-39-79-382,CA-491,2019-10-30 09:35:08-07:00,2019-10-30 19:12:47-07:00,2019-10-30 15:29:03-07:00,16.625,8.0,20.0,229.0,America/Los_Angeles
caltech,2_39_95_27_2019-10-30 16:37:11.264256,2-39-95-27,CA-319,2019-10-30 09:37:11-07:00,2019-10-30 17:20:57-07:00,2019-10-30 17:14:14-07:00,7.929,8.0,20.0,60.0,America/Los_Angeles
caltech,2_39_78_363_2019-10-30 16:41:49.397857,2-39-78-363,CA-320,2019-10-30 09:41:49-07:00,2019-10-30 19:58:45-07:00,2019-10-30 14:37:30-07:00,14.829,24.0,60.0,443.0,America/Los_Angeles
caltech,2_39_79_378_2019-10-30 16:58:26.052842,2-39-79-378,CA-326,2019-10-30 09:58:26-07:00,2019-10-30 18:53:19-07:00,2019-10-30 12:12:29-07:00,5.04,15.0,50.0,298.0,America/Los_Angeles
caltech,2_39_78_362_2019-10-30 17:17:57.317278,2-39-78-362,CA-496,2019-10-30 10:17:57-07:00,2019-10-30 17:57:20-07:00,2019-10-30 17:58:20-07:00,10.857,12.0,30.0,422.0,America/Los_Angeles
caltech,2_39_88_24_2019-10-30 17:31:41.332391,2-39-88-24,CA-314,2019-10-30 10:31:41-07:00,2019-10-30 21:47:35-07:00,2019-10-30 11:21:12-07:00,1.569,8.0,20.0,121.0,America/Los_Angeles
caltech,2_39_92_442_2019-10-30 17:38:50.169395,2-39-92-442,CA-498,2019-10-30 10:38:50-07:00,2019-10-30 17:06:56-07:00,2019-10-30 16:44:59-07:00,8.424,8.5,20.0,714.0,America/Los_Angeles
caltech,2_39_90_440_2019-10-30 17:56:22.555889,2-39-90-440,CA-500,2019-10-30 10:56:23-07:00,2019-10-30 22:30:20-07:00,2019-10-30 12:55:15-07:00,6.117,8.0,20.0,72.0,America/Los_Angeles
caltech,2_39_123_23_2019-10-30 18:34:29.602184,2-39-123-23,CA-313,2019-10-30 11:34:30-07:00,2019-10-30 17:44:47-07:00,2019-10-30 12:36:58-07:00,3.118,8.0,20.0,60.0,America/Los_Angeles
caltech,2_39_89_439_2019-10-30 18:49:31.710965,2-39-89-439,CA-501,2019-10-30 11:49:32-07:00,2019-10-30 14:56:00-07:00,2019-10-30 14:55:51-07:00,20.749,64.0,160.0,60.0,America/Los_Angeles
caltech,2_39_78_364_2019-10-30 19:07:09.255698,2-39-78-364,CA-495,2019-10-30 12:07:09-07:00,2019-10-30 16:56:17-07:00,2019-10-30 12:38:30-07:00,0.935,0.0,0.0,0.0,America/Los_Angeles
caltech,2_39_90_26_2019-10-30 19:47:53.448062,2-39-90-26,CA-316,2019-10-30 12:47:53-07:00,2019-10-31 00:30:43-07:00,2019-10-30 13:50:25-07:00,2.086,16.0,40.0,291.0,America/Los_Angeles
caltech,2_39_92_436_2019-10-30 20:02:42.043641,2-39-92-436,CA-318,2019-10-30 13:02:42-07:00,2019-10-30 19:15:18-07:00,2019-10-30 13:21:41-07:00,0.923,3.5,10.0,177.0,America/Los_Angeles
caltech,2_39_79_383_2019-10-30 20:06:30.114754,2-39-79-383,CA-492,2019-10-30 13:06:30-07:00,2019-10-30 16:33:03-07:00,2019-10-30 16:32:59-07:00,19.355,24.0,60.0,239.0,America/Los_Angeles
caltech,2_39_78_360_2019-10-30 20:26:53.759891,2-39-78-360,CA-322,2019-10-30 13:26:54-07:00,2019-10-30 18:31:53-07:00,2019-10-30 15:29:26-07:00,6.556,8.0,20.0,60.0,America/Los_Angeles
caltech,2_39_91_441_2019-10-30 20:36:40.597400,2-39-91-441,CA-499,2019-10-30 13:36:41-07:00,2019-10-30 17:28:47-07:00,2019-10-30 16:44:03-07:00,0.951,0.0,0.0,0.0,America/Los_Angeles
caltech,2_39_123_557_2019-10-30 20:44:28.592223,2-39-123-557,CA-503,2019-10-30 13:44:29-07:00,2019-10-30 16:12:43-07:00,2019-10-30 15:49:43-07:00,13.245,20.0,50.0,366.0,America/Los_Angeles
caltech,2_39_95_444_2019-10-30 20:49:08.831751,2-39-95-444,CA-497,2019-10-30 13:49:09-07:00,2019-10-30 18:30:07-07:00,2019-10-30 16:45:14-07:00,0.773,0.0,0.0,0.0,America/Los_Angeles
caltech,2_39_79_380_2019-10-30 21:20:04.663768,2-39-79-380,CA-489,2019-10-30 14:20:05-07:00,2019-10-30 14:46:53-07:00,2019-10-30 14:46:48-07:00,0.829,4.0,10.0,56.0,America/Los_Angeles
caltech,2_39_79_377_2019-10-31 00:05:07.348779,2-39-79-377,CA-325,2019-10-30 17:05:07-07:00,2019-10-31 07:07:26-07:00,2019-10-30 21:48:58-07:00,15.828,12.0,20.0,315.0,America/Los_Angeles
caltech,2_39_139_28_2019-10-31 01:28:48.255872,2-39-139-28,CA-303,2019-10-30 18:28:48-07:00,2019-10-30 20:31:53-07:00,2019-10-30 20:31:05-07:00,7.596,15.0,50.0,156.0,America/Los_Angeles
caltech,2_39_124_22_2019-10-31 01:44:11.312676,2-39-124-22,CA-312,2019-10-30 18:44:26-07:00,2019-10-30 20:31:18-07:00,2019-10-30 20:31:14-07:00,11.165,28.0,70.0,97.0,America/Los_Angeles
caltech,2_39_130_31_2019-10-31 02:00:12.568993,2-39-130-31,CA-306,2019-10-30 19:00:45-07:00,2019-10-30 20:52:04-07:00,2019-10-30 20:01:10-07:00,4.825,13.32,30.0,154.0,America/Los_Angeles
caltech,2_39_131_30_2019-10-31 03:16:20.370622,2-39-131-30,CA-305,2019-10-30 20:16:20-07:00,2019-10-31 06:36:37-07:00,2019-10-31 02:58:37-07:00,44.804,45.0,180.0,678.0,America/Los_Angeles
caltech,2_39_79_383_2019-10-31 15:04:53.987631,2-39-79-383,CA-492,2019-10-31 08:04:54-07:00,2019-10-31 17:22:31-07:00,2019-10-31 14:57:45-07:00,18.977,20.44,70.0,400.0,America/Los_Angeles
caltech,2_39_139_28_2019-10-31 15:20:52.663685,2-39-139-28,CA-303,2019-10-31 08:20:53-07:00,2019-10-31 11:55:19-07:00,2019-10-31 09:46:39-07:00,4.617,7.0,20.0,212.0,America/Los_Angeles
caltech,2_39_131_30_2019-10-31 15:21:53.850924,2-39-131-30,CA-305,2019-10-31 08:21:54-07:00,2019-10-31 16:12:25-07:00,2019-10-31 09:45:26-07:00,4.695,16.0,40.0,228.0,America/Los_Angeles
caltech,2_39_79_379_2019-10-31 15:49:31.552614,2-39-79-379,CA-327,2019-10-31 08:49:32-07:00,2019-10-31 16:35:18-07:00,2019-10-31 09:28:36-07:00,2.322,8.0,20.0,60.0,America/Los_Angeles
caltech,2_39_79_376_2019-10-31 16:15:44.469320,2-39-79-376,CA-324,2019-10-31 09:15:44-07:00,2019-10-31 18:24:47-07:00,2019-10-31 16:17:21-07:00,29.105,37.5,150.0,436.0,America/Los_Angeles
caltech,2_39_89_25_2019-10-31 16:16:01.673135,2-39-89-25,CA-315,2019-10-31 09:16:02-07:00,2019-10-31 20:46:06-07:00,2019-10-31 09:47:25-07:00,1.239,8.0,20.0,521.0,America/Los_Angeles
caltech,2_39_79_380_2019-10-31 16:20:58.264303,2-39-79-380,CA-489,2019-10-31 09:20:58-07:00,2019-10-31 14:14:38-07:00,2019-10-31 10:56:12-07:00,0.827,0.0,0.0,0.0,America/Los_Angeles
caltech,2_39_78_366_2019-10-31 16:22:08.511100,2-39-78-366,CA-323,2019-10-31 09:22:08-07:00,2019-10-31 17:59:00-07:00,2019-10-31 10:55:00-07:00,10.205,40.0,100.0,419.0,America/Los_Angeles
caltech,2_39_92_436_2019-10-31 16:27:44.074981,2-39-92-436,CA-318,2019-10-31 09:27:44-07:00,2019-10-31 16:12:35-07:00,2019-10-31 10:09:34-07:00,1.76,8.0,20.0,36.0,America/Los_Angeles
caltech,2_39_123_23_2019-10-31 16:37:20.875443,2-39-123-23,CA-313,2019-10-31 09:37:21-07:00,2019-10-31 16:39:42-07:00,2019-10-31 12:49:26-07:00,11.317,16.0,40.0,433.0,America/Los_Angeles
caltech,2_39_79_382_2019-10-31 16:47:12.136432,2-39-79-382,CA-491,2019-10-31 09:47:12-07:00,2019-10-31 19:58:30-07:00,2019-10-31 19:58:24-07:00,8.365,20.0,50.0,431.0,America/Los_Angeles
caltech,2_39_78_365_2019-10-31 16:57:22.877336,2-39-78-365,CA-321,2019-10-31 09:57:23-07:00,2019-10-31 16:37:05-07:00,2019-10-31 12:45:06-07:00,11.421,12.0,30.0,428.0,America/Los_Angeles
caltech,2_39_88_24_2019-10-31 18:07:24.942981,2-39-88-24,CA-314,2019-10-31 11:07:25-07:00,2019-10-31 18:52:29-07:00,2019-10-31 16:03:06-07:00,30.123,40.0,200.0,466.0,America/Los_Angeles
caltech,2_39_91_437_2019-10-31 19:08:33.857653,2-39-91-437,CA-317,2019-10-31 12:08:34-07:00,2019-10-31 22:31:15-07:00,2019-10-31 13:13:50-07:00,2.202,16.0,40.0,291.0,America/Los_Angeles
caltech,2_39_95_27_2019-10-31 19:40:33.840517,2-39-95-27,CA-319,2019-10-31 12:40:34-07:00,2019-10-31 17:12:32-07:00,2019-10-31 13:46:14-07:00,3.27,8.0,20.0,60.0,America/Los_Angeles
caltech,2_39_78_360_2019-10-31 19:55:37.539295,2-39-78-360,CA-322,2019-10-31 12:55:38-07:00,2019-10-31 18:23:38-07:00,2019-10-31 17:06:29-07:00,1.548,3.5,10.0,212.0,America/Los_Angeles
caltech,2_39_79_377_2019-10-31 20:28:45.387434,2-39-79-377,CA-325,2019-10-31 13:28:45-07:00,2019-10-31 18:01:54-07:00,2019-10-31 15:21:07-07:00,5.494,8.0,20.0,523.0,America/Los_Angeles
caltech,2_39_78_361_2019-10-31 20:38:26.979373,2-39-78-361,CA-493,2019-10-31 13:38:27-07:00,2019-10-31 13:56:41-07:00,2019-10-31 13:56:33-07:00,1.047,8.0,20.0,473.0,America/Los_Angeles
caltech,2_39_78_361_2019-10-31 21:14:03.487052,2-39-78-361,CA-493,2019-10-31 14:14:03-07:00,2019-10-31 15:54:17-07:00,2019-10-31 15:43:34-07:00,0.963,0.0,0.0,0.0,America/Los_Angeles
caltech,2_39_131_30_2019-11-01 00:33:59.251263,2-39-131-30,CA-305,2019-10-31 17:33:59-07:00,2019-10-31 19:23:56-07:00,2019-10-31 18:23:46-07:00,3.914,13.32,30.0,154.0,America/Los_Angeles
caltech,2_39_95_27_2019-11-01 01:12:14.619308,2-39-95-27,CA-319,2019-10-31 18:12:15-07:00,2019-10-31 22:29:26-07:00,2019-10-31 22:29:22-07:00,15.169,20.0,50.0,269.0,America/Los_Angeles
caltech,2_39_139_28_2019-11-01 03:21:10.506402,2-39-139-28,CA-303,2019-10-31 20:21:10-07:00,2019-10-31 21:35:15-07:00,2019-10-31 21:35:11-07:00,8.359,30.0,80.0,115.0,America/Los_Angeles
caltech,2_39_89_25_2019-11-01 14:11:13.813067,2-39-89-25,CA-315,2019-11-01 07:11:14-07:00,2019-11-01 08:27:06-07:00,2019-11-01 08:27:01-07:00,4.279,8.0,20.0,30.0,America/Los_Angeles
caltech,2_39_90_26_2019-11-01 14:43:04.819121,2-39-90-26,CA-316,2019-11-01 07:43:05-07:00,2019-11-01 16:36:35-07:00,2019-11-01 11:24:36-07:00,11.769,16.0,40.0,60.0,America/Los_Angeles
caltech,2_39_139_28_2019-11-01 14:52:02.094336,2-39-139-28,CA-303,2019-11-01 07:52:02-07:00,2019-11-01 13:54:46-07:00,2019-11-01 12:52:10-07:00,0.889,0.0,0.0,0.0,America/Los_Angeles
caltech,2_39_78_366_2019-11-01 15:24:51.692724,2-39-78-366,CA-323,2019-11-01 08:24:52-07:00,2019-11-01 12:19:15-07:00,2019-11-01 12:19:10-07:00,13.43,21.6,60.0,559.0,America/Los_Angeles
caltech,2_39_79_383_2019-11-01 15:59:04.798455,2-39-79-383,CA-492,2019-11-01 08:59:05-07:00,2019-11-01 16:07:37-07:00,2019-11-01 12:39:17-07:00,12.001,20.44,70.0,400.0,America/Los_Angeles
caltech,2_39_78_365_2019-11-01 16:00:51.236327,2-39-78-365,CA-321,2019-11-01 09:00:51-07:00,2019-11-01 18:09:53-07:00,2019-11-01 09:48:17-07:00,2.115,8.0,20.0,36.0,America/Los_Angeles
caltech,2_39_78_363_2019-11-01 16:04:49.379288,2-39-78-363,CA-320,2019-11-01 09:04:49-07:00,2019-11-01 18:37:09-07:00,2019-11-01 18:16:05-07:00,31.883,32.0,80.0,631.0,America/Los_Angeles
caltech,2_39_131_30_2019-11-01 16:13:35.176206,2-39-131-30,CA-305,2019-11-01 09:13:35-07:00,2019-11-01 20:39:12-07:00,2019-11-01 11:53:42-07:00,8.995,16.0,40.0,332.0,America/Los_Angeles
caltech,2_39_79_379_2019-11-01 16:27:13.890255,2-39-79-379,CA-327,2019-11-01 09:27:14-07:00,2019-11-01 18:42:23-07:00,2019-11-01 10:23:57-07:00,5.012,12.0,30.0,431.0,America/Los_Angeles
caltech,2_39_79_376_2019-11-01 16:30:13.348168,2-39-79-376,CA-324,2019-11-01 09:30:13-07:00,2019-11-01 19:44:03-07:00,2019-11-01 11:24:54-07:00,2.991,0.0,0.0,0.0,America/Los_Angeles
caltech,2_39_79_380_2019-11-01 16:30:36.940183,2-39-79-380,CA-489,2019-11-01 09:30:37-07:00,2019-11-01 17:58:50-07:00,2019-11-01 12:06:20-07:00,6.914,14.6,50.0,459.0,America/Los_Angeles
caltech,2_39_123_23_2019-11-01 16:45:12.535777,2-39-123-23,CA-313,2019-11-01 09:45:13-07:00,2019-11-01 12:01:14-07:00,2019-11-01 11:58:59-07:00,6.514,12.0,30.0,137.0,America/Los_Angeles
caltech,2_39_91_441_2019-11-01 16:46:05.730584,2-39-91-441,CA-499,2019-11-01 09:46:06-07:00,2019-11-01 14:04:13-07:00,2019-11-01 14:04:08-07:00,26.94,28.14,60.0,257.0,America/Los_Angeles
caltech,2_39_89_25_2019-11-01 16:55:29.445348,2-39-89-25,CA-315,2019-11-01 09:55:29-07:00,2019-11-01 19:49:06-07:00,2019-11-01 11:02:28-07:00,2.155,8.0,20.0,121.0,America/Los_Angeles
caltech,2_39_78_362_2019-11-01 16:56:13.850038,2-39-78-362,CA-496,2019-11-01 09:56:32-07:00,2019-11-01 18:06:24-07:00,2019-11-01 18:07:22-07:00,33.006,64.0,160.0,60.0,America/Los_Angeles
caltech,2_39_88_24_2019-11-01 16:57:41.396332,2-39-88-24,CA-314,2019-11-01 09:57:55-07:00,2019-11-01 17:21:00-07:00,2019-11-01 12:04:52-07:00,13.515,16.0,40.0,427.0,America/Los_Angeles
caltech,2_39_79_377_2019-11-01 17:07:33.843356,2-39-79-377,CA-325,2019-11-01 10:07:34-07:00,2019-11-01 18:03:19-07:00,2019-11-01 13:34:58-07:00,9.117,12.0,30.0,422.0,America/Los_Angeles
caltech,2_39_92_436_2019-11-01 17:07:51.529220,2-39-92-436,CA-318,2019-11-01 10:07:52-07:00,2019-11-01 11:53:24-07:00,2019-11-01 11:53:20-07:00,11.595,80.0,200.0,213.0,America/Los_Angeles
caltech,2_39_79_378_2019-11-01 17:18:54.011879,2-39-79-378,CA-326,2019-11-01 10:18:54-07:00,2019-11-01 16:40:06-07:00,2019-11-01 11:06:42-07:00,2.748,8.0,20.0,60.0,America/Los_Angeles
caltech,2_39_79_382_2019-11-01 17:26:04.293087,2-39-79-382,CA-491,2019-11-01 10:26:04-07:00,2019-11-01 18:20:51-07:00,2019-11-01 12:54:49-07:00,7.875,8.0,20.0,60.0,America/Los_Angeles
caltech,2_39_89_439_2019-11-01 17:32:07.706245,2-39-89-439,CA-501,2019-11-01 10:32:08-07:00,2019-11-01 17:12:19-07:00,2019-11-01 12:13:04-07:00,5.03,8.0,20.0,365.0,America/Los_Angeles
caltech,2_39_95_444_2019-11-01 17:34:05.642660,2-39-95-444,CA-497,2019-11-01 10:34:06-07:00,2019-11-01 14:54:38-07:00,2019-11-01 12:38:20-07:00,8.377,8.5,20.0,714.0,America/Los_Angeles
caltech,2_39_78_360_2019-11-01 18:11:18.415605,2-39-78-360,CA-322,2019-11-01 11:11:18-07:00,2019-11-01 19:55:36-07:00,2019-11-01 18:16:41-07:00,14.101,24.0,60.0,443.0,America/Los_Angeles
caltech,2_39_78_367_2019-11-01 18:30:33.896233,2-39-78-367,CA-494,2019-11-01 11:30:34-07:00,2019-11-01 15:15:42-07:00,2019-11-01 15:15:39-07:00,6.962,15.0,40.0,378.0,America/Los_Angeles
caltech,2_39_78_361_2019-11-01 18:55:23.831102,2-39-78-361,CA-493,2019-11-01 11:55:24-07:00,2019-11-01 12:33:16-07:00,2019-11-01 12:33:12-07:00,2.394,36.0,90.0,311.0,America/Los_Angeles
caltech,2_39_123_23_2019-11-01 19:10:29.559896,2-39-123-23,CA-313,2019-11-01 12:10:30-07:00,2019-11-01 22:12:26-07:00,2019-11-01 13:15:26-07:00,2.16,16.0,40.0,291.0,America/Los_Angeles
caltech,2_39_78_366_2019-11-01 19:38:12.363403,2-39-78-366,CA-323,2019-11-01 12:44:41-07:00,2019-11-01 16:22:16-07:00,2019-11-01 15:20:49-07:00,6.756,8.0,20.0,60.0,America/Los_Angeles
caltech,2_39_78_361_2019-11-01 19:50:43.435686,2-39-78-361,CA-493,2019-11-01 12:50:43-07:00,2019-11-01 17:06:10-07:00,2019-11-01 16:47:56-07:00,0.878,0.0,0.0,0.0,America/Los_Angeles
caltech,2_39_91_437_2019-11-01 20:18:18.484074,2-39-91-437,CA-317,2019-11-01 13:18:18-07:00,2019-11-01 16:42:19-07:00,2019-11-01 16:42:14-07:00,11.718,20.0,50.0,60.0,America/Los_Angeles
caltech,2_39_138_29_2019-11-01 20:36:46.971219,2-39-138-29,CA-304,2019-11-01 13:36:47-07:00,2019-11-01 18:43:38-07:00,2019-11-01 14:49:25-07:00,3.905,8.0,20.0,523.0,America/Los_Angeles
caltech,2_39_78_364_2019-11-01 20:56:34.439460,2-39-78-364,CA-495,2019-11-01 13:56:34-07:00,2019-11-01 14:19:59-07:00,2019-11-01 14:19:56-07:00,0.625,0.0,0.0,0.0,America/Los_Angeles
caltech,2_39_129_17_2019-11-01 21:26:08.528724,2-39-129-17,CA-307,2019-11-01 14:26:09-07:00,2019-11-01 15:12:46-07:00,2019-11-01 15:12:38-07:00,5.351,28.0,70.0,226.0,America/Los_Angeles
caltech,2_39_91_441_2019-11-01 21:31:04.549755,2-39-91-441,CA-499,2019-11-01 14:31:05-07:00,2019-11-01 18:01:32-07:00,2019-11-01 17:14:48-07:00,18.338808888888888,32.0,80.0,325.0,America/Los_Angeles
caltech,2_39_92_436_2019-11-01 21:31:09.861626,2-39-92-436,CA-318,2019-11-01 14:31:10-07:00,2019-11-01 18:25:23-07:00,2019-11-01 16:06:35-07:00,10.479,40.0,200.0,466.0,America/Los_Angeles
caltech,2_39_78_364_2019-11-01 21:33:09.830097,2-39-78-364,CA-495,2019-11-01 14:33:10-07:00,2019-11-01 18:40:49-07:00,2019-11-01 16:05:53-07:00,3.892,4.0,10.0,56.0,America/Los_Angeles
caltech,2_39_90_26_2019-11-01 23:39:48.329283,2-39-90-26,CA-316,2019-11-01 16:39:48-07:00,2019-11-01 21:42:31-07:00,2019-11-01 19:36:00-07:00,17.85,28.0,70.0,286.0,America/Los_Angeles
caltech,2_39_129_17_2019-11-02 01:21:08.416479,2-39-129-17,CA-307,2019-11-01 18:21:08-07:00,2019-11-02 17:50:05-07:00,2019-11-02 00:15:00-07:00,39.19,50.0,250.0,460.0,America/Los_Angeles
caltech,2_39_91_437_2019-11-02 01:48:28.569654,2-39-91-437,CA-317,2019-11-01 18:48:29-07:00,2019-11-01 20:52:09-07:00,2019-11-01 20:52:06-07:00,7.262,8.0,20.0,60.0,America/Los_Angeles
caltech,2_39_139_28_2019-11-02 02:35:18.674274,2-39-139-28,CA-303,2019-11-01 19:35:19-07:00,2019-11-01 23:53:49-07:00,2019-11-01 23:33:35-07:00,23.139,40.0,100.0,216.0,America/Los_Angeles
caltech,2_39_130_31_2019-11-02 02:40:18.380555,2-39-130-31,CA-306,2019-11-01 19:40:18-07:00,2019-11-01 20:53:01-07:00,2019-11-01 20:10:58-07:00,0.891,0.0,0.0,0.0,America/Los_Angeles
caltech,2_39_79_381_2019-11-02 15:39:48.908914,2-39-79-381,CA-490,2019-11-02 08:39:59-07:00,2019-11-02 15:04:53-07:00,2019-11-02 15:04:51-07:00,11.711,60.0,250.0,576.0,America/Los_Angeles
caltech,2_39_139_28_2019-11-02 16:27:07.596338,2-39-139-28,CA-303,2019-11-02 09:27:08-07:00,2019-11-02 11:00:43-07:00,2019-11-02 09:57:36-07:00,0.846,0.0,0.0,0.0,America/Los_Angeles
caltech,2_39_89_25_2019-11-02 16:54:06.277376,2-39-89-25,CA-315,2019-11-02 09:54:06-07:00,2019-11-02 11:14:38-07:00,2019-11-02 11:14:33-07:00,4.029,8.0,20.0,50.0,America/Los_Angeles
caltech,2_39_138_566_2019-11-02 17:13:10.946143,2-39-138-566,CA-512,2019-11-02 10:13:11-07:00,2019-11-02 13:06:46-07:00,2019-11-02 10:43:31-07:00,0.881,0.0,0.0,0.0,America/Los_Angeles
caltech,2_39_79_378_2019-11-02 17:17:46.441760,2-39-79-378,CA-326,2019-11-02 10:17:46-07:00,2019-11-02 13:38:53-07:00,2019-11-02 13:25:05-07:00,14.091,16.02,60.0,157.0,America/Los_Angeles
caltech,2_39_128_18_2019-11-02 17:23:58.935062,2-39-128-18,CA-308,2019-11-02 10:23:59-07:00,2019-11-02 11:43:47-07:00,2019-11-02 10:54:15-07:00,0.834,0.0,0.0,0.0,America/Los_Angeles
caltech,2_39_83_386_2019-11-02 19:03:55.673486,2-39-83-386,CA-212,2019-11-02 12:03:56-07:00,2019-11-02 13:15:27-07:00,2019-11-02 12:34:40-07:00,0.881,0.0,0.0,0.0,America/Los_Angeles
caltech,2_39_89_25_2019-11-02 19:17:32.692363,2-39-89-25,CA-315,2019-11-02 12:17:33-07:00,2019-11-02 14:18:12-07:00,2019-11-02 13:44:45-07:00,4.395,8.0,20.0,60.0,America/Los_Angeles
caltech,2_39_79_377_2019-11-03 17:02:19.327425,2-39-79-377,CA-325,2019-11-03 09:02:19-08:00,2019-11-03 18:05:28-08:00,2019-11-03 17:02:05-08:00,40.895,45.0,180.0,597.0,America/Los_Angeles
caltech,2_39_139_28_2019-11-03 17:41:31.573925,2-39-139-28,CA-303,2019-11-03 09:41:32-08:00,2019-11-03 12:02:21-08:00,2019-11-03 11:01:54-08:00,8.109,40.0,100.0,428.0,America/Los_Angeles
caltech,2_39_129_17_2019-11-03 18:36:38.082074,2-39-129-17,CA-307,2019-11-03 10:36:38-08:00,2019-11-03 12:26:23-08:00,2019-11-03 11:19:19-08:00,1.836,8.0,20.0,113.0,America/Los_Angeles
caltech,2_39_131_30_2019-11-03 18:47:41.561193,2-39-131-30,CA-305,2019-11-03 10:47:42-08:00,2019-11-03 12:36:06-08:00,2019-11-03 12:36:02-08:00,12.456,104.0,200.0,715.0,America/Los_Angeles
caltech,2_39_127_19_2019-11-03 19:04:26.031014,2-39-127-19,CA-309,2019-11-03 11:04:26-08:00,2019-11-04 13:10:21-08:00,2019-11-03 14:18:38-08:00,10.246,15.2,38.0,173.0,America/Los_Angeles
caltech,2_39_139_28_2019-11-03 20:06:32.658094,2-39-139-28,CA-303,2019-11-03 12:06:33-08:00,2019-11-03 13:24:30-08:00,2019-11-03 13:23:58-08:00,7.892,8.0,20.0,58.0,America/Los_Angeles
caltech,2_39_83_386_2019-11-03 20:39:33.372355,2-39-83-386,CA-212,2019-11-03 12:39:33-08:00,2019-11-03 15:31:22-08:00,2019-11-03 14:20:34-08:00,5.159,12.0,30.0,203.0,America/Los_Angeles
caltech,2_39_91_437_2019-11-03 23:36:35.605395,2-39-91-437,CA-317,2019-11-03 15:36:36-08:00,2019-11-03 18:16:49-08:00,2019-11-03 17:30:28-08:00,5.913,8.0,20.0,72.0,America/Los_Angeles
caltech,2_39_139_28_2019-11-04 01:31:58.715495,2-39-139-28,CA-303,2019-11-03 17:31:59-08:00,2019-11-03 19:44:51-08:00,2019-11-03 19:44:42-08:00,14.804,25.0,100.0,259.0,America/Los_Angeles
caltech,2_39_124_22_2019-11-04 03:10:32.509379,2-39-124-22,CA-312,2019-11-03 19:10:32-08:00,2019-11-03 22:32:46-08:00,2019-11-03 21:19:16-08:00,13.082,24.0,60.0,132.0,America/Los_Angeles
caltech,2_39_79_383_2019-11-04 15:03:30.032641,2-39-79-383,CA-492,2019-11-04 07:03:30-08:00,2019-11-04 16:52:46-08:00,2019-11-04 10:43:27-08:00,8.9,16.0,40.0,532.0,America/Los_Angeles
caltech,2_39_125_21_2019-11-04 16:02:20.342685,2-39-125-21,CA-311,2019-11-04 08:02:20-08:00,2019-11-04 09:06:39-08:00,2019-11-04 08:33:16-08:00,0.871,0.0,0.0,0.0,America/Los_Angeles
caltech,2_39_79_377_2019-11-04 16:21:34.552721,2-39-79-377,CA-325,2019-11-04 08:21:47-08:00,2019-11-04 12:03:58-08:00,2019-11-04 09:30:47-08:00,3.204,16.0,40.0,427.0,America/Los_Angeles
caltech,2_39_79_382_2019-11-04 16:28:37.418426,2-39-79-382,CA-491,2019-11-04 08:28:50-08:00,2019-11-04 20:45:01-08:00,2019-11-04 18:34:18-08:00,43.297,60.0,250.0,576.0,America/Los_Angeles
caltech,2_39_79_379_2019-11-04 16:37:04.743698,2-39-79-379,CA-327,2019-11-04 08:37:05-08:00,2019-11-04 20:40:35-08:00,2019-11-04 13:56:12-08:00,16.055,24.0,60.0,443.0,America/Los_Angeles
caltech,2_39_139_28_2019-11-04 16:39:46.775926,2-39-139-28,CA-303,2019-11-04 08:39:47-08:00,2019-11-04 18:33:23-08:00,2019-11-04 13:18:58-08:00,15.849,24.0,60.0,332.0,America/Los_Angeles
caltech,2_39_131_30_2019-11-04 16:42:52.873789,2-39-131-30,CA-305,2019-11-04 08:42:53-08:00,2019-11-04 12:18:15-08:00,2019-11-04 10:08:31-08:00,4.664,7.0,20.0,212.0,America/Los_Angeles
caltech,2_39_79_380_2019-11-04 16:52:23.459010,2-39-79-380,CA-489,2019-11-04 08:52:23-08:00,2019-11-04 13:43:25-08:00,2019-11-04 11:03:36-08:00,4.656,8.0,20.0,223.0,America/Los_Angeles
caltech,2_39_79_376_2019-11-04 17:00:47.453971,2-39-79-376,CA-324,2019-11-04 09:00:47-08:00,2019-11-04 17:18:26-08:00,2019-11-04 17:18:22-08:00,34.58,54.0,150.0,559.0,America/Los_Angeles
caltech,2_39_78_360_2019-11-04 17:01:08.693521,2-39-78-360,CA-322,2019-11-04 09:01:09-08:00,2019-11-04 16:24:39-08:00,2019-11-04 16:16:21-08:00,32.233,32.34,140.0,323.0,America/Los_Angeles
caltech,2_39_78_367_2019-11-04 17:01:11.330126,2-39-78-367,CA-494,2019-11-04 09:01:11-08:00,2019-11-04 15:21:21-08:00,2019-11-04 15:21:13-08:00,16.378,26.28,90.0,395.0,America/Los_Angeles
caltech,2_39_79_378_2019-11-04 17:02:34.597147,2-39-79-378,CA-326,2019-11-04 09:02:35-08:00,2019-11-04 18:07:03-08:00,2019-11-04 13:56:13-08:00,22.645,37.5,150.0,436.0,America/Los_Angeles
caltech,2_39_130_31_2019-11-04 17:02:53.190195,2-39-130-31,CA-306,2019-11-04 09:02:53-08:00,2019-11-04 17:29:40-08:00,2019-11-04 12:26:21-08:00,15.926,24.0,60.0,506.0,America/Los_Angeles
caltech,2_39_129_17_2019-11-04 17:04:52.895857,2-39-129-17,CA-307,2019-11-04 09:04:53-08:00,2019-11-04 18:11:20-08:00,2019-11-04 10:31:59-08:00,4.874,8.0,20.0,523.0,America/Los_Angeles
caltech,2_39_78_364_2019-11-04 17:13:25.644152,2-39-78-364,CA-495,2019-11-04 09:13:26-08:00,2019-11-04 17:31:59-08:00,2019-11-04 16:55:24-08:00,23.251,23.36,80.0,459.0,America/Los_Angeles
caltech,2_39_95_27_2019-11-04 17:18:21.315994,2-39-95-27,CA-319,2019-11-04 09:18:35-08:00,2019-11-04 11:15:21-08:00,2019-11-04 10:31:44-08:00,7.212,20.0,50.0,149.0,America/Los_Angeles
caltech,2_39_78_362_2019-11-04 17:27:35.126424,2-39-78-362,CA-496,2019-11-04 09:27:35-08:00,2019-11-04 15:53:34-08:00,2019-11-04 15:54:33-08:00,7.887,8.0,20.0,473.0,America/Los_Angeles
caltech,2_39_90_26_2019-11-04 17:54:08.082894,2-39-90-26,CA-316,2019-11-04 09:54:08-08:00,2019-11-04 11:05:12-08:00,2019-11-04 11:06:10-08:00,0.863,0.0,0.0,0.0,America/Los_Angeles
caltech,2_39_91_437_2019-11-04 18:07:01.222603,2-39-91-437,CA-317,2019-11-04 10:07:01-08:00,2019-11-04 17:00:36-08:00,2019-11-04 10:50:10-08:00,1.855,8.0,20.0,113.0,America/Los_Angeles
caltech,2_39_95_444_2019-11-04 18:13:18.285854,2-39-95-444,CA-497,2019-11-04 10:13:18-08:00,2019-11-04 17:47:21-08:00,2019-11-04 12:04:53-08:00,11.191,12.0,30.0,422.0,America/Los_Angeles
caltech,2_39_78_365_2019-11-04 18:22:34.741152,2-39-78-365,CA-321,2019-11-04 10:22:35-08:00,2019-11-04 19:14:16-08:00,2019-11-04 12:45:05-08:00,13.925,28.0,70.0,60.0,America/Los_Angeles
caltech,2_39_78_361_2019-11-04 18:23:45.193042,2-39-78-361,CA-493,2019-11-04 10:23:45-08:00,2019-11-04 15:28:28-08:00,2019-11-04 14:23:16-08:00,6.747,8.0,20.0,408.0,America/Los_Angeles
caltech,2_39_89_25_2019-11-04 18:49:36.858919,2-39-89-25,CA-315,2019-11-04 10:49:37-08:00,2019-11-04 16:49:24-08:00,2019-11-04 15:51:40-08:00,26.572,40.0,100.0,74.0,America/Los_Angeles
caltech,2_39_123_23_2019-11-04 18:55:59.284579,2-39-123-23,CA-313,2019-11-04 10:55:59-08:00,2019-11-04 18:07:06-08:00,2019-11-04 11:53:54-08:00,2.903,8.0,20.0,60.0,America/Los_Angeles
caltech,2_39_90_26_2019-11-04 19:05:27.811954,2-39-90-26,CA-316,2019-11-04 11:05:28-08:00,2019-11-04 11:45:00-08:00,2019-11-04 11:36:32-08:00,0.903,0.0,0.0,0.0,America/Los_Angeles
caltech,2_39_95_27_2019-11-04 19:30:55.437440,2-39-95-27,CA-319,2019-11-04 11:30:55-08:00,2019-11-04 17:02:48-08:00,2019-11-04 11:52:04-08:00,1.291,8.0,20.0,60.0,America/Los_Angeles
caltech,2_39_88_24_2019-11-04 20:25:50.568850,2-39-88-24,CA-314,2019-11-04 12:26:07-08:00,2019-11-04 12:49:10-08:00,2019-11-04 12:48:58-08:00,2.58,4.0,10.0,245.0,America/Los_Angeles
caltech,2_39_131_30_2019-11-04 20:50:37.308050,2-39-131-30,CA-305,2019-11-04 12:50:37-08:00,2019-11-04 13:23:43-08:00,2019-11-04 13:24:42-08:00,0.862,0.0,0.0,0.0,America/Los_Angeles
caltech,2_39_91_441_2019-11-04 20:52:44.467005,2-39-91-441,CA-499,2019-11-04 12:52:44-08:00,2019-11-04 17:30:30-08:00,2019-11-04 14:03:44-08:00,3.357,8.0,20.0,250.0,America/Los_Angeles
caltech,2_39_79_377_2019-11-04 20:52:49.200180,2-39-79-377,CA-325,2019-11-04 12:52:49-08:00,2019-11-04 16:41:11-08:00,2019-11-04 16:41:06-08:00,11.664,12.0,30.0,235.0,America/Los_Angeles
caltech,2_39_131_30_2019-11-04 21:23:47.219070,2-39-131-30,CA-305,2019-11-04 13:23:47-08:00,2019-11-04 13:54:12-08:00,2019-11-04 13:54:03-08:00,0.824,0.0,0.0,0.0,America/Los_Angeles
caltech,2_39_90_26_2019-11-04 21:32:03.396608,2-39-90-26,CA-316,2019-11-04 13:32:03-08:00,2019-11-04 16:07:43-08:00,2019-11-04 14:03:07-08:00,0.77,0.0,0.0,0.0,America/Los_Angeles
caltech,2_39_127_19_2019-11-04 22:03:37.082453,2-39-127-19,CA-309,2019-11-04 14:03:37-08:00,2019-11-04 18:24:18-08:00,2019-11-04 14:31:39-08:00,1.448,3.5,10.0,212.0,America/Los_Angeles
caltech,2_39_131_30_2019-11-04 22:16:43.525432,2-39-131-30,CA-305,2019-11-04 14:16:44-08:00,2019-11-04 15:34:10-08:00,2019-11-04 14:47:11-08:00,0.882,0.0,0.0,0.0,America/Los_Angeles
caltech,2_39_125_21_2019-11-04 22:28:55.340835,2-39-125-21,CA-311,2019-11-04 14:28:55-08:00,2019-11-04 15:21:52-08:00,2019-11-04 15:00:11-08:00,0.893,0.0,0.0,0.0,America/Los_Angeles
caltech,2_39_88_24_2019-11-04 23:26:44.085455,2-39-88-24,CA-314,2019-11-04 15:26:44-08:00,2019-11-04 15:54:11-08:00,2019-11-04 15:54:07-08:00,0.682,0.0,0.0,0.0,America/Los_Angeles
caltech,2_39_89_25_2019-11-05 01:12:03.854358,2-39-89-25,CA-315,2019-11-04 17:12:04-08:00,2019-11-04 21:32:09-08:00,2019-11-04 21:32:00-08:00,14.898,12.0,20.0,465.0,America/Los_Angeles
caltech,2_39_139_28_2019-11-05 02:40:49.940557,2-39-139-28,CA-303,2019-11-04 18:41:00-08:00,2019-11-04 20:30:57-08:00,2019-11-04 19:27:53-08:00,3.738,13.32,30.0,154.0,America/Los_Angeles
caltech,2_39_138_29_2019-11-05 02:51:45.299293,2-39-138-29,CA-304,2019-11-04 18:51:45-08:00,2019-11-04 20:44:00-08:00,2019-11-04 20:43:56-08:00,12.523,24.0,60.0,248.0,America/Los_Angeles
caltech,2_39_129_17_2019-11-05 03:06:10.191927,2-39-129-17,CA-307,2019-11-04 19:06:10-08:00,2019-11-04 21:08:24-08:00,2019-11-04 19:37:13-08:00,0.893,0.0,0.0,0.0,America/Los_Angeles
caltech,2_39_79_380_2019-11-05 15:22:39.968664,2-39-79-380,CA-489,2019-11-05 07:22:40-08:00,2019-11-05 14:49:05-08:00,2019-11-05 11:10:58-08:00,0.871,0.0,0.0,0.0,America/Los_Angeles
caltech,2_39_78_366_2019-11-05 16:08:44.640092,2-39-78-366,CA-323,2019-11-05 08:08:45-08:00,2019-11-05 08:19:56-08:00,2019-11-05 08:19:50-08:00,1.099,21.6,60.0,559.0,America/Los_Angeles
caltech,2_39_92_442_2019-11-05 16:18:56.081304,2-39-92-442,CA-498,2019-11-05 08:18:56-08:00,2019-11-05 17:22:53-08:00,2019-11-05 15:20:35-08:00,46.246,56.0,140.0,541.0,America/Los_Angeles
caltech,2_39_79_382_2019-11-05 16:21:40.266442,2-39-79-382,CA-491,2019-11-05 08:21:40-08:00,2019-11-05 13:33:02-08:00,2019-11-05 09:40:29-08:00,7.868,8.0,20.0,60.0,America/Los_Angeles
caltech,2_39_129_17_2019-11-05 16:28:49.798618,2-39-129-17,CA-307,2019-11-05 08:28:50-08:00,2019-11-05 16:56:43-08:00,2019-11-05 09:38:30-08:00,7.3,16.0,40.0,427.0,America/Los_Angeles
caltech,2_39_79_379_2019-11-05 16:34:38.195415,2-39-79-379,CA-327,2019-11-05 08:34:38-08:00,2019-11-05 17:12:27-08:00,2019-11-05 08:51:15-08:00,1.028,8.0,20.0,60.0,America/Los_Angeles
caltech,2_39_78_366_2019-11-05 16:37:21.746785,2-39-78-366,CA-323,2019-11-05 08:37:22-08:00,2019-11-05 17:29:51-08:00,2019-11-05 17:23:13-08:00,0.871,0.0,0.0,0.0,America/Los_Angeles
caltech,2_39_139_28_2019-11-05 16:39:03.004203,2-39-139-28,CA-303,2019-11-05 08:39:03-08:00,2019-11-05 12:21:42-08:00,2019-11-05 10:17:49-08:00,5.518,12.0,30.0,332.0,America/Los_Angeles
caltech,2_39_78_362_2019-11-05 16:48:05.376415,2-39-78-362,CA-496,2019-11-05 08:48:05-08:00,2019-11-05 17:10:16-08:00,2019-11-05 17:11:15-08:00,17.383,26.28,90.0,395.0,America/Los_Angeles
caltech,2_39_79_376_2019-11-05 16:59:51.803826,2-39-79-376,CA-324,2019-11-05 08:59:52-08:00,2019-11-05 18:07:13-08:00,2019-11-05 13:08:27-08:00,0.865,0.0,0.0,0.0,America/Los_Angeles
caltech,2_39_78_361_2019-11-05 17:04:02.535983,2-39-78-361,CA-493,2019-11-05 09:04:03-08:00,2019-11-05 18:06:20-08:00,2019-11-05 18:04:27-08:00,7.892,8.0,20.0,407.0,America/Los_Angeles
caltech,2_39_125_21_2019-11-05 17:04:12.701013,2-39-125-21,CA-311,2019-11-05 09:04:13-08:00,2019-11-05 18:23:12-08:00,2019-11-05 10:13:49-08:00,3.74,8.0,20.0,523.0,America/Los_Angeles
caltech,2_39_78_360_2019-11-05 17:04:52.990364,2-39-78-360,CA-322,2019-11-05 09:04:53-08:00,2019-11-05 17:20:39-08:00,2019-11-05 17:12:17-08:00,0.882,0.0,0.0,0.0,America/Los_Angeles
caltech,2_39_124_22_2019-11-05 17:09:19.399405,2-39-124-22,CA-312,2019-11-05 09:09:19-08:00,2019-11-05 11:35:39-08:00,2019-11-05 10:55:49-08:00,7.888,8.0,20.0,146.0,America/Los_Angeles
caltech,2_39_78_363_2019-11-05 17:19:23.727040,2-39-78-363,CA-320,2019-11-05 09:19:27-08:00,2019-11-05 12:33:26-08:00,2019-11-05 12:18:36-08:00,6.652,12.0,30.0,137.0,America/Los_Angeles
caltech,2_39_78_365_2019-11-05 17:22:37.940189,2-39-78-365,CA-321,2019-11-05 09:22:38-08:00,2019-11-05 18:47:03-08:00,2019-11-05 15:40:05-08:00,0.942,0.0,0.0,0.0,America/Los_Angeles
caltech,2_39_89_25_2019-11-05 17:29:56.539968,2-39-89-25,CA-315,2019-11-05 09:29:57-08:00,2019-11-05 21:04:33-08:00,2019-11-05 10:22:48-08:00,1.679,8.0,20.0,168.0,America/Los_Angeles
caltech,2_39_90_26_2019-11-05 17:37:36.820519,2-39-90-26,CA-316,2019-11-05 09:37:39-08:00,2019-11-05 16:09:53-08:00,2019-11-05 11:11:03-08:00,7.883,8.0,20.0,366.0,America/Los_Angeles
caltech,2_39_91_437_2019-11-05 17:40:09.582616,2-39-91-437,CA-317,2019-11-05 09:40:10-08:00,2019-11-05 11:53:57-08:00,2019-11-05 10:59:30-08:00,0.892,0.0,0.0,0.0,America/Los_Angeles
caltech,2_39_88_24_2019-11-05 17:42:10.893264,2-39-88-24,CA-314,2019-11-05 09:42:11-08:00,2019-11-05 18:32:21-08:00,2019-11-05 13:21:30-08:00,11.609,15.2,38.0,173.0,America/Los_Angeles
caltech,2_39_95_444_2019-11-05 18:06:52.427794,2-39-95-444,CA-497,2019-11-05 10:06:52-08:00,2019-11-05 18:59:44-08:00,2019-11-05 11:54:46-08:00,11.548,28.0,70.0,60.0,America/Los_Angeles
caltech,2_39_78_367_2019-11-05 18:07:06.016449,2-39-78-367,CA-494,2019-11-05 10:07:06-08:00,2019-11-05 18:04:17-08:00,2019-11-05 13:06:42-08:00,10.059,12.0,30.0,480.0,America/Los_Angeles
caltech,2_39_89_439_2019-11-05 18:30:47.234015,2-39-89-439,CA-501,2019-11-05 10:30:47-08:00,2019-11-05 17:37:03-08:00,2019-11-05 12:39:38-08:00,12.989,40.0,100.0,383.0,America/Los_Angeles
caltech,2_39_79_378_2019-11-05 18:35:37.945941,2-39-79-378,CA-326,2019-11-05 10:35:38-08:00,2019-11-05 13:57:01-08:00,2019-11-05 12:33:35-08:00,11.826,8.5,20.0,714.0,America/Los_Angeles
caltech,2_39_78_364_2019-11-05 18:42:24.419467,2-39-78-364,CA-495,2019-11-05 10:42:24-08:00,2019-11-05 12:14:24-08:00,2019-11-05 12:14:19-08:00,8.753,12.0,30.0,84.0,America/Los_Angeles
caltech,2_39_79_381_2019-11-05 19:08:05.495779,2-39-79-381,CA-490,2019-11-05 11:08:05-08:00,2019-11-05 16:36:45-08:00,2019-11-05 14:49:45-08:00,17.536,28.0,70.0,317.0,America/Los_Angeles
caltech,2_39_91_437_2019-11-05 19:58:36.506727,2-39-91-437,CA-317,2019-11-05 11:58:36-08:00,2019-11-05 18:39:47-08:00,2019-11-05 18:07:23-08:00,39.878,40.0,200.0,466.0,America/Los_Angeles
caltech,2_39_91_441_2019-11-05 20:19:03.579725,2-39-91-441,CA-499,2019-11-05 12:19:04-08:00,2019-11-05 17:53:42-08:00,2019-11-05 14:18:15-08:00,6.564,8.0,20.0,60.0,America/Los_Angeles
caltech,2_39_79_377_2019-11-05 20:32:52.391285,2-39-79-377,CA-325,2019-11-05 12:33:05-08:00,2019-11-05 18:14:01-08:00,2019-11-05 13:16:54-08:00,1.862,8.0,20.0,113.0,America/Los_Angeles
caltech,2_39_90_440_2019-11-05 21:40:45.095683,2-39-90-440,CA-500,2019-11-05 13:40:45-08:00,2019-11-05 17:46:00-08:00,2019-11-05 14:27:58-08:00,4.378,4.5,20.0,185.0,America/Los_Angeles
caltech,2_39_95_27_2019-11-05 21:43:20.112805,2-39-95-27,CA-319,2019-11-05 13:43:20-08:00,2019-11-05 14:28:20-08:00,2019-11-05 14:05:27-08:00,0.658,0.0,0.0,0.0,America/Los_Angeles
caltech,2_39_79_382_2019-11-05 21:52:05.333468,2-39-79-382,CA-491,2019-11-05 13:52:05-08:00,2019-11-05 16:31:33-08:00,2019-11-05 15:44:11-08:00,12.497,20.0,50.0,173.0,America/Los_Angeles
caltech,2_39_79_380_2019-11-05 22:50:55.262702,2-39-79-380,CA-489,2019-11-05 14:50:55-08:00,2019-11-05 15:39:08-08:00,2019-11-05 15:19:09-08:00,0.584,0.0,0.0,0.0,America/Los_Angeles
caltech,2_39_79_378_2019-11-05 22:56:06.635002,2-39-79-378,CA-326,2019-11-05 14:56:07-08:00,2019-11-05 18:45:40-08:00,2019-11-05 18:21:13-08:00,2.099,6.66,20.0,87.0,America/Los_Angeles
caltech,2_39_83_386_2019-11-05 23:40:41.952169,2-39-83-386,CA-212,2019-11-05 15:40:42-08:00,2019-11-05 18:12:25-08:00,2019-11-05 17:35:14-08:00,5.89,12.75,30.0,440.0,America/Los_Angeles
caltech,2_39_90_26_2019-11-06 00:40:05.706855,2-39-90-26,CA-316,2019-11-05 16:40:06-08:00,2019-11-05 18:32:48-08:00,2019-11-05 17:31:54-08:00,2.574,8.0,20.0,60.0,America/Los_Angeles
caltech,2_39_129_17_2019-11-06 01:03:53.009409,2-39-129-17,CA-307,2019-11-05 17:03:53-08:00,2019-11-05 21:56:44-08:00,2019-11-05 21:39:08-08:00,15.928,36.0,60.0,542.0,America/Los_Angeles
caltech,2_39_127_19_2019-11-06 01:17:11.900747,2-39-127-19,CA-309,2019-11-05 17:17:12-08:00,2019-11-05 18:43:10-08:00,2019-11-05 17:56:00-08:00,1.539,9.99,30.0,104.0,America/Los_Angeles
caltech,2_39_79_380_2019-11-06 15:26:47.736820,2-39-79-380,CA-489,2019-11-06 07:26:48-08:00,2019-11-06 11:52:08-08:00,2019-11-06 09:44:27-08:00,0.892,0.0,0.0,0.0,America/Los_Angeles
caltech,2_39_139_567_2019-11-06 15:28:18.090745,2-39-139-567,CA-513,2019-11-06 07:28:18-08:00,2019-11-06 08:41:56-08:00,2019-11-06 07:58:42-08:00,0.9,0.0,0.0,0.0,America/Los_Angeles
caltech,2_39_89_25_2019-11-06 16:03:57.792222,2-39-89-25,CA-315,2019-11-06 08:03:58-08:00,2019-11-06 15:49:53-08:00,2019-11-06 08:35:05-08:00,0.902,0.0,0.0,0.0,America/Los_Angeles
caltech,2_39_78_366_2019-11-06 16:13:56.185417,2-39-78-366,CA-323,2019-11-06 08:13:56-08:00,2019-11-06 15:39:27-08:00,2019-11-06 12:40:58-08:00,16.578,28.8,80.0,559.0,America/Los_Angeles
caltech,2_39_139_28_2019-11-06 16:43:06.778355,2-39-139-28,CA-303,2019-11-06 08:43:07-08:00,2019-11-06 11:53:23-08:00,2019-11-06 10:27:43-08:00,5.877,16.0,40.0,332.0,America/Los_Angeles
caltech,2_39_79_379_2019-11-06 16:48:56.229360,2-39-79-379,CA-327,2019-11-06 08:48:56-08:00,2019-11-06 18:26:46-08:00,2019-11-06 11:22:13-08:00,16.297,37.5,150.0,436.0,America/Los_Angeles
caltech,2_39_92_442_2019-11-06 16:56:53.315322,2-39-92-442,CA-498,2019-11-06 08:56:53-08:00,2019-11-06 16:54:54-08:00,2019-11-06 10:15:26-08:00,8.578,11.68,40.0,395.0,America/Los_Angeles
caltech,2_39_79_377_2019-11-06 17:02:22.360563,2-39-79-377,CA-325,2019-11-06 09:02:22-08:00,2019-11-06 12:13:02-08:00,2019-11-06 09:56:25-08:00,2.67,8.0,20.0,223.0,America/Los_Angeles
caltech,2_39_124_22_2019-11-06 17:05:23.186602,2-39-124-22,CA-312,2019-11-06 09:05:23-08:00,2019-11-06 16:04:33-08:00,2019-11-06 09:59:22-08:00,5.613,20.0,50.0,350.0,America/Los_Angeles
caltech,2_39_123_23_2019-11-06 17:08:56.215874,2-39-123-23,CA-313,2019-11-06 09:08:56-08:00,2019-11-06 17:21:00-08:00,2019-11-06 11:04:39-08:00,6.405,8.0,20.0,523.0,America/Los_Angeles
caltech,2_39_91_437_2019-11-06 17:19:24.459182,2-39-91-437,CA-317,2019-11-06 09:19:24-08:00,2019-11-06 19:31:40-08:00,2019-11-06 10:27:55-08:00,2.236,8.0,20.0,168.0,America/Los_Angeles
caltech,2_39_92_436_2019-11-06 17:31:25.610865,2-39-92-436,CA-318,2019-11-06 09:31:26-08:00,2019-11-06 13:46:39-08:00,2019-11-06 11:30:02-08:00,6.464,8.0,20.0,60.0,America/Los_Angeles
caltech,2_39_90_26_2019-11-06 17:35:56.732637,2-39-90-26,CA-316,2019-11-06 09:35:57-08:00,2019-11-06 17:35:28-08:00,2019-11-06 10:18:22-08:00,1.828,8.0,20.0,113.0,America/Los_Angeles
caltech,2_39_88_24_2019-11-06 17:38:34.021554,2-39-88-24,CA-314,2019-11-06 09:38:34-08:00,2019-11-06 18:07:58-08:00,2019-11-06 10:44:34-08:00,3.181,8.0,20.0,390.0,America/Los_Angeles
caltech,2_39_79_376_2019-11-06 17:46:21.052229,2-39-79-376,CA-324,2019-11-06 09:46:21-08:00,2019-11-06 18:11:01-08:00,2019-11-06 11:53:34-08:00,13.95,40.0,100.0,419.0,America/Los_Angeles
caltech,2_39_95_27_2019-11-06 17:50:26.365270,2-39-95-27,CA-319,2019-11-06 09:50:26-08:00,2019-11-06 12:19:01-08:00,2019-11-06 10:39:10-08:00,4.137,4.25,10.0,135.0,America/Los_Angeles
caltech,2_39_78_365_2019-11-06 17:53:47.206924,2-39-78-365,CA-321,2019-11-06 09:53:47-08:00,2019-11-06 11:11:17-08:00,2019-11-06 11:11:15-08:00,3.159,16.0,40.0,116.0,America/Los_Angeles
caltech,2_39_78_360_2019-11-06 17:56:15.606841,2-39-78-360,CA-322,2019-11-06 09:56:16-08:00,2019-11-06 17:23:32-08:00,2019-11-06 11:41:15-08:00,1.887,8.0,20.0,60.0,America/Los_Angeles
caltech,2_39_78_367_2019-11-06 17:56:38.188136,2-39-78-367,CA-494,2019-11-06 09:56:38-08:00,2019-11-06 13:10:20-08:00,2019-11-06 13:09:21-08:00,7.893,8.0,20.0,60.0,America/Los_Angeles
caltech,2_39_79_383_2019-11-06 18:06:16.379197,2-39-79-383,CA-492,2019-11-06 10:06:16-08:00,2019-11-06 11:27:39-08:00,2019-11-06 10:36:44-08:00,0.861,0.0,0.0,0.0,America/Los_Angeles
caltech,2_39_78_364_2019-11-06 18:08:24.663088,2-39-78-364,CA-495,2019-11-06 10:08:25-08:00,2019-11-06 19:13:36-08:00,2019-11-06 13:02:30-08:00,11.505,28.0,70.0,60.0,America/Los_Angeles
caltech,2_39_78_362_2019-11-06 18:11:02.447166,2-39-78-362,CA-496,2019-11-06 10:11:02-08:00,2019-11-06 16:32:50-08:00,2019-11-06 16:33:49-08:00,11.841,12.0,30.0,480.0,America/Los_Angeles
caltech,2_39_95_444_2019-11-06 18:13:03.079613,2-39-95-444,CA-497,2019-11-06 10:13:03-08:00,2019-11-06 17:07:29-08:00,2019-11-06 13:16:45-08:00,19.873,20.0,50.0,414.0,America/Los_Angeles
caltech,2_39_78_365_2019-11-06 20:18:21.040800,2-39-78-365,CA-321,2019-11-06 12:18:21-08:00,2019-11-06 23:11:40-08:00,2019-11-06 13:20:28-08:00,2.164,16.0,40.0,291.0,America/Los_Angeles
caltech,2_39_95_27_2019-11-06 20:31:13.454685,2-39-95-27,CA-319,2019-11-06 12:31:13-08:00,2019-11-06 17:04:07-08:00,2019-11-06 17:03:08-08:00,29.88,30.0,120.0,269.0,America/Los_Angeles
caltech,2_39_79_380_2019-11-06 21:01:57.353703,2-39-79-380,CA-489,2019-11-06 13:01:57-08:00,2019-11-06 17:07:15-08:00,2019-11-06 16:10:58-08:00,12.693,36.0,90.0,322.0,America/Los_Angeles
caltech,2_39_79_382_2019-11-06 21:13:51.278159,2-39-79-382,CA-491,2019-11-06 13:13:51-08:00,2019-11-06 15:10:10-08:00,2019-11-06 15:09:50-08:00,5.421,20.0,50.0,173.0,America/Los_Angeles
caltech,2_39_79_377_2019-11-06 21:14:03.010003,2-39-79-377,CA-325,2019-11-06 13:14:03-08:00,2019-11-06 17:01:33-08:00,2019-11-06 15:37:57-08:00,6.588,8.0,20.0,60.0,America/Los_Angeles
caltech,2_39_79_378_2019-11-06 21:26:19.036721,2-39-79-378,CA-326,2019-11-06 13:26:19-08:00,2019-11-06 15:56:27-08:00,2019-11-06 14:26:44-08:00,1.588,8.0,20.0,60.0,America/Los_Angeles
caltech,2_39_78_367_2019-11-06 21:26:53.715753,2-39-78-367,CA-494,2019-11-06 13:26:54-08:00,2019-11-06 18:02:23-08:00,2019-11-06 17:12:53-08:00,0.986,0.0,0.0,0.0,America/Los_Angeles
caltech,2_39_79_383_2019-11-06 21:58:31.121049,2-39-79-383,CA-492,2019-11-06 13:58:31-08:00,2019-11-06 18:10:27-08:00,2019-11-06 18:10:23-08:00,26.661,35.0,140.0,334.0,America/Los_Angeles
caltech,2_39_91_441_2019-11-06 22:03:53.326799,2-39-91-441,CA-499,2019-11-06 14:03:53-08:00,2019-11-06 17:10:05-08:00,2019-11-06 14:52:18-08:00,2.406,8.0,20.0,254.0,America/Los_Angeles
caltech,2_39_92_436_2019-11-06 22:31:18.935490,2-39-92-436,CA-318,2019-11-06 14:31:19-08:00,2019-11-06 17:17:57-08:00,2019-11-06 15:02:30-08:00,0.839,0.0,0.0,0.0,America/Los_Angeles
caltech,2_39_131_30_2019-11-07 02:35:57.809497,2-39-131-30,CA-305,2019-11-06 18:35:58-08:00,2019-11-06 20:31:57-08:00,2019-11-06 20:13:10-08:00,5.455,12.0,40.0,156.0,America/Los_Angeles
caltech,2_39_89_25_2019-11-07 15:09:10.818807,2-39-89-25,CA-315,2019-11-07 07:09:11-08:00,2019-11-07 08:44:13-08:00,2019-11-07 08:45:11-08:00,0.914,0.0,0.0,0.0,America/Los_Angeles
caltech,2_39_79_383_2019-11-07 16:30:38.714249,2-39-79-383,CA-492,2019-11-07 08:30:39-08:00,2019-11-07 17:00:04-08:00,2019-11-07 11:50:10-08:00,8.754,14.6,50.0,395.0,America/Los_Angeles
caltech,2_39_79_379_2019-11-07 16:32:10.644621,2-39-79-379,CA-327,2019-11-07 08:32:11-08:00,2019-11-07 16:33:16-08:00,2019-11-07 10:11:24-08:00,5.721,8.0,20.0,60.0,America/Los_Angeles
caltech,2_39_89_25_2019-11-07 16:44:36.906672,2-39-89-25,CA-315,2019-11-07 08:44:37-08:00,2019-11-07 12:19:54-08:00,2019-11-07 12:19:06-08:00,0.972,0.0,0.0,0.0,America/Los_Angeles
caltech,2_39_139_28_2019-11-07 16:46:58.670964,2-39-139-28,CA-303,2019-11-07 08:46:59-08:00,2019-11-07 15:56:54-08:00,2019-11-07 11:43:31-08:00,10.459,12.0,30.0,469.0,America/Los_Angeles
caltech,2_39_79_380_2019-11-07 16:54:47.788277,2-39-79-380,CA-489,2019-11-07 08:54:48-08:00,2019-11-07 19:05:25-08:00,2019-11-07 11:08:18-08:00,11.054,28.0,70.0,60.0,America/Los_Angeles
caltech,2_39_123_23_2019-11-07 16:55:16.745771,2-39-123-23,CA-313,2019-11-07 08:55:17-08:00,2019-11-07 09:41:00-08:00,2019-11-07 09:41:58-08:00,0.889,0.0,0.0,0.0,America/Los_Angeles
caltech,2_39_79_376_2019-11-07 17:08:18.926622,2-39-79-376,CA-324,2019-11-07 09:08:19-08:00,2019-11-07 17:04:38-08:00,2019-11-07 11:57:26-08:00,16.266,37.5,150.0,436.0,America/Los_Angeles
caltech,2_39_92_442_2019-11-07 17:15:22.329251,2-39-92-442,CA-498,2019-11-07 09:15:32-08:00,2019-11-07 19:32:00-08:00,2019-11-07 18:30:31-08:00,29.448,64.0,160.0,60.0,America/Los_Angeles
caltech,2_39_78_366_2019-11-07 17:18:01.595955,2-39-78-366,CA-323,2019-11-07 09:18:02-08:00,2019-11-07 18:22:00-08:00,2019-11-07 10:15:51-08:00,6.371,40.0,100.0,419.0,America/Los_Angeles
caltech,2_39_92_436_2019-11-07 17:29:07.653992,2-39-92-436,CA-318,2019-11-07 09:29:08-08:00,2019-11-07 19:22:48-08:00,2019-11-07 10:31:48-08:00,1.995,4.44,10.0,168.0,America/Los_Angeles
caltech,2_39_78_365_2019-11-07 17:31:19.734300,2-39-78-365,CA-321,2019-11-07 09:31:20-08:00,2019-11-07 11:44:51-08:00,2019-11-07 11:45:50-08:00,0.936,0.0,0.0,0.0,America/Los_Angeles
caltech,2_39_88_438_2019-11-07 17:32:55.704094,2-39-88-438,CA-502,2019-11-07 09:32:56-08:00,2019-11-07 11:23:48-08:00,2019-11-07 10:04:03-08:00,0.895,0.0,0.0,0.0,America/Los_Angeles
caltech,2_39_79_382_2019-11-07 17:36:58.387093,2-39-79-382,CA-491,2019-11-07 09:36:58-08:00,2019-11-07 18:04:52-08:00,2019-11-07 11:43:28-08:00,4.535,12.0,30.0,431.0,America/Los_Angeles
caltech,2_39_88_24_2019-11-07 17:39:06.638299,2-39-88-24,CA-314,2019-11-07 09:39:17-08:00,2019-11-07 11:24:46-08:00,2019-11-07 11:24:41-08:00,11.881,20.0,50.0,350.0,America/Los_Angeles
caltech,2_39_123_23_2019-11-07 17:41:07.532227,2-39-123-23,CA-313,2019-11-07 09:41:08-08:00,2019-11-07 10:19:17-08:00,2019-11-07 10:20:16-08:00,0.864,0.0,0.0,0.0,America/Los_Angeles
caltech,2_39_124_22_2019-11-07 17:54:26.606154,2-39-124-22,CA-312,2019-11-07 09:54:27-08:00,2019-11-07 20:55:18-08:00,2019-11-07 11:01:10-08:00,3.591,8.0,20.0,523.0,America/Los_Angeles
caltech,2_39_78_360_2019-11-07 17:55:31.944714,2-39-78-360,CA-322,2019-11-07 09:55:32-08:00,2019-11-07 14:41:12-08:00,2019-11-07 14:40:57-08:00,16.413,24.0,60.0,443.0,America/Los_Angeles
caltech,2_39_123_23_2019-11-07 18:19:20.883631,2-39-123-23,CA-313,2019-11-07 10:19:21-08:00,2019-11-07 13:04:12-08:00,2019-11-07 10:48:14-08:00,0.634,0.0,0.0,0.0,America/Los_Angeles
caltech,2_39_78_361_2019-11-07 18:19:57.959648,2-39-78-361,CA-493,2019-11-07 10:19:58-08:00,2019-11-07 15:16:43-08:00,2019-11-07 10:50:45-08:00,0.839,0.0,0.0,0.0,America/Los_Angeles
caltech,2_39_95_27_2019-11-07 18:23:25.061755,2-39-95-27,CA-319,2019-11-07 10:23:25-08:00,2019-11-07 16:26:41-08:00,2019-11-07 15:47:06-08:00,4.145,4.25,10.0,135.0,America/Los_Angeles
caltech,2_39_91_437_2019-11-07 18:35:01.636767,2-39-91-437,CA-317,2019-11-07 10:35:02-08:00,2019-11-07 16:57:59-08:00,2019-11-07 14:00:54-08:00,7.902,8.0,20.0,60.0,America/Los_Angeles
caltech,2_39_78_363_2019-11-07 18:38:34.359163,2-39-78-363,CA-320,2019-11-07 10:38:34-08:00,2019-11-07 11:31:52-08:00,2019-11-07 11:09:17-08:00,0.927,0.0,0.0,0.0,America/Los_Angeles
caltech,2_39_90_440_2019-11-07 18:45:55.498546,2-39-90-440,CA-500,2019-11-07 10:45:55-08:00,2019-11-07 11:55:33-08:00,2019-11-07 11:55:24-08:00,7.976,16.0,40.0,101.0,America/Los_Angeles
caltech,2_39_78_362_2019-11-07 18:57:35.758221,2-39-78-362,CA-496,2019-11-07 10:57:36-08:00,2019-11-07 20:20:50-08:00,2019-11-07 20:21:48-08:00,0.991,0.0,0.0,0.0,America/Los_Angeles
caltech,2_39_95_444_2019-11-07 19:03:14.268030,2-39-95-444,CA-497,2019-11-07 11:03:14-08:00,2019-11-07 15:07:34-08:00,2019-11-07 15:08:32-08:00,8.895,6.0,20.0,262.0,America/Los_Angeles
caltech,2_39_78_364_2019-11-07 19:04:22.699285,2-39-78-364,CA-495,2019-11-07 11:04:23-08:00,2019-11-07 18:04:14-08:00,2019-11-07 13:02:38-08:00,11.213,40.0,100.0,371.0,America/Los_Angeles
caltech,2_39_123_557_2019-11-07 19:23:55.184984,2-39-123-557,CA-503,2019-11-07 11:23:55-08:00,2019-11-09 13:02:10-08:00,2019-11-09 06:26:02-08:00,0.959,0.0,0.0,0.0,America/Los_Angeles
caltech,2_39_88_24_2019-11-07 19:36:27.734607,2-39-88-24,CA-314,2019-11-07 11:36:28-08:00,2019-11-07 22:48:41-08:00,2019-11-07 12:52:07-08:00,2.519,16.0,40.0,291.0,America/Los_Angeles
caltech,2_39_78_365_2019-11-07 19:44:57.042281,2-39-78-365,CA-321,2019-11-07 11:44:57-08:00,2019-11-07 15:18:06-08:00,2019-11-07 12:26:42-08:00,0.912,0.0,0.0,0.0,America/Los_Angeles
caltech,2_39_78_363_2019-11-07 19:47:55.308821,2-39-78-363,CA-320,2019-11-07 11:47:55-08:00,2019-11-07 12:12:23-08:00,2019-11-07 12:12:22-08:00,0.742,0.0,0.0,0.0,America/Los_Angeles
caltech,2_39_90_440_2019-11-07 20:09:31.971922,2-39-90-440,CA-500,2019-11-07 12:09:32-08:00,2019-11-07 14:10:50-08:00,2019-11-07 14:03:05-08:00,6.893,9.0,30.0,103.0,America/Los_Angeles
caltech,2_39_90_26_2019-11-07 20:21:03.604890,2-39-90-26,CA-316,2019-11-07 12:21:04-08:00,2019-11-07 14:49:34-08:00,2019-11-07 14:50:32-08:00,0.953,0.0,0.0,0.0,America/Los_Angeles
caltech,2_39_89_25_2019-11-07 21:14:40.707317,2-39-89-25,CA-315,2019-11-07 13:14:41-08:00,2019-11-07 15:47:11-08:00,2019-11-07 15:47:07-08:00,0.831,0.0,0.0,0.0,America/Los_Angeles
caltech,2_39_79_378_2019-11-07 21:24:51.961404,2-39-79-378,CA-326,2019-11-07 13:24:52-08:00,2019-11-07 18:34:56-08:00,2019-11-07 18:34:36-08:00,32.616,40.04,110.0,60.0,America/Los_Angeles
caltech,2_39_78_363_2019-11-07 21:42:26.662006,2-39-78-363,CA-320,2019-11-07 13:42:27-08:00,2019-11-07 19:10:18-08:00,2019-11-07 15:48:07-08:00,6.597,8.0,20.0,60.0,America/Los_Angeles
caltech,2_39_90_440_2019-11-07 22:16:09.694887,2-39-90-440,CA-500,2019-11-07 14:16:10-08:00,2019-11-07 16:10:35-08:00,2019-11-07 16:10:26-08:00,6.177,12.0,20.0,242.0,America/Los_Angeles
caltech,2_39_90_26_2019-11-07 22:49:41.554970,2-39-90-26,CA-316,2019-11-07 14:49:42-08:00,2019-11-07 16:50:44-08:00,2019-11-07 15:20:59-08:00,0.979,0.0,0.0,0.0,America/Los_Angeles
caltech,2_39_78_361_2019-11-07 23:27:05.796363,2-39-78-361,CA-493,2019-11-07 15:27:06-08:00,2019-11-07 17:50:29-08:00,2019-11-07 17:50:24-08:00,15.612,32.0,80.0,320.0,America/Los_Angeles
caltech,2_39_95_444_2019-11-07 23:29:54.150552,2-39-95-444,CA-497,2019-11-07 15:29:54-08:00,2019-11-07 18:13:22-08:00,2019-11-07 16:52:46-08:00,8.978,20.0,50.0,173.0,America/Los_Angeles
caltech,2_39_89_25_2019-11-07 23:59:00.644988,2-39-89-25,CA-315,2019-11-07 15:59:01-08:00,2019-11-07 17:57:34-08:00,2019-11-07 17:16:42-08:00,3.838,8.0,20.0,60.0,America/Los_Angeles
caltech,2_39_130_31_2019-11-08 00:40:41.977022,2-39-130-31,CA-306,2019-11-07 16:40:42-08:00,2019-11-07 17:00:28-08:00,2019-11-07 17:00:20-08:00,0.579,0.0,0.0,0.0,America/Los_Angeles
caltech,2_39_91_437_2019-11-08 01:27:08.865021,2-39-91-437,CA-317,2019-11-07 17:27:09-08:00,2019-11-07 20:29:44-08:00,2019-11-07 20:29:39-08:00,20.012,40.0,200.0,466.0,America/Los_Angeles
caltech,2_39_79_379_2019-11-08 01:28:46.043136,2-39-79-379,CA-327,2019-11-07 17:28:46-08:00,2019-11-07 20:04:06-08:00,2019-11-07 20:04:01-08:00,7.397,10.0,20.0,249.0,America/Los_Angeles
caltech,2_39_89_25_2019-11-08 02:05:10.398984,2-39-89-25,CA-315,2019-11-07 18:05:10-08:00,2019-11-07 22:24:25-08:00,2019-11-07 22:24:20-08:00,14.999,20.0,50.0,261.0,America/Los_Angeles
caltech,2_39_139_28_2019-11-08 04:25:24.007848,2-39-139-28,CA-303,2019-11-07 20:25:24-08:00,2019-11-07 21:43:18-08:00,2019-11-07 21:43:13-08:00,8.941,30.0,80.0,115.0,America/Los_Angeles
caltech,2_39_139_28_2019-11-08 08:00:33.877011,2-39-139-28,CA-303,2019-11-08 00:00:34-08:00,2019-11-08 15:39:34-08:00,2019-11-08 06:37:43-08:00,43.297,60.0,240.0,720.0,America/Los_Angeles
caltech,2_39_79_377_2019-11-08 16:09:39.369941,2-39-79-377,CA-325,2019-11-08 08:09:39-08:00,2019-11-08 17:35:55-08:00,2019-11-08 14:17:57-08:00,36.745,40.0,100.0,531.0,America/Los_Angeles
caltech,2_39_138_29_2019-11-08 16:22:42.553073,2-39-138-29,CA-304,2019-11-08 08:22:43-08:00,2019-11-08 11:47:53-08:00,2019-11-08 09:37:38-08:00,3.35,9.0,30.0,103.0,America/Los_Angeles
caltech,2_39_79_379_2019-11-08 16:26:54.790620,2-39-79-379,CA-327,2019-11-08 08:26:55-08:00,2019-11-08 15:45:11-08:00,2019-11-08 13:13:44-08:00,0.993,0.0,0.0,0.0,America/Los_Angeles
caltech,2_39_78_366_2019-11-08 16:29:23.992363,2-39-78-366,CA-323,2019-11-08 08:29:24-08:00,2019-11-08 17:20:22-08:00,2019-11-08 17:18:03-08:00,0.89,0.0,0.0,0.0,America/Los_Angeles
caltech,2_39_79_380_2019-11-08 16:39:05.352389,2-39-79-380,CA-489,2019-11-08 08:39:05-08:00,2019-11-08 12:31:00-08:00,2019-11-08 10:23:46-08:00,10.369,20.0,50.0,173.0,America/Los_Angeles
caltech,2_39_131_30_2019-11-08 16:43:01.521128,2-39-131-30,CA-305,2019-11-08 08:43:02-08:00,2019-11-08 18:18:14-08:00,2019-11-08 09:11:27-08:00,1.048,12.0,20.0,242.0,America/Los_Angeles
caltech,2_39_125_21_2019-11-08 16:46:21.688925,2-39-125-21,CA-311,2019-11-08 08:46:22-08:00,2019-11-08 16:53:54-08:00,2019-11-08 15:17:09-08:00,42.376,42.5,170.0,480.0,America/Los_Angeles
caltech,2_39_79_378_2019-11-08 16:49:20.058150,2-39-79-378,CA-326,2019-11-08 08:49:20-08:00,2019-11-08 17:42:18-08:00,2019-11-08 17:40:43-08:00,1.525,0.0,0.0,0.0,America/Los_Angeles
caltech,2_39_90_26_2019-11-08 16:52:36.181633,2-39-90-26,CA-316,2019-11-08 08:52:36-08:00,2019-11-08 10:40:54-08:00,2019-11-08 10:40:42-08:00,0.8836269444444446,0.0,0.0,0.0,America/Los_Angeles
caltech,2_39_78_367_2019-11-08 16:56:30.806497,2-39-78-367,CA-494,2019-11-08 08:56:31-08:00,2019-11-08 14:19:50-08:00,2019-11-08 14:07:10-08:00,31.896,32.0,80.0,320.0,America/Los_Angeles
caltech,2_39_129_17_2019-11-08 17:01:01.283178,2-39-129-17,CA-307,2019-11-08 09:01:01-08:00,2019-11-08 17:15:59-08:00,2019-11-08 15:07:02-08:00,40.319,68.0,170.0,483.0,America/Los_Angeles
caltech,2_39_95_27_2019-11-08 17:02:02.557930,2-39-95-27,CA-319,2019-11-08 09:02:03-08:00,2019-11-08 20:28:43-08:00,2019-11-08 10:22:18-08:00,4.474,12.0,30.0,390.0,America/Los_Angeles
caltech,2_39_95_444_2019-11-08 17:08:02.380021,2-39-95-444,CA-497,2019-11-08 09:08:02-08:00,2019-11-08 20:11:28-08:00,2019-11-08 13:38:42-08:00,30.482,57.5,230.0,510.0,America/Los_Angeles
caltech,2_39_127_19_2019-11-08 17:13:57.972060,2-39-127-19,CA-309,2019-11-08 09:13:58-08:00,2019-11-08 17:56:58-08:00,2019-11-08 10:51:46-08:00,4.374,7.0,20.0,212.0,America/Los_Angeles
caltech,2_39_79_382_2019-11-08 17:16:43.996968,2-39-79-382,CA-491,2019-11-08 09:16:44-08:00,2019-11-08 20:23:30-08:00,2019-11-08 17:57:05-08:00,0.886,0.0,0.0,0.0,America/Los_Angeles
caltech,2_39_123_23_2019-11-08 17:34:57.315723,2-39-123-23,CA-313,2019-11-08 09:34:57-08:00,2019-11-08 18:24:43-08:00,2019-11-08 11:16:57-08:00,5.456,8.0,20.0,523.0,America/Los_Angeles
caltech,2_39_92_436_2019-11-08 17:37:51.746912,2-39-92-436,CA-318,2019-11-08 09:37:52-08:00,2019-11-08 16:04:54-08:00,2019-11-08 15:57:28-08:00,7.895,8.0,20.0,60.0,America/Los_Angeles
caltech,2_39_91_437_2019-11-08 17:37:48.293617,2-39-91-437,CA-317,2019-11-08 09:38:00-08:00,2019-11-08 14:07:02-08:00,2019-11-08 10:12:32-08:00,3.264,12.0,30.0,273.0,America/Los_Angeles
caltech,2_39_88_24_2019-11-08 17:41:54.903559,2-39-88-24,CA-314,2019-11-08 09:41:55-08:00,2019-11-08 11:21:49-08:00,2019-11-08 10:12:58-08:00,0.957,0.0,0.0,0.0,America/Los_Angeles
caltech,2_39_79_376_2019-11-08 17:43:18.739495,2-39-79-376,CA-324,2019-11-08 09:43:19-08:00,2019-11-08 18:34:23-08:00,2019-11-08 13:22:52-08:00,8.785,12.0,30.0,431.0,America/Los_Angeles
caltech,2_39_79_383_2019-11-08 17:43:56.112643,2-39-79-383,CA-492,2019-11-08 09:43:56-08:00,2019-11-08 17:10:15-08:00,2019-11-08 12:15:31-08:00,10.591,14.6,50.0,198.0,America/Los_Angeles
caltech,2_39_89_25_2019-11-08 17:44:19.413201,2-39-89-25,CA-315,2019-11-08 09:44:19-08:00,2019-11-08 18:03:16-08:00,2019-11-08 10:40:39-08:00,1.798,8.88,20.0,168.0,America/Los_Angeles
caltech,2_39_92_442_2019-11-08 17:45:28.839095,2-39-92-442,CA-498,2019-11-08 09:45:29-08:00,2019-11-08 12:31:19-08:00,2019-11-08 11:30:18-08:00,4.123,4.25,10.0,135.0,America/Los_Angeles
caltech,2_39_90_440_2019-11-08 17:47:36.315404,2-39-90-440,CA-500,2019-11-08 09:47:36-08:00,2019-11-08 17:11:55-08:00,2019-11-08 12:39:36-08:00,18.164,40.0,100.0,60.0,America/Los_Angeles
caltech,2_39_78_363_2019-11-08 17:59:53.112586,2-39-78-363,CA-320,2019-11-08 09:59:53-08:00,2019-11-08 18:26:11-08:00,2019-11-08 17:57:15-08:00,12.886,15.2,38.0,173.0,America/Los_Angeles
caltech,2_39_91_441_2019-11-08 18:07:00.046219,2-39-91-441,CA-499,2019-11-08 10:07:00-08:00,2019-11-08 19:13:59-08:00,2019-11-08 11:59:06-08:00,11.627,24.0,60.0,60.0,America/Los_Angeles
caltech,2_39_90_26_2019-11-08 18:48:11.856492,2-39-90-26,CA-316,2019-11-08 10:48:12-08:00,2019-11-08 15:17:41-08:00,2019-11-08 14:26:30-08:00,11.23,15.0,40.0,378.0,America/Los_Angeles
caltech,2_39_88_24_2019-11-08 19:28:38.529397,2-39-88-24,CA-314,2019-11-08 11:28:39-08:00,2019-11-08 15:09:23-08:00,2019-11-08 13:26:20-08:00,8.059,16.0,40.0,185.0,America/Los_Angeles
caltech,2_39_83_386_2019-11-08 19:30:39.864310,2-39-83-386,CA-212,2019-11-08 11:30:40-08:00,2019-11-08 18:29:42-08:00,2019-11-08 18:29:37-08:00,47.532,104.0,200.0,715.0,America/Los_Angeles
caltech,2_39_138_29_2019-11-08 19:57:36.657125,2-39-138-29,CA-304,2019-11-08 11:57:37-08:00,2019-11-08 21:48:12-08:00,2019-11-08 12:58:13-08:00,2.013,16.0,40.0,291.0,America/Los_Angeles
caltech,2_39_78_362_2019-11-08 20:35:00.895891,2-39-78-362,CA-496,2019-11-08 12:35:01-08:00,2019-11-08 17:45:15-08:00,2019-11-08 17:46:15-08:00,7.044,8.0,20.0,60.0,America/Los_Angeles
caltech,2_39_79_380_2019-11-08 21:30:26.231340,2-39-79-380,CA-489,2019-11-08 13:30:26-08:00,2019-11-08 17:18:01-08:00,2019-11-08 15:58:16-08:00,0.992,0.0,0.0,0.0,America/Los_Angeles
caltech,2_39_91_437_2019-11-08 22:12:16.577585,2-39-91-437,CA-317,2019-11-08 14:12:17-08:00,2019-11-08 16:40:58-08:00,2019-11-08 16:40:54-08:00,8.633,20.0,50.0,60.0,America/Los_Angeles
caltech,2_39_78_367_2019-11-08 22:27:46.588589,2-39-78-367,CA-494,2019-11-08 14:27:47-08:00,2019-11-08 18:00:43-08:00,2019-11-08 16:29:30-08:00,0.86,0.0,0.0,0.0,America/Los_Angeles
caltech,2_39_139_28_2019-11-09 16:48:37.057014,2-39-139-28,CA-303,2019-11-09 08:48:37-08:00,2019-11-09 11:20:08-08:00,2019-11-09 09:19:36-08:00,0.978,0.0,0.0,0.0,America/Los_Angeles
caltech,2_39_131_30_2019-11-09 16:52:07.397936,2-39-131-30,CA-305,2019-11-09 08:52:17-08:00,2019-11-09 11:44:02-08:00,2019-11-09 11:41:09-08:00,7.288,8.0,20.0,60.0,America/Los_Angeles
caltech,2_39_92_442_2019-11-09 18:30:08.416810,2-39-92-442,CA-498,2019-11-09 10:30:08-08:00,2019-11-09 15:08:49-08:00,2019-11-09 12:22:27-08:00,5.854,8.0,20.0,72.0,America/Los_Angeles
caltech,2_39_131_30_2019-11-09 21:25:02.972703,2-39-131-30,CA-305,2019-11-09 13:25:03-08:00,2019-11-09 13:48:22-08:00,2019-11-09 13:48:18-08:00,1.245,12.0,20.0,109.0,America/Los_Angeles
caltech,2_39_139_28_2019-11-09 23:57:36.821481,2-39-139-28,CA-303,2019-11-09 15:57:37-08:00,2019-11-09 18:36:10-08:00,2019-11-09 16:28:00-08:00,0.86,0.0,0.0,0.0,America/Los_Angeles
caltech,2_39_131_30_2019-11-10 00:40:07.093675,2-39-131-30,CA-305,2019-11-09 16:40:07-08:00,2019-11-09 17:00:13-08:00,2019-11-09 17:00:08-08:00,1.863,8.0,20.0,123.0,America/Los_Angeles
caltech,2_39_131_30_2019-11-10 01:07:14.787032,2-39-131-30,CA-305,2019-11-09 17:07:15-08:00,2019-11-09 18:16:40-08:00,2019-11-09 18:16:35-08:00,7.85,8.0,20.0,123.0,America/Los_Angeles
caltech,2_39_91_437_2019-11-10 02:20:55.822522,2-39-91-437,CA-317,2019-11-09 18:20:56-08:00,2019-11-09 22:12:19-08:00,2019-11-09 22:12:15-08:00,13.652,20.0,50.0,193.0,America/Los_Angeles
caltech,2_39_139_28_2019-11-10 03:47:17.433313,2-39-139-28,CA-303,2019-11-09 19:47:17-08:00,2019-11-09 21:44:04-08:00,2019-11-09 21:43:59-08:00,6.857,8.0,20.0,109.0,America/Los_Angeles
caltech,2_39_139_28_2019-11-10 08:08:37.573857,2-39-139-28,CA-303,2019-11-10 00:08:38-08:00,2019-11-10 12:44:11-08:00,2019-11-10 07:09:09-08:00,47.33,50.0,250.0,445.0,America/Los_Angeles
caltech,2_39_131_30_2019-11-10 16:46:34.448442,2-39-131-30,CA-305,2019-11-10 08:46:34-08:00,2019-11-10 09:53:42-08:00,2019-11-10 09:53:38-08:00,3.875,9.99,30.0,104.0,America/Los_Angeles
caltech,2_39_79_377_2019-11-10 17:15:39.995762,2-39-79-377,CA-325,2019-11-10 09:15:40-08:00,2019-11-10 16:01:37-08:00,2019-11-10 15:30:14-08:00,39.88,37.5,150.0,462.0,America/Los_Angeles
caltech,2_39_131_30_2019-11-10 18:13:00.479317,2-39-131-30,CA-305,2019-11-10 10:13:00-08:00,2019-11-10 12:58:08-08:00,2019-11-10 11:29:58-08:00,7.827,40.0,100.0,428.0,America/Los_Angeles
caltech,2_39_129_17_2019-11-10 19:08:42.289238,2-39-129-17,CA-307,2019-11-10 11:08:42-08:00,2019-11-10 16:22:35-08:00,2019-11-10 15:53:37-08:00,16.239,36.0,60.0,542.0,America/Los_Angeles
caltech,2_39_124_22_2019-11-10 19:36:03.197026,2-39-124-22,CA-312,2019-11-10 11:36:03-08:00,2019-11-10 13:09:19-08:00,2019-11-10 13:09:15-08:00,10.419,16.0,40.0,106.0,America/Los_Angeles
caltech,2_39_127_19_2019-11-10 19:36:34.797353,2-39-127-19,CA-309,2019-11-10 11:36:35-08:00,2019-11-10 16:52:50-08:00,2019-11-10 15:16:12-08:00,11.597,15.2,38.0,173.0,America/Los_Angeles
caltech,2_39_139_28_2019-11-10 21:47:30.017899,2-39-139-28,CA-303,2019-11-10 13:47:30-08:00,2019-11-10 16:30:19-08:00,2019-11-10 16:15:32-08:00,15.878,16.0,40.0,173.0,America/Los_Angeles
caltech,2_39_89_25_2019-11-10 22:10:36.933326,2-39-89-25,CA-315,2019-11-10 14:10:37-08:00,2019-11-10 16:28:56-08:00,2019-11-10 16:28:51-08:00,8.181,20.0,50.0,192.0,America/Los_Angeles
caltech,2_39_131_30_2019-11-11 00:23:02.428015,2-39-131-30,CA-305,2019-11-10 16:23:02-08:00,2019-11-10 17:59:43-08:00,2019-11-10 17:07:50-08:00,2.435,30.0,50.0,285.0,America/Los_Angeles
caltech,2_39_78_366_2019-11-11 15:38:05.732296,2-39-78-366,CA-323,2019-11-11 07:38:06-08:00,2019-11-11 17:20:39-08:00,2019-11-11 16:11:49-08:00,42.079,57.6,160.0,600.0,America/Los_Angeles
caltech,2_39_79_379_2019-11-11 15:40:26.279566,2-39-79-379,CA-327,2019-11-11 07:40:26-08:00,2019-11-11 17:16:23-08:00,2019-11-11 17:16:18-08:00,3.923,12.0,30.0,506.0,America/Los_Angeles
caltech,2_39_79_382_2019-11-11 16:01:38.014151,2-39-79-382,CA-491,2019-11-11 08:01:38-08:00,2019-11-11 17:14:07-08:00,2019-11-11 10:06:01-08:00,6.52,8.0,20.0,60.0,America/Los_Angeles
caltech,2_39_79_380_2019-11-11 16:28:21.346020,2-39-79-380,CA-489,2019-11-11 08:28:21-08:00,2019-11-11 09:38:10-08:00,2019-11-11 09:23:15-08:00,1.605,4.0,10.0,61.0,America/Los_Angeles
caltech,2_39_79_377_2019-11-11 16:30:55.024147,2-39-79-377,CA-325,2019-11-11 08:30:55-08:00,2019-11-11 17:39:31-08:00,2019-11-11 14:17:02-08:00,28.922,37.5,150.0,436.0,America/Los_Angeles
caltech,2_39_79_378_2019-11-11 16:31:17.988432,2-39-79-378,CA-326,2019-11-11 08:31:18-08:00,2019-11-11 18:08:36-08:00,2019-11-11 08:57:30-08:00,0.723,0.0,0.0,0.0,America/Los_Angeles
caltech,2_39_78_365_2019-11-11 16:33:41.279969,2-39-78-365,CA-321,2019-11-11 08:33:41-08:00,2019-11-11 21:11:51-08:00,2019-11-11 15:36:17-08:00,16.748,24.0,60.0,443.0,America/Los_Angeles
caltech,2_39_131_30_2019-11-11 16:37:27.051161,2-39-131-30,CA-305,2019-11-11 08:37:27-08:00,2019-11-11 17:30:22-08:00,2019-11-11 10:11:38-08:00,5.08,7.0,20.0,212.0,America/Los_Angeles
caltech,2_39_78_362_2019-11-11 16:37:50.740930,2-39-78-362,CA-496,2019-11-11 08:37:51-08:00,2019-11-11 10:31:33-08:00,2019-11-11 10:32:33-08:00,6.061,14.6,50.0,332.0,America/Los_Angeles
caltech,2_39_92_442_2019-11-11 17:01:55.603444,2-39-92-442,CA-498,2019-11-11 09:01:56-08:00,2019-11-11 20:01:51-08:00,2019-11-11 12:33:28-08:00,11.254,15.0,40.0,378.0,America/Los_Angeles
caltech,2_39_127_19_2019-11-11 17:05:32.241282,2-39-127-19,CA-309,2019-11-11 09:05:32-08:00,2019-11-11 18:26:02-08:00,2019-11-11 10:15:45-08:00,3.857,8.0,20.0,523.0,America/Los_Angeles
caltech,2_39_78_361_2019-11-11 17:10:00.690878,2-39-78-361,CA-493,2019-11-11 09:10:01-08:00,2019-11-11 14:30:48-08:00,2019-11-11 14:29:25-08:00,0.881,0.0,0.0,0.0,America/Los_Angeles
caltech,2_39_126_20_2019-11-11 17:11:29.462372,2-39-126-20,CA-310,2019-11-11 09:11:29-08:00,2019-11-11 12:34:26-08:00,2019-11-11 10:04:21-08:00,2.351,12.0,20.0,242.0,America/Los_Angeles
caltech,2_39_79_383_2019-11-11 17:25:51.542693,2-39-79-383,CA-492,2019-11-11 09:26:03-08:00,2019-11-11 19:25:50-08:00,2019-11-11 19:25:47-08:00,44.298,60.0,250.0,576.0,America/Los_Angeles
caltech,2_39_89_25_2019-11-11 17:28:59.188402,2-39-89-25,CA-315,2019-11-11 09:28:59-08:00,2019-11-11 10:23:46-08:00,2019-11-11 10:23:41-08:00,3.085,8.0,20.0,43.0,America/Los_Angeles
caltech,2_39_124_22_2019-11-11 17:34:04.380893,2-39-124-22,CA-312,2019-11-11 09:34:06-08:00,2019-11-11 16:04:29-08:00,2019-11-11 10:57:02-08:00,8.848,20.0,50.0,226.0,America/Los_Angeles
caltech,2_39_79_376_2019-11-11 17:47:52.741802,2-39-79-376,CA-324,2019-11-11 09:47:53-08:00,2019-11-11 12:18:29-08:00,2019-11-11 12:18:24-08:00,5.156,12.0,20.0,60.0,America/Los_Angeles
caltech,2_39_79_381_2019-11-11 17:48:06.032537,2-39-79-381,CA-490,2019-11-11 09:48:06-08:00,2019-11-11 16:51:47-08:00,2019-11-11 16:51:34-08:00,18.094,20.0,50.0,360.0,America/Los_Angeles
caltech,2_39_88_24_2019-11-11 17:49:27.797073,2-39-88-24,CA-314,2019-11-11 09:49:28-08:00,2019-11-11 18:20:03-08:00,2019-11-11 10:35:49-08:00,1.397,8.88,20.0,168.0,America/Los_Angeles
caltech,2_39_79_380_2019-11-11 18:00:30.308388,2-39-79-380,CA-489,2019-11-11 10:00:30-08:00,2019-11-11 17:26:00-08:00,2019-11-11 14:51:31-08:00,17.398,40.0,100.0,371.0,America/Los_Angeles
caltech,2_39_92_436_2019-11-11 18:15:33.455645,2-39-92-436,CA-318,2019-11-11 10:15:33-08:00,2019-11-11 12:40:19-08:00,2019-11-11 11:48:17-08:00,9.777,20.0,50.0,173.0,America/Los_Angeles
caltech,2_39_78_360_2019-11-11 18:16:08.647723,2-39-78-360,CA-322,2019-11-11 10:16:09-08:00,2019-11-11 11:51:35-08:00,2019-11-11 11:32:42-08:00,0.95,0.0,0.0,0.0,America/Los_Angeles
caltech,2_39_90_26_2019-11-11 18:24:12.875744,2-39-90-26,CA-316,2019-11-11 10:24:25-08:00,2019-11-11 16:35:35-08:00,2019-11-11 12:34:40-08:00,13.717,20.0,50.0,274.0,America/Los_Angeles
caltech,2_39_95_444_2019-11-11 18:31:55.531668,2-39-95-444,CA-497,2019-11-11 10:31:56-08:00,2019-11-11 12:34:57-08:00,2019-11-11 11:17:02-08:00,4.147,4.25,10.0,166.0,America/Los_Angeles
caltech,2_39_78_362_2019-11-11 18:32:49.925569,2-39-78-362,CA-496,2019-11-11 10:32:50-08:00,2019-11-11 17:44:30-08:00,2019-11-11 17:45:27-08:00,1.7632138590140236,14.6,50.0,264.0,America/Los_Angeles
caltech,2_39_123_23_2019-11-11 18:39:08.263297,2-39-123-23,CA-313,2019-11-11 10:39:08-08:00,2019-11-11 17:01:55-08:00,2019-11-11 12:09:30-08:00,4.62,8.0,20.0,60.0,America/Los_Angeles
caltech,2_39_78_363_2019-11-11 18:47:21.016274,2-39-78-363,CA-320,2019-11-11 10:47:21-08:00,2019-11-11 16:59:59-08:00,2019-11-11 16:59:57-08:00,35.061,40.0,100.0,374.0,America/Los_Angeles
caltech,2_39_91_437_2019-11-11 19:28:16.834833,2-39-91-437,CA-317,2019-11-11 11:28:17-08:00,2019-11-11 18:05:14-08:00,2019-11-11 14:14:15-08:00,18.092,40.0,100.0,419.0,America/Los_Angeles
caltech,2_39_91_441_2019-11-11 19:48:49.930812,2-39-91-441,CA-499,2019-11-11 11:48:50-08:00,2019-11-11 16:21:09-08:00,2019-11-11 16:21:04-08:00,28.674,40.04,110.0,60.0,America/Los_Angeles
caltech,2_39_90_440_2019-11-11 19:54:54.550148,2-39-90-440,CA-500,2019-11-11 11:54:55-08:00,2019-11-11 16:44:01-08:00,2019-11-11 12:56:39-08:00,2.887,8.0,20.0,322.0,America/Los_Angeles
caltech,2_39_126_20_2019-11-11 20:36:52.505901,2-39-126-20,CA-310,2019-11-11 12:36:52-08:00,2019-11-11 13:04:51-08:00,2019-11-11 13:04:47-08:00,0.722,0.0,0.0,0.0,America/Los_Angeles
caltech,2_39_79_376_2019-11-11 20:38:54.350648,2-39-79-376,CA-324,2019-11-11 12:38:54-08:00,2019-11-11 22:01:38-08:00,2019-11-11 13:54:06-08:00,1.991,16.0,40.0,291.0,America/Los_Angeles
caltech,2_39_78_360_2019-11-11 22:17:47.382717,2-39-78-360,CA-322,2019-11-11 14:17:47-08:00,2019-11-11 15:34:32-08:00,2019-11-11 15:34:29-08:00,4.722,40.0,100.0,562.0,America/Los_Angeles
caltech,2_39_78_361_2019-11-11 22:50:51.509927,2-39-78-361,CA-493,2019-11-11 14:50:51-08:00,2019-11-11 16:34:03-08:00,2019-11-11 16:19:14-08:00,0.863,0.0,0.0,0.0,America/Los_Angeles
caltech,2_39_78_367_2019-11-11 23:10:18.198277,2-39-78-367,CA-494,2019-11-11 15:10:18-08:00,2019-11-11 18:08:46-08:00,2019-11-11 17:58:11-08:00,0.886,0.0,0.0,0.0,America/Los_Angeles
caltech,2_39_95_444_2019-11-11 23:30:34.849857,2-39-95-444,CA-497,2019-11-11 15:30:35-08:00,2019-11-11 16:39:36-08:00,2019-11-11 16:39:32-08:00,6.653,40.0,100.0,428.0,America/Los_Angeles
caltech,2_39_78_361_2019-11-12 00:51:08.746587,2-39-78-361,CA-493,2019-11-11 16:51:09-08:00,2019-11-11 17:47:14-08:00,2019-11-11 17:22:13-08:00,0.88,0.0,0.0,0.0,America/Los_Angeles
caltech,2_39_129_17_2019-11-12 01:15:08.044432,2-39-129-17,CA-307,2019-11-11 17:15:08-08:00,2019-11-11 20:54:54-08:00,2019-11-11 19:48:48-08:00,8.719,32.0,80.0,311.0,America/Los_Angeles
caltech,2_39_130_31_2019-11-12 01:22:07.458483,2-39-130-31,CA-306,2019-11-11 17:22:07-08:00,2019-11-11 21:26:43-08:00,2019-11-11 21:25:47-08:00,22.682,25.0,100.0,259.0,America/Los_Angeles
caltech,2_39_131_30_2019-11-12 02:59:13.354161,2-39-131-30,CA-305,2019-11-11 18:59:21-08:00,2019-11-11 20:38:24-08:00,2019-11-11 20:25:12-08:00,7.643,13.32,30.0,154.0,America/Los_Angeles
caltech,2_39_139_28_2019-11-12 15:03:41.619133,2-39-139-28,CA-303,2019-11-12 07:03:42-08:00,2019-11-12 18:26:09-08:00,2019-11-12 09:46:34-08:00,17.339,36.54,140.0,458.0,America/Los_Angeles
caltech,2_39_79_380_2019-11-12 15:18:59.905684,2-39-79-380,CA-489,2019-11-12 07:19:00-08:00,2019-11-12 08:57:46-08:00,2019-11-12 08:58:45-08:00,0.875,0.0,0.0,0.0,America/Los_Angeles
caltech,2_39_79_377_2019-11-12 15:59:21.909311,2-39-79-377,CA-325,2019-11-12 07:59:22-08:00,2019-11-12 20:14:41-08:00,2019-11-12 13:04:45-08:00,13.762,24.0,60.0,629.0,America/Los_Angeles
caltech,2_39_92_442_2019-11-12 16:11:28.569368,2-39-92-442,CA-498,2019-11-12 08:11:29-08:00,2019-11-12 17:21:44-08:00,2019-11-12 15:47:56-08:00,49.054,56.0,140.0,546.0,America/Los_Angeles
caltech,2_39_78_366_2019-11-12 16:19:29.819438,2-39-78-366,CA-323,2019-11-12 08:19:30-08:00,2019-11-12 17:41:10-08:00,2019-11-12 15:05:18-08:00,0.864,0.0,0.0,0.0,America/Los_Angeles
caltech,2_39_131_30_2019-11-12 16:33:18.763603,2-39-131-30,CA-305,2019-11-12 08:33:19-08:00,2019-11-12 17:12:07-08:00,2019-11-12 11:13:41-08:00,10.457,12.0,30.0,505.0,America/Los_Angeles
caltech,2_39_91_437_2019-11-12 16:37:35.266474,2-39-91-437,CA-317,2019-11-12 08:37:35-08:00,2019-11-12 17:20:07-08:00,2019-11-12 10:48:55-08:00,12.906,18.0,30.0,434.0,America/Los_Angeles
caltech,2_39_89_25_2019-11-12 16:45:21.789088,2-39-89-25,CA-315,2019-11-12 08:45:22-08:00,2019-11-12 17:30:04-08:00,2019-11-12 11:37:22-08:00,16.15,24.0,60.0,236.0,America/Los_Angeles
caltech,2_39_78_363_2019-11-12 16:45:36.381986,2-39-78-363,CA-320,2019-11-12 08:45:48-08:00,2019-11-12 15:12:19-08:00,2019-11-12 13:43:33-08:00,9.256,12.0,30.0,344.0,America/Los_Angeles
caltech,2_39_78_362_2019-11-12 16:53:00.754302,2-39-78-362,CA-496,2019-11-12 08:53:01-08:00,2019-11-12 16:14:58-08:00,2019-11-12 16:15:57-08:00,10.911,14.6,50.0,364.0,America/Los_Angeles
caltech,2_39_79_380_2019-11-12 16:58:13.926919,2-39-79-380,CA-489,2019-11-12 08:58:14-08:00,2019-11-12 17:14:06-08:00,2019-11-12 09:29:02-08:00,0.775,0.0,0.0,0.0,America/Los_Angeles
caltech,2_39_127_19_2019-11-12 17:00:21.684827,2-39-127-19,CA-309,2019-11-12 09:00:22-08:00,2019-11-12 12:29:49-08:00,2019-11-12 11:10:35-08:00,4.999,7.0,20.0,212.0,America/Los_Angeles
caltech,2_39_78_361_2019-11-12 17:01:27.025566,2-39-78-361,CA-493,2019-11-12 09:01:27-08:00,2019-11-12 18:12:39-08:00,2019-11-12 18:06:27-08:00,36.844,36.96,160.0,453.0,America/Los_Angeles
caltech,2_39_123_23_2019-11-12 17:09:05.671586,2-39-123-23,CA-313,2019-11-12 09:09:06-08:00,2019-11-12 17:53:01-08:00,2019-11-12 09:53:01-08:00,1.856,8.0,20.0,113.0,America/Los_Angeles
caltech,2_39_124_22_2019-11-12 17:09:23.869033,2-39-124-22,CA-312,2019-11-12 09:09:24-08:00,2019-11-12 17:48:27-08:00,2019-11-12 15:48:51-08:00,39.878,40.0,200.0,462.0,America/Los_Angeles
caltech,2_39_78_365_2019-11-12 17:10:26.239352,2-39-78-365,CA-321,2019-11-12 09:10:26-08:00,2019-11-12 18:08:29-08:00,2019-11-12 12:49:21-08:00,6.554,8.0,20.0,786.0,America/Los_Angeles
caltech,2_39_79_378_2019-11-12 17:10:53.300761,2-39-79-378,CA-326,2019-11-12 09:10:53-08:00,2019-11-12 18:11:09-08:00,2019-11-12 12:38:57-08:00,17.114,37.5,150.0,436.0,America/Los_Angeles
caltech,2_39_89_439_2019-11-12 17:31:05.452264,2-39-89-439,CA-501,2019-11-12 09:31:05-08:00,2019-11-12 17:16:22-08:00,2019-11-12 12:08:26-08:00,4.173,8.0,20.0,435.0,America/Los_Angeles
caltech,2_39_92_436_2019-11-12 17:42:07.601086,2-39-92-436,CA-318,2019-11-12 09:42:08-08:00,2019-11-12 18:39:50-08:00,2019-11-12 17:10:50-08:00,17.933,18.0,30.0,60.0,America/Los_Angeles
caltech,2_39_90_440_2019-11-12 17:42:26.152207,2-39-90-440,CA-500,2019-11-12 09:42:26-08:00,2019-11-12 16:05:49-08:00,2019-11-12 12:51:47-08:00,13.559,20.0,50.0,226.0,America/Los_Angeles
caltech,2_39_79_381_2019-11-12 17:49:19.319246,2-39-79-381,CA-490,2019-11-12 09:49:19-08:00,2019-11-12 11:56:52-08:00,2019-11-12 11:56:47-08:00,8.13,20.0,50.0,254.0,America/Los_Angeles
caltech,2_39_95_444_2019-11-12 17:50:17.430561,2-39-95-444,CA-497,2019-11-12 09:50:17-08:00,2019-11-12 18:12:25-08:00,2019-11-12 12:27:55-08:00,16.551,40.0,100.0,60.0,America/Los_Angeles
caltech,2_39_78_360_2019-11-12 18:01:04.053917,2-39-78-360,CA-322,2019-11-12 10:01:04-08:00,2019-11-12 13:19:49-08:00,2019-11-12 11:51:47-08:00,5.719,15.2,38.0,173.0,America/Los_Angeles
caltech,2_39_79_376_2019-11-12 18:05:16.487709,2-39-79-376,CA-324,2019-11-12 10:05:16-08:00,2019-11-12 12:27:24-08:00,2019-11-12 12:27:20-08:00,6.674,12.0,30.0,220.0,America/Los_Angeles
caltech,2_39_123_557_2019-11-12 18:06:51.793546,2-39-123-557,CA-503,2019-11-12 10:06:52-08:00,2019-11-12 16:58:24-08:00,2019-11-12 16:37:03-08:00,9.898,10.0,40.0,404.0,America/Los_Angeles
caltech,2_39_78_364_2019-11-12 18:06:56.628234,2-39-78-364,CA-495,2019-11-12 10:06:57-08:00,2019-11-12 18:30:15-08:00,2019-11-12 12:52:02-08:00,10.907,40.0,100.0,415.0,America/Los_Angeles
caltech,2_39_91_441_2019-11-12 18:09:08.516474,2-39-91-441,CA-499,2019-11-12 10:09:09-08:00,2019-11-12 17:56:50-08:00,2019-11-12 16:01:04-08:00,3.408,28.0,70.0,60.0,America/Los_Angeles
caltech,2_39_88_24_2019-11-12 19:46:14.049370,2-39-88-24,CA-314,2019-11-12 11:46:14-08:00,2019-11-12 19:08:59-08:00,2019-11-12 16:58:04-08:00,35.183,40.0,200.0,466.0,America/Los_Angeles
caltech,2_39_127_19_2019-11-12 20:48:23.666984,2-39-127-19,CA-309,2019-11-12 12:48:24-08:00,2019-11-12 20:44:07-08:00,2019-11-12 18:49:10-08:00,39.886,40.0,100.0,383.0,America/Los_Angeles
caltech,2_39_128_18_2019-11-12 20:51:19.354718,2-39-128-18,CA-308,2019-11-12 12:51:19-08:00,2019-11-12 21:25:27-08:00,2019-11-12 13:52:27-08:00,1.94,16.0,40.0,291.0,America/Los_Angeles
caltech,2_39_79_376_2019-11-12 21:24:09.010844,2-39-79-376,CA-324,2019-11-12 13:24:09-08:00,2019-11-12 14:05:04-08:00,2019-11-12 13:55:24-08:00,0.788,0.0,0.0,0.0,America/Los_Angeles
caltech,2_39_90_26_2019-11-12 21:31:32.818709,2-39-90-26,CA-316,2019-11-12 13:31:33-08:00,2019-11-12 19:49:19-08:00,2019-11-12 13:55:50-08:00,1.245,3.5,10.0,212.0,America/Los_Angeles
caltech,2_39_78_367_2019-11-12 21:45:43.106464,2-39-78-367,CA-494,2019-11-12 13:45:43-08:00,2019-11-12 16:36:21-08:00,2019-11-12 16:34:57-08:00,7.903,8.0,20.0,60.0,America/Los_Angeles
caltech,2_39_79_376_2019-11-12 22:08:01.416657,2-39-79-376,CA-324,2019-11-12 14:08:01-08:00,2019-11-12 19:11:19-08:00,2019-11-12 15:59:32-08:00,6.19,12.0,30.0,220.0,America/Los_Angeles
caltech,2_39_95_27_2019-11-12 23:57:01.156150,2-39-95-27,CA-319,2019-11-12 15:57:01-08:00,2019-11-12 20:29:15-08:00,2019-11-12 20:29:11-08:00,15.756,36.0,60.0,285.0,America/Los_Angeles
caltech,2_39_78_360_2019-11-13 00:51:31.479064,2-39-78-360,CA-322,2019-11-12 16:51:31-08:00,2019-11-12 18:42:18-08:00,2019-11-12 18:42:12-08:00,5.89,8.0,20.0,60.0,America/Los_Angeles
caltech,2_39_78_367_2019-11-13 00:53:49.541927,2-39-78-367,CA-494,2019-11-12 16:53:50-08:00,2019-11-12 18:19:11-08:00,2019-11-12 17:54:03-08:00,1.114,0.0,0.0,0.0,America/Los_Angeles
caltech,2_39_91_441_2019-11-13 01:59:08.367863,2-39-91-441,CA-499,2019-11-12 17:59:08-08:00,2019-11-12 19:14:17-08:00,2019-11-12 19:14:12-08:00,8.496,28.0,70.0,60.0,America/Los_Angeles
caltech,2_39_125_559_2019-11-13 02:37:18.739456,2-39-125-559,CA-505,2019-11-12 18:37:19-08:00,2019-11-12 20:08:25-08:00,2019-11-12 20:08:20-08:00,10.018,10.8,30.0,86.0,America/Los_Angeles
caltech,2_39_139_28_2019-11-13 02:53:32.256767,2-39-139-28,CA-303,2019-11-12 18:53:32-08:00,2019-11-12 20:38:26-08:00,2019-11-12 19:54:52-08:00,5.38,24.0,60.0,248.0,America/Los_Angeles
caltech,2_39_88_24_2019-11-13 03:23:45.237159,2-39-88-24,CA-314,2019-11-12 19:23:45-08:00,2019-11-12 22:21:21-08:00,2019-11-12 22:18:03-08:00,16.103,28.0,70.0,132.0,America/Los_Angeles
caltech,2_39_138_29_2019-11-13 04:21:03.636851,2-39-138-29,CA-304,2019-11-12 20:21:04-08:00,2019-11-12 21:44:36-08:00,2019-11-12 21:44:32-08:00,9.665,30.0,80.0,115.0,America/Los_Angeles
caltech,2_39_131_30_2019-11-13 06:22:26.530733,2-39-131-30,CA-305,2019-11-12 22:22:27-08:00,2019-11-13 06:47:47-08:00,2019-11-13 06:48:45-08:00,0.968,0.0,0.0,0.0,America/Los_Angeles
caltech,2_39_131_30_2019-11-13 14:47:50.343301,2-39-131-30,CA-305,2019-11-13 06:47:50-08:00,2019-11-13 15:48:58-08:00,2019-11-13 07:18:54-08:00,0.97,0.0,0.0,0.0,America/Los_Angeles
caltech,2_39_79_380_2019-11-13 15:09:19.566345,2-39-79-380,CA-489,2019-11-13 07:09:20-08:00,2019-11-13 14:42:38-08:00,2019-11-13 07:39:36-08:00,0.847,0.0,0.0,0.0,America/Los_Angeles
caltech,2_39_79_382_2019-11-13 15:39:44.192911,2-39-79-382,CA-491,2019-11-13 07:39:44-08:00,2019-11-13 14:02:54-08:00,2019-11-13 11:43:16-08:00,0.892,0.0,0.0,0.0,America/Los_Angeles
caltech,2_39_78_366_2019-11-13 16:11:30.210540,2-39-78-366,CA-323,2019-11-13 08:11:30-08:00,2019-11-13 17:10:54-08:00,2019-11-13 12:24:20-08:00,0.85,0.0,0.0,0.0,America/Los_Angeles
caltech,2_39_79_377_2019-11-13 16:33:13.659015,2-39-79-377,CA-325,2019-11-13 08:33:14-08:00,2019-11-13 18:20:15-08:00,2019-11-13 08:55:13-08:00,0.589,0.0,0.0,0.0,America/Los_Angeles
caltech,2_39_79_381_2019-11-13 16:38:02.486236,2-39-79-381,CA-490,2019-11-13 08:38:02-08:00,2019-11-13 12:37:35-08:00,2019-11-13 09:01:44-08:00,2.4714158333333334,8.0,20.0,60.0,America/Los_Angeles
caltech,2_39_78_362_2019-11-13 16:42:41.832608,2-39-78-362,CA-496,2019-11-13 08:42:42-08:00,2019-11-13 16:54:41-08:00,2019-11-13 16:55:38-08:00,8.29,14.6,50.0,364.0,America/Los_Angeles
caltech,2_39_78_367_2019-11-13 16:50:07.499671,2-39-78-367,CA-494,2019-11-13 08:50:07-08:00,2019-11-13 17:50:10-08:00,2019-11-13 17:30:11-08:00,21.556,40.0,100.0,518.0,America/Los_Angeles
caltech,2_39_125_559_2019-11-13 16:50:40.469497,2-39-125-559,CA-505,2019-11-13 08:50:40-08:00,2019-11-13 17:57:07-08:00,2019-11-13 16:57:17-08:00,0.767,0.0,0.0,0.0,America/Los_Angeles
caltech,2_39_79_378_2019-11-13 17:00:06.930548,2-39-79-378,CA-326,2019-11-13 09:00:07-08:00,2019-11-13 20:08:47-08:00,2019-11-13 11:53:53-08:00,18.577,37.5,150.0,436.0,America/Los_Angeles
caltech,2_39_79_383_2019-11-13 17:01:21.696696,2-39-79-383,CA-492,2019-11-13 09:01:22-08:00,2019-11-13 15:19:36-08:00,2019-11-13 10:04:28-08:00,3.157,8.0,20.0,254.0,America/Los_Angeles
caltech,2_39_92_436_2019-11-13 17:04:56.921481,2-39-92-436,CA-318,2019-11-13 09:04:57-08:00,2019-11-13 17:53:08-08:00,2019-11-13 15:00:20-08:00,7.897,8.0,20.0,60.0,America/Los_Angeles
caltech,2_39_89_25_2019-11-13 17:05:07.484649,2-39-89-25,CA-315,2019-11-13 09:05:07-08:00,2019-11-13 17:44:38-08:00,2019-11-13 10:42:19-08:00,4.946,8.0,20.0,435.0,America/Los_Angeles
caltech,2_39_123_23_2019-11-13 17:14:56.471599,2-39-123-23,CA-313,2019-11-13 09:14:56-08:00,2019-11-13 19:23:27-08:00,2019-11-13 10:39:12-08:00,4.502,6.5,20.0,212.0,America/Los_Angeles
caltech,2_39_95_27_2019-11-13 17:24:00.127414,2-39-95-27,CA-319,2019-11-13 09:24:00-08:00,2019-11-13 18:08:31-08:00,2019-11-13 10:28:49-08:00,7.422,20.0,50.0,451.0,America/Los_Angeles
caltech,2_39_90_440_2019-11-13 17:32:43.323467,2-39-90-440,CA-500,2019-11-13 09:32:43-08:00,2019-11-13 14:14:49-08:00,2019-11-13 10:27:14-08:00,5.429,8.56,40.0,256.0,America/Los_Angeles
caltech,2_39_92_442_2019-11-13 17:47:29.683489,2-39-92-442,CA-498,2019-11-13 09:47:30-08:00,2019-11-13 11:35:05-08:00,2019-11-13 11:35:00-08:00,11.548,28.14,60.0,257.0,America/Los_Angeles
caltech,2_39_90_26_2019-11-13 17:49:28.725290,2-39-90-26,CA-316,2019-11-13 09:49:29-08:00,2019-11-13 18:04:34-08:00,2019-11-13 13:50:54-08:00,11.894,12.0,30.0,366.0,America/Los_Angeles
caltech,2_39_78_360_2019-11-13 17:55:24.204100,2-39-78-360,CA-322,2019-11-13 09:55:24-08:00,2019-11-13 13:56:56-08:00,2019-11-13 11:45:13-08:00,6.4,20.0,50.0,270.0,America/Los_Angeles
caltech,2_39_91_437_2019-11-13 18:11:33.979967,2-39-91-437,CA-317,2019-11-13 10:11:34-08:00,2019-11-13 19:12:41-08:00,2019-11-13 12:21:16-08:00,13.72,32.0,80.0,60.0,America/Los_Angeles
caltech,2_39_124_22_2019-11-13 18:19:13.139148,2-39-124-22,CA-312,2019-11-13 10:19:13-08:00,2019-11-13 11:12:41-08:00,2019-11-13 11:13:39-08:00,0.886,0.0,0.0,0.0,America/Los_Angeles
caltech,2_39_88_438_2019-11-13 18:24:32.897294,2-39-88-438,CA-502,2019-11-13 10:24:33-08:00,2019-11-13 13:14:47-08:00,2019-11-13 11:09:35-08:00,4.116,4.25,10.0,166.0,America/Los_Angeles
caltech,2_39_88_24_2019-11-13 18:29:03.859653,2-39-88-24,CA-314,2019-11-13 10:29:04-08:00,2019-11-13 16:14:48-08:00,2019-11-13 12:53:25-08:00,7.879,8.0,20.0,60.0,America/Los_Angeles
caltech,2_39_124_22_2019-11-13 19:13:12.071222,2-39-124-22,CA-312,2019-11-13 11:13:12-08:00,2019-11-13 12:12:35-08:00,2019-11-13 11:43:32-08:00,0.891,0.0,0.0,0.0,America/Los_Angeles
caltech,2_39_91_441_2019-11-13 19:53:34.649757,2-39-91-441,CA-499,2019-11-13 11:53:35-08:00,2019-11-13 17:57:58-08:00,2019-11-13 12:38:57-08:00,2.005,8.0,20.0,113.0,America/Los_Angeles
caltech,2_39_124_22_2019-11-13 20:26:30.087895,2-39-124-22,CA-312,2019-11-13 12:26:30-08:00,2019-11-13 22:30:53-08:00,2019-11-13 13:27:27-08:00,2.002,16.0,40.0,291.0,America/Los_Angeles
caltech,2_39_79_381_2019-11-13 20:45:46.370923,2-39-79-381,CA-490,2019-11-13 12:45:46-08:00,2019-11-13 19:24:30-08:00,2019-11-13 16:05:06-08:00,6.43,8.0,20.0,60.0,America/Los_Angeles
caltech,2_39_123_557_2019-11-13 21:26:35.307994,2-39-123-557,CA-503,2019-11-13 13:26:35-08:00,2019-11-13 15:26:11-08:00,2019-11-13 13:57:03-08:00,0.897,0.0,0.0,0.0,America/Los_Angeles
caltech,2_39_90_440_2019-11-13 22:19:20.539962,2-39-90-440,CA-500,2019-11-13 14:19:21-08:00,2019-11-13 16:50:25-08:00,2019-11-13 15:05:14-08:00,4.142,4.25,10.0,166.0,America/Los_Angeles
caltech,2_39_78_360_2019-11-13 22:26:14.394236,2-39-78-360,CA-322,2019-11-13 14:26:14-08:00,2019-11-13 14:57:46-08:00,2019-11-13 14:57:04-08:00,0.834,0.0,0.0,0.0,America/Los_Angeles
caltech,2_39_88_438_2019-11-13 22:30:30.160593,2-39-88-438,CA-502,2019-11-13 14:30:30-08:00,2019-11-13 19:55:56-08:00,2019-11-13 16:26:53-08:00,11.871,40.0,100.0,415.0,America/Los_Angeles
caltech,2_39_139_28_2019-11-13 22:48:40.736678,2-39-139-28,CA-303,2019-11-13 14:48:41-08:00,2019-11-13 18:01:47-08:00,2019-11-13 18:01:42-08:00,9.873,15.2,38.0,173.0,America/Los_Angeles
caltech,2_39_79_380_2019-11-13 22:50:23.244757,2-39-79-380,CA-489,2019-11-13 14:50:23-08:00,2019-11-13 16:14:12-08:00,2019-11-13 16:09:16-08:00,3.817,6.66,20.0,87.0,America/Los_Angeles
caltech,2_39_78_363_2019-11-14 01:28:48.730651,2-39-78-363,CA-320,2019-11-13 17:28:49-08:00,2019-11-13 19:46:27-08:00,2019-11-13 17:59:25-08:00,0.88,0.0,0.0,0.0,America/Los_Angeles
caltech,2_39_139_28_2019-11-14 02:30:56.306824,2-39-139-28,CA-303,2019-11-13 18:30:56-08:00,2019-11-13 20:27:39-08:00,2019-11-13 19:01:20-08:00,0.864,0.0,0.0,0.0,America/Los_Angeles
caltech,2_39_79_382_2019-11-14 15:43:48.239844,2-39-79-382,CA-491,2019-11-14 07:43:48-08:00,2019-11-14 14:51:50-08:00,2019-11-14 14:46:30-08:00,1.597,0.0,0.0,0.0,America/Los_Angeles
caltech,2_39_78_366_2019-11-14 15:53:57.930967,2-39-78-366,CA-323,2019-11-14 07:53:58-08:00,2019-11-14 17:02:09-08:00,2019-11-14 13:29:07-08:00,17.931,21.6,60.0,600.0,America/Los_Angeles
caltech,2_39_79_380_2019-11-14 16:03:30.058400,2-39-79-380,CA-489,2019-11-14 08:03:30-08:00,2019-11-14 09:38:09-08:00,2019-11-14 09:38:04-08:00,9.596,24.0,60.0,233.0,America/Los_Angeles
caltech,2_39_79_381_2019-11-14 16:07:08.719577,2-39-79-381,CA-490,2019-11-14 08:07:09-08:00,2019-11-14 16:42:44-08:00,2019-11-14 13:54:15-08:00,0.976,0.0,0.0,0.0,America/Los_Angeles
caltech,2_39_79_377_2019-11-14 16:32:17.020013,2-39-79-377,CA-325,2019-11-14 08:32:17-08:00,2019-11-14 17:23:41-08:00,2019-11-14 08:55:23-08:00,0.636,0.0,0.0,0.0,America/Los_Angeles
caltech,2_39_91_437_2019-11-14 16:35:04.997603,2-39-91-437,CA-317,2019-11-14 08:35:05-08:00,2019-11-14 16:48:14-08:00,2019-11-14 10:05:47-08:00,8.49,24.0,60.0,236.0,America/Los_Angeles
caltech,2_39_89_25_2019-11-14 16:35:53.384714,2-39-89-25,CA-315,2019-11-14 08:35:53-08:00,2019-11-14 17:14:46-08:00,2019-11-14 09:55:53-08:00,3.997,8.0,20.0,435.0,America/Los_Angeles
caltech,2_39_78_367_2019-11-14 16:36:10.883937,2-39-78-367,CA-494,2019-11-14 08:36:11-08:00,2019-11-14 13:41:36-08:00,2019-11-14 13:14:26-08:00,13.122,14.6,50.0,364.0,America/Los_Angeles
caltech,2_39_139_28_2019-11-14 16:38:10.950875,2-39-139-28,CA-303,2019-11-14 08:38:11-08:00,2019-11-14 12:19:32-08:00,2019-11-14 10:09:24-08:00,4.846,6.5,20.0,212.0,America/Los_Angeles
caltech,2_39_79_378_2019-11-14 16:45:26.927938,2-39-79-378,CA-326,2019-11-14 08:45:27-08:00,2019-11-14 16:19:17-08:00,2019-11-14 11:30:29-08:00,9.176,24.0,60.0,438.0,America/Los_Angeles
caltech,2_39_131_30_2019-11-14 16:53:25.001053,2-39-131-30,CA-305,2019-11-14 08:53:25-08:00,2019-11-14 16:46:30-08:00,2019-11-14 11:19:48-08:00,7.687,12.0,30.0,453.0,America/Los_Angeles
caltech,2_39_79_376_2019-11-14 16:55:18.380859,2-39-79-376,CA-324,2019-11-14 08:55:18-08:00,2019-11-14 16:28:53-08:00,2019-11-14 11:42:58-08:00,17.866,37.5,150.0,436.0,America/Los_Angeles
caltech,2_39_78_363_2019-11-14 17:26:14.629971,2-39-78-363,CA-320,2019-11-14 09:26:15-08:00,2019-11-14 15:39:59-08:00,2019-11-14 10:59:59-08:00,4.737,8.0,20.0,60.0,America/Los_Angeles
caltech,2_39_78_365_2019-11-14 17:26:25.417937,2-39-78-365,CA-321,2019-11-14 09:26:25-08:00,2019-11-14 17:36:05-08:00,2019-11-14 17:36:03-08:00,6.427,20.0,50.0,451.0,America/Los_Angeles
caltech,2_39_92_442_2019-11-14 17:28:14.364403,2-39-92-442,CA-498,2019-11-14 09:28:23-08:00,2019-11-14 13:12:05-08:00,2019-11-14 11:38:21-08:00,13.707,20.0,50.0,344.0,America/Los_Angeles
caltech,2_39_123_23_2019-11-14 17:32:05.388029,2-39-123-23,CA-313,2019-11-14 09:32:05-08:00,2019-11-14 18:37:33-08:00,2019-11-14 10:48:53-08:00,3.827,8.0,20.0,423.0,America/Los_Angeles
caltech,2_39_90_440_2019-11-14 17:44:05.318908,2-39-90-440,CA-500,2019-11-14 09:44:05-08:00,2019-11-14 19:31:59-08:00,2019-11-14 18:46:15-08:00,25.039,40.0,100.0,60.0,America/Los_Angeles
caltech,2_39_124_22_2019-11-14 17:52:48.941320,2-39-124-22,CA-312,2019-11-14 09:52:49-08:00,2019-11-14 16:04:30-08:00,2019-11-14 10:54:01-08:00,6.451,20.0,50.0,226.0,America/Los_Angeles
caltech,2_39_92_436_2019-11-14 17:57:21.568438,2-39-92-436,CA-318,2019-11-14 09:57:22-08:00,2019-11-14 18:06:00-08:00,2019-11-14 10:41:37-08:00,1.858,8.0,20.0,113.0,America/Los_Angeles
caltech,2_39_78_361_2019-11-14 17:58:11.872236,2-39-78-361,CA-493,2019-11-14 09:58:12-08:00,2019-11-14 18:24:31-08:00,2019-11-14 16:52:16-08:00,0.895,0.0,0.0,0.0,America/Los_Angeles
caltech,2_39_78_360_2019-11-14 18:00:19.582239,2-39-78-360,CA-322,2019-11-14 10:00:20-08:00,2019-11-14 19:07:17-08:00,2019-11-14 12:11:38-08:00,11.349,32.0,80.0,60.0,America/Los_Angeles
caltech,2_39_88_24_2019-11-14 18:10:04.894989,2-39-88-24,CA-314,2019-11-14 10:10:05-08:00,2019-11-14 12:01:56-08:00,2019-11-14 10:41:20-08:00,0.943,0.0,0.0,0.0,America/Los_Angeles
caltech,2_39_78_364_2019-11-14 18:13:55.749103,2-39-78-364,CA-495,2019-11-14 10:13:56-08:00,2019-11-14 17:23:25-08:00,2019-11-14 14:27:07-08:00,11.892,12.0,30.0,441.0,America/Los_Angeles
caltech,2_39_89_439_2019-11-14 18:16:54.576806,2-39-89-439,CA-501,2019-11-14 10:16:55-08:00,2019-11-14 12:23:32-08:00,2019-11-14 11:39:43-08:00,8.397,8.5,20.0,166.0,America/Los_Angeles
caltech,2_39_90_26_2019-11-14 18:18:46.564491,2-39-90-26,CA-316,2019-11-14 10:18:47-08:00,2019-11-14 16:15:21-08:00,2019-11-14 12:17:23-08:00,6.004,8.0,20.0,72.0,America/Los_Angeles
caltech,2_39_95_27_2019-11-14 18:29:25.070848,2-39-95-27,CA-319,2019-11-14 10:29:25-08:00,2019-11-14 17:45:04-08:00,2019-11-14 11:19:47-08:00,2.487,8.0,20.0,60.0,America/Los_Angeles
caltech,2_39_78_362_2019-11-14 20:05:07.602595,2-39-78-362,CA-496,2019-11-14 12:05:08-08:00,2019-11-14 12:57:39-08:00,2019-11-14 12:58:38-08:00,0.949,0.0,0.0,0.0,America/Los_Angeles
caltech,2_39_95_444_2019-11-14 20:20:11.039376,2-39-95-444,CA-497,2019-11-14 12:20:11-08:00,2019-11-14 18:40:55-08:00,2019-11-14 17:19:05-08:00,0.874,0.0,0.0,0.0,America/Los_Angeles
caltech,2_39_139_28_2019-11-14 20:30:29.102598,2-39-139-28,CA-303,2019-11-14 12:30:29-08:00,2019-11-15 01:27:55-08:00,2019-11-14 13:30:03-08:00,1.953,16.0,40.0,291.0,America/Los_Angeles
caltech,2_39_88_24_2019-11-14 21:27:39.094746,2-39-88-24,CA-314,2019-11-14 13:27:39-08:00,2019-11-14 15:59:02-08:00,2019-11-14 14:23:08-08:00,1.645,8.0,20.0,60.0,America/Los_Angeles
caltech,2_39_78_367_2019-11-14 21:59:00.445753,2-39-78-367,CA-494,2019-11-14 13:59:00-08:00,2019-11-14 17:07:35-08:00,2019-11-14 16:52:29-08:00,0.6184274193545374,0.0,0.0,0.0,America/Los_Angeles
caltech,2_39_90_26_2019-11-15 00:29:39.718665,2-39-90-26,CA-316,2019-11-14 16:29:40-08:00,2019-11-14 18:32:17-08:00,2019-11-14 18:32:09-08:00,6.796,8.0,20.0,60.0,America/Los_Angeles
caltech,2_39_79_379_2019-11-15 00:48:52.085172,2-39-79-379,CA-327,2019-11-14 16:48:52-08:00,2019-11-14 18:21:01-08:00,2019-11-14 18:20:56-08:00,4.586,15.2,38.0,173.0,America/Los_Angeles
caltech,2_39_131_30_2019-11-15 02:29:05.350030,2-39-131-30,CA-305,2019-11-14 18:29:05-08:00,2019-11-15 08:01:20-08:00,2019-11-14 22:26:07-08:00,25.51,50.0,250.0,641.0,America/Los_Angeles
caltech,2_39_130_31_2019-11-15 02:38:00.797186,2-39-130-31,CA-306,2019-11-14 18:38:01-08:00,2019-11-14 20:03:00-08:00,2019-11-14 19:56:13-08:00,7.937,24.0,60.0,276.0,America/Los_Angeles
caltech,2_39_138_29_2019-11-15 03:06:27.544402,2-39-138-29,CA-304,2019-11-14 19:06:28-08:00,2019-11-14 19:26:10-08:00,2019-11-14 19:26:06-08:00,2.073,15.54,70.0,83.0,America/Los_Angeles
caltech,2_39_138_29_2019-11-15 04:33:21.350732,2-39-138-29,CA-304,2019-11-14 20:33:21-08:00,2019-11-14 21:38:42-08:00,2019-11-14 21:38:38-08:00,7.372,30.0,80.0,115.0,America/Los_Angeles
caltech,2_39_79_382_2019-11-15 14:55:19.142362,2-39-79-382,CA-491,2019-11-15 06:55:19-08:00,2019-11-15 17:08:25-08:00,2019-11-15 17:04:56-08:00,0.961,0.0,0.0,0.0,America/Los_Angeles
caltech,2_39_78_366_2019-11-15 16:12:04.907914,2-39-78-366,CA-323,2019-11-15 08:12:05-08:00,2019-11-15 16:36:14-08:00,2019-11-15 11:10:30-08:00,11.014,21.6,60.0,600.0,America/Los_Angeles
caltech,2_39_139_28_2019-11-15 16:29:53.838412,2-39-139-28,CA-303,2019-11-15 08:29:54-08:00,2019-11-15 17:22:56-08:00,2019-11-15 10:01:11-08:00,4.904,6.5,20.0,212.0,America/Los_Angeles
caltech,2_39_79_380_2019-11-15 16:49:57.666347,2-39-79-380,CA-489,2019-11-15 08:50:16-08:00,2019-11-15 15:59:08-08:00,2019-11-15 15:28:39-08:00,5.242,5.34,20.0,60.0,America/Los_Angeles
caltech,2_39_79_376_2019-11-15 16:51:20.808855,2-39-79-376,CA-324,2019-11-15 08:51:29-08:00,2019-11-15 17:40:51-08:00,2019-11-15 10:56:47-08:00,6.369,8.0,20.0,512.0,America/Los_Angeles
caltech,2_39_79_383_2019-11-15 17:00:37.978410,2-39-79-383,CA-492,2019-11-15 09:00:38-08:00,2019-11-15 17:18:24-08:00,2019-11-15 16:13:19-08:00,0.866,0.0,0.0,0.0,America/Los_Angeles
caltech,2_39_78_367_2019-11-15 17:11:19.306553,2-39-78-367,CA-494,2019-11-15 09:11:31-08:00,2019-11-15 17:48:32-08:00,2019-11-15 16:14:33-08:00,36.01,60.0,250.0,576.0,America/Los_Angeles
caltech,2_39_91_437_2019-11-15 17:16:40.098674,2-39-91-437,CA-317,2019-11-15 09:16:40-08:00,2019-11-15 18:21:32-08:00,2019-11-15 12:10:54-08:00,19.49,40.0,100.0,60.0,America/Los_Angeles
caltech,2_39_78_365_2019-11-15 17:17:23.858106,2-39-78-365,CA-321,2019-11-15 09:17:24-08:00,2019-11-15 17:48:16-08:00,2019-11-15 17:48:11-08:00,13.639,20.0,50.0,451.0,America/Los_Angeles
caltech,2_39_79_378_2019-11-15 17:25:14.871490,2-39-79-378,CA-326,2019-11-15 09:25:15-08:00,2019-11-15 17:59:30-08:00,2019-11-15 16:33:00-08:00,0.9,0.0,0.0,0.0,America/Los_Angeles
caltech,2_39_88_24_2019-11-15 17:29:13.784984,2-39-88-24,CA-314,2019-11-15 09:29:14-08:00,2019-11-15 18:10:03-08:00,2019-11-15 10:09:41-08:00,1.7,8.0,20.0,113.0,America/Los_Angeles
caltech,2_39_89_25_2019-11-15 17:33:09.371314,2-39-89-25,CA-315,2019-11-15 09:33:09-08:00,2019-11-15 18:38:29-08:00,2019-11-15 10:58:04-08:00,4.192,8.0,20.0,435.0,America/Los_Angeles
caltech,2_39_79_381_2019-11-15 17:37:29.971685,2-39-79-381,CA-490,2019-11-15 09:37:30-08:00,2019-11-15 18:52:36-08:00,2019-11-15 11:13:58-08:00,8.917,20.0,50.0,254.0,America/Los_Angeles
caltech,2_39_124_22_2019-11-15 17:40:20.475887,2-39-124-22,CA-312,2019-11-15 09:40:20-08:00,2019-11-15 16:09:44-08:00,2019-11-15 11:42:57-08:00,13.121,20.0,50.0,226.0,America/Los_Angeles
caltech,2_39_123_23_2019-11-15 17:51:48.106621,2-39-123-23,CA-313,2019-11-15 09:51:48-08:00,2019-11-15 18:04:27-08:00,2019-11-15 11:35:02-08:00,5.642,8.0,20.0,423.0,America/Los_Angeles
caltech,2_39_78_360_2019-11-15 17:52:18.766757,2-39-78-360,CA-322,2019-11-15 09:52:19-08:00,2019-11-15 16:14:16-08:00,2019-11-15 13:31:07-08:00,7.68,12.0,30.0,220.0,America/Los_Angeles
caltech,2_39_90_26_2019-11-15 17:56:58.751722,2-39-90-26,CA-316,2019-11-15 09:56:59-08:00,2019-11-15 20:55:44-08:00,2019-11-15 10:55:21-08:00,1.842,8.88,20.0,168.0,America/Los_Angeles
caltech,2_39_95_27_2019-11-15 17:58:06.306432,2-39-95-27,CA-319,2019-11-15 09:58:18-08:00,2019-11-15 13:55:04-08:00,2019-11-15 10:41:18-08:00,4.035,12.0,30.0,344.0,America/Los_Angeles
caltech,2_39_78_361_2019-11-15 17:59:51.165183,2-39-78-361,CA-493,2019-11-15 09:59:51-08:00,2019-11-15 10:35:08-08:00,2019-11-15 10:34:59-08:00,1.45,28.0,70.0,60.0,America/Los_Angeles
caltech,2_39_78_364_2019-11-15 18:04:28.508455,2-39-78-364,CA-495,2019-11-15 10:04:28-08:00,2019-11-15 17:36:49-08:00,2019-11-15 16:06:52-08:00,11.904,12.0,30.0,441.0,America/Los_Angeles
caltech,2_39_78_362_2019-11-15 18:05:47.756510,2-39-78-362,CA-496,2019-11-15 10:05:48-08:00,2019-11-15 16:50:25-08:00,2019-11-15 16:51:22-08:00,9.823,15.2,38.0,173.0,America/Los_Angeles
caltech,2_39_90_440_2019-11-15 18:11:20.994877,2-39-90-440,CA-500,2019-11-15 10:11:21-08:00,2019-11-15 16:55:56-08:00,2019-11-15 12:51:44-08:00,16.834,80.0,200.0,539.0,America/Los_Angeles
caltech,2_39_95_444_2019-11-15 18:30:57.518594,2-39-95-444,CA-497,2019-11-15 10:30:58-08:00,2019-11-15 17:05:14-08:00,2019-11-15 12:02:23-08:00,4.831,9.0,30.0,103.0,America/Los_Angeles
caltech,2_39_92_442_2019-11-15 18:36:52.162545,2-39-92-442,CA-498,2019-11-15 10:36:52-08:00,2019-11-15 13:54:14-08:00,2019-11-15 13:54:10-08:00,18.969,9.38,20.0,257.0,America/Los_Angeles
caltech,2_39_78_361_2019-11-15 18:52:31.687155,2-39-78-361,CA-493,2019-11-15 10:52:32-08:00,2019-11-15 17:56:18-08:00,2019-11-15 17:25:49-08:00,0.912,0.0,0.0,0.0,America/Los_Angeles
caltech,2_39_79_377_2019-11-15 20:49:42.678452,2-39-79-377,CA-325,2019-11-15 12:49:43-08:00,2019-11-15 15:45:59-08:00,2019-11-15 15:28:55-08:00,0.84,0.0,0.0,0.0,America/Los_Angeles
caltech,2_39_131_30_2019-11-15 21:13:30.520030,2-39-131-30,CA-305,2019-11-15 13:13:31-08:00,2019-11-15 13:50:45-08:00,2019-11-15 13:50:36-08:00,4.014,6.0,10.0,318.0,America/Los_Angeles
caltech,2_39_95_27_2019-11-15 22:01:26.064300,2-39-95-27,CA-319,2019-11-15 14:01:26-08:00,2019-11-15 16:00:31-08:00,2019-11-15 16:00:26-08:00,13.557,80.0,200.0,213.0,America/Los_Angeles
caltech,2_39_91_441_2019-11-15 22:08:57.532007,2-39-91-441,CA-499,2019-11-15 14:08:58-08:00,2019-11-15 17:27:11-08:00,2019-11-15 16:05:36-08:00,12.752,20.0,50.0,225.0,America/Los_Angeles
caltech,2_39_78_363_2019-11-16 00:05:25.514573,2-39-78-363,CA-320,2019-11-15 16:05:26-08:00,2019-11-15 18:24:07-08:00,2019-11-15 17:37:55-08:00,4.682,8.0,20.0,60.0,America/Los_Angeles
caltech,2_39_124_22_2019-11-16 01:03:47.895831,2-39-124-22,CA-312,2019-11-15 17:03:48-08:00,2019-11-15 21:40:30-08:00,2019-11-15 21:40:25-08:00,31.581,40.0,100.0,432.0,America/Los_Angeles
caltech,2_39_78_367_2019-11-16 01:58:43.447741,2-39-78-367,CA-494,2019-11-15 17:58:43-08:00,2019-11-15 19:14:31-08:00,2019-11-15 19:14:29-08:00,8.19,28.0,70.0,60.0,America/Los_Angeles
caltech,2_39_139_28_2019-11-16 05:02:22.228329,2-39-139-28,CA-303,2019-11-15 21:02:22-08:00,2019-11-15 22:36:18-08:00,2019-11-15 22:36:13-08:00,5.066,15.2,38.0,173.0,America/Los_Angeles
caltech,2_39_139_28_2019-11-16 16:40:51.418069,2-39-139-28,CA-303,2019-11-16 08:40:51-08:00,2019-11-16 12:15:10-08:00,2019-11-16 12:14:34-08:00,0.8804033333333334,0.0,0.0,0.0,America/Los_Angeles
caltech,2_39_131_30_2019-11-16 17:04:15.590304,2-39-131-30,CA-305,2019-11-16 09:04:16-08:00,2019-11-16 11:47:08-08:00,2019-11-16 11:47:04-08:00,8.742,8.0,20.0,161.0,America/Los_Angeles
caltech,2_39_79_376_2019-11-16 17:12:49.410458,2-39-79-376,CA-324,2019-11-16 09:12:49-08:00,2019-11-16 12:09:38-08:00,2019-11-16 09:43:13-08:00,0.776,0.0,0.0,0.0,America/Los_Angeles
caltech,2_39_79_377_2019-11-16 17:27:52.489926,2-39-79-377,CA-325,2019-11-16 09:27:52-08:00,2019-11-16 14:14:56-08:00,2019-11-16 13:57:39-08:00,29.876,30.0,120.0,405.0,America/Los_Angeles
caltech,2_39_95_27_2019-11-16 18:35:44.231967,2-39-95-27,CA-319,2019-11-16 10:35:44-08:00,2019-11-16 15:20:55-08:00,2019-11-16 12:29:01-08:00,5.853,8.0,20.0,72.0,America/Los_Angeles
caltech,2_39_129_17_2019-11-16 18:46:11.792429,2-39-129-17,CA-307,2019-11-16 10:46:12-08:00,2019-11-16 12:00:48-08:00,2019-11-16 12:00:40-08:00,4.344,9.99,30.0,104.0,America/Los_Angeles
caltech,2_39_128_18_2019-11-16 19:16:37.847937,2-39-128-18,CA-308,2019-11-16 11:16:38-08:00,2019-11-16 12:37:01-08:00,2019-11-16 12:36:58-08:00,9.086,24.0,60.0,230.0,America/Los_Angeles
caltech,2_39_89_25_2019-11-16 22:24:17.998575,2-39-89-25,CA-315,2019-11-16 14:24:18-08:00,2019-11-16 15:57:22-08:00,2019-11-16 15:43:10-08:00,3.872,8.0,20.0,76.0,America/Los_Angeles
caltech,2_39_123_23_2019-11-16 22:50:42.234989,2-39-123-23,CA-313,2019-11-16 14:50:42-08:00,2019-11-16 16:54:19-08:00,2019-11-16 16:53:11-08:00,6.482,8.0,20.0,60.0,America/Los_Angeles
caltech,2_39_138_29_2019-11-16 23:33:56.164790,2-39-138-29,CA-304,2019-11-16 15:33:56-08:00,2019-11-17 10:06:28-08:00,2019-11-16 19:15:59-08:00,11.83,15.2,38.0,173.0,America/Los_Angeles
caltech,2_39_88_24_2019-11-17 02:07:53.241849,2-39-88-24,CA-314,2019-11-16 18:07:53-08:00,2019-11-16 21:51:08-08:00,2019-11-16 21:08:30-08:00,18.591,32.0,80.0,144.0,America/Los_Angeles
caltech,2_39_129_17_2019-11-17 18:07:22.905464,2-39-129-17,CA-307,2019-11-17 10:07:23-08:00,2019-11-17 15:09:34-08:00,2019-11-17 15:05:38-08:00,25.611,30.0,120.0,259.0,America/Los_Angeles
caltech,2_39_131_30_2019-11-17 20:59:00.986000,2-39-131-30,CA-305,2019-11-17 12:59:01-08:00,2019-11-17 15:33:13-08:00,2019-11-17 15:05:29-08:00,13.033,40.0,100.0,428.0,America/Los_Angeles
caltech,2_39_138_29_2019-11-17 21:32:57.784723,2-39-138-29,CA-304,2019-11-17 13:32:58-08:00,2019-11-17 14:47:46-08:00,2019-11-17 14:23:24-08:00,2.808,36.0,60.0,285.0,America/Los_Angeles
caltech,2_39_79_376_2019-11-17 22:46:58.926374,2-39-79-376,CA-324,2019-11-17 14:46:59-08:00,2019-11-17 16:17:33-08:00,2019-11-17 16:18:32-08:00,7.099,25.0,100.0,435.0,America/Los_Angeles
caltech,2_39_139_28_2019-11-17 23:00:39.589108,2-39-139-28,CA-303,2019-11-17 15:00:40-08:00,2019-11-17 15:33:03-08:00,2019-11-17 15:32:58-08:00,3.233,18.0,30.0,60.0,America/Los_Angeles
caltech,2_39_128_18_2019-11-17 23:07:25.810885,2-39-128-18,CA-308,2019-11-17 15:07:26-08:00,2019-11-17 17:21:33-08:00,2019-11-17 17:21:24-08:00,15.254,25.0,100.0,259.0,America/Los_Angeles
caltech,2_39_79_376_2019-11-18 00:17:48.943757,2-39-79-376,CA-324,2019-11-17 16:17:49-08:00,2019-11-17 18:09:40-08:00,2019-11-17 18:09:24-08:00,9.236,40.0,100.0,149.0,America/Los_Angeles
caltech,2_39_131_30_2019-11-18 01:44:22.407858,2-39-131-30,CA-305,2019-11-17 17:44:22-08:00,2019-11-17 17:53:54-08:00,2019-11-17 17:53:49-08:00,0.529,8.0,20.0,30.0,America/Los_Angeles
caltech,2_39_138_29_2019-11-18 15:34:57.195705,2-39-138-29,CA-304,2019-11-18 07:34:57-08:00,2019-11-18 08:08:27-08:00,2019-11-18 08:05:05-08:00,0.883,0.0,0.0,0.0,America/Los_Angeles
caltech,2_39_79_382_2019-11-18 15:41:43.706663,2-39-79-382,CA-491,2019-11-18 07:41:44-08:00,2019-11-18 14:41:01-08:00,2019-11-18 14:20:38-08:00,1.435,0.0,0.0,0.0,America/Los_Angeles
caltech,2_39_139_28_2019-11-18 15:48:49.233300,2-39-139-28,CA-303,2019-11-18 07:48:49-08:00,2019-11-18 12:26:07-08:00,2019-11-18 11:34:13-08:00,24.594,36.54,140.0,458.0,America/Los_Angeles
caltech,2_39_78_366_2019-11-18 16:11:46.235847,2-39-78-366,CA-323,2019-11-18 08:11:46-08:00,2019-11-18 20:54:13-08:00,2019-11-18 18:15:36-08:00,36.892,46.8,130.0,600.0,America/Los_Angeles
caltech,2_39_95_27_2019-11-18 16:24:16.004180,2-39-95-27,CA-319,2019-11-18 08:24:28-08:00,2019-11-18 15:12:19-08:00,2019-11-18 09:19:41-08:00,5.653,12.0,30.0,344.0,America/Los_Angeles
caltech,2_39_78_362_2019-11-18 16:34:37.146191,2-39-78-362,CA-496,2019-11-18 08:34:37-08:00,2019-11-18 16:59:46-08:00,2019-11-18 17:00:44-08:00,25.668,29.2,100.0,477.0,America/Los_Angeles
caltech,2_39_131_30_2019-11-18 16:37:04.531514,2-39-131-30,CA-305,2019-11-18 08:37:05-08:00,2019-11-18 17:22:54-08:00,2019-11-18 10:35:33-08:00,6.086,12.0,20.0,242.0,America/Los_Angeles
caltech,2_39_127_19_2019-11-18 16:47:22.467626,2-39-127-19,CA-309,2019-11-18 08:47:22-08:00,2019-11-18 12:28:55-08:00,2019-11-18 10:08:29-08:00,4.348,6.5,20.0,212.0,America/Los_Angeles
caltech,2_39_91_437_2019-11-18 16:55:18.983307,2-39-91-437,CA-317,2019-11-18 08:55:19-08:00,2019-11-18 22:35:03-08:00,2019-11-18 10:55:26-08:00,6.157,8.0,20.0,72.0,America/Los_Angeles
caltech,2_39_79_379_2019-11-18 17:05:51.276677,2-39-79-379,CA-327,2019-11-18 09:05:51-08:00,2019-11-18 17:12:19-08:00,2019-11-18 14:15:46-08:00,17.427,37.5,150.0,436.0,America/Los_Angeles
caltech,2_39_123_23_2019-11-18 17:08:03.868143,2-39-123-23,CA-313,2019-11-18 09:08:04-08:00,2019-11-18 18:37:58-08:00,2019-11-18 10:20:46-08:00,3.923,8.0,20.0,423.0,America/Los_Angeles
caltech,2_39_79_376_2019-11-18 17:30:04.770585,2-39-79-376,CA-324,2019-11-18 09:30:05-08:00,2019-11-18 16:29:18-08:00,2019-11-18 16:29:14-08:00,21.793,40.0,100.0,401.0,America/Los_Angeles
caltech,2_39_79_381_2019-11-18 17:30:52.135568,2-39-79-381,CA-490,2019-11-18 09:30:52-08:00,2019-11-18 18:59:54-08:00,2019-11-18 17:11:43-08:00,16.453,28.0,70.0,552.0,America/Los_Angeles
caltech,2_39_79_380_2019-11-18 17:33:02.871219,2-39-79-380,CA-489,2019-11-18 09:33:03-08:00,2019-11-18 20:13:13-08:00,2019-11-18 15:26:11-08:00,0.856,20.0,50.0,254.0,America/Los_Angeles
caltech,2_39_89_25_2019-11-18 17:34:18.702340,2-39-89-25,CA-315,2019-11-18 09:34:19-08:00,2019-11-18 21:11:37-08:00,2019-11-18 14:16:31-08:00,16.12,24.0,60.0,629.0,America/Los_Angeles
caltech,2_39_92_442_2019-11-18 17:37:08.983905,2-39-92-442,CA-498,2019-11-18 09:37:09-08:00,2019-11-18 17:27:32-08:00,2019-11-18 16:47:55-08:00,39.927,40.04,110.0,60.0,America/Los_Angeles
caltech,2_39_79_383_2019-11-18 17:40:58.147499,2-39-79-383,CA-492,2019-11-18 09:40:58-08:00,2019-11-18 18:45:16-08:00,2019-11-18 14:50:28-08:00,8.486,0.0,0.0,0.0,America/Los_Angeles
caltech,2_39_78_365_2019-11-18 17:44:49.630012,2-39-78-365,CA-321,2019-11-18 09:44:50-08:00,2019-11-18 18:31:21-08:00,2019-11-18 10:29:39-08:00,1.994,8.0,20.0,113.0,America/Los_Angeles
caltech,2_39_89_439_2019-11-18 17:52:52.421207,2-39-89-439,CA-501,2019-11-18 09:52:52-08:00,2019-11-18 16:59:00-08:00,2019-11-18 11:44:39-08:00,5.711,8.0,20.0,30.0,America/Los_Angeles
caltech,2_39_79_377_2019-11-18 18:05:38.529965,2-39-79-377,CA-325,2019-11-18 10:05:39-08:00,2019-11-18 19:15:49-08:00,2019-11-18 12:10:41-08:00,12.533,24.0,60.0,60.0,America/Los_Angeles
caltech,2_39_78_360_2019-11-18 18:08:24.691436,2-39-78-360,CA-322,2019-11-18 10:08:25-08:00,2019-11-18 16:36:01-08:00,2019-11-18 14:51:49-08:00,22.191,32.0,80.0,391.0,America/Los_Angeles
caltech,2_39_124_22_2019-11-18 18:18:18.337292,2-39-124-22,CA-312,2019-11-18 10:18:18-08:00,2019-11-18 17:10:14-08:00,2019-11-18 11:10:42-08:00,2.452,8.0,20.0,60.0,America/Los_Angeles
caltech,2_39_78_364_2019-11-18 18:18:19.758882,2-39-78-364,CA-495,2019-11-18 10:18:20-08:00,2019-11-18 10:38:40-08:00,2019-11-18 10:39:39-08:00,0.606,12.0,30.0,441.0,America/Los_Angeles
caltech,2_39_95_444_2019-11-18 18:20:20.256800,2-39-95-444,CA-497,2019-11-18 10:20:20-08:00,2019-11-18 16:05:13-08:00,2019-11-18 15:41:38-08:00,4.169,4.25,10.0,166.0,America/Los_Angeles
caltech,2_39_90_26_2019-11-18 18:25:29.243440,2-39-90-26,CA-316,2019-11-18 10:25:29-08:00,2019-11-18 18:52:44-08:00,2019-11-18 11:26:09-08:00,1.9564997222222222,8.88,20.0,168.0,America/Los_Angeles
caltech,2_39_91_441_2019-11-18 18:33:57.105121,2-39-91-441,CA-499,2019-11-18 10:33:57-08:00,2019-11-18 12:30:00-08:00,2019-11-18 12:20:44-08:00,11.431,20.0,50.0,173.0,America/Los_Angeles
caltech,2_39_78_367_2019-11-18 18:38:52.833707,2-39-78-367,CA-494,2019-11-18 10:38:53-08:00,2019-11-18 17:51:27-08:00,2019-11-18 11:31:23-08:00,0.899,0.0,0.0,0.0,America/Los_Angeles
caltech,2_39_78_364_2019-11-18 18:39:02.179616,2-39-78-364,CA-495,2019-11-18 10:39:02-08:00,2019-11-18 14:13:56-08:00,2019-11-18 13:54:36-08:00,0.952,0.0,0.0,0.0,America/Los_Angeles
caltech,2_39_88_24_2019-11-18 19:58:42.312236,2-39-88-24,CA-314,2019-11-18 11:58:42-08:00,2019-11-18 18:43:25-08:00,2019-11-18 13:57:54-08:00,6.548,8.0,20.0,60.0,America/Los_Angeles
caltech,2_39_78_361_2019-11-18 21:17:07.410132,2-39-78-361,CA-493,2019-11-18 13:17:07-08:00,2019-11-18 14:43:30-08:00,2019-11-18 14:39:47-08:00,2.61,8.0,20.0,60.0,America/Los_Angeles
caltech,2_39_126_20_2019-11-18 22:33:46.395380,2-39-126-20,CA-310,2019-11-18 14:33:46-08:00,2019-11-18 15:12:47-08:00,2019-11-18 15:12:43-08:00,4.087,18.0,30.0,60.0,America/Los_Angeles
caltech,2_39_139_28_2019-11-19 01:42:33.266211,2-39-139-28,CA-303,2019-11-18 17:42:33-08:00,2019-11-18 22:12:41-08:00,2019-11-18 22:12:37-08:00,15.511,36.0,60.0,285.0,America/Los_Angeles
caltech,2_39_78_360_2019-11-19 01:51:18.065618,2-39-78-360,CA-322,2019-11-18 17:51:18-08:00,2019-11-18 20:54:10-08:00,2019-11-18 20:15:17-08:00,0.861,0.0,0.0,0.0,America/Los_Angeles
caltech,2_39_129_17_2019-11-19 03:13:34.363774,2-39-129-17,CA-307,2019-11-18 19:13:34-08:00,2019-11-18 20:05:31-08:00,2019-11-18 20:05:27-08:00,5.38,44.0,110.0,99.0,America/Los_Angeles
caltech,2_39_129_17_2019-11-19 04:06:54.162306,2-39-129-17,CA-307,2019-11-18 20:06:54-08:00,2019-11-18 21:41:29-08:00,2019-11-18 21:41:24-08:00,5.445,9.0,30.0,90.0,America/Los_Angeles
caltech,2_39_79_376_2019-11-19 15:50:06.149540,2-39-79-376,CA-324,2019-11-19 07:50:06-08:00,2019-11-19 17:28:24-08:00,2019-11-19 10:38:51-08:00,6.608,8.0,20.0,60.0,America/Los_Angeles
caltech,2_39_78_361_2019-11-19 16:01:31.122245,2-39-78-361,CA-493,2019-11-19 08:01:31-08:00,2019-11-19 08:13:04-08:00,2019-11-19 08:12:59-08:00,0.665,8.0,20.0,129.0,America/Los_Angeles
caltech,2_39_78_360_2019-11-19 16:11:08.887914,2-39-78-360,CA-322,2019-11-19 08:11:09-08:00,2019-11-19 10:32:59-08:00,2019-11-19 10:23:06-08:00,0.846,0.0,0.0,0.0,America/Los_Angeles
caltech,2_39_139_28_2019-11-19 16:26:22.792665,2-39-139-28,CA-303,2019-11-19 08:26:23-08:00,2019-11-19 09:01:47-08:00,2019-11-19 09:01:38-08:00,0.8520111111111112,0.0,0.0,0.0,America/Los_Angeles
caltech,2_39_78_361_2019-11-19 16:30:28.827644,2-39-78-361,CA-493,2019-11-19 08:30:29-08:00,2019-11-19 09:29:16-08:00,2019-11-19 09:26:46-08:00,0.954,0.0,0.0,0.0,America/Los_Angeles
caltech,2_39_79_379_2019-11-19 16:32:08.490995,2-39-79-379,CA-327,2019-11-19 08:32:08-08:00,2019-11-19 17:16:42-08:00,2019-11-19 08:50:31-08:00,0.983,8.0,20.0,60.0,America/Los_Angeles
caltech,2_39_79_383_2019-11-19 16:45:18.120965,2-39-79-383,CA-492,2019-11-19 08:45:18-08:00,2019-11-19 17:19:42-08:00,2019-11-19 10:02:48-08:00,8.182,11.68,40.0,477.0,America/Los_Angeles
caltech,2_39_129_17_2019-11-19 16:47:03.979976,2-39-129-17,CA-307,2019-11-19 08:47:04-08:00,2019-11-19 16:54:04-08:00,2019-11-19 10:09:17-08:00,4.088,12.0,20.0,242.0,America/Los_Angeles
caltech,2_39_127_19_2019-11-19 16:54:44.987721,2-39-127-19,CA-309,2019-11-19 08:54:45-08:00,2019-11-19 12:35:29-08:00,2019-11-19 10:24:23-08:00,4.789,6.5,20.0,212.0,America/Los_Angeles
caltech,2_39_138_29_2019-11-19 17:01:54.682227,2-39-138-29,CA-304,2019-11-19 09:01:55-08:00,2019-11-19 09:42:38-08:00,2019-11-19 09:32:59-08:00,0.863,0.0,0.0,0.0,America/Los_Angeles
caltech,2_39_123_23_2019-11-19 17:12:00.884145,2-39-123-23,CA-313,2019-11-19 09:12:01-08:00,2019-11-19 19:33:51-08:00,2019-11-19 11:03:16-08:00,6.171,8.0,20.0,423.0,America/Los_Angeles
caltech,2_39_89_439_2019-11-19 17:20:22.908683,2-39-89-439,CA-501,2019-11-19 09:20:23-08:00,2019-11-19 18:02:12-08:00,2019-11-19 10:33:17-08:00,3.513,8.0,20.0,470.0,America/Los_Angeles
caltech,2_39_95_27_2019-11-19 17:23:45.626947,2-39-95-27,CA-319,2019-11-19 09:23:46-08:00,2019-11-19 10:35:49-08:00,2019-11-19 10:35:44-08:00,8.305,20.0,50.0,149.0,America/Los_Angeles
caltech,2_39_78_365_2019-11-19 17:28:07.014047,2-39-78-365,CA-321,2019-11-19 09:28:07-08:00,2019-11-19 15:02:48-08:00,2019-11-19 11:59:26-08:00,6.542,8.56,40.0,190.0,America/Los_Angeles
caltech,2_39_78_363_2019-11-19 17:35:03.113853,2-39-78-363,CA-320,2019-11-19 09:35:03-08:00,2019-11-19 18:14:53-08:00,2019-11-19 18:14:50-08:00,5.593,20.0,50.0,451.0,America/Los_Angeles
caltech,2_39_79_378_2019-11-19 17:40:02.480012,2-39-79-378,CA-326,2019-11-19 09:40:02-08:00,2019-11-19 17:52:45-08:00,2019-11-19 12:55:05-08:00,20.091,37.5,150.0,436.0,America/Los_Angeles
caltech,2_39_91_437_2019-11-19 17:48:34.952178,2-39-91-437,CA-317,2019-11-19 09:48:35-08:00,2019-11-19 17:49:49-08:00,2019-11-19 10:34:18-08:00,1.989,8.0,20.0,206.0,America/Los_Angeles
caltech,2_39_89_25_2019-11-19 18:07:28.531425,2-39-89-25,CA-315,2019-11-19 10:07:29-08:00,2019-11-19 18:14:01-08:00,2019-11-19 11:59:15-08:00,11.284,12.0,30.0,441.0,America/Los_Angeles
caltech,2_39_92_442_2019-11-19 18:10:03.158940,2-39-92-442,CA-498,2019-11-19 10:10:03-08:00,2019-11-19 17:33:27-08:00,2019-11-19 14:20:44-08:00,8.402,8.5,20.0,166.0,America/Los_Angeles
caltech,2_39_78_361_2019-11-19 18:14:35.981361,2-39-78-361,CA-493,2019-11-19 10:14:36-08:00,2019-11-19 11:23:48-08:00,2019-11-19 11:20:12-08:00,0.989,0.0,0.0,0.0,America/Los_Angeles
caltech,2_39_78_366_2019-11-19 18:17:20.213198,2-39-78-366,CA-323,2019-11-19 10:17:20-08:00,2019-11-19 17:45:55-08:00,2019-11-19 17:20:24-08:00,3.029,8.0,20.0,60.0,America/Los_Angeles
caltech,2_39_95_27_2019-11-19 18:38:49.864333,2-39-95-27,CA-319,2019-11-19 10:38:50-08:00,2019-11-19 12:24:55-08:00,2019-11-19 12:24:50-08:00,6.29,12.0,30.0,220.0,America/Los_Angeles
caltech,2_39_124_22_2019-11-19 18:44:06.891584,2-39-124-22,CA-312,2019-11-19 10:44:07-08:00,2019-11-19 13:09:56-08:00,2019-11-19 12:00:07-08:00,0.899,0.0,0.0,0.0,America/Los_Angeles
caltech,2_39_88_24_2019-11-19 18:45:59.879931,2-39-88-24,CA-314,2019-11-19 10:46:00-08:00,2019-11-19 13:10:29-08:00,2019-11-19 12:00:09-08:00,0.986,0.0,0.0,0.0,America/Los_Angeles
caltech,2_39_78_360_2019-11-19 18:50:21.903698,2-39-78-360,CA-322,2019-11-19 10:50:22-08:00,2019-11-19 17:50:18-08:00,2019-11-19 17:21:26-08:00,0.848,0.0,0.0,0.0,America/Los_Angeles
caltech,2_39_88_438_2019-11-19 19:37:33.133402,2-39-88-438,CA-502,2019-11-19 11:37:33-08:00,2019-11-19 19:10:21-08:00,2019-11-19 13:28:36-08:00,11.815,24.0,60.0,60.0,America/Los_Angeles
caltech,2_39_78_361_2019-11-19 19:41:01.302877,2-39-78-361,CA-493,2019-11-19 11:41:01-08:00,2019-11-19 15:38:25-08:00,2019-11-19 14:19:31-08:00,1.99,0.0,0.0,0.0,America/Los_Angeles
caltech,2_39_92_436_2019-11-19 19:56:29.616765,2-39-92-436,CA-318,2019-11-19 11:56:30-08:00,2019-11-19 19:07:36-08:00,2019-11-19 18:38:32-08:00,37.666,40.0,200.0,466.0,America/Los_Angeles
caltech,2_39_95_27_2019-11-19 20:43:17.843906,2-39-95-27,CA-319,2019-11-19 12:43:18-08:00,2019-11-19 16:04:20-08:00,2019-11-19 14:51:42-08:00,0.789,0.0,0.0,0.0,America/Los_Angeles
caltech,2_39_79_377_2019-11-19 20:46:43.412061,2-39-79-377,CA-325,2019-11-19 12:46:43-08:00,2019-11-19 14:17:10-08:00,2019-11-19 14:17:05-08:00,6.333,16.0,40.0,168.0,America/Los_Angeles
caltech,2_39_90_26_2019-11-19 21:07:10.668636,2-39-90-26,CA-316,2019-11-19 13:07:11-08:00,2019-11-19 15:52:53-08:00,2019-11-19 14:01:13-08:00,1.851,8.0,20.0,60.0,America/Los_Angeles
caltech,2_39_88_24_2019-11-19 21:19:25.124361,2-39-88-24,CA-314,2019-11-19 13:19:25-08:00,2019-11-19 18:11:57-08:00,2019-11-19 13:38:04-08:00,0.912,3.25,10.0,212.0,America/Los_Angeles
caltech,2_39_79_381_2019-11-19 21:19:08.132682,2-39-79-381,CA-490,2019-11-19 13:20:56-08:00,2019-11-19 18:12:20-08:00,2019-11-19 15:21:33-08:00,5.563,8.0,20.0,60.0,America/Los_Angeles
caltech,2_39_78_367_2019-11-19 21:45:53.040695,2-39-78-367,CA-494,2019-11-19 13:45:53-08:00,2019-11-19 20:52:45-08:00,2019-11-19 16:49:39-08:00,8.631,12.0,30.0,344.0,America/Los_Angeles
caltech,2_39_95_444_2019-11-19 21:51:22.069226,2-39-95-444,CA-497,2019-11-19 13:51:22-08:00,2019-11-19 17:16:33-08:00,2019-11-19 15:25:17-08:00,5.24,12.0,30.0,220.0,America/Los_Angeles
caltech,2_39_95_27_2019-11-20 00:27:54.791844,2-39-95-27,CA-319,2019-11-19 16:27:55-08:00,2019-11-19 18:25:44-08:00,2019-11-19 17:19:43-08:00,2.437,8.0,20.0,60.0,America/Los_Angeles
caltech,2_39_130_31_2019-11-20 01:22:24.210781,2-39-130-31,CA-306,2019-11-19 17:22:24-08:00,2019-11-19 18:44:15-08:00,2019-11-19 18:44:10-08:00,4.367,9.99,30.0,104.0,America/Los_Angeles
caltech,2_39_138_29_2019-11-20 04:18:44.047036,2-39-138-29,CA-304,2019-11-19 20:18:44-08:00,2019-11-19 21:39:47-08:00,2019-11-19 21:32:01-08:00,7.354,30.0,80.0,115.0,America/Los_Angeles
caltech,2_39_127_19_2019-11-20 04:27:20.471989,2-39-127-19,CA-309,2019-11-19 20:27:20-08:00,2019-11-19 22:39:40-08:00,2019-11-19 22:36:15-08:00,13.137,28.0,70.0,127.0,America/Los_Angeles
caltech,2_39_78_361_2019-11-20 16:11:45.296325,2-39-78-361,CA-493,2019-11-20 08:11:45-08:00,2019-11-20 08:58:26-08:00,2019-11-20 08:58:20-08:00,2.746,8.0,20.0,129.0,America/Los_Angeles
caltech,2_39_78_366_2019-11-20 16:15:05.851264,2-39-78-366,CA-323,2019-11-20 08:15:06-08:00,2019-11-20 14:22:37-08:00,2019-11-20 09:49:53-08:00,9.272,7.2,20.0,600.0,America/Los_Angeles
caltech,2_39_92_442_2019-11-20 16:31:47.436333,2-39-92-442,CA-498,2019-11-20 08:31:47-08:00,2019-11-20 17:00:15-08:00,2019-11-20 09:58:17-08:00,9.17,17.52,60.0,477.0,America/Los_Angeles
caltech,2_39_78_362_2019-11-20 16:43:46.639058,2-39-78-362,CA-496,2019-11-20 08:43:47-08:00,2019-11-20 16:24:34-08:00,2019-11-20 16:25:33-08:00,3.742,4.0,10.0,60.0,America/Los_Angeles
caltech,2_39_89_25_2019-11-20 17:09:16.582491,2-39-89-25,CA-315,2019-11-20 09:09:17-08:00,2019-11-20 16:23:05-08:00,2019-11-20 10:23:22-08:00,3.645,8.0,20.0,470.0,America/Los_Angeles
caltech,2_39_91_437_2019-11-20 17:13:07.267424,2-39-91-437,CA-317,2019-11-20 09:13:07-08:00,2019-11-20 20:33:26-08:00,2019-11-20 10:04:48-08:00,1.655,8.88,20.0,168.0,America/Los_Angeles
caltech,2_39_79_382_2019-11-20 17:15:21.466975,2-39-79-382,CA-491,2019-11-20 09:15:21-08:00,2019-11-20 16:17:12-08:00,2019-11-20 16:17:07-08:00,0.993,0.0,0.0,0.0,America/Los_Angeles
caltech,2_39_78_361_2019-11-20 17:15:51.565660,2-39-78-361,CA-493,2019-11-20 09:15:52-08:00,2019-11-20 12:29:44-08:00,2019-11-20 12:22:48-08:00,0.983,0.0,0.0,0.0,America/Los_Angeles
caltech,2_39_90_440_2019-11-20 17:19:01.539549,2-39-90-440,CA-500,2019-11-20 09:19:02-08:00,2019-11-20 18:25:48-08:00,2019-11-20 15:24:16-08:00,39.893,40.0,100.0,551.0,America/Los_Angeles
caltech,2_39_123_23_2019-11-20 17:19:26.334678,2-39-123-23,CA-313,2019-11-20 09:19:26-08:00,2019-11-20 14:59:08-08:00,2019-11-20 10:31:44-08:00,0.894,0.0,0.0,0.0,America/Los_Angeles
caltech,2_39_78_360_2019-11-20 17:31:57.924210,2-39-78-360,CA-322,2019-11-20 09:31:58-08:00,2019-11-20 09:39:08-08:00,2019-11-20 09:39:07-08:00,0.735,20.0,50.0,451.0,America/Los_Angeles
caltech,2_39_95_27_2019-11-20 17:48:23.950631,2-39-95-27,CA-319,2019-11-20 09:48:24-08:00,2019-11-20 11:24:57-08:00,2019-11-20 11:24:52-08:00,5.297,8.0,20.0,60.0,America/Los_Angeles
caltech,2_39_78_360_2019-11-20 17:56:36.945913,2-39-78-360,CA-322,2019-11-20 09:56:37-08:00,2019-11-20 17:44:06-08:00,2019-11-20 10:31:15-08:00,0.912,0.0,0.0,0.0,America/Los_Angeles
caltech,2_39_124_22_2019-11-20 18:01:07.059585,2-39-124-22,CA-312,2019-11-20 10:01:17-08:00,2019-11-20 18:36:01-08:00,2019-11-20 10:59:44-08:00,2.714,12.0,30.0,361.0,America/Los_Angeles
caltech,2_39_79_376_2019-11-20 18:09:00.355307,2-39-79-376,CA-324,2019-11-20 10:09:00-08:00,2019-11-20 17:54:00-08:00,2019-11-20 13:02:07-08:00,12.694,16.0,40.0,441.0,America/Los_Angeles
caltech,2_39_79_379_2019-11-20 18:19:11.264736,2-39-79-379,CA-327,2019-11-20 10:19:11-08:00,2019-11-20 13:21:22-08:00,2019-11-20 13:16:20-08:00,8.899,16.0,40.0,152.0,America/Los_Angeles
caltech,2_39_79_380_2019-11-20 18:24:55.623694,2-39-79-380,CA-489,2019-11-20 10:24:56-08:00,2019-11-20 19:14:48-08:00,2019-11-20 12:19:50-08:00,11.326,24.0,60.0,60.0,America/Los_Angeles
caltech,2_39_79_377_2019-11-20 18:28:46.486772,2-39-79-377,CA-325,2019-11-20 10:28:46-08:00,2019-11-20 17:21:06-08:00,2019-11-20 11:00:49-08:00,1.539,8.0,20.0,60.0,America/Los_Angeles
caltech,2_39_78_364_2019-11-20 18:31:30.082960,2-39-78-364,CA-495,2019-11-20 10:31:43-08:00,2019-11-20 19:35:42-08:00,2019-11-20 17:48:02-08:00,43.077,60.0,250.0,576.0,America/Los_Angeles
caltech,2_39_95_444_2019-11-20 18:46:09.317425,2-39-95-444,CA-497,2019-11-20 10:46:09-08:00,2019-11-20 17:19:37-08:00,2019-11-20 16:43:42-08:00,39.889,40.0,100.0,256.0,America/Los_Angeles
caltech,2_39_92_436_2019-11-20 19:43:33.469532,2-39-92-436,CA-318,2019-11-20 11:43:33-08:00,2019-11-20 18:39:18-08:00,2019-11-20 17:55:25-08:00,39.879,40.0,200.0,466.0,America/Los_Angeles
caltech,2_39_78_363_2019-11-20 19:44:25.749532,2-39-78-363,CA-320,2019-11-20 11:44:26-08:00,2019-11-20 17:47:55-08:00,2019-11-20 17:44:19-08:00,0.949,0.0,0.0,0.0,America/Los_Angeles
caltech,2_39_88_24_2019-11-20 19:50:37.578380,2-39-88-24,CA-314,2019-11-20 11:50:38-08:00,2019-11-20 17:58:13-08:00,2019-11-20 13:23:37-08:00,4.813,8.0,20.0,60.0,America/Los_Angeles
caltech,2_39_90_26_2019-11-20 20:24:41.907806,2-39-90-26,CA-316,2019-11-20 12:24:42-08:00,2019-11-20 23:03:21-08:00,2019-11-20 13:34:26-08:00,2.32,16.0,40.0,291.0,America/Los_Angeles
caltech,2_39_78_361_2019-11-20 20:59:30.665647,2-39-78-361,CA-493,2019-11-20 12:59:31-08:00,2019-11-20 18:41:37-08:00,2019-11-20 13:47:39-08:00,1.743,4.0,10.0,129.0,America/Los_Angeles
caltech,2_39_78_367_2019-11-20 21:16:37.074323,2-39-78-367,CA-494,2019-11-20 13:16:37-08:00,2019-11-20 17:01:30-08:00,2019-11-20 15:47:25-08:00,15.128,20.0,50.0,226.0,America/Los_Angeles
caltech,2_39_91_441_2019-11-20 21:21:19.189582,2-39-91-441,CA-499,2019-11-20 13:21:19-08:00,2019-11-20 16:31:55-08:00,2019-11-20 15:54:17-08:00,12.83,12.75,30.0,166.0,America/Los_Angeles
caltech,2_39_79_379_2019-11-20 21:38:14.889261,2-39-79-379,CA-327,2019-11-20 13:38:15-08:00,2019-11-20 18:00:58-08:00,2019-11-20 17:01:15-08:00,6.493,8.0,20.0,60.0,America/Los_Angeles
caltech,2_39_88_438_2019-11-20 21:43:50.970985,2-39-88-438,CA-502,2019-11-20 13:43:51-08:00,2019-11-20 19:52:38-08:00,2019-11-20 18:16:48-08:00,15.573,18.0,90.0,293.0,America/Los_Angeles
caltech,2_39_131_565_2019-11-20 22:49:50.647748,2-39-131-565,CA-511,2019-11-20 14:49:51-08:00,2019-11-20 15:19:04-08:00,2019-11-20 15:19:00-08:00,0.829,0.0,0.0,0.0,America/Los_Angeles
caltech,2_39_129_17_2019-11-21 01:32:41.440547,2-39-129-17,CA-307,2019-11-20 17:32:41-08:00,2019-11-20 19:07:01-08:00,2019-11-20 19:06:48-08:00,5.488,8.0,20.0,86.0,America/Los_Angeles
caltech,2_39_139_28_2019-11-21 02:33:11.931709,2-39-139-28,CA-303,2019-11-20 18:33:12-08:00,2019-11-20 20:27:27-08:00,2019-11-20 20:24:29-08:00,6.006,9.0,30.0,103.0,America/Los_Angeles
caltech,2_39_131_30_2019-11-21 02:57:52.539405,2-39-131-30,CA-305,2019-11-20 18:58:00-08:00,2019-11-20 21:03:11-08:00,2019-11-20 20:57:40-08:00,11.88,12.0,30.0,154.0,America/Los_Angeles
caltech,2_39_79_382_2019-11-21 15:53:02.508762,2-39-79-382,CA-491,2019-11-21 07:53:02-08:00,2019-11-21 13:36:49-08:00,2019-11-21 11:20:23-08:00,0.888,0.0,0.0,0.0,America/Los_Angeles
caltech,2_39_78_366_2019-11-21 15:59:01.283077,2-39-78-366,CA-323,2019-11-21 07:59:01-08:00,2019-11-21 18:30:41-08:00,2019-11-21 14:53:43-08:00,0.885,0.0,0.0,0.0,America/Los_Angeles
caltech,2_39_79_383_2019-11-21 16:16:08.105588,2-39-79-383,CA-492,2019-11-21 08:16:08-08:00,2019-11-21 16:33:51-08:00,2019-11-21 09:44:36-08:00,9.587,17.52,60.0,477.0,America/Los_Angeles
caltech,2_39_79_379_2019-11-21 16:26:51.325927,2-39-79-379,CA-327,2019-11-21 08:26:51-08:00,2019-11-21 17:23:35-08:00,2019-11-21 17:22:35-08:00,1.519,0.0,0.0,0.0,America/Los_Angeles
caltech,2_39_91_437_2019-11-21 16:33:19.092980,2-39-91-437,CA-317,2019-11-21 08:33:19-08:00,2019-11-21 11:40:34-08:00,2019-11-21 11:20:00-08:00,16.466,24.0,60.0,236.0,America/Los_Angeles
caltech,2_39_89_25_2019-11-21 16:38:03.420766,2-39-89-25,CA-315,2019-11-21 08:38:04-08:00,2019-11-21 18:54:04-08:00,2019-11-21 10:45:01-08:00,5.66,8.0,20.0,206.0,America/Los_Angeles
caltech,2_39_79_381_2019-11-21 16:41:24.762873,2-39-79-381,CA-490,2019-11-21 08:41:25-08:00,2019-11-21 16:27:23-08:00,2019-11-21 14:56:53-08:00,2.824,3.0,10.0,400.0,America/Los_Angeles
caltech,2_39_127_19_2019-11-21 16:47:52.823853,2-39-127-19,CA-309,2019-11-21 08:47:53-08:00,2019-11-21 18:28:02-08:00,2019-11-21 10:39:35-08:00,5.089,6.5,20.0,212.0,America/Los_Angeles
caltech,2_39_129_17_2019-11-21 16:49:49.937002,2-39-129-17,CA-307,2019-11-21 08:49:50-08:00,2019-11-21 16:45:46-08:00,2019-11-21 16:31:32-08:00,11.914,12.0,30.0,453.0,America/Los_Angeles
caltech,2_39_79_377_2019-11-21 16:51:13.361674,2-39-79-377,CA-325,2019-11-21 08:51:13-08:00,2019-11-21 17:17:16-08:00,2019-11-21 13:33:18-08:00,16.0,24.0,60.0,629.0,America/Los_Angeles
caltech,2_39_78_362_2019-11-21 17:00:56.771483,2-39-78-362,CA-496,2019-11-21 09:00:57-08:00,2019-11-21 18:24:32-08:00,2019-11-21 18:25:29-08:00,27.624,27.72,120.0,543.0,America/Los_Angeles
caltech,2_39_78_360_2019-11-21 17:05:05.105992,2-39-78-360,CA-322,2019-11-21 09:05:05-08:00,2019-11-21 19:04:53-08:00,2019-11-21 10:58:02-08:00,11.47,24.0,60.0,60.0,America/Los_Angeles
caltech,2_39_138_566_2019-11-21 17:07:22.340447,2-39-138-566,CA-512,2019-11-21 09:07:22-08:00,2019-11-22 21:56:32-08:00,2019-11-22 15:26:01-08:00,1.035,0.0,0.0,0.0,America/Los_Angeles
caltech,2_39_92_436_2019-11-21 17:23:54.758100,2-39-92-436,CA-318,2019-11-21 09:23:57-08:00,2019-11-21 10:32:10-08:00,2019-11-21 10:32:05-08:00,6.662,20.0,50.0,149.0,America/Los_Angeles
caltech,2_39_95_444_2019-11-21 17:29:11.111009,2-39-95-444,CA-497,2019-11-21 09:29:11-08:00,2019-11-21 18:08:38-08:00,2019-11-21 13:32:19-08:00,27.538,29.2,100.0,459.0,America/Los_Angeles
caltech,2_39_78_363_2019-11-21 17:31:07.313183,2-39-78-363,CA-320,2019-11-21 09:31:07-08:00,2019-11-21 13:49:18-08:00,2019-11-21 11:18:35-08:00,0.899,0.0,0.0,0.0,America/Los_Angeles
caltech,2_39_78_365_2019-11-21 17:36:01.736161,2-39-78-365,CA-321,2019-11-21 09:36:02-08:00,2019-11-21 18:04:07-08:00,2019-11-21 18:04:04-08:00,6.427,20.0,50.0,451.0,America/Los_Angeles
caltech,2_39_92_442_2019-11-21 17:41:40.089829,2-39-92-442,CA-498,2019-11-21 09:41:40-08:00,2019-11-21 12:44:19-08:00,2019-11-21 12:44:11-08:00,19.782,40.04,110.0,60.0,America/Los_Angeles
caltech,2_39_90_26_2019-11-21 17:54:36.650963,2-39-90-26,CA-316,2019-11-21 09:54:37-08:00,2019-11-21 11:27:37-08:00,2019-11-21 11:27:32-08:00,10.194,20.0,50.0,226.0,America/Los_Angeles
caltech,2_39_124_22_2019-11-21 17:56:02.398202,2-39-124-22,CA-312,2019-11-21 09:56:02-08:00,2019-11-21 19:28:31-08:00,2019-11-21 12:32:25-08:00,17.327,40.0,100.0,60.0,America/Los_Angeles
caltech,2_39_88_24_2019-11-21 17:56:08.495969,2-39-88-24,CA-314,2019-11-21 09:56:08-08:00,2019-11-21 20:51:05-08:00,2019-11-21 11:51:41-08:00,5.749,8.0,20.0,60.0,America/Los_Angeles
caltech,2_39_90_440_2019-11-21 17:59:02.542157,2-39-90-440,CA-500,2019-11-21 09:59:03-08:00,2019-11-21 16:22:55-08:00,2019-11-21 14:57:05-08:00,0.89,0.0,0.0,0.0,America/Los_Angeles
caltech,2_39_123_23_2019-11-21 17:59:53.967879,2-39-123-23,CA-313,2019-11-21 09:59:54-08:00,2019-11-21 15:46:41-08:00,2019-11-21 14:57:58-08:00,0.795,0.0,0.0,0.0,America/Los_Angeles
caltech,2_39_79_376_2019-11-21 18:04:27.990242,2-39-79-376,CA-324,2019-11-21 10:04:28-08:00,2019-11-21 18:43:51-08:00,2019-11-21 17:40:16-08:00,8.109,8.0,20.0,60.0,America/Los_Angeles
caltech,2_39_78_361_2019-11-21 18:13:24.829987,2-39-78-361,CA-493,2019-11-21 10:13:25-08:00,2019-11-21 11:39:24-08:00,2019-11-21 11:39:20-08:00,3.583,16.0,40.0,441.0,America/Los_Angeles
caltech,2_39_79_378_2019-11-21 18:16:59.432467,2-39-79-378,CA-326,2019-11-21 10:16:59-08:00,2019-11-21 21:22:54-08:00,2019-11-21 11:32:13-08:00,2.135,16.0,40.0,291.0,America/Los_Angeles
caltech,2_39_91_441_2019-11-21 18:29:26.689013,2-39-91-441,CA-499,2019-11-21 10:29:27-08:00,2019-11-21 12:01:20-08:00,2019-11-21 12:01:11-08:00,10.023,20.0,50.0,173.0,America/Los_Angeles
caltech,2_39_139_28_2019-11-21 19:24:36.515444,2-39-139-28,CA-303,2019-11-21 11:24:36-08:00,2019-11-21 17:32:20-08:00,2019-11-21 14:55:06-08:00,7.909,8.0,20.0,369.0,America/Los_Angeles
caltech,2_39_91_437_2019-11-21 19:54:17.682404,2-39-91-437,CA-317,2019-11-21 11:54:18-08:00,2019-11-21 17:06:52-08:00,2019-11-21 16:31:35-08:00,28.035,28.14,60.0,233.0,America/Los_Angeles
caltech,2_39_78_361_2019-11-21 19:56:49.399089,2-39-78-361,CA-493,2019-11-21 11:56:49-08:00,2019-11-21 17:34:39-08:00,2019-11-21 13:09:30-08:00,0.942,0.0,0.0,0.0,America/Los_Angeles
caltech,2_39_91_441_2019-11-21 20:26:56.858505,2-39-91-441,CA-499,2019-11-21 12:26:57-08:00,2019-11-21 18:25:25-08:00,2019-11-21 14:26:44-08:00,6.515,8.0,20.0,60.0,America/Los_Angeles
caltech,2_39_90_26_2019-11-21 20:52:51.769383,2-39-90-26,CA-316,2019-11-21 12:52:52-08:00,2019-11-21 16:08:39-08:00,2019-11-21 13:58:04-08:00,6.706,20.0,50.0,230.0,America/Los_Angeles
caltech,2_39_92_436_2019-11-21 21:05:19.520491,2-39-92-436,CA-318,2019-11-21 13:05:19-08:00,2019-11-21 17:12:20-08:00,2019-11-21 16:39:22-08:00,17.71,32.0,80.0,297.0,America/Los_Angeles
caltech,2_39_90_26_2019-11-22 00:21:39.980547,2-39-90-26,CA-316,2019-11-21 16:21:40-08:00,2019-11-21 17:13:56-08:00,2019-11-21 16:52:55-08:00,0.816,0.0,0.0,0.0,America/Los_Angeles
caltech,2_39_138_29_2019-11-22 04:16:30.719169,2-39-138-29,CA-304,2019-11-21 20:16:31-08:00,2019-11-21 21:47:52-08:00,2019-11-21 21:47:48-08:00,10.222,30.0,80.0,115.0,America/Los_Angeles
caltech,2_39_139_28_2019-11-22 04:47:00.834485,2-39-139-28,CA-303,2019-11-21 20:47:01-08:00,2019-11-22 13:00:42-08:00,2019-11-22 01:32:11-08:00,30.983,45.0,180.0,600.0,America/Los_Angeles
caltech,2_39_138_29_2019-11-22 16:19:06.464435,2-39-138-29,CA-304,2019-11-22 08:19:06-08:00,2019-11-22 12:19:34-08:00,2019-11-22 09:45:48-08:00,4.417,9.0,30.0,103.0,America/Los_Angeles
caltech,2_39_78_366_2019-11-22 16:25:06.262410,2-39-78-366,CA-323,2019-11-22 08:25:06-08:00,2019-11-22 16:35:03-08:00,2019-11-22 12:54:16-08:00,14.034,21.6,60.0,600.0,America/Los_Angeles
caltech,2_39_79_383_2019-11-22 16:30:34.699176,2-39-79-383,CA-492,2019-11-22 08:30:35-08:00,2019-11-22 16:17:25-08:00,2019-11-22 11:53:04-08:00,14.314,17.52,60.0,477.0,America/Los_Angeles
caltech,2_39_79_380_2019-11-22 16:37:03.038672,2-39-79-380,CA-489,2019-11-22 08:37:03-08:00,2019-11-22 14:10:31-08:00,2019-11-22 14:05:42-08:00,2.805,3.0,10.0,400.0,America/Los_Angeles
caltech,2_39_79_382_2019-11-22 16:52:16.594912,2-39-79-382,CA-491,2019-11-22 08:52:17-08:00,2019-11-22 20:15:43-08:00,2019-11-22 17:16:17-08:00,0.899,0.0,0.0,0.0,America/Los_Angeles
caltech,2_39_78_365_2019-11-22 16:53:53.345457,2-39-78-365,CA-321,2019-11-22 08:53:53-08:00,2019-11-22 17:42:43-08:00,2019-11-22 10:39:47-08:00,6.88,20.0,50.0,364.0,America/Los_Angeles
caltech,2_39_90_440_2019-11-22 16:55:50.898085,2-39-90-440,CA-500,2019-11-22 08:55:51-08:00,2019-11-22 17:26:50-08:00,2019-11-22 14:05:31-08:00,0.91,0.0,0.0,0.0,America/Los_Angeles
caltech,2_39_126_20_2019-11-22 16:58:03.483000,2-39-126-20,CA-310,2019-11-22 08:58:03-08:00,2019-11-22 21:24:42-08:00,2019-11-22 10:00:15-08:00,2.065,16.0,40.0,291.0,America/Los_Angeles
caltech,2_39_78_363_2019-11-22 17:13:59.858035,2-39-78-363,CA-320,2019-11-22 09:14:00-08:00,2019-11-22 17:41:01-08:00,2019-11-22 10:53:51-08:00,5.13,8.0,20.0,60.0,America/Los_Angeles
caltech,2_39_78_367_2019-11-22 17:23:16.109784,2-39-78-367,CA-494,2019-11-22 09:23:16-08:00,2019-11-22 09:29:48-08:00,2019-11-22 09:29:46-08:00,0.585,40.04,110.0,60.0,America/Los_Angeles
caltech,2_39_79_376_2019-11-22 17:29:38.382226,2-39-79-376,CA-324,2019-11-22 09:29:38-08:00,2019-11-22 19:53:15-08:00,2019-11-22 13:11:46-08:00,22.629,32.0,80.0,585.0,America/Los_Angeles
caltech,2_39_78_360_2019-11-22 17:33:18.154949,2-39-78-360,CA-322,2019-11-22 09:33:18-08:00,2019-11-22 12:37:49-08:00,2019-11-22 10:40:01-08:00,0.889,0.0,0.0,0.0,America/Los_Angeles
caltech,2_39_92_436_2019-11-22 17:40:32.186232,2-39-92-436,CA-318,2019-11-22 09:40:32-08:00,2019-11-22 17:29:01-08:00,2019-11-22 13:04:24-08:00,19.369,40.0,100.0,60.0,America/Los_Angeles
caltech,2_39_79_379_2019-11-22 17:41:15.462663,2-39-79-379,CA-327,2019-11-22 09:41:15-08:00,2019-11-22 19:13:58-08:00,2019-11-22 11:37:57-08:00,11.526,28.0,70.0,60.0,America/Los_Angeles
caltech,2_39_79_377_2019-11-22 17:44:07.595354,2-39-79-377,CA-325,2019-11-22 09:44:08-08:00,2019-11-22 17:24:55-08:00,2019-11-22 16:32:10-08:00,18.326,20.0,50.0,133.0,America/Los_Angeles
caltech,2_39_95_27_2019-11-22 17:46:34.048333,2-39-95-27,CA-319,2019-11-22 09:46:34-08:00,2019-11-22 18:05:47-08:00,2019-11-22 10:06:35-08:00,1.219,8.0,20.0,60.0,America/Los_Angeles
caltech,2_39_78_364_2019-11-22 17:47:03.724848,2-39-78-364,CA-495,2019-11-22 09:47:04-08:00,2019-11-22 17:22:55-08:00,2019-11-22 17:14:49-08:00,15.892,16.0,40.0,270.0,America/Los_Angeles
caltech,2_39_78_367_2019-11-22 17:47:17.750000,2-39-78-367,CA-494,2019-11-22 09:47:18-08:00,2019-11-22 11:10:37-08:00,2019-11-22 11:11:37-08:00,0.817,0.0,0.0,0.0,America/Los_Angeles
caltech,2_39_89_25_2019-11-22 17:52:13.297345,2-39-89-25,CA-315,2019-11-22 09:52:13-08:00,2019-11-22 21:30:06-08:00,2019-11-22 10:44:49-08:00,1.6,8.88,20.0,168.0,America/Los_Angeles
caltech,2_39_95_444_2019-11-22 17:53:21.413278,2-39-95-444,CA-497,2019-11-22 09:53:21-08:00,2019-11-22 17:24:38-08:00,2019-11-22 15:25:50-08:00,0.713,0.0,0.0,0.0,America/Los_Angeles
caltech,2_39_89_439_2019-11-22 17:56:37.898466,2-39-89-439,CA-501,2019-11-22 09:56:38-08:00,2019-11-22 12:06:17-08:00,2019-11-22 11:53:47-08:00,5.952,8.0,20.0,470.0,America/Los_Angeles
caltech,2_39_90_26_2019-11-22 18:08:28.346144,2-39-90-26,CA-316,2019-11-22 10:08:28-08:00,2019-11-22 17:30:02-08:00,2019-11-22 12:07:36-08:00,11.733,16.0,40.0,441.0,America/Los_Angeles
caltech,2_39_78_362_2019-11-22 18:21:40.060123,2-39-78-362,CA-496,2019-11-22 10:21:40-08:00,2019-11-22 18:33:48-08:00,2019-11-22 18:34:47-08:00,0.96,0.0,0.0,0.0,America/Los_Angeles
caltech,2_39_123_23_2019-11-22 18:34:15.253691,2-39-123-23,CA-313,2019-11-22 10:34:15-08:00,2019-11-22 12:36:37-08:00,2019-11-22 12:36:32-08:00,13.659,40.0,100.0,149.0,America/Los_Angeles
caltech,2_39_92_442_2019-11-22 18:38:16.861454,2-39-92-442,CA-498,2019-11-22 10:38:17-08:00,2019-11-22 12:28:57-08:00,2019-11-22 11:59:47-08:00,0.745,0.0,0.0,0.0,America/Los_Angeles
caltech,2_39_88_24_2019-11-22 18:49:28.267575,2-39-88-24,CA-314,2019-11-22 10:49:28-08:00,2019-11-22 17:57:06-08:00,2019-11-22 12:48:56-08:00,6.57,8.0,20.0,60.0,America/Los_Angeles
caltech,2_39_88_438_2019-11-22 18:57:18.294325,2-39-88-438,CA-502,2019-11-22 10:57:18-08:00,2019-11-22 17:17:50-08:00,2019-11-22 13:12:50-08:00,14.148,20.0,50.0,373.0,America/Los_Angeles
caltech,2_39_91_437_2019-11-22 19:02:20.612842,2-39-91-437,CA-317,2019-11-22 11:02:21-08:00,2019-11-22 18:08:24-08:00,2019-11-22 11:44:30-08:00,1.728,8.0,20.0,206.0,America/Los_Angeles
caltech,2_39_78_367_2019-11-22 19:10:48.971836,2-39-78-367,CA-494,2019-11-22 11:10:49-08:00,2019-11-22 18:08:53-08:00,2019-11-22 18:06:49-08:00,39.916,40.04,110.0,60.0,America/Los_Angeles
caltech,2_39_124_22_2019-11-22 20:00:18.924640,2-39-124-22,CA-312,2019-11-22 12:00:19-08:00,2019-11-22 16:07:03-08:00,2019-11-22 13:56:09-08:00,12.44,20.0,50.0,230.0,America/Los_Angeles
caltech,2_39_138_29_2019-11-22 21:12:25.598870,2-39-138-29,CA-304,2019-11-22 13:12:26-08:00,2019-11-22 16:57:58-08:00,2019-11-22 15:07:53-08:00,5.929,12.0,20.0,242.0,America/Los_Angeles
caltech,2_39_78_360_2019-11-22 21:20:07.864591,2-39-78-360,CA-322,2019-11-22 13:20:08-08:00,2019-11-22 15:41:35-08:00,2019-11-22 15:34:35-08:00,0.865,0.0,0.0,0.0,America/Los_Angeles
caltech,2_39_92_442_2019-11-22 22:00:02.890046,2-39-92-442,CA-498,2019-11-22 14:00:03-08:00,2019-11-22 15:05:48-08:00,2019-11-22 15:05:43-08:00,7.159,75.0,300.0,337.0,America/Los_Angeles
caltech,2_39_123_23_2019-11-22 22:35:41.406058,2-39-123-23,CA-313,2019-11-22 14:35:41-08:00,2019-11-22 15:41:50-08:00,2019-11-22 15:41:45-08:00,3.707,12.0,30.0,137.0,America/Los_Angeles
caltech,2_39_79_378_2019-11-22 22:59:31.427743,2-39-79-378,CA-326,2019-11-22 14:59:31-08:00,2019-11-22 17:12:00-08:00,2019-11-22 17:11:55-08:00,14.772,80.0,200.0,454.0,America/Los_Angeles
caltech,2_39_78_360_2019-11-23 00:49:10.167838,2-39-78-360,CA-322,2019-11-22 16:49:10-08:00,2019-11-22 18:29:40-08:00,2019-11-22 18:29:39-08:00,5.272,15.2,38.0,173.0,America/Los_Angeles
caltech,2_39_138_29_2019-11-23 01:24:02.732415,2-39-138-29,CA-304,2019-11-22 17:24:03-08:00,2019-11-22 18:29:48-08:00,2019-11-22 18:29:39-08:00,3.771,9.99,30.0,104.0,America/Los_Angeles
caltech,2_39_139_28_2019-11-23 01:43:37.678571,2-39-139-28,CA-303,2019-11-22 17:43:38-08:00,2019-11-22 21:14:15-08:00,2019-11-22 21:14:12-08:00,22.416,30.0,120.0,259.0,America/Los_Angeles
caltech,2_39_129_17_2019-11-23 02:09:36.755194,2-39-129-17,CA-307,2019-11-22 18:09:37-08:00,2019-11-23 10:18:57-08:00,2019-11-23 06:26:54-08:00,24.902,25.0,100.0,678.0,America/Los_Angeles
caltech,2_39_131_30_2019-11-23 03:05:14.178521,2-39-131-30,CA-305,2019-11-22 19:05:22-08:00,2019-11-22 20:42:46-08:00,2019-11-22 20:28:54-08:00,7.376,12.0,30.0,154.0,America/Los_Angeles
caltech,2_39_127_19_2019-11-23 03:05:35.826256,2-39-127-19,CA-309,2019-11-22 19:05:36-08:00,2019-11-22 20:09:58-08:00,2019-11-22 20:09:53-08:00,6.523,44.0,110.0,99.0,America/Los_Angeles
caltech,2_39_124_22_2019-11-23 03:31:15.141786,2-39-124-22,CA-312,2019-11-22 19:31:15-08:00,2019-11-23 09:35:49-08:00,2019-11-23 00:00:28-08:00,15.898,36.0,60.0,285.0,America/Los_Angeles
caltech,2_39_138_29_2019-11-23 05:39:04.405626,2-39-138-29,CA-304,2019-11-22 21:39:04-08:00,2019-11-23 09:19:25-08:00,2019-11-22 23:54:02-08:00,7.067,15.2,38.0,173.0,America/Los_Angeles
caltech,2_39_139_28_2019-11-23 06:33:59.354236,2-39-139-28,CA-303,2019-11-22 22:33:59-08:00,2019-11-23 07:32:06-08:00,2019-11-23 06:26:52-08:00,43.911,44.0,220.0,406.0,America/Los_Angeles
caltech,2_39_91_437_2019-11-23 18:34:37.686488,2-39-91-437,CA-317,2019-11-23 10:34:38-08:00,2019-11-23 16:36:19-08:00,2019-11-23 12:27:27-08:00,5.819,8.0,20.0,72.0,America/Los_Angeles
caltech,2_39_131_30_2019-11-24 06:19:03.175952,2-39-131-30,CA-305,2019-11-23 22:19:03-08:00,2019-11-24 13:15:46-08:00,2019-11-24 03:17:17-08:00,32.621,84.7,220.0,406.0,America/Los_Angeles
caltech,2_39_123_23_2019-11-24 07:18:45.532723,2-39-123-23,CA-313,2019-11-23 23:18:46-08:00,2019-11-23 23:53:47-08:00,2019-11-23 23:49:21-08:00,0.846,0.0,0.0,0.0,America/Los_Angeles
caltech,2_39_88_24_2019-11-24 19:36:21.380011,2-39-88-24,CA-314,2019-11-24 11:36:21-08:00,2019-11-24 13:11:55-08:00,2019-11-24 12:43:09-08:00,6.342,8.0,20.0,106.0,America/Los_Angeles
caltech,2_39_78_365_2019-11-24 21:53:45.951306,2-39-78-365,CA-321,2019-11-24 13:53:46-08:00,2019-11-24 23:08:05-08:00,2019-11-24 21:28:56-08:00,43.877,44.0,110.0,490.0,America/Los_Angeles
caltech,2_39_127_19_2019-11-24 23:08:11.939312,2-39-127-19,CA-309,2019-11-24 15:08:12-08:00,2019-11-24 15:32:02-08:00,2019-11-24 15:31:54-08:00,2.446,7.5,30.0,99.0,America/Los_Angeles
caltech,2_39_126_20_2019-11-25 02:24:00.477310,2-39-126-20,CA-310,2019-11-24 18:24:00-08:00,2019-11-24 19:48:13-08:00,2019-11-24 19:47:56-08:00,9.256,25.63,110.0,89.0,America/Los_Angeles
caltech,2_39_131_30_2019-11-25 03:41:29.623356,2-39-131-30,CA-305,2019-11-24 19:41:30-08:00,2019-11-25 06:45:54-08:00,2019-11-25 02:06:45-08:00,42.486,80.85,210.0,719.0,America/Los_Angeles
caltech,2_39_79_379_2019-11-25 16:02:02.092538,2-39-79-379,CA-327,2019-11-25 08:02:02-08:00,2019-11-25 16:57:19-08:00,2019-11-25 12:04:27-08:00,21.142,37.5,150.0,436.0,America/Los_Angeles
caltech,2_39_79_382_2019-11-25 16:28:35.713150,2-39-79-382,CA-491,2019-11-25 08:28:36-08:00,2019-11-25 14:35:09-08:00,2019-11-25 12:54:11-08:00,0.891,0.0,0.0,0.0,America/Los_Angeles
caltech,2_39_79_381_2019-11-25 16:32:50.946939,2-39-79-381,CA-490,2019-11-25 08:32:51-08:00,2019-11-25 15:31:09-08:00,2019-11-25 13:09:04-08:00,1.493,0.0,0.0,0.0,America/Los_Angeles
caltech,2_39_139_28_2019-11-25 16:41:57.046937,2-39-139-28,CA-303,2019-11-25 08:41:57-08:00,2019-11-25 12:36:49-08:00,2019-11-25 10:12:48-08:00,4.942,6.5,20.0,212.0,America/Los_Angeles
caltech,2_39_79_378_2019-11-25 16:44:47.574022,2-39-79-378,CA-326,2019-11-25 08:44:48-08:00,2019-11-25 19:26:08-08:00,2019-11-25 13:57:13-08:00,14.734,24.0,60.0,629.0,America/Los_Angeles
caltech,2_39_78_361_2019-11-25 17:07:01.266135,2-39-78-361,CA-493,2019-11-25 09:07:01-08:00,2019-11-25 18:57:46-08:00,2019-11-25 13:45:09-08:00,16.246,28.0,70.0,552.0,America/Los_Angeles
caltech,2_39_129_17_2019-11-25 17:30:09.897883,2-39-129-17,CA-307,2019-11-25 09:30:10-08:00,2019-11-25 10:44:19-08:00,2019-11-25 10:17:34-08:00,0.948,9.0,30.0,103.0,America/Los_Angeles
caltech,2_39_126_20_2019-11-25 17:42:08.666387,2-39-126-20,CA-310,2019-11-25 09:42:09-08:00,2019-11-25 16:05:15-08:00,2019-11-25 11:46:44-08:00,13.334,20.0,50.0,230.0,America/Los_Angeles
caltech,2_39_78_367_2019-11-25 17:45:11.703909,2-39-78-367,CA-494,2019-11-25 09:45:12-08:00,2019-11-25 17:32:16-08:00,2019-11-25 17:10:36-08:00,17.094,26.28,90.0,543.0,America/Los_Angeles
caltech,2_39_78_366_2019-11-25 17:45:37.383964,2-39-78-366,CA-323,2019-11-25 09:45:37-08:00,2019-11-25 19:16:06-08:00,2019-11-25 12:07:09-08:00,14.102,32.0,80.0,60.0,America/Los_Angeles
caltech,2_39_124_22_2019-11-25 17:47:26.357249,2-39-124-22,CA-312,2019-11-25 09:47:26-08:00,2019-11-25 11:24:23-08:00,2019-11-25 10:46:24-08:00,5.477,8.0,20.0,142.0,America/Los_Angeles
caltech,2_39_79_380_2019-11-25 17:50:50.503343,2-39-79-380,CA-489,2019-11-25 09:50:50-08:00,2019-11-25 16:35:02-08:00,2019-11-25 11:31:12-08:00,6.97,40.0,100.0,409.0,America/Los_Angeles
caltech,2_39_88_24_2019-11-25 17:51:31.872338,2-39-88-24,CA-314,2019-11-25 09:51:32-08:00,2019-11-25 17:06:04-08:00,2019-11-25 11:31:49-08:00,3.938,12.0,30.0,414.0,America/Los_Angeles
caltech,2_39_95_27_2019-11-25 18:00:13.940142,2-39-95-27,CA-319,2019-11-25 10:00:14-08:00,2019-11-25 11:42:06-08:00,2019-11-25 10:43:06-08:00,1.823,8.0,20.0,206.0,America/Los_Angeles
caltech,2_39_79_376_2019-11-25 18:02:14.967381,2-39-79-376,CA-324,2019-11-25 10:02:15-08:00,2019-11-25 19:41:16-08:00,2019-11-25 12:33:57-08:00,12.234,16.0,40.0,270.0,America/Los_Angeles
caltech,2_39_91_441_2019-11-25 18:08:43.599079,2-39-91-441,CA-499,2019-11-25 10:08:44-08:00,2019-11-25 12:39:55-08:00,2019-11-25 11:38:14-08:00,9.569,20.0,50.0,173.0,America/Los_Angeles
caltech,2_39_91_437_2019-11-25 18:24:38.595783,2-39-91-437,CA-317,2019-11-25 10:24:39-08:00,2019-11-25 18:03:09-08:00,2019-11-25 12:15:54-08:00,10.998,16.0,40.0,441.0,America/Los_Angeles
caltech,2_39_89_25_2019-11-25 19:27:48.869314,2-39-89-25,CA-315,2019-11-25 11:27:49-08:00,2019-11-25 18:44:07-08:00,2019-11-25 15:09:37-08:00,17.305,20.0,50.0,133.0,America/Los_Angeles
caltech,2_39_95_27_2019-11-25 19:47:32.955096,2-39-95-27,CA-319,2019-11-25 11:47:33-08:00,2019-11-25 19:53:26-08:00,2019-11-25 12:51:54-08:00,2.159,16.0,40.0,291.0,America/Los_Angeles
caltech,2_39_78_363_2019-11-25 20:42:21.883906,2-39-78-363,CA-320,2019-11-25 12:42:22-08:00,2019-11-25 16:25:01-08:00,2019-11-25 14:59:31-08:00,4.135,4.25,10.0,166.0,America/Los_Angeles
caltech,2_39_90_26_2019-11-25 21:02:54.669211,2-39-90-26,CA-316,2019-11-25 13:02:55-08:00,2019-11-25 14:00:58-08:00,2019-11-25 13:33:19-08:00,0.883,0.0,0.0,0.0,America/Los_Angeles
caltech,2_39_78_365_2019-11-25 21:33:11.387944,2-39-78-365,CA-321,2019-11-25 13:33:11-08:00,2019-11-25 19:09:26-08:00,2019-11-25 15:34:31-08:00,6.474,8.0,20.0,60.0,America/Los_Angeles
caltech,2_39_92_436_2019-11-25 21:41:41.819671,2-39-92-436,CA-318,2019-11-25 13:41:42-08:00,2019-11-25 17:49:34-08:00,2019-11-25 14:12:02-08:00,1.501,3.25,10.0,212.0,America/Los_Angeles
caltech,2_39_124_22_2019-11-25 21:43:21.576667,2-39-124-22,CA-312,2019-11-25 13:43:22-08:00,2019-11-25 17:39:48-08:00,2019-11-25 17:39:43-08:00,26.333,40.0,100.0,263.0,America/Los_Angeles
caltech,2_39_90_26_2019-11-25 22:46:17.352620,2-39-90-26,CA-316,2019-11-25 14:46:17-08:00,2019-11-25 17:05:28-08:00,2019-11-25 17:05:23-08:00,7.548,15.2,38.0,173.0,America/Los_Angeles
caltech,2_39_128_18_2019-11-25 23:09:54.014741,2-39-128-18,CA-308,2019-11-25 15:09:54-08:00,2019-11-25 15:38:52-08:00,2019-11-25 15:38:47-08:00,0.704,0.0,0.0,0.0,America/Los_Angeles
caltech,2_39_129_17_2019-11-26 00:00:49.159393,2-39-129-17,CA-307,2019-11-25 16:00:49-08:00,2019-11-25 16:29:03-08:00,2019-11-25 16:28:59-08:00,0.738,0.0,0.0,0.0,America/Los_Angeles
caltech,2_39_139_28_2019-11-26 00:26:45.206208,2-39-139-28,CA-303,2019-11-25 16:26:45-08:00,2019-11-25 18:17:45-08:00,2019-11-25 18:17:41-08:00,5.85,12.0,20.0,242.0,America/Los_Angeles
caltech,2_39_131_30_2019-11-26 01:48:55.299762,2-39-131-30,CA-305,2019-11-25 17:48:55-08:00,2019-11-25 19:33:45-08:00,2019-11-25 19:33:40-08:00,5.619,36.0,60.0,285.0,America/Los_Angeles
caltech,2_39_139_28_2019-11-26 02:43:57.355796,2-39-139-28,CA-303,2019-11-25 18:43:57-08:00,2019-11-25 19:47:32-08:00,2019-11-25 19:47:28-08:00,6.539,44.0,110.0,99.0,America/Los_Angeles
caltech,2_39_127_19_2019-11-26 03:24:01.863008,2-39-127-19,CA-309,2019-11-25 19:24:02-08:00,2019-11-26 05:48:50-08:00,2019-11-25 22:54:35-08:00,12.152,24.0,60.0,311.0,America/Los_Angeles
caltech,2_39_79_382_2019-11-26 15:32:17.624767,2-39-79-382,CA-491,2019-11-26 07:32:18-08:00,2019-11-26 16:32:57-08:00,2019-11-26 13:32:40-08:00,0.879,0.0,0.0,0.0,America/Los_Angeles
caltech,2_39_79_379_2019-11-26 16:48:47.260252,2-39-79-379,CA-327,2019-11-26 08:48:47-08:00,2019-11-26 19:03:24-08:00,2019-11-26 13:16:44-08:00,13.283,24.0,60.0,629.0,America/Los_Angeles
caltech,2_39_79_376_2019-11-26 16:54:59.039163,2-39-79-376,CA-324,2019-11-26 08:54:59-08:00,2019-11-26 17:55:00-08:00,2019-11-26 12:56:05-08:00,20.679,37.5,150.0,436.0,America/Los_Angeles
caltech,2_39_131_30_2019-11-26 16:58:02.265064,2-39-131-30,CA-305,2019-11-26 08:58:02-08:00,2019-11-26 16:37:32-08:00,2019-11-26 10:10:17-08:00,4.051,12.0,30.0,309.0,America/Los_Angeles
caltech,2_39_92_442_2019-11-26 17:05:42.432375,2-39-92-442,CA-498,2019-11-26 09:05:42-08:00,2019-11-26 12:39:37-08:00,2019-11-26 12:39:33-08:00,24.25,40.0,100.0,390.0,America/Los_Angeles
caltech,2_39_125_21_2019-11-26 17:12:52.924069,2-39-125-21,CA-311,2019-11-26 09:12:53-08:00,2019-11-26 19:10:10-08:00,2019-11-26 10:24:08-08:00,3.795,8.0,20.0,423.0,America/Los_Angeles
caltech,2_39_89_25_2019-11-26 17:13:10.183963,2-39-89-25,CA-315,2019-11-26 09:13:10-08:00,2019-11-26 09:50:04-08:00,2019-11-26 09:50:00-08:00,2.095,8.0,20.0,64.0,America/Los_Angeles
caltech,2_39_79_380_2019-11-26 17:37:02.349841,2-39-79-380,CA-489,2019-11-26 09:37:02-08:00,2019-11-26 17:21:41-08:00,2019-11-26 11:36:46-08:00,11.637,40.0,100.0,409.0,America/Los_Angeles
caltech,2_39_78_365_2019-11-26 17:45:35.760998,2-39-78-365,CA-321,2019-11-26 09:45:36-08:00,2019-11-26 10:42:14-08:00,2019-11-26 10:16:45-08:00,0.871,0.0,0.0,0.0,America/Los_Angeles
caltech,2_39_79_377_2019-11-26 17:49:59.934601,2-39-79-377,CA-325,2019-11-26 09:50:00-08:00,2019-11-26 17:51:07-08:00,2019-11-26 10:32:53-08:00,1.064,0.0,0.0,0.0,America/Los_Angeles
caltech,2_39_95_27_2019-11-26 17:56:21.495081,2-39-95-27,CA-319,2019-11-26 09:56:21-08:00,2019-11-26 12:08:42-08:00,2019-11-26 11:09:50-08:00,8.439,20.0,50.0,364.0,America/Los_Angeles
caltech,2_39_78_366_2019-11-26 17:58:02.922003,2-39-78-366,CA-323,2019-11-26 09:58:03-08:00,2019-11-26 18:23:34-08:00,2019-11-26 18:23:20-08:00,1.273,0.0,0.0,0.0,America/Los_Angeles
caltech,2_39_79_381_2019-11-26 18:03:24.093114,2-39-79-381,CA-490,2019-11-26 10:03:24-08:00,2019-11-26 16:13:41-08:00,2019-11-26 11:56:57-08:00,6.103,12.0,30.0,133.0,America/Los_Angeles
caltech,2_39_78_367_2019-11-26 18:10:18.101519,2-39-78-367,CA-494,2019-11-26 10:10:18-08:00,2019-11-26 17:03:23-08:00,2019-11-26 12:18:54-08:00,6.696,16.0,40.0,270.0,America/Los_Angeles
caltech,2_39_78_364_2019-11-26 18:19:01.015176,2-39-78-364,CA-495,2019-11-26 10:19:23-08:00,2019-11-26 17:39:43-08:00,2019-11-26 12:25:13-08:00,7.133,12.0,30.0,129.0,America/Los_Angeles
caltech,2_39_89_25_2019-11-26 18:19:50.091058,2-39-89-25,CA-315,2019-11-26 10:19:50-08:00,2019-11-26 21:07:29-08:00,2019-11-26 11:09:40-08:00,1.53,8.88,20.0,168.0,America/Los_Angeles
caltech,2_39_123_23_2019-11-26 18:32:37.275330,2-39-123-23,CA-313,2019-11-26 10:32:37-08:00,2019-11-26 11:40:32-08:00,2019-11-26 11:41:31-08:00,0.902,0.0,0.0,0.0,America/Los_Angeles
caltech,2_39_95_444_2019-11-26 18:36:50.927621,2-39-95-444,CA-497,2019-11-26 10:36:51-08:00,2019-11-26 17:52:10-08:00,2019-11-26 16:39:11-08:00,0.815,0.0,0.0,0.0,America/Los_Angeles
caltech,2_39_92_436_2019-11-26 18:44:21.824505,2-39-92-436,CA-318,2019-11-26 10:44:22-08:00,2019-11-26 12:24:04-08:00,2019-11-26 11:39:55-08:00,2.455,12.0,30.0,361.0,America/Los_Angeles
caltech,2_39_78_363_2019-11-26 18:46:16.593035,2-39-78-363,CA-320,2019-11-26 10:46:17-08:00,2019-11-26 15:31:58-08:00,2019-11-26 15:23:36-08:00,0.888,0.0,0.0,0.0,America/Los_Angeles
caltech,2_39_90_26_2019-11-26 18:49:11.451587,2-39-90-26,CA-316,2019-11-26 10:49:11-08:00,2019-11-26 17:48:29-08:00,2019-11-26 12:49:58-08:00,12.188,16.0,40.0,441.0,America/Los_Angeles
caltech,2_39_78_365_2019-11-26 19:20:42.858085,2-39-78-365,CA-321,2019-11-26 11:20:43-08:00,2019-11-26 17:04:35-08:00,2019-11-26 13:32:05-08:00,4.941,19.5,60.0,253.0,America/Los_Angeles
caltech,2_39_123_23_2019-11-26 19:40:59.640256,2-39-123-23,CA-313,2019-11-26 11:41:00-08:00,2019-11-26 12:25:43-08:00,2019-11-26 12:11:31-08:00,0.889,0.0,0.0,0.0,America/Los_Angeles
caltech,2_39_88_24_2019-11-26 19:45:02.897319,2-39-88-24,CA-314,2019-11-26 11:45:13-08:00,2019-11-26 14:24:37-08:00,2019-11-26 14:24:33-08:00,8.992,20.0,40.0,560.0,America/Los_Angeles
caltech,2_39_91_437_2019-11-26 19:46:29.099538,2-39-91-437,CA-317,2019-11-26 11:46:29-08:00,2019-11-26 19:17:37-08:00,2019-11-26 13:45:26-08:00,6.457,8.0,20.0,60.0,America/Los_Angeles
caltech,2_39_130_31_2019-11-26 19:49:01.095521,2-39-130-31,CA-306,2019-11-26 11:49:01-08:00,2019-11-26 18:56:51-08:00,2019-11-26 18:52:27-08:00,24.643,40.0,200.0,466.0,America/Los_Angeles
caltech,2_39_124_22_2019-11-26 20:18:54.253336,2-39-124-22,CA-312,2019-11-26 12:18:54-08:00,2019-11-26 14:23:05-08:00,2019-11-26 14:22:57-08:00,14.24,40.0,100.0,149.0,America/Los_Angeles
caltech,2_39_78_362_2019-11-26 20:23:03.368047,2-39-78-362,CA-496,2019-11-26 12:23:19-08:00,2019-11-26 15:18:32-08:00,2019-11-26 15:19:30-08:00,11.595,12.0,30.0,344.0,America/Los_Angeles
caltech,2_39_91_441_2019-11-26 20:25:04.434380,2-39-91-441,CA-499,2019-11-26 12:25:04-08:00,2019-11-26 13:36:36-08:00,2019-11-26 13:36:28-08:00,4.025,8.0,20.0,64.0,America/Los_Angeles
caltech,2_39_123_23_2019-11-26 20:46:40.394794,2-39-123-23,CA-313,2019-11-26 12:46:40-08:00,2019-11-26 16:09:18-08:00,2019-11-26 14:50:22-08:00,13.223,20.0,50.0,230.0,America/Los_Angeles
caltech,2_39_92_436_2019-11-26 21:25:58.106687,2-39-92-436,CA-318,2019-11-26 13:28:14-08:00,2019-11-26 14:48:46-08:00,2019-11-26 14:48:41-08:00,8.289,40.0,100.0,428.0,America/Los_Angeles
caltech,2_39_95_27_2019-11-26 22:13:01.814754,2-39-95-27,CA-319,2019-11-26 14:13:02-08:00,2019-11-26 17:08:56-08:00,2019-11-26 16:00:52-08:00,5.541,15.2,38.0,173.0,America/Los_Angeles
caltech,2_39_78_360_2019-11-26 22:30:50.856252,2-39-78-360,CA-322,2019-11-26 14:30:51-08:00,2019-11-26 17:23:18-08:00,2019-11-26 17:17:54-08:00,0.877,0.0,0.0,0.0,America/Los_Angeles
caltech,2_39_83_386_2019-11-26 22:46:36.207138,2-39-83-386,CA-212,2019-11-26 14:46:36-08:00,2019-11-26 16:07:59-08:00,2019-11-26 15:13:04-08:00,2.162,30.0,50.0,60.0,America/Los_Angeles
caltech,2_39_92_436_2019-11-26 22:54:04.440179,2-39-92-436,CA-318,2019-11-26 14:54:04-08:00,2019-11-26 16:29:23-08:00,2019-11-26 16:29:18-08:00,5.418,8.0,20.0,72.0,America/Los_Angeles
caltech,2_39_123_23_2019-11-27 00:25:46.408227,2-39-123-23,CA-313,2019-11-26 16:25:46-08:00,2019-11-26 17:53:12-08:00,2019-11-26 17:41:14-08:00,3.733,8.0,20.0,60.0,America/Los_Angeles
caltech,2_39_127_19_2019-11-27 00:39:03.359757,2-39-127-19,CA-309,2019-11-26 16:39:03-08:00,2019-11-26 20:27:18-08:00,2019-11-26 17:03:48-08:00,1.399,9.0,30.0,90.0,America/Los_Angeles
caltech,2_39_131_30_2019-11-27 01:23:53.952064,2-39-131-30,CA-305,2019-11-26 17:23:54-08:00,2019-11-26 18:45:20-08:00,2019-11-26 18:45:16-08:00,4.708,9.99,30.0,104.0,America/Los_Angeles
caltech,2_39_139_28_2019-11-27 02:51:45.542945,2-39-139-28,CA-303,2019-11-26 18:51:46-08:00,2019-11-26 20:36:27-08:00,2019-11-26 20:36:22-08:00,11.268,24.0,60.0,248.0,America/Los_Angeles
caltech,2_39_131_30_2019-11-27 03:14:57.634569,2-39-131-30,CA-305,2019-11-26 19:14:58-08:00,2019-11-26 20:24:47-08:00,2019-11-26 20:24:42-08:00,7.097,40.0,100.0,99.0,America/Los_Angeles
caltech,2_39_125_21_2019-11-27 04:05:55.468044,2-39-125-21,CA-311,2019-11-26 20:05:55-08:00,2019-11-26 22:23:12-08:00,2019-11-26 22:15:46-08:00,13.287,28.0,70.0,127.0,America/Los_Angeles
caltech,2_39_138_29_2019-11-27 04:27:49.731208,2-39-138-29,CA-304,2019-11-26 20:27:50-08:00,2019-11-26 21:41:16-08:00,2019-11-26 21:41:11-08:00,8.414,30.0,80.0,115.0,America/Los_Angeles
caltech,2_39_131_30_2019-11-27 08:09:12.013283,2-39-131-30,CA-305,2019-11-27 00:09:12-08:00,2019-11-27 10:58:38-08:00,2019-11-27 03:51:50-08:00,11.844,15.2,38.0,173.0,America/Los_Angeles
caltech,2_39_89_25_2019-11-27 15:47:11.023678,2-39-89-25,CA-315,2019-11-27 07:47:11-08:00,2019-11-27 09:15:59-08:00,2019-11-27 08:23:30-08:00,1.448,8.0,20.0,65.0,America/Los_Angeles
caltech,2_39_79_382_2019-11-27 16:11:13.805008,2-39-79-382,CA-491,2019-11-27 08:11:14-08:00,2019-11-27 14:12:28-08:00,2019-11-27 08:41:50-08:00,0.878,0.0,0.0,0.0,America/Los_Angeles
caltech,2_39_78_364_2019-11-27 16:12:43.674158,2-39-78-364,CA-495,2019-11-27 08:12:44-08:00,2019-11-27 14:26:56-08:00,2019-11-27 10:13:43-08:00,6.739,12.0,30.0,129.0,America/Los_Angeles
caltech,2_39_139_28_2019-11-27 17:16:52.587689,2-39-139-28,CA-303,2019-11-27 09:16:53-08:00,2019-11-27 18:21:21-08:00,2019-11-27 11:01:17-08:00,5.83,8.0,20.0,423.0,America/Los_Angeles
caltech,2_39_78_366_2019-11-27 18:12:02.625553,2-39-78-366,CA-323,2019-11-27 10:12:03-08:00,2019-11-27 16:14:19-08:00,2019-11-27 13:25:56-08:00,12.263,16.0,40.0,339.0,America/Los_Angeles
caltech,2_39_78_361_2019-11-27 20:27:12.971018,2-39-78-361,CA-493,2019-11-27 12:27:28-08:00,2019-11-27 12:38:52-08:00,2019-11-27 12:38:45-08:00,1.248,60.0,250.0,576.0,America/Los_Angeles
caltech,2_39_78_361_2019-11-27 20:56:17.744588,2-39-78-361,CA-493,2019-11-27 12:56:18-08:00,2019-11-27 13:27:21-08:00,2019-11-27 13:27:13-08:00,0.863,0.0,0.0,0.0,America/Los_Angeles
caltech,2_39_79_383_2019-11-27 21:28:14.502130,2-39-79-383,CA-492,2019-11-27 13:28:26-08:00,2019-11-27 21:06:38-08:00,2019-11-27 19:55:58-08:00,35.72,60.0,250.0,576.0,America/Los_Angeles
caltech,2_39_131_30_2019-11-28 00:14:32.550250,2-39-131-30,CA-305,2019-11-27 16:14:33-08:00,2019-11-27 18:46:08-08:00,2019-11-27 17:33:05-08:00,7.892,8.0,20.0,161.0,America/Los_Angeles
caltech,2_39_129_17_2019-11-28 00:53:05.885198,2-39-129-17,CA-307,2019-11-27 16:53:06-08:00,2019-11-27 18:58:29-08:00,2019-11-27 18:58:24-08:00,14.101,16.0,40.0,143.0,America/Los_Angeles
caltech,2_39_89_25_2019-11-28 01:36:18.973918,2-39-89-25,CA-315,2019-11-27 17:36:19-08:00,2019-11-27 19:13:47-08:00,2019-11-27 18:21:41-08:00,2.103,8.0,20.0,60.0,America/Los_Angeles
caltech,2_39_139_28_2019-11-28 02:31:55.160092,2-39-139-28,CA-303,2019-11-27 18:31:55-08:00,2019-11-27 20:00:16-08:00,2019-11-27 20:00:11-08:00,8.691,9.0,30.0,103.0,America/Los_Angeles
caltech,2_39_127_19_2019-11-28 02:40:01.889491,2-39-127-19,CA-309,2019-11-27 18:40:11-08:00,2019-11-27 20:33:37-08:00,2019-11-27 19:33:06-08:00,4.007,12.0,30.0,154.0,America/Los_Angeles
caltech,2_39_79_377_2019-11-28 23:41:50.683854,2-39-79-377,CA-325,2019-11-28 15:41:51-08:00,2019-11-28 21:58:34-08:00,2019-11-28 21:58:30-08:00,22.616,40.0,100.0,441.0,America/Los_Angeles
caltech,2_39_139_28_2019-11-29 21:53:40.432607,2-39-139-28,CA-303,2019-11-29 13:53:40-08:00,2019-11-29 17:44:20-08:00,2019-11-29 15:32:03-08:00,8.255,25.0,100.0,183.0,America/Los_Angeles
caltech,2_39_79_380_2019-11-29 22:35:03.076735,2-39-79-380,CA-489,2019-11-29 14:35:03-08:00,2019-11-29 15:45:40-08:00,2019-11-29 15:05:43-08:00,0.862,0.0,0.0,0.0,America/Los_Angeles
caltech,2_39_79_378_2019-11-29 23:07:50.524773,2-39-79-378,CA-326,2019-11-29 15:07:51-08:00,2019-11-29 17:28:08-08:00,2019-11-29 17:21:29-08:00,14.642,20.0,50.0,364.0,America/Los_Angeles
caltech,2_39_95_27_2019-11-29 23:18:26.737645,2-39-95-27,CA-319,2019-11-29 15:18:27-08:00,2019-11-29 17:58:46-08:00,2019-11-29 17:58:34-08:00,17.386,40.0,160.0,366.0,America/Los_Angeles
caltech,2_39_131_30_2019-11-30 01:32:53.429626,2-39-131-30,CA-305,2019-11-29 17:32:53-08:00,2019-11-30 11:02:38-08:00,2019-11-30 07:31:16-08:00,39.894,40.0,160.0,679.0,America/Los_Angeles
caltech,2_39_88_24_2019-11-30 02:02:39.875486,2-39-88-24,CA-314,2019-11-29 18:02:40-08:00,2019-11-29 21:20:44-08:00,2019-11-29 19:44:58-08:00,10.627,28.0,70.0,127.0,America/Los_Angeles
caltech,2_39_139_28_2019-11-30 17:33:38.660944,2-39-139-28,CA-303,2019-11-30 09:33:39-08:00,2019-11-30 14:22:34-08:00,2019-11-30 14:15:36-08:00,30.479,40.0,100.0,263.0,America/Los_Angeles
caltech,2_39_89_25_2019-11-30 19:04:26.779773,2-39-89-25,CA-315,2019-11-30 11:04:27-08:00,2019-11-30 12:36:44-08:00,2019-11-30 11:45:29-08:00,1.65,8.0,20.0,65.0,America/Los_Angeles
caltech,2_39_123_23_2019-11-30 22:18:17.910568,2-39-123-23,CA-313,2019-11-30 14:18:18-08:00,2019-11-30 16:26:10-08:00,2019-11-30 16:25:54-08:00,7.049,8.0,20.0,60.0,America/Los_Angeles
caltech,2_39_131_30_2019-12-01 02:15:42.896711,2-39-131-30,CA-305,2019-11-30 18:15:43-08:00,2019-12-01 18:33:35-08:00,2019-12-01 17:30:31-08:00,48.342,96.25,250.0,720.0,America/Los_Angeles
