site,sessionID,stationID,spaceID,connectionTime,disconnectTime,doneChargingTime,kWhDelivered,kWhRequested,milesRequested,minutesAvailable,timezone
jpl,1_1_179_783_2019-09-01 17:32:06.878657,1-1-179-783,AG-3F29,2019-09-01 10:32:07-07:00,2019-09-01 12:37:45-07:00,2019-09-01 12:06:25-07:00,8.755,24.08,80.0,117.0,America/Los_Angeles
jpl,1_1_194_821_2019-09-01 17:52:42.320723,1-1-194-821,AG-1F13,2019-09-01 10:52:42-07:00,2019-09-01 11:26:55-07:00,2019-09-01 11:27:54-07:00,1.759,4.5,20.0,88.0,America/Los_Angeles
jpl,1_1_178_823_2019-09-02 14:41:00.599776,1-1-178-823,AG-1F08,2019-09-02 07:41:01-07:00,2019-09-02 11:35:49-07:00,2019-09-02 09:34:21-07:00,5.669,10.0,20.0,146.0,America/Los_Angeles
jpl,1_1_193_819_2019-09-02 18:04:42.468412,1-1-193-819,AG-1F06,2019-09-02 11:04:42-07:00,2019-09-02 20:03:28-07:00,2019-09-02 12:50:38-07:00,10.672,36.0,90.0,478.0,America/Los_Angeles
jpl,1_1_194_821_2019-09-02 19:29:19.282559,1-1-194-821,AG-1F13,2019-09-02 12:29:19-07:00,2019-09-02 13:24:33-07:00,2019-09-02 13:25:31-07:00,5.612,14.0,70.0,173.0,America/Los_Angeles
jpl,1_1_178_823_2019-09-02 20:28:51.983684,1-1-178-823,AG-1F08,2019-09-02 13:29:10-07:00,2019-09-02 21:20:17-07:00,2019-09-02 20:59:23-07:00,48.002,44.0,220.0,471.0,America/Los_Angeles
jpl,1_1_193_827_2019-09-02 23:53:56.489176,1-1-193-827,AG-1F02,2019-09-02 16:53:56-07:00,2019-09-02 19:08:23-07:00,2019-09-02 19:09:21-07:00,13.724,22.52,40.0,198.0,America/Los_Angeles
jpl,1_1_178_828_2019-09-03 11:34:24.692719,1-1-178-828,AG-1F10,2019-09-03 04:34:25-07:00,2019-09-03 15:17:17-07:00,2019-09-03 14:43:14-07:00,48.859,73.26,220.0,720.0,America/Los_Angeles
jpl,1_1_178_823_2019-09-03 12:03:38.534376,1-1-178-823,AG-1F08,2019-09-03 05:03:39-07:00,2019-09-03 14:35:50-07:00,2019-09-03 09:31:16-07:00,9.866,16.0,40.0,479.0,America/Los_Angeles
jpl,1_1_193_819_2019-09-03 12:33:57.034368,1-1-193-819,AG-1F06,2019-09-03 05:33:57-07:00,2019-09-03 12:35:40-07:00,2019-09-03 08:56:53-07:00,13.595,20.0,50.0,181.0,America/Los_Angeles
jpl,1_1_191_789_2019-09-03 12:41:43.966085,1-1-191-789,AG-4F52,2019-09-03 05:41:44-07:00,2019-09-03 16:24:36-07:00,2019-09-03 07:47:53-07:00,5.742,7.0,20.0,574.0,America/Los_Angeles
jpl,1_1_193_820_2019-09-03 12:44:16.805718,1-1-193-820,AG-1F04,2019-09-03 05:44:17-07:00,2019-09-03 15:34:40-07:00,2019-09-03 13:56:47-07:00,10.415,24.0,40.0,598.0,America/Los_Angeles
jpl,1_1_193_825_2019-09-03 12:54:04.846639,1-1-193-825,AG-1F01,2019-09-03 05:54:05-07:00,2019-09-03 16:11:55-07:00,2019-09-03 08:43:39-07:00,7.04,12.0,30.0,242.0,America/Los_Angeles
jpl,1_1_193_827_2019-09-03 13:05:21.811695,1-1-193-827,AG-1F02,2019-09-03 06:05:22-07:00,2019-09-03 15:11:05-07:00,2019-09-03 12:04:13-07:00,12.236,18.0,30.0,459.0,America/Los_Angeles
jpl,1_1_178_824_2019-09-03 13:14:38.069099,1-1-178-824,AG-1F07,2019-09-03 06:14:38-07:00,2019-09-03 15:43:09-07:00,2019-09-03 14:40:20-07:00,6.022,6.0,30.0,386.0,America/Los_Angeles
jpl,1_1_179_810_2019-09-03 13:14:41.923340,1-1-179-810,AG-3F30,2019-09-03 06:14:42-07:00,2019-09-03 14:47:00-07:00,2019-09-03 09:54:11-07:00,19.797,24.0,80.0,463.0,America/Los_Angeles
jpl,1_1_193_829_2019-09-03 13:16:25.096176,1-1-193-829,AG-1F03,2019-09-03 06:16:25-07:00,2019-09-03 17:53:51-07:00,2019-09-03 12:14:05-07:00,20.187,28.0,80.0,602.0,America/Los_Angeles
jpl,1_1_179_799_2019-09-03 13:18:04.896424,1-1-179-799,AG-3F25,2019-09-03 06:18:29-07:00,2019-09-03 15:28:37-07:00,2019-09-03 11:34:42-07:00,25.848,29.48,110.0,524.0,America/Los_Angeles
jpl,1_1_178_817_2019-09-03 13:20:13.337746,1-1-178-817,AG-1F09,2019-09-03 06:20:28-07:00,2019-09-03 10:03:55-07:00,2019-09-03 10:04:53-07:00,18.352,28.0,70.0,291.0,America/Los_Angeles
jpl,1_1_193_816_2019-09-03 13:22:50.246770,1-1-193-816,AG-1F05,2019-09-03 06:22:50-07:00,2019-09-03 11:39:17-07:00,2019-09-03 07:50:26-07:00,2.461,4.0,20.0,42.0,America/Los_Angeles
jpl,1_1_179_815_2019-09-03 13:25:12.965653,1-1-179-815,AG-3F33,2019-09-03 06:25:13-07:00,2019-09-03 16:27:57-07:00,2019-09-03 10:14:26-07:00,9.724,12.0,30.0,577.0,America/Los_Angeles
jpl,1_1_194_826_2019-09-03 13:26:30.700091,1-1-194-826,AG-1F11,2019-09-03 06:26:31-07:00,2019-09-03 16:28:32-07:00,2019-09-03 08:52:57-07:00,12.322,60.0,100.0,588.0,America/Los_Angeles
jpl,1_1_179_788_2019-09-03 13:28:05.018050,1-1-179-788,AG-3F22,2019-09-03 06:28:05-07:00,2019-09-03 17:58:54-07:00,2019-09-03 16:05:55-07:00,30.029,30.0,100.0,624.0,America/Los_Angeles
jpl,1_1_194_822_2019-09-03 13:30:35.531810,1-1-194-822,AG-1F12,2019-09-03 06:30:36-07:00,2019-09-03 17:33:25-07:00,2019-09-03 08:58:56-07:00,5.88,6.66,20.0,96.0,America/Los_Angeles
jpl,1_1_179_787_2019-09-03 13:31:20.956696,1-1-179-787,AG-3F16,2019-09-03 06:31:21-07:00,2019-09-03 15:39:07-07:00,2019-09-03 09:59:48-07:00,8.04,16.0,40.0,530.0,America/Los_Angeles
jpl,1_1_179_797_2019-09-03 13:35:00.004884,1-1-179-797,AG-3F23,2019-09-03 06:35:00-07:00,2019-09-03 17:36:47-07:00,2019-09-03 08:40:49-07:00,4.98,19.25,70.0,556.0,America/Los_Angeles
jpl,1_1_194_821_2019-09-03 13:35:46.654636,1-1-194-821,AG-1F13,2019-09-03 06:35:47-07:00,2019-09-03 13:37:30-07:00,2019-09-03 13:35:34-07:00,8.045,8.0,20.0,448.0,America/Los_Angeles
jpl,1_1_194_818_2019-09-03 13:41:33.732530,1-1-194-818,AG-1F14,2019-09-03 06:41:34-07:00,2019-09-03 15:06:18-07:00,2019-09-03 14:28:43-07:00,38.473,126.0,210.0,706.0,America/Los_Angeles
jpl,1_1_179_796_2019-09-03 13:43:43.654322,1-1-179-796,AG-3F24,2019-09-03 06:43:44-07:00,2019-09-03 16:40:25-07:00,2019-09-03 14:03:29-07:00,6.51,24.0,60.0,580.0,America/Los_Angeles
jpl,1_1_179_783_2019-09-03 13:53:44.366090,1-1-179-783,AG-3F29,2019-09-03 06:53:44-07:00,2019-09-03 11:57:54-07:00,2019-09-03 09:34:34-07:00,5.733,16.0,40.0,73.0,America/Los_Angeles
jpl,1_1_179_809_2019-09-03 13:56:20.046650,1-1-179-809,AG-3F27,2019-09-03 06:56:20-07:00,2019-09-03 12:07:51-07:00,2019-09-03 11:48:07-07:00,0.815,8.0,20.0,291.0,America/Los_Angeles
jpl,1_1_179_781_2019-09-03 13:57:44.195083,1-1-179-781,AG-3F31,2019-09-03 06:57:44-07:00,2019-09-03 14:26:08-07:00,2019-09-03 12:30:12-07:00,16.605,20.0,50.0,143.0,America/Los_Angeles
jpl,1_1_179_777_2019-09-03 13:58:42.891454,1-1-179-777,AG-3F28,2019-09-03 06:58:43-07:00,2019-09-03 18:41:16-07:00,2019-09-03 08:59:52-07:00,6.994,15.65,50.0,460.0,America/Los_Angeles
jpl,1_1_179_798_2019-09-03 13:58:54.005659,1-1-179-798,AG-3F18,2019-09-03 06:58:54-07:00,2019-09-03 17:39:32-07:00,2019-09-03 11:19:53-07:00,12.435,15.0,40.0,529.0,America/Los_Angeles
jpl,1_1_179_779_2019-09-03 13:59:01.127154,1-1-179-779,AG-3F17,2019-09-03 06:59:01-07:00,2019-09-03 16:59:39-07:00,2019-09-03 11:58:18-07:00,11.219,8.0,20.0,324.0,America/Los_Angeles
jpl,1_1_179_794_2019-09-03 13:59:04.078155,1-1-179-794,AG-3F20,2019-09-03 06:59:04-07:00,2019-09-03 15:43:27-07:00,2019-09-03 15:23:00-07:00,27.112,39.95,170.0,511.0,America/Los_Angeles
jpl,1_1_179_791_2019-09-03 14:00:18.085475,1-1-179-791,AG-3F26,2019-09-03 07:00:18-07:00,2019-09-03 16:22:03-07:00,2019-09-03 14:38:15-07:00,45.276,49.0,140.0,560.0,America/Los_Angeles
jpl,1_1_179_790_2019-09-03 14:02:27.286637,1-1-179-790,AG-3F19,2019-09-03 07:02:27-07:00,2019-09-03 16:22:30-07:00,2019-09-03 09:17:01-07:00,5.222,9.99,30.0,304.0,America/Los_Angeles
jpl,1_1_179_801_2019-09-03 14:04:34.819041,1-1-179-801,AG-3F21,2019-09-03 07:04:52-07:00,2019-09-03 16:35:21-07:00,2019-09-03 14:45:51-07:00,16.703,16.65,50.0,563.0,America/Los_Angeles
jpl,1_1_191_803_2019-09-03 14:06:08.087659,1-1-191-803,AG-4F49,2019-09-03 07:06:08-07:00,2019-09-03 17:29:59-07:00,2019-09-03 17:30:57-07:00,40.944,52.5,210.0,488.0,America/Los_Angeles
jpl,1_1_179_813_2019-09-03 14:07:33.827980,1-1-179-813,AG-3F15,2019-09-03 07:07:34-07:00,2019-09-03 16:31:45-07:00,2019-09-03 15:07:11-07:00,4.414,8.05,23.0,522.0,America/Los_Angeles
jpl,1_1_191_782_2019-09-03 14:11:57.809453,1-1-191-782,AG-4F50,2019-09-03 07:12:12-07:00,2019-09-03 14:49:27-07:00,2019-09-03 14:32:02-07:00,11.535,15.0,60.0,477.0,America/Los_Angeles
jpl,1_1_191_812_2019-09-03 14:14:35.968418,1-1-191-812,AG-4F46,2019-09-03 07:14:36-07:00,2019-09-03 17:11:02-07:00,2019-09-03 11:44:11-07:00,20.186,20.16,70.0,457.0,America/Los_Angeles
jpl,1_1_191_795_2019-09-03 14:16:03.107448,1-1-191-795,AG-4F51,2019-09-03 07:16:03-07:00,2019-09-03 12:35:15-07:00,2019-09-03 11:11:02-07:00,15.797,32.0,80.0,297.0,America/Los_Angeles
jpl,1_1_191_807_2019-09-03 14:16:22.936602,1-1-191-807,AG-4F47,2019-09-03 07:16:23-07:00,2019-09-03 13:57:06-07:00,2019-09-03 13:47:56-07:00,32.354,45.0,180.0,681.0,America/Los_Angeles
jpl,1_1_191_785_2019-09-03 14:21:05.387402,1-1-191-785,AG-4F48,2019-09-03 07:21:13-07:00,2019-09-03 16:42:03-07:00,2019-09-03 11:33:09-07:00,9.367,16.65,50.0,287.0,America/Los_Angeles
jpl,1_1_191_806_2019-09-03 14:23:09.114894,1-1-191-806,AG-4F41,2019-09-03 07:23:23-07:00,2019-09-03 18:01:46-07:00,2019-09-03 15:06:27-07:00,9.118,18.0,40.0,85.0,America/Los_Angeles
jpl,1_1_191_778_2019-09-03 14:24:09.547258,1-1-191-778,AG-4F43,2019-09-03 07:24:10-07:00,2019-09-03 17:00:49-07:00,2019-09-03 17:01:47-07:00,58.195,60.0,100.0,564.0,America/Los_Angeles
jpl,1_1_191_780_2019-09-03 14:24:12.250665,1-1-191-780,AG-4F45,2019-09-03 07:24:12-07:00,2019-09-03 15:50:35-07:00,2019-09-03 11:47:53-07:00,8.566,6.66,20.0,246.0,America/Los_Angeles
jpl,1_1_191_802_2019-09-03 14:26:31.884871,1-1-191-802,AG-4F44,2019-09-03 07:26:32-07:00,2019-09-03 16:47:26-07:00,2019-09-03 12:43:25-07:00,12.649,12.0,30.0,420.0,America/Los_Angeles
jpl,1_1_191_805_2019-09-03 14:26:47.654610,1-1-191-805,AG-4F39,2019-09-03 07:26:48-07:00,2019-09-03 08:57:25-07:00,2019-09-03 08:58:23-07:00,3.922,24.0,60.0,388.0,America/Los_Angeles
jpl,1_1_191_808_2019-09-03 14:26:57.941929,1-1-191-808,AG-4F35,2019-09-03 07:26:58-07:00,2019-09-03 11:36:48-07:00,2019-09-03 10:53:46-07:00,0.946,0.0,0.0,0.0,America/Los_Angeles
jpl,1_1_191_792_2019-09-03 14:27:27.255875,1-1-191-792,AG-4F37,2019-09-03 07:27:27-07:00,2019-09-03 16:35:09-07:00,2019-09-03 16:17:00-07:00,14.803,24.0,60.0,597.0,America/Los_Angeles
jpl,1_1_191_786_2019-09-03 14:27:33.888368,1-1-191-786,AG-4F36,2019-09-03 07:27:34-07:00,2019-09-03 16:56:44-07:00,2019-09-03 16:22:42-07:00,47.985,64.24,220.0,631.0,America/Los_Angeles
jpl,1_1_191_811_2019-09-03 14:28:08.043813,1-1-191-811,AG-4F42,2019-09-03 07:28:08-07:00,2019-09-03 16:34:04-07:00,2019-09-03 16:21:29-07:00,15.191,25.9,100.0,665.0,America/Los_Angeles
jpl,1_1_191_784_2019-09-03 14:32:33.679983,1-1-191-784,AG-4F40,2019-09-03 07:33:04-07:00,2019-09-03 16:10:09-07:00,2019-09-03 09:33:34-07:00,12.421,49.5,180.0,511.0,America/Los_Angeles
jpl,1_1_191_804_2019-09-03 14:37:28.756429,1-1-191-804,AG-4F34,2019-09-03 07:37:29-07:00,2019-09-03 15:37:32-07:00,2019-09-03 14:33:01-07:00,16.556,12.0,40.0,313.0,America/Los_Angeles
jpl,1_1_191_793_2019-09-03 14:38:40.304457,1-1-191-793,AG-4F38,2019-09-03 07:38:40-07:00,2019-09-03 11:50:21-07:00,2019-09-03 10:56:52-07:00,5.871,8.0,20.0,393.0,America/Los_Angeles
jpl,1_1_191_805_2019-09-03 16:38:24.061781,1-1-191-805,AG-4F39,2019-09-03 09:38:24-07:00,2019-09-03 16:33:18-07:00,2019-09-03 11:24:27-07:00,9.24,24.0,60.0,388.0,America/Los_Angeles
jpl,1_1_178_817_2019-09-03 17:17:42.242888,1-1-178-817,AG-1F09,2019-09-03 10:17:42-07:00,2019-09-03 15:43:21-07:00,2019-09-03 15:29:36-07:00,28.512,32.34,140.0,496.0,America/Los_Angeles
jpl,1_1_191_808_2019-09-03 18:37:31.846446,1-1-191-808,AG-4F35,2019-09-03 11:37:32-07:00,2019-09-03 16:58:42-07:00,2019-09-03 16:15:20-07:00,12.546,16.0,40.0,434.0,America/Los_Angeles
jpl,1_1_193_816_2019-09-03 18:42:53.493230,1-1-193-816,AG-1F05,2019-09-03 11:42:53-07:00,2019-09-03 17:37:41-07:00,2019-09-03 13:52:11-07:00,5.685,15.0,50.0,350.0,America/Los_Angeles
jpl,1_1_179_809_2019-09-03 19:07:54.734035,1-1-179-809,AG-3F27,2019-09-03 12:07:55-07:00,2019-09-03 16:58:13-07:00,2019-09-03 13:57:58-07:00,5.296,8.0,20.0,291.0,America/Los_Angeles
jpl,1_1_191_793_2019-09-03 19:14:32.473760,1-1-191-793,AG-4F38,2019-09-03 12:14:47-07:00,2019-09-03 17:46:36-07:00,2019-09-03 15:17:25-07:00,18.461,19.25,70.0,237.0,America/Los_Angeles
jpl,1_1_179_783_2019-09-03 19:22:27.728378,1-1-179-783,AG-3F29,2019-09-03 12:22:28-07:00,2019-09-03 15:58:45-07:00,2019-09-03 15:59:42-07:00,20.192,36.0,90.0,311.0,America/Los_Angeles
jpl,1_1_191_795_2019-09-03 19:37:28.790298,1-1-191-795,AG-4F51,2019-09-03 12:37:29-07:00,2019-09-03 17:07:33-07:00,2019-09-03 15:00:39-07:00,13.777,24.0,40.0,342.0,America/Los_Angeles
jpl,1_1_193_819_2019-09-03 19:49:28.258736,1-1-193-819,AG-1F06,2019-09-03 12:49:28-07:00,2019-09-03 16:25:09-07:00,2019-09-03 13:23:20-07:00,1.144,16.0,40.0,73.0,America/Los_Angeles
jpl,1_1_194_821_2019-09-03 20:42:05.972865,1-1-194-821,AG-1F13,2019-09-03 13:42:06-07:00,2019-09-03 15:52:40-07:00,2019-09-03 15:29:39-07:00,7.758,5.0,20.0,139.0,America/Los_Angeles
jpl,1_1_191_807_2019-09-03 21:17:58.633696,1-1-191-807,AG-4F47,2019-09-03 14:17:59-07:00,2019-09-03 16:26:46-07:00,2019-09-03 16:12:10-07:00,5.666,9.0,20.0,67.0,America/Los_Angeles
jpl,1_1_178_823_2019-09-03 21:39:46.503179,1-1-178-823,AG-1F08,2019-09-03 14:39:46-07:00,2019-09-03 18:49:01-07:00,2019-09-03 18:49:59-07:00,25.078,40.05,150.0,426.0,America/Los_Angeles
jpl,1_1_191_782_2019-09-03 21:55:49.770041,1-1-191-782,AG-4F50,2019-09-03 14:55:50-07:00,2019-09-03 18:27:31-07:00,2019-09-03 18:28:28-07:00,19.799,4.58,20.0,593.0,America/Los_Angeles
jpl,1_1_179_810_2019-09-03 21:57:53.943552,1-1-179-810,AG-3F30,2019-09-03 14:57:54-07:00,2019-09-03 16:57:18-07:00,2019-09-03 16:36:39-07:00,4.848,12.0,30.0,69.0,America/Los_Angeles
jpl,1_1_179_781_2019-09-03 22:04:13.133579,1-1-179-781,AG-3F31,2019-09-03 15:04:13-07:00,2019-09-03 18:05:37-07:00,2019-09-03 16:47:15-07:00,10.29,16.0,40.0,142.0,America/Los_Angeles
jpl,1_1_178_828_2019-09-03 22:20:08.286403,1-1-178-828,AG-1F10,2019-09-03 15:20:26-07:00,2019-09-03 19:32:38-07:00,2019-09-03 19:33:36-07:00,22.947,46.75,170.0,476.0,America/Los_Angeles
jpl,1_1_193_827_2019-09-03 22:29:52.460319,1-1-193-827,AG-1F02,2019-09-03 15:30:04-07:00,2019-09-03 18:53:17-07:00,2019-09-03 18:54:14-07:00,7.788,9.99,30.0,448.0,America/Los_Angeles
jpl,1_1_194_818_2019-09-03 22:34:24.790513,1-1-194-818,AG-1F14,2019-09-03 15:34:25-07:00,2019-09-03 17:40:51-07:00,2019-09-03 17:41:48-07:00,10.423,19.98,60.0,188.0,America/Los_Angeles
jpl,1_1_179_787_2019-09-03 22:43:42.298283,1-1-179-787,AG-3F16,2019-09-03 15:43:42-07:00,2019-09-03 18:46:53-07:00,2019-09-03 17:50:42-07:00,6.198,9.99,30.0,198.0,America/Los_Angeles
jpl,1_1_178_817_2019-09-03 23:02:54.620917,1-1-178-817,AG-1F09,2019-09-03 16:02:55-07:00,2019-09-03 17:51:05-07:00,2019-09-03 17:52:03-07:00,9.094,14.3,50.0,116.0,America/Los_Angeles
jpl,1_1_194_821_2019-09-03 23:15:18.357574,1-1-194-821,AG-1F13,2019-09-03 16:16:15-07:00,2019-09-03 20:50:51-07:00,2019-09-03 20:51:49-07:00,11.528,11.0,40.0,176.0,America/Los_Angeles
jpl,1_1_193_819_2019-09-03 23:31:27.497994,1-1-193-819,AG-1F06,2019-09-03 16:31:27-07:00,2019-09-03 19:38:56-07:00,2019-09-03 19:39:56-07:00,12.473,25.0,100.0,247.0,America/Los_Angeles
jpl,1_1_178_824_2019-09-03 23:40:56.479368,1-1-178-824,AG-1F07,2019-09-03 16:40:56-07:00,2019-09-03 18:42:11-07:00,2019-09-03 17:53:37-07:00,2.449,8.0,20.0,157.0,America/Los_Angeles
jpl,1_1_193_820_2019-09-03 23:47:41.895196,1-1-193-820,AG-1F04,2019-09-03 16:47:42-07:00,2019-09-03 20:29:10-07:00,2019-09-03 20:30:08-07:00,21.327,41.76,120.0,126.0,America/Los_Angeles
jpl,1_1_179_815_2019-09-03 23:50:28.728966,1-1-179-815,AG-3F33,2019-09-03 16:50:29-07:00,2019-09-03 18:08:03-07:00,2019-09-03 18:09:00-07:00,8.094,27.5,110.0,179.0,America/Los_Angeles
jpl,1_1_193_816_2019-09-04 00:45:10.472281,1-1-193-816,AG-1F05,2019-09-03 17:45:10-07:00,2019-09-03 20:50:51-07:00,2019-09-03 19:43:54-07:00,5.523,10.0,20.0,165.0,America/Los_Angeles
jpl,1_1_178_824_2019-09-04 10:49:04.814435,1-1-178-824,AG-1F07,2019-09-04 03:49:05-07:00,2019-09-04 12:06:16-07:00,2019-09-04 04:23:09-07:00,3.286,29.12,80.0,517.0,America/Los_Angeles
jpl,1_1_178_828_2019-09-04 11:56:13.584687,1-1-178-828,AG-1F10,2019-09-04 04:56:14-07:00,2019-09-04 15:33:27-07:00,2019-09-04 15:02:45-07:00,30.365,43.29,130.0,720.0,America/Los_Angeles
jpl,1_1_178_823_2019-09-04 11:57:08.356282,1-1-178-823,AG-1F08,2019-09-04 04:57:08-07:00,2019-09-04 15:33:22-07:00,2019-09-04 09:28:06-07:00,9.754,16.0,40.0,525.0,America/Los_Angeles
jpl,1_1_178_817_2019-09-04 12:25:26.245770,1-1-178-817,AG-1F09,2019-09-04 05:25:26-07:00,2019-09-04 17:24:49-07:00,2019-09-04 15:28:04-07:00,53.059,57.5,230.0,637.0,America/Los_Angeles
jpl,1_1_191_789_2019-09-04 12:41:17.052896,1-1-191-789,AG-4F52,2019-09-04 05:41:17-07:00,2019-09-04 16:32:41-07:00,2019-09-04 07:57:29-07:00,5.773,7.0,20.0,574.0,America/Los_Angeles
jpl,1_1_193_819_2019-09-04 12:45:46.145444,1-1-193-819,AG-1F06,2019-09-04 05:45:46-07:00,2019-09-04 15:32:36-07:00,2019-09-04 13:39:33-07:00,10.38,24.0,40.0,598.0,America/Los_Angeles
jpl,1_1_193_820_2019-09-04 12:48:13.422389,1-1-193-820,AG-1F04,2019-09-04 05:48:13-07:00,2019-09-04 11:49:55-07:00,2019-09-04 09:17:12-07:00,13.658,20.0,50.0,181.0,America/Los_Angeles
jpl,1_1_193_827_2019-09-04 13:04:22.587642,1-1-193-827,AG-1F02,2019-09-04 06:04:23-07:00,2019-09-04 11:06:26-07:00,2019-09-04 11:01:41-07:00,12.026,12.0,20.0,459.0,America/Los_Angeles
jpl,1_1_193_825_2019-09-04 13:05:30.547506,1-1-193-825,AG-1F01,2019-09-04 06:05:31-07:00,2019-09-04 16:21:03-07:00,2019-09-04 09:25:52-07:00,4.126,12.0,30.0,242.0,America/Los_Angeles
jpl,1_1_193_829_2019-09-04 13:15:41.248551,1-1-193-829,AG-1F03,2019-09-04 06:15:41-07:00,2019-09-04 11:15:32-07:00,2019-09-04 08:51:51-07:00,5.78,16.0,40.0,73.0,America/Los_Angeles
jpl,1_1_194_821_2019-09-04 13:18:00.080367,1-1-194-821,AG-1F13,2019-09-04 06:18:00-07:00,2019-09-04 17:22:51-07:00,2019-09-04 10:09:49-07:00,13.026,24.0,60.0,388.0,America/Los_Angeles
jpl,1_1_193_816_2019-09-04 13:19:09.907659,1-1-193-816,AG-1F05,2019-09-04 06:19:10-07:00,2019-09-04 15:42:38-07:00,2019-09-04 13:01:49-07:00,12.02,12.0,60.0,386.0,America/Los_Angeles
jpl,1_1_194_822_2019-09-04 13:21:47.686370,1-1-194-822,AG-1F12,2019-09-04 06:21:48-07:00,2019-09-04 16:24:28-07:00,2019-09-04 09:16:48-07:00,12.894,60.0,100.0,588.0,America/Los_Angeles
jpl,1_1_194_826_2019-09-04 13:24:04.169850,1-1-194-826,AG-1F11,2019-09-04 06:24:13-07:00,2019-09-04 14:54:41-07:00,2019-09-04 08:45:02-07:00,9.239,36.0,60.0,263.0,America/Los_Angeles
jpl,1_1_179_783_2019-09-04 13:25:53.820913,1-1-179-783,AG-3F29,2019-09-04 06:25:54-07:00,2019-09-04 15:42:39-07:00,2019-09-04 07:33:51-07:00,2.793,8.0,20.0,118.0,America/Los_Angeles
jpl,1_1_194_818_2019-09-04 13:26:59.477750,1-1-194-818,AG-1F14,2019-09-04 06:27:11-07:00,2019-09-04 11:35:27-07:00,2019-09-04 11:36:26-07:00,16.725,28.0,70.0,222.0,America/Los_Angeles
jpl,1_1_179_787_2019-09-04 13:27:44.146031,1-1-179-787,AG-3F16,2019-09-04 06:27:44-07:00,2019-09-04 15:40:10-07:00,2019-09-04 09:45:44-07:00,8.161,16.0,40.0,530.0,America/Los_Angeles
jpl,1_1_179_810_2019-09-04 13:29:00.708945,1-1-179-810,AG-3F30,2019-09-04 06:29:01-07:00,2019-09-04 16:02:19-07:00,2019-09-04 12:32:55-07:00,25.006,25.0,50.0,66.0,America/Los_Angeles
jpl,1_1_179_791_2019-09-04 13:32:03.519494,1-1-179-791,AG-3F26,2019-09-04 06:32:04-07:00,2019-09-04 16:40:54-07:00,2019-09-04 09:12:49-07:00,8.601,12.0,30.0,577.0,America/Los_Angeles
jpl,1_1_179_799_2019-09-04 13:34:03.438428,1-1-179-799,AG-3F25,2019-09-04 06:34:03-07:00,2019-09-04 17:34:27-07:00,2019-09-04 08:40:44-07:00,5.745,6.66,20.0,96.0,America/Los_Angeles
jpl,1_1_191_808_2019-09-04 13:38:25.761851,1-1-191-808,AG-4F35,2019-09-04 06:38:26-07:00,2019-09-04 16:58:26-07:00,2019-09-04 12:55:16-07:00,13.756,16.0,40.0,434.0,America/Los_Angeles
jpl,1_1_179_781_2019-09-04 13:41:23.248601,1-1-179-781,AG-3F31,2019-09-04 06:41:23-07:00,2019-09-04 17:43:06-07:00,2019-09-04 15:46:10-07:00,0.82,0.0,0.0,0.0,America/Los_Angeles
jpl,1_1_179_809_2019-09-04 13:43:39.455921,1-1-179-809,AG-3F27,2019-09-04 06:43:39-07:00,2019-09-04 16:21:30-07:00,2019-09-04 08:11:11-07:00,8.624,21.0,70.0,473.0,America/Los_Angeles
jpl,1_1_179_800_2019-09-04 13:44:33.196590,1-1-179-800,AG-3F32,2019-09-04 06:44:33-07:00,2019-09-04 14:26:01-07:00,2019-09-04 10:14:46-07:00,20.622,126.0,210.0,706.0,America/Los_Angeles
jpl,1_1_179_777_2019-09-04 13:46:45.176614,1-1-179-777,AG-3F28,2019-09-04 06:46:45-07:00,2019-09-04 13:07:45-07:00,2019-09-04 08:47:39-07:00,6.532,24.0,60.0,357.0,America/Los_Angeles
jpl,1_1_179_796_2019-09-04 13:51:36.616327,1-1-179-796,AG-3F24,2019-09-04 06:51:37-07:00,2019-09-04 16:34:11-07:00,2019-09-04 16:14:11-07:00,10.919,24.0,60.0,580.0,America/Los_Angeles
jpl,1_1_179_794_2019-09-04 13:52:45.889660,1-1-179-794,AG-3F20,2019-09-04 06:52:46-07:00,2019-09-04 17:21:42-07:00,2019-09-04 16:20:28-07:00,12.264,15.0,40.0,529.0,America/Los_Angeles
jpl,1_1_179_797_2019-09-04 13:53:19.746218,1-1-179-797,AG-3F23,2019-09-04 06:53:20-07:00,2019-09-04 15:08:52-07:00,2019-09-04 15:00:03-07:00,31.655,35.01,90.0,479.0,America/Los_Angeles
jpl,1_1_179_815_2019-09-04 13:53:20.057170,1-1-179-815,AG-3F33,2019-09-04 06:53:20-07:00,2019-09-04 13:40:48-07:00,2019-09-04 12:48:34-07:00,0.886,0.0,0.0,0.0,America/Los_Angeles
jpl,1_1_179_788_2019-09-04 13:53:35.068738,1-1-179-788,AG-3F22,2019-09-04 06:53:35-07:00,2019-09-04 15:34:22-07:00,2019-09-04 11:10:30-07:00,18.632,28.0,70.0,506.0,America/Los_Angeles
jpl,1_1_179_798_2019-09-04 13:56:21.246895,1-1-179-798,AG-3F18,2019-09-04 06:56:21-07:00,2019-09-04 10:06:50-07:00,2019-09-04 10:07:47-07:00,10.136,20.0,50.0,143.0,America/Los_Angeles
jpl,1_1_191_803_2019-09-04 14:02:01.516439,1-1-191-803,AG-4F49,2019-09-04 07:02:01-07:00,2019-09-04 07:20:33-07:00,2019-09-04 07:21:30-07:00,1.848,8.0,20.0,123.0,America/Los_Angeles
jpl,1_1_191_782_2019-09-04 14:02:09.221373,1-1-191-782,AG-4F50,2019-09-04 07:02:21-07:00,2019-09-04 15:03:07-07:00,2019-09-04 13:57:13-07:00,12.206,15.0,60.0,477.0,America/Los_Angeles
jpl,1_1_179_813_2019-09-04 14:02:50.257212,1-1-179-813,AG-3F15,2019-09-04 07:02:50-07:00,2019-09-04 17:11:01-07:00,2019-09-04 12:21:17-07:00,11.162,11.12,40.0,594.0,America/Los_Angeles
jpl,1_1_191_806_2019-09-04 14:05:06.946699,1-1-191-806,AG-4F41,2019-09-04 07:05:07-07:00,2019-09-04 16:09:04-07:00,2019-09-04 11:24:08-07:00,13.441,39.95,170.0,511.0,America/Los_Angeles
jpl,1_1_179_779_2019-09-04 14:08:29.066839,1-1-179-779,AG-3F17,2019-09-04 07:08:29-07:00,2019-09-04 16:27:52-07:00,2019-09-04 08:59:20-07:00,5.05,19.25,70.0,556.0,America/Los_Angeles
jpl,1_1_191_802_2019-09-04 14:11:25.814258,1-1-191-802,AG-4F44,2019-09-04 07:11:26-07:00,2019-09-04 14:55:23-07:00,2019-09-04 13:29:47-07:00,14.375,24.0,80.0,437.0,America/Los_Angeles
jpl,1_1_191_795_2019-09-04 14:11:58.520813,1-1-191-795,AG-4F51,2019-09-04 07:11:59-07:00,2019-09-04 17:30:00-07:00,2019-09-04 16:25:21-07:00,4.444,8.05,23.0,522.0,America/Los_Angeles
jpl,1_1_191_805_2019-09-04 14:14:25.974967,1-1-191-805,AG-4F39,2019-09-04 07:14:26-07:00,2019-09-04 16:07:45-07:00,2019-09-04 11:55:19-07:00,11.783,20.0,50.0,430.0,America/Los_Angeles
jpl,1_1_191_807_2019-09-04 14:14:48.177706,1-1-191-807,AG-4F47,2019-09-04 07:14:48-07:00,2019-09-04 13:18:16-07:00,2019-09-04 12:11:31-07:00,27.761,45.0,150.0,443.0,America/Los_Angeles
jpl,1_1_179_790_2019-09-04 14:16:07.308903,1-1-179-790,AG-3F19,2019-09-04 07:16:07-07:00,2019-09-04 16:52:04-07:00,2019-09-04 11:17:08-07:00,16.404,24.0,40.0,564.0,America/Los_Angeles
jpl,1_1_191_792_2019-09-04 14:15:57.857920,1-1-191-792,AG-4F37,2019-09-04 07:16:11-07:00,2019-09-04 16:34:26-07:00,2019-09-04 16:21:37-07:00,16.675,16.65,50.0,563.0,America/Los_Angeles
jpl,1_1_191_785_2019-09-04 14:17:01.073097,1-1-191-785,AG-4F48,2019-09-04 07:17:01-07:00,2019-09-04 16:45:52-07:00,2019-09-04 15:29:59-07:00,26.355,65.2,200.0,525.0,America/Los_Angeles
jpl,1_1_191_778_2019-09-04 14:17:47.872834,1-1-191-778,AG-4F43,2019-09-04 07:17:48-07:00,2019-09-04 11:50:54-07:00,2019-09-04 11:06:48-07:00,11.016,12.5,50.0,207.0,America/Los_Angeles
jpl,1_1_191_786_2019-09-04 14:19:02.312015,1-1-191-786,AG-4F36,2019-09-04 07:19:09-07:00,2019-09-04 16:03:56-07:00,2019-09-04 11:46:07-07:00,7.873,8.0,20.0,324.0,America/Los_Angeles
jpl,1_1_191_811_2019-09-04 14:21:34.485086,1-1-191-811,AG-4F42,2019-09-04 07:21:34-07:00,2019-09-04 19:24:50-07:00,2019-09-04 17:40:42-07:00,40.046,40.0,100.0,568.0,America/Los_Angeles
jpl,1_1_191_803_2019-09-04 14:24:41.058067,1-1-191-803,AG-4F49,2019-09-04 07:24:41-07:00,2019-09-04 16:25:29-07:00,2019-09-04 16:26:26-07:00,35.315,50.0,200.0,518.0,America/Los_Angeles
jpl,1_1_191_793_2019-09-04 14:27:26.627143,1-1-191-793,AG-4F38,2019-09-04 07:27:27-07:00,2019-09-04 20:40:27-07:00,2019-09-04 15:42:35-07:00,40.023,40.0,160.0,720.0,America/Los_Angeles
jpl,1_1_191_812_2019-09-04 14:28:19.561024,1-1-191-812,AG-4F46,2019-09-04 07:28:32-07:00,2019-09-04 16:29:47-07:00,2019-09-04 09:52:32-07:00,12.113,16.65,50.0,287.0,America/Los_Angeles
jpl,1_1_191_784_2019-09-04 14:28:44.118672,1-1-191-784,AG-4F40,2019-09-04 07:28:44-07:00,2019-09-04 17:27:20-07:00,2019-09-04 11:34:01-07:00,12.287,20.0,50.0,545.0,America/Los_Angeles
jpl,1_1_191_804_2019-09-04 14:31:02.904031,1-1-191-804,AG-4F34,2019-09-04 07:31:03-07:00,2019-09-04 09:55:29-07:00,2019-09-04 09:56:26-07:00,10.368,16.89,30.0,171.0,America/Los_Angeles
jpl,1_1_191_780_2019-09-04 14:31:57.395231,1-1-191-780,AG-4F45,2019-09-04 07:31:57-07:00,2019-09-04 16:46:41-07:00,2019-09-04 12:51:04-07:00,14.606,12.0,20.0,162.0,America/Los_Angeles
jpl,1_1_191_804_2019-09-04 16:58:21.989996,1-1-191-804,AG-4F34,2019-09-04 09:58:22-07:00,2019-09-04 16:12:52-07:00,2019-09-04 11:27:20-07:00,2.515,10.0,20.0,50.0,America/Los_Angeles
jpl,1_1_179_798_2019-09-04 17:12:48.221493,1-1-179-798,AG-3F18,2019-09-04 10:12:48-07:00,2019-09-04 19:15:34-07:00,2019-09-04 14:13:57-07:00,6.129,9.99,30.0,493.0,America/Los_Angeles
jpl,1_1_193_827_2019-09-04 18:06:29.906486,1-1-193-827,AG-1F02,2019-09-04 11:06:30-07:00,2019-09-04 15:13:27-07:00,2019-09-04 11:20:28-07:00,0.708,12.0,20.0,361.0,America/Los_Angeles
jpl,1_1_193_829_2019-09-04 18:21:13.596045,1-1-193-829,AG-1F03,2019-09-04 11:21:14-07:00,2019-09-04 17:05:35-07:00,2019-09-04 17:06:32-07:00,26.909,39.96,120.0,340.0,America/Los_Angeles
jpl,1_1_194_818_2019-09-04 18:53:59.532485,1-1-194-818,AG-1F14,2019-09-04 11:54:00-07:00,2019-09-04 16:59:05-07:00,2019-09-04 16:56:13-07:00,18.617,24.0,60.0,278.0,America/Los_Angeles
jpl,1_1_191_778_2019-09-04 18:55:09.964252,1-1-191-778,AG-4F43,2019-09-04 11:55:10-07:00,2019-09-04 17:41:25-07:00,2019-09-04 16:09:47-07:00,7.003,9.99,30.0,448.0,America/Los_Angeles
jpl,1_1_193_820_2019-09-04 19:00:13.656804,1-1-193-820,AG-1F04,2019-09-04 12:00:14-07:00,2019-09-04 16:31:48-07:00,2019-09-04 16:32:46-07:00,14.806,12.0,40.0,248.0,America/Los_Angeles
jpl,1_1_178_824_2019-09-04 19:14:12.511097,1-1-178-824,AG-1F07,2019-09-04 12:14:12-07:00,2019-09-04 15:35:55-07:00,2019-09-04 15:08:18-07:00,8.019,8.0,20.0,60.0,America/Los_Angeles
jpl,1_1_179_777_2019-09-04 20:12:13.191409,1-1-179-777,AG-3F28,2019-09-04 13:12:13-07:00,2019-09-04 18:33:35-07:00,2019-09-04 17:51:24-07:00,28.44,67.5,270.0,594.0,America/Los_Angeles
jpl,1_1_179_815_2019-09-04 20:46:58.594077,1-1-179-815,AG-3F33,2019-09-04 13:46:59-07:00,2019-09-04 18:31:26-07:00,2019-09-04 18:32:23-07:00,29.74,43.29,130.0,402.0,America/Los_Angeles
jpl,1_1_179_800_2019-09-04 21:28:46.395405,1-1-179-800,AG-3F32,2019-09-04 14:28:46-07:00,2019-09-04 17:44:10-07:00,2019-09-04 16:16:35-07:00,5.291,9.0,20.0,67.0,America/Los_Angeles
jpl,1_1_194_826_2019-09-04 21:56:22.977913,1-1-194-826,AG-1F11,2019-09-04 14:56:23-07:00,2019-09-04 17:03:04-07:00,2019-09-04 16:45:03-07:00,6.234,7.5,20.0,95.0,America/Los_Angeles
jpl,1_1_179_797_2019-09-04 22:13:04.660746,1-1-179-797,AG-3F23,2019-09-04 15:13:05-07:00,2019-09-04 19:29:17-07:00,2019-09-04 19:30:15-07:00,26.306,25.0,100.0,247.0,America/Los_Angeles
jpl,1_1_193_827_2019-09-04 22:32:54.736611,1-1-193-827,AG-1F02,2019-09-04 15:32:55-07:00,2019-09-04 17:20:12-07:00,2019-09-04 17:21:10-07:00,5.804,20.0,50.0,143.0,America/Los_Angeles
jpl,1_1_178_824_2019-09-04 22:37:35.792750,1-1-178-824,AG-1F07,2019-09-04 15:37:45-07:00,2019-09-04 17:04:22-07:00,2019-09-04 17:01:31-07:00,3.575,16.0,40.0,60.0,America/Los_Angeles
jpl,1_1_191_802_2019-09-04 22:39:11.899260,1-1-191-802,AG-4F44,2019-09-04 15:39:12-07:00,2019-09-04 18:07:26-07:00,2019-09-04 17:06:00-07:00,8.081,10.0,40.0,285.0,America/Los_Angeles
jpl,1_1_178_823_2019-09-04 22:42:49.413526,1-1-178-823,AG-1F08,2019-09-04 15:42:49-07:00,2019-09-04 16:05:37-07:00,2019-09-04 16:06:34-07:00,0.636,0.0,0.0,0.0,America/Los_Angeles
jpl,1_1_193_816_2019-09-04 23:14:36.700172,1-1-193-816,AG-1F05,2019-09-04 16:14:37-07:00,2019-09-04 18:04:11-07:00,2019-09-04 18:05:11-07:00,10.441154166666667,40.0,100.0,107.0,America/Los_Angeles
jpl,1_1_193_825_2019-09-04 23:27:25.241263,1-1-193-825,AG-1F01,2019-09-04 16:27:25-07:00,2019-09-04 17:51:33-07:00,2019-09-04 17:52:31-07:00,8.243,20.02,70.0,94.0,America/Los_Angeles
jpl,1_1_178_828_2019-09-04 23:41:45.063184,1-1-178-828,AG-1F10,2019-09-04 16:41:45-07:00,2019-09-04 18:58:45-07:00,2019-09-04 18:59:43-07:00,7.385,20.0,50.0,143.0,America/Los_Angeles
jpl,1_1_178_823_2019-09-04 23:53:29.610830,1-1-178-823,AG-1F08,2019-09-04 16:53:30-07:00,2019-09-04 17:35:51-07:00,2019-09-04 17:36:49-07:00,2.198,4.5,20.0,88.0,America/Los_Angeles
jpl,1_1_178_823_2019-09-05 03:19:03.949056,1-1-178-823,AG-1F08,2019-09-04 20:19:04-07:00,2019-09-05 00:02:07-07:00,2019-09-04 22:08:43-07:00,5.778,10.0,20.0,220.0,America/Los_Angeles
jpl,1_1_178_828_2019-09-05 12:06:01.188971,1-1-178-828,AG-1F10,2019-09-05 05:06:01-07:00,2019-09-05 14:35:31-07:00,2019-09-05 07:14:43-07:00,5.811,10.2,24.0,60.0,America/Los_Angeles
jpl,1_1_179_799_2019-09-05 12:38:45.064371,1-1-179-799,AG-3F25,2019-09-05 05:39:06-07:00,2019-09-05 14:04:10-07:00,2019-09-05 11:43:45-07:00,30.327,34.84,130.0,566.0,America/Los_Angeles
jpl,1_1_178_823_2019-09-05 12:43:54.023353,1-1-178-823,AG-1F08,2019-09-05 05:43:54-07:00,2019-09-05 15:32:58-07:00,2019-09-05 14:04:05-07:00,10.161,24.0,40.0,598.0,America/Los_Angeles
jpl,1_1_193_819_2019-09-05 12:50:06.029538,1-1-193-819,AG-1F06,2019-09-05 05:50:06-07:00,2019-09-05 11:36:57-07:00,2019-09-05 10:13:54-07:00,13.756,20.0,50.0,181.0,America/Los_Angeles
jpl,1_1_193_825_2019-09-05 12:59:08.308350,1-1-193-825,AG-1F01,2019-09-05 05:59:08-07:00,2019-09-05 16:24:28-07:00,2019-09-05 14:34:30-07:00,0.672,0.0,0.0,0.0,America/Los_Angeles
jpl,1_1_193_820_2019-09-05 13:02:32.604829,1-1-193-820,AG-1F04,2019-09-05 06:02:33-07:00,2019-09-05 15:12:20-07:00,2019-09-05 09:32:02-07:00,12.551,18.0,30.0,361.0,America/Los_Angeles
jpl,1_1_178_817_2019-09-05 13:02:52.037376,1-1-178-817,AG-1F09,2019-09-05 06:02:52-07:00,2019-09-05 17:05:22-07:00,2019-09-05 10:28:23-07:00,26.866,39.96,120.0,720.0,America/Los_Angeles
jpl,1_1_193_829_2019-09-05 13:04:54.765042,1-1-193-829,AG-1F03,2019-09-05 06:04:55-07:00,2019-09-05 14:45:41-07:00,2019-09-05 08:29:27-07:00,5.613,16.0,40.0,73.0,America/Los_Angeles
jpl,1_1_194_821_2019-09-05 13:13:27.334776,1-1-194-821,AG-1F13,2019-09-05 06:13:27-07:00,2019-09-05 16:07:51-07:00,2019-09-05 10:29:50-07:00,13.877,24.0,60.0,542.0,America/Los_Angeles
jpl,1_1_193_816_2019-09-05 13:15:27.560589,1-1-193-816,AG-1F05,2019-09-05 06:15:41-07:00,2019-09-05 11:03:26-07:00,2019-09-05 11:04:23-07:00,13.838,28.0,70.0,291.0,America/Los_Angeles
jpl,1_1_179_797_2019-09-05 13:18:19.175399,1-1-179-797,AG-3F23,2019-09-05 06:18:19-07:00,2019-09-05 16:49:45-07:00,2019-09-05 07:49:27-07:00,4.471,19.25,70.0,556.0,America/Los_Angeles
jpl,1_1_178_824_2019-09-05 13:19:40.041165,1-1-178-824,AG-1F07,2019-09-05 06:19:40-07:00,2019-09-05 12:24:46-07:00,2019-09-05 08:52:40-07:00,5.654,6.66,20.0,167.0,America/Los_Angeles
jpl,1_1_194_822_2019-09-05 13:23:42.175929,1-1-194-822,AG-1F12,2019-09-05 06:23:42-07:00,2019-09-05 16:49:02-07:00,2019-09-05 08:59:52-07:00,12.401,60.0,100.0,631.0,America/Los_Angeles
jpl,1_1_194_818_2019-09-05 13:23:53.416190,1-1-194-818,AG-1F14,2019-09-05 06:23:53-07:00,2019-09-05 16:07:55-07:00,2019-09-05 10:03:45-07:00,8.955,20.0,50.0,446.0,America/Los_Angeles
jpl,1_1_193_827_2019-09-05 13:29:19.906076,1-1-193-827,AG-1F02,2019-09-05 06:29:20-07:00,2019-09-05 15:35:54-07:00,2019-09-05 15:31:17-07:00,8.368,16.0,40.0,530.0,America/Los_Angeles
jpl,1_1_179_815_2019-09-05 13:33:45.721067,1-1-179-815,AG-3F33,2019-09-05 06:33:46-07:00,2019-09-05 16:46:33-07:00,2019-09-05 16:28:35-07:00,4.841,8.05,23.0,522.0,America/Los_Angeles
jpl,1_1_194_826_2019-09-05 13:43:24.138031,1-1-194-826,AG-1F11,2019-09-05 06:43:24-07:00,2019-09-05 12:46:20-07:00,2019-09-05 10:30:59-07:00,6.233,8.0,20.0,448.0,America/Los_Angeles
jpl,1_1_179_783_2019-09-05 13:44:13.655619,1-1-179-783,AG-3F29,2019-09-05 06:44:14-07:00,2019-09-05 15:45:49-07:00,2019-09-05 08:02:57-07:00,2.796,8.0,20.0,118.0,America/Los_Angeles
jpl,1_1_179_800_2019-09-05 13:44:49.187084,1-1-179-800,AG-3F32,2019-09-05 06:44:49-07:00,2019-09-05 15:47:16-07:00,2019-09-05 14:54:34-07:00,16.022,16.0,80.0,386.0,America/Los_Angeles
jpl,1_1_179_796_2019-09-05 13:45:57.928737,1-1-179-796,AG-3F24,2019-09-05 06:45:58-07:00,2019-09-05 11:16:22-07:00,2019-09-05 11:16:20-07:00,0.8223141666666668,28.0,70.0,580.0,America/Los_Angeles
jpl,1_1_191_782_2019-09-05 13:46:31.506551,1-1-191-782,AG-4F50,2019-09-05 06:46:31-07:00,2019-09-05 17:20:11-07:00,2019-09-05 08:31:35-07:00,9.461,40.0,100.0,354.0,America/Los_Angeles
jpl,1_1_179_788_2019-09-05 13:48:05.944271,1-1-179-788,AG-3F22,2019-09-05 06:48:17-07:00,2019-09-05 17:31:21-07:00,2019-09-05 09:08:21-07:00,6.301,22.84,40.0,277.0,America/Los_Angeles
jpl,1_1_191_808_2019-09-05 13:48:44.221545,1-1-191-808,AG-4F35,2019-09-05 06:48:44-07:00,2019-09-05 16:59:45-07:00,2019-09-05 16:54:24-07:00,13.366,16.0,40.0,434.0,America/Los_Angeles
jpl,1_1_191_802_2019-09-05 13:52:03.726880,1-1-191-802,AG-4F44,2019-09-05 06:52:04-07:00,2019-09-05 11:13:14-07:00,2019-09-05 09:15:41-07:00,5.781,8.0,20.0,161.0,America/Los_Angeles
jpl,1_1_179_809_2019-09-05 13:52:39.291453,1-1-179-809,AG-3F27,2019-09-05 06:52:39-07:00,2019-09-05 18:59:31-07:00,2019-09-05 12:32:36-07:00,30.058,40.04,140.0,720.0,America/Los_Angeles
jpl,1_1_179_801_2019-09-05 13:53:00.129125,1-1-179-801,AG-3F21,2019-09-05 06:53:00-07:00,2019-09-05 16:19:17-07:00,2019-09-05 10:38:42-07:00,19.291,32.0,80.0,501.0,America/Los_Angeles
jpl,1_1_179_790_2019-09-05 13:53:40.002942,1-1-179-790,AG-3F19,2019-09-05 06:53:40-07:00,2019-09-05 17:17:01-07:00,2019-09-05 17:11:09-07:00,20.791,35.01,90.0,479.0,America/Los_Angeles
jpl,1_1_179_798_2019-09-05 13:54:35.626902,1-1-179-798,AG-3F18,2019-09-05 06:54:36-07:00,2019-09-05 18:40:35-07:00,2019-09-05 17:44:43-07:00,12.468,15.0,40.0,529.0,America/Los_Angeles
jpl,1_1_179_777_2019-09-05 13:55:25.009828,1-1-179-777,AG-3F28,2019-09-05 06:55:25-07:00,2019-09-05 18:01:04-07:00,2019-09-05 10:22:56-07:00,7.544,10.5,30.0,420.0,America/Los_Angeles
jpl,1_1_179_810_2019-09-05 13:57:14.679015,1-1-179-810,AG-3F30,2019-09-05 06:57:15-07:00,2019-09-05 16:21:17-07:00,2019-09-05 16:22:15-07:00,58.869,56.0,160.0,560.0,America/Los_Angeles
jpl,1_1_179_791_2019-09-05 14:07:50.011887,1-1-179-791,AG-3F26,2019-09-05 07:08:03-07:00,2019-09-05 14:52:55-07:00,2019-09-05 14:44:25-07:00,13.44,15.0,60.0,477.0,America/Los_Angeles
jpl,1_1_179_794_2019-09-05 14:10:45.726990,1-1-179-794,AG-3F20,2019-09-05 07:10:46-07:00,2019-09-05 12:27:59-07:00,2019-09-05 12:18:58-07:00,11.238,6.66,20.0,246.0,America/Los_Angeles
jpl,1_1_179_787_2019-09-05 14:14:10.208619,1-1-179-787,AG-3F16,2019-09-05 07:14:10-07:00,2019-09-05 17:55:51-07:00,2019-09-05 11:56:18-07:00,14.523,20.02,70.0,550.0,America/Los_Angeles
jpl,1_1_191_806_2019-09-05 14:14:18.298399,1-1-191-806,AG-4F41,2019-09-05 07:14:18-07:00,2019-09-05 17:53:18-07:00,2019-09-05 14:42:36-07:00,9.73,9.0,20.0,275.0,America/Los_Angeles
jpl,1_1_179_813_2019-09-05 14:15:18.956699,1-1-179-813,AG-3F15,2019-09-05 07:15:19-07:00,2019-09-05 12:13:06-07:00,2019-09-05 12:14:04-07:00,23.369,45.0,150.0,316.0,America/Los_Angeles
jpl,1_1_191_793_2019-09-05 14:15:33.527116,1-1-191-793,AG-4F38,2019-09-05 07:15:34-07:00,2019-09-05 17:15:12-07:00,2019-09-05 16:58:53-07:00,40.027,40.0,100.0,568.0,America/Los_Angeles
jpl,1_1_179_779_2019-09-05 14:15:58.556008,1-1-179-779,AG-3F17,2019-09-05 07:15:59-07:00,2019-09-05 12:09:18-07:00,2019-09-05 11:16:59-07:00,19.837,30.0,80.0,441.0,America/Los_Angeles
jpl,1_1_191_812_2019-09-05 14:19:31.762462,1-1-191-812,AG-4F46,2019-09-05 07:19:32-07:00,2019-09-05 17:16:21-07:00,2019-09-05 16:54:55-07:00,8.053,8.0,20.0,393.0,America/Los_Angeles
jpl,1_1_191_778_2019-09-05 14:20:53.975154,1-1-191-778,AG-4F43,2019-09-05 07:20:54-07:00,2019-09-05 17:10:58-07:00,2019-09-05 16:33:14-07:00,10.923,38.85,150.0,665.0,America/Los_Angeles
jpl,1_1_191_795_2019-09-05 14:22:20.837986,1-1-191-795,AG-4F51,2019-09-05 07:22:21-07:00,2019-09-05 11:52:13-07:00,2019-09-05 11:53:11-07:00,26.739,126.0,210.0,706.0,America/Los_Angeles
jpl,1_1_191_805_2019-09-05 14:24:01.191703,1-1-191-805,AG-4F39,2019-09-05 07:24:01-07:00,2019-09-05 15:53:57-07:00,2019-09-05 11:34:49-07:00,12.921,39.95,170.0,511.0,America/Los_Angeles
jpl,1_1_191_807_2019-09-05 14:25:26.406577,1-1-191-807,AG-4F47,2019-09-05 07:25:26-07:00,2019-09-05 18:25:34-07:00,2019-09-05 13:32:10-07:00,23.059,23.04,80.0,443.0,America/Los_Angeles
jpl,1_1_191_780_2019-09-05 14:26:10.572889,1-1-191-780,AG-4F45,2019-09-05 07:26:11-07:00,2019-09-05 18:06:49-07:00,2019-09-05 16:57:49-07:00,0.94,0.0,0.0,0.0,America/Los_Angeles
jpl,1_1_191_792_2019-09-05 14:27:07.788692,1-1-191-792,AG-4F37,2019-09-05 07:27:16-07:00,2019-09-05 16:40:29-07:00,2019-09-05 15:32:45-07:00,16.715,16.65,50.0,563.0,America/Los_Angeles
jpl,1_1_191_785_2019-09-05 14:28:54.539746,1-1-191-785,AG-4F48,2019-09-05 07:28:55-07:00,2019-09-05 16:45:48-07:00,2019-09-05 10:46:03-07:00,6.128,9.99,30.0,205.0,America/Los_Angeles
jpl,1_1_191_804_2019-09-05 14:30:04.127502,1-1-191-804,AG-4F34,2019-09-05 07:30:04-07:00,2019-09-05 14:31:44-07:00,2019-09-05 14:32:41-07:00,28.926,35.0,140.0,370.0,America/Los_Angeles
jpl,1_1_191_811_2019-09-05 14:30:46.588410,1-1-191-811,AG-4F42,2019-09-05 07:30:47-07:00,2019-09-05 16:48:43-07:00,2019-09-05 16:28:35-07:00,16.347,24.0,60.0,597.0,America/Los_Angeles
jpl,1_1_191_803_2019-09-05 14:33:56.554181,1-1-191-803,AG-4F49,2019-09-05 07:33:57-07:00,2019-09-05 15:28:24-07:00,2019-09-05 13:50:27-07:00,31.383,63.0,210.0,461.0,America/Los_Angeles
jpl,1_1_191_789_2019-09-05 14:35:46.400310,1-1-191-789,AG-4F52,2019-09-05 07:35:46-07:00,2019-09-05 14:20:27-07:00,2019-09-05 13:59:46-07:00,30.033,30.0,120.0,468.0,America/Los_Angeles
jpl,1_1_191_784_2019-09-05 14:36:32.885907,1-1-191-784,AG-4F40,2019-09-05 07:36:33-07:00,2019-09-05 16:43:24-07:00,2019-09-05 13:01:10-07:00,34.161,54.96,240.0,543.0,America/Los_Angeles
jpl,1_1_191_786_2019-09-05 14:36:49.468815,1-1-191-786,AG-4F36,2019-09-05 07:36:49-07:00,2019-09-05 17:45:56-07:00,2019-09-05 09:27:32-07:00,5.107,9.0,20.0,67.0,America/Los_Angeles
jpl,1_1_193_816_2019-09-05 18:15:07.138460,1-1-193-816,AG-1F05,2019-09-05 11:15:07-07:00,2019-09-05 16:29:00-07:00,2019-09-05 14:11:22-07:00,15.372,18.0,60.0,299.0,America/Los_Angeles
jpl,1_1_179_796_2019-09-05 18:16:29.739843,1-1-179-796,AG-3F24,2019-09-05 11:16:30-07:00,2019-09-05 21:01:06-07:00,2019-09-05 13:40:10-07:00,13.111,28.0,70.0,322.0,America/Los_Angeles
jpl,1_1_191_802_2019-09-05 18:18:52.958578,1-1-191-802,AG-4F44,2019-09-05 11:18:53-07:00,2019-09-05 17:05:03-07:00,2019-09-05 17:06:00-07:00,36.3,50.0,200.0,329.0,America/Los_Angeles
jpl,1_1_193_819_2019-09-05 18:44:30.318223,1-1-193-819,AG-1F06,2019-09-05 11:44:30-07:00,2019-09-05 19:12:14-07:00,2019-09-05 16:48:26-07:00,29.725,33.0,110.0,315.0,America/Los_Angeles
jpl,1_1_191_795_2019-09-05 18:56:45.085541,1-1-191-795,AG-4F51,2019-09-05 11:56:45-07:00,2019-09-05 15:48:12-07:00,2019-09-05 15:49:10-07:00,23.652,24.75,90.0,306.0,America/Los_Angeles
jpl,1_1_179_779_2019-09-05 19:16:58.990896,1-1-179-779,AG-3F17,2019-09-05 12:16:59-07:00,2019-09-05 17:21:52-07:00,2019-09-05 14:18:59-07:00,9.527,12.5,50.0,207.0,America/Los_Angeles
jpl,1_1_179_813_2019-09-05 19:21:10.900032,1-1-179-813,AG-3F15,2019-09-05 12:21:11-07:00,2019-09-05 15:19:03-07:00,2019-09-05 15:20:00-07:00,17.988,14.0,70.0,173.0,America/Los_Angeles
jpl,1_1_179_794_2019-09-05 19:42:46.059262,1-1-179-794,AG-3F20,2019-09-05 12:42:46-07:00,2019-09-05 16:39:57-07:00,2019-09-05 16:40:57-07:00,6.715,8.0,20.0,161.0,America/Los_Angeles
jpl,1_1_178_824_2019-09-05 19:54:43.311277,1-1-178-824,AG-1F07,2019-09-05 12:54:43-07:00,2019-09-05 14:00:36-07:00,2019-09-05 14:01:33-07:00,3.387,6.66,20.0,60.0,America/Los_Angeles
jpl,1_1_194_826_2019-09-05 19:55:51.883103,1-1-194-826,AG-1F11,2019-09-05 12:55:52-07:00,2019-09-05 17:34:25-07:00,2019-09-05 17:35:22-07:00,11.332,20.0,50.0,80.0,America/Los_Angeles
jpl,1_1_178_824_2019-09-05 21:03:13.289242,1-1-178-824,AG-1F07,2019-09-05 14:03:13-07:00,2019-09-05 17:22:29-07:00,2019-09-05 17:13:44-07:00,0.807,0.0,0.0,0.0,America/Los_Angeles
jpl,1_1_179_799_2019-09-05 21:09:01.705558,1-1-179-799,AG-3F25,2019-09-05 14:09:02-07:00,2019-09-05 17:33:10-07:00,2019-09-05 17:34:07-07:00,10.997,20.0,50.0,143.0,America/Los_Angeles
jpl,1_1_191_789_2019-09-05 21:27:11.428495,1-1-191-789,AG-4F52,2019-09-05 14:27:11-07:00,2019-09-05 14:53:20-07:00,2019-09-05 14:54:17-07:00,2.454,52.5,150.0,260.0,America/Los_Angeles
jpl,1_1_191_804_2019-09-05 21:49:35.665826,1-1-191-804,AG-4F34,2019-09-05 14:49:36-07:00,2019-09-05 17:52:50-07:00,2019-09-05 17:23:59-07:00,13.832,24.08,80.0,159.0,America/Los_Angeles
jpl,1_1_179_791_2019-09-05 22:08:13.546835,1-1-179-791,AG-3F26,2019-09-05 15:08:14-07:00,2019-09-05 16:43:04-07:00,2019-09-05 16:03:14-07:00,2.564,6.66,20.0,96.0,America/Los_Angeles
jpl,1_1_193_829_2019-09-05 22:09:11.324199,1-1-193-829,AG-1F03,2019-09-05 15:09:11-07:00,2019-09-05 18:24:27-07:00,2019-09-05 18:10:10-07:00,9.734,16.0,40.0,191.0,America/Los_Angeles
jpl,1_1_191_789_2019-09-05 22:09:56.796507,1-1-191-789,AG-4F52,2019-09-05 15:09:57-07:00,2019-09-05 17:01:20-07:00,2019-09-05 17:02:18-07:00,10.595,20.0,50.0,272.0,America/Los_Angeles
jpl,1_1_191_803_2019-09-05 22:59:16.346712,1-1-191-803,AG-4F49,2019-09-05 15:59:16-07:00,2019-09-05 17:43:46-07:00,2019-09-05 17:21:52-07:00,7.635,10.0,40.0,285.0,America/Los_Angeles
jpl,1_1_193_827_2019-09-05 23:07:57.486873,1-1-193-827,AG-1F02,2019-09-05 16:07:57-07:00,2019-09-05 17:50:25-07:00,2019-09-05 17:51:22-07:00,8.185,20.02,70.0,114.0,America/Los_Angeles
jpl,1_1_178_823_2019-09-05 23:27:05.236697,1-1-178-823,AG-1F08,2019-09-05 16:27:05-07:00,2019-09-05 16:58:45-07:00,2019-09-05 16:59:42-07:00,1.427,12.0,20.0,263.0,America/Los_Angeles
jpl,1_1_193_816_2019-09-05 23:30:46.257626,1-1-193-816,AG-1F05,2019-09-05 16:30:46-07:00,2019-09-05 18:10:01-07:00,2019-09-05 18:10:58-07:00,5.073,9.99,30.0,106.0,America/Los_Angeles
jpl,1_1_178_828_2019-09-05 23:35:15.085553,1-1-178-828,AG-1F10,2019-09-05 16:35:15-07:00,2019-09-05 18:08:31-07:00,2019-09-05 18:09:29-07:00,8.803,20.0,50.0,179.0,America/Los_Angeles
jpl,1_1_179_801_2019-09-05 23:49:34.590786,1-1-179-801,AG-3F21,2019-09-05 16:49:53-07:00,2019-09-05 18:11:39-07:00,2019-09-05 18:12:36-07:00,8.732,19.25,70.0,237.0,America/Los_Angeles
jpl,1_1_178_823_2019-09-05 23:58:52.570889,1-1-178-823,AG-1F08,2019-09-05 16:58:53-07:00,2019-09-05 17:40:19-07:00,2019-09-05 17:41:17-07:00,1.747,49.05,90.0,84.0,America/Los_Angeles
jpl,1_1_178_823_2019-09-06 03:15:52.254604,1-1-178-823,AG-1F08,2019-09-05 20:15:52-07:00,2019-09-06 00:42:42-07:00,2019-09-05 22:16:56-07:00,5.734,10.0,20.0,248.0,America/Los_Angeles
jpl,1_1_178_828_2019-09-06 12:05:33.885178,1-1-178-828,AG-1F10,2019-09-06 05:05:34-07:00,2019-09-06 13:41:13-07:00,2019-09-06 10:23:33-07:00,4.037,4.0,20.0,457.0,America/Los_Angeles
jpl,1_1_191_789_2019-09-06 12:38:36.885658,1-1-191-789,AG-4F52,2019-09-06 05:38:37-07:00,2019-09-06 15:07:55-07:00,2019-09-06 07:40:25-07:00,5.708,7.0,20.0,574.0,America/Los_Angeles
jpl,1_1_194_826_2019-09-06 12:41:24.163961,1-1-194-826,AG-1F11,2019-09-06 05:41:24-07:00,2019-09-06 16:03:54-07:00,2019-09-06 14:49:24-07:00,22.545,39.96,120.0,720.0,America/Los_Angeles
jpl,1_1_178_823_2019-09-06 12:42:42.819996,1-1-178-823,AG-1F08,2019-09-06 05:42:43-07:00,2019-09-06 13:59:15-07:00,2019-09-06 09:23:53-07:00,13.676,20.0,50.0,181.0,America/Los_Angeles
jpl,1_1_193_819_2019-09-06 12:43:59.383737,1-1-193-819,AG-1F06,2019-09-06 05:43:59-07:00,2019-09-06 09:56:47-07:00,2019-09-06 09:47:46-07:00,10.336,24.0,40.0,598.0,America/Los_Angeles
jpl,1_1_193_820_2019-09-06 13:01:53.162908,1-1-193-820,AG-1F04,2019-09-06 06:01:53-07:00,2019-09-06 15:01:34-07:00,2019-09-06 09:36:14-07:00,12.295,18.0,30.0,361.0,America/Los_Angeles
jpl,1_1_179_799_2019-09-06 13:05:03.281870,1-1-179-799,AG-3F25,2019-09-06 06:05:31-07:00,2019-09-06 11:39:22-07:00,2019-09-06 10:11:35-07:00,20.335,26.8,100.0,298.0,America/Los_Angeles
jpl,1_1_193_825_2019-09-06 13:08:51.395420,1-1-193-825,AG-1F01,2019-09-06 06:08:51-07:00,2019-09-06 14:54:49-07:00,2019-09-06 09:05:07-07:00,6.965,12.0,30.0,242.0,America/Los_Angeles
jpl,1_1_178_817_2019-09-06 13:10:52.726714,1-1-178-817,AG-1F09,2019-09-06 06:10:53-07:00,2019-09-06 16:05:12-07:00,2019-09-06 12:25:01-07:00,5.843,6.66,20.0,196.0,America/Los_Angeles
jpl,1_1_194_822_2019-09-06 13:20:37.190078,1-1-194-822,AG-1F12,2019-09-06 06:20:37-07:00,2019-09-06 14:39:43-07:00,2019-09-06 08:41:32-07:00,13.092,60.0,100.0,491.0,America/Los_Angeles
jpl,1_1_194_821_2019-09-06 13:21:28.289832,1-1-194-821,AG-1F13,2019-09-06 06:21:28-07:00,2019-09-06 10:38:24-07:00,2019-09-06 10:20:31-07:00,14.082,24.0,60.0,239.0,America/Los_Angeles
jpl,1_1_178_824_2019-09-06 13:24:03.268125,1-1-178-824,AG-1F07,2019-09-06 06:24:03-07:00,2019-09-06 15:36:48-07:00,2019-09-06 12:40:02-07:00,15.565,20.0,50.0,446.0,America/Los_Angeles
jpl,1_1_179_797_2019-09-06 13:25:16.984753,1-1-179-797,AG-3F23,2019-09-06 06:25:17-07:00,2019-09-06 17:46:42-07:00,2019-09-06 08:11:39-07:00,5.306,19.25,70.0,556.0,America/Los_Angeles
jpl,1_1_193_827_2019-09-06 13:25:42.987396,1-1-193-827,AG-1F02,2019-09-06 06:25:43-07:00,2019-09-06 10:40:21-07:00,2019-09-06 07:50:17-07:00,2.438,4.0,20.0,42.0,America/Los_Angeles
jpl,1_1_194_818_2019-09-06 13:29:00.577977,1-1-194-818,AG-1F14,2019-09-06 06:29:01-07:00,2019-09-06 16:01:20-07:00,2019-09-06 13:27:57-07:00,24.881,30.4,100.0,603.0,America/Los_Angeles
jpl,1_1_179_788_2019-09-06 13:30:33.884983,1-1-179-788,AG-3F22,2019-09-06 06:30:34-07:00,2019-09-06 17:44:54-07:00,2019-09-06 14:48:59-07:00,42.038,42.0,140.0,624.0,America/Los_Angeles
jpl,1_1_191_808_2019-09-06 13:35:51.724449,1-1-191-808,AG-4F35,2019-09-06 06:35:52-07:00,2019-09-06 16:41:57-07:00,2019-09-06 12:48:14-07:00,12.516,16.0,40.0,434.0,America/Los_Angeles
jpl,1_1_179_796_2019-09-06 13:41:33.895244,1-1-179-796,AG-3F24,2019-09-06 06:41:34-07:00,2019-09-06 15:45:55-07:00,2019-09-06 14:53:40-07:00,18.082,35.01,90.0,479.0,America/Los_Angeles
jpl,1_1_193_816_2019-09-06 13:50:02.469863,1-1-193-816,AG-1F05,2019-09-06 06:50:02-07:00,2019-09-06 17:18:23-07:00,2019-09-06 12:59:47-07:00,12.82,15.0,40.0,529.0,America/Los_Angeles
jpl,1_1_179_794_2019-09-06 13:50:20.105989,1-1-179-794,AG-3F20,2019-09-06 06:50:20-07:00,2019-09-06 15:37:17-07:00,2019-09-06 11:26:49-07:00,11.761,28.0,70.0,322.0,America/Los_Angeles
jpl,1_1_193_829_2019-09-06 13:53:50.095070,1-1-193-829,AG-1F03,2019-09-06 06:53:50-07:00,2019-09-06 15:32:10-07:00,2019-09-06 15:26:45-07:00,0.702,0.0,0.0,0.0,America/Los_Angeles
jpl,1_1_179_810_2019-09-06 13:56:42.774589,1-1-179-810,AG-3F30,2019-09-06 06:56:43-07:00,2019-09-06 11:15:02-07:00,2019-09-06 09:40:21-07:00,12.502,18.0,60.0,279.0,America/Los_Angeles
jpl,1_1_179_815_2019-09-06 13:56:45.001976,1-1-179-815,AG-3F33,2019-09-06 06:56:57-07:00,2019-09-06 14:44:15-07:00,2019-09-06 14:41:52-07:00,12.597,15.0,60.0,477.0,America/Los_Angeles
jpl,1_1_179_781_2019-09-06 13:57:39.883949,1-1-179-781,AG-3F31,2019-09-06 06:57:40-07:00,2019-09-06 15:19:35-07:00,2019-09-06 13:30:51-07:00,36.334,45.0,180.0,681.0,America/Los_Angeles
jpl,1_1_179_800_2019-09-06 13:57:49.624741,1-1-179-800,AG-3F32,2019-09-06 06:57:50-07:00,2019-09-06 15:21:59-07:00,2019-09-06 11:27:40-07:00,8.015,8.0,20.0,448.0,America/Los_Angeles
jpl,1_1_191_803_2019-09-06 13:58:55.898990,1-1-191-803,AG-4F49,2019-09-06 06:58:56-07:00,2019-09-06 09:16:00-07:00,2019-09-06 09:16:58-07:00,10.762,32.0,80.0,149.0,America/Los_Angeles
jpl,1_1_179_791_2019-09-06 14:02:47.529719,1-1-179-791,AG-3F26,2019-09-06 07:02:48-07:00,2019-09-06 16:48:39-07:00,2019-09-06 14:27:48-07:00,15.292,20.02,70.0,511.0,America/Los_Angeles
jpl,1_1_179_783_2019-09-06 14:03:15.487771,1-1-179-783,AG-3F29,2019-09-06 07:03:25-07:00,2019-09-06 13:18:03-07:00,2019-09-06 11:35:41-07:00,10.764,49.05,90.0,300.0,America/Los_Angeles
jpl,1_1_179_798_2019-09-06 14:04:27.562148,1-1-179-798,AG-3F18,2019-09-06 07:04:28-07:00,2019-09-06 16:15:46-07:00,2019-09-06 08:29:21-07:00,3.183,9.99,30.0,205.0,America/Los_Angeles
jpl,1_1_179_787_2019-09-06 14:08:03.614908,1-1-179-787,AG-3F16,2019-09-06 07:08:04-07:00,2019-09-06 15:03:23-07:00,2019-09-06 14:58:25-07:00,0.843,0.0,0.0,0.0,America/Los_Angeles
jpl,1_1_179_777_2019-09-06 14:12:21.227584,1-1-179-777,AG-3F28,2019-09-06 07:12:21-07:00,2019-09-06 17:39:35-07:00,2019-09-06 15:05:05-07:00,4.722,8.05,23.0,522.0,America/Los_Angeles
jpl,1_1_179_801_2019-09-06 14:13:25.553828,1-1-179-801,AG-3F21,2019-09-06 07:13:26-07:00,2019-09-06 15:46:46-07:00,2019-09-06 11:39:32-07:00,12.661,15.2,38.0,268.0,America/Los_Angeles
jpl,1_1_179_790_2019-09-06 14:15:05.025564,1-1-179-790,AG-3F19,2019-09-06 07:15:05-07:00,2019-09-06 16:22:12-07:00,2019-09-06 15:34:41-07:00,9.954,38.85,150.0,665.0,America/Los_Angeles
jpl,1_1_179_813_2019-09-06 14:14:58.024185,1-1-179-813,AG-3F15,2019-09-06 07:15:07-07:00,2019-09-06 15:05:11-07:00,2019-09-06 12:27:35-07:00,15.646,16.65,50.0,563.0,America/Los_Angeles
jpl,1_1_191_806_2019-09-06 14:18:06.572282,1-1-191-806,AG-4F41,2019-09-06 07:18:07-07:00,2019-09-06 17:36:01-07:00,2019-09-06 14:56:51-07:00,9.4,18.0,40.0,267.0,America/Los_Angeles
jpl,1_1_191_807_2019-09-06 14:19:20.194900,1-1-191-807,AG-4F47,2019-09-06 07:19:20-07:00,2019-09-06 18:44:45-07:00,2019-09-06 16:14:39-07:00,5.04,5.0,20.0,553.0,America/Los_Angeles
jpl,1_1_191_811_2019-09-06 14:19:24.268605,1-1-191-811,AG-4F42,2019-09-06 07:19:41-07:00,2019-09-06 16:25:44-07:00,2019-09-06 11:06:54-07:00,11.822,22.0,80.0,237.0,America/Los_Angeles
jpl,1_1_179_779_2019-09-06 14:23:51.676963,1-1-179-779,AG-3F17,2019-09-06 07:23:52-07:00,2019-09-06 17:11:02-07:00,2019-09-06 11:13:58-07:00,16.856,4.58,20.0,226.0,America/Los_Angeles
jpl,1_1_191_795_2019-09-06 14:25:25.815418,1-1-191-795,AG-4F51,2019-09-06 07:25:26-07:00,2019-09-06 15:56:56-07:00,2019-09-06 15:57:53-07:00,50.962,60.5,220.0,567.0,America/Los_Angeles
jpl,1_1_191_802_2019-09-06 14:26:25.113400,1-1-191-802,AG-4F44,2019-09-06 07:26:25-07:00,2019-09-06 14:47:51-07:00,2019-09-06 11:09:18-07:00,7.781,10.5,30.0,420.0,America/Los_Angeles
jpl,1_1_191_785_2019-09-06 14:27:08.280803,1-1-191-785,AG-4F48,2019-09-06 07:27:20-07:00,2019-09-06 15:54:18-07:00,2019-09-06 09:29:08-07:00,6.721,20.0,50.0,445.0,America/Los_Angeles
jpl,1_1_191_782_2019-09-06 14:31:30.915431,1-1-191-782,AG-4F50,2019-09-06 07:31:31-07:00,2019-09-06 16:21:05-07:00,2019-09-06 11:38:07-07:00,25.158,50.0,200.0,525.0,America/Los_Angeles
jpl,1_1_191_812_2019-09-06 14:32:04.484550,1-1-191-812,AG-4F46,2019-09-06 07:32:04-07:00,2019-09-06 16:49:18-07:00,2019-09-06 14:42:07-07:00,43.658,51.0,170.0,467.0,America/Los_Angeles
jpl,1_1_191_780_2019-09-06 14:36:48.947211,1-1-191-780,AG-4F45,2019-09-06 07:36:49-07:00,2019-09-06 15:57:05-07:00,2019-09-06 15:34:40-07:00,13.497,24.0,60.0,597.0,America/Los_Angeles
jpl,1_1_191_778_2019-09-06 14:38:57.955207,1-1-191-778,AG-4F43,2019-09-06 07:38:58-07:00,2019-09-06 15:03:56-07:00,2019-09-06 09:49:07-07:00,5.603,9.0,20.0,67.0,America/Los_Angeles
jpl,1_1_191_792_2019-09-06 14:39:25.963252,1-1-191-792,AG-4F37,2019-09-06 07:39:26-07:00,2019-09-06 13:09:24-07:00,2019-09-06 12:07:15-07:00,15.028,15.0,50.0,285.0,America/Los_Angeles
jpl,1_1_191_784_2019-09-06 14:39:59.264035,1-1-191-784,AG-4F40,2019-09-06 07:39:59-07:00,2019-09-06 16:11:01-07:00,2019-09-06 13:03:21-07:00,33.355,36.0,60.0,564.0,America/Los_Angeles
jpl,1_1_191_786_2019-09-06 14:40:14.352942,1-1-191-786,AG-4F36,2019-09-06 07:40:14-07:00,2019-09-06 16:35:15-07:00,2019-09-06 12:08:22-07:00,11.12,8.0,20.0,324.0,America/Los_Angeles
jpl,1_1_191_805_2019-09-06 14:40:18.444398,1-1-191-805,AG-4F39,2019-09-06 07:40:18-07:00,2019-09-06 17:50:59-07:00,2019-09-06 09:18:24-07:00,2.921,10.0,20.0,305.0,America/Los_Angeles
jpl,1_1_191_793_2019-09-06 14:40:46.934137,1-1-191-793,AG-4F38,2019-09-06 07:40:47-07:00,2019-09-06 16:13:36-07:00,2019-09-06 10:41:26-07:00,12.586,24.0,40.0,342.0,America/Los_Angeles
jpl,1_1_191_804_2019-09-06 14:42:04.172952,1-1-191-804,AG-4F34,2019-09-06 07:42:04-07:00,2019-09-06 13:02:01-07:00,2019-09-06 10:08:16-07:00,5.927,8.0,20.0,393.0,America/Los_Angeles
jpl,1_1_191_803_2019-09-06 16:30:54.440459,1-1-191-803,AG-4F49,2019-09-06 09:31:07-07:00,2019-09-06 11:23:45-07:00,2019-09-06 10:30:15-07:00,1.591,5.0,20.0,432.0,America/Los_Angeles
jpl,1_1_193_819_2019-09-06 17:33:49.757383,1-1-193-819,AG-1F06,2019-09-06 10:33:50-07:00,2019-09-06 17:55:23-07:00,2019-09-06 17:56:20-07:00,23.079,25.74,90.0,439.0,America/Los_Angeles
jpl,1_1_194_821_2019-09-06 17:39:31.489106,1-1-194-821,AG-1F13,2019-09-06 10:39:31-07:00,2019-09-06 13:09:45-07:00,2019-09-06 12:18:48-07:00,8.051,24.0,60.0,239.0,America/Los_Angeles
jpl,1_1_193_827_2019-09-06 17:45:32.336888,1-1-193-827,AG-1F02,2019-09-06 10:45:32-07:00,2019-09-06 16:08:17-07:00,2019-09-06 16:09:14-07:00,27.293,30.0,120.0,290.0,America/Los_Angeles
jpl,1_1_191_803_2019-09-06 18:29:35.741516,1-1-191-803,AG-4F49,2019-09-06 11:29:36-07:00,2019-09-06 17:55:12-07:00,2019-09-06 14:03:23-07:00,14.708,15.0,50.0,333.0,America/Los_Angeles
jpl,1_1_179_810_2019-09-06 18:31:07.039699,1-1-179-810,AG-3F30,2019-09-06 11:31:07-07:00,2019-09-06 16:24:03-07:00,2019-09-06 16:25:00-07:00,31.132,39.96,120.0,344.0,America/Los_Angeles
jpl,1_1_179_799_2019-09-06 18:57:44.794963,1-1-179-799,AG-3F25,2019-09-06 11:57:45-07:00,2019-09-06 15:35:40-07:00,2019-09-06 14:16:22-07:00,13.842,20.0,50.0,191.0,America/Los_Angeles
jpl,1_1_191_804_2019-09-06 20:08:54.793880,1-1-191-804,AG-4F34,2019-09-06 13:08:55-07:00,2019-09-06 17:04:38-07:00,2019-09-06 17:05:35-07:00,3.575,36.0,90.0,328.0,America/Los_Angeles
jpl,1_1_191_792_2019-09-06 20:17:56.746966,1-1-191-792,AG-4F37,2019-09-06 13:17:57-07:00,2019-09-06 17:18:20-07:00,2019-09-06 17:19:17-07:00,24.689,39.0,130.0,222.0,America/Los_Angeles
jpl,1_1_179_783_2019-09-06 20:22:06.925016,1-1-179-783,AG-3F29,2019-09-06 13:22:07-07:00,2019-09-06 18:15:30-07:00,2019-09-06 17:31:24-07:00,6.804,32.0,80.0,80.0,America/Los_Angeles
jpl,1_1_194_821_2019-09-06 20:25:29.749172,1-1-194-821,AG-1F13,2019-09-06 13:25:30-07:00,2019-09-06 19:13:59-07:00,2019-09-06 17:08:19-07:00,13.794,72.0,120.0,212.0,America/Los_Angeles
jpl,1_1_178_828_2019-09-06 20:59:28.429388,1-1-178-828,AG-1F10,2019-09-06 13:59:44-07:00,2019-09-07 00:13:34-07:00,2019-09-06 18:18:01-07:00,22.837,37.5,150.0,359.0,America/Los_Angeles
jpl,1_1_178_823_2019-09-06 21:09:21.518190,1-1-178-823,AG-1F08,2019-09-06 14:09:22-07:00,2019-09-06 16:59:28-07:00,2019-09-06 16:40:31-07:00,12.343,16.0,40.0,183.0,America/Los_Angeles
jpl,1_1_179_815_2019-09-06 22:00:32.632764,1-1-179-815,AG-3F33,2019-09-06 15:00:33-07:00,2019-09-06 17:48:17-07:00,2019-09-06 16:42:47-07:00,9.598,24.08,80.0,120.0,America/Los_Angeles
jpl,1_1_193_820_2019-09-06 22:08:51.440372,1-1-193-820,AG-1F04,2019-09-06 15:08:51-07:00,2019-09-06 18:33:43-07:00,2019-09-06 18:25:52-07:00,9.854,16.0,40.0,191.0,America/Los_Angeles
jpl,1_1_179_787_2019-09-06 22:12:30.323155,1-1-179-787,AG-3F16,2019-09-06 15:12:30-07:00,2019-09-06 17:34:14-07:00,2019-09-06 17:35:12-07:00,14.871,40.0,100.0,136.0,America/Los_Angeles
jpl,1_1_179_781_2019-09-06 22:22:08.500398,1-1-179-781,AG-3F31,2019-09-06 15:22:08-07:00,2019-09-06 17:01:43-07:00,2019-09-06 17:02:40-07:00,9.987,32.0,80.0,132.0,America/Los_Angeles
jpl,1_1_193_825_2019-09-06 22:23:34.773384,1-1-193-825,AG-1F01,2019-09-06 15:23:35-07:00,2019-09-06 17:25:25-07:00,2019-09-06 17:25:19-07:00,8.193,20.0,50.0,179.0,America/Los_Angeles
jpl,1_1_191_789_2019-09-06 22:37:44.490935,1-1-191-789,AG-4F52,2019-09-06 15:37:44-07:00,2019-09-06 18:39:48-07:00,2019-09-06 18:40:45-07:00,18.943,23.1,100.0,178.0,America/Los_Angeles
jpl,1_1_178_824_2019-09-06 22:45:28.204193,1-1-178-824,AG-1F07,2019-09-06 15:45:28-07:00,2019-09-06 20:36:41-07:00,2019-09-06 20:15:27-07:00,21.724,30.25,110.0,476.0,America/Los_Angeles
jpl,1_1_194_822_2019-09-06 22:52:36.920723,1-1-194-822,AG-1F12,2019-09-06 15:52:37-07:00,2019-09-06 19:24:42-07:00,2019-09-06 16:38:53-07:00,0.819,0.0,0.0,0.0,America/Los_Angeles
jpl,1_1_193_829_2019-09-06 23:08:52.920322,1-1-193-829,AG-1F03,2019-09-06 16:08:53-07:00,2019-09-06 17:46:21-07:00,2019-09-06 17:47:18-07:00,4.726,4.0,10.0,122.0,America/Los_Angeles
jpl,1_1_178_817_2019-09-06 23:31:00.821713,1-1-178-817,AG-1F09,2019-09-06 16:31:01-07:00,2019-09-06 18:15:23-07:00,2019-09-06 18:16:20-07:00,9.993,40.0,100.0,365.0,America/Los_Angeles
jpl,1_1_193_827_2019-09-06 23:54:11.571835,1-1-193-827,AG-1F02,2019-09-06 16:54:12-07:00,2019-09-06 19:20:39-07:00,2019-09-06 17:57:44-07:00,2.617,8.0,20.0,157.0,America/Los_Angeles
jpl,1_1_194_826_2019-09-07 00:02:45.213756,1-1-194-826,AG-1F11,2019-09-06 17:02:45-07:00,2019-09-06 17:51:02-07:00,2019-09-06 17:51:59-07:00,2.596,20.0,50.0,143.0,America/Los_Angeles
jpl,1_1_179_794_2019-09-07 00:10:12.573084,1-1-179-794,AG-3F20,2019-09-06 17:10:13-07:00,2019-09-06 18:20:49-07:00,2019-09-06 18:21:46-07:00,7.534,24.0,100.0,217.0,America/Los_Angeles
jpl,1_1_178_823_2019-09-07 00:55:49.022926,1-1-178-823,AG-1F08,2019-09-06 17:55:49-07:00,2019-09-06 20:27:24-07:00,2019-09-06 19:49:36-07:00,5.826,10.0,20.0,150.0,America/Los_Angeles
jpl,1_1_178_823_2019-09-07 12:48:17.694400,1-1-178-823,AG-1F08,2019-09-07 05:48:18-07:00,2019-09-07 12:08:50-07:00,2019-09-07 09:25:40-07:00,10.548,24.0,40.0,379.0,America/Los_Angeles
jpl,1_1_193_819_2019-09-07 15:21:36.799854,1-1-193-819,AG-1F06,2019-09-07 08:21:37-07:00,2019-09-07 14:06:53-07:00,2019-09-07 10:10:44-07:00,10.798,18.75,50.0,478.0,America/Los_Angeles
jpl,1_1_194_818_2019-09-07 15:39:14.757343,1-1-194-818,AG-1F14,2019-09-07 08:39:15-07:00,2019-09-07 13:58:46-07:00,2019-09-07 13:59:44-07:00,22.382,22.5,90.0,297.0,America/Los_Angeles
jpl,1_1_194_821_2019-09-08 17:11:44.669181,1-1-194-821,AG-1F13,2019-09-08 10:11:45-07:00,2019-09-08 11:37:39-07:00,2019-09-08 11:38:36-07:00,8.231,24.08,80.0,186.0,America/Los_Angeles
jpl,1_1_194_826_2019-09-08 18:53:40.139873,1-1-194-826,AG-1F11,2019-09-08 11:53:40-07:00,2019-09-08 13:14:31-07:00,2019-09-08 13:01:25-07:00,6.213,15.05,50.0,72.0,America/Los_Angeles
jpl,1_1_178_823_2019-09-09 01:05:27.590515,1-1-178-823,AG-1F08,2019-09-08 18:05:28-07:00,2019-09-08 20:36:47-07:00,2019-09-08 19:12:02-07:00,6.729,12.5,50.0,151.0,America/Los_Angeles
jpl,1_1_178_823_2019-09-09 11:59:17.201866,1-1-178-823,AG-1F08,2019-09-09 04:59:17-07:00,2019-09-09 14:43:10-07:00,2019-09-09 08:29:41-07:00,13.511,20.0,50.0,244.0,America/Los_Angeles
jpl,1_1_178_828_2019-09-09 12:05:26.705192,1-1-178-828,AG-1F10,2019-09-09 05:05:27-07:00,2019-09-09 14:35:44-07:00,2019-09-09 07:25:51-07:00,6.396,10.0,50.0,30.0,America/Los_Angeles
jpl,1_1_191_789_2019-09-09 12:39:05.984521,1-1-191-789,AG-4F52,2019-09-09 05:39:06-07:00,2019-09-09 15:07:53-07:00,2019-09-09 08:43:41-07:00,5.774,7.0,20.0,574.0,America/Los_Angeles
jpl,1_1_193_819_2019-09-09 12:55:39.819702,1-1-193-819,AG-1F06,2019-09-09 05:55:40-07:00,2019-09-09 14:01:03-07:00,2019-09-09 09:31:48-07:00,11.4558125,24.0,40.0,575.0,America/Los_Angeles
jpl,1_1_193_820_2019-09-09 13:00:14.827868,1-1-193-820,AG-1F04,2019-09-09 06:00:15-07:00,2019-09-09 11:03:49-07:00,2019-09-09 09:48:03-07:00,13.615,20.0,50.0,181.0,America/Los_Angeles
jpl,1_1_193_816_2019-09-09 13:04:55.304397,1-1-193-816,AG-1F05,2019-09-09 06:04:55-07:00,2019-09-09 15:32:23-07:00,2019-09-09 13:06:17-07:00,25.44,27.5,110.0,1033.0,America/Los_Angeles
jpl,1_1_193_825_2019-09-09 13:05:06.343350,1-1-193-825,AG-1F01,2019-09-09 06:05:06-07:00,2019-09-09 16:18:05-07:00,2019-09-09 16:16:56-07:00,6.936,12.0,30.0,242.0,America/Los_Angeles
jpl,1_1_193_827_2019-09-09 13:05:20.444261,1-1-193-827,AG-1F02,2019-09-09 06:05:20-07:00,2019-09-09 14:56:05-07:00,2019-09-09 11:31:36-07:00,13.369,18.0,30.0,361.0,America/Los_Angeles
jpl,1_1_191_802_2019-09-09 13:09:34.992833,1-1-191-802,AG-4F44,2019-09-09 06:09:35-07:00,2019-09-09 17:10:26-07:00,2019-09-09 07:28:22-07:00,7.512,12.0,30.0,622.0,America/Los_Angeles
jpl,1_1_179_799_2019-09-09 13:17:11.567201,1-1-179-799,AG-3F25,2019-09-09 06:17:49-07:00,2019-09-09 18:55:17-07:00,2019-09-09 08:20:13-07:00,9.644769444444444,13.4,50.0,525.0,America/Los_Angeles
jpl,1_1_178_817_2019-09-09 13:20:07.363936,1-1-178-817,AG-1F09,2019-09-09 06:20:07-07:00,2019-09-09 19:15:23-07:00,2019-09-09 16:26:30-07:00,8.034,8.0,20.0,448.0,America/Los_Angeles
jpl,1_1_178_824_2019-09-09 13:24:40.305381,1-1-178-824,AG-1F07,2019-09-09 06:24:40-07:00,2019-09-09 16:32:23-07:00,2019-09-09 09:29:16-07:00,14.508,60.0,100.0,561.0,America/Los_Angeles
jpl,1_1_179_788_2019-09-09 13:28:22.463234,1-1-179-788,AG-3F22,2019-09-09 06:28:22-07:00,2019-09-09 17:02:26-07:00,2019-09-09 16:05:55-07:00,30.033,30.0,100.0,624.0,America/Los_Angeles
jpl,1_1_194_818_2019-09-09 13:28:32.084846,1-1-194-818,AG-1F14,2019-09-09 06:28:32-07:00,2019-09-09 15:05:41-07:00,2019-09-09 12:01:46-07:00,17.292,21.0,70.0,453.0,America/Los_Angeles
jpl,1_1_179_815_2019-09-09 13:29:53.767650,1-1-179-815,AG-3F33,2019-09-09 06:29:54-07:00,2019-09-09 11:14:41-07:00,2019-09-09 08:16:00-07:00,4.475,8.05,23.0,522.0,America/Los_Angeles
jpl,1_1_193_829_2019-09-09 13:33:03.123969,1-1-193-829,AG-1F03,2019-09-09 06:33:03-07:00,2019-09-09 17:20:50-07:00,2019-09-09 12:44:34-07:00,12.593,15.0,40.0,529.0,America/Los_Angeles
jpl,1_1_194_822_2019-09-09 13:33:14.085725,1-1-194-822,AG-1F12,2019-09-09 06:33:14-07:00,2019-09-09 11:33:59-07:00,2019-09-09 11:34:56-07:00,19.913,28.0,70.0,530.0,America/Los_Angeles
jpl,1_1_179_797_2019-09-09 13:36:18.406997,1-1-179-797,AG-3F23,2019-09-09 06:36:18-07:00,2019-09-09 16:23:01-07:00,2019-09-09 08:29:55-07:00,5.435,19.25,70.0,556.0,America/Los_Angeles
jpl,1_1_179_810_2019-09-09 13:37:42.255966,1-1-179-810,AG-3F30,2019-09-09 06:37:42-07:00,2019-09-09 08:03:49-07:00,2019-09-09 08:04:46-07:00,7.722,32.0,80.0,149.0,America/Los_Angeles
jpl,1_1_194_821_2019-09-09 13:45:50.560703,1-1-194-821,AG-1F13,2019-09-09 06:45:51-07:00,2019-09-09 16:12:32-07:00,2019-09-09 10:22:41-07:00,14.975,65.2,200.0,559.0,America/Los_Angeles
jpl,1_1_194_826_2019-09-09 13:54:53.449364,1-1-194-826,AG-1F11,2019-09-09 06:55:10-07:00,2019-09-09 17:02:33-07:00,2019-09-09 11:28:45-07:00,7.582,8.0,20.0,325.0,America/Los_Angeles
jpl,1_1_179_777_2019-09-09 13:55:58.463988,1-1-179-777,AG-3F28,2019-09-09 06:55:58-07:00,2019-09-09 17:08:57-07:00,2019-09-09 17:09:54-07:00,30.503,32.5,130.0,539.0,America/Los_Angeles
jpl,1_1_179_781_2019-09-09 13:56:08.764925,1-1-179-781,AG-3F31,2019-09-09 06:56:09-07:00,2019-09-09 12:00:14-07:00,2019-09-09 11:42:48-07:00,13.753,20.0,50.0,416.0,America/Los_Angeles
jpl,1_1_179_796_2019-09-09 14:02:49.263461,1-1-179-796,AG-3F24,2019-09-09 07:03:02-07:00,2019-09-09 14:58:46-07:00,2019-09-09 12:45:39-07:00,15.081,17.5,70.0,477.0,America/Los_Angeles
jpl,1_1_179_794_2019-09-09 14:03:12.232339,1-1-179-794,AG-3F20,2019-09-09 07:03:12-07:00,2019-09-09 15:40:46-07:00,2019-09-09 11:32:31-07:00,14.273,39.95,170.0,511.0,America/Los_Angeles
jpl,1_1_179_801_2019-09-09 14:05:14.392878,1-1-179-801,AG-3F21,2019-09-09 07:05:14-07:00,2019-09-09 17:51:03-07:00,2019-09-09 14:15:39-07:00,35.042,35.01,90.0,479.0,America/Los_Angeles
jpl,1_1_179_791_2019-09-09 14:08:02.119118,1-1-179-791,AG-3F26,2019-09-09 07:08:02-07:00,2019-09-09 18:17:53-07:00,2019-09-09 09:06:29-07:00,7.154,15.65,50.0,460.0,America/Los_Angeles
jpl,1_1_191_808_2019-09-09 14:10:00.091032,1-1-191-808,AG-4F35,2019-09-09 07:10:00-07:00,2019-09-09 12:15:28-07:00,2019-09-09 10:55:35-07:00,0.914,16.0,40.0,438.0,America/Los_Angeles
jpl,1_1_179_790_2019-09-09 14:10:49.722995,1-1-179-790,AG-3F19,2019-09-09 07:10:50-07:00,2019-09-09 17:07:35-07:00,2019-09-09 10:05:06-07:00,13.734,40.0,100.0,568.0,America/Los_Angeles
jpl,1_1_179_798_2019-09-09 14:13:44.874971,1-1-179-798,AG-3F18,2019-09-09 07:13:45-07:00,2019-09-09 16:42:12-07:00,2019-09-09 15:09:02-07:00,9.523,28.0,70.0,322.0,America/Los_Angeles
jpl,1_1_191_804_2019-09-09 14:14:19.085010,1-1-191-804,AG-4F34,2019-09-09 07:14:19-07:00,2019-09-09 09:58:39-07:00,2019-09-09 09:59:36-07:00,14.927,39.41,70.0,371.0,America/Los_Angeles
jpl,1_1_191_778_2019-09-09 14:14:29.186932,1-1-191-778,AG-4F43,2019-09-09 07:14:29-07:00,2019-09-09 14:20:25-07:00,2019-09-09 13:36:58-07:00,39.665,60.0,200.0,682.0,America/Los_Angeles
jpl,1_1_191_812_2019-09-09 14:14:44.083902,1-1-191-812,AG-4F46,2019-09-09 07:14:44-07:00,2019-09-09 17:03:21-07:00,2019-09-09 14:05:16-07:00,37.497,37.44,130.0,493.0,America/Los_Angeles
jpl,1_1_179_787_2019-09-09 14:15:59.717022,1-1-179-787,AG-3F16,2019-09-09 07:16:08-07:00,2019-09-09 16:39:39-07:00,2019-09-09 12:37:55-07:00,16.42,16.65,50.0,563.0,America/Los_Angeles
jpl,1_1_191_803_2019-09-09 14:21:46.722611,1-1-191-803,AG-4F49,2019-09-09 07:21:47-07:00,2019-09-09 18:29:23-07:00,2019-09-09 11:11:33-07:00,10.142,17.5,70.0,488.0,America/Los_Angeles
jpl,1_1_191_811_2019-09-09 14:21:47.545121,1-1-191-811,AG-4F42,2019-09-09 07:21:48-07:00,2019-09-09 18:05:34-07:00,2019-09-09 17:53:08-07:00,0.818,0.0,0.0,0.0,America/Los_Angeles
jpl,1_1_179_783_2019-09-09 14:23:19.062572,1-1-179-783,AG-3F29,2019-09-09 07:23:19-07:00,2019-09-09 16:41:59-07:00,2019-09-09 10:07:25-07:00,12.051,12.0,20.0,458.0,America/Los_Angeles
jpl,1_1_191_780_2019-09-09 14:27:40.743815,1-1-191-780,AG-4F45,2019-09-09 07:27:41-07:00,2019-09-09 16:12:03-07:00,2019-09-09 12:07:10-07:00,14.571,24.0,60.0,671.0,America/Los_Angeles
jpl,1_1_191_782_2019-09-09 14:28:56.931148,1-1-191-782,AG-4F50,2019-09-09 07:28:57-07:00,2019-09-09 18:48:12-07:00,2019-09-09 17:50:22-07:00,5.046,5.0,20.0,553.0,America/Los_Angeles
jpl,1_1_179_779_2019-09-09 14:29:03.570612,1-1-179-779,AG-3F17,2019-09-09 07:29:04-07:00,2019-09-09 12:31:42-07:00,2019-09-09 09:08:44-07:00,4.563,8.0,20.0,324.0,America/Los_Angeles
jpl,1_1_191_785_2019-09-09 14:35:20.536148,1-1-191-785,AG-4F48,2019-09-09 07:35:21-07:00,2019-09-09 17:45:42-07:00,2019-09-09 09:56:11-07:00,6.324,9.99,30.0,304.0,America/Los_Angeles
jpl,1_1_191_807_2019-09-09 14:35:47.484456,1-1-191-807,AG-4F47,2019-09-09 07:35:47-07:00,2019-09-09 17:08:54-07:00,2019-09-09 11:49:13-07:00,13.984,24.0,40.0,342.0,America/Los_Angeles
jpl,1_1_179_813_2019-09-09 14:38:25.947162,1-1-179-813,AG-3F15,2019-09-09 07:38:26-07:00,2019-09-09 17:03:28-07:00,2019-09-09 12:51:53-07:00,20.01,20.0,80.0,438.0,America/Los_Angeles
jpl,1_1_179_809_2019-09-09 14:39:16.628112,1-1-179-809,AG-3F27,2019-09-09 07:39:17-07:00,2019-09-09 17:16:39-07:00,2019-09-09 12:23:58-07:00,29.442,48.0,80.0,564.0,America/Los_Angeles
jpl,1_1_191_795_2019-09-09 14:39:51.539406,1-1-191-795,AG-4F51,2019-09-09 07:39:52-07:00,2019-09-09 20:03:24-07:00,2019-09-09 15:25:29-07:00,35.775,35.75,130.0,306.0,America/Los_Angeles
jpl,1_1_191_784_2019-09-09 14:45:01.512940,1-1-191-784,AG-4F40,2019-09-09 07:45:02-07:00,2019-09-09 15:41:27-07:00,2019-09-09 15:42:25-07:00,49.416,56.0,160.0,436.0,America/Los_Angeles
jpl,1_1_191_806_2019-09-09 14:45:48.106487,1-1-191-806,AG-4F41,2019-09-09 07:45:48-07:00,2019-09-09 16:30:58-07:00,2019-09-09 12:10:11-07:00,12.042,15.2,38.0,291.0,America/Los_Angeles
jpl,1_1_191_805_2019-09-09 14:48:53.933283,1-1-191-805,AG-4F39,2019-09-09 07:48:54-07:00,2019-09-09 18:42:20-07:00,2019-09-09 13:22:31-07:00,26.637,4.58,20.0,64.0,America/Los_Angeles
jpl,1_1_191_786_2019-09-09 14:51:27.532772,1-1-191-786,AG-4F36,2019-09-09 07:51:28-07:00,2019-09-09 16:56:39-07:00,2019-09-09 16:57:36-07:00,24.939,54.96,240.0,543.0,America/Los_Angeles
jpl,1_1_191_793_2019-09-09 14:51:48.986301,1-1-191-793,AG-4F38,2019-09-09 07:51:49-07:00,2019-09-09 11:47:01-07:00,2019-09-09 10:41:34-07:00,7.195,21.0,60.0,343.0,America/Los_Angeles
jpl,1_1_191_792_2019-09-09 14:51:51.731104,1-1-191-792,AG-4F37,2019-09-09 07:51:52-07:00,2019-09-09 19:03:18-07:00,2019-09-09 11:50:38-07:00,8.487,6.66,20.0,246.0,America/Los_Angeles
jpl,1_1_179_810_2019-09-09 15:08:45.714773,1-1-179-810,AG-3F30,2019-09-09 08:09:04-07:00,2019-09-09 15:02:27-07:00,2019-09-09 11:22:15-07:00,17.626,30.25,110.0,581.0,America/Los_Angeles
jpl,1_1_191_804_2019-09-09 17:01:36.091562,1-1-191-804,AG-4F34,2019-09-09 10:01:36-07:00,2019-09-09 14:11:11-07:00,2019-09-09 10:31:04-07:00,0.832,12.0,30.0,69.0,America/Los_Angeles
jpl,1_1_179_815_2019-09-09 18:17:53.925422,1-1-179-815,AG-3F33,2019-09-09 11:17:54-07:00,2019-09-09 17:15:23-07:00,2019-09-09 13:23:35-07:00,7.641,20.0,50.0,234.0,America/Los_Angeles
jpl,1_1_194_822_2019-09-09 18:42:23.016394,1-1-194-822,AG-1F12,2019-09-09 11:42:23-07:00,2019-09-09 16:23:09-07:00,2019-09-09 14:10:31-07:00,9.917,15.0,40.0,219.0,America/Los_Angeles
jpl,1_1_193_820_2019-09-09 18:52:40.320234,1-1-193-820,AG-1F04,2019-09-09 11:52:40-07:00,2019-09-09 19:03:56-07:00,2019-09-09 16:42:37-07:00,32.06884694444444,51.68,170.0,366.0,America/Los_Angeles
jpl,1_1_191_793_2019-09-09 18:59:13.668485,1-1-191-793,AG-4F38,2019-09-09 11:59:14-07:00,2019-09-09 17:15:56-07:00,2019-09-09 17:16:53-07:00,32.635,56.61,170.0,402.0,America/Los_Angeles
jpl,1_1_191_808_2019-09-09 19:15:32.249213,1-1-191-808,AG-4F35,2019-09-09 12:15:32-07:00,2019-09-09 16:44:33-07:00,2019-09-09 16:22:47-07:00,11.72,16.0,40.0,438.0,America/Los_Angeles
jpl,1_1_179_781_2019-09-09 19:22:33.812630,1-1-179-781,AG-3F31,2019-09-09 12:22:34-07:00,2019-09-09 18:36:52-07:00,2019-09-09 18:01:22-07:00,25.155,17.5,70.0,405.0,America/Los_Angeles
jpl,1_1_179_779_2019-09-09 19:33:00.909708,1-1-179-779,AG-3F17,2019-09-09 12:33:13-07:00,2019-09-09 17:13:12-07:00,2019-09-09 15:39:55-07:00,19.151,30.25,110.0,275.0,America/Los_Angeles
jpl,1_1_193_819_2019-09-09 21:11:08.635178,1-1-193-819,AG-1F06,2019-09-09 14:11:10-07:00,2019-09-09 17:00:16-07:00,2019-09-09 17:01:13-07:00,16.495,64.0,160.0,720.0,America/Los_Angeles
jpl,1_1_191_804_2019-09-09 21:16:37.866112,1-1-191-804,AG-4F34,2019-09-09 14:16:38-07:00,2019-09-09 17:47:08-07:00,2019-09-09 17:48:05-07:00,10.957,20.0,50.0,143.0,America/Los_Angeles
jpl,1_1_178_828_2019-09-09 22:09:01.940554,1-1-178-828,AG-1F10,2019-09-09 15:09:02-07:00,2019-09-09 18:37:13-07:00,2019-09-09 18:38:11-07:00,21.371,69.93,210.0,720.0,America/Los_Angeles
jpl,1_1_178_823_2019-09-09 22:09:26.325584,1-1-178-823,AG-1F08,2019-09-09 15:09:26-07:00,2019-09-09 18:36:59-07:00,2019-09-09 18:07:24-07:00,9.732,16.0,40.0,191.0,America/Los_Angeles
jpl,1_1_193_827_2019-09-09 22:13:17.758918,1-1-193-827,AG-1F02,2019-09-09 15:13:18-07:00,2019-09-09 18:00:15-07:00,2019-09-09 17:34:40-07:00,6.06,12.5,50.0,169.0,America/Los_Angeles
jpl,1_1_179_794_2019-09-09 22:45:56.354068,1-1-179-794,AG-3F20,2019-09-09 15:45:56-07:00,2019-09-09 17:31:57-07:00,2019-09-09 16:50:52-07:00,5.891,15.05,50.0,94.0,America/Los_Angeles
jpl,1_1_193_816_2019-09-09 22:59:54.242677,1-1-193-816,AG-1F05,2019-09-09 15:59:54-07:00,2019-09-09 17:06:18-07:00,2019-09-09 17:07:15-07:00,3.489,16.65,50.0,267.0,America/Los_Angeles
jpl,1_1_194_818_2019-09-09 23:23:03.310090,1-1-194-818,AG-1F14,2019-09-09 16:23:03-07:00,2019-09-09 17:50:05-07:00,2019-09-09 17:51:02-07:00,6.815,14.3,50.0,98.0,America/Los_Angeles
jpl,1_1_193_819_2019-09-10 00:17:32.113510,1-1-193-819,AG-1F06,2019-09-09 17:17:32-07:00,2019-09-09 18:18:17-07:00,2019-09-09 18:19:14-07:00,3.26,10.0,20.0,96.0,America/Los_Angeles
jpl,1_1_193_819_2019-09-10 02:16:44.425913,1-1-193-819,AG-1F06,2019-09-09 19:16:44-07:00,2019-09-10 00:34:22-07:00,2019-09-09 21:08:18-07:00,5.601,10.0,20.0,150.0,America/Los_Angeles
jpl,1_1_194_822_2019-09-10 03:25:42.580882,1-1-194-822,AG-1F12,2019-09-09 20:25:43-07:00,2019-09-09 23:56:44-07:00,2019-09-09 23:57:41-07:00,22.184,26.7,100.0,242.0,America/Los_Angeles
jpl,1_1_178_828_2019-09-10 11:40:56.984522,1-1-178-828,AG-1F10,2019-09-10 04:40:57-07:00,2019-09-10 16:06:22-07:00,2019-09-10 16:07:20-07:00,64.834,76.59,230.0,720.0,America/Los_Angeles
jpl,1_1_194_826_2019-09-10 11:46:49.534579,1-1-194-826,AG-1F11,2019-09-10 04:46:50-07:00,2019-09-10 18:33:35-07:00,2019-09-10 06:27:09-07:00,4.745,16.0,40.0,73.0,America/Los_Angeles
jpl,1_1_178_817_2019-09-10 12:07:08.889071,1-1-178-817,AG-1F09,2019-09-10 05:07:09-07:00,2019-09-10 14:33:41-07:00,2019-09-10 07:26:53-07:00,6.555,10.0,50.0,30.0,America/Los_Angeles
jpl,1_1_178_823_2019-09-10 12:42:14.004703,1-1-178-823,AG-1F08,2019-09-10 05:42:14-07:00,2019-09-10 15:34:43-07:00,2019-09-10 09:01:52-07:00,9.762,24.0,40.0,575.0,America/Los_Angeles
jpl,1_1_191_789_2019-09-10 12:42:27.273038,1-1-191-789,AG-4F52,2019-09-10 05:42:27-07:00,2019-09-10 15:44:04-07:00,2019-09-10 07:51:05-07:00,5.775,7.0,20.0,574.0,America/Los_Angeles
jpl,1_1_179_799_2019-09-10 12:47:13.409169,1-1-179-799,AG-3F25,2019-09-10 05:47:45-07:00,2019-09-10 17:36:21-07:00,2019-09-10 10:35:59-07:00,17.852,21.44,80.0,496.0,America/Los_Angeles
jpl,1_1_193_819_2019-09-10 12:57:37.546343,1-1-193-819,AG-1F06,2019-09-10 05:57:38-07:00,2019-09-10 10:41:53-07:00,2019-09-10 09:55:25-07:00,13.67,20.0,50.0,181.0,America/Los_Angeles
jpl,1_1_179_797_2019-09-10 12:58:51.906203,1-1-179-797,AG-3F23,2019-09-10 05:58:52-07:00,2019-09-10 16:18:09-07:00,2019-09-10 07:18:42-07:00,7.832,12.5,50.0,326.0,America/Los_Angeles
jpl,1_1_193_820_2019-09-10 13:02:16.631077,1-1-193-820,AG-1F04,2019-09-10 06:02:17-07:00,2019-09-10 15:12:12-07:00,2019-09-10 09:00:10-07:00,12.452,18.0,30.0,361.0,America/Los_Angeles
jpl,1_1_193_827_2019-09-10 13:08:09.546189,1-1-193-827,AG-1F02,2019-09-10 06:08:10-07:00,2019-09-10 11:16:00-07:00,2019-09-10 07:29:22-07:00,2.425,4.0,20.0,42.0,America/Los_Angeles
jpl,1_1_193_825_2019-09-10 13:09:14.375942,1-1-193-825,AG-1F01,2019-09-10 06:09:14-07:00,2019-09-10 09:59:55-07:00,2019-09-10 10:00:51-07:00,4.817,12.0,30.0,242.0,America/Los_Angeles
jpl,1_1_178_824_2019-09-10 13:22:49.189725,1-1-178-824,AG-1F07,2019-09-10 06:22:49-07:00,2019-09-10 15:46:48-07:00,2019-09-10 08:08:20-07:00,8.567,20.0,50.0,446.0,America/Los_Angeles
jpl,1_1_193_816_2019-09-10 13:24:29.848011,1-1-193-816,AG-1F05,2019-09-10 06:24:30-07:00,2019-09-10 16:23:02-07:00,2019-09-10 08:52:58-07:00,12.718,60.0,100.0,561.0,America/Los_Angeles
jpl,1_1_179_788_2019-09-10 13:32:39.268191,1-1-179-788,AG-3F22,2019-09-10 06:32:39-07:00,2019-09-10 17:33:43-07:00,2019-09-10 08:18:42-07:00,4.927,13.75,50.0,556.0,America/Los_Angeles
jpl,1_1_193_829_2019-09-10 13:33:18.244212,1-1-193-829,AG-1F03,2019-09-10 06:33:18-07:00,2019-09-10 16:19:41-07:00,2019-09-10 08:41:56-07:00,3.171,6.66,20.0,304.0,America/Los_Angeles
jpl,1_1_179_800_2019-09-10 13:33:55.182850,1-1-179-800,AG-3F32,2019-09-10 06:33:55-07:00,2019-09-10 15:47:35-07:00,2019-09-10 07:07:15-07:00,0.848,0.0,0.0,0.0,America/Los_Angeles
jpl,1_1_179_796_2019-09-10 13:35:19.310120,1-1-179-796,AG-3F24,2019-09-10 06:35:19-07:00,2019-09-10 16:29:03-07:00,2019-09-10 10:26:40-07:00,12.086,24.0,60.0,671.0,America/Los_Angeles
jpl,1_1_191_802_2019-09-10 13:39:51.752705,1-1-191-802,AG-4F44,2019-09-10 06:39:52-07:00,2019-09-10 16:53:06-07:00,2019-09-10 08:51:55-07:00,6.768,12.0,30.0,622.0,America/Los_Angeles
jpl,1_1_179_815_2019-09-10 13:41:58.904753,1-1-179-815,AG-3F33,2019-09-10 06:41:59-07:00,2019-09-10 16:24:21-07:00,2019-09-10 08:28:21-07:00,4.167,8.05,23.0,522.0,America/Los_Angeles
jpl,1_1_179_781_2019-09-10 13:42:44.360332,1-1-179-781,AG-3F31,2019-09-10 06:42:44-07:00,2019-09-10 13:56:56-07:00,2019-09-10 11:53:27-07:00,15.685,16.0,40.0,374.0,America/Los_Angeles
jpl,1_1_194_821_2019-09-10 13:47:13.324846,1-1-194-821,AG-1F13,2019-09-10 06:47:13-07:00,2019-09-10 18:49:02-07:00,2019-09-10 08:57:10-07:00,3.911,8.0,20.0,448.0,America/Los_Angeles
jpl,1_1_179_794_2019-09-10 13:53:05.211743,1-1-179-794,AG-3F20,2019-09-10 06:53:05-07:00,2019-09-10 16:37:18-07:00,2019-09-10 15:11:53-07:00,15.009,28.0,70.0,322.0,America/Los_Angeles
jpl,1_1_179_810_2019-09-10 13:54:58.113876,1-1-179-810,AG-3F30,2019-09-10 06:54:58-07:00,2019-09-10 14:49:53-07:00,2019-09-10 09:08:43-07:00,5.406,20.0,50.0,143.0,America/Los_Angeles
jpl,1_1_194_822_2019-09-10 13:58:39.136253,1-1-194-822,AG-1F12,2019-09-10 06:58:39-07:00,2019-09-10 17:42:46-07:00,2019-09-10 11:48:47-07:00,11.867,15.0,40.0,529.0,America/Los_Angeles
jpl,1_1_191_808_2019-09-10 13:59:41.175426,1-1-191-808,AG-4F35,2019-09-10 06:59:41-07:00,2019-09-10 16:35:38-07:00,2019-09-10 11:52:15-07:00,11.84,16.0,40.0,438.0,America/Los_Angeles
jpl,1_1_194_818_2019-09-10 14:00:34.794181,1-1-194-818,AG-1F14,2019-09-10 07:00:35-07:00,2019-09-10 18:12:01-07:00,2019-09-10 14:00:34-07:00,8.274,8.25,30.0,306.0,America/Los_Angeles
jpl,1_1_191_804_2019-09-10 14:05:34.986709,1-1-191-804,AG-4F34,2019-09-10 07:05:35-07:00,2019-09-10 15:06:09-07:00,2019-09-10 15:07:06-07:00,10.477,20.0,50.0,182.0,America/Los_Angeles
jpl,1_1_179_777_2019-09-10 14:05:41.004133,1-1-179-777,AG-3F28,2019-09-10 07:05:41-07:00,2019-09-10 16:20:00-07:00,2019-09-10 14:06:07-07:00,43.87,49.0,140.0,560.0,America/Los_Angeles
jpl,1_1_179_787_2019-09-10 14:07:19.238059,1-1-179-787,AG-3F16,2019-09-10 07:07:19-07:00,2019-09-10 18:04:26-07:00,2019-09-10 10:32:01-07:00,6.822,12.0,30.0,601.0,America/Los_Angeles
jpl,1_1_179_809_2019-09-10 14:07:52.698050,1-1-179-809,AG-3F27,2019-09-10 07:07:53-07:00,2019-09-10 18:03:17-07:00,2019-09-10 08:44:51-07:00,9.582,126.0,210.0,706.0,America/Los_Angeles
jpl,1_1_179_779_2019-09-10 14:08:46.218645,1-1-179-779,AG-3F17,2019-09-10 07:08:46-07:00,2019-09-10 18:06:48-07:00,2019-09-10 18:07:45-07:00,37.855,51.26,220.0,515.0,America/Los_Angeles
jpl,1_1_179_791_2019-09-10 14:12:06.549438,1-1-179-791,AG-3F26,2019-09-10 07:12:22-07:00,2019-09-10 15:04:12-07:00,2019-09-10 11:41:56-07:00,12.712,15.0,60.0,477.0,America/Los_Angeles
jpl,1_1_179_801_2019-09-10 14:14:37.574760,1-1-179-801,AG-3F21,2019-09-10 07:14:38-07:00,2019-09-10 17:25:14-07:00,2019-09-10 08:15:13-07:00,5.988,38.85,150.0,665.0,America/Los_Angeles
jpl,1_1_179_790_2019-09-10 14:17:47.415210,1-1-179-790,AG-3F19,2019-09-10 07:17:47-07:00,2019-09-10 11:59:57-07:00,2019-09-10 12:00:54-07:00,27.226,33.0,110.0,287.0,America/Los_Angeles
jpl,1_1_179_813_2019-09-10 14:18:04.630323,1-1-179-813,AG-3F15,2019-09-10 07:18:24-07:00,2019-09-10 16:36:16-07:00,2019-09-10 12:03:56-07:00,9.808,11.12,40.0,1123.0,America/Los_Angeles
jpl,1_1_191_792_2019-09-10 14:19:09.318969,1-1-191-792,AG-4F37,2019-09-10 07:19:13-07:00,2019-09-10 16:36:19-07:00,2019-09-10 16:37:16-07:00,16.422,16.65,50.0,563.0,America/Los_Angeles
jpl,1_1_179_798_2019-09-10 14:19:32.063802,1-1-179-798,AG-3F18,2019-09-10 07:19:32-07:00,2019-09-10 16:18:10-07:00,2019-09-10 10:16:27-07:00,13.612,20.0,50.0,416.0,America/Los_Angeles
jpl,1_1_191_778_2019-09-10 14:20:55.873438,1-1-191-778,AG-4F43,2019-09-10 07:20:56-07:00,2019-09-10 15:46:12-07:00,2019-09-10 10:12:55-07:00,6.049,10.0,20.0,464.0,America/Los_Angeles
jpl,1_1_191_780_2019-09-10 14:21:46.002127,1-1-191-780,AG-4F45,2019-09-10 07:21:46-07:00,2019-09-10 17:00:51-07:00,2019-09-10 10:09:48-07:00,5.815,8.0,20.0,161.0,America/Los_Angeles
jpl,1_1_191_795_2019-09-10 14:26:46.864200,1-1-191-795,AG-4F51,2019-09-10 07:26:47-07:00,2019-09-10 17:20:19-07:00,2019-09-10 10:35:58-07:00,9.359,15.2,38.0,346.0,America/Los_Angeles
jpl,1_1_191_807_2019-09-10 14:28:17.845420,1-1-191-807,AG-4F47,2019-09-10 07:28:18-07:00,2019-09-10 17:54:40-07:00,2019-09-10 17:35:55-07:00,8.108,8.0,20.0,531.0,America/Los_Angeles
jpl,1_1_191_782_2019-09-10 14:29:20.416544,1-1-191-782,AG-4F50,2019-09-10 07:29:20-07:00,2019-09-10 17:42:07-07:00,2019-09-10 11:13:09-07:00,23.016,36.0,90.0,333.0,America/Los_Angeles
jpl,1_1_191_803_2019-09-10 14:32:12.376439,1-1-191-803,AG-4F49,2019-09-10 07:32:12-07:00,2019-09-10 17:20:17-07:00,2019-09-10 10:27:56-07:00,11.541,11.52,40.0,493.0,America/Los_Angeles
jpl,1_1_191_805_2019-09-10 14:32:36.380847,1-1-191-805,AG-4F39,2019-09-10 07:32:36-07:00,2019-09-10 16:05:10-07:00,2019-09-10 11:27:26-07:00,12.353,39.95,170.0,473.0,America/Los_Angeles
jpl,1_1_191_812_2019-09-10 14:32:59.503522,1-1-191-812,AG-4F46,2019-09-10 07:32:59-07:00,2019-09-10 17:19:26-07:00,2019-09-10 16:13:08-07:00,19.676,35.01,90.0,479.0,America/Los_Angeles
jpl,1_1_191_784_2019-09-10 14:34:03.179132,1-1-191-784,AG-4F40,2019-09-10 07:34:03-07:00,2019-09-10 17:36:31-07:00,2019-09-10 08:57:50-07:00,6.802,24.0,40.0,342.0,America/Los_Angeles
jpl,1_1_191_786_2019-09-10 14:35:07.603026,1-1-191-786,AG-4F36,2019-09-10 07:35:12-07:00,2019-09-10 16:53:53-07:00,2019-09-10 12:18:24-07:00,11.182,8.0,20.0,324.0,America/Los_Angeles
jpl,1_1_191_793_2019-09-10 14:35:12.471564,1-1-191-793,AG-4F38,2019-09-10 07:35:12-07:00,2019-09-10 19:13:57-07:00,2019-09-10 13:12:34-07:00,35.463,56.0,160.0,436.0,America/Los_Angeles
jpl,1_1_191_811_2019-09-10 14:35:54.995073,1-1-191-811,AG-4F42,2019-09-10 07:35:55-07:00,2019-09-10 16:53:28-07:00,2019-09-10 10:07:05-07:00,15.175,30.0,50.0,564.0,America/Los_Angeles
jpl,1_1_191_806_2019-09-10 14:36:47.703931,1-1-191-806,AG-4F41,2019-09-10 07:36:48-07:00,2019-09-10 17:23:26-07:00,2019-09-10 10:44:40-07:00,8.995,18.0,40.0,267.0,America/Los_Angeles
jpl,1_1_191_785_2019-09-10 14:41:46.539264,1-1-191-785,AG-4F48,2019-09-10 07:41:47-07:00,2019-09-10 18:02:46-07:00,2019-09-10 16:25:32-07:00,8.143,10.0,40.0,285.0,America/Los_Angeles
jpl,1_1_193_825_2019-09-10 17:09:47.961346,1-1-193-825,AG-1F01,2019-09-10 10:09:57-07:00,2019-09-10 18:18:24-07:00,2019-09-10 11:02:16-07:00,2.314,40.0,100.0,437.0,America/Los_Angeles
jpl,1_1_193_819_2019-09-10 18:40:07.038531,1-1-193-819,AG-1F06,2019-09-10 11:40:07-07:00,2019-09-10 13:50:31-07:00,2019-09-10 13:34:08-07:00,2.057,0.0,0.0,0.0,America/Los_Angeles
jpl,1_1_193_827_2019-09-10 18:40:17.580827,1-1-193-827,AG-1F02,2019-09-10 11:40:18-07:00,2019-09-10 15:30:22-07:00,2019-09-10 13:24:26-07:00,5.129,8.0,20.0,236.0,America/Los_Angeles
jpl,1_1_179_790_2019-09-10 19:07:58.564044,1-1-179-790,AG-3F19,2019-09-10 12:07:59-07:00,2019-09-10 17:39:23-07:00,2019-09-10 17:35:56-07:00,22.533,22.5,90.0,303.0,America/Los_Angeles
jpl,1_1_179_783_2019-09-10 19:41:35.788987,1-1-179-783,AG-3F29,2019-09-10 12:41:36-07:00,2019-09-10 21:07:11-07:00,2019-09-10 16:00:42-07:00,19.446,21.0,70.0,291.0,America/Los_Angeles
jpl,1_1_193_819_2019-09-10 20:50:46.631135,1-1-193-819,AG-1F06,2019-09-10 13:50:47-07:00,2019-09-10 16:32:56-07:00,2019-09-10 14:04:20-07:00,1.092,17.5,50.0,346.0,America/Los_Angeles
jpl,1_1_178_817_2019-09-10 21:35:35.568277,1-1-178-817,AG-1F09,2019-09-10 14:35:36-07:00,2019-09-10 17:20:27-07:00,2019-09-10 17:21:24-07:00,14.925,20.0,50.0,150.0,America/Los_Angeles
jpl,1_1_179_810_2019-09-10 22:03:21.060701,1-1-179-810,AG-3F30,2019-09-10 15:03:21-07:00,2019-09-10 16:51:55-07:00,2019-09-10 16:52:52-07:00,9.282,20.0,50.0,122.0,America/Los_Angeles
jpl,1_1_193_820_2019-09-10 22:23:18.129245,1-1-193-820,AG-1F04,2019-09-10 15:23:18-07:00,2019-09-10 17:01:22-07:00,2019-09-10 17:02:19-07:00,9.615,22.5,60.0,150.0,America/Los_Angeles
jpl,1_1_191_804_2019-09-10 22:29:28.078539,1-1-191-804,AG-4F34,2019-09-10 15:29:28-07:00,2019-09-10 19:28:09-07:00,2019-09-10 19:29:06-07:00,23.86,27.5,110.0,247.0,America/Los_Angeles
jpl,1_1_193_827_2019-09-10 23:13:46.617053,1-1-193-827,AG-1F02,2019-09-10 16:13:47-07:00,2019-09-10 17:37:43-07:00,2019-09-10 17:38:40-07:00,4.334,18.0,30.0,95.0,America/Los_Angeles
jpl,1_1_178_824_2019-09-10 23:14:03.015382,1-1-178-824,AG-1F07,2019-09-10 16:14:03-07:00,2019-09-10 17:50:24-07:00,2019-09-10 17:51:21-07:00,9.453,17.16,60.0,109.0,America/Los_Angeles
jpl,1_1_178_828_2019-09-10 23:19:02.052552,1-1-178-828,AG-1F10,2019-09-10 16:19:11-07:00,2019-09-10 19:03:07-07:00,2019-09-10 18:41:52-07:00,14.005,16.65,50.0,287.0,America/Los_Angeles
jpl,1_1_178_823_2019-09-10 23:24:18.669789,1-1-178-823,AG-1F08,2019-09-10 16:24:30-07:00,2019-09-10 18:08:16-07:00,2019-09-10 18:09:14-07:00,4.6,5.72,20.0,102.0,America/Los_Angeles
jpl,1_1_193_816_2019-09-11 00:33:13.777090,1-1-193-816,AG-1F05,2019-09-10 17:33:34-07:00,2019-09-11 12:20:36-07:00,2019-09-11 12:05:00-07:00,60.012,52.0,260.0,954.0,America/Los_Angeles
jpl,1_1_179_800_2019-09-11 00:36:05.296611,1-1-179-800,AG-3F32,2019-09-10 17:36:05-07:00,2019-09-10 18:13:43-07:00,2019-09-10 18:14:41-07:00,1.908,4.5,20.0,68.0,America/Los_Angeles
jpl,1_1_179_815_2019-09-11 00:38:45.973359,1-1-179-815,AG-3F33,2019-09-10 17:38:46-07:00,2019-09-10 19:04:44-07:00,2019-09-10 19:05:42-07:00,4.696,9.99,30.0,448.0,America/Los_Angeles
jpl,1_1_178_823_2019-09-11 02:28:04.290272,1-1-178-823,AG-1F08,2019-09-10 19:28:04-07:00,2019-09-11 00:35:27-07:00,2019-09-10 21:17:32-07:00,5.504,10.0,20.0,150.0,America/Los_Angeles
jpl,1_1_178_828_2019-09-11 12:06:02.546881,1-1-178-828,AG-1F10,2019-09-11 05:06:03-07:00,2019-09-11 14:35:48-07:00,2019-09-11 07:34:46-07:00,6.344,10.0,50.0,30.0,America/Los_Angeles
jpl,1_1_178_824_2019-09-11 12:11:40.519132,1-1-178-824,AG-1F07,2019-09-11 05:11:41-07:00,2019-09-11 17:11:03-07:00,2019-09-11 09:51:10-07:00,26.662,43.29,130.0,720.0,America/Los_Angeles
jpl,1_1_191_789_2019-09-11 12:41:52.133718,1-1-191-789,AG-4F52,2019-09-11 05:41:52-07:00,2019-09-11 15:45:43-07:00,2019-09-11 08:02:15-07:00,5.81,7.0,20.0,574.0,America/Los_Angeles
jpl,1_1_178_823_2019-09-11 12:46:37.650378,1-1-178-823,AG-1F08,2019-09-11 05:46:38-07:00,2019-09-11 15:32:37-07:00,2019-09-11 09:47:54-07:00,9.709,24.0,40.0,575.0,America/Los_Angeles
jpl,1_1_194_826_2019-09-11 12:50:51.583058,1-1-194-826,AG-1F11,2019-09-11 05:50:52-07:00,2019-09-11 13:41:19-07:00,2019-09-11 08:08:29-07:00,5.653,16.0,40.0,73.0,America/Los_Angeles
jpl,1_1_193_827_2019-09-11 12:51:47.812492,1-1-193-827,AG-1F02,2019-09-11 05:51:48-07:00,2019-09-11 17:57:49-07:00,2019-09-11 09:56:41-07:00,8.97140138888889,15.65,50.0,547.0,America/Los_Angeles
jpl,1_1_193_819_2019-09-11 12:52:25.732309,1-1-193-819,AG-1F06,2019-09-11 05:52:26-07:00,2019-09-11 12:19:56-07:00,2019-09-11 09:57:38-07:00,13.793,20.0,50.0,181.0,America/Los_Angeles
jpl,1_1_179_815_2019-09-11 12:56:08.288717,1-1-179-815,AG-3F33,2019-09-11 05:56:08-07:00,2019-09-11 16:17:31-07:00,2019-09-11 09:53:56-07:00,10.812,20.0,50.0,143.0,America/Los_Angeles
jpl,1_1_193_825_2019-09-11 13:00:10.176943,1-1-193-825,AG-1F01,2019-09-11 06:00:10-07:00,2019-09-11 15:53:58-07:00,2019-09-11 08:59:46-07:00,7.002,12.0,30.0,242.0,America/Los_Angeles
jpl,1_1_193_820_2019-09-11 13:04:02.824908,1-1-193-820,AG-1F04,2019-09-11 06:04:03-07:00,2019-09-11 15:52:08-07:00,2019-09-11 10:35:55-07:00,12.931,18.0,30.0,361.0,America/Los_Angeles
jpl,1_1_178_817_2019-09-11 13:19:15.331143,1-1-178-817,AG-1F09,2019-09-11 06:19:15-07:00,2019-09-11 16:43:47-07:00,2019-09-11 10:55:16-07:00,10.007,10.0,50.0,386.0,America/Los_Angeles
jpl,1_1_194_822_2019-09-11 13:24:10.132632,1-1-194-822,AG-1F12,2019-09-11 06:24:10-07:00,2019-09-11 15:52:06-07:00,2019-09-11 11:18:42-07:00,15.143,20.0,50.0,446.0,America/Los_Angeles
jpl,1_1_194_818_2019-09-11 13:27:48.000860,1-1-194-818,AG-1F14,2019-09-11 06:27:48-07:00,2019-09-11 16:39:32-07:00,2019-09-11 08:54:30-07:00,12.999,60.0,100.0,1168.0,America/Los_Angeles
jpl,1_1_179_799_2019-09-11 13:28:48.093083,1-1-179-799,AG-3F25,2019-09-11 06:29:08-07:00,2019-09-11 15:59:17-07:00,2019-09-11 13:04:53-07:00,18.846,21.44,80.0,496.0,America/Los_Angeles
jpl,1_1_179_781_2019-09-11 13:30:03.380542,1-1-179-781,AG-3F31,2019-09-11 06:30:03-07:00,2019-09-11 15:38:05-07:00,2019-09-11 08:39:48-07:00,8.193,12.0,30.0,577.0,America/Los_Angeles
jpl,1_1_179_797_2019-09-11 13:33:12.602496,1-1-179-797,AG-3F23,2019-09-11 06:33:13-07:00,2019-09-11 17:31:11-07:00,2019-09-11 09:01:13-07:00,5.155,11.0,40.0,556.0,America/Los_Angeles
jpl,1_1_194_821_2019-09-11 13:39:04.781613,1-1-194-821,AG-1F13,2019-09-11 06:39:05-07:00,2019-09-11 16:28:01-07:00,2019-09-11 15:48:23-07:00,45.04,45.0,180.0,681.0,America/Los_Angeles
jpl,1_1_179_783_2019-09-11 13:39:38.448464,1-1-179-783,AG-3F29,2019-09-11 06:39:38-07:00,2019-09-11 17:54:02-07:00,2019-09-11 08:05:31-07:00,2.82,8.0,20.0,118.0,America/Los_Angeles
jpl,1_1_191_802_2019-09-11 13:43:24.431881,1-1-191-802,AG-4F44,2019-09-11 06:43:24-07:00,2019-09-11 16:21:31-07:00,2019-09-11 10:22:37-07:00,7.63,12.0,30.0,604.0,America/Los_Angeles
jpl,1_1_179_800_2019-09-11 13:43:34.240039,1-1-179-800,AG-3F32,2019-09-11 06:43:34-07:00,2019-09-11 19:17:38-07:00,2019-09-11 10:38:09-07:00,11.547,20.0,50.0,545.0,America/Los_Angeles
jpl,1_1_179_791_2019-09-11 13:45:45.363711,1-1-179-791,AG-3F26,2019-09-11 06:45:45-07:00,2019-09-11 16:57:45-07:00,2019-09-11 16:43:32-07:00,36.041,36.0,120.0,624.0,America/Los_Angeles
jpl,1_1_193_829_2019-09-11 13:47:20.850603,1-1-193-829,AG-1F03,2019-09-11 06:47:21-07:00,2019-09-11 16:44:26-07:00,2019-09-11 10:33:03-07:00,6.588,12.0,30.0,601.0,America/Los_Angeles
jpl,1_1_179_809_2019-09-11 13:49:17.115047,1-1-179-809,AG-3F27,2019-09-11 06:49:17-07:00,2019-09-11 18:27:58-07:00,2019-09-11 11:35:01-07:00,28.79,40.04,140.0,720.0,America/Los_Angeles
jpl,1_1_179_794_2019-09-11 13:50:27.363999,1-1-179-794,AG-3F20,2019-09-11 06:50:27-07:00,2019-09-11 16:34:16-07:00,2019-09-11 12:12:38-07:00,12.333,15.0,40.0,529.0,America/Los_Angeles
jpl,1_1_179_801_2019-09-11 13:51:50.183067,1-1-179-801,AG-3F21,2019-09-11 06:51:50-07:00,2019-09-11 13:05:37-07:00,2019-09-11 12:28:21-07:00,28.811,28.0,70.0,354.0,America/Los_Angeles
jpl,1_1_179_810_2019-09-11 13:52:04.090415,1-1-179-810,AG-3F30,2019-09-11 06:52:04-07:00,2019-09-11 18:53:09-07:00,2019-09-11 11:15:12-07:00,16.543,16.5,60.0,306.0,America/Los_Angeles
jpl,1_1_179_777_2019-09-11 13:52:40.138013,1-1-179-777,AG-3F28,2019-09-11 06:52:40-07:00,2019-09-11 16:12:27-07:00,2019-09-11 12:50:35-07:00,30.451,65.2,200.0,548.0,America/Los_Angeles
jpl,1_1_179_796_2019-09-11 13:52:51.113180,1-1-179-796,AG-3F24,2019-09-11 06:52:51-07:00,2019-09-11 18:11:19-07:00,2019-09-11 09:08:11-07:00,4.28,8.05,23.0,522.0,America/Los_Angeles
jpl,1_1_179_790_2019-09-11 13:57:14.063859,1-1-179-790,AG-3F19,2019-09-11 06:57:14-07:00,2019-09-11 11:44:35-07:00,2019-09-11 11:41:04-07:00,28.984,126.0,210.0,706.0,America/Los_Angeles
jpl,1_1_179_798_2019-09-11 14:03:36.207947,1-1-179-798,AG-3F18,2019-09-11 07:03:47-07:00,2019-09-11 16:27:07-07:00,2019-09-11 09:52:29-07:00,10.55,8.0,20.0,657.0,America/Los_Angeles
jpl,1_1_179_779_2019-09-11 14:04:09.898720,1-1-179-779,AG-3F17,2019-09-11 07:04:22-07:00,2019-09-11 14:55:13-07:00,2019-09-11 12:10:52-07:00,12.669,15.0,60.0,477.0,America/Los_Angeles
jpl,1_1_179_787_2019-09-11 14:05:32.771924,1-1-179-787,AG-3F16,2019-09-11 07:05:33-07:00,2019-09-11 16:39:58-07:00,2019-09-11 14:04:52-07:00,11.006,28.0,70.0,322.0,America/Los_Angeles
jpl,1_1_191_806_2019-09-11 14:07:13.686541,1-1-191-806,AG-4F41,2019-09-11 07:07:14-07:00,2019-09-11 15:51:28-07:00,2019-09-11 11:38:54-07:00,14.43,39.95,170.0,515.0,America/Los_Angeles
jpl,1_1_179_813_2019-09-11 14:09:14.703457,1-1-179-813,AG-3F15,2019-09-11 07:09:16-07:00,2019-09-11 16:13:25-07:00,2019-09-11 13:23:28-07:00,37.731,102.74,220.0,627.0,America/Los_Angeles
jpl,1_1_191_803_2019-09-11 14:13:01.085522,1-1-191-803,AG-4F49,2019-09-11 07:13:01-07:00,2019-09-11 17:35:39-07:00,2019-09-11 17:36:36-07:00,61.948,62.5,250.0,587.0,America/Los_Angeles
jpl,1_1_191_778_2019-09-11 14:13:11.005519,1-1-191-778,AG-4F43,2019-09-11 07:13:11-07:00,2019-09-11 16:11:18-07:00,2019-09-11 09:42:58-07:00,6.011,10.0,20.0,488.0,America/Los_Angeles
jpl,1_1_191_808_2019-09-11 14:15:58.066181,1-1-191-808,AG-4F35,2019-09-11 07:15:58-07:00,2019-09-11 16:54:51-07:00,2019-09-11 12:40:23-07:00,12.213,16.0,40.0,438.0,America/Los_Angeles
jpl,1_1_191_780_2019-09-11 14:16:53.889610,1-1-191-780,AG-4F45,2019-09-11 07:16:54-07:00,2019-09-11 16:46:00-07:00,2019-09-11 16:26:28-07:00,54.196,63.75,150.0,555.0,America/Los_Angeles
jpl,1_1_191_792_2019-09-11 14:16:44.131253,1-1-191-792,AG-4F37,2019-09-11 07:16:56-07:00,2019-09-11 16:48:10-07:00,2019-09-11 10:47:32-07:00,12.39,16.65,50.0,522.0,America/Los_Angeles
jpl,1_1_191_807_2019-09-11 14:17:23.053897,1-1-191-807,AG-4F47,2019-09-11 07:17:23-07:00,2019-09-11 16:59:14-07:00,2019-09-11 11:29:41-07:00,13.664,20.0,50.0,416.0,America/Los_Angeles
jpl,1_1_191_785_2019-09-11 14:17:28.284824,1-1-191-785,AG-4F48,2019-09-11 07:17:28-07:00,2019-09-11 11:08:28-07:00,2019-09-11 11:09:25-07:00,17.665,32.0,160.0,516.0,America/Los_Angeles
jpl,1_1_191_795_2019-09-11 14:19:56.425774,1-1-191-795,AG-4F51,2019-09-11 07:19:56-07:00,2019-09-11 17:42:03-07:00,2019-09-11 17:43:00-07:00,40.016,46.75,170.0,567.0,America/Los_Angeles
jpl,1_1_191_811_2019-09-11 14:22:38.893932,1-1-191-811,AG-4F42,2019-09-11 07:22:39-07:00,2019-09-11 16:28:26-07:00,2019-09-11 14:40:02-07:00,9.812,38.85,150.0,659.0,America/Los_Angeles
jpl,1_1_191_805_2019-09-11 14:24:35.132174,1-1-191-805,AG-4F39,2019-09-11 07:24:35-07:00,2019-09-11 17:25:17-07:00,2019-09-11 12:22:20-07:00,10.935,16.0,40.0,531.0,America/Los_Angeles
jpl,1_1_191_804_2019-09-11 14:29:17.585721,1-1-191-804,AG-4F34,2019-09-11 07:29:18-07:00,2019-09-11 14:05:40-07:00,2019-09-11 13:53:13-07:00,15.768,16.0,40.0,332.0,America/Los_Angeles
jpl,1_1_191_784_2019-09-11 14:30:41.003530,1-1-191-784,AG-4F40,2019-09-11 07:30:50-07:00,2019-09-11 12:08:24-07:00,2019-09-11 11:37:17-07:00,9.706,32.7,60.0,266.0,America/Los_Angeles
jpl,1_1_191_782_2019-09-11 14:32:25.364290,1-1-191-782,AG-4F50,2019-09-11 07:32:25-07:00,2019-09-11 17:13:29-07:00,2019-09-11 11:00:20-07:00,10.098,11.52,40.0,493.0,America/Los_Angeles
jpl,1_1_191_786_2019-09-11 14:33:15.015100,1-1-191-786,AG-4F36,2019-09-11 07:33:15-07:00,2019-09-11 16:16:15-07:00,2019-09-11 12:57:01-07:00,10.878,8.0,20.0,324.0,America/Los_Angeles
jpl,1_1_191_812_2019-09-11 14:33:38.667527,1-1-191-812,AG-4F46,2019-09-11 07:33:39-07:00,2019-09-11 17:12:52-07:00,2019-09-11 10:24:46-07:00,17.116,36.0,60.0,564.0,America/Los_Angeles
jpl,1_1_191_793_2019-09-11 14:33:57.023839,1-1-191-793,AG-4F38,2019-09-11 07:33:57-07:00,2019-09-11 14:38:45-07:00,2019-09-11 14:27:38-07:00,0.8828325,10.0,40.0,285.0,America/Los_Angeles
jpl,1_1_191_785_2019-09-11 18:27:46.481840,1-1-191-785,AG-4F48,2019-09-11 11:27:46-07:00,2019-09-11 18:21:13-07:00,2019-09-11 16:22:26-07:00,15.273,9.99,30.0,448.0,America/Los_Angeles
jpl,1_1_179_790_2019-09-11 18:53:50.538053,1-1-179-790,AG-3F19,2019-09-11 11:53:51-07:00,2019-09-11 15:42:52-07:00,2019-09-11 15:43:52-07:00,23.382,27.0,90.0,240.0,America/Los_Angeles
jpl,1_1_193_816_2019-09-11 19:20:40.247526,1-1-193-816,AG-1F05,2019-09-11 12:20:40-07:00,2019-09-11 17:33:53-07:00,2019-09-11 13:01:25-07:00,3.472,17.5,70.0,263.0,America/Los_Angeles
jpl,1_1_193_819_2019-09-11 19:23:32.709396,1-1-193-819,AG-1F06,2019-09-11 12:23:33-07:00,2019-09-11 17:02:21-07:00,2019-09-11 14:58:54-07:00,15.539,30.0,120.0,488.0,America/Los_Angeles
jpl,1_1_191_784_2019-09-11 19:56:47.634539,1-1-191-784,AG-4F40,2019-09-11 12:56:59-07:00,2019-09-11 17:29:26-07:00,2019-09-11 14:56:18-07:00,12.301,22.0,80.0,254.0,America/Los_Angeles
jpl,1_1_179_801_2019-09-11 20:09:33.369530,1-1-179-801,AG-3F21,2019-09-11 13:09:33-07:00,2019-09-11 17:45:21-07:00,2019-09-11 14:48:30-07:00,9.525,12.5,50.0,246.0,America/Los_Angeles
jpl,1_1_194_826_2019-09-11 20:53:04.129632,1-1-194-826,AG-1F11,2019-09-11 13:53:04-07:00,2019-09-11 17:19:34-07:00,2019-09-11 16:53:39-07:00,18.273,24.0,60.0,222.0,America/Los_Angeles
jpl,1_1_191_804_2019-09-11 21:21:17.693099,1-1-191-804,AG-4F34,2019-09-11 14:21:18-07:00,2019-09-11 17:30:51-07:00,2019-09-11 16:33:29-07:00,6.165,18.0,30.0,181.0,America/Los_Angeles
jpl,1_1_191_793_2019-09-11 21:38:49.496924,1-1-191-793,AG-4F38,2019-09-11 14:38:49-07:00,2019-09-11 17:43:15-07:00,2019-09-11 15:46:34-07:00,6.077,10.0,40.0,285.0,America/Los_Angeles
jpl,1_1_178_828_2019-09-11 22:01:44.882090,1-1-178-828,AG-1F10,2019-09-11 15:01:45-07:00,2019-09-11 17:56:04-07:00,2019-09-11 16:59:36-07:00,6.22,16.0,40.0,160.0,America/Los_Angeles
jpl,1_1_179_779_2019-09-11 22:02:26.694797,1-1-179-779,AG-3F17,2019-09-11 15:02:27-07:00,2019-09-11 17:41:35-07:00,2019-09-11 16:56:38-07:00,7.423,16.89,30.0,156.0,America/Los_Angeles
jpl,1_1_178_823_2019-09-11 22:34:54.374177,1-1-178-823,AG-1F08,2019-09-11 15:34:54-07:00,2019-09-11 18:35:12-07:00,2019-09-11 18:31:53-07:00,9.707,16.0,40.0,170.0,America/Los_Angeles
jpl,1_1_179_781_2019-09-11 22:40:14.664657,1-1-179-781,AG-3F31,2019-09-11 15:40:15-07:00,2019-09-11 20:44:44-07:00,2019-09-11 20:45:41-07:00,32.233,36.96,160.0,309.0,America/Los_Angeles
jpl,1_1_179_790_2019-09-11 22:47:07.980321,1-1-179-790,AG-3F19,2019-09-11 15:47:08-07:00,2019-09-11 18:31:00-07:00,2019-09-11 17:54:43-07:00,6.108,9.99,30.0,165.0,America/Los_Angeles
jpl,1_1_191_789_2019-09-11 22:50:42.633244,1-1-191-789,AG-4F52,2019-09-11 15:50:43-07:00,2019-09-11 19:03:13-07:00,2019-09-11 17:47:00-07:00,11.403,15.0,60.0,192.0,America/Los_Angeles
jpl,1_1_193_820_2019-09-11 22:54:53.425256,1-1-193-820,AG-1F04,2019-09-11 15:54:53-07:00,2019-09-11 17:31:30-07:00,2019-09-11 17:32:27-07:00,10.063,56.61,170.0,451.0,America/Los_Angeles
jpl,1_1_191_806_2019-09-11 22:59:21.174044,1-1-191-806,AG-4F41,2019-09-11 15:59:21-07:00,2019-09-11 17:53:42-07:00,2019-09-11 17:54:40-07:00,10.97,20.0,50.0,122.0,America/Los_Angeles
jpl,1_1_191_778_2019-09-11 23:21:12.543218,1-1-191-778,AG-4F43,2019-09-11 16:21:13-07:00,2019-09-11 17:53:25-07:00,2019-09-11 17:54:22-07:00,9.488,72.0,120.0,212.0,America/Los_Angeles
jpl,1_1_193_825_2019-09-11 23:35:40.422031,1-1-193-825,AG-1F01,2019-09-11 16:35:40-07:00,2019-09-11 18:30:41-07:00,2019-09-11 17:57:13-07:00,0.814,0.0,0.0,0.0,America/Los_Angeles
jpl,1_1_179_783_2019-09-12 01:34:21.374407,1-1-179-783,AG-3F29,2019-09-11 18:34:21-07:00,2019-09-11 20:49:51-07:00,2019-09-11 20:00:14-07:00,3.909,10.0,20.0,287.0,America/Los_Angeles
jpl,1_1_178_828_2019-09-12 12:01:58.356408,1-1-178-828,AG-1F10,2019-09-12 05:01:58-07:00,2019-09-12 17:14:18-07:00,2019-09-12 15:58:20-07:00,28.263,43.29,130.0,720.0,America/Los_Angeles
jpl,1_1_178_817_2019-09-12 12:04:46.102495,1-1-178-817,AG-1F09,2019-09-12 05:04:46-07:00,2019-09-12 14:38:27-07:00,2019-09-12 07:45:31-07:00,6.302,10.0,50.0,30.0,America/Los_Angeles
jpl,1_1_178_823_2019-09-12 12:05:22.587618,1-1-178-823,AG-1F08,2019-09-12 05:05:23-07:00,2019-09-12 14:14:54-07:00,2019-09-12 09:50:27-07:00,13.558,20.0,50.0,244.0,America/Los_Angeles
jpl,1_1_191_789_2019-09-12 12:43:38.900162,1-1-191-789,AG-4F52,2019-09-12 05:43:39-07:00,2019-09-12 15:38:30-07:00,2019-09-12 08:00:14-07:00,5.809,7.0,20.0,574.0,America/Los_Angeles
jpl,1_1_193_819_2019-09-12 12:47:41.652127,1-1-193-819,AG-1F06,2019-09-12 05:47:42-07:00,2019-09-12 15:33:01-07:00,2019-09-12 09:12:02-07:00,10.262,24.0,40.0,575.0,America/Los_Angeles
jpl,1_1_193_820_2019-09-12 12:48:48.529105,1-1-193-820,AG-1F04,2019-09-12 05:48:49-07:00,2019-09-12 14:13:49-07:00,2019-09-12 08:29:57-07:00,13.775,20.0,50.0,181.0,America/Los_Angeles
jpl,1_1_193_827_2019-09-12 13:03:05.256738,1-1-193-827,AG-1F02,2019-09-12 06:03:05-07:00,2019-09-12 15:16:26-07:00,2019-09-12 10:38:56-07:00,12.75,18.0,30.0,361.0,America/Los_Angeles
jpl,1_1_193_816_2019-09-12 13:04:00.093171,1-1-193-816,AG-1F05,2019-09-12 06:04:00-07:00,2019-09-12 11:27:52-07:00,2019-09-12 11:28:49-07:00,16.148,27.5,110.0,311.0,America/Los_Angeles
jpl,1_1_179_810_2019-09-12 13:20:02.485272,1-1-179-810,AG-3F30,2019-09-12 06:20:20-07:00,2019-09-12 17:10:37-07:00,2019-09-12 17:11:34-07:00,27.587,21.44,80.0,525.0,America/Los_Angeles
jpl,1_1_193_825_2019-09-12 13:23:24.924018,1-1-193-825,AG-1F01,2019-09-12 06:23:25-07:00,2019-09-12 11:34:40-07:00,2019-09-12 11:35:37-07:00,21.458,126.0,210.0,706.0,America/Los_Angeles
jpl,1_1_191_795_2019-09-12 13:24:49.840921,1-1-191-795,AG-4F51,2019-09-12 06:24:50-07:00,2019-09-12 16:25:55-07:00,2019-09-12 16:26:52-07:00,57.456,55.0,220.0,616.0,America/Los_Angeles
jpl,1_1_179_797_2019-09-12 13:24:51.944541,1-1-179-797,AG-3F23,2019-09-12 06:24:52-07:00,2019-09-12 19:51:08-07:00,2019-09-12 08:28:34-07:00,5.011,11.0,40.0,556.0,America/Los_Angeles
jpl,1_1_178_824_2019-09-12 13:26:12.463302,1-1-178-824,AG-1F07,2019-09-12 06:26:12-07:00,2019-09-12 15:04:05-07:00,2019-09-12 10:51:10-07:00,15.596,20.0,50.0,446.0,America/Los_Angeles
jpl,1_1_179_815_2019-09-12 13:26:24.910801,1-1-179-815,AG-3F33,2019-09-12 06:26:25-07:00,2019-09-12 17:45:36-07:00,2019-09-12 08:31:42-07:00,4.715,8.05,23.0,522.0,America/Los_Angeles
jpl,1_1_194_826_2019-09-12 13:27:34.207676,1-1-194-826,AG-1F11,2019-09-12 06:27:34-07:00,2019-09-12 16:22:25-07:00,2019-09-12 09:10:25-07:00,12.506,60.0,100.0,576.0,America/Los_Angeles
jpl,1_1_193_829_2019-09-12 13:29:08.674794,1-1-193-829,AG-1F03,2019-09-12 06:29:09-07:00,2019-09-12 10:35:25-07:00,2019-09-12 07:40:26-07:00,2.332,4.0,20.0,42.0,America/Los_Angeles
jpl,1_1_179_800_2019-09-12 13:34:18.567330,1-1-179-800,AG-3F32,2019-09-12 06:34:19-07:00,2019-09-12 15:50:37-07:00,2019-09-12 10:38:19-07:00,8.089,8.0,40.0,386.0,America/Los_Angeles
jpl,1_1_179_791_2019-09-12 13:34:27.356736,1-1-179-791,AG-3F26,2019-09-12 06:34:27-07:00,2019-09-12 15:51:19-07:00,2019-09-12 10:38:55-07:00,9.447,12.0,30.0,577.0,America/Los_Angeles
jpl,1_1_194_821_2019-09-12 13:45:26.780233,1-1-194-821,AG-1F13,2019-09-12 06:45:27-07:00,2019-09-12 15:41:12-07:00,2019-09-12 08:42:15-07:00,3.076,8.0,20.0,118.0,America/Los_Angeles
jpl,1_1_179_781_2019-09-12 13:49:33.487411,1-1-179-781,AG-3F31,2019-09-12 06:49:33-07:00,2019-09-12 14:06:27-07:00,2019-09-12 10:05:54-07:00,15.521,40.0,100.0,354.0,America/Los_Angeles
jpl,1_1_191_803_2019-09-12 13:50:25.141116,1-1-191-803,AG-4F49,2019-09-12 06:50:25-07:00,2019-09-12 16:51:15-07:00,2019-09-12 13:02:04-07:00,32.722,50.0,200.0,525.0,America/Los_Angeles
jpl,1_1_194_822_2019-09-12 13:50:38.294257,1-1-194-822,AG-1F12,2019-09-12 06:50:38-07:00,2019-09-12 16:12:23-07:00,2019-09-12 11:52:16-07:00,21.632,32.0,80.0,425.0,America/Los_Angeles
jpl,1_1_191_808_2019-09-12 13:51:59.218038,1-1-191-808,AG-4F35,2019-09-12 06:51:59-07:00,2019-09-12 17:29:04-07:00,2019-09-12 12:41:02-07:00,13.172,16.0,40.0,350.0,America/Los_Angeles
jpl,1_1_179_799_2019-09-12 13:52:35.880802,1-1-179-799,AG-3F25,2019-09-12 06:53:42-07:00,2019-09-12 17:01:02-07:00,2019-09-12 10:05:55-07:00,19.807,49.5,180.0,511.0,America/Los_Angeles
jpl,1_1_194_818_2019-09-12 13:54:51.283287,1-1-194-818,AG-1F14,2019-09-12 06:54:51-07:00,2019-09-12 15:37:32-07:00,2019-09-12 15:20:09-07:00,0.986,0.0,0.0,0.0,America/Los_Angeles
jpl,1_1_179_796_2019-09-12 13:56:39.503717,1-1-179-796,AG-3F24,2019-09-12 06:56:39-07:00,2019-09-12 16:34:06-07:00,2019-09-12 14:50:26-07:00,10.253,28.0,70.0,322.0,America/Los_Angeles
jpl,1_1_179_794_2019-09-12 13:56:41.442165,1-1-179-794,AG-3F20,2019-09-12 06:56:41-07:00,2019-09-12 17:24:27-07:00,2019-09-12 12:17:50-07:00,12.555,15.0,40.0,529.0,America/Los_Angeles
jpl,1_1_179_777_2019-09-12 13:56:59.579429,1-1-179-777,AG-3F28,2019-09-12 06:57:00-07:00,2019-09-12 08:23:31-07:00,2019-09-12 08:24:31-07:00,3.539,8.0,20.0,448.0,America/Los_Angeles
jpl,1_1_191_802_2019-09-12 14:00:17.169336,1-1-191-802,AG-4F44,2019-09-12 07:00:17-07:00,2019-09-12 16:51:32-07:00,2019-09-12 09:47:24-07:00,5.9,8.0,20.0,161.0,America/Los_Angeles
jpl,1_1_191_785_2019-09-12 14:06:49.729432,1-1-191-785,AG-4F48,2019-09-12 07:06:50-07:00,2019-09-12 16:29:34-07:00,2019-09-12 10:38:55-07:00,7.059,12.0,30.0,604.0,America/Los_Angeles
jpl,1_1_179_788_2019-09-12 14:06:57.860144,1-1-179-788,AG-3F22,2019-09-12 07:06:58-07:00,2019-09-12 17:35:43-07:00,2019-09-12 10:38:55-07:00,6.449,10.0,20.0,618.0,America/Los_Angeles
jpl,1_1_179_790_2019-09-12 14:07:32.945973,1-1-179-790,AG-3F19,2019-09-12 07:07:33-07:00,2019-09-12 15:30:48-07:00,2019-09-12 09:33:51-07:00,8.01,18.0,60.0,453.0,America/Los_Angeles
jpl,1_1_179_787_2019-09-12 14:08:05.770195,1-1-179-787,AG-3F16,2019-09-12 07:08:06-07:00,2019-09-12 16:06:27-07:00,2019-09-12 10:38:56-07:00,6.819,12.0,30.0,601.0,America/Los_Angeles
jpl,1_1_191_782_2019-09-12 14:08:42.473675,1-1-191-782,AG-4F50,2019-09-12 07:08:42-07:00,2019-09-12 12:06:14-07:00,2019-09-12 09:12:02-07:00,10.228,36.0,90.0,333.0,America/Los_Angeles
jpl,1_1_179_813_2019-09-12 14:12:05.212792,1-1-179-813,AG-3F15,2019-09-12 07:12:05-07:00,2019-09-12 17:06:56-07:00,2019-09-12 11:25:03-07:00,11.784,13.9,50.0,502.0,America/Los_Angeles
jpl,1_1_191_806_2019-09-12 14:13:23.501270,1-1-191-806,AG-4F41,2019-09-12 07:13:23-07:00,2019-09-12 16:08:27-07:00,2019-09-12 11:10:16-07:00,12.064,39.95,170.0,515.0,America/Los_Angeles
jpl,1_1_179_798_2019-09-12 14:16:11.936924,1-1-179-798,AG-3F18,2019-09-12 07:16:12-07:00,2019-09-12 10:02:08-07:00,2019-09-12 10:03:07-07:00,15.707,51.68,170.0,390.0,America/Los_Angeles
jpl,1_1_179_779_2019-09-12 14:17:34.342083,1-1-179-779,AG-3F17,2019-09-12 07:17:34-07:00,2019-09-12 19:03:02-07:00,2019-09-12 18:49:28-07:00,20.551,51.26,220.0,515.0,America/Los_Angeles
jpl,1_1_179_783_2019-09-12 14:17:40.323760,1-1-179-783,AG-3F29,2019-09-12 07:17:40-07:00,2019-09-12 12:39:38-07:00,2019-09-12 12:40:36-07:00,26.649,33.0,110.0,293.0,America/Los_Angeles
jpl,1_1_179_801_2019-09-12 14:18:32.438244,1-1-179-801,AG-3F21,2019-09-12 07:18:42-07:00,2019-09-12 16:34:52-07:00,2019-09-12 13:09:36-07:00,16.46,16.65,50.0,563.0,America/Los_Angeles
jpl,1_1_191_780_2019-09-12 14:19:23.881429,1-1-191-780,AG-4F45,2019-09-12 07:19:24-07:00,2019-09-12 12:04:07-07:00,2019-09-12 11:29:12-07:00,13.669,20.0,50.0,416.0,America/Los_Angeles
jpl,1_1_191_807_2019-09-12 14:19:48.365728,1-1-191-807,AG-4F47,2019-09-12 07:19:48-07:00,2019-09-12 17:59:32-07:00,2019-09-12 17:38:32-07:00,5.146,12.0,30.0,143.0,America/Los_Angeles
jpl,1_1_191_786_2019-09-12 14:20:47.858610,1-1-191-786,AG-4F36,2019-09-12 07:20:50-07:00,2019-09-12 16:59:51-07:00,2019-09-12 12:38:01-07:00,11.32,8.0,20.0,324.0,America/Los_Angeles
jpl,1_1_191_812_2019-09-12 14:21:21.600783,1-1-191-812,AG-4F46,2019-09-12 07:21:22-07:00,2019-09-12 16:11:04-07:00,2019-09-12 15:59:20-07:00,19.887,102.74,220.0,627.0,America/Los_Angeles
jpl,1_1_191_778_2019-09-12 14:24:05.572432,1-1-191-778,AG-4F43,2019-09-12 07:24:06-07:00,2019-09-12 15:10:52-07:00,2019-09-12 14:56:47-07:00,12.049,12.0,20.0,458.0,America/Los_Angeles
jpl,1_1_191_811_2019-09-12 14:24:05.727837,1-1-191-811,AG-4F42,2019-09-12 07:24:06-07:00,2019-09-12 20:57:35-07:00,2019-09-12 20:39:49-07:00,0.895,0.0,0.0,0.0,America/Los_Angeles
jpl,1_1_191_784_2019-09-12 14:26:25.722420,1-1-191-784,AG-4F40,2019-09-12 07:26:26-07:00,2019-09-12 15:04:48-07:00,2019-09-12 15:05:45-07:00,46.328,70.08,240.0,651.0,America/Los_Angeles
jpl,1_1_191_804_2019-09-12 14:26:29.719616,1-1-191-804,AG-4F34,2019-09-12 07:26:30-07:00,2019-09-12 17:05:03-07:00,2019-09-12 16:33:37-07:00,15.785,16.0,40.0,449.0,America/Los_Angeles
jpl,1_1_191_805_2019-09-12 14:26:33.019069,1-1-191-805,AG-4F39,2019-09-12 07:26:33-07:00,2019-09-12 17:19:42-07:00,2019-09-12 17:07:42-07:00,8.598,16.0,40.0,531.0,America/Los_Angeles
jpl,1_1_191_792_2019-09-12 14:26:42.951499,1-1-191-792,AG-4F37,2019-09-12 07:26:43-07:00,2019-09-12 16:49:51-07:00,2019-09-12 15:07:17-07:00,35.639,35.0,140.0,506.0,America/Los_Angeles
jpl,1_1_191_793_2019-09-12 14:28:33.780096,1-1-191-793,AG-4F38,2019-09-12 07:28:34-07:00,2019-09-12 12:54:08-07:00,2019-09-12 10:21:55-07:00,6.131,9.99,30.0,304.0,America/Los_Angeles
jpl,1_1_179_777_2019-09-12 15:31:46.554822,1-1-179-777,AG-3F28,2019-09-12 08:31:47-07:00,2019-09-12 12:04:23-07:00,2019-09-12 12:05:23-07:00,20.697,22.0,80.0,306.0,America/Los_Angeles
jpl,1_1_179_798_2019-09-12 17:05:44.817712,1-1-179-798,AG-3F18,2019-09-12 10:05:55-07:00,2019-09-12 14:52:29-07:00,2019-09-12 13:44:47-07:00,9.055,90.0,250.0,256.0,America/Los_Angeles
jpl,1_1_193_829_2019-09-12 17:53:31.742262,1-1-193-829,AG-1F03,2019-09-12 10:53:39-07:00,2019-09-12 17:40:22-07:00,2019-09-12 16:05:02-07:00,7.836,16.0,40.0,214.0,America/Los_Angeles
jpl,1_1_193_816_2019-09-12 18:33:16.266979,1-1-193-816,AG-1F05,2019-09-12 11:33:16-07:00,2019-09-12 18:35:10-07:00,2019-09-12 18:16:41-07:00,27.546,54.72,180.0,369.0,America/Los_Angeles
jpl,1_1_193_825_2019-09-12 18:40:21.999194,1-1-193-825,AG-1F01,2019-09-12 11:40:23-07:00,2019-09-12 15:01:42-07:00,2019-09-12 15:02:42-07:00,20.343,33.3,100.0,235.0,America/Los_Angeles
jpl,1_1_191_782_2019-09-12 19:13:35.412958,1-1-191-782,AG-4F50,2019-09-12 12:13:35-07:00,2019-09-12 17:05:20-07:00,2019-09-12 14:05:01-07:00,10.706,24.0,40.0,342.0,America/Los_Angeles
jpl,1_1_191_780_2019-09-12 19:14:13.531803,1-1-191-780,AG-4F45,2019-09-12 12:14:14-07:00,2019-09-12 17:02:37-07:00,2019-09-12 13:58:18-07:00,5.515,20.0,50.0,226.0,America/Los_Angeles
jpl,1_1_179_777_2019-09-12 19:17:56.585291,1-1-179-777,AG-3F28,2019-09-12 12:17:57-07:00,2019-09-12 16:35:57-07:00,2019-09-12 14:22:00-07:00,6.181,10.0,20.0,488.0,America/Los_Angeles
jpl,1_1_179_783_2019-09-12 19:47:30.705037,1-1-179-783,AG-3F29,2019-09-12 12:47:31-07:00,2019-09-12 18:23:12-07:00,2019-09-12 14:54:58-07:00,6.101,9.99,30.0,328.0,America/Los_Angeles
jpl,1_1_191_793_2019-09-12 20:18:49.670338,1-1-191-793,AG-4F38,2019-09-12 13:18:50-07:00,2019-09-12 17:22:38-07:00,2019-09-12 16:25:15-07:00,18.693,36.0,60.0,564.0,America/Los_Angeles
jpl,1_1_179_781_2019-09-12 21:34:58.419880,1-1-179-781,AG-3F31,2019-09-12 14:35:37-07:00,2019-09-12 19:21:31-07:00,2019-09-12 19:22:28-07:00,29.868,33.0,120.0,217.0,America/Los_Angeles
jpl,1_1_178_823_2019-09-12 21:51:02.346180,1-1-178-823,AG-1F08,2019-09-12 14:51:02-07:00,2019-09-12 17:44:09-07:00,2019-09-12 17:45:06-07:00,14.908,30.0,120.0,228.0,America/Los_Angeles
jpl,1_1_179_798_2019-09-12 21:59:35.446794,1-1-179-798,AG-3F18,2019-09-12 14:59:35-07:00,2019-09-12 17:29:11-07:00,2019-09-12 17:30:08-07:00,11.171,4.16,20.0,417.0,America/Los_Angeles
jpl,1_1_193_820_2019-09-12 22:07:06.367404,1-1-193-820,AG-1F04,2019-09-12 15:07:06-07:00,2019-09-12 18:17:05-07:00,2019-09-12 16:39:40-07:00,6.263,16.0,40.0,147.0,America/Los_Angeles
jpl,1_1_178_824_2019-09-12 22:15:22.512702,1-1-178-824,AG-1F07,2019-09-12 15:15:23-07:00,2019-09-12 17:31:39-07:00,2019-09-12 17:32:36-07:00,11.61,60.0,100.0,61.0,America/Los_Angeles
jpl,1_1_193_819_2019-09-12 22:43:40.451385,1-1-193-819,AG-1F06,2019-09-12 15:43:40-07:00,2019-09-12 18:40:12-07:00,2019-09-12 16:16:12-07:00,0.719,0.0,0.0,0.0,America/Los_Angeles
jpl,1_1_179_790_2019-09-12 22:43:43.738737,1-1-179-790,AG-3F19,2019-09-12 15:43:44-07:00,2019-09-12 17:28:29-07:00,2019-09-12 17:29:26-07:00,5.642,9.99,30.0,448.0,America/Los_Angeles
jpl,1_1_193_827_2019-09-12 22:56:52.201183,1-1-193-827,AG-1F02,2019-09-12 15:57:05-07:00,2019-09-12 18:30:30-07:00,2019-09-12 18:09:27-07:00,11.497,16.65,50.0,171.0,America/Los_Angeles
jpl,1_1_178_817_2019-09-12 23:05:37.797143,1-1-178-817,AG-1F09,2019-09-12 16:05:38-07:00,2019-09-12 18:03:15-07:00,2019-09-12 18:04:12-07:00,5.737,20.0,50.0,116.0,America/Los_Angeles
jpl,1_1_194_822_2019-09-12 23:25:15.663471,1-1-194-822,AG-1F12,2019-09-12 16:25:16-07:00,2019-09-12 21:30:01-07:00,2019-09-12 18:22:55-07:00,5.744,10.0,20.0,150.0,America/Los_Angeles
jpl,1_1_194_826_2019-09-12 23:29:19.015090,1-1-194-826,AG-1F11,2019-09-12 16:29:19-07:00,2019-09-12 18:58:13-07:00,2019-09-12 17:40:21-07:00,2.578,8.0,20.0,157.0,America/Los_Angeles
jpl,1_1_194_818_2019-09-13 00:03:21.789974,1-1-194-818,AG-1F14,2019-09-12 17:03:22-07:00,2019-09-12 17:33:07-07:00,2019-09-12 17:34:04-07:00,2.836,40.0,100.0,374.0,America/Los_Angeles
jpl,1_1_178_817_2019-09-13 04:14:26.541849,1-1-178-817,AG-1F09,2019-09-12 21:14:27-07:00,2019-09-13 00:18:05-07:00,2019-09-13 00:19:03-07:00,17.782,40.05,150.0,426.0,America/Los_Angeles
jpl,1_1_193_820_2019-09-13 04:20:35.363965,1-1-193-820,AG-1F04,2019-09-12 21:20:35-07:00,2019-09-12 22:32:38-07:00,2019-09-12 22:13:34-07:00,0.861,0.0,0.0,0.0,America/Los_Angeles
jpl,1_1_178_823_2019-09-13 12:40:57.988229,1-1-178-823,AG-1F08,2019-09-13 05:40:58-07:00,2019-09-13 15:33:19-07:00,2019-09-13 14:50:08-07:00,10.158,24.0,40.0,575.0,America/Los_Angeles
jpl,1_1_178_828_2019-09-13 12:54:19.359398,1-1-178-828,AG-1F10,2019-09-13 05:54:19-07:00,2019-09-13 08:26:26-07:00,2019-09-13 08:21:13-07:00,13.601,20.0,50.0,181.0,America/Los_Angeles
jpl,1_1_178_817_2019-09-13 13:14:11.194072,1-1-178-817,AG-1F09,2019-09-13 06:14:11-07:00,2019-09-13 15:47:53-07:00,2019-09-13 11:39:35-07:00,28.04,43.29,130.0,720.0,America/Los_Angeles
jpl,1_1_193_827_2019-09-13 13:15:53.370945,1-1-193-827,AG-1F02,2019-09-13 06:15:53-07:00,2019-09-13 11:42:42-07:00,2019-09-13 09:02:21-07:00,7.818,16.0,40.0,292.0,America/Los_Angeles
jpl,1_1_178_824_2019-09-13 13:44:17.634851,1-1-178-824,AG-1F07,2019-09-13 06:44:19-07:00,2019-09-13 12:08:58-07:00,2019-09-13 08:56:46-07:00,8.232,32.0,80.0,295.0,America/Los_Angeles
jpl,1_1_193_819_2019-09-13 13:48:10.640602,1-1-193-819,AG-1F06,2019-09-13 06:48:11-07:00,2019-09-13 16:12:49-07:00,2019-09-13 09:00:17-07:00,6.095,22.84,40.0,277.0,America/Los_Angeles
jpl,1_1_193_820_2019-09-13 14:09:54.739995,1-1-193-820,AG-1F04,2019-09-13 07:10:07-07:00,2019-09-13 15:01:33-07:00,2019-09-13 14:58:38-07:00,14.257,15.0,60.0,477.0,America/Los_Angeles
jpl,1_1_194_826_2019-09-13 14:38:38.156451,1-1-194-826,AG-1F11,2019-09-13 07:38:38-07:00,2019-09-13 11:40:24-07:00,2019-09-13 08:07:54-07:00,0.827,4.5,20.0,68.0,America/Los_Angeles
jpl,1_1_193_825_2019-09-13 14:42:39.990672,1-1-193-825,AG-1F01,2019-09-13 07:42:49-07:00,2019-09-13 16:05:52-07:00,2019-09-13 16:06:52-07:00,47.915,48.0,160.0,382.0,America/Los_Angeles
jpl,1_1_193_829_2019-09-13 14:43:56.489987,1-1-193-829,AG-1F03,2019-09-13 07:43:56-07:00,2019-09-13 11:59:26-07:00,2019-09-13 09:38:19-07:00,5.419,9.0,20.0,67.0,America/Los_Angeles
jpl,1_1_194_821_2019-09-13 14:45:01.041864,1-1-194-821,AG-1F13,2019-09-13 07:45:01-07:00,2019-09-13 10:29:21-07:00,2019-09-13 09:40:27-07:00,7.723,19.98,60.0,179.0,America/Los_Angeles
jpl,1_1_191_789_2019-09-13 14:52:46.861168,1-1-191-789,AG-4F52,2019-09-13 07:52:47-07:00,2019-09-13 16:23:34-07:00,2019-09-13 15:35:19-07:00,5.03,5.0,20.0,553.0,America/Los_Angeles
jpl,1_1_194_818_2019-09-13 15:18:35.187415,1-1-194-818,AG-1F14,2019-09-13 08:18:35-07:00,2019-09-13 08:50:42-07:00,2019-09-13 08:51:39-07:00,2.76,16.0,40.0,163.0,America/Los_Angeles
jpl,1_1_179_815_2019-09-13 15:21:01.553125,1-1-179-815,AG-3F33,2019-09-13 08:21:02-07:00,2019-09-13 16:15:06-07:00,2019-09-13 14:54:56-07:00,5.459,8.05,23.0,279.0,America/Los_Angeles
jpl,1_1_178_828_2019-09-13 15:51:54.984328,1-1-178-828,AG-1F10,2019-09-13 08:51:55-07:00,2019-09-13 19:10:33-07:00,2019-09-13 13:51:35-07:00,10.887,16.0,40.0,308.0,America/Los_Angeles
jpl,1_1_193_816_2019-09-13 15:52:43.898592,1-1-193-816,AG-1F05,2019-09-13 08:52:44-07:00,2019-09-13 11:38:50-07:00,2019-09-13 11:39:47-07:00,7.932,15.2,38.0,300.0,America/Los_Angeles
jpl,1_1_194_822_2019-09-13 16:09:29.080494,1-1-194-822,AG-1F12,2019-09-13 09:09:29-07:00,2019-09-13 13:12:49-07:00,2019-09-13 12:55:11-07:00,8.285,11.25,30.0,211.0,America/Los_Angeles
jpl,1_1_179_781_2019-09-13 16:20:42.947162,1-1-179-781,AG-3F31,2019-09-13 09:21:01-07:00,2019-09-13 15:26:15-07:00,2019-09-13 10:35:08-07:00,3.191,7.0,20.0,283.0,America/Los_Angeles
jpl,1_1_194_818_2019-09-13 16:50:40.086570,1-1-194-818,AG-1F14,2019-09-13 09:50:40-07:00,2019-09-13 10:46:14-07:00,2019-09-13 10:47:11-07:00,3.357,12.0,40.0,95.0,America/Los_Angeles
jpl,1_1_194_821_2019-09-13 17:33:13.212322,1-1-194-821,AG-1F13,2019-09-13 10:33:13-07:00,2019-09-13 11:37:55-07:00,2019-09-13 11:30:59-07:00,0.724,0.0,0.0,0.0,America/Los_Angeles
jpl,1_1_194_818_2019-09-13 17:57:23.852050,1-1-194-818,AG-1F14,2019-09-13 10:57:24-07:00,2019-09-13 11:58:01-07:00,2019-09-13 11:58:58-07:00,3.723,8.0,20.0,277.0,America/Los_Angeles
jpl,1_1_179_777_2019-09-13 18:32:34.299541,1-1-179-777,AG-3F28,2019-09-13 11:32:34-07:00,2019-09-13 16:52:56-07:00,2019-09-13 14:44:43-07:00,8.888,15.05,50.0,94.0,America/Los_Angeles
jpl,1_1_179_787_2019-09-13 18:34:29.010114,1-1-179-787,AG-3F16,2019-09-13 11:34:29-07:00,2019-09-13 12:42:12-07:00,2019-09-13 12:43:09-07:00,6.91,19.2,80.0,164.0,America/Los_Angeles
jpl,1_1_193_827_2019-09-13 18:52:29.600907,1-1-193-827,AG-1F02,2019-09-13 11:52:30-07:00,2019-09-13 18:17:42-07:00,2019-09-13 15:06:28-07:00,19.085,24.0,80.0,231.0,America/Los_Angeles
jpl,1_1_193_829_2019-09-13 19:27:44.278934,1-1-193-829,AG-1F03,2019-09-13 12:27:44-07:00,2019-09-13 14:41:59-07:00,2019-09-13 14:42:56-07:00,6.671,15.2,38.0,177.0,America/Los_Angeles
jpl,1_1_178_824_2019-09-13 19:47:03.774696,1-1-178-824,AG-1F07,2019-09-13 12:47:04-07:00,2019-09-13 16:21:34-07:00,2019-09-13 13:50:16-07:00,2.173,12.0,40.0,95.0,America/Los_Angeles
jpl,1_1_179_810_2019-09-13 20:17:10.943454,1-1-179-810,AG-3F30,2019-09-13 13:17:11-07:00,2019-09-13 14:45:55-07:00,2019-09-13 14:43:11-07:00,8.712,50.0,200.0,525.0,America/Los_Angeles
jpl,1_1_194_821_2019-09-13 20:19:54.749504,1-1-194-821,AG-1F13,2019-09-13 13:19:55-07:00,2019-09-13 19:29:09-07:00,2019-09-13 14:52:17-07:00,4.064,4.5,20.0,68.0,America/Los_Angeles
jpl,1_1_193_816_2019-09-13 20:22:04.800602,1-1-193-816,AG-1F05,2019-09-13 13:22:05-07:00,2019-09-13 15:57:52-07:00,2019-09-13 13:55:21-07:00,1.052,7.0,20.0,183.0,America/Los_Angeles
jpl,1_1_179_783_2019-09-13 20:37:53.151754,1-1-179-783,AG-3F29,2019-09-13 13:37:53-07:00,2019-09-13 17:01:30-07:00,2019-09-13 15:41:43-07:00,11.494,12.0,40.0,202.0,America/Los_Angeles
jpl,1_1_194_822_2019-09-13 20:41:39.467889,1-1-194-822,AG-1F12,2019-09-13 13:41:39-07:00,2019-09-13 18:36:10-07:00,2019-09-13 15:07:12-07:00,4.182,9.0,20.0,67.0,America/Los_Angeles
jpl,1_1_194_826_2019-09-13 20:51:41.304705,1-1-194-826,AG-1F11,2019-09-13 13:51:41-07:00,2019-09-13 16:09:29-07:00,2019-09-13 14:23:50-07:00,0.847,0.0,0.0,0.0,America/Los_Angeles
jpl,1_1_194_818_2019-09-13 21:06:52.724749,1-1-194-818,AG-1F14,2019-09-13 14:06:53-07:00,2019-09-13 16:28:29-07:00,2019-09-13 15:30:31-07:00,8.041,8.0,20.0,129.0,America/Los_Angeles
jpl,1_1_179_788_2019-09-13 21:38:54.840228,1-1-179-788,AG-3F22,2019-09-13 14:38:55-07:00,2019-09-13 17:00:19-07:00,2019-09-13 17:01:16-07:00,7.176,12.0,30.0,143.0,America/Los_Angeles
jpl,1_1_193_819_2019-09-14 13:29:00.320186,1-1-193-819,AG-1F06,2019-09-14 06:29:12-07:00,2019-09-14 16:34:41-07:00,2019-09-14 08:39:04-07:00,6.213,22.84,40.0,277.0,America/Los_Angeles
jpl,1_1_193_827_2019-09-14 14:46:19.482658,1-1-193-827,AG-1F02,2019-09-14 07:46:19-07:00,2019-09-14 13:47:53-07:00,2019-09-14 13:25:47-07:00,28.625,43.29,130.0,720.0,America/Los_Angeles
jpl,1_1_193_820_2019-09-14 20:42:05.310504,1-1-193-820,AG-1F04,2019-09-14 13:42:05-07:00,2019-09-14 16:24:07-07:00,2019-09-14 14:16:36-07:00,1.171,4.5,20.0,64.0,America/Los_Angeles
jpl,1_1_179_783_2019-09-15 17:13:22.214961,1-1-179-783,AG-3F29,2019-09-15 10:13:22-07:00,2019-09-15 16:30:54-07:00,2019-09-15 11:48:10-07:00,8.692,15.05,50.0,136.0,America/Los_Angeles
jpl,1_1_194_821_2019-09-15 18:38:34.445856,1-1-194-821,AG-1F13,2019-09-15 11:38:34-07:00,2019-09-15 20:37:16-07:00,2019-09-15 15:56:20-07:00,12.474,24.0,80.0,231.0,America/Los_Angeles
jpl,1_1_178_828_2019-09-16 12:05:24.288502,1-1-178-828,AG-1F10,2019-09-16 05:05:24-07:00,2019-09-16 14:39:07-07:00,2019-09-16 07:41:29-07:00,6.344,10.0,50.0,30.0,America/Los_Angeles
jpl,1_1_194_826_2019-09-16 12:05:56.165469,1-1-194-826,AG-1F11,2019-09-16 05:05:56-07:00,2019-09-16 15:43:29-07:00,2019-09-16 15:44:29-07:00,51.079,43.29,130.0,720.0,America/Los_Angeles
jpl,1_1_193_825_2019-09-16 12:33:57.204531,1-1-193-825,AG-1F01,2019-09-16 05:33:57-07:00,2019-09-16 16:15:42-07:00,2019-09-16 08:31:58-07:00,6.95,12.0,30.0,242.0,America/Los_Angeles
jpl,1_1_194_822_2019-09-16 12:38:08.225540,1-1-194-822,AG-1F12,2019-09-16 05:38:08-07:00,2019-09-16 16:18:42-07:00,2019-09-16 09:23:54-07:00,7.335,6.66,20.0,494.0,America/Los_Angeles
jpl,1_1_178_823_2019-09-16 12:49:01.856072,1-1-178-823,AG-1F08,2019-09-16 05:49:02-07:00,2019-09-16 13:57:21-07:00,2019-09-16 09:51:29-07:00,13.746,20.0,50.0,181.0,America/Los_Angeles
jpl,1_1_191_789_2019-09-16 12:55:14.596382,1-1-191-789,AG-4F52,2019-09-16 05:55:15-07:00,2019-09-16 16:20:38-07:00,2019-09-16 08:47:33-07:00,5.875,7.0,20.0,574.0,America/Los_Angeles
jpl,1_1_193_819_2019-09-16 13:04:41.690338,1-1-193-819,AG-1F06,2019-09-16 06:04:42-07:00,2019-09-16 15:54:05-07:00,2019-09-16 10:38:27-07:00,12.938,18.0,30.0,361.0,America/Los_Angeles
jpl,1_1_193_827_2019-09-16 13:07:47.996089,1-1-193-827,AG-1F02,2019-09-16 06:07:48-07:00,2019-09-16 16:02:47-07:00,2019-09-16 08:15:50-07:00,4.358,4.5,20.0,64.0,America/Los_Angeles
jpl,1_1_179_799_2019-09-16 13:11:49.684059,1-1-179-799,AG-3F25,2019-09-16 06:12:14-07:00,2019-09-16 17:37:19-07:00,2019-09-16 11:56:25-07:00,19.603,21.44,80.0,532.0,America/Los_Angeles
jpl,1_1_179_815_2019-09-16 13:13:05.567172,1-1-179-815,AG-3F33,2019-09-16 06:13:06-07:00,2019-09-16 17:12:42-07:00,2019-09-16 08:07:37-07:00,4.614,8.05,23.0,381.0,America/Los_Angeles
jpl,1_1_178_817_2019-09-16 13:25:08.467550,1-1-178-817,AG-1F09,2019-09-16 06:25:08-07:00,2019-09-16 16:25:59-07:00,2019-09-16 09:23:45-07:00,5.826,10.0,20.0,285.0,America/Los_Angeles
jpl,1_1_193_829_2019-09-16 13:27:16.186558,1-1-193-829,AG-1F03,2019-09-16 06:27:16-07:00,2019-09-16 14:56:40-07:00,2019-09-16 11:14:38-07:00,27.455,126.0,210.0,706.0,America/Los_Angeles
jpl,1_1_178_824_2019-09-16 13:28:42.841461,1-1-178-824,AG-1F07,2019-09-16 06:28:43-07:00,2019-09-16 16:29:48-07:00,2019-09-16 08:51:14-07:00,12.962,60.0,100.0,576.0,America/Los_Angeles
jpl,1_1_179_781_2019-09-16 13:29:03.296402,1-1-179-781,AG-3F31,2019-09-16 06:29:03-07:00,2019-09-16 16:21:01-07:00,2019-09-16 08:05:38-07:00,8.86,12.0,30.0,577.0,America/Los_Angeles
jpl,1_1_193_820_2019-09-16 13:29:43.354788,1-1-193-820,AG-1F04,2019-09-16 06:29:43-07:00,2019-09-16 17:09:14-07:00,2019-09-16 14:55:56-07:00,40.036,40.0,200.0,516.0,America/Los_Angeles
jpl,1_1_179_797_2019-09-16 13:30:30.374180,1-1-179-797,AG-3F23,2019-09-16 06:30:30-07:00,2019-09-16 17:35:18-07:00,2019-09-16 11:41:08-07:00,13.257,24.75,90.0,556.0,America/Los_Angeles
jpl,1_1_179_787_2019-09-16 13:30:34.840855,1-1-179-787,AG-3F16,2019-09-16 06:30:35-07:00,2019-09-16 16:10:31-07:00,2019-09-16 10:10:46-07:00,7.679,16.0,40.0,533.0,America/Los_Angeles
jpl,1_1_191_802_2019-09-16 13:31:51.842960,1-1-191-802,AG-4F44,2019-09-16 06:31:52-07:00,2019-09-16 17:22:09-07:00,2019-09-16 09:06:14-07:00,7.284,12.0,30.0,604.0,America/Los_Angeles
jpl,1_1_179_810_2019-09-16 13:34:13.386279,1-1-179-810,AG-3F30,2019-09-16 06:34:13-07:00,2019-09-16 15:38:02-07:00,2019-09-16 08:47:03-07:00,13.616,21.0,70.0,450.0,America/Los_Angeles
jpl,1_1_194_821_2019-09-16 13:47:56.972579,1-1-194-821,AG-1F13,2019-09-16 06:47:57-07:00,2019-09-16 17:12:53-07:00,2019-09-16 17:05:14-07:00,8.174,6.66,20.0,246.0,America/Los_Angeles
jpl,1_1_194_818_2019-09-16 13:50:29.967068,1-1-194-818,AG-1F14,2019-09-16 06:50:30-07:00,2019-09-16 15:32:47-07:00,2019-09-16 14:33:06-07:00,0.844,0.0,0.0,0.0,America/Los_Angeles
jpl,1_1_179_777_2019-09-16 13:50:39.387491,1-1-179-777,AG-3F28,2019-09-16 06:50:39-07:00,2019-09-16 18:00:07-07:00,2019-09-16 17:10:02-07:00,15.759,8.0,20.0,458.0,America/Los_Angeles
jpl,1_1_193_816_2019-09-16 13:52:52.304325,1-1-193-816,AG-1F05,2019-09-16 06:52:52-07:00,2019-09-16 16:26:15-07:00,2019-09-16 16:27:12-07:00,47.841,48.0,80.0,564.0,America/Los_Angeles
jpl,1_1_179_783_2019-09-16 13:57:03.605511,1-1-179-783,AG-3F29,2019-09-16 06:57:04-07:00,2019-09-16 16:22:02-07:00,2019-09-16 12:40:31-07:00,33.487,49.0,140.0,560.0,America/Los_Angeles
jpl,1_1_179_800_2019-09-16 13:57:53.528504,1-1-179-800,AG-3F32,2019-09-16 06:57:54-07:00,2019-09-16 14:39:17-07:00,2019-09-16 11:17:29-07:00,8.03,8.0,20.0,448.0,America/Los_Angeles
jpl,1_1_179_791_2019-09-16 13:59:19.956060,1-1-179-791,AG-3F26,2019-09-16 06:59:20-07:00,2019-09-16 14:03:01-07:00,2019-09-16 11:49:40-07:00,13.902,20.0,50.0,416.0,America/Los_Angeles
jpl,1_1_179_796_2019-09-16 14:00:12.358610,1-1-179-796,AG-3F24,2019-09-16 07:00:12-07:00,2019-09-16 16:27:28-07:00,2019-09-16 10:30:09-07:00,15.276,28.0,70.0,322.0,America/Los_Angeles
jpl,1_1_179_788_2019-09-16 14:01:06.537718,1-1-179-788,AG-3F22,2019-09-16 07:01:07-07:00,2019-09-16 17:08:35-07:00,2019-09-16 12:21:39-07:00,12.52,15.0,40.0,529.0,America/Los_Angeles
jpl,1_1_179_809_2019-09-16 14:04:22.580329,1-1-179-809,AG-3F27,2019-09-16 07:04:23-07:00,2019-09-16 16:31:34-07:00,2019-09-16 14:15:55-07:00,0.871,0.0,0.0,0.0,America/Los_Angeles
jpl,1_1_179_801_2019-09-16 14:07:33.768276,1-1-179-801,AG-3F21,2019-09-16 07:07:34-07:00,2019-09-16 18:25:22-07:00,2019-09-16 14:01:06-07:00,35.045,35.01,90.0,479.0,America/Los_Angeles
jpl,1_1_191_782_2019-09-16 14:09:08.594936,1-1-191-782,AG-4F50,2019-09-16 07:09:22-07:00,2019-09-16 15:03:14-07:00,2019-09-16 12:12:06-07:00,15.773,17.5,70.0,477.0,America/Los_Angeles
jpl,1_1_191_808_2019-09-16 14:11:40.607962,1-1-191-808,AG-4F35,2019-09-16 07:11:41-07:00,2019-09-16 12:09:12-07:00,2019-09-16 12:08:50-07:00,0.964,16.0,40.0,438.0,America/Los_Angeles
jpl,1_1_191_806_2019-09-16 14:13:17.945186,1-1-191-806,AG-4F41,2019-09-16 07:13:18-07:00,2019-09-16 11:23:56-07:00,2019-09-16 10:52:22-07:00,9.86,18.0,40.0,267.0,America/Los_Angeles
jpl,1_1_191_795_2019-09-16 14:13:44.150544,1-1-191-795,AG-4F51,2019-09-16 07:13:44-07:00,2019-09-16 16:12:45-07:00,2019-09-16 15:41:35-07:00,1.0,0.0,0.0,0.0,America/Los_Angeles
jpl,1_1_179_798_2019-09-16 14:13:47.753922,1-1-179-798,AG-3F18,2019-09-16 07:13:57-07:00,2019-09-16 14:08:07-07:00,2019-09-16 12:45:31-07:00,16.674,16.65,50.0,563.0,America/Los_Angeles
jpl,1_1_191_803_2019-09-16 14:13:58.644987,1-1-191-803,AG-4F49,2019-09-16 07:13:59-07:00,2019-09-16 17:59:32-07:00,2019-09-16 10:34:39-07:00,19.902,36.0,90.0,450.0,America/Los_Angeles
jpl,1_1_179_813_2019-09-16 14:15:45.755965,1-1-179-813,AG-3F15,2019-09-16 07:15:46-07:00,2019-09-16 17:17:11-07:00,2019-09-16 10:50:06-07:00,6.739,12.0,30.0,601.0,America/Los_Angeles
jpl,1_1_191_807_2019-09-16 14:16:37.807656,1-1-191-807,AG-4F47,2019-09-16 07:16:38-07:00,2019-09-16 19:19:57-07:00,2019-09-16 11:32:56-07:00,11.933,20.0,50.0,545.0,America/Los_Angeles
jpl,1_1_179_779_2019-09-16 14:18:18.537318,1-1-179-779,AG-3F17,2019-09-16 07:18:19-07:00,2019-09-16 16:56:40-07:00,2019-09-16 16:14:01-07:00,11.902,36.26,140.0,659.0,America/Los_Angeles
jpl,1_1_191_805_2019-09-16 14:18:23.632781,1-1-191-805,AG-4F39,2019-09-16 07:18:24-07:00,2019-09-16 16:10:47-07:00,2019-09-16 14:11:32-07:00,21.513,39.95,170.0,515.0,America/Los_Angeles
jpl,1_1_191_778_2019-09-16 14:18:24.466434,1-1-191-778,AG-4F43,2019-09-16 07:18:24-07:00,2019-09-16 11:42:30-07:00,2019-09-16 10:39:21-07:00,8.322,12.5,50.0,246.0,America/Los_Angeles
jpl,1_1_179_790_2019-09-16 14:24:46.806256,1-1-179-790,AG-3F19,2019-09-16 07:24:47-07:00,2019-09-16 17:10:02-07:00,2019-09-16 16:51:53-07:00,45.026,45.0,180.0,681.0,America/Los_Angeles
jpl,1_1_179_794_2019-09-16 14:24:55.705560,1-1-179-794,AG-3F20,2019-09-16 07:24:56-07:00,2019-09-16 17:32:11-07:00,2019-09-16 13:36:34-07:00,25.04,25.0,100.0,438.0,America/Los_Angeles
jpl,1_1_191_785_2019-09-16 14:26:24.015874,1-1-191-785,AG-4F48,2019-09-16 07:26:24-07:00,2019-09-16 18:21:37-07:00,2019-09-16 14:45:45-07:00,31.719,31.68,110.0,530.0,America/Los_Angeles
jpl,1_1_191_780_2019-09-16 14:27:16.148072,1-1-191-780,AG-4F45,2019-09-16 07:27:16-07:00,2019-09-16 16:14:44-07:00,2019-09-16 12:51:49-07:00,31.484,102.74,220.0,627.0,America/Los_Angeles
jpl,1_1_191_793_2019-09-16 14:29:05.514415,1-1-191-793,AG-4F38,2019-09-16 07:29:06-07:00,2019-09-16 17:17:03-07:00,2019-09-16 17:18:00-07:00,52.982,45.0,180.0,544.0,America/Los_Angeles
jpl,1_1_191_812_2019-09-16 14:31:24.630418,1-1-191-812,AG-4F46,2019-09-16 07:31:25-07:00,2019-09-16 18:08:22-07:00,2019-09-16 17:09:25-07:00,5.246,5.0,20.0,553.0,America/Los_Angeles
jpl,1_1_191_786_2019-09-16 14:32:22.489689,1-1-191-786,AG-4F36,2019-09-16 07:32:22-07:00,2019-09-16 17:29:01-07:00,2019-09-16 11:14:04-07:00,6.588,8.0,20.0,324.0,America/Los_Angeles
jpl,1_1_191_811_2019-09-16 14:32:32.776957,1-1-191-811,AG-4F42,2019-09-16 07:32:33-07:00,2019-09-16 15:39:55-07:00,2019-09-16 11:24:12-07:00,22.734,60.0,150.0,671.0,America/Los_Angeles
jpl,1_1_191_784_2019-09-16 14:33:51.047152,1-1-191-784,AG-4F40,2019-09-16 07:33:51-07:00,2019-09-16 14:25:47-07:00,2019-09-16 09:06:06-07:00,7.392,10.0,40.0,285.0,America/Los_Angeles
jpl,1_1_191_792_2019-09-16 14:33:57.937060,1-1-191-792,AG-4F37,2019-09-16 07:33:58-07:00,2019-09-16 13:43:01-07:00,2019-09-16 12:28:58-07:00,15.188,24.0,60.0,643.0,America/Los_Angeles
jpl,1_1_191_804_2019-09-16 14:35:13.095878,1-1-191-804,AG-4F34,2019-09-16 07:35:13-07:00,2019-09-16 17:18:03-07:00,2019-09-16 10:42:49-07:00,6.215,9.99,30.0,304.0,America/Los_Angeles
jpl,1_1_191_806_2019-09-16 18:30:25.940720,1-1-191-806,AG-4F41,2019-09-16 11:30:26-07:00,2019-09-16 16:56:59-07:00,2019-09-16 13:15:09-07:00,5.901,20.0,50.0,226.0,America/Los_Angeles
jpl,1_1_191_778_2019-09-16 18:47:53.528070,1-1-191-778,AG-4F43,2019-09-16 11:47:54-07:00,2019-09-16 15:40:27-07:00,2019-09-16 15:41:24-07:00,23.614,48.0,160.0,382.0,America/Los_Angeles
jpl,1_1_191_808_2019-09-16 19:09:31.820510,1-1-191-808,AG-4F35,2019-09-16 12:09:32-07:00,2019-09-16 16:32:03-07:00,2019-09-16 16:13:33-07:00,11.528,16.0,40.0,438.0,America/Los_Angeles
jpl,1_1_191_792_2019-09-16 20:56:45.223990,1-1-191-792,AG-4F37,2019-09-16 13:56:45-07:00,2019-09-16 18:01:51-07:00,2019-09-16 17:52:30-07:00,12.273,20.0,50.0,209.0,America/Los_Angeles
jpl,1_1_178_823_2019-09-16 21:20:24.071921,1-1-178-823,AG-1F08,2019-09-16 14:20:24-07:00,2019-09-16 17:19:30-07:00,2019-09-16 15:47:23-07:00,7.573,15.05,50.0,136.0,America/Los_Angeles
jpl,1_1_179_791_2019-09-16 21:22:31.786649,1-1-179-791,AG-3F26,2019-09-16 14:22:32-07:00,2019-09-16 19:37:28-07:00,2019-09-16 17:44:35-07:00,21.014,21.0,60.0,283.0,America/Los_Angeles
jpl,1_1_179_798_2019-09-16 21:23:17.404556,1-1-179-798,AG-3F18,2019-09-16 14:23:17-07:00,2019-09-16 18:06:24-07:00,2019-09-16 18:07:21-07:00,23.515,59.94,180.0,354.0,America/Los_Angeles
jpl,1_1_178_828_2019-09-16 21:46:08.124170,1-1-178-828,AG-1F10,2019-09-16 14:46:08-07:00,2019-09-16 18:14:16-07:00,2019-09-16 17:25:42-07:00,13.266,16.0,40.0,174.0,America/Los_Angeles
jpl,1_1_179_800_2019-09-16 21:49:43.559253,1-1-179-800,AG-3F32,2019-09-16 14:49:44-07:00,2019-09-16 18:49:03-07:00,2019-09-16 16:38:27-07:00,5.386,9.0,20.0,67.0,America/Los_Angeles
jpl,1_1_191_784_2019-09-16 21:52:27.237973,1-1-191-784,AG-4F40,2019-09-16 14:52:27-07:00,2019-09-16 17:12:01-07:00,2019-09-16 16:52:36-07:00,12.744703888888889,12.0,40.0,127.0,America/Los_Angeles
jpl,1_1_193_829_2019-09-16 22:21:45.798633,1-1-193-829,AG-1F03,2019-09-16 15:21:46-07:00,2019-09-16 18:20:16-07:00,2019-09-16 18:21:13-07:00,9.347,20.0,50.0,143.0,America/Los_Angeles
jpl,1_1_191_782_2019-09-16 22:26:18.679102,1-1-191-782,AG-4F50,2019-09-16 15:26:19-07:00,2019-09-16 17:30:57-07:00,2019-09-16 17:02:32-07:00,9.642,16.0,40.0,147.0,America/Los_Angeles
jpl,1_1_194_818_2019-09-16 22:36:27.198368,1-1-194-818,AG-1F14,2019-09-16 15:36:27-07:00,2019-09-16 17:01:15-07:00,2019-09-16 17:02:15-07:00,7.936,28.6,100.0,131.0,America/Los_Angeles
jpl,1_1_194_826_2019-09-16 22:52:44.381368,1-1-194-826,AG-1F11,2019-09-16 15:52:44-07:00,2019-09-16 18:49:17-07:00,2019-09-16 18:13:43-07:00,14.217,15.0,60.0,166.0,America/Los_Angeles
jpl,1_1_191_778_2019-09-16 23:08:18.313846,1-1-191-778,AG-4F43,2019-09-16 16:08:18-07:00,2019-09-16 17:33:14-07:00,2019-09-16 17:34:11-07:00,8.602,24.0,40.0,342.0,America/Los_Angeles
jpl,1_1_178_817_2019-09-16 23:43:02.687235,1-1-178-817,AG-1F09,2019-09-16 16:43:03-07:00,2019-09-16 17:38:05-07:00,2019-09-16 17:39:02-07:00,5.642,60.0,100.0,61.0,America/Los_Angeles
jpl,1_1_191_808_2019-09-17 01:21:16.154985,1-1-191-808,AG-4F35,2019-09-16 18:21:16-07:00,2019-09-16 22:36:53-07:00,2019-09-16 22:21:05-07:00,11.972,15.2,38.0,177.0,America/Los_Angeles
jpl,1_1_178_824_2019-09-17 05:06:19.842191,1-1-178-824,AG-1F07,2019-09-16 22:06:20-07:00,2019-09-16 23:14:50-07:00,2019-09-16 23:15:47-07:00,7.125,20.0,100.0,173.0,America/Los_Angeles
jpl,1_1_178_828_2019-09-17 12:03:45.924429,1-1-178-828,AG-1F10,2019-09-17 05:03:46-07:00,2019-09-17 14:38:39-07:00,2019-09-17 07:18:18-07:00,6.368,10.0,50.0,30.0,America/Los_Angeles
jpl,1_1_178_823_2019-09-17 12:15:27.761694,1-1-178-823,AG-1F08,2019-09-17 05:15:28-07:00,2019-09-17 12:39:03-07:00,2019-09-17 08:01:24-07:00,13.682,20.0,50.0,244.0,America/Los_Angeles
jpl,1_1_194_826_2019-09-17 12:31:56.723001,1-1-194-826,AG-1F11,2019-09-17 05:31:57-07:00,2019-09-17 15:46:02-07:00,2019-09-17 08:36:51-07:00,7.264,6.66,20.0,396.0,America/Los_Angeles
jpl,1_1_178_817_2019-09-17 12:35:01.281936,1-1-178-817,AG-1F09,2019-09-17 05:35:01-07:00,2019-09-17 14:14:48-07:00,2019-09-17 10:18:11-07:00,28.743,43.29,130.0,720.0,America/Los_Angeles
jpl,1_1_191_789_2019-09-17 12:46:07.193451,1-1-191-789,AG-4F52,2019-09-17 05:46:07-07:00,2019-09-17 15:57:04-07:00,2019-09-17 07:53:42-07:00,5.75,7.0,20.0,574.0,America/Los_Angeles
jpl,1_1_193_819_2019-09-17 12:47:47.753676,1-1-193-819,AG-1F06,2019-09-17 05:47:48-07:00,2019-09-17 10:09:39-07:00,2019-09-17 09:32:31-07:00,13.77,20.0,50.0,181.0,America/Los_Angeles
jpl,1_1_179_815_2019-09-17 12:56:16.694206,1-1-179-815,AG-3F33,2019-09-17 05:56:17-07:00,2019-09-17 17:31:57-07:00,2019-09-17 07:50:47-07:00,5.72,24.75,90.0,556.0,America/Los_Angeles
jpl,1_1_179_800_2019-09-17 12:56:40.733153,1-1-179-800,AG-3F32,2019-09-17 05:56:41-07:00,2019-09-17 16:13:20-07:00,2019-09-17 07:35:02-07:00,4.609,8.05,23.0,381.0,America/Los_Angeles
jpl,1_1_193_820_2019-09-17 13:02:31.863615,1-1-193-820,AG-1F04,2019-09-17 06:02:32-07:00,2019-09-17 15:41:25-07:00,2019-09-17 10:25:52-07:00,12.762,18.0,30.0,361.0,America/Los_Angeles
jpl,1_1_178_824_2019-09-17 13:11:09.844169,1-1-178-824,AG-1F07,2019-09-17 06:11:10-07:00,2019-09-17 16:53:53-07:00,2019-09-17 10:05:00-07:00,8.808,15.0,50.0,484.0,America/Los_Angeles
jpl,1_1_193_825_2019-09-17 13:14:52.055057,1-1-193-825,AG-1F01,2019-09-17 06:14:52-07:00,2019-09-17 16:16:25-07:00,2019-09-17 09:32:08-07:00,4.035,12.0,30.0,242.0,America/Los_Angeles
jpl,1_1_179_799_2019-09-17 13:15:39.843790,1-1-179-799,AG-3F25,2019-09-17 06:16:11-07:00,2019-09-17 15:40:53-07:00,2019-09-17 11:15:22-07:00,18.476,21.44,80.0,407.0,America/Los_Angeles
jpl,1_1_193_827_2019-09-17 13:20:29.794566,1-1-193-827,AG-1F02,2019-09-17 06:20:30-07:00,2019-09-17 11:41:54-07:00,2019-09-17 07:35:16-07:00,2.365,4.0,20.0,42.0,America/Los_Angeles
jpl,1_1_179_787_2019-09-17 13:24:47.890546,1-1-179-787,AG-3F16,2019-09-17 06:24:48-07:00,2019-09-17 15:37:05-07:00,2019-09-17 09:05:25-07:00,7.83,16.0,40.0,533.0,America/Los_Angeles
jpl,1_1_193_816_2019-09-17 13:25:36.933184,1-1-193-816,AG-1F05,2019-09-17 06:25:37-07:00,2019-09-17 16:31:38-07:00,2019-09-17 08:49:17-07:00,5.66,8.0,20.0,253.0,America/Los_Angeles
jpl,1_1_193_829_2019-09-17 13:28:06.865077,1-1-193-829,AG-1F03,2019-09-17 06:28:07-07:00,2019-09-17 16:23:49-07:00,2019-09-17 08:45:40-07:00,12.58,60.0,100.0,576.0,America/Los_Angeles
jpl,1_1_191_808_2019-09-17 13:31:56.183119,1-1-191-808,AG-4F35,2019-09-17 06:31:56-07:00,2019-09-17 16:57:51-07:00,2019-09-17 12:08:50-07:00,12.831,16.0,40.0,438.0,America/Los_Angeles
jpl,1_1_179_791_2019-09-17 13:37:19.542307,1-1-179-791,AG-3F26,2019-09-17 06:37:20-07:00,2019-09-17 11:56:23-07:00,2019-09-17 10:10:25-07:00,10.248,12.0,30.0,577.0,America/Los_Angeles
jpl,1_1_179_781_2019-09-17 13:37:58.715125,1-1-179-781,AG-3F31,2019-09-17 06:37:59-07:00,2019-09-17 16:27:30-07:00,2019-09-17 07:10:23-07:00,0.83,0.0,0.0,0.0,America/Los_Angeles
jpl,1_1_179_788_2019-09-17 13:44:46.064006,1-1-179-788,AG-3F22,2019-09-17 06:44:46-07:00,2019-09-17 15:31:51-07:00,2019-09-17 15:04:17-07:00,27.037,27.0,90.0,568.0,America/Los_Angeles
jpl,1_1_179_796_2019-09-17 13:52:35.108487,1-1-179-796,AG-3F24,2019-09-17 06:52:35-07:00,2019-09-17 16:54:16-07:00,2019-09-17 09:14:44-07:00,10.166,28.0,70.0,322.0,America/Los_Angeles
jpl,1_1_179_810_2019-09-17 13:53:47.049991,1-1-179-810,AG-3F30,2019-09-17 06:53:47-07:00,2019-09-17 15:03:57-07:00,2019-09-17 10:43:13-07:00,11.671,17.5,70.0,60.0,America/Los_Angeles
jpl,1_1_191_802_2019-09-17 13:54:07.836050,1-1-191-802,AG-4F44,2019-09-17 06:54:08-07:00,2019-09-17 17:10:12-07:00,2019-09-17 09:40:35-07:00,7.396,12.0,30.0,536.0,America/Los_Angeles
jpl,1_1_194_818_2019-09-17 13:59:37.407906,1-1-194-818,AG-1F14,2019-09-17 06:59:37-07:00,2019-09-17 15:32:50-07:00,2019-09-17 15:04:18-07:00,0.713,0.0,0.0,0.0,America/Los_Angeles
jpl,1_1_194_822_2019-09-17 14:02:43.884434,1-1-194-822,AG-1F12,2019-09-17 07:02:44-07:00,2019-09-17 17:26:02-07:00,2019-09-17 16:58:05-07:00,27.522,27.5,100.0,306.0,America/Los_Angeles
jpl,1_1_179_813_2019-09-17 14:05:23.040686,1-1-179-813,AG-3F15,2019-09-17 07:05:23-07:00,2019-09-17 16:25:37-07:00,2019-09-17 09:50:08-07:00,6.756,12.0,30.0,601.0,America/Los_Angeles
jpl,1_1_179_779_2019-09-17 14:11:40.142288,1-1-179-779,AG-3F17,2019-09-17 07:11:53-07:00,2019-09-17 16:47:33-07:00,2019-09-17 11:45:19-07:00,10.605,11.12,40.0,544.0,America/Los_Angeles
jpl,1_1_179_794_2019-09-17 14:13:02.385416,1-1-179-794,AG-3F20,2019-09-17 07:13:02-07:00,2019-09-17 17:48:37-07:00,2019-09-17 11:25:32-07:00,12.187,15.0,40.0,529.0,America/Los_Angeles
jpl,1_1_179_809_2019-09-17 14:14:09.453275,1-1-179-809,AG-3F27,2019-09-17 07:14:09-07:00,2019-09-17 17:04:09-07:00,2019-09-17 09:29:41-07:00,5.599,8.0,20.0,161.0,America/Los_Angeles
jpl,1_1_191_805_2019-09-17 14:14:50.731302,1-1-191-805,AG-4F39,2019-09-17 07:14:51-07:00,2019-09-17 16:12:57-07:00,2019-09-17 11:26:06-07:00,13.074,39.95,170.0,515.0,America/Los_Angeles
jpl,1_1_179_777_2019-09-17 14:18:06.031255,1-1-179-777,AG-3F28,2019-09-17 07:18:06-07:00,2019-09-17 16:42:32-07:00,2019-09-17 16:09:36-07:00,52.48,63.75,150.0,555.0,America/Los_Angeles
jpl,1_1_179_801_2019-09-17 14:18:12.240062,1-1-179-801,AG-3F21,2019-09-17 07:18:12-07:00,2019-09-17 17:11:41-07:00,2019-09-17 16:30:08-07:00,29.087,35.01,90.0,479.0,America/Los_Angeles
jpl,1_1_191_811_2019-09-17 14:18:51.566237,1-1-191-811,AG-4F42,2019-09-17 07:18:52-07:00,2019-09-17 17:02:29-07:00,2019-09-17 10:47:13-07:00,15.521,22.5,90.0,505.0,America/Los_Angeles
jpl,1_1_179_798_2019-09-17 14:18:52.862489,1-1-179-798,AG-3F18,2019-09-17 07:18:53-07:00,2019-09-17 17:08:09-07:00,2019-09-17 12:34:06-07:00,16.43,25.02,60.0,280.0,America/Los_Angeles
jpl,1_1_191_792_2019-09-17 14:22:24.752048,1-1-191-792,AG-4F37,2019-09-17 07:22:25-07:00,2019-09-17 17:10:18-07:00,2019-09-17 10:49:47-07:00,10.581,20.0,50.0,531.0,America/Los_Angeles
jpl,1_1_191_782_2019-09-17 14:24:12.218808,1-1-191-782,AG-4F50,2019-09-17 07:24:12-07:00,2019-09-17 17:17:44-07:00,2019-09-17 09:52:04-07:00,10.665,24.0,40.0,342.0,America/Los_Angeles
jpl,1_1_179_790_2019-09-17 14:25:14.471717,1-1-179-790,AG-3F19,2019-09-17 07:25:14-07:00,2019-09-17 16:46:52-07:00,2019-09-17 12:02:04-07:00,10.632,8.0,20.0,324.0,America/Los_Angeles
jpl,1_1_179_797_2019-09-17 14:27:35.095572,1-1-179-797,AG-3F23,2019-09-17 07:27:50-07:00,2019-09-17 16:36:03-07:00,2019-09-17 16:37:00-07:00,16.346,16.65,50.0,563.0,America/Los_Angeles
jpl,1_1_179_783_2019-09-17 14:27:55.884636,1-1-179-783,AG-3F29,2019-09-17 07:27:56-07:00,2019-09-17 16:34:42-07:00,2019-09-17 11:20:44-07:00,14.339,18.0,30.0,458.0,America/Los_Angeles
jpl,1_1_191_778_2019-09-17 14:28:51.570056,1-1-191-778,AG-4F43,2019-09-17 07:28:52-07:00,2019-09-17 16:52:31-07:00,2019-09-17 16:27:59-07:00,18.632,36.26,140.0,60.0,America/Los_Angeles
jpl,1_1_191_806_2019-09-17 14:32:55.724355,1-1-191-806,AG-4F41,2019-09-17 07:32:56-07:00,2019-09-17 15:49:27-07:00,2019-09-17 13:16:23-07:00,14.798,16.65,50.0,267.0,America/Los_Angeles
jpl,1_1_191_803_2019-09-17 14:36:37.734358,1-1-191-803,AG-4F49,2019-09-17 07:36:38-07:00,2019-09-17 17:37:27-07:00,2019-09-17 09:44:08-07:00,12.315,26.0,130.0,516.0,America/Los_Angeles
jpl,1_1_191_784_2019-09-17 14:39:14.132601,1-1-191-784,AG-4F40,2019-09-17 07:39:14-07:00,2019-09-17 18:08:10-07:00,2019-09-17 12:16:14-07:00,28.963,37.5,150.0,444.0,America/Los_Angeles
jpl,1_1_191_807_2019-09-17 14:39:20.804820,1-1-191-807,AG-4F47,2019-09-17 07:39:21-07:00,2019-09-17 17:21:04-07:00,2019-09-17 13:27:44-07:00,16.901,20.0,50.0,496.0,America/Los_Angeles
jpl,1_1_191_795_2019-09-17 14:41:22.763220,1-1-191-795,AG-4F51,2019-09-17 07:41:23-07:00,2019-09-17 15:41:37-07:00,2019-09-17 09:54:09-07:00,5.516,9.0,20.0,67.0,America/Los_Angeles
jpl,1_1_191_780_2019-09-17 14:43:29.196773,1-1-191-780,AG-4F45,2019-09-17 07:43:29-07:00,2019-09-17 17:13:27-07:00,2019-09-17 16:15:37-07:00,18.047,18.0,30.0,564.0,America/Los_Angeles
jpl,1_1_191_785_2019-09-17 14:46:40.586911,1-1-191-785,AG-4F48,2019-09-17 07:46:30-07:00,2019-09-17 16:59:03-07:00,2019-09-17 10:46:53-07:00,5.063,7.5,20.0,225.0,America/Los_Angeles
jpl,1_1_191_812_2019-09-17 14:48:25.124577,1-1-191-812,AG-4F46,2019-09-17 07:48:25-07:00,2019-09-17 17:39:59-07:00,2019-09-17 12:52:20-07:00,23.596,4.16,20.0,417.0,America/Los_Angeles
jpl,1_1_191_804_2019-09-17 14:51:51.816130,1-1-191-804,AG-4F34,2019-09-17 07:51:52-07:00,2019-09-17 12:54:57-07:00,2019-09-17 12:24:14-07:00,9.812,6.66,20.0,246.0,America/Los_Angeles
jpl,1_1_191_786_2019-09-17 14:57:15.742453,1-1-191-786,AG-4F36,2019-09-17 07:57:16-07:00,2019-09-17 17:56:31-07:00,2019-09-17 17:36:30-07:00,5.032,5.0,20.0,553.0,America/Los_Angeles
jpl,1_1_191_793_2019-09-17 14:59:22.295724,1-1-191-793,AG-4F38,2019-09-17 07:59:22-07:00,2019-09-17 19:20:51-07:00,2019-09-17 15:55:03-07:00,46.173,51.68,170.0,369.0,America/Los_Angeles
jpl,1_1_193_819_2019-09-17 17:31:51.337750,1-1-193-819,AG-1F06,2019-09-17 10:31:51-07:00,2019-09-17 20:09:26-07:00,2019-09-17 13:37:37-07:00,8.868,12.0,30.0,177.0,America/Los_Angeles
jpl,1_1_193_827_2019-09-17 18:45:38.789943,1-1-193-827,AG-1F02,2019-09-17 11:45:39-07:00,2019-09-17 19:05:17-07:00,2019-09-17 15:43:22-07:00,6.106,9.99,30.0,425.0,America/Los_Angeles
jpl,1_1_179_791_2019-09-17 19:00:04.495553,1-1-179-791,AG-3F26,2019-09-17 12:00:04-07:00,2019-09-17 16:36:15-07:00,2019-09-17 14:35:37-07:00,10.593,15.0,40.0,219.0,America/Los_Angeles
jpl,1_1_178_823_2019-09-17 19:45:21.605752,1-1-178-823,AG-1F08,2019-09-17 12:45:22-07:00,2019-09-17 17:54:26-07:00,2019-09-17 13:17:34-07:00,2.976,12.0,30.0,450.0,America/Los_Angeles
jpl,1_1_191_804_2019-09-17 19:59:20.496810,1-1-191-804,AG-4F34,2019-09-17 12:59:20-07:00,2019-09-17 17:31:43-07:00,2019-09-17 17:32:43-07:00,30.218579722222223,44.27,190.0,515.0,America/Los_Angeles
jpl,1_1_178_817_2019-09-17 22:02:44.812745,1-1-178-817,AG-1F09,2019-09-17 15:02:45-07:00,2019-09-17 18:35:37-07:00,2019-09-17 16:53:42-07:00,9.949,29.12,80.0,517.0,America/Los_Angeles
jpl,1_1_178_828_2019-09-17 22:04:59.384640,1-1-178-828,AG-1F10,2019-09-17 15:04:59-07:00,2019-09-17 15:46:02-07:00,2019-09-17 15:46:59-07:00,2.455,12.0,30.0,69.0,America/Los_Angeles
jpl,1_1_179_810_2019-09-17 22:11:57.149735,1-1-179-810,AG-3F30,2019-09-17 15:11:57-07:00,2019-09-17 18:15:31-07:00,2019-09-17 16:51:37-07:00,8.61,8.58,30.0,65.0,America/Los_Angeles
jpl,1_1_179_788_2019-09-17 22:35:07.638727,1-1-179-788,AG-3F22,2019-09-17 15:35:08-07:00,2019-09-17 19:44:07-07:00,2019-09-17 18:14:41-07:00,16.264,16.25,50.0,208.0,America/Los_Angeles
jpl,1_1_194_818_2019-09-17 22:39:51.736486,1-1-194-818,AG-1F14,2019-09-17 15:39:52-07:00,2019-09-17 18:36:44-07:00,2019-09-17 18:37:41-07:00,9.9,16.0,40.0,160.0,America/Los_Angeles
jpl,1_1_179_787_2019-09-17 22:41:41.047750,1-1-179-787,AG-3F16,2019-09-17 15:41:41-07:00,2019-09-17 16:53:20-07:00,2019-09-17 16:54:17-07:00,7.177,20.0,50.0,93.0,America/Los_Angeles
jpl,1_1_191_806_2019-09-17 22:52:04.537546,1-1-191-806,AG-4F41,2019-09-17 15:52:18-07:00,2019-09-17 18:31:13-07:00,2019-09-17 18:02:49-07:00,12.84,16.65,50.0,171.0,America/Los_Angeles
jpl,1_1_178_828_2019-09-17 23:08:45.820342,1-1-178-828,AG-1F10,2019-09-17 16:08:46-07:00,2019-09-17 17:33:17-07:00,2019-09-17 17:34:14-07:00,8.734,39.96,120.0,344.0,America/Los_Angeles
jpl,1_1_193_820_2019-09-17 23:12:56.964613,1-1-193-820,AG-1F04,2019-09-17 16:12:57-07:00,2019-09-17 17:48:07-07:00,2019-09-17 16:46:05-07:00,0.712,0.0,0.0,0.0,America/Los_Angeles
jpl,1_1_194_826_2019-09-17 23:21:22.492348,1-1-194-826,AG-1F11,2019-09-17 16:21:22-07:00,2019-09-17 20:03:22-07:00,2019-09-17 20:04:19-07:00,22.193,5.56,20.0,60.0,America/Los_Angeles
jpl,1_1_193_816_2019-09-17 23:35:46.103295,1-1-193-816,AG-1F05,2019-09-17 16:35:46-07:00,2019-09-17 19:42:30-07:00,2019-09-17 19:43:30-07:00,17.124,20.79,90.0,179.0,America/Los_Angeles
jpl,1_1_178_824_2019-09-18 00:13:55.279278,1-1-178-824,AG-1F07,2019-09-17 17:13:55-07:00,2019-09-17 19:15:49-07:00,2019-09-17 19:16:46-07:00,10.793,20.0,100.0,173.0,America/Los_Angeles
jpl,1_1_194_822_2019-09-18 00:32:25.052297,1-1-194-822,AG-1F12,2019-09-17 17:32:47-07:00,2019-09-18 00:23:24-07:00,2019-09-17 19:42:51-07:00,6.32,22.84,40.0,277.0,America/Los_Angeles
jpl,1_1_179_810_2019-09-18 01:40:48.513727,1-1-179-810,AG-3F30,2019-09-17 18:40:49-07:00,2019-09-17 21:18:58-07:00,2019-09-17 21:19:58-07:00,16.934,17.5,70.0,154.0,America/Los_Angeles
jpl,1_1_178_828_2019-09-18 12:05:32.529552,1-1-178-828,AG-1F10,2019-09-18 05:05:33-07:00,2019-09-18 14:59:09-07:00,2019-09-18 06:44:33-07:00,4.437,10.0,50.0,30.0,America/Los_Angeles
jpl,1_1_178_817_2019-09-18 12:23:07.703748,1-1-178-817,AG-1F09,2019-09-18 05:23:08-07:00,2019-09-18 15:37:45-07:00,2019-09-18 14:19:14-07:00,44.732,43.29,130.0,720.0,America/Los_Angeles
jpl,1_1_193_825_2019-09-18 12:38:16.769174,1-1-193-825,AG-1F01,2019-09-18 05:38:17-07:00,2019-09-18 15:42:39-07:00,2019-09-18 08:12:35-07:00,13.963,60.0,100.0,547.0,America/Los_Angeles
jpl,1_1_194_826_2019-09-18 12:39:30.014037,1-1-194-826,AG-1F11,2019-09-18 05:39:30-07:00,2019-09-18 09:13:33-07:00,2019-09-18 08:47:57-07:00,0.918,6.66,20.0,137.0,America/Los_Angeles
jpl,1_1_178_823_2019-09-18 12:44:56.729284,1-1-178-823,AG-1F08,2019-09-18 05:44:57-07:00,2019-09-18 15:33:45-07:00,2019-09-18 09:18:49-07:00,9.784,24.0,40.0,575.0,America/Los_Angeles
jpl,1_1_191_789_2019-09-18 12:46:07.618752,1-1-191-789,AG-4F52,2019-09-18 05:46:08-07:00,2019-09-18 15:53:37-07:00,2019-09-18 08:03:18-07:00,5.803,7.0,20.0,574.0,America/Los_Angeles
jpl,1_1_193_819_2019-09-18 12:51:55.641427,1-1-193-819,AG-1F06,2019-09-18 05:51:56-07:00,2019-09-18 14:09:19-07:00,2019-09-18 08:43:38-07:00,13.49,20.0,50.0,181.0,America/Los_Angeles
jpl,1_1_193_829_2019-09-18 13:00:07.523394,1-1-193-829,AG-1F03,2019-09-18 06:00:08-07:00,2019-09-18 14:03:39-07:00,2019-09-18 11:54:06-07:00,7.288,12.0,30.0,242.0,America/Los_Angeles
jpl,1_1_193_820_2019-09-18 13:03:30.855912,1-1-193-820,AG-1F04,2019-09-18 06:03:31-07:00,2019-09-18 15:10:37-07:00,2019-09-18 10:42:33-07:00,12.883,18.0,30.0,361.0,America/Los_Angeles
jpl,1_1_193_816_2019-09-18 13:11:44.246969,1-1-193-816,AG-1F05,2019-09-18 06:11:57-07:00,2019-09-18 11:10:40-07:00,2019-09-18 11:11:36-07:00,21.441,28.0,70.0,319.0,America/Los_Angeles
jpl,1_1_179_799_2019-09-18 13:13:52.255260,1-1-179-799,AG-3F25,2019-09-18 06:14:13-07:00,2019-09-18 15:50:54-07:00,2019-09-18 11:37:23-07:00,18.908,21.44,80.0,289.0,America/Los_Angeles
jpl,1_1_178_824_2019-09-18 13:15:09.196191,1-1-178-824,AG-1F07,2019-09-18 06:15:09-07:00,2019-09-18 16:51:07-07:00,2019-09-18 09:02:52-07:00,5.757,8.0,20.0,253.0,America/Los_Angeles
jpl,1_1_193_827_2019-09-18 13:22:57.449059,1-1-193-827,AG-1F02,2019-09-18 06:22:57-07:00,2019-09-18 15:40:14-07:00,2019-09-18 09:47:23-07:00,7.415,16.0,40.0,533.0,America/Los_Angeles
jpl,1_1_191_808_2019-09-18 13:25:10.530427,1-1-191-808,AG-4F35,2019-09-18 06:25:11-07:00,2019-09-18 16:39:23-07:00,2019-09-18 12:18:17-07:00,13.556,16.0,40.0,438.0,America/Los_Angeles
jpl,1_1_179_800_2019-09-18 13:28:04.298297,1-1-179-800,AG-3F32,2019-09-18 06:28:04-07:00,2019-09-18 15:42:08-07:00,2019-09-18 13:26:32-07:00,12.003,12.0,60.0,386.0,America/Los_Angeles
jpl,1_1_179_815_2019-09-18 13:28:43.387523,1-1-179-815,AG-3F33,2019-09-18 06:28:43-07:00,2019-09-18 15:38:39-07:00,2019-09-18 10:24:09-07:00,9.806,12.0,30.0,577.0,America/Los_Angeles
jpl,1_1_194_821_2019-09-18 13:38:49.095888,1-1-194-821,AG-1F13,2019-09-18 06:38:49-07:00,2019-09-18 15:24:19-07:00,2019-09-18 10:52:10-07:00,11.545,20.0,50.0,545.0,America/Los_Angeles
jpl,1_1_179_797_2019-09-18 13:40:44.858318,1-1-179-797,AG-3F23,2019-09-18 06:40:45-07:00,2019-09-18 17:59:20-07:00,2019-09-18 08:29:24-07:00,5.165,24.75,90.0,556.0,America/Los_Angeles
jpl,1_1_179_796_2019-09-18 13:41:17.098464,1-1-179-796,AG-3F24,2019-09-18 06:41:17-07:00,2019-09-18 16:31:01-07:00,2019-09-18 15:54:35-07:00,19.675,35.01,90.0,479.0,America/Los_Angeles
jpl,1_1_179_787_2019-09-18 13:43:06.987568,1-1-179-787,AG-3F16,2019-09-18 06:43:07-07:00,2019-09-18 17:06:48-07:00,2019-09-18 09:48:06-07:00,6.774,12.0,30.0,601.0,America/Los_Angeles
jpl,1_1_179_783_2019-09-18 13:46:17.547427,1-1-179-783,AG-3F29,2019-09-18 06:46:18-07:00,2019-09-18 16:10:52-07:00,2019-09-18 08:24:07-07:00,3.117,8.0,20.0,118.0,America/Los_Angeles
jpl,1_1_194_818_2019-09-18 13:52:51.106367,1-1-194-818,AG-1F14,2019-09-18 06:52:51-07:00,2019-09-18 16:21:57-07:00,2019-09-18 16:22:55-07:00,55.253,70.0,200.0,560.0,America/Los_Angeles
jpl,1_1_179_794_2019-09-18 13:53:16.857294,1-1-179-794,AG-3F20,2019-09-18 06:53:17-07:00,2019-09-18 12:22:19-07:00,2019-09-18 11:53:35-07:00,21.014,21.0,70.0,485.0,America/Los_Angeles
jpl,1_1_179_809_2019-09-18 13:56:13.464260,1-1-179-809,AG-3F27,2019-09-18 06:56:13-07:00,2019-09-18 17:05:00-07:00,2019-09-18 17:05:57-07:00,32.872,35.0,140.0,544.0,America/Los_Angeles
jpl,1_1_194_822_2019-09-18 13:58:15.909669,1-1-194-822,AG-1F12,2019-09-18 06:58:16-07:00,2019-09-18 15:43:34-07:00,2019-09-18 11:22:07-07:00,0.75,0.0,0.0,0.0,America/Los_Angeles
jpl,1_1_179_810_2019-09-18 14:00:40.176966,1-1-179-810,AG-3F30,2019-09-18 07:00:40-07:00,2019-09-18 17:24:13-07:00,2019-09-18 08:43:53-07:00,7.095,24.0,60.0,545.0,America/Los_Angeles
jpl,1_1_179_777_2019-09-18 14:02:39.428587,1-1-179-777,AG-3F28,2019-09-18 07:02:39-07:00,2019-09-18 16:50:21-07:00,2019-09-18 09:25:52-07:00,14.517,65.2,200.0,548.0,America/Los_Angeles
jpl,1_1_179_801_2019-09-18 14:06:50.857649,1-1-179-801,AG-3F21,2019-09-18 07:06:51-07:00,2019-09-18 18:37:28-07:00,2019-09-18 12:43:17-07:00,34.959,40.04,140.0,720.0,America/Los_Angeles
jpl,1_1_191_785_2019-09-18 14:08:00.377350,1-1-191-785,AG-4F48,2019-09-18 07:08:00-07:00,2019-09-18 16:58:37-07:00,2019-09-18 10:24:48-07:00,7.386,12.0,30.0,536.0,America/Los_Angeles
jpl,1_1_179_790_2019-09-18 14:08:29.678445,1-1-179-790,AG-3F19,2019-09-18 07:08:30-07:00,2019-09-18 16:06:16-07:00,2019-09-18 11:18:06-07:00,8.04,8.0,20.0,448.0,America/Los_Angeles
jpl,1_1_179_798_2019-09-18 14:08:38.682318,1-1-179-798,AG-3F18,2019-09-18 07:08:39-07:00,2019-09-18 16:48:16-07:00,2019-09-18 15:10:22-07:00,10.394,28.0,70.0,322.0,America/Los_Angeles
jpl,1_1_179_788_2019-09-18 14:11:03.127282,1-1-179-788,AG-3F22,2019-09-18 07:11:03-07:00,2019-09-18 16:31:49-07:00,2019-09-18 11:03:35-07:00,13.62,20.0,50.0,416.0,America/Los_Angeles
jpl,1_1_179_779_2019-09-18 14:11:29.278745,1-1-179-779,AG-3F17,2019-09-18 07:11:29-07:00,2019-09-18 16:13:59-07:00,2019-09-18 14:59:44-07:00,44.02,36.0,180.0,492.0,America/Los_Angeles
jpl,1_1_191_803_2019-09-18 14:13:38.089939,1-1-191-803,AG-4F49,2019-09-18 07:13:38-07:00,2019-09-18 18:07:12-07:00,2019-09-18 17:30:35-07:00,60.752,65.0,260.0,631.0,America/Los_Angeles
jpl,1_1_191_782_2019-09-18 14:14:02.743910,1-1-191-782,AG-4F50,2019-09-18 07:14:13-07:00,2019-09-18 14:56:16-07:00,2019-09-18 11:34:20-07:00,11.188,12.5,50.0,457.0,America/Los_Angeles
jpl,1_1_191_812_2019-09-18 14:21:49.038675,1-1-191-812,AG-4F46,2019-09-18 07:21:49-07:00,2019-09-18 18:12:43-07:00,2019-09-18 12:40:55-07:00,14.432,14.4,50.0,530.0,America/Los_Angeles
jpl,1_1_179_813_2019-09-18 14:21:55.889707,1-1-179-813,AG-3F15,2019-09-18 07:21:56-07:00,2019-09-18 17:20:00-07:00,2019-09-18 17:20:57-07:00,49.399,60.5,220.0,567.0,America/Los_Angeles
jpl,1_1_191_778_2019-09-18 14:22:29.558481,1-1-191-778,AG-4F43,2019-09-18 07:22:30-07:00,2019-09-18 16:54:02-07:00,2019-09-18 12:03:06-07:00,12.288,20.0,50.0,430.0,America/Los_Angeles
jpl,1_1_191_806_2019-09-18 14:22:56.323923,1-1-191-806,AG-4F41,2019-09-18 07:22:56-07:00,2019-09-18 17:45:50-07:00,2019-09-18 12:50:47-07:00,12.001,15.0,40.0,529.0,America/Los_Angeles
jpl,1_1_191_811_2019-09-18 14:24:54.304897,1-1-191-811,AG-4F42,2019-09-18 07:24:54-07:00,2019-09-18 16:58:06-07:00,2019-09-18 16:36:42-07:00,18.979,33.67,130.0,445.0,America/Los_Angeles
jpl,1_1_191_802_2019-09-18 14:24:59.988261,1-1-191-802,AG-4F44,2019-09-18 07:25:00-07:00,2019-09-18 17:32:16-07:00,2019-09-18 12:41:12-07:00,21.466,30.0,120.0,228.0,America/Los_Angeles
jpl,1_1_191_795_2019-09-18 14:25:13.091679,1-1-191-795,AG-4F51,2019-09-18 07:25:13-07:00,2019-09-18 17:52:34-07:00,2019-09-18 13:07:41-07:00,13.946,16.65,50.0,590.0,America/Los_Angeles
jpl,1_1_191_792_2019-09-18 14:33:07.415472,1-1-191-792,AG-4F37,2019-09-18 07:33:07-07:00,2019-09-18 16:58:33-07:00,2019-09-18 11:09:10-07:00,7.898,10.0,40.0,285.0,America/Los_Angeles
jpl,1_1_191_784_2019-09-18 14:33:11.488486,1-1-191-784,AG-4F40,2019-09-18 07:33:11-07:00,2019-09-18 16:38:51-07:00,2019-09-18 13:53:50-07:00,37.01,63.75,150.0,555.0,America/Los_Angeles
jpl,1_1_191_807_2019-09-18 14:33:17.794583,1-1-191-807,AG-4F47,2019-09-18 07:33:18-07:00,2019-09-18 16:40:16-07:00,2019-09-18 16:02:32-07:00,54.529,56.0,160.0,450.0,America/Los_Angeles
jpl,1_1_191_805_2019-09-18 14:35:27.636157,1-1-191-805,AG-4F39,2019-09-18 07:35:28-07:00,2019-09-18 14:11:30-07:00,2019-09-18 13:07:06-07:00,14.766,16.65,50.0,267.0,America/Los_Angeles
jpl,1_1_191_786_2019-09-18 14:36:14.324665,1-1-191-786,AG-4F36,2019-09-18 07:36:14-07:00,2019-09-18 18:13:07-07:00,2019-09-18 18:04:13-07:00,5.055,5.0,20.0,553.0,America/Los_Angeles
jpl,1_1_191_780_2019-09-18 14:40:11.960683,1-1-191-780,AG-4F45,2019-09-18 07:40:12-07:00,2019-09-18 11:33:41-07:00,2019-09-18 10:49:39-07:00,18.999,36.0,60.0,564.0,America/Los_Angeles
jpl,1_1_191_793_2019-09-18 14:42:49.159726,1-1-191-793,AG-4F38,2019-09-18 07:42:49-07:00,2019-09-18 16:48:17-07:00,2019-09-18 16:49:14-07:00,54.967,70.08,240.0,651.0,America/Los_Angeles
jpl,1_1_191_804_2019-09-18 14:44:15.535468,1-1-191-804,AG-4F34,2019-09-18 07:44:29-07:00,2019-09-18 16:33:43-07:00,2019-09-18 16:31:42-07:00,16.336,16.65,50.0,518.0,America/Los_Angeles
jpl,1_1_194_826_2019-09-18 16:13:37.327584,1-1-194-826,AG-1F11,2019-09-18 09:13:37-07:00,2019-09-18 13:23:31-07:00,2019-09-18 11:41:37-07:00,6.788,6.66,20.0,179.0,America/Los_Angeles
jpl,1_1_193_816_2019-09-18 18:18:36.606934,1-1-193-816,AG-1F05,2019-09-18 11:18:37-07:00,2019-09-18 16:49:22-07:00,2019-09-18 13:13:50-07:00,6.055,20.0,50.0,320.0,America/Los_Angeles
jpl,1_1_191_780_2019-09-18 18:54:14.737164,1-1-191-780,AG-4F45,2019-09-18 11:54:15-07:00,2019-09-18 14:15:39-07:00,2019-09-18 13:20:46-07:00,3.734,15.0,30.0,182.0,America/Los_Angeles
jpl,1_1_179_781_2019-09-18 18:54:22.786768,1-1-179-781,AG-3F31,2019-09-18 11:54:25-07:00,2019-09-18 16:13:19-07:00,2019-09-18 16:14:16-07:00,26.567,102.74,220.0,627.0,America/Los_Angeles
jpl,1_1_179_794_2019-09-18 19:26:19.540854,1-1-179-794,AG-3F20,2019-09-18 12:26:20-07:00,2019-09-18 17:19:54-07:00,2019-09-18 13:19:21-07:00,5.002,37.5,150.0,444.0,America/Los_Angeles
jpl,1_1_194_826_2019-09-18 20:35:28.389014,1-1-194-826,AG-1F11,2019-09-18 13:35:28-07:00,2019-09-18 17:03:05-07:00,2019-09-18 16:18:27-07:00,9.635,15.65,50.0,197.0,America/Los_Angeles
jpl,1_1_193_829_2019-09-18 21:08:42.485781,1-1-193-829,AG-1F03,2019-09-18 14:08:42-07:00,2019-09-18 17:38:05-07:00,2019-09-18 17:10:28-07:00,15.663,20.97,90.0,241.0,America/Los_Angeles
jpl,1_1_193_819_2019-09-18 21:18:17.037419,1-1-193-819,AG-1F06,2019-09-18 14:18:17-07:00,2019-09-18 16:40:31-07:00,2019-09-18 16:11:58-07:00,5.6,12.0,30.0,182.0,America/Los_Angeles
jpl,1_1_191_780_2019-09-18 21:22:01.527209,1-1-191-780,AG-4F45,2019-09-18 14:22:02-07:00,2019-09-18 17:10:09-07:00,2019-09-18 17:11:06-07:00,15.962,16.0,40.0,150.0,America/Los_Angeles
jpl,1_1_191_805_2019-09-18 21:23:11.777774,1-1-191-805,AG-4F39,2019-09-18 14:23:12-07:00,2019-09-18 17:52:38-07:00,2019-09-18 16:40:13-07:00,6.809,20.0,50.0,162.0,America/Los_Angeles
jpl,1_1_191_782_2019-09-18 22:05:27.668328,1-1-191-782,AG-4F50,2019-09-18 15:05:28-07:00,2019-09-18 17:54:03-07:00,2019-09-18 17:51:55-07:00,12.548,15.0,40.0,145.0,America/Los_Angeles
jpl,1_1_193_820_2019-09-18 22:29:47.927076,1-1-193-820,AG-1F04,2019-09-18 15:29:48-07:00,2019-09-18 18:59:15-07:00,2019-09-18 18:32:05-07:00,15.289,60.0,100.0,61.0,America/Los_Angeles
jpl,1_1_178_823_2019-09-18 22:35:20.196042,1-1-178-823,AG-1F08,2019-09-18 15:35:20-07:00,2019-09-18 18:37:08-07:00,2019-09-18 18:38:08-07:00,7.914,16.0,40.0,160.0,America/Los_Angeles
jpl,1_1_178_817_2019-09-18 22:39:15.454455,1-1-178-817,AG-1F09,2019-09-18 15:39:15-07:00,2019-09-18 18:10:39-07:00,2019-09-18 18:11:39-07:00,11.25,17.52,60.0,177.0,America/Los_Angeles
jpl,1_1_179_815_2019-09-18 22:46:31.169900,1-1-179-815,AG-3F33,2019-09-18 15:46:45-07:00,2019-09-18 18:12:05-07:00,2019-09-18 17:58:59-07:00,12.91,16.65,50.0,171.0,America/Los_Angeles
jpl,1_1_193_827_2019-09-18 22:48:03.188830,1-1-193-827,AG-1F02,2019-09-18 15:48:03-07:00,2019-09-18 21:06:20-07:00,2019-09-18 21:07:17-07:00,32.844,27.72,120.0,259.0,America/Los_Angeles
jpl,1_1_193_825_2019-09-18 22:49:21.136367,1-1-193-825,AG-1F01,2019-09-18 15:49:21-07:00,2019-09-18 19:51:11-07:00,2019-09-18 18:58:59-07:00,9.403,20.0,50.0,496.0,America/Los_Angeles
jpl,1_1_179_800_2019-09-18 22:53:42.581007,1-1-179-800,AG-3F32,2019-09-18 15:53:50-07:00,2019-09-18 18:55:10-07:00,2019-09-18 18:40:01-07:00,8.614,36.0,90.0,328.0,America/Los_Angeles
jpl,1_1_194_822_2019-09-18 22:55:07.478871,1-1-194-822,AG-1F12,2019-09-18 15:55:07-07:00,2019-09-18 17:52:18-07:00,2019-09-18 17:53:18-07:00,8.17,14.3,50.0,126.0,America/Los_Angeles
jpl,1_1_194_821_2019-09-18 23:22:10.521644,1-1-194-821,AG-1F13,2019-09-18 16:22:11-07:00,2019-09-18 17:39:05-07:00,2019-09-18 17:24:32-07:00,1.49,8.0,20.0,448.0,America/Los_Angeles
jpl,1_1_193_819_2019-09-18 23:41:21.222157,1-1-193-819,AG-1F06,2019-09-18 16:41:21-07:00,2019-09-18 17:40:59-07:00,2019-09-18 17:13:38-07:00,0.844,0.0,0.0,0.0,America/Los_Angeles
jpl,1_1_191_789_2019-09-19 00:00:54.592529,1-1-191-789,AG-4F52,2019-09-18 17:00:55-07:00,2019-09-18 19:07:28-07:00,2019-09-18 19:08:25-07:00,13.27,39.96,120.0,344.0,America/Los_Angeles
jpl,1_1_193_819_2019-09-19 00:48:44.333527,1-1-193-819,AG-1F06,2019-09-18 17:48:44-07:00,2019-09-18 20:11:47-07:00,2019-09-18 20:12:44-07:00,13.154,63.94,230.0,75.0,America/Los_Angeles
jpl,1_1_178_823_2019-09-19 03:58:27.798985,1-1-178-823,AG-1F08,2019-09-18 20:58:28-07:00,2019-09-19 00:43:48-07:00,2019-09-18 22:48:03-07:00,5.687,10.0,20.0,211.0,America/Los_Angeles
jpl,1_1_194_822_2019-09-19 04:49:11.628251,1-1-194-822,AG-1F12,2019-09-18 21:49:12-07:00,2019-09-19 02:05:16-07:00,2019-09-19 02:06:13-07:00,25.853,5.34,20.0,225.0,America/Los_Angeles
jpl,1_1_178_828_2019-09-19 12:06:00.088346,1-1-178-828,AG-1F10,2019-09-19 05:06:00-07:00,2019-09-19 14:43:15-07:00,2019-09-19 07:36:22-07:00,6.367,10.0,50.0,30.0,America/Los_Angeles
jpl,1_1_178_823_2019-09-19 12:36:20.169983,1-1-178-823,AG-1F08,2019-09-19 05:36:20-07:00,2019-09-19 14:41:00-07:00,2019-09-19 09:32:13-07:00,13.512,20.0,50.0,244.0,America/Los_Angeles
jpl,1_1_191_789_2019-09-19 12:40:45.071733,1-1-191-789,AG-4F52,2019-09-19 05:40:45-07:00,2019-09-19 17:12:29-07:00,2019-09-19 07:45:14-07:00,5.731,7.0,20.0,574.0,America/Los_Angeles
jpl,1_1_178_817_2019-09-19 12:42:10.239054,1-1-178-817,AG-1F09,2019-09-19 05:42:10-07:00,2019-09-19 17:16:43-07:00,2019-09-19 12:24:33-07:00,36.171,59.94,180.0,599.0,America/Los_Angeles
jpl,1_1_193_819_2019-09-19 12:44:06.234550,1-1-193-819,AG-1F06,2019-09-19 05:44:06-07:00,2019-09-19 15:33:58-07:00,2019-09-19 09:48:47-07:00,10.094,24.0,40.0,575.0,America/Los_Angeles
jpl,1_1_193_820_2019-09-19 12:50:50.155600,1-1-193-820,AG-1F04,2019-09-19 05:50:50-07:00,2019-09-19 11:35:47-07:00,2019-09-19 09:21:10-07:00,13.539,20.0,50.0,181.0,America/Los_Angeles
jpl,1_1_194_826_2019-09-19 12:55:19.438713,1-1-194-826,AG-1F11,2019-09-19 05:55:19-07:00,2019-09-19 17:40:19-07:00,2019-09-19 15:18:33-07:00,33.676,37.5,150.0,332.0,America/Los_Angeles
jpl,1_1_178_824_2019-09-19 13:01:48.537094,1-1-178-824,AG-1F07,2019-09-19 06:01:49-07:00,2019-09-19 15:05:57-07:00,2019-09-19 10:50:22-07:00,12.894,18.0,30.0,361.0,America/Los_Angeles
jpl,1_1_193_825_2019-09-19 13:07:14.398745,1-1-193-825,AG-1F01,2019-09-19 06:07:14-07:00,2019-09-19 15:39:02-07:00,2019-09-19 15:39:59-07:00,7.508,12.0,30.0,242.0,America/Los_Angeles
jpl,1_1_193_816_2019-09-19 13:10:10.817697,1-1-193-816,AG-1F05,2019-09-19 06:10:11-07:00,2019-09-19 16:09:57-07:00,2019-09-19 09:45:18-07:00,13.368,60.0,100.0,596.0,America/Los_Angeles
jpl,1_1_179_799_2019-09-19 13:11:01.964587,1-1-179-799,AG-3F25,2019-09-19 06:11:32-07:00,2019-09-19 14:41:31-07:00,2019-09-19 11:35:25-07:00,19.201,21.44,80.0,289.0,America/Los_Angeles
jpl,1_1_193_829_2019-09-19 13:13:30.770768,1-1-193-829,AG-1F03,2019-09-19 06:13:31-07:00,2019-09-19 15:59:49-07:00,2019-09-19 09:26:46-07:00,6.058,6.0,30.0,386.0,America/Los_Angeles
jpl,1_1_191_785_2019-09-19 13:24:31.509323,1-1-191-785,AG-4F48,2019-09-19 06:24:31-07:00,2019-09-19 16:54:27-07:00,2019-09-19 09:01:59-07:00,7.754,12.0,30.0,615.0,America/Los_Angeles
jpl,1_1_194_818_2019-09-19 13:27:29.649318,1-1-194-818,AG-1F14,2019-09-19 06:27:30-07:00,2019-09-19 16:21:22-07:00,2019-09-19 13:40:36-07:00,32.018,126.0,210.0,706.0,America/Los_Angeles
jpl,1_1_179_787_2019-09-19 13:28:55.377552,1-1-179-787,AG-3F16,2019-09-19 06:28:55-07:00,2019-09-19 15:38:43-07:00,2019-09-19 09:20:10-07:00,7.536,16.0,40.0,533.0,America/Los_Angeles
jpl,1_1_194_822_2019-09-19 13:29:37.860734,1-1-194-822,AG-1F12,2019-09-19 06:29:38-07:00,2019-09-19 16:11:40-07:00,2019-09-19 09:48:56-07:00,6.119,8.0,20.0,253.0,America/Los_Angeles
jpl,1_1_179_810_2019-09-19 13:32:56.645006,1-1-179-810,AG-3F30,2019-09-19 06:32:57-07:00,2019-09-19 16:01:11-07:00,2019-09-19 10:03:08-07:00,10.74,15.0,50.0,484.0,America/Los_Angeles
jpl,1_1_194_821_2019-09-19 13:36:27.159080,1-1-194-821,AG-1F13,2019-09-19 06:36:27-07:00,2019-09-19 10:37:02-07:00,2019-09-19 07:52:12-07:00,2.463,4.0,20.0,42.0,America/Los_Angeles
jpl,1_1_179_800_2019-09-19 13:36:52.499701,1-1-179-800,AG-3F32,2019-09-19 06:36:52-07:00,2019-09-19 18:25:01-07:00,2019-09-19 09:29:46-07:00,5.678,8.0,20.0,448.0,America/Los_Angeles
jpl,1_1_191_808_2019-09-19 13:40:27.852698,1-1-191-808,AG-4F35,2019-09-19 06:40:28-07:00,2019-09-19 17:09:28-07:00,2019-09-19 12:15:31-07:00,12.809,16.0,40.0,438.0,America/Los_Angeles
jpl,1_1_179_783_2019-09-19 13:41:33.789049,1-1-179-783,AG-3F29,2019-09-19 06:41:34-07:00,2019-09-19 15:45:58-07:00,2019-09-19 08:51:42-07:00,5.098,8.0,20.0,118.0,America/Los_Angeles
jpl,1_1_179_788_2019-09-19 13:41:58.078997,1-1-179-788,AG-3F22,2019-09-19 06:41:58-07:00,2019-09-19 15:30:02-07:00,2019-09-19 12:01:04-07:00,17.066,39.95,170.0,515.0,America/Los_Angeles
jpl,1_1_179_781_2019-09-19 13:44:16.289625,1-1-179-781,AG-3F31,2019-09-19 06:44:16-07:00,2019-09-19 16:52:11-07:00,2019-09-19 15:09:06-07:00,52.97,62.5,250.0,557.0,America/Los_Angeles
jpl,1_1_193_827_2019-09-19 13:46:23.963637,1-1-193-827,AG-1F02,2019-09-19 06:46:24-07:00,2019-09-19 18:13:35-07:00,2019-09-19 10:00:46-07:00,4.871,8.0,20.0,483.0,America/Los_Angeles
jpl,1_1_179_797_2019-09-19 13:51:06.978734,1-1-179-797,AG-3F23,2019-09-19 06:51:07-07:00,2019-09-19 16:24:53-07:00,2019-09-19 08:30:39-07:00,4.619,24.75,90.0,556.0,America/Los_Angeles
jpl,1_1_179_796_2019-09-19 13:53:45.677936,1-1-179-796,AG-3F24,2019-09-19 06:53:46-07:00,2019-09-19 18:42:57-07:00,2019-09-19 09:37:16-07:00,10.767,28.0,70.0,322.0,America/Los_Angeles
jpl,1_1_179_791_2019-09-19 13:58:07.977680,1-1-179-791,AG-3F26,2019-09-19 06:58:08-07:00,2019-09-19 16:21:51-07:00,2019-09-19 14:45:28-07:00,37.223,56.0,160.0,173.0,America/Los_Angeles
jpl,1_1_179_813_2019-09-19 13:58:21.056289,1-1-179-813,AG-3F15,2019-09-19 06:58:21-07:00,2019-09-19 16:52:25-07:00,2019-09-19 10:16:20-07:00,6.808,12.0,30.0,601.0,America/Los_Angeles
jpl,1_1_179_794_2019-09-19 14:04:13.897988,1-1-179-794,AG-3F20,2019-09-19 07:04:14-07:00,2019-09-19 17:55:30-07:00,2019-09-19 11:24:40-07:00,12.104,15.0,40.0,529.0,America/Los_Angeles
jpl,1_1_179_779_2019-09-19 14:08:39.702341,1-1-179-779,AG-3F17,2019-09-19 07:08:40-07:00,2019-09-19 14:33:50-07:00,2019-09-19 14:32:45-07:00,11.134,11.12,40.0,423.0,America/Los_Angeles
jpl,1_1_179_798_2019-09-19 14:09:52.034183,1-1-179-798,AG-3F18,2019-09-19 07:10:02-07:00,2019-09-19 16:39:00-07:00,2019-09-19 16:39:57-07:00,16.373,16.65,50.0,564.0,America/Los_Angeles
jpl,1_1_179_777_2019-09-19 14:11:34.689668,1-1-179-777,AG-3F28,2019-09-19 07:11:35-07:00,2019-09-19 18:19:16-07:00,2019-09-19 13:39:39-07:00,23.803,30.0,120.0,228.0,America/Los_Angeles
jpl,1_1_179_801_2019-09-19 14:15:54.869995,1-1-179-801,AG-3F21,2019-09-19 07:15:55-07:00,2019-09-19 16:37:12-07:00,2019-09-19 15:53:06-07:00,51.975,69.0,230.0,512.0,America/Los_Angeles
jpl,1_1_191_812_2019-09-19 14:19:03.341668,1-1-191-812,AG-4F46,2019-09-19 07:19:03-07:00,2019-09-19 16:52:10-07:00,2019-09-19 11:28:00-07:00,10.521,11.52,40.0,530.0,America/Los_Angeles
jpl,1_1_191_802_2019-09-19 14:20:47.810198,1-1-191-802,AG-4F44,2019-09-19 07:20:48-07:00,2019-09-19 16:40:19-07:00,2019-09-19 11:29:45-07:00,13.234,33.36,80.0,503.0,America/Los_Angeles
jpl,1_1_179_809_2019-09-19 14:20:50.767907,1-1-179-809,AG-3F27,2019-09-19 07:20:51-07:00,2019-09-19 17:10:07-07:00,2019-09-19 09:50:37-07:00,5.707,8.0,20.0,161.0,America/Los_Angeles
jpl,1_1_191_803_2019-09-19 14:21:54.206568,1-1-191-803,AG-4F49,2019-09-19 07:21:54-07:00,2019-09-19 16:37:53-07:00,2019-09-19 16:38:53-07:00,26.115,27.5,100.0,306.0,America/Los_Angeles
jpl,1_1_179_790_2019-09-19 14:22:48.889046,1-1-179-790,AG-3F19,2019-09-19 07:22:49-07:00,2019-09-19 12:25:24-07:00,2019-09-19 11:55:01-07:00,23.634,156.0,260.0,713.0,America/Los_Angeles
jpl,1_1_191_778_2019-09-19 14:24:08.468750,1-1-191-778,AG-4F43,2019-09-19 07:24:08-07:00,2019-09-19 11:43:11-07:00,2019-09-19 09:46:45-07:00,7.738,12.5,50.0,246.0,America/Los_Angeles
jpl,1_1_191_782_2019-09-19 14:24:39.410365,1-1-191-782,AG-4F50,2019-09-19 07:24:39-07:00,2019-09-19 16:39:07-07:00,2019-09-19 16:40:04-07:00,56.859,62.5,250.0,518.0,America/Los_Angeles
jpl,1_1_191_795_2019-09-19 14:24:44.667840,1-1-191-795,AG-4F51,2019-09-19 07:24:45-07:00,2019-09-19 11:29:36-07:00,2019-09-19 11:30:36-07:00,13.826,12.0,30.0,450.0,America/Los_Angeles
jpl,1_1_191_807_2019-09-19 14:25:48.090268,1-1-191-807,AG-4F47,2019-09-19 07:25:48-07:00,2019-09-19 17:05:36-07:00,2019-09-19 11:13:56-07:00,13.65,24.0,40.0,342.0,America/Los_Angeles
jpl,1_1_191_780_2019-09-19 14:26:36.029996,1-1-191-780,AG-4F45,2019-09-19 07:26:36-07:00,2019-09-19 16:14:31-07:00,2019-09-19 12:59:25-07:00,33.177,102.74,220.0,627.0,America/Los_Angeles
jpl,1_1_191_805_2019-09-19 14:26:58.977864,1-1-191-805,AG-4F39,2019-09-19 07:26:59-07:00,2019-09-19 15:03:07-07:00,2019-09-19 13:18:39-07:00,15.663,16.0,40.0,451.0,America/Los_Angeles
jpl,1_1_191_811_2019-09-19 14:27:20.248745,1-1-191-811,AG-4F42,2019-09-19 07:27:20-07:00,2019-09-19 17:14:30-07:00,2019-09-19 14:07:21-07:00,27.535,27.5,110.0,438.0,America/Los_Angeles
jpl,1_1_191_786_2019-09-19 14:27:49.507171,1-1-191-786,AG-4F36,2019-09-19 07:27:49-07:00,2019-09-19 17:02:11-07:00,2019-09-19 12:52:42-07:00,11.488,8.0,20.0,324.0,America/Los_Angeles
jpl,1_1_191_784_2019-09-19 14:29:58.345744,1-1-191-784,AG-4F40,2019-09-19 07:29:58-07:00,2019-09-19 18:32:48-07:00,2019-09-19 14:22:59-07:00,10.036,10.0,40.0,553.0,America/Los_Angeles
jpl,1_1_191_793_2019-09-19 14:30:13.898593,1-1-191-793,AG-4F38,2019-09-19 07:30:14-07:00,2019-09-19 17:35:42-07:00,2019-09-19 11:12:11-07:00,10.517,18.0,40.0,267.0,America/Los_Angeles
jpl,1_1_191_792_2019-09-19 14:32:47.698247,1-1-191-792,AG-4F37,2019-09-19 07:32:48-07:00,2019-09-19 16:34:11-07:00,2019-09-19 11:15:25-07:00,13.393,20.0,50.0,416.0,America/Los_Angeles
jpl,1_1_191_806_2019-09-19 14:33:19.926779,1-1-191-806,AG-4F41,2019-09-19 07:33:20-07:00,2019-09-19 17:09:46-07:00,2019-09-19 10:58:46-07:00,18.273,30.0,50.0,564.0,America/Los_Angeles
jpl,1_1_191_804_2019-09-19 14:33:38.574707,1-1-191-804,AG-4F34,2019-09-19 07:33:39-07:00,2019-09-19 18:41:12-07:00,2019-09-19 11:42:00-07:00,11.751,15.2,38.0,243.0,America/Los_Angeles
jpl,1_1_194_821_2019-09-19 17:49:34.745353,1-1-194-821,AG-1F13,2019-09-19 10:49:35-07:00,2019-09-19 15:45:39-07:00,2019-09-19 12:51:54-07:00,6.14,16.0,40.0,308.0,America/Los_Angeles
jpl,1_1_191_795_2019-09-19 18:33:35.991688,1-1-191-795,AG-4F51,2019-09-19 11:33:36-07:00,2019-09-19 19:07:18-07:00,2019-09-19 15:29:29-07:00,6.042,9.99,30.0,454.0,America/Los_Angeles
jpl,1_1_193_820_2019-09-19 18:38:55.925657,1-1-193-820,AG-1F04,2019-09-19 11:38:56-07:00,2019-09-19 16:28:42-07:00,2019-09-19 13:31:59-07:00,9.534,17.52,60.0,177.0,America/Los_Angeles
jpl,1_1_191_778_2019-09-19 18:54:55.993637,1-1-191-778,AG-4F43,2019-09-19 11:54:56-07:00,2019-09-19 15:38:26-07:00,2019-09-19 15:39:23-07:00,22.78,48.0,160.0,382.0,America/Los_Angeles
jpl,1_1_179_790_2019-09-19 19:35:38.557662,1-1-179-790,AG-3F19,2019-09-19 12:35:39-07:00,2019-09-19 13:47:23-07:00,2019-09-19 13:48:23-07:00,7.387,19.2,80.0,164.0,America/Los_Angeles
jpl,1_1_179_790_2019-09-19 20:56:41.979050,1-1-179-790,AG-3F19,2019-09-19 13:56:57-07:00,2019-09-19 23:20:05-07:00,2019-09-19 22:17:04-07:00,51.834,60.0,240.0,548.0,America/Los_Angeles
jpl,1_1_178_823_2019-09-19 21:43:01.173412,1-1-178-823,AG-1F08,2019-09-19 14:43:06-07:00,2019-09-19 16:24:28-07:00,2019-09-19 16:25:28-07:00,4.364,90.0,250.0,401.0,America/Los_Angeles
jpl,1_1_178_824_2019-09-19 22:18:21.862184,1-1-178-824,AG-1F07,2019-09-19 15:18:22-07:00,2019-09-19 17:38:19-07:00,2019-09-19 16:58:45-07:00,9.614,16.0,40.0,156.0,America/Los_Angeles
jpl,1_1_178_828_2019-09-19 22:32:03.163940,1-1-178-828,AG-1F10,2019-09-19 15:32:03-07:00,2019-09-19 15:51:29-07:00,2019-09-19 15:52:26-07:00,1.711,6.02,20.0,30.0,America/Los_Angeles
jpl,1_1_193_819_2019-09-19 22:40:33.207321,1-1-193-819,AG-1F06,2019-09-19 15:40:44-07:00,2019-09-19 17:50:26-07:00,2019-09-19 17:46:39-07:00,10.541,16.65,50.0,171.0,America/Los_Angeles
jpl,1_1_191_778_2019-09-19 22:45:20.695183,1-1-191-778,AG-4F43,2019-09-19 15:45:36-07:00,2019-09-19 16:43:20-07:00,2019-09-19 16:44:20-07:00,6.062,22.0,80.0,254.0,America/Los_Angeles
jpl,1_1_179_799_2019-09-19 22:46:09.030615,1-1-179-799,AG-3F25,2019-09-19 15:46:09-07:00,2019-09-19 19:57:46-07:00,2019-09-19 19:41:58-07:00,12.21,20.0,50.0,227.0,America/Los_Angeles
jpl,1_1_193_825_2019-09-19 22:46:55.020556,1-1-193-825,AG-1F01,2019-09-19 15:46:55-07:00,2019-09-19 18:30:35-07:00,2019-09-19 18:31:32-07:00,9.286,16.0,40.0,151.0,America/Los_Angeles
jpl,1_1_194_821_2019-09-19 22:55:46.339252,1-1-194-821,AG-1F13,2019-09-19 15:55:46-07:00,2019-09-19 17:51:57-07:00,2019-09-19 17:52:54-07:00,7.694,8.0,20.0,246.0,America/Los_Angeles
jpl,1_1_179_783_2019-09-19 22:57:43.688678,1-1-179-783,AG-3F29,2019-09-19 15:57:44-07:00,2019-09-19 17:28:53-07:00,2019-09-19 17:29:50-07:00,9.067,40.0,100.0,374.0,America/Los_Angeles
jpl,1_1_179_788_2019-09-19 23:03:10.697771,1-1-179-788,AG-3F22,2019-09-19 16:03:24-07:00,2019-09-19 18:27:10-07:00,2019-09-19 18:28:07-07:00,15.161,10.0,40.0,114.0,America/Los_Angeles
jpl,1_1_193_829_2019-09-19 23:15:03.510082,1-1-193-829,AG-1F03,2019-09-19 16:15:03-07:00,2019-09-19 17:33:01-07:00,2019-09-19 17:33:58-07:00,4.698,14.3,50.0,101.0,America/Los_Angeles
jpl,1_1_179_810_2019-09-19 23:15:46.291039,1-1-179-810,AG-3F30,2019-09-19 16:15:46-07:00,2019-09-19 19:33:32-07:00,2019-09-19 19:34:32-07:00,20.583,21.0,70.0,198.0,America/Los_Angeles
jpl,1_1_178_828_2019-09-19 23:20:39.057873,1-1-178-828,AG-1F10,2019-09-19 16:20:39-07:00,2019-09-19 18:44:21-07:00,2019-09-19 18:23:38-07:00,10.487,12.0,40.0,291.0,America/Los_Angeles
jpl,1_1_193_816_2019-09-19 23:20:47.613251,1-1-193-816,AG-1F05,2019-09-19 16:20:48-07:00,2019-09-19 16:55:52-07:00,2019-09-19 16:49:04-07:00,1.912,6.02,20.0,32.0,America/Los_Angeles
jpl,1_1_178_823_2019-09-19 23:28:35.610894,1-1-178-823,AG-1F08,2019-09-19 16:28:36-07:00,2019-09-19 18:35:05-07:00,2019-09-19 18:36:02-07:00,6.711,20.0,50.0,162.0,America/Los_Angeles
jpl,1_1_194_821_2019-09-20 02:30:00.846209,1-1-194-821,AG-1F13,2019-09-19 19:30:01-07:00,2019-09-19 22:10:59-07:00,2019-09-19 22:11:56-07:00,8.88,12.0,30.0,70.0,America/Los_Angeles
jpl,1_1_178_824_2019-09-20 02:42:35.189196,1-1-178-824,AG-1F07,2019-09-19 19:42:35-07:00,2019-09-19 20:27:31-07:00,2019-09-19 20:28:31-07:00,2.359,4.5,20.0,64.0,America/Los_Angeles
jpl,1_1_178_823_2019-09-20 04:41:01.021170,1-1-178-823,AG-1F08,2019-09-19 21:41:01-07:00,2019-09-20 00:39:36-07:00,2019-09-19 23:29:17-07:00,5.491,10.0,20.0,171.0,America/Los_Angeles
jpl,1_1_178_828_2019-09-20 12:06:27.758133,1-1-178-828,AG-1F10,2019-09-20 05:06:28-07:00,2019-09-20 13:41:19-07:00,2019-09-20 07:30:55-07:00,6.409,10.0,50.0,30.0,America/Los_Angeles
jpl,1_1_178_823_2019-09-20 12:11:02.592940,1-1-178-823,AG-1F08,2019-09-20 05:11:03-07:00,2019-09-20 11:51:45-07:00,2019-09-20 08:47:33-07:00,13.689,20.0,50.0,181.0,America/Los_Angeles
jpl,1_1_178_817_2019-09-20 12:33:49.346393,1-1-178-817,AG-1F09,2019-09-20 05:33:49-07:00,2019-09-20 16:58:43-07:00,2019-09-20 11:50:15-07:00,38.74,59.94,180.0,599.0,America/Los_Angeles
jpl,1_1_191_789_2019-09-20 12:36:25.068439,1-1-191-789,AG-4F52,2019-09-20 05:36:25-07:00,2019-09-20 12:15:05-07:00,2019-09-20 07:38:44-07:00,5.806,7.0,20.0,574.0,America/Los_Angeles
jpl,1_1_193_819_2019-09-20 12:42:27.236544,1-1-193-819,AG-1F06,2019-09-20 05:42:27-07:00,2019-09-20 13:56:17-07:00,2019-09-20 09:24:21-07:00,10.62,24.0,40.0,575.0,America/Los_Angeles
jpl,1_1_194_826_2019-09-20 12:47:14.580116,1-1-194-826,AG-1F11,2019-09-20 05:47:15-07:00,2019-09-20 16:04:39-07:00,2019-09-20 09:32:37-07:00,7.167,6.66,20.0,416.0,America/Los_Angeles
jpl,1_1_193_829_2019-09-20 13:00:45.726761,1-1-193-829,AG-1F03,2019-09-20 06:00:46-07:00,2019-09-20 11:29:09-07:00,2019-09-20 11:30:06-07:00,24.476,32.62,140.0,423.0,America/Los_Angeles
jpl,1_1_179_799_2019-09-20 13:03:07.629850,1-1-179-799,AG-3F25,2019-09-20 06:03:08-07:00,2019-09-20 11:46:46-07:00,2019-09-20 11:47:46-07:00,23.73,30.0,100.0,324.0,America/Los_Angeles
jpl,1_1_194_822_2019-09-20 13:03:52.969614,1-1-194-822,AG-1F12,2019-09-20 06:03:53-07:00,2019-09-20 18:33:01-07:00,2019-09-20 11:45:54-07:00,13.806,18.75,50.0,681.0,America/Los_Angeles
jpl,1_1_193_825_2019-09-20 13:04:32.527686,1-1-193-825,AG-1F01,2019-09-20 06:04:33-07:00,2019-09-20 15:03:42-07:00,2019-09-20 09:07:17-07:00,6.865,12.0,30.0,242.0,America/Los_Angeles
jpl,1_1_193_816_2019-09-20 13:14:19.039055,1-1-193-816,AG-1F05,2019-09-20 06:14:19-07:00,2019-09-20 12:48:04-07:00,2019-09-20 11:22:43-07:00,12.004,12.0,20.0,720.0,America/Los_Angeles
jpl,1_1_178_824_2019-09-20 13:15:27.388056,1-1-178-824,AG-1F07,2019-09-20 06:15:27-07:00,2019-09-20 15:08:30-07:00,2019-09-20 09:06:43-07:00,5.726,8.0,20.0,253.0,America/Los_Angeles
jpl,1_1_193_827_2019-09-20 13:28:04.201789,1-1-193-827,AG-1F02,2019-09-20 06:28:04-07:00,2019-09-20 15:24:59-07:00,2019-09-20 09:17:01-07:00,13.621,60.0,100.0,525.0,America/Los_Angeles
jpl,1_1_193_820_2019-09-20 13:28:43.771593,1-1-193-820,AG-1F04,2019-09-20 06:28:44-07:00,2019-09-20 10:52:10-07:00,2019-09-20 07:45:56-07:00,2.38,4.0,20.0,42.0,America/Los_Angeles
jpl,1_1_194_818_2019-09-20 13:29:37.513969,1-1-194-818,AG-1F14,2019-09-20 06:29:47-07:00,2019-09-20 11:17:47-07:00,2019-09-20 10:42:44-07:00,10.041,64.8,180.0,261.0,America/Los_Angeles
jpl,1_1_179_788_2019-09-20 13:34:29.547885,1-1-179-788,AG-3F22,2019-09-20 06:34:30-07:00,2019-09-20 14:32:19-07:00,2019-09-20 12:10:28-07:00,21.024,21.0,70.0,485.0,America/Los_Angeles
jpl,1_1_179_815_2019-09-20 13:35:01.720420,1-1-179-815,AG-3F33,2019-09-20 06:35:02-07:00,2019-09-20 17:24:31-07:00,2019-09-20 08:33:44-07:00,4.408,8.05,23.0,513.0,America/Los_Angeles
jpl,1_1_191_785_2019-09-20 13:35:57.047104,1-1-191-785,AG-4F48,2019-09-20 06:35:57-07:00,2019-09-20 16:49:19-07:00,2019-09-20 08:59:25-07:00,7.9,12.0,30.0,615.0,America/Los_Angeles
jpl,1_1_179_781_2019-09-20 13:42:13.827847,1-1-179-781,AG-3F31,2019-09-20 06:42:14-07:00,2019-09-20 17:51:45-07:00,2019-09-20 11:11:36-07:00,12.284,20.0,50.0,478.0,America/Los_Angeles
jpl,1_1_179_797_2019-09-20 13:46:11.093540,1-1-179-797,AG-3F23,2019-09-20 06:46:11-07:00,2019-09-20 15:52:42-07:00,2019-09-20 09:07:47-07:00,7.003,24.75,90.0,556.0,America/Los_Angeles
jpl,1_1_179_794_2019-09-20 13:51:17.387791,1-1-179-794,AG-3F20,2019-09-20 06:51:17-07:00,2019-09-20 15:47:06-07:00,2019-09-20 10:55:07-07:00,12.969,39.95,170.0,515.0,America/Los_Angeles
jpl,1_1_194_821_2019-09-20 13:51:33.408273,1-1-194-821,AG-1F13,2019-09-20 06:51:33-07:00,2019-09-20 16:21:28-07:00,2019-09-20 10:14:32-07:00,6.509,12.0,30.0,601.0,America/Los_Angeles
jpl,1_1_179_796_2019-09-20 13:52:10.866534,1-1-179-796,AG-3F24,2019-09-20 06:52:11-07:00,2019-09-20 14:52:14-07:00,2019-09-20 14:40:46-07:00,31.763,35.01,90.0,406.0,America/Los_Angeles
jpl,1_1_191_808_2019-09-20 13:56:05.256106,1-1-191-808,AG-4F35,2019-09-20 06:56:05-07:00,2019-09-20 16:47:08-07:00,2019-09-20 12:19:07-07:00,13.314,16.0,40.0,438.0,America/Los_Angeles
jpl,1_1_179_809_2019-09-20 13:56:13.607206,1-1-179-809,AG-3F27,2019-09-20 06:56:28-07:00,2019-09-20 16:08:54-07:00,2019-09-20 15:48:50-07:00,12.033,12.0,20.0,375.0,America/Los_Angeles
jpl,1_1_179_783_2019-09-20 14:00:08.926402,1-1-179-783,AG-3F29,2019-09-20 07:00:09-07:00,2019-09-20 10:37:25-07:00,2019-09-20 09:56:31-07:00,13.231,28.0,70.0,500.0,America/Los_Angeles
jpl,1_1_179_787_2019-09-20 14:01:23.054070,1-1-179-787,AG-3F16,2019-09-20 07:01:34-07:00,2019-09-20 15:06:08-07:00,2019-09-20 15:02:49-07:00,16.172,16.65,50.0,478.0,America/Los_Angeles
jpl,1_1_179_777_2019-09-20 14:03:57.246848,1-1-179-777,AG-3F28,2019-09-20 07:03:57-07:00,2019-09-20 11:41:54-07:00,2019-09-20 11:42:51-07:00,25.549,45.0,180.0,681.0,America/Los_Angeles
jpl,1_1_179_779_2019-09-20 14:05:22.717073,1-1-179-779,AG-3F17,2019-09-20 07:05:23-07:00,2019-09-20 15:05:49-07:00,2019-09-20 11:47:02-07:00,12.079,8.0,20.0,324.0,America/Los_Angeles
jpl,1_1_179_798_2019-09-20 14:11:05.346764,1-1-179-798,AG-3F18,2019-09-20 07:11:05-07:00,2019-09-20 16:05:51-07:00,2019-09-20 10:23:06-07:00,10.351,29.12,80.0,517.0,America/Los_Angeles
jpl,1_1_191_806_2019-09-20 14:13:43.348333,1-1-191-806,AG-4F41,2019-09-20 07:13:43-07:00,2019-09-20 19:13:25-07:00,2019-09-20 11:20:18-07:00,10.523,18.0,40.0,267.0,America/Los_Angeles
jpl,1_1_179_791_2019-09-20 14:13:26.311159,1-1-179-791,AG-3F26,2019-09-20 07:13:49-07:00,2019-09-20 14:56:36-07:00,2019-09-20 11:33:37-07:00,11.965,12.5,50.0,457.0,America/Los_Angeles
jpl,1_1_179_801_2019-09-20 14:19:16.079533,1-1-179-801,AG-3F21,2019-09-20 07:19:16-07:00,2019-09-20 17:10:58-07:00,2019-09-20 16:53:40-07:00,33.496,35.75,130.0,567.0,America/Los_Angeles
jpl,1_1_191_803_2019-09-20 14:22:25.475516,1-1-191-803,AG-4F49,2019-09-20 07:22:25-07:00,2019-09-20 16:40:53-07:00,2019-09-20 10:01:00-07:00,16.133,32.0,80.0,300.0,America/Los_Angeles
jpl,1_1_191_782_2019-09-20 14:22:45.304517,1-1-191-782,AG-4F50,2019-09-20 07:23:01-07:00,2019-09-20 15:21:53-07:00,2019-09-20 10:15:11-07:00,12.296,16.65,50.0,171.0,America/Los_Angeles
jpl,1_1_179_790_2019-09-20 14:24:00.118081,1-1-179-790,AG-3F19,2019-09-20 07:24:00-07:00,2019-09-20 15:35:01-07:00,2019-09-20 15:19:48-07:00,10.55,28.0,70.0,322.0,America/Los_Angeles
jpl,1_1_179_813_2019-09-20 14:24:25.547002,1-1-179-813,AG-3F15,2019-09-20 07:24:26-07:00,2019-09-20 16:24:30-07:00,2019-09-20 16:25:27-07:00,43.524,45.0,180.0,506.0,America/Los_Angeles
jpl,1_1_191_795_2019-09-20 14:25:59.019552,1-1-191-795,AG-4F51,2019-09-20 07:25:59-07:00,2019-09-20 21:11:14-07:00,2019-09-20 18:27:39-07:00,5.033,10.0,40.0,553.0,America/Los_Angeles
jpl,1_1_179_810_2019-09-20 14:27:50.259728,1-1-179-810,AG-3F30,2019-09-20 07:27:50-07:00,2019-09-20 14:00:40-07:00,2019-09-20 10:42:36-07:00,19.723,102.74,220.0,627.0,America/Los_Angeles
jpl,1_1_191_778_2019-09-20 14:28:09.051921,1-1-191-778,AG-4F43,2019-09-20 07:28:09-07:00,2019-09-20 16:51:25-07:00,2019-09-20 12:01:24-07:00,5.692,10.0,20.0,601.0,America/Los_Angeles
jpl,1_1_191_807_2019-09-20 14:31:10.618653,1-1-191-807,AG-4F47,2019-09-20 07:31:11-07:00,2019-09-20 15:47:38-07:00,2019-09-20 15:48:35-07:00,47.478,70.0,200.0,452.0,America/Los_Angeles
jpl,1_1_191_802_2019-09-20 14:31:30.182045,1-1-191-802,AG-4F44,2019-09-20 07:31:30-07:00,2019-09-20 18:39:15-07:00,2019-09-20 11:45:23-07:00,16.511,16.5,60.0,306.0,America/Los_Angeles
jpl,1_1_191_812_2019-09-20 14:33:57.700170,1-1-191-812,AG-4F46,2019-09-20 07:33:58-07:00,2019-09-20 11:48:24-07:00,2019-09-20 11:31:41-07:00,24.699,52.5,210.0,437.0,America/Los_Angeles
jpl,1_1_191_805_2019-09-20 14:35:11.248194,1-1-191-805,AG-4F39,2019-09-20 07:35:11-07:00,2019-09-20 16:20:25-07:00,2019-09-20 10:13:55-07:00,6.17,9.99,30.0,304.0,America/Los_Angeles
jpl,1_1_191_811_2019-09-20 14:37:03.509766,1-1-191-811,AG-4F42,2019-09-20 07:37:03-07:00,2019-09-20 18:27:32-07:00,2019-09-20 09:07:51-07:00,3.163,10.0,20.0,305.0,America/Los_Angeles
jpl,1_1_191_780_2019-09-20 14:42:53.027809,1-1-191-780,AG-4F45,2019-09-20 07:42:53-07:00,2019-09-20 17:09:33-07:00,2019-09-20 11:18:40-07:00,12.732,4.16,20.0,417.0,America/Los_Angeles
jpl,1_1_191_793_2019-09-20 14:43:00.900602,1-1-191-793,AG-4F38,2019-09-20 07:43:01-07:00,2019-09-20 16:34:21-07:00,2019-09-20 09:24:47-07:00,10.159,60.0,150.0,671.0,America/Los_Angeles
jpl,1_1_191_804_2019-09-20 14:43:09.830779,1-1-191-804,AG-4F34,2019-09-20 07:43:10-07:00,2019-09-20 16:31:17-07:00,2019-09-20 13:59:16-07:00,37.365,48.0,160.0,638.0,America/Los_Angeles
jpl,1_1_191_784_2019-09-20 14:43:10.251139,1-1-191-784,AG-4F40,2019-09-20 07:43:10-07:00,2019-09-20 14:08:15-07:00,2019-09-20 10:52:01-07:00,0.815,0.0,0.0,0.0,America/Los_Angeles
jpl,1_1_191_786_2019-09-20 14:44:26.037940,1-1-191-786,AG-4F36,2019-09-20 07:44:26-07:00,2019-09-20 16:06:29-07:00,2019-09-20 09:22:43-07:00,4.936,24.0,40.0,342.0,America/Los_Angeles
jpl,1_1_191_792_2019-09-20 14:45:12.676995,1-1-191-792,AG-4F37,2019-09-20 07:45:13-07:00,2019-09-20 17:00:08-07:00,2019-09-20 10:37:23-07:00,4.913,7.5,20.0,225.0,America/Los_Angeles
jpl,1_1_179_783_2019-09-20 18:05:39.473960,1-1-179-783,AG-3F29,2019-09-20 11:05:39-07:00,2019-09-20 19:10:10-07:00,2019-09-20 17:22:37-07:00,38.408,51.68,170.0,387.0,America/Los_Angeles
jpl,1_1_194_818_2019-09-20 18:20:40.567484,1-1-194-818,AG-1F14,2019-09-20 11:20:41-07:00,2019-09-20 16:28:54-07:00,2019-09-20 16:29:51-07:00,25.606,25.02,90.0,94.0,America/Los_Angeles
jpl,1_1_193_820_2019-09-20 18:26:19.630366,1-1-193-820,AG-1F04,2019-09-20 11:26:20-07:00,2019-09-20 20:16:09-07:00,2019-09-20 19:02:49-07:00,39.902,43.89,190.0,415.0,America/Los_Angeles
jpl,1_1_191_812_2019-09-20 18:55:06.034117,1-1-191-812,AG-4F46,2019-09-20 11:55:06-07:00,2019-09-20 14:41:51-07:00,2019-09-20 14:42:48-07:00,17.034,65.2,200.0,186.0,America/Los_Angeles
jpl,1_1_179_777_2019-09-20 18:58:34.819372,1-1-179-777,AG-3F28,2019-09-20 11:58:35-07:00,2019-09-20 17:00:34-07:00,2019-09-20 13:26:33-07:00,8.135,17.52,60.0,177.0,America/Los_Angeles
jpl,1_1_178_823_2019-09-20 19:02:54.699453,1-1-178-823,AG-1F08,2019-09-20 12:02:55-07:00,2019-09-20 14:04:09-07:00,2019-09-20 12:18:38-07:00,1.299,18.0,30.0,458.0,America/Los_Angeles
jpl,1_1_193_829_2019-09-20 19:10:15.921364,1-1-193-829,AG-1F03,2019-09-20 12:10:16-07:00,2019-09-20 17:54:05-07:00,2019-09-20 17:35:12-07:00,26.704,90.0,150.0,61.0,America/Los_Angeles
jpl,1_1_179_799_2019-09-20 19:15:43.328709,1-1-179-799,AG-3F25,2019-09-20 12:15:43-07:00,2019-09-20 16:26:53-07:00,2019-09-20 16:03:59-07:00,23.985,15.0,50.0,170.0,America/Los_Angeles
jpl,1_1_191_789_2019-09-20 19:48:42.813096,1-1-191-789,AG-4F52,2019-09-20 12:48:43-07:00,2019-09-20 17:39:36-07:00,2019-09-20 13:07:43-07:00,1.622,12.5,50.0,437.0,America/Los_Angeles
jpl,1_1_193_816_2019-09-20 19:51:32.494559,1-1-193-816,AG-1F05,2019-09-20 12:51:32-07:00,2019-09-20 16:19:33-07:00,2019-09-20 16:17:17-07:00,12.674,15.0,40.0,160.0,America/Los_Angeles
jpl,1_1_193_819_2019-09-20 21:02:00.169191,1-1-193-819,AG-1F06,2019-09-20 14:02:00-07:00,2019-09-20 16:41:24-07:00,2019-09-20 16:42:21-07:00,8.795,20.0,50.0,203.0,America/Los_Angeles
jpl,1_1_179_810_2019-09-20 21:04:08.441087,1-1-179-810,AG-3F30,2019-09-20 14:04:08-07:00,2019-09-20 19:26:29-07:00,2019-09-20 18:59:35-07:00,31.07,40.0,200.0,235.0,America/Los_Angeles
jpl,1_1_178_828_2019-09-20 21:05:13.400982,1-1-178-828,AG-1F10,2019-09-20 14:05:13-07:00,2019-09-20 17:15:06-07:00,2019-09-20 17:16:03-07:00,7.516,18.0,30.0,275.0,America/Los_Angeles
jpl,1_1_178_823_2019-09-20 21:15:23.114248,1-1-178-823,AG-1F08,2019-09-20 14:15:23-07:00,2019-09-20 16:48:17-07:00,2019-09-20 16:49:14-07:00,15.619,62.5,250.0,574.0,America/Los_Angeles
jpl,1_1_191_784_2019-09-20 21:19:08.776216,1-1-191-784,AG-4F40,2019-09-20 14:19:09-07:00,2019-09-20 16:12:50-07:00,2019-09-20 16:13:47-07:00,6.036,9.99,30.0,106.0,America/Los_Angeles
jpl,1_1_193_825_2019-09-20 22:08:37.287966,1-1-193-825,AG-1F01,2019-09-20 15:08:37-07:00,2019-09-20 20:01:13-07:00,2019-09-20 19:57:54-07:00,24.571,40.05,150.0,426.0,America/Los_Angeles
jpl,1_1_179_779_2019-09-20 22:25:19.517552,1-1-179-779,AG-3F17,2019-09-20 15:25:20-07:00,2019-09-20 17:19:03-07:00,2019-09-20 17:20:02-07:00,12.36514888888889,48.0,120.0,381.0,America/Los_Angeles
jpl,1_1_179_791_2019-09-20 22:26:20.857668,1-1-179-791,AG-3F26,2019-09-20 15:26:21-07:00,2019-09-20 18:57:38-07:00,2019-09-20 18:04:55-07:00,16.291,16.25,50.0,159.0,America/Los_Angeles
jpl,1_1_178_824_2019-09-20 22:35:45.245231,1-1-178-824,AG-1F07,2019-09-20 15:35:45-07:00,2019-09-20 16:42:33-07:00,2019-09-20 16:43:30-07:00,1.779,8.0,20.0,448.0,America/Los_Angeles
jpl,1_1_179_796_2019-09-20 22:38:39.666027,1-1-179-796,AG-3F24,2019-09-20 15:38:40-07:00,2019-09-20 16:26:56-07:00,2019-09-20 16:19:17-07:00,3.503,15.05,50.0,81.0,America/Los_Angeles
jpl,1_1_193_827_2019-09-20 22:40:05.547798,1-1-193-827,AG-1F02,2019-09-20 15:40:06-07:00,2019-09-20 18:40:19-07:00,2019-09-20 18:41:16-07:00,8.56,16.0,40.0,159.0,America/Los_Angeles
jpl,1_1_179_798_2019-09-20 23:12:17.021630,1-1-179-798,AG-3F18,2019-09-20 16:12:17-07:00,2019-09-20 17:12:11-07:00,2019-09-20 17:13:08-07:00,6.012,16.0,40.0,163.0,America/Los_Angeles
jpl,1_1_193_816_2019-09-20 23:21:03.388754,1-1-193-816,AG-1F05,2019-09-20 16:21:03-07:00,2019-09-20 17:49:12-07:00,2019-09-20 17:50:09-07:00,4.407,17.16,60.0,101.0,America/Los_Angeles
jpl,1_1_194_818_2019-09-20 23:32:58.597008,1-1-194-818,AG-1F14,2019-09-20 16:32:59-07:00,2019-09-20 17:05:33-07:00,2019-09-20 17:06:30-07:00,1.401,55.6,200.0,179.0,America/Los_Angeles
jpl,1_1_178_823_2019-09-21 00:18:45.866186,1-1-178-823,AG-1F08,2019-09-20 17:18:46-07:00,2019-09-20 18:18:08-07:00,2019-09-20 17:51:18-07:00,0.867,0.0,0.0,0.0,America/Los_Angeles
jpl,1_1_178_817_2019-09-21 01:05:03.072065,1-1-178-817,AG-1F09,2019-09-20 18:05:03-07:00,2019-09-20 21:47:22-07:00,2019-09-20 21:48:19-07:00,23.108,42.0,140.0,130.0,America/Los_Angeles
jpl,1_1_178_824_2019-09-21 01:18:30.279133,1-1-178-824,AG-1F07,2019-09-20 18:18:30-07:00,2019-09-20 19:09:05-07:00,2019-09-20 18:51:02-07:00,0.859,0.0,0.0,0.0,America/Los_Angeles
jpl,1_1_194_821_2019-09-21 01:24:27.973984,1-1-194-821,AG-1F13,2019-09-20 18:24:28-07:00,2019-09-20 19:51:29-07:00,2019-09-20 19:52:26-07:00,4.499,8.0,20.0,448.0,America/Los_Angeles
jpl,1_1_178_823_2019-09-21 02:02:00.213111,1-1-178-823,AG-1F08,2019-09-20 19:02:00-07:00,2019-09-20 21:31:49-07:00,2019-09-20 20:53:10-07:00,5.466,10.0,20.0,143.0,America/Los_Angeles
jpl,1_1_178_823_2019-09-21 12:44:00.445107,1-1-178-823,AG-1F08,2019-09-21 05:44:00-07:00,2019-09-21 12:13:09-07:00,2019-09-21 09:22:56-07:00,10.969,24.0,40.0,575.0,America/Los_Angeles
jpl,1_1_194_821_2019-09-21 13:50:06.655992,1-1-194-821,AG-1F13,2019-09-21 06:50:07-07:00,2019-09-21 09:56:34-07:00,2019-09-21 08:26:33-07:00,4.597,8.05,23.0,513.0,America/Los_Angeles
jpl,1_1_194_821_2019-09-21 19:32:49.376406,1-1-194-821,AG-1F13,2019-09-21 12:32:49-07:00,2019-09-21 17:29:06-07:00,2019-09-21 16:36:27-07:00,12.414,20.0,50.0,265.0,America/Los_Angeles
jpl,1_1_193_820_2019-09-21 20:06:32.550487,1-1-193-820,AG-1F04,2019-09-21 13:06:33-07:00,2019-09-21 18:16:37-07:00,2019-09-21 18:17:37-07:00,16.903,20.0,50.0,496.0,America/Los_Angeles
jpl,1_1_178_824_2019-09-21 23:54:41.497934,1-1-178-824,AG-1F07,2019-09-21 16:54:41-07:00,2019-09-21 19:51:18-07:00,2019-09-21 19:52:18-07:00,18.325,36.0,120.0,341.0,America/Los_Angeles
jpl,1_1_178_823_2019-09-22 14:49:58.371479,1-1-178-823,AG-1F08,2019-09-22 07:49:58-07:00,2019-09-22 17:10:21-07:00,2019-09-22 08:58:46-07:00,6.384,30.0,80.0,521.0,America/Los_Angeles
jpl,1_1_194_821_2019-09-22 17:12:51.619487,1-1-194-821,AG-1F13,2019-09-22 10:12:52-07:00,2019-09-22 12:00:54-07:00,2019-09-22 12:01:51-07:00,10.319,18.06,60.0,139.0,America/Los_Angeles
jpl,1_1_193_819_2019-09-22 18:30:04.460590,1-1-193-819,AG-1F06,2019-09-22 11:30:04-07:00,2019-09-22 17:26:15-07:00,2019-09-22 16:08:35-07:00,6.24,12.0,30.0,496.0,America/Los_Angeles
jpl,1_1_179_783_2019-09-22 19:24:32.238252,1-1-179-783,AG-3F29,2019-09-22 12:24:32-07:00,2019-09-22 13:12:25-07:00,2019-09-22 12:48:05-07:00,1.926,9.03,30.0,45.0,America/Los_Angeles
jpl,1_1_178_828_2019-09-23 11:31:39.719754,1-1-178-828,AG-1F10,2019-09-23 04:31:40-07:00,2019-09-23 14:35:58-07:00,2019-09-23 12:45:39-07:00,42.035,59.94,180.0,599.0,America/Los_Angeles
jpl,1_1_178_823_2019-09-23 11:39:14.652629,1-1-178-823,AG-1F08,2019-09-23 04:39:15-07:00,2019-09-23 12:57:41-07:00,2019-09-23 12:58:41-07:00,7.066,20.0,50.0,244.0,America/Los_Angeles
jpl,1_1_194_826_2019-09-23 12:05:32.083490,1-1-194-826,AG-1F11,2019-09-23 05:05:32-07:00,2019-09-23 14:39:31-07:00,2019-09-23 07:26:42-07:00,6.152,10.0,50.0,30.0,America/Los_Angeles
jpl,1_1_194_822_2019-09-23 12:15:21.218787,1-1-194-822,AG-1F12,2019-09-23 05:15:41-07:00,2019-09-23 16:01:42-07:00,2019-09-23 11:39:36-07:00,12.838,18.75,50.0,681.0,America/Los_Angeles
jpl,1_1_179_810_2019-09-23 12:26:53.881051,1-1-179-810,AG-3F30,2019-09-23 05:26:54-07:00,2019-09-23 09:48:38-07:00,2019-09-23 09:49:38-07:00,22.549,27.0,90.0,279.0,America/Los_Angeles
jpl,1_1_194_821_2019-09-23 12:39:14.851338,1-1-194-821,AG-1F13,2019-09-23 05:39:15-07:00,2019-09-23 15:47:30-07:00,2019-09-23 09:00:07-07:00,6.783,6.66,20.0,521.0,America/Los_Angeles
jpl,1_1_193_819_2019-09-23 12:47:45.324639,1-1-193-819,AG-1F06,2019-09-23 05:47:45-07:00,2019-09-23 15:32:58-07:00,2019-09-23 10:40:27-07:00,10.621,24.0,40.0,575.0,America/Los_Angeles
jpl,1_1_193_820_2019-09-23 12:52:59.855295,1-1-193-820,AG-1F04,2019-09-23 05:53:00-07:00,2019-09-23 10:24:35-07:00,2019-09-23 09:20:30-07:00,13.622,20.0,50.0,181.0,America/Los_Angeles
jpl,1_1_179_799_2019-09-23 12:52:37.885310,1-1-179-799,AG-3F25,2019-09-23 05:53:22-07:00,2019-09-23 16:13:18-07:00,2019-09-23 12:36:51-07:00,15.078,21.44,80.0,289.0,America/Los_Angeles
jpl,1_1_191_789_2019-09-23 12:57:54.850497,1-1-191-789,AG-4F52,2019-09-23 05:57:55-07:00,2019-09-23 17:00:17-07:00,2019-09-23 08:23:45-07:00,5.751,7.0,20.0,574.0,America/Los_Angeles
jpl,1_1_193_827_2019-09-23 13:04:44.024829,1-1-193-827,AG-1F02,2019-09-23 06:04:44-07:00,2019-09-23 14:48:30-07:00,2019-09-23 09:32:10-07:00,13.054,18.0,30.0,361.0,America/Los_Angeles
jpl,1_1_193_825_2019-09-23 13:08:04.741985,1-1-193-825,AG-1F01,2019-09-23 06:08:05-07:00,2019-09-23 15:11:39-07:00,2019-09-23 13:17:07-07:00,39.116,12.0,20.0,720.0,America/Los_Angeles
jpl,1_1_193_829_2019-09-23 13:11:30.327078,1-1-193-829,AG-1F03,2019-09-23 06:11:30-07:00,2019-09-23 12:16:50-07:00,2019-09-23 12:04:21-07:00,7.267,12.0,30.0,242.0,America/Los_Angeles
jpl,1_1_178_824_2019-09-23 13:22:38.417707,1-1-178-824,AG-1F07,2019-09-23 06:22:38-07:00,2019-09-23 15:45:13-07:00,2019-09-23 12:34:40-07:00,9.592,20.0,50.0,446.0,America/Los_Angeles
jpl,1_1_193_816_2019-09-23 13:25:29.218643,1-1-193-816,AG-1F05,2019-09-23 06:25:29-07:00,2019-09-23 16:26:15-07:00,2019-09-23 08:55:55-07:00,12.71,60.0,100.0,578.0,America/Los_Angeles
jpl,1_1_179_788_2019-09-23 13:25:42.817615,1-1-179-788,AG-3F22,2019-09-23 06:25:43-07:00,2019-09-23 16:37:00-07:00,2019-09-23 16:32:42-07:00,33.044,24.0,80.0,550.0,America/Los_Angeles
jpl,1_1_179_787_2019-09-23 13:25:46.582960,1-1-179-787,AG-3F16,2019-09-23 06:25:47-07:00,2019-09-23 15:39:50-07:00,2019-09-23 09:11:57-07:00,7.892,16.0,40.0,533.0,America/Los_Angeles
jpl,1_1_191_785_2019-09-23 13:26:41.296396,1-1-191-785,AG-4F48,2019-09-23 06:26:41-07:00,2019-09-23 16:26:09-07:00,2019-09-23 09:16:14-07:00,7.7,12.0,30.0,615.0,America/Los_Angeles
jpl,1_1_179_791_2019-09-23 13:32:37.873222,1-1-179-791,AG-3F26,2019-09-23 06:32:38-07:00,2019-09-23 16:51:29-07:00,2019-09-23 09:46:30-07:00,13.319,20.0,50.0,577.0,America/Los_Angeles
jpl,1_1_178_817_2019-09-23 13:36:27.778621,1-1-178-817,AG-1F09,2019-09-23 06:36:28-07:00,2019-09-23 14:27:07-07:00,2019-09-23 11:34:46-07:00,14.659,24.0,60.0,239.0,America/Los_Angeles
jpl,1_1_194_818_2019-09-23 13:37:51.061333,1-1-194-818,AG-1F14,2019-09-23 06:37:51-07:00,2019-09-23 11:53:14-07:00,2019-09-23 11:54:11-07:00,6.506,39.95,170.0,515.0,America/Los_Angeles
jpl,1_1_179_797_2019-09-23 13:39:12.815136,1-1-179-797,AG-3F23,2019-09-23 06:39:13-07:00,2019-09-23 17:07:57-07:00,2019-09-23 08:33:00-07:00,5.444,24.75,90.0,556.0,America/Los_Angeles
jpl,1_1_179_800_2019-09-23 13:40:20.932338,1-1-179-800,AG-3F32,2019-09-23 06:40:21-07:00,2019-09-23 17:54:32-07:00,2019-09-23 09:50:58-07:00,8.141,15.65,50.0,316.0,America/Los_Angeles
jpl,1_1_179_809_2019-09-23 13:47:27.774257,1-1-179-809,AG-3F27,2019-09-23 06:47:28-07:00,2019-09-23 16:58:28-07:00,2019-09-23 10:14:23-07:00,20.838,40.04,140.0,720.0,America/Los_Angeles
jpl,1_1_191_803_2019-09-23 13:52:54.757942,1-1-191-803,AG-4F49,2019-09-23 06:52:55-07:00,2019-09-23 16:41:31-07:00,2019-09-23 15:39:33-07:00,54.656,60.0,200.0,480.0,America/Los_Angeles
jpl,1_1_179_777_2019-09-23 13:54:43.692025,1-1-179-777,AG-3F28,2019-09-23 06:54:44-07:00,2019-09-23 16:21:30-07:00,2019-09-23 15:16:32-07:00,45.655,56.0,160.0,185.0,America/Los_Angeles
jpl,1_1_179_781_2019-09-23 13:55:44.720650,1-1-179-781,AG-3F31,2019-09-23 06:55:45-07:00,2019-09-23 16:13:29-07:00,2019-09-23 09:37:28-07:00,5.94,8.0,20.0,60.0,America/Los_Angeles
jpl,1_1_179_813_2019-09-23 14:00:22.767175,1-1-179-813,AG-3F15,2019-09-23 07:00:23-07:00,2019-09-23 17:09:09-07:00,2019-09-23 16:38:50-07:00,0.864,0.0,0.0,0.0,America/Los_Angeles
jpl,1_1_179_794_2019-09-23 14:03:33.975906,1-1-179-794,AG-3F20,2019-09-23 07:03:34-07:00,2019-09-23 17:26:55-07:00,2019-09-23 11:12:43-07:00,12.093,16.0,40.0,489.0,America/Los_Angeles
jpl,1_1_191_808_2019-09-23 14:05:38.569242,1-1-191-808,AG-4F35,2019-09-23 07:05:39-07:00,2019-09-23 16:58:32-07:00,2019-09-23 16:43:45-07:00,0.945,0.0,0.0,0.0,America/Los_Angeles
jpl,1_1_179_798_2019-09-23 14:09:16.935364,1-1-179-798,AG-3F18,2019-09-23 07:09:17-07:00,2019-09-23 11:39:45-07:00,2019-09-23 11:26:26-07:00,0.786,0.0,0.0,0.0,America/Los_Angeles
jpl,1_1_179_779_2019-09-23 14:09:35.519176,1-1-179-779,AG-3F17,2019-09-23 07:09:36-07:00,2019-09-23 17:14:02-07:00,2019-09-23 11:03:14-07:00,11.441,13.9,50.0,505.0,America/Los_Angeles
jpl,1_1_179_796_2019-09-23 14:11:18.136954,1-1-179-796,AG-3F24,2019-09-23 07:11:18-07:00,2019-09-23 14:01:24-07:00,2019-09-23 10:59:29-07:00,13.233,20.0,50.0,344.0,America/Los_Angeles
jpl,1_1_179_783_2019-09-23 14:15:51.457828,1-1-179-783,AG-3F29,2019-09-23 07:16:04-07:00,2019-09-23 11:50:40-07:00,2019-09-23 11:04:26-07:00,11.618,12.5,50.0,457.0,America/Los_Angeles
jpl,1_1_191_782_2019-09-23 14:17:06.526087,1-1-191-782,AG-4F50,2019-09-23 07:17:14-07:00,2019-09-23 17:23:03-07:00,2019-09-23 10:32:32-07:00,10.97,25.0,100.0,437.0,America/Los_Angeles
jpl,1_1_179_790_2019-09-23 14:17:59.450638,1-1-179-790,AG-3F19,2019-09-23 07:18:22-07:00,2019-09-23 16:36:13-07:00,2019-09-23 16:37:11-07:00,16.32,16.65,50.0,552.0,America/Los_Angeles
jpl,1_1_191_780_2019-09-23 14:19:11.575384,1-1-191-780,AG-4F45,2019-09-23 07:19:12-07:00,2019-09-23 17:23:21-07:00,2019-09-23 17:24:21-07:00,12.803,25.2,56.0,415.0,America/Los_Angeles
jpl,1_1_179_801_2019-09-23 14:21:02.397507,1-1-179-801,AG-3F21,2019-09-23 07:21:13-07:00,2019-09-23 17:07:02-07:00,2019-09-23 16:48:05-07:00,16.602,33.67,130.0,445.0,America/Los_Angeles
jpl,1_1_191_807_2019-09-23 14:23:25.971610,1-1-191-807,AG-4F47,2019-09-23 07:23:26-07:00,2019-09-23 18:04:02-07:00,2019-09-23 12:31:55-07:00,15.941,16.0,40.0,470.0,America/Los_Angeles
jpl,1_1_191_795_2019-09-23 14:23:22.363927,1-1-191-795,AG-4F51,2019-09-23 07:23:31-07:00,2019-09-23 16:21:38-07:00,2019-09-23 10:57:52-07:00,20.743,102.74,220.0,627.0,America/Los_Angeles
jpl,1_1_191_792_2019-09-23 14:25:00.081108,1-1-191-792,AG-4F37,2019-09-23 07:25:00-07:00,2019-09-23 16:35:02-07:00,2019-09-23 11:49:19-07:00,13.84,33.36,80.0,553.0,America/Los_Angeles
jpl,1_1_191_806_2019-09-23 14:26:30.367031,1-1-191-806,AG-4F41,2019-09-23 07:26:30-07:00,2019-09-23 17:05:47-07:00,2019-09-23 13:23:25-07:00,15.603,16.65,50.0,267.0,America/Los_Angeles
jpl,1_1_191_812_2019-09-23 14:28:30.431242,1-1-191-812,AG-4F46,2019-09-23 07:28:30-07:00,2019-09-23 12:25:54-07:00,2019-09-23 10:53:39-07:00,20.902,32.0,80.0,300.0,America/Los_Angeles
jpl,1_1_191_802_2019-09-23 14:28:45.184865,1-1-191-802,AG-4F44,2019-09-23 07:28:45-07:00,2019-09-23 16:56:25-07:00,2019-09-23 10:28:52-07:00,13.656,18.0,30.0,423.0,America/Los_Angeles
jpl,1_1_191_778_2019-09-23 14:29:17.119182,1-1-191-778,AG-4F43,2019-09-23 07:29:17-07:00,2019-09-23 12:40:17-07:00,2019-09-23 09:28:55-07:00,3.901,8.0,20.0,270.0,America/Los_Angeles
jpl,1_1_191_786_2019-09-23 14:29:54.238829,1-1-191-786,AG-4F36,2019-09-23 07:29:54-07:00,2019-09-23 16:10:36-07:00,2019-09-23 11:50:52-07:00,10.749,8.0,20.0,324.0,America/Los_Angeles
jpl,1_1_191_805_2019-09-23 14:32:05.393147,1-1-191-805,AG-4F39,2019-09-23 07:32:05-07:00,2019-09-23 17:33:22-07:00,2019-09-23 10:48:53-07:00,10.109,18.0,40.0,267.0,America/Los_Angeles
jpl,1_1_191_784_2019-09-23 14:32:47.674715,1-1-191-784,AG-4F40,2019-09-23 07:32:48-07:00,2019-09-23 17:14:30-07:00,2019-09-23 11:16:31-07:00,6.419,9.99,30.0,304.0,America/Los_Angeles
jpl,1_1_191_804_2019-09-23 14:33:54.597177,1-1-191-804,AG-4F34,2019-09-23 07:33:55-07:00,2019-09-23 15:35:49-07:00,2019-09-23 15:12:36-07:00,17.596,48.0,160.0,638.0,America/Los_Angeles
jpl,1_1_191_811_2019-09-23 14:37:31.542284,1-1-191-811,AG-4F42,2019-09-23 07:37:32-07:00,2019-09-23 15:44:40-07:00,2019-09-23 15:45:37-07:00,52.948,70.0,200.0,445.0,America/Los_Angeles
jpl,1_1_191_793_2019-09-23 14:39:20.245304,1-1-191-793,AG-4F38,2019-09-23 07:39:20-07:00,2019-09-23 18:23:15-07:00,2019-09-23 18:17:33-07:00,5.086,5.0,20.0,72.0,America/Los_Angeles
jpl,1_1_179_810_2019-09-23 16:51:06.873966,1-1-179-810,AG-3F30,2019-09-23 09:51:07-07:00,2019-09-23 11:09:09-07:00,2019-09-23 11:10:09-07:00,8.209,36.63,110.0,422.0,America/Los_Angeles
jpl,1_1_193_820_2019-09-23 17:51:22.544087,1-1-193-820,AG-1F04,2019-09-23 10:51:23-07:00,2019-09-23 17:56:43-07:00,2019-09-23 17:57:43-07:00,33.185,61.16,220.0,65.0,America/Los_Angeles
jpl,1_1_179_810_2019-09-23 18:10:08.699963,1-1-179-810,AG-3F30,2019-09-23 11:10:09-07:00,2019-09-23 20:45:28-07:00,2019-09-23 17:35:14-07:00,40.172,51.68,170.0,387.0,America/Los_Angeles
jpl,1_1_179_798_2019-09-23 18:40:32.771182,1-1-179-798,AG-3F18,2019-09-23 11:40:33-07:00,2019-09-23 16:37:48-07:00,2019-09-23 14:16:13-07:00,14.286,28.0,70.0,286.0,America/Los_Angeles
jpl,1_1_179_783_2019-09-23 18:52:58.762032,1-1-179-783,AG-3F29,2019-09-23 11:52:59-07:00,2019-09-23 17:28:58-07:00,2019-09-23 13:20:20-07:00,8.096,16.0,40.0,156.0,America/Los_Angeles
jpl,1_1_193_829_2019-09-23 19:39:32.312204,1-1-193-829,AG-1F03,2019-09-23 12:39:32-07:00,2019-09-23 18:05:42-07:00,2019-09-23 18:06:42-07:00,28.725,46.6,200.0,241.0,America/Los_Angeles
jpl,1_1_194_818_2019-09-23 19:40:14.865590,1-1-194-818,AG-1F14,2019-09-23 12:40:15-07:00,2019-09-23 16:21:24-07:00,2019-09-23 14:35:02-07:00,10.208,12.5,50.0,246.0,America/Los_Angeles
jpl,1_1_191_812_2019-09-23 20:00:54.734987,1-1-191-812,AG-4F46,2019-09-23 13:00:55-07:00,2019-09-23 16:14:04-07:00,2019-09-23 16:15:01-07:00,19.989,22.5,90.0,275.0,America/Los_Angeles
jpl,1_1_178_823_2019-09-23 20:05:02.047199,1-1-178-823,AG-1F08,2019-09-23 13:05:02-07:00,2019-09-23 17:42:08-07:00,2019-09-23 16:28:20-07:00,10.481,12.0,30.0,137.0,America/Los_Angeles
jpl,1_1_179_796_2019-09-23 21:32:12.152842,1-1-179-796,AG-3F24,2019-09-23 14:32:23-07:00,2019-09-23 17:18:18-07:00,2019-09-23 17:19:14-07:00,3.12,8.0,20.0,152.0,America/Los_Angeles
jpl,1_1_179_815_2019-09-23 21:54:31.897888,1-1-179-815,AG-3F33,2019-09-23 14:54:32-07:00,2019-09-23 17:09:53-07:00,2019-09-23 16:38:50-07:00,0.932,0.0,0.0,0.0,America/Los_Angeles
jpl,1_1_178_828_2019-09-23 21:57:08.097762,1-1-178-828,AG-1F10,2019-09-23 14:57:08-07:00,2019-09-23 17:32:03-07:00,2019-09-23 17:13:18-07:00,8.946,24.08,80.0,154.0,America/Los_Angeles
jpl,1_1_193_827_2019-09-23 22:00:10.725682,1-1-193-827,AG-1F02,2019-09-23 15:00:11-07:00,2019-09-23 17:03:25-07:00,2019-09-23 16:57:37-07:00,5.764,16.0,40.0,265.0,America/Los_Angeles
jpl,1_1_178_817_2019-09-23 22:07:58.333682,1-1-178-817,AG-1F09,2019-09-23 15:07:58-07:00,2019-09-23 18:42:08-07:00,2019-09-23 17:27:53-07:00,5.502,9.0,20.0,67.0,America/Los_Angeles
jpl,1_1_193_825_2019-09-23 22:13:03.520802,1-1-193-825,AG-1F01,2019-09-23 15:13:25-07:00,2019-09-23 18:46:40-07:00,2019-09-23 18:47:37-07:00,17.048,27.5,100.0,254.0,America/Los_Angeles
jpl,1_1_194_826_2019-09-23 22:26:00.201440,1-1-194-826,AG-1F11,2019-09-23 15:26:00-07:00,2019-09-23 17:22:51-07:00,2019-09-23 17:23:51-07:00,5.098,15.0,30.0,137.0,America/Los_Angeles
jpl,1_1_193_819_2019-09-23 22:39:39.114300,1-1-193-819,AG-1F06,2019-09-23 15:39:39-07:00,2019-09-23 16:40:44-07:00,2019-09-23 16:41:40-07:00,3.712,12.0,40.0,134.0,America/Los_Angeles
jpl,1_1_178_824_2019-09-23 22:48:39.196057,1-1-178-824,AG-1F07,2019-09-23 15:48:39-07:00,2019-09-23 18:45:08-07:00,2019-09-23 18:46:08-07:00,7.094,16.0,40.0,159.0,America/Los_Angeles
jpl,1_1_194_821_2019-09-23 22:57:48.711495,1-1-194-821,AG-1F13,2019-09-23 15:58:04-07:00,2019-09-23 18:30:23-07:00,2019-09-23 18:18:35-07:00,10.966,16.65,50.0,171.0,America/Los_Angeles
jpl,1_1_191_811_2019-09-23 23:04:18.463736,1-1-191-811,AG-4F42,2019-09-23 16:04:18-07:00,2019-09-23 17:28:46-07:00,2019-09-23 17:29:43-07:00,8.883,24.0,40.0,342.0,America/Los_Angeles
jpl,1_1_179_787_2019-09-23 23:11:16.506183,1-1-179-787,AG-3F16,2019-09-23 16:11:16-07:00,2019-09-23 20:22:41-07:00,2019-09-23 19:01:56-07:00,15.015,15.0,40.0,177.0,America/Los_Angeles
jpl,1_1_179_781_2019-09-23 23:16:42.337088,1-1-179-781,AG-3F31,2019-09-23 16:16:42-07:00,2019-09-23 17:38:40-07:00,2019-09-23 17:39:37-07:00,8.411,16.0,40.0,180.0,America/Los_Angeles
jpl,1_1_191_792_2019-09-23 23:39:59.324858,1-1-191-792,AG-4F37,2019-09-23 16:39:59-07:00,2019-09-23 19:42:42-07:00,2019-09-23 19:43:39-07:00,9.678,20.0,50.0,181.0,America/Los_Angeles
jpl,1_1_179_777_2019-09-23 23:47:12.405417,1-1-179-777,AG-3F28,2019-09-23 16:47:12-07:00,2019-09-23 19:28:15-07:00,2019-09-23 18:45:23-07:00,11.858,16.0,40.0,175.0,America/Los_Angeles
jpl,1_1_193_819_2019-09-23 23:51:06.298229,1-1-193-819,AG-1F06,2019-09-23 16:51:06-07:00,2019-09-23 17:37:56-07:00,2019-09-23 17:38:53-07:00,2.918,20.0,100.0,173.0,America/Los_Angeles
jpl,1_1_193_816_2019-09-24 00:01:07.188138,1-1-193-816,AG-1F05,2019-09-23 17:01:07-07:00,2019-09-23 19:11:53-07:00,2019-09-23 19:12:50-07:00,11.004,36.0,120.0,127.0,America/Los_Angeles
jpl,1_1_178_823_2019-09-24 01:15:48.953733,1-1-178-823,AG-1F08,2019-09-23 18:15:49-07:00,2019-09-23 20:27:42-07:00,2019-09-23 20:04:17-07:00,5.575,10.0,20.0,143.0,America/Los_Angeles
jpl,1_1_178_823_2019-09-24 05:39:54.456203,1-1-178-823,AG-1F08,2019-09-23 22:39:54-07:00,2019-09-24 00:53:50-07:00,2019-09-24 00:00:31-07:00,4.1,10.0,20.0,157.0,America/Los_Angeles
jpl,1_1_178_828_2019-09-24 11:51:49.694547,1-1-178-828,AG-1F10,2019-09-24 04:51:50-07:00,2019-09-24 07:21:07-07:00,2019-09-24 05:24:06-07:00,0.832,0.0,0.0,0.0,America/Los_Angeles
jpl,1_1_193_825_2019-09-24 12:05:05.414684,1-1-193-825,AG-1F01,2019-09-24 05:05:05-07:00,2019-09-24 14:34:35-07:00,2019-09-24 07:26:27-07:00,6.459,10.0,50.0,30.0,America/Los_Angeles
jpl,1_1_194_826_2019-09-24 12:22:44.469090,1-1-194-826,AG-1F11,2019-09-24 05:22:44-07:00,2019-09-24 16:36:10-07:00,2019-09-24 11:48:30-07:00,15.653,18.75,50.0,681.0,America/Los_Angeles
jpl,1_1_194_822_2019-09-24 12:37:05.255049,1-1-194-822,AG-1F12,2019-09-24 05:37:05-07:00,2019-09-24 15:43:01-07:00,2019-09-24 15:43:59-07:00,7.21,6.66,20.0,521.0,America/Los_Angeles
jpl,1_1_191_789_2019-09-24 12:45:14.576815,1-1-191-789,AG-4F52,2019-09-24 05:45:15-07:00,2019-09-24 16:15:29-07:00,2019-09-24 08:09:54-07:00,5.742,7.0,20.0,574.0,America/Los_Angeles
jpl,1_1_178_823_2019-09-24 12:46:48.878474,1-1-178-823,AG-1F08,2019-09-24 05:46:49-07:00,2019-09-24 15:33:51-07:00,2019-09-24 09:48:05-07:00,10.747,24.0,40.0,575.0,America/Los_Angeles
jpl,1_1_193_819_2019-09-24 12:52:32.416417,1-1-193-819,AG-1F06,2019-09-24 05:52:32-07:00,2019-09-24 13:28:29-07:00,2019-09-24 10:05:31-07:00,13.677,20.0,50.0,244.0,America/Los_Angeles
jpl,1_1_193_820_2019-09-24 13:02:39.044655,1-1-193-820,AG-1F04,2019-09-24 06:02:39-07:00,2019-09-24 11:48:58-07:00,2019-09-24 08:48:09-07:00,13.668,20.0,50.0,181.0,America/Los_Angeles
jpl,1_1_193_827_2019-09-24 13:02:41.466732,1-1-193-827,AG-1F02,2019-09-24 06:02:41-07:00,2019-09-24 10:14:08-07:00,2019-09-24 07:12:32-07:00,2.839,12.0,30.0,242.0,America/Los_Angeles
jpl,1_1_178_824_2019-09-24 13:03:23.080286,1-1-178-824,AG-1F07,2019-09-24 06:03:23-07:00,2019-09-24 14:51:54-07:00,2019-09-24 08:48:09-07:00,12.568,18.0,30.0,361.0,America/Los_Angeles
jpl,1_1_194_821_2019-09-24 13:20:25.836982,1-1-194-821,AG-1F13,2019-09-24 06:20:26-07:00,2019-09-24 10:30:17-07:00,2019-09-24 10:31:17-07:00,9.593,15.2,38.0,251.0,America/Los_Angeles
jpl,1_1_178_817_2019-09-24 13:22:35.859777,1-1-178-817,AG-1F09,2019-09-24 06:22:36-07:00,2019-09-24 15:38:34-07:00,2019-09-24 06:55:48-07:00,0.831,0.0,0.0,0.0,America/Los_Angeles
jpl,1_1_193_816_2019-09-24 13:23:03.168828,1-1-193-816,AG-1F05,2019-09-24 06:23:03-07:00,2019-09-24 13:49:40-07:00,2019-09-24 11:27:34-07:00,14.468,20.0,50.0,446.0,America/Los_Angeles
jpl,1_1_179_797_2019-09-24 13:23:03.172612,1-1-179-797,AG-3F23,2019-09-24 06:23:03-07:00,2019-09-24 16:45:54-07:00,2019-09-24 08:13:29-07:00,5.276,24.75,90.0,556.0,America/Los_Angeles
jpl,1_1_179_799_2019-09-24 13:23:30.460926,1-1-179-799,AG-3F25,2019-09-24 06:23:51-07:00,2019-09-24 12:13:55-07:00,2019-09-24 11:34:44-07:00,18.451,21.44,80.0,520.0,America/Los_Angeles
jpl,1_1_191_785_2019-09-24 13:24:30.857695,1-1-191-785,AG-4F48,2019-09-24 06:24:31-07:00,2019-09-24 16:24:53-07:00,2019-09-24 08:48:09-07:00,7.505,12.0,30.0,615.0,America/Los_Angeles
jpl,1_1_193_829_2019-09-24 13:25:17.239647,1-1-193-829,AG-1F03,2019-09-24 06:25:17-07:00,2019-09-24 16:29:32-07:00,2019-09-24 08:48:09-07:00,12.764,60.0,100.0,578.0,America/Los_Angeles
jpl,1_1_179_787_2019-09-24 13:29:53.105769,1-1-179-787,AG-3F16,2019-09-24 06:29:53-07:00,2019-09-24 15:48:53-07:00,2019-09-24 09:45:15-07:00,7.664,16.0,40.0,533.0,America/Los_Angeles
jpl,1_1_179_791_2019-09-24 13:30:23.481582,1-1-179-791,AG-3F26,2019-09-24 06:30:23-07:00,2019-09-24 18:27:56-07:00,2019-09-24 10:16:21-07:00,11.668,20.0,50.0,575.0,America/Los_Angeles
jpl,1_1_194_818_2019-09-24 13:36:39.586521,1-1-194-818,AG-1F14,2019-09-24 06:36:40-07:00,2019-09-24 11:26:07-07:00,2019-09-24 07:54:47-07:00,2.335,4.0,20.0,42.0,America/Los_Angeles
jpl,1_1_179_788_2019-09-24 13:38:09.382645,1-1-179-788,AG-3F22,2019-09-24 06:38:09-07:00,2019-09-24 15:39:02-07:00,2019-09-24 14:33:15-07:00,27.046,27.0,90.0,558.0,America/Los_Angeles
jpl,1_1_179_790_2019-09-24 13:38:33.777209,1-1-179-790,AG-3F19,2019-09-24 06:38:34-07:00,2019-09-24 19:42:22-07:00,2019-09-24 10:43:31-07:00,22.671,66.0,110.0,555.0,America/Los_Angeles
jpl,1_1_179_810_2019-09-24 13:40:22.869106,1-1-179-810,AG-3F30,2019-09-24 06:40:23-07:00,2019-09-24 17:53:39-07:00,2019-09-24 09:51:23-07:00,16.141,27.0,90.0,471.0,America/Los_Angeles
jpl,1_1_179_783_2019-09-24 13:40:58.767679,1-1-179-783,AG-3F29,2019-09-24 06:40:59-07:00,2019-09-24 15:55:35-07:00,2019-09-24 08:01:47-07:00,2.995,8.0,20.0,118.0,America/Los_Angeles
jpl,1_1_179_796_2019-09-24 13:41:36.031071,1-1-179-796,AG-3F24,2019-09-24 06:41:36-07:00,2019-09-24 16:53:44-07:00,2019-09-24 16:19:24-07:00,27.484,35.01,90.0,562.0,America/Los_Angeles
jpl,1_1_179_815_2019-09-24 13:42:38.987998,1-1-179-815,AG-3F33,2019-09-24 06:42:39-07:00,2019-09-24 16:14:43-07:00,2019-09-24 08:41:33-07:00,4.266,8.05,23.0,513.0,America/Los_Angeles
jpl,1_1_179_801_2019-09-24 13:45:24.718928,1-1-179-801,AG-3F21,2019-09-24 06:45:36-07:00,2019-09-24 10:07:49-07:00,2019-09-24 10:05:31-07:00,16.022,28.0,70.0,203.0,America/Los_Angeles
jpl,1_1_179_798_2019-09-24 13:49:50.538663,1-1-179-798,AG-3F18,2019-09-24 06:49:51-07:00,2019-09-24 17:13:56-07:00,2019-09-24 08:48:09-07:00,6.626,12.0,30.0,601.0,America/Los_Angeles
jpl,1_1_191_808_2019-09-24 13:52:03.664477,1-1-191-808,AG-4F35,2019-09-24 06:52:04-07:00,2019-09-24 17:28:09-07:00,2019-09-24 12:16:29-07:00,12.261,16.0,40.0,438.0,America/Los_Angeles
jpl,1_1_179_794_2019-09-24 13:54:22.102350,1-1-179-794,AG-3F20,2019-09-24 06:54:22-07:00,2019-09-24 17:20:49-07:00,2019-09-24 12:21:48-07:00,12.448,15.0,40.0,529.0,America/Los_Angeles
jpl,1_1_179_809_2019-09-24 13:55:00.696736,1-1-179-809,AG-3F27,2019-09-24 06:55:01-07:00,2019-09-24 08:34:51-07:00,2019-09-24 08:22:20-07:00,0.93,8.0,20.0,161.0,America/Los_Angeles
jpl,1_1_179_777_2019-09-24 13:55:26.395027,1-1-179-777,AG-3F28,2019-09-24 06:55:26-07:00,2019-09-24 16:21:35-07:00,2019-09-24 15:56:59-07:00,51.622,56.0,160.0,983.0,America/Los_Angeles
jpl,1_1_179_800_2019-09-24 13:56:30.311617,1-1-179-800,AG-3F32,2019-09-24 06:56:30-07:00,2019-09-24 12:11:34-07:00,2019-09-24 09:46:51-07:00,5.262,8.0,20.0,584.0,America/Los_Angeles
jpl,1_1_191_803_2019-09-24 14:00:19.720215,1-1-191-803,AG-4F49,2019-09-24 07:00:20-07:00,2019-09-24 16:57:25-07:00,2019-09-24 12:17:31-07:00,10.632,60.0,150.0,671.0,America/Los_Angeles
jpl,1_1_191_812_2019-09-24 14:01:03.093761,1-1-191-812,AG-4F46,2019-09-24 07:01:03-07:00,2019-09-24 17:33:01-07:00,2019-09-24 17:34:01-07:00,25.932,30.0,120.0,573.0,America/Los_Angeles
jpl,1_1_191_782_2019-09-24 14:04:57.246789,1-1-191-782,AG-4F50,2019-09-24 07:05:12-07:00,2019-09-24 15:04:32-07:00,2019-09-24 11:47:27-07:00,12.853,15.0,60.0,457.0,America/Los_Angeles
jpl,1_1_179_813_2019-09-24 14:07:14.611045,1-1-179-813,AG-3F15,2019-09-24 07:07:15-07:00,2019-09-24 19:08:41-07:00,2019-09-24 12:10:36-07:00,8.605,8.0,20.0,448.0,America/Los_Angeles
jpl,1_1_179_779_2019-09-24 14:07:46.227158,1-1-179-779,AG-3F17,2019-09-24 07:07:46-07:00,2019-09-24 17:32:33-07:00,2019-09-24 11:07:26-07:00,11.081,20.0,50.0,531.0,America/Los_Angeles
jpl,1_1_191_807_2019-09-24 14:10:00.274187,1-1-191-807,AG-4F47,2019-09-24 07:10:00-07:00,2019-09-24 14:42:24-07:00,2019-09-24 14:43:24-07:00,38.07031555555555,65.2,200.0,444.0,America/Los_Angeles
jpl,1_1_191_802_2019-09-24 14:11:36.617515,1-1-191-802,AG-4F44,2019-09-24 07:11:37-07:00,2019-09-24 16:17:28-07:00,2019-09-24 15:44:43-07:00,19.408,33.67,130.0,445.0,America/Los_Angeles
jpl,1_1_191_792_2019-09-24 14:14:21.697953,1-1-191-792,AG-4F37,2019-09-24 07:14:34-07:00,2019-09-24 16:31:43-07:00,2019-09-24 16:28:07-07:00,16.251,16.65,50.0,552.0,America/Los_Angeles
jpl,1_1_191_778_2019-09-24 14:15:57.496737,1-1-191-778,AG-4F43,2019-09-24 07:15:57-07:00,2019-09-24 14:05:48-07:00,2019-09-24 13:03:37-07:00,12.942,24.0,80.0,399.0,America/Los_Angeles
jpl,1_1_191_780_2019-09-24 14:19:57.649107,1-1-191-780,AG-4F45,2019-09-24 07:19:58-07:00,2019-09-24 16:28:51-07:00,2019-09-24 12:30:07-07:00,13.766,20.0,50.0,416.0,America/Los_Angeles
jpl,1_1_191_805_2019-09-24 14:20:19.675043,1-1-191-805,AG-4F39,2019-09-24 07:20:20-07:00,2019-09-24 16:49:49-07:00,2019-09-24 12:03:37-07:00,13.419,33.36,80.0,553.0,America/Los_Angeles
jpl,1_1_191_795_2019-09-24 14:20:46.024706,1-1-191-795,AG-4F51,2019-09-24 07:20:46-07:00,2019-09-24 17:45:14-07:00,2019-09-24 17:23:43-07:00,56.476,66.0,220.0,591.0,America/Los_Angeles
jpl,1_1_191_811_2019-09-24 14:20:47.103778,1-1-191-811,AG-4F42,2019-09-24 07:20:47-07:00,2019-09-24 11:39:38-07:00,2019-09-24 11:40:38-07:00,20.185,56.0,140.0,487.0,America/Los_Angeles
jpl,1_1_191_806_2019-09-24 14:21:49.978060,1-1-191-806,AG-4F41,2019-09-24 07:21:50-07:00,2019-09-24 16:44:18-07:00,2019-09-24 15:47:50-07:00,10.318,27.0,60.0,286.0,America/Los_Angeles
jpl,1_1_178_828_2019-09-24 14:21:54.755434,1-1-178-828,AG-1F10,2019-09-24 07:21:55-07:00,2019-09-24 17:22:36-07:00,2019-09-24 13:19:05-07:00,27.466,43.29,130.0,620.0,America/Los_Angeles
jpl,1_1_191_786_2019-09-24 14:33:15.043303,1-1-191-786,AG-4F36,2019-09-24 07:33:15-07:00,2019-09-24 17:14:10-07:00,2019-09-24 15:36:16-07:00,40.018,40.0,100.0,568.0,America/Los_Angeles
jpl,1_1_191_784_2019-09-24 14:35:01.437519,1-1-191-784,AG-4F40,2019-09-24 07:35:01-07:00,2019-09-24 17:00:15-07:00,2019-09-24 13:30:46-07:00,14.148,16.65,50.0,267.0,America/Los_Angeles
jpl,1_1_191_804_2019-09-24 14:38:02.955560,1-1-191-804,AG-4F34,2019-09-24 07:38:03-07:00,2019-09-24 17:07:33-07:00,2019-09-24 16:59:57-07:00,5.621,5.0,20.0,72.0,America/Los_Angeles
jpl,1_1_191_793_2019-09-24 14:39:59.368917,1-1-191-793,AG-4F38,2019-09-24 07:39:59-07:00,2019-09-24 17:53:26-07:00,2019-09-24 10:05:31-07:00,5.58,9.0,20.0,67.0,America/Los_Angeles
jpl,1_1_179_781_2019-09-24 15:12:37.771486,1-1-179-781,AG-3F31,2019-09-24 08:13:23-07:00,2019-09-24 14:29:15-07:00,2019-09-24 12:37:53-07:00,20.319,72.0,180.0,720.0,America/Los_Angeles
jpl,1_1_179_809_2019-09-24 15:34:52.469665,1-1-179-809,AG-3F27,2019-09-24 08:34:52-07:00,2019-09-24 16:41:27-07:00,2019-09-24 11:14:16-07:00,4.813,8.0,20.0,61.0,America/Los_Angeles
jpl,1_1_179_801_2019-09-24 17:14:44.454990,1-1-179-801,AG-3F21,2019-09-24 10:14:44-07:00,2019-09-24 11:38:05-07:00,2019-09-24 11:12:16-07:00,1.144,0.0,0.0,0.0,America/Los_Angeles
jpl,1_1_193_827_2019-09-24 17:49:56.497123,1-1-193-827,AG-1F02,2019-09-24 10:50:03-07:00,2019-09-24 15:58:12-07:00,2019-09-24 13:05:02-07:00,5.398,64.8,180.0,323.0,America/Los_Angeles
jpl,1_1_194_821_2019-09-24 17:51:07.029909,1-1-194-821,AG-1F13,2019-09-24 10:52:55-07:00,2019-09-24 12:54:34-07:00,2019-09-24 12:37:55-07:00,2.533,2.5,10.0,466.0,America/Los_Angeles
jpl,1_1_194_818_2019-09-24 18:33:27.773109,1-1-194-818,AG-1F14,2019-09-24 11:33:28-07:00,2019-09-24 16:50:45-07:00,2019-09-24 14:08:33-07:00,8.751,20.0,50.0,295.0,America/Los_Angeles
jpl,1_1_191_811_2019-09-24 18:44:33.414952,1-1-191-811,AG-4F42,2019-09-24 11:44:33-07:00,2019-09-24 16:12:33-07:00,2019-09-24 16:13:32-07:00,25.358,4.16,20.0,274.0,America/Los_Angeles
jpl,1_1_193_820_2019-09-24 18:52:31.195106,1-1-193-820,AG-1F04,2019-09-24 11:52:31-07:00,2019-09-24 18:26:00-07:00,2019-09-24 15:54:58-07:00,24.599,90.0,150.0,355.0,America/Los_Angeles
jpl,1_1_179_801_2019-09-24 18:53:49.450038,1-1-179-801,AG-3F21,2019-09-24 11:53:49-07:00,2019-09-24 18:45:42-07:00,2019-09-24 18:46:42-07:00,43.365,61.16,220.0,308.0,America/Los_Angeles
jpl,1_1_179_800_2019-09-24 19:14:50.859895,1-1-179-800,AG-3F32,2019-09-24 12:14:51-07:00,2019-09-24 18:04:39-07:00,2019-09-24 17:07:01-07:00,8.956,12.5,50.0,246.0,America/Los_Angeles
jpl,1_1_179_799_2019-09-24 19:55:02.823678,1-1-179-799,AG-3F25,2019-09-24 12:55:03-07:00,2019-09-24 16:40:38-07:00,2019-09-24 15:42:52-07:00,7.919,8.0,20.0,173.0,America/Los_Angeles
jpl,1_1_194_821_2019-09-24 19:59:57.055113,1-1-194-821,AG-1F13,2019-09-24 12:59:57-07:00,2019-09-24 17:05:39-07:00,2019-09-24 17:00:45-07:00,0.796,4.0,10.0,39.0,America/Los_Angeles
jpl,1_1_193_819_2019-09-24 20:45:53.067150,1-1-193-819,AG-1F06,2019-09-24 13:45:53-07:00,2019-09-24 16:20:38-07:00,2019-09-24 15:59:42-07:00,8.043,12.0,40.0,134.0,America/Los_Angeles
jpl,1_1_179_781_2019-09-24 21:30:00.823629,1-1-179-781,AG-3F31,2019-09-24 14:30:14-07:00,2019-09-24 15:29:44-07:00,2019-09-24 15:00:32-07:00,1.638,56.0,140.0,429.0,America/Los_Angeles
jpl,1_1_191_778_2019-09-24 21:34:29.773991,1-1-191-778,AG-4F43,2019-09-24 14:34:30-07:00,2019-09-24 17:32:21-07:00,2019-09-24 17:33:18-07:00,18.011,40.25,70.0,564.0,America/Los_Angeles
jpl,1_1_193_825_2019-09-24 21:39:13.969243,1-1-193-825,AG-1F01,2019-09-24 14:39:39-07:00,2019-09-24 16:56:11-07:00,2019-09-24 16:53:04-07:00,12.325,16.65,50.0,159.0,America/Los_Angeles
jpl,1_1_191_782_2019-09-24 22:15:02.106507,1-1-191-782,AG-4F50,2019-09-24 15:15:02-07:00,2019-09-24 19:38:16-07:00,2019-09-24 17:55:31-07:00,16.263,16.25,50.0,236.0,America/Los_Angeles
jpl,1_1_178_823_2019-09-24 22:40:02.553104,1-1-178-823,AG-1F08,2019-09-24 15:40:03-07:00,2019-09-24 19:39:29-07:00,2019-09-24 18:24:22-07:00,8.325,20.0,50.0,162.0,America/Los_Angeles
jpl,1_1_193_816_2019-09-24 22:42:19.239918,1-1-193-816,AG-1F05,2019-09-24 15:42:19-07:00,2019-09-24 18:35:14-07:00,2019-09-24 18:35:16-07:00,9.693,16.0,40.0,169.0,America/Los_Angeles
jpl,1_1_178_824_2019-09-24 23:15:06.374011,1-1-178-824,AG-1F07,2019-09-24 16:15:06-07:00,2019-09-24 17:34:27-07:00,2019-09-24 17:35:27-07:00,8.266,39.96,120.0,344.0,America/Los_Angeles
jpl,1_1_193_827_2019-09-24 23:16:37.622782,1-1-193-827,AG-1F02,2019-09-24 16:17:03-07:00,2019-09-24 16:38:16-07:00,2019-09-24 16:36:31-07:00,0.955,8.0,20.0,429.0,America/Los_Angeles
jpl,1_1_193_819_2019-09-25 01:20:01.648573,1-1-193-819,AG-1F06,2019-09-24 18:20:02-07:00,2019-09-25 00:34:08-07:00,2019-09-24 20:10:35-07:00,5.697,10.0,20.0,157.0,America/Los_Angeles
jpl,1_1_194_822_2019-09-25 03:43:35.268168,1-1-194-822,AG-1F12,2019-09-24 20:43:35-07:00,2019-09-25 00:29:07-07:00,2019-09-25 00:30:04-07:00,23.399,21.36,80.0,272.0,America/Los_Angeles
jpl,1_1_178_817_2019-09-25 04:36:10.958915,1-1-178-817,AG-1F09,2019-09-24 21:36:11-07:00,2019-09-25 00:18:09-07:00,2019-09-25 00:19:09-07:00,16.797,40.05,150.0,426.0,America/Los_Angeles
jpl,1_1_178_828_2019-09-25 12:03:51.824547,1-1-178-828,AG-1F10,2019-09-25 05:03:52-07:00,2019-09-25 14:36:07-07:00,2019-09-25 07:38:41-07:00,6.38,10.0,50.0,30.0,America/Los_Angeles
jpl,1_1_194_826_2019-09-25 12:14:04.237561,1-1-194-826,AG-1F11,2019-09-25 05:14:04-07:00,2019-09-25 16:18:05-07:00,2019-09-25 15:38:46-07:00,13.811,18.75,50.0,681.0,America/Los_Angeles
jpl,1_1_178_823_2019-09-25 12:20:00.763865,1-1-178-823,AG-1F08,2019-09-25 05:20:01-07:00,2019-09-25 11:36:34-07:00,2019-09-25 08:57:07-07:00,13.695,20.0,50.0,181.0,America/Los_Angeles
jpl,1_1_178_817_2019-09-25 12:27:05.647151,1-1-178-817,AG-1F09,2019-09-25 05:27:06-07:00,2019-09-25 14:56:25-07:00,2019-09-25 14:05:23-07:00,1.103,0.0,0.0,0.0,America/Los_Angeles
jpl,1_1_194_822_2019-09-25 12:42:16.621465,1-1-194-822,AG-1F12,2019-09-25 05:42:17-07:00,2019-09-25 15:47:34-07:00,2019-09-25 09:18:03-07:00,6.936,6.66,20.0,521.0,America/Los_Angeles
jpl,1_1_191_789_2019-09-25 12:44:19.824969,1-1-191-789,AG-4F52,2019-09-25 05:44:20-07:00,2019-09-25 16:05:37-07:00,2019-09-25 07:44:37-07:00,5.723,7.0,20.0,574.0,America/Los_Angeles
jpl,1_1_178_824_2019-09-25 12:50:43.679845,1-1-178-824,AG-1F07,2019-09-25 05:51:05-07:00,2019-09-25 11:01:30-07:00,2019-09-25 09:24:38-07:00,21.368,84.0,210.0,619.0,America/Los_Angeles
jpl,1_1_193_825_2019-09-25 13:02:21.514498,1-1-193-825,AG-1F01,2019-09-25 06:02:22-07:00,2019-09-25 14:30:39-07:00,2019-09-25 11:10:52-07:00,11.744,13.9,50.0,465.0,America/Los_Angeles
jpl,1_1_193_819_2019-09-25 13:04:33.214415,1-1-193-819,AG-1F06,2019-09-25 06:04:33-07:00,2019-09-25 15:30:42-07:00,2019-09-25 10:48:57-07:00,12.895,18.0,30.0,361.0,America/Los_Angeles
jpl,1_1_193_827_2019-09-25 13:04:51.175943,1-1-193-827,AG-1F02,2019-09-25 06:04:51-07:00,2019-09-25 16:03:46-07:00,2019-09-25 11:58:37-07:00,7.247,12.0,30.0,242.0,America/Los_Angeles
jpl,1_1_179_799_2019-09-25 13:08:20.093211,1-1-179-799,AG-3F25,2019-09-25 06:08:45-07:00,2019-09-25 17:14:07-07:00,2019-09-25 10:48:57-07:00,21.224,24.12,90.0,536.0,America/Los_Angeles
jpl,1_1_193_816_2019-09-25 13:19:34.371765,1-1-193-816,AG-1F05,2019-09-25 06:19:34-07:00,2019-09-25 15:45:24-07:00,2019-09-25 13:37:01-07:00,8.191,8.0,40.0,386.0,America/Los_Angeles
jpl,1_1_179_781_2019-09-25 13:19:52.511093,1-1-179-781,AG-3F31,2019-09-25 06:19:53-07:00,2019-09-25 16:16:50-07:00,2019-09-25 08:42:08-07:00,12.636,40.0,100.0,354.0,America/Los_Angeles
jpl,1_1_193_820_2019-09-25 13:23:47.927118,1-1-193-820,AG-1F04,2019-09-25 06:23:48-07:00,2019-09-25 15:32:54-07:00,2019-09-25 13:01:42-07:00,15.332,20.0,50.0,446.0,America/Los_Angeles
jpl,1_1_179_787_2019-09-25 13:26:55.507034,1-1-179-787,AG-3F16,2019-09-25 06:26:55-07:00,2019-09-25 15:38:10-07:00,2019-09-25 09:24:41-07:00,7.75,16.0,40.0,533.0,America/Los_Angeles
jpl,1_1_193_829_2019-09-25 13:27:42.369053,1-1-193-829,AG-1F03,2019-09-25 06:27:42-07:00,2019-09-25 16:25:23-07:00,2019-09-25 08:48:42-07:00,11.816,60.0,100.0,578.0,America/Los_Angeles
jpl,1_1_194_821_2019-09-25 13:33:18.143806,1-1-194-821,AG-1F13,2019-09-25 06:33:18-07:00,2019-09-25 19:31:35-07:00,2019-09-25 08:15:56-07:00,3.09,8.0,20.0,448.0,America/Los_Angeles
jpl,1_1_179_797_2019-09-25 13:39:08.359585,1-1-179-797,AG-3F23,2019-09-25 06:39:08-07:00,2019-09-25 17:46:10-07:00,2019-09-25 08:28:23-07:00,5.208,24.75,90.0,556.0,America/Los_Angeles
jpl,1_1_179_777_2019-09-25 13:42:57.154803,1-1-179-777,AG-3F28,2019-09-25 06:42:57-07:00,2019-09-25 18:22:18-07:00,2019-09-25 17:15:23-07:00,11.846,20.0,50.0,430.0,America/Los_Angeles
jpl,1_1_194_818_2019-09-25 13:44:44.010274,1-1-194-818,AG-1F14,2019-09-25 06:44:44-07:00,2019-09-25 11:34:51-07:00,2019-09-25 11:34:24-07:00,18.813,45.0,180.0,681.0,America/Los_Angeles
jpl,1_1_179_800_2019-09-25 13:46:31.255238,1-1-179-800,AG-3F32,2019-09-25 06:46:31-07:00,2019-09-25 19:01:59-07:00,2019-09-25 11:27:19-07:00,12.047,15.2,38.0,329.0,America/Los_Angeles
jpl,1_1_191_795_2019-09-25 13:50:09.134667,1-1-191-795,AG-4F51,2019-09-25 06:50:09-07:00,2019-09-25 13:22:07-07:00,2019-09-25 11:34:21-07:00,25.955,66.0,110.0,555.0,America/Los_Angeles
jpl,1_1_179_794_2019-09-25 13:53:18.835742,1-1-179-794,AG-3F20,2019-09-25 06:53:19-07:00,2019-09-25 15:39:48-07:00,2019-09-25 15:40:48-07:00,27.445,39.95,170.0,515.0,America/Los_Angeles
jpl,1_1_179_810_2019-09-25 13:54:25.585950,1-1-179-810,AG-3F30,2019-09-25 06:54:26-07:00,2019-09-25 16:16:18-07:00,2019-09-25 15:42:26-07:00,50.508,65.2,200.0,550.0,America/Los_Angeles
jpl,1_1_179_788_2019-09-25 13:54:59.110936,1-1-179-788,AG-3F22,2019-09-25 06:54:59-07:00,2019-09-25 17:38:07-07:00,2019-09-25 11:55:18-07:00,12.504,15.0,40.0,529.0,America/Los_Angeles
jpl,1_1_179_791_2019-09-25 13:55:36.431923,1-1-179-791,AG-3F26,2019-09-25 06:55:36-07:00,2019-09-25 14:15:00-07:00,2019-09-25 09:24:39-07:00,6.666,8.0,20.0,60.0,America/Los_Angeles
jpl,1_1_179_796_2019-09-25 13:57:29.822555,1-1-179-796,AG-3F24,2019-09-25 06:57:30-07:00,2019-09-25 17:04:06-07:00,2019-09-25 16:51:43-07:00,19.528,35.01,90.0,562.0,America/Los_Angeles
jpl,1_1_179_798_2019-09-25 14:02:47.520686,1-1-179-798,AG-3F18,2019-09-25 07:02:48-07:00,2019-09-25 17:25:06-07:00,2019-09-25 09:24:37-07:00,6.673,12.0,30.0,601.0,America/Los_Angeles
jpl,1_1_179_783_2019-09-25 14:04:45.331023,1-1-179-783,AG-3F29,2019-09-25 07:04:45-07:00,2019-09-25 18:05:01-07:00,2019-09-25 08:27:20-07:00,2.653,6.66,20.0,68.0,America/Los_Angeles
jpl,1_1_179_809_2019-09-25 14:05:15.236718,1-1-179-809,AG-3F27,2019-09-25 07:05:15-07:00,2019-09-25 18:04:14-07:00,2019-09-25 09:24:39-07:00,8.17011861111111,15.65,50.0,473.0,America/Los_Angeles
jpl,1_1_179_779_2019-09-25 14:07:48.538669,1-1-179-779,AG-3F17,2019-09-25 07:08:05-07:00,2019-09-25 16:35:01-07:00,2019-09-25 12:31:42-07:00,16.267,16.65,50.0,552.0,America/Los_Angeles
jpl,1_1_179_801_2019-09-25 14:09:14.440767,1-1-179-801,AG-3F21,2019-09-25 07:09:30-07:00,2019-09-25 14:58:55-07:00,2019-09-25 11:44:32-07:00,12.854,20.15,62.0,457.0,America/Los_Angeles
jpl,1_1_179_790_2019-09-25 14:12:23.482910,1-1-179-790,AG-3F19,2019-09-25 07:12:23-07:00,2019-09-25 11:42:07-07:00,2019-09-25 11:24:42-07:00,10.735,8.0,20.0,324.0,America/Los_Angeles
jpl,1_1_191_803_2019-09-25 14:18:11.160793,1-1-191-803,AG-4F49,2019-09-25 07:18:11-07:00,2019-09-25 13:01:51-07:00,2019-09-25 11:50:35-07:00,19.969,25.0,100.0,437.0,America/Los_Angeles
jpl,1_1_191_802_2019-09-25 14:19:17.914718,1-1-191-802,AG-4F44,2019-09-25 07:19:18-07:00,2019-09-25 17:07:54-07:00,2019-09-25 10:48:19-07:00,6.152,12.0,30.0,615.0,America/Los_Angeles
jpl,1_1_191_782_2019-09-25 14:20:23.813404,1-1-191-782,AG-4F50,2019-09-25 07:20:26-07:00,2019-09-25 16:11:39-07:00,2019-09-25 14:22:51-07:00,37.993,102.74,220.0,627.0,America/Los_Angeles
jpl,1_1_191_785_2019-09-25 14:20:40.159467,1-1-191-785,AG-4F48,2019-09-25 07:20:40-07:00,2019-09-25 19:14:55-07:00,2019-09-25 12:24:35-07:00,16.649,16.5,60.0,306.0,America/Los_Angeles
jpl,1_1_191_778_2019-09-25 14:21:58.602850,1-1-191-778,AG-4F43,2019-09-25 07:21:59-07:00,2019-09-25 16:39:45-07:00,2019-09-25 15:55:15-07:00,18.945,38.85,150.0,553.0,America/Los_Angeles
jpl,1_1_191_812_2019-09-25 14:24:37.230251,1-1-191-812,AG-4F46,2019-09-25 07:24:37-07:00,2019-09-25 17:20:44-07:00,2019-09-25 16:24:40-07:00,41.282,23.31,90.0,567.0,America/Los_Angeles
jpl,1_1_191_807_2019-09-25 14:24:46.960603,1-1-191-807,AG-4F47,2019-09-25 07:24:47-07:00,2019-09-25 18:01:00-07:00,2019-09-25 12:31:43-07:00,14.225,20.0,80.0,492.0,America/Los_Angeles
jpl,1_1_191_780_2019-09-25 14:27:52.108430,1-1-191-780,AG-4F45,2019-09-25 07:27:53-07:00,2019-09-25 17:08:27-07:00,2019-09-25 11:34:25-07:00,13.559,20.0,50.0,416.0,America/Los_Angeles
jpl,1_1_191_792_2019-09-25 14:28:40.614279,1-1-191-792,AG-4F37,2019-09-25 07:28:41-07:00,2019-09-25 16:07:41-07:00,2019-09-25 13:38:52-07:00,16.173,16.0,40.0,470.0,America/Los_Angeles
jpl,1_1_191_808_2019-09-25 14:30:36.863070,1-1-191-808,AG-4F35,2019-09-25 07:30:37-07:00,2019-09-25 13:17:14-07:00,2019-09-25 11:41:28-07:00,1.563,16.0,40.0,438.0,America/Los_Angeles
jpl,1_1_191_811_2019-09-25 14:32:46.340633,1-1-191-811,AG-4F42,2019-09-25 07:32:46-07:00,2019-09-25 17:32:31-07:00,2019-09-25 12:31:44-07:00,22.741,25.92,90.0,530.0,America/Los_Angeles
jpl,1_1_191_805_2019-09-25 14:33:26.382548,1-1-191-805,AG-4F39,2019-09-25 07:33:27-07:00,2019-09-25 20:40:17-07:00,2019-09-25 10:02:21-07:00,9.991,27.0,60.0,286.0,America/Los_Angeles
jpl,1_1_191_793_2019-09-25 14:36:15.366146,1-1-191-793,AG-4F38,2019-09-25 07:36:15-07:00,2019-09-25 16:02:53-07:00,2019-09-25 13:46:57-07:00,14.933,16.65,50.0,267.0,America/Los_Angeles
jpl,1_1_191_804_2019-09-25 14:37:43.639454,1-1-191-804,AG-4F34,2019-09-25 07:37:44-07:00,2019-09-25 21:04:55-07:00,2019-09-25 13:38:00-07:00,32.465,49.92,240.0,624.0,America/Los_Angeles
jpl,1_1_191_786_2019-09-25 14:39:32.024435,1-1-191-786,AG-4F36,2019-09-25 07:39:32-07:00,2019-09-25 12:52:53-07:00,2019-09-25 11:22:52-07:00,7.954,10.0,40.0,285.0,America/Los_Angeles
jpl,1_1_191_784_2019-09-25 14:39:32.612818,1-1-191-784,AG-4F40,2019-09-25 07:39:33-07:00,2019-09-25 17:50:14-07:00,2019-09-25 16:27:38-07:00,5.586,5.0,20.0,63.0,America/Los_Angeles
jpl,1_1_178_824_2019-09-25 18:28:40.217110,1-1-178-824,AG-1F07,2019-09-25 11:28:40-07:00,2019-09-25 14:37:10-07:00,2019-09-25 13:09:19-07:00,8.634,24.08,80.0,365.0,America/Los_Angeles
jpl,1_1_178_823_2019-09-25 18:40:48.506908,1-1-178-823,AG-1F08,2019-09-25 11:40:54-07:00,2019-09-25 16:10:41-07:00,2019-09-25 15:23:37-07:00,9.422,46.8,130.0,60.0,America/Los_Angeles
jpl,1_1_179_790_2019-09-25 18:48:03.583157,1-1-179-790,AG-3F19,2019-09-25 11:48:04-07:00,2019-09-25 15:53:57-07:00,2019-09-25 15:16:01-07:00,18.889,36.0,90.0,315.0,America/Los_Angeles
jpl,1_1_194_818_2019-09-25 19:15:22.081990,1-1-194-818,AG-1F14,2019-09-25 12:15:51-07:00,2019-09-25 18:19:21-07:00,2019-09-25 18:19:22-07:00,3.806,84.0,210.0,619.0,America/Los_Angeles
jpl,1_1_191_808_2019-09-25 20:17:23.985867,1-1-191-808,AG-4F35,2019-09-25 13:17:24-07:00,2019-09-25 17:02:40-07:00,2019-09-25 17:03:40-07:00,10.833,16.0,40.0,438.0,America/Los_Angeles
jpl,1_1_191_795_2019-09-25 20:35:39.104565,1-1-191-795,AG-4F51,2019-09-25 13:35:39-07:00,2019-09-25 16:58:59-07:00,2019-09-25 16:52:23-07:00,14.269,24.0,60.0,224.0,America/Los_Angeles
jpl,1_1_191_803_2019-09-25 21:32:07.448813,1-1-191-803,AG-4F49,2019-09-25 14:32:07-07:00,2019-09-25 17:28:24-07:00,2019-09-25 17:29:21-07:00,18.505,23.0,40.0,564.0,America/Los_Angeles
jpl,1_1_179_791_2019-09-25 21:51:07.190077,1-1-179-791,AG-3F26,2019-09-25 14:51:07-07:00,2019-09-25 19:08:19-07:00,2019-09-25 18:19:52-07:00,21.013,21.0,60.0,279.0,America/Los_Angeles
jpl,1_1_191_786_2019-09-25 22:00:58.549219,1-1-191-786,AG-4F36,2019-09-25 15:00:59-07:00,2019-09-25 16:27:24-07:00,2019-09-25 16:28:21-07:00,4.004,4.5,20.0,64.0,America/Los_Angeles
jpl,1_1_178_828_2019-09-25 22:08:02.138604,1-1-178-828,AG-1F10,2019-09-25 15:08:02-07:00,2019-09-25 17:20:03-07:00,2019-09-25 17:15:17-07:00,0.739,0.0,0.0,0.0,America/Los_Angeles
jpl,1_1_193_819_2019-09-25 22:37:17.204383,1-1-193-819,AG-1F06,2019-09-25 15:37:32-07:00,2019-09-25 19:18:57-07:00,2019-09-25 19:19:57-07:00,13.97,36.0,90.0,328.0,America/Los_Angeles
jpl,1_1_178_817_2019-09-25 22:42:02.483760,1-1-178-817,AG-1F09,2019-09-25 15:42:02-07:00,2019-09-25 18:29:12-07:00,2019-09-25 18:30:12-07:00,11.85,36.63,110.0,422.0,America/Los_Angeles
jpl,1_1_193_820_2019-09-25 22:48:46.793760,1-1-193-820,AG-1F04,2019-09-25 15:49:06-07:00,2019-09-25 18:34:13-07:00,2019-09-25 18:26:41-07:00,12.268,16.65,50.0,159.0,America/Los_Angeles
jpl,1_1_178_824_2019-09-25 22:50:51.420912,1-1-178-824,AG-1F07,2019-09-25 15:50:51-07:00,2019-09-25 17:41:51-07:00,2019-09-25 17:42:48-07:00,7.37,39.96,120.0,344.0,America/Los_Angeles
jpl,1_1_193_825_2019-09-25 22:57:38.188441,1-1-193-825,AG-1F01,2019-09-25 15:57:52-07:00,2019-09-25 18:43:54-07:00,2019-09-25 18:44:51-07:00,12.539,18.0,60.0,194.0,America/Los_Angeles
jpl,1_1_178_823_2019-09-25 23:22:58.273026,1-1-178-823,AG-1F08,2019-09-25 16:22:58-07:00,2019-09-25 19:26:33-07:00,2019-09-25 18:26:01-07:00,6.318,10.0,20.0,126.0,America/Los_Angeles
jpl,1_1_193_829_2019-09-25 23:58:20.991039,1-1-193-829,AG-1F03,2019-09-25 16:58:21-07:00,2019-09-25 18:50:59-07:00,2019-09-25 18:51:56-07:00,7.386,36.0,120.0,127.0,America/Los_Angeles
jpl,1_1_194_822_2019-09-26 04:50:03.206205,1-1-194-822,AG-1F12,2019-09-25 21:50:03-07:00,2019-09-25 23:14:11-07:00,2019-09-25 23:15:08-07:00,8.739,21.36,80.0,404.0,America/Los_Angeles
jpl,1_1_178_823_2019-09-26 05:22:25.692067,1-1-178-823,AG-1F08,2019-09-25 22:22:26-07:00,2019-09-26 01:44:47-07:00,2019-09-26 00:12:24-07:00,5.62,10.0,20.0,157.0,America/Los_Angeles
jpl,1_1_178_828_2019-09-26 11:58:47.797548,1-1-178-828,AG-1F10,2019-09-26 04:58:48-07:00,2019-09-26 16:17:51-07:00,2019-09-26 13:41:14-07:00,42.041,66.6,200.0,620.0,America/Los_Angeles
jpl,1_1_178_817_2019-09-26 12:00:11.177766,1-1-178-817,AG-1F09,2019-09-26 05:00:11-07:00,2019-09-26 14:35:14-07:00,2019-09-26 07:23:06-07:00,6.486,10.0,50.0,30.0,America/Los_Angeles
jpl,1_1_178_823_2019-09-26 12:14:09.826849,1-1-178-823,AG-1F08,2019-09-26 05:14:10-07:00,2019-09-26 15:08:02-07:00,2019-09-26 08:32:32-07:00,12.594,20.0,50.0,244.0,America/Los_Angeles
jpl,1_1_194_826_2019-09-26 12:36:20.177684,1-1-194-826,AG-1F11,2019-09-26 05:36:20-07:00,2019-09-26 15:32:54-07:00,2019-09-26 09:24:36-07:00,7.145,6.66,20.0,521.0,America/Los_Angeles
jpl,1_1_193_819_2019-09-26 12:44:07.376076,1-1-193-819,AG-1F06,2019-09-26 05:44:07-07:00,2019-09-26 15:33:31-07:00,2019-09-26 10:20:19-07:00,10.087,24.0,40.0,575.0,America/Los_Angeles
jpl,1_1_191_789_2019-09-26 12:44:32.126428,1-1-191-789,AG-4F52,2019-09-26 05:44:32-07:00,2019-09-26 16:28:19-07:00,2019-09-26 08:05:34-07:00,5.805,7.0,20.0,574.0,America/Los_Angeles
jpl,1_1_193_825_2019-09-26 12:55:43.329088,1-1-193-825,AG-1F01,2019-09-26 05:55:43-07:00,2019-09-26 16:14:01-07:00,2019-09-26 08:04:09-07:00,5.468,12.0,30.0,242.0,America/Los_Angeles
jpl,1_1_193_829_2019-09-26 13:00:34.434795,1-1-193-829,AG-1F03,2019-09-26 06:00:34-07:00,2019-09-26 15:41:22-07:00,2019-09-26 14:01:14-07:00,32.624,32.62,140.0,314.0,America/Los_Angeles
jpl,1_1_193_820_2019-09-26 13:04:21.425202,1-1-193-820,AG-1F04,2019-09-26 06:04:21-07:00,2019-09-26 14:50:54-07:00,2019-09-26 08:54:17-07:00,12.858,18.0,30.0,361.0,America/Los_Angeles
jpl,1_1_179_815_2019-09-26 13:05:13.208935,1-1-179-815,AG-3F33,2019-09-26 06:05:13-07:00,2019-09-26 16:29:45-07:00,2019-09-26 10:33:06-07:00,11.841,20.0,50.0,493.0,America/Los_Angeles
jpl,1_1_193_827_2019-09-26 13:12:00.426056,1-1-193-827,AG-1F02,2019-09-26 06:12:00-07:00,2019-09-26 10:32:53-07:00,2019-09-26 07:37:52-07:00,2.43,4.0,20.0,42.0,America/Los_Angeles
jpl,1_1_193_816_2019-09-26 13:21:28.598253,1-1-193-816,AG-1F05,2019-09-26 06:21:29-07:00,2019-09-26 11:03:14-07:00,2019-09-26 11:04:11-07:00,10.489,20.0,50.0,446.0,America/Los_Angeles
jpl,1_1_178_824_2019-09-26 13:21:52.539687,1-1-178-824,AG-1F07,2019-09-26 06:21:53-07:00,2019-09-26 16:03:04-07:00,2019-09-26 08:46:55-07:00,8.083,8.0,40.0,386.0,America/Los_Angeles
jpl,1_1_191_785_2019-09-26 13:26:32.810519,1-1-191-785,AG-4F48,2019-09-26 06:26:33-07:00,2019-09-26 16:33:21-07:00,2019-09-26 09:29:41-07:00,7.39,12.0,30.0,615.0,America/Los_Angeles
jpl,1_1_179_800_2019-09-26 13:26:31.144831,1-1-179-800,AG-3F32,2019-09-26 06:27:25-07:00,2019-09-26 15:06:16-07:00,2019-09-26 13:35:12-07:00,18.049,24.12,90.0,335.0,America/Los_Angeles
jpl,1_1_194_822_2019-09-26 13:30:57.164457,1-1-194-822,AG-1F12,2019-09-26 06:31:40-07:00,2019-09-26 16:35:27-07:00,2019-09-26 11:55:17-07:00,23.913,84.0,210.0,619.0,America/Los_Angeles
jpl,1_1_179_787_2019-09-26 13:33:21.425565,1-1-179-787,AG-3F16,2019-09-26 06:33:21-07:00,2019-09-26 15:28:58-07:00,2019-09-26 09:50:09-07:00,7.601,16.0,40.0,533.0,America/Los_Angeles
jpl,1_1_179_799_2019-09-26 13:35:33.381851,1-1-179-799,AG-3F25,2019-09-26 06:35:33-07:00,2019-09-26 16:09:23-07:00,2019-09-26 08:33:05-07:00,5.736,8.0,20.0,61.0,America/Los_Angeles
jpl,1_1_194_821_2019-09-26 13:35:35.867729,1-1-194-821,AG-1F13,2019-09-26 06:35:36-07:00,2019-09-26 16:24:52-07:00,2019-09-26 09:19:49-07:00,12.963,60.0,100.0,555.0,America/Los_Angeles
jpl,1_1_194_818_2019-09-26 13:37:18.358300,1-1-194-818,AG-1F14,2019-09-26 06:37:18-07:00,2019-09-26 13:31:25-07:00,2019-09-26 13:32:25-07:00,8.366,39.95,170.0,396.0,America/Los_Angeles
jpl,1_1_179_777_2019-09-26 13:38:48.216230,1-1-179-777,AG-3F28,2019-09-26 06:38:48-07:00,2019-09-26 12:01:45-07:00,2019-09-26 10:34:49-07:00,13.805,20.0,50.0,181.0,America/Los_Angeles
jpl,1_1_179_797_2019-09-26 13:41:26.154164,1-1-179-797,AG-3F23,2019-09-26 06:41:26-07:00,2019-09-26 14:10:05-07:00,2019-09-26 10:14:35-07:00,22.047,66.0,110.0,555.0,America/Los_Angeles
jpl,1_1_179_810_2019-09-26 13:49:09.741191,1-1-179-810,AG-3F30,2019-09-26 06:49:10-07:00,2019-09-26 14:16:26-07:00,2019-09-26 14:17:26-07:00,48.222,62.5,250.0,435.0,America/Los_Angeles
jpl,1_1_179_813_2019-09-26 13:49:55.787969,1-1-179-813,AG-3F15,2019-09-26 06:49:56-07:00,2019-09-26 17:07:27-07:00,2019-09-26 11:11:17-07:00,8.688,11.12,40.0,465.0,America/Los_Angeles
jpl,1_1_179_796_2019-09-26 13:53:52.963428,1-1-179-796,AG-3F24,2019-09-26 06:53:53-07:00,2019-09-26 17:26:49-07:00,2019-09-26 11:37:54-07:00,11.531,27.0,60.0,286.0,America/Los_Angeles
jpl,1_1_191_808_2019-09-26 13:56:15.196812,1-1-191-808,AG-4F35,2019-09-26 06:56:15-07:00,2019-09-26 17:32:13-07:00,2019-09-26 12:15:52-07:00,13.165,16.0,40.0,350.0,America/Los_Angeles
jpl,1_1_179_788_2019-09-26 13:58:16.937545,1-1-179-788,AG-3F22,2019-09-26 06:58:17-07:00,2019-09-26 16:30:13-07:00,2019-09-26 09:09:20-07:00,5.298,24.75,90.0,556.0,America/Los_Angeles
jpl,1_1_179_801_2019-09-26 14:04:27.180243,1-1-179-801,AG-3F21,2019-09-26 07:04:27-07:00,2019-09-26 16:23:19-07:00,2019-09-26 16:22:21-07:00,57.865,56.0,160.0,550.0,America/Los_Angeles
jpl,1_1_179_798_2019-09-26 14:05:02.181993,1-1-179-798,AG-3F18,2019-09-26 07:05:02-07:00,2019-09-26 17:20:27-07:00,2019-09-26 11:29:01-07:00,11.976,15.0,40.0,529.0,America/Los_Angeles
jpl,1_1_179_794_2019-09-26 14:05:47.579274,1-1-179-794,AG-3F20,2019-09-26 07:05:48-07:00,2019-09-26 17:02:56-07:00,2019-09-26 10:20:21-07:00,6.703,12.0,30.0,601.0,America/Los_Angeles
jpl,1_1_179_783_2019-09-26 14:08:49.587537,1-1-179-783,AG-3F29,2019-09-26 07:08:50-07:00,2019-09-26 17:15:14-07:00,2019-09-26 09:42:56-07:00,4.218,9.99,30.0,304.0,America/Los_Angeles
jpl,1_1_179_791_2019-09-26 14:10:46.528818,1-1-179-791,AG-3F26,2019-09-26 07:10:58-07:00,2019-09-26 16:37:51-07:00,2019-09-26 16:38:51-07:00,16.527,16.65,50.0,552.0,America/Los_Angeles
jpl,1_1_179_790_2019-09-26 14:11:56.087528,1-1-179-790,AG-3F19,2019-09-26 07:11:56-07:00,2019-09-26 17:02:51-07:00,2019-09-26 15:46:17-07:00,17.613,35.01,90.0,562.0,America/Los_Angeles
jpl,1_1_191_795_2019-09-26 14:16:09.267970,1-1-191-795,AG-4F51,2019-09-26 07:16:09-07:00,2019-09-26 10:26:41-07:00,2019-09-26 10:27:38-07:00,8.281,20.0,50.0,207.0,America/Los_Angeles
jpl,1_1_191_802_2019-09-26 14:18:10.987878,1-1-191-802,AG-4F44,2019-09-26 07:18:11-07:00,2019-09-26 17:01:52-07:00,2019-09-26 16:41:16-07:00,11.129,38.85,150.0,492.0,America/Los_Angeles
jpl,1_1_179_809_2019-09-26 14:19:34.048932,1-1-179-809,AG-3F27,2019-09-26 07:19:34-07:00,2019-09-26 16:49:43-07:00,2019-09-26 16:01:44-07:00,51.214,63.75,150.0,555.0,America/Los_Angeles
jpl,1_1_179_779_2019-09-26 14:20:19.419263,1-1-179-779,AG-3F17,2019-09-26 07:20:34-07:00,2019-09-26 15:06:33-07:00,2019-09-26 11:52:46-07:00,12.368,15.5,62.0,457.0,America/Los_Angeles
jpl,1_1_191_803_2019-09-26 14:20:40.510111,1-1-191-803,AG-4F49,2019-09-26 07:20:41-07:00,2019-09-26 17:16:50-07:00,2019-09-26 09:29:06-07:00,12.977,32.0,80.0,300.0,America/Los_Angeles
jpl,1_1_191_780_2019-09-26 14:23:09.866066,1-1-191-780,AG-4F45,2019-09-26 07:23:10-07:00,2019-09-26 12:39:41-07:00,2019-09-26 12:27:52-07:00,14.041,20.0,50.0,416.0,America/Los_Angeles
jpl,1_1_191_811_2019-09-26 14:24:43.959999,1-1-191-811,AG-4F42,2019-09-26 07:24:44-07:00,2019-09-26 16:33:09-07:00,2019-09-26 12:00:40-07:00,23.266,54.96,240.0,543.0,America/Los_Angeles
jpl,1_1_191_778_2019-09-26 14:25:02.180367,1-1-191-778,AG-4F43,2019-09-26 07:25:02-07:00,2019-09-26 16:21:50-07:00,2019-09-26 15:17:13-07:00,39.684,40.0,160.0,506.0,America/Los_Angeles
jpl,1_1_191_807_2019-09-26 14:27:27.387729,1-1-191-807,AG-4F47,2019-09-26 07:27:27-07:00,2019-09-26 17:40:38-07:00,2019-09-26 13:23:39-07:00,34.944,47.5,190.0,437.0,America/Los_Angeles
jpl,1_1_191_806_2019-09-26 14:27:27.716909,1-1-191-806,AG-4F41,2019-09-26 07:27:28-07:00,2019-09-26 16:21:33-07:00,2019-09-26 11:21:50-07:00,18.772,102.74,220.0,627.0,America/Los_Angeles
jpl,1_1_191_812_2019-09-26 14:27:46.891959,1-1-191-812,AG-4F46,2019-09-26 07:27:47-07:00,2019-09-26 11:40:23-07:00,2019-09-26 10:40:15-07:00,7.994,12.5,50.0,246.0,America/Los_Angeles
jpl,1_1_191_805_2019-09-26 14:28:03.991014,1-1-191-805,AG-4F39,2019-09-26 07:28:04-07:00,2019-09-26 18:35:18-07:00,2019-09-26 09:37:56-07:00,3.576,8.0,20.0,448.0,America/Los_Angeles
jpl,1_1_191_792_2019-09-26 14:29:52.195515,1-1-191-792,AG-4F37,2019-09-26 07:29:52-07:00,2019-09-26 15:44:57-07:00,2019-09-26 10:15:24-07:00,5.464,6.66,20.0,493.0,America/Los_Angeles
jpl,1_1_191_786_2019-09-26 14:30:44.579722,1-1-191-786,AG-4F36,2019-09-26 07:30:45-07:00,2019-09-26 17:42:32-07:00,2019-09-26 15:48:01-07:00,19.503,60.0,150.0,671.0,America/Los_Angeles
jpl,1_1_191_804_2019-09-26 14:30:53.550339,1-1-191-804,AG-4F34,2019-09-26 07:30:54-07:00,2019-09-26 16:28:52-07:00,2019-09-26 16:29:52-07:00,33.538,51.68,170.0,484.0,America/Los_Angeles
jpl,1_1_191_793_2019-09-26 14:31:00.246820,1-1-191-793,AG-4F38,2019-09-26 07:31:15-07:00,2019-09-26 18:14:22-07:00,2019-09-26 09:51:10-07:00,4.934,7.5,20.0,225.0,America/Los_Angeles
jpl,1_1_191_784_2019-09-26 14:31:40.169198,1-1-191-784,AG-4F40,2019-09-26 07:31:40-07:00,2019-09-26 18:21:53-07:00,2019-09-26 18:08:23-07:00,17.123,15.0,60.0,73.0,America/Los_Angeles
jpl,1_1_191_782_2019-09-26 14:34:41.523894,1-1-191-782,AG-4F50,2019-09-26 07:34:42-07:00,2019-09-26 16:32:52-07:00,2019-09-26 10:55:34-07:00,12.444,18.0,30.0,466.0,America/Los_Angeles
jpl,1_1_191_795_2019-09-26 17:33:51.334796,1-1-191-795,AG-4F51,2019-09-26 10:34:03-07:00,2019-09-26 16:04:44-07:00,2019-09-26 13:47:41-07:00,8.124,46.8,130.0,237.0,America/Los_Angeles
jpl,1_1_193_827_2019-09-26 17:56:30.478396,1-1-193-827,AG-1F02,2019-09-26 10:56:43-07:00,2019-09-26 18:03:02-07:00,2019-09-26 12:54:58-07:00,4.21,9.99,30.0,265.0,America/Los_Angeles
jpl,1_1_193_816_2019-09-26 18:14:32.051625,1-1-193-816,AG-1F05,2019-09-26 11:14:32-07:00,2019-09-26 17:29:34-07:00,2019-09-26 17:30:34-07:00,29.337,57.76,190.0,387.0,America/Los_Angeles
jpl,1_1_191_812_2019-09-26 18:45:39.106947,1-1-191-812,AG-4F46,2019-09-26 11:45:39-07:00,2019-09-26 15:40:34-07:00,2019-09-26 15:41:31-07:00,24.251,48.0,160.0,638.0,America/Los_Angeles
jpl,1_1_179_777_2019-09-26 19:03:11.412391,1-1-179-777,AG-3F28,2019-09-26 12:03:11-07:00,2019-09-26 17:12:08-07:00,2019-09-26 15:48:37-07:00,22.568,22.5,60.0,204.0,America/Los_Angeles
jpl,1_1_191_780_2019-09-26 19:42:41.369962,1-1-191-780,AG-4F45,2019-09-26 12:42:41-07:00,2019-09-26 17:24:43-07:00,2019-09-26 17:25:43-07:00,29.587,4.16,20.0,274.0,America/Los_Angeles
jpl,1_1_194_818_2019-09-26 20:45:12.130920,1-1-194-818,AG-1F14,2019-09-26 13:45:12-07:00,2019-09-26 16:30:07-07:00,2019-09-26 16:31:04-07:00,15.576,61.16,220.0,308.0,America/Los_Angeles
jpl,1_1_179_797_2019-09-26 21:26:22.408192,1-1-179-797,AG-3F23,2019-09-26 14:26:22-07:00,2019-09-26 18:34:26-07:00,2019-09-26 18:25:40-07:00,23.53,16.17,70.0,185.0,America/Los_Angeles
jpl,1_1_179_810_2019-09-26 21:29:34.238938,1-1-179-810,AG-3F30,2019-09-26 14:29:34-07:00,2019-09-26 15:54:25-07:00,2019-09-26 15:38:57-07:00,3.352,8.0,20.0,60.0,America/Los_Angeles
jpl,1_1_193_820_2019-09-26 21:57:55.722540,1-1-193-820,AG-1F04,2019-09-26 14:57:56-07:00,2019-09-26 18:23:14-07:00,2019-09-26 18:24:11-07:00,11.106,16.65,50.0,267.0,America/Los_Angeles
jpl,1_1_178_823_2019-09-26 22:10:19.588552,1-1-178-823,AG-1F08,2019-09-26 15:10:20-07:00,2019-09-26 18:43:03-07:00,2019-09-26 18:44:00-07:00,13.867,36.0,120.0,299.0,America/Los_Angeles
jpl,1_1_179_800_2019-09-26 22:11:31.370117,1-1-179-800,AG-3F32,2019-09-26 15:11:31-07:00,2019-09-26 19:41:16-07:00,2019-09-26 18:39:13-07:00,14.023,14.0,40.0,230.0,America/Los_Angeles
jpl,1_1_178_817_2019-09-26 22:43:05.146678,1-1-178-817,AG-1F09,2019-09-26 15:43:05-07:00,2019-09-26 19:17:39-07:00,2019-09-26 18:58:10-07:00,0.697,0.0,0.0,0.0,America/Los_Angeles
jpl,1_1_193_819_2019-09-26 22:43:35.550468,1-1-193-819,AG-1F06,2019-09-26 15:43:42-07:00,2019-09-26 18:53:46-07:00,2019-09-26 18:46:46-07:00,11.383,13.32,40.0,61.0,America/Los_Angeles
jpl,1_1_194_826_2019-09-26 22:53:11.250250,1-1-194-826,AG-1F11,2019-09-26 15:53:11-07:00,2019-09-26 17:43:08-07:00,2019-09-26 17:44:05-07:00,8.372,17.52,60.0,177.0,America/Los_Angeles
jpl,1_1_191_795_2019-09-26 23:16:13.039991,1-1-191-795,AG-4F51,2019-09-26 16:16:14-07:00,2019-09-26 18:22:08-07:00,2019-09-26 18:21:02-07:00,6.615,8.0,20.0,63.0,America/Los_Angeles
jpl,1_1_193_829_2019-09-26 23:23:12.247917,1-1-193-829,AG-1F03,2019-09-26 16:23:12-07:00,2019-09-26 19:53:42-07:00,2019-09-26 19:54:42-07:00,12.936,48.93,210.0,443.0,America/Los_Angeles
jpl,1_1_178_828_2019-09-26 23:29:20.516888,1-1-178-828,AG-1F10,2019-09-26 16:29:21-07:00,2019-09-26 19:34:41-07:00,2019-09-26 19:34:19-07:00,8.403,20.0,50.0,162.0,America/Los_Angeles
jpl,1_1_194_821_2019-09-26 23:55:04.659497,1-1-194-821,AG-1F13,2019-09-26 16:55:05-07:00,2019-09-26 18:46:44-07:00,2019-09-26 18:47:44-07:00,5.269,9.0,20.0,67.0,America/Los_Angeles
jpl,1_1_194_822_2019-09-26 23:58:14.910661,1-1-194-822,AG-1F12,2019-09-26 16:58:22-07:00,2019-09-26 18:40:30-07:00,2019-09-26 18:41:27-07:00,4.876,27.5,110.0,243.0,America/Los_Angeles
jpl,1_1_194_818_2019-09-27 00:22:51.528994,1-1-194-818,AG-1F14,2019-09-26 17:22:52-07:00,2019-09-26 19:18:19-07:00,2019-09-26 19:14:12-07:00,6.75,20.0,100.0,173.0,America/Los_Angeles
jpl,1_1_193_825_2019-09-27 00:51:40.969533,1-1-193-825,AG-1F01,2019-09-26 17:51:41-07:00,2019-09-26 20:13:49-07:00,2019-09-26 19:58:32-07:00,6.595,24.0,60.0,224.0,America/Los_Angeles
jpl,1_1_194_826_2019-09-27 01:04:48.458308,1-1-194-826,AG-1F11,2019-09-26 18:04:48-07:00,2019-09-26 22:34:53-07:00,2019-09-26 21:42:49-07:00,19.582,21.0,70.0,130.0,America/Los_Angeles
jpl,1_1_178_828_2019-09-27 12:05:06.209049,1-1-178-828,AG-1F10,2019-09-27 05:05:06-07:00,2019-09-27 08:02:26-07:00,2019-09-27 07:18:51-07:00,6.415,10.0,50.0,30.0,America/Los_Angeles
jpl,1_1_178_823_2019-09-27 12:43:15.138831,1-1-178-823,AG-1F08,2019-09-27 05:43:15-07:00,2019-09-27 15:32:15-07:00,2019-09-27 09:00:54-07:00,9.419,24.0,40.0,575.0,America/Los_Angeles
jpl,1_1_178_817_2019-09-27 13:37:17.416303,1-1-178-817,AG-1F09,2019-09-27 06:37:17-07:00,2019-09-27 17:45:14-07:00,2019-09-27 12:24:53-07:00,25.954,43.29,130.0,620.0,America/Los_Angeles
jpl,1_1_193_819_2019-09-27 13:50:11.219107,1-1-193-819,AG-1F06,2019-09-27 06:50:11-07:00,2019-09-27 11:48:46-07:00,2019-09-27 09:17:12-07:00,6.328,7.0,20.0,236.0,America/Los_Angeles
jpl,1_1_193_820_2019-09-27 13:53:52.559873,1-1-193-820,AG-1F04,2019-09-27 06:53:53-07:00,2019-09-27 11:47:16-07:00,2019-09-27 09:16:25-07:00,6.135,22.84,40.0,277.0,America/Los_Angeles
jpl,1_1_194_821_2019-09-27 14:05:20.969667,1-1-194-821,AG-1F13,2019-09-27 07:05:21-07:00,2019-09-27 15:50:39-07:00,2019-09-27 12:13:17-07:00,16.216,39.95,170.0,396.0,America/Los_Angeles
jpl,1_1_179_810_2019-09-27 14:06:21.666590,1-1-179-810,AG-3F30,2019-09-27 07:06:22-07:00,2019-09-27 16:14:07-07:00,2019-09-27 16:11:43-07:00,38.889,40.04,140.0,720.0,America/Los_Angeles
jpl,1_1_179_777_2019-09-27 14:13:28.370544,1-1-179-777,AG-3F28,2019-09-27 07:13:28-07:00,2019-09-27 08:26:34-07:00,2019-09-27 08:27:31-07:00,7.635,30.0,120.0,300.0,America/Los_Angeles
jpl,1_1_193_825_2019-09-27 14:35:05.341173,1-1-193-825,AG-1F01,2019-09-27 07:35:05-07:00,2019-09-27 15:42:14-07:00,2019-09-27 15:43:14-07:00,45.754,51.0,170.0,638.0,America/Los_Angeles
jpl,1_1_178_824_2019-09-27 14:39:57.179784,1-1-178-824,AG-1F07,2019-09-27 07:39:57-07:00,2019-09-27 16:08:38-07:00,2019-09-27 13:17:45-07:00,21.232,35.0,140.0,437.0,America/Los_Angeles
jpl,1_1_193_816_2019-09-27 14:52:30.439094,1-1-193-816,AG-1F05,2019-09-27 07:52:30-07:00,2019-09-27 12:02:05-07:00,2019-09-27 08:19:43-07:00,0.762,4.5,20.0,64.0,America/Los_Angeles
jpl,1_1_178_828_2019-09-27 15:22:16.329177,1-1-178-828,AG-1F10,2019-09-27 08:22:16-07:00,2019-09-27 11:40:29-07:00,2019-09-27 10:38:39-07:00,9.527,16.0,40.0,163.0,America/Los_Angeles
jpl,1_1_193_827_2019-09-27 15:29:31.859870,1-1-193-827,AG-1F02,2019-09-27 08:29:32-07:00,2019-09-27 11:42:53-07:00,2019-09-27 10:35:59-07:00,5.226,6.66,20.0,493.0,America/Los_Angeles
jpl,1_1_193_829_2019-09-27 15:29:19.794341,1-1-193-829,AG-1F03,2019-09-27 08:29:35-07:00,2019-09-27 12:00:25-07:00,2019-09-27 12:01:25-07:00,15.337,30.0,100.0,267.0,America/Los_Angeles
jpl,1_1_194_826_2019-09-27 15:30:07.200861,1-1-194-826,AG-1F11,2019-09-27 08:30:07-07:00,2019-09-27 13:34:05-07:00,2019-09-27 10:35:43-07:00,5.417,8.05,23.0,513.0,America/Los_Angeles
jpl,1_1_194_822_2019-09-27 15:36:59.061311,1-1-194-822,AG-1F12,2019-09-27 08:36:59-07:00,2019-09-27 10:50:50-07:00,2019-09-27 10:51:47-07:00,4.268,6.66,20.0,246.0,America/Los_Angeles
jpl,1_1_194_818_2019-09-27 15:45:53.910421,1-1-194-818,AG-1F14,2019-09-27 08:45:54-07:00,2019-09-27 11:22:25-07:00,2019-09-27 11:23:25-07:00,5.884,24.0,60.0,468.0,America/Los_Angeles
jpl,1_1_179_800_2019-09-27 16:10:09.531129,1-1-179-800,AG-3F32,2019-09-27 09:10:10-07:00,2019-09-27 14:57:24-07:00,2019-09-27 10:56:39-07:00,5.161,9.0,20.0,67.0,America/Los_Angeles
jpl,1_1_179_783_2019-09-27 16:17:41.671108,1-1-179-783,AG-3F29,2019-09-27 09:17:42-07:00,2019-09-27 12:21:16-07:00,2019-09-27 10:33:46-07:00,3.291,7.0,20.0,183.0,America/Los_Angeles
jpl,1_1_179_777_2019-09-27 16:31:31.578448,1-1-179-777,AG-3F28,2019-09-27 09:31:32-07:00,2019-09-27 11:45:11-07:00,2019-09-27 11:46:11-07:00,13.762,50.82,220.0,488.0,America/Los_Angeles
jpl,1_1_179_809_2019-09-27 16:55:05.486491,1-1-179-809,AG-3F27,2019-09-27 09:55:05-07:00,2019-09-27 17:17:42-07:00,2019-09-27 15:01:46-07:00,30.009,30.0,120.0,245.0,America/Los_Angeles
jpl,1_1_179_794_2019-09-27 17:07:27.240933,1-1-179-794,AG-3F20,2019-09-27 10:07:27-07:00,2019-09-27 15:16:40-07:00,2019-09-27 15:17:37-07:00,32.663,62.5,250.0,574.0,America/Los_Angeles
jpl,1_1_179_791_2019-09-27 17:14:16.445058,1-1-179-791,AG-3F26,2019-09-27 10:14:16-07:00,2019-09-27 14:22:01-07:00,2019-09-27 14:23:01-07:00,23.351,40.05,150.0,426.0,America/Los_Angeles
jpl,1_1_179_815_2019-09-27 17:19:03.730241,1-1-179-815,AG-3F33,2019-09-27 10:19:04-07:00,2019-09-27 17:53:34-07:00,2019-09-27 16:44:57-07:00,35.909,37.18,130.0,456.0,America/Los_Angeles
jpl,1_1_193_829_2019-09-27 19:04:36.940862,1-1-193-829,AG-1F03,2019-09-27 12:04:37-07:00,2019-09-27 15:05:49-07:00,2019-09-27 13:41:39-07:00,4.22,24.0,60.0,259.0,America/Los_Angeles
jpl,1_1_178_828_2019-09-27 20:04:33.449475,1-1-178-828,AG-1F10,2019-09-27 13:04:33-07:00,2019-09-27 16:21:16-07:00,2019-09-27 14:20:42-07:00,3.417,12.0,40.0,134.0,America/Los_Angeles
jpl,1_1_179_788_2019-09-27 20:51:01.956772,1-1-179-788,AG-3F22,2019-09-27 13:51:02-07:00,2019-09-27 16:09:52-07:00,2019-09-27 16:10:52-07:00,4.48,8.0,20.0,130.0,America/Los_Angeles
jpl,1_1_193_816_2019-09-27 21:02:52.917679,1-1-193-816,AG-1F05,2019-09-27 14:02:53-07:00,2019-09-27 17:53:08-07:00,2019-09-27 17:54:05-07:00,20.345,48.0,120.0,381.0,America/Los_Angeles
jpl,1_1_193_820_2019-09-27 22:03:14.733340,1-1-193-820,AG-1F04,2019-09-27 15:03:15-07:00,2019-09-27 18:26:00-07:00,2019-09-27 18:18:28-07:00,9.94,12.0,30.0,92.0,America/Los_Angeles
jpl,1_1_194_822_2019-09-27 22:05:32.201082,1-1-194-822,AG-1F12,2019-09-27 15:05:32-07:00,2019-09-27 18:56:12-07:00,2019-09-27 18:57:09-07:00,24.382,23.1,100.0,206.0,America/Los_Angeles
jpl,1_1_193_825_2019-09-28 00:12:08.270260,1-1-193-825,AG-1F01,2019-09-27 17:12:08-07:00,2019-09-27 18:43:10-07:00,2019-09-27 18:44:07-07:00,8.942,12.5,50.0,145.0,America/Los_Angeles
jpl,1_1_194_822_2019-09-28 20:38:20.734965,1-1-194-822,AG-1F12,2019-09-28 13:38:43-07:00,2019-09-28 16:11:44-07:00,2019-09-28 16:04:36-07:00,15.581,16.0,40.0,60.0,America/Los_Angeles
jpl,1_1_193_827_2019-09-28 20:50:34.143480,1-1-193-827,AG-1F02,2019-09-28 13:50:34-07:00,2019-09-28 16:09:51-07:00,2019-09-28 15:56:13-07:00,6.007,4.5,20.0,64.0,America/Los_Angeles
jpl,1_1_178_828_2019-09-28 22:10:19.844525,1-1-178-828,AG-1F10,2019-09-28 15:10:20-07:00,2019-09-28 18:23:37-07:00,2019-09-28 17:40:18-07:00,15.645,66.0,110.0,355.0,America/Los_Angeles
jpl,1_1_194_821_2019-09-29 16:20:54.190899,1-1-194-821,AG-1F13,2019-09-29 09:20:54-07:00,2019-09-29 10:35:31-07:00,2019-09-29 09:57:50-07:00,1.264,4.5,20.0,64.0,America/Los_Angeles
jpl,1_1_194_822_2019-09-29 17:03:24.853721,1-1-194-822,AG-1F12,2019-09-29 10:03:25-07:00,2019-09-29 16:13:15-07:00,2019-09-29 15:42:36-07:00,35.756,35.75,130.0,331.0,America/Los_Angeles
jpl,1_1_178_823_2019-09-30 11:15:56.141712,1-1-178-823,AG-1F08,2019-09-30 04:15:56-07:00,2019-09-30 15:13:38-07:00,2019-09-30 07:29:23-07:00,13.727,20.0,50.0,244.0,America/Los_Angeles
jpl,1_1_178_828_2019-09-30 11:54:19.832359,1-1-178-828,AG-1F10,2019-09-30 04:54:20-07:00,2019-09-30 16:53:23-07:00,2019-09-30 15:50:56-07:00,59.25,69.93,210.0,620.0,America/Los_Angeles
jpl,1_1_178_817_2019-09-30 12:07:52.404021,1-1-178-817,AG-1F09,2019-09-30 05:07:52-07:00,2019-09-30 14:37:38-07:00,2019-09-30 07:34:13-07:00,6.433,10.0,50.0,30.0,America/Los_Angeles
jpl,1_1_194_826_2019-09-30 12:27:11.342162,1-1-194-826,AG-1F11,2019-09-30 05:27:11-07:00,2019-09-30 16:36:51-07:00,2019-09-30 11:18:20-07:00,14.335,18.75,50.0,640.0,America/Los_Angeles
jpl,1_1_194_822_2019-09-30 12:33:36.312187,1-1-194-822,AG-1F12,2019-09-30 05:33:36-07:00,2019-09-30 15:47:42-07:00,2019-09-30 09:34:44-07:00,7.598,6.66,20.0,521.0,America/Los_Angeles
jpl,1_1_179_781_2019-09-30 12:40:18.408050,1-1-179-781,AG-3F31,2019-09-30 05:40:53-07:00,2019-09-30 16:36:37-07:00,2019-09-30 08:53:44-07:00,20.122,84.0,210.0,619.0,America/Los_Angeles
jpl,1_1_193_829_2019-09-30 12:43:34.671794,1-1-193-829,AG-1F03,2019-09-30 05:43:35-07:00,2019-09-30 16:27:53-07:00,2019-09-30 15:22:02-07:00,41.095,40.0,160.0,653.0,America/Los_Angeles
jpl,1_1_193_819_2019-09-30 12:44:20.734573,1-1-193-819,AG-1F06,2019-09-30 05:44:21-07:00,2019-09-30 15:33:13-07:00,2019-09-30 11:49:12-07:00,10.916,24.0,40.0,575.0,America/Los_Angeles
jpl,1_1_191_789_2019-09-30 12:48:37.050233,1-1-191-789,AG-4F52,2019-09-30 05:48:37-07:00,2019-09-30 16:26:37-07:00,2019-09-30 08:07:29-07:00,5.729,7.0,20.0,574.0,America/Los_Angeles
jpl,1_1_193_820_2019-09-30 12:48:58.224579,1-1-193-820,AG-1F04,2019-09-30 05:48:58-07:00,2019-09-30 12:11:45-07:00,2019-09-30 09:37:13-07:00,13.442,20.0,50.0,181.0,America/Los_Angeles
jpl,1_1_193_827_2019-09-30 13:06:35.271420,1-1-193-827,AG-1F02,2019-09-30 06:06:35-07:00,2019-09-30 15:14:32-07:00,2019-09-30 11:32:26-07:00,13.376,18.0,30.0,361.0,America/Los_Angeles
jpl,1_1_179_799_2019-09-30 13:09:24.198139,1-1-179-799,AG-3F25,2019-09-30 06:10:09-07:00,2019-09-30 15:04:00-07:00,2019-09-30 15:05:00-07:00,35.407,45.56,170.0,414.0,America/Los_Angeles
jpl,1_1_193_825_2019-09-30 13:14:17.132576,1-1-193-825,AG-1F01,2019-09-30 06:14:17-07:00,2019-09-30 14:46:43-07:00,2019-09-30 11:50:39-07:00,32.865,66.0,110.0,555.0,America/Los_Angeles
jpl,1_1_193_816_2019-09-30 13:21:35.933629,1-1-193-816,AG-1F05,2019-09-30 06:21:36-07:00,2019-09-30 19:56:44-07:00,2019-09-30 10:39:29-07:00,9.342,15.65,50.0,473.0,America/Los_Angeles
jpl,1_1_178_824_2019-09-30 13:23:58.953472,1-1-178-824,AG-1F07,2019-09-30 06:23:59-07:00,2019-09-30 07:04:19-07:00,2019-09-30 06:57:10-07:00,0.799,0.0,0.0,0.0,America/Los_Angeles
jpl,1_1_194_821_2019-09-30 13:25:00.895625,1-1-194-821,AG-1F13,2019-09-30 06:25:01-07:00,2019-09-30 15:36:03-07:00,2019-09-30 09:09:25-07:00,13.934,60.0,100.0,569.0,America/Los_Angeles
jpl,1_1_194_818_2019-09-30 13:25:03.464502,1-1-194-818,AG-1F14,2019-09-30 06:25:03-07:00,2019-09-30 15:54:14-07:00,2019-09-30 12:11:48-07:00,7.15,12.0,30.0,242.0,America/Los_Angeles
jpl,1_1_191_785_2019-09-30 13:37:14.143240,1-1-191-785,AG-4F48,2019-09-30 06:37:14-07:00,2019-09-30 16:47:59-07:00,2019-09-30 10:34:57-07:00,8.034,12.0,30.0,615.0,America/Los_Angeles
jpl,1_1_179_796_2019-09-30 13:38:49.486245,1-1-179-796,AG-3F24,2019-09-30 06:39:05-07:00,2019-09-30 16:19:53-07:00,2019-09-30 13:04:26-07:00,14.004,6.0,10.0,594.0,America/Los_Angeles
jpl,1_1_179_794_2019-09-30 13:41:36.068639,1-1-179-794,AG-3F20,2019-09-30 06:41:36-07:00,2019-09-30 16:28:38-07:00,2019-09-30 16:29:38-07:00,31.906,39.95,170.0,608.0,America/Los_Angeles
jpl,1_1_179_783_2019-09-30 13:44:42.973672,1-1-179-783,AG-3F29,2019-09-30 06:44:43-07:00,2019-09-30 12:15:01-07:00,2019-09-30 09:02:40-07:00,5.439,8.0,20.0,118.0,America/Los_Angeles
jpl,1_1_179_788_2019-09-30 13:45:18.942773,1-1-179-788,AG-3F22,2019-09-30 06:45:19-07:00,2019-09-30 15:51:50-07:00,2019-09-30 11:33:16-07:00,11.611,20.0,50.0,430.0,America/Los_Angeles
jpl,1_1_179_800_2019-09-30 13:45:55.056376,1-1-179-800,AG-3F32,2019-09-30 06:45:55-07:00,2019-09-30 16:10:49-07:00,2019-09-30 15:12:31-07:00,45.037,45.0,180.0,681.0,America/Los_Angeles
jpl,1_1_179_798_2019-09-30 13:47:19.033289,1-1-179-798,AG-3F18,2019-09-30 06:47:19-07:00,2019-09-30 16:44:48-07:00,2019-09-30 10:27:14-07:00,18.24,40.5,90.0,595.0,America/Los_Angeles
jpl,1_1_179_810_2019-09-30 13:51:32.562845,1-1-179-810,AG-3F30,2019-09-30 06:51:33-07:00,2019-09-30 16:16:07-07:00,2019-09-30 14:46:13-07:00,49.752,65.2,200.0,550.0,America/Los_Angeles
jpl,1_1_179_815_2019-09-30 13:53:32.732494,1-1-179-815,AG-3F33,2019-09-30 06:53:33-07:00,2019-09-30 16:14:07-07:00,2019-09-30 09:36:23-07:00,6.365,8.0,20.0,60.0,America/Los_Angeles
jpl,1_1_179_777_2019-09-30 13:59:06.716006,1-1-179-777,AG-3F28,2019-09-30 06:59:07-07:00,2019-09-30 17:35:24-07:00,2019-09-30 13:01:25-07:00,12.507,15.0,40.0,529.0,America/Los_Angeles
jpl,1_1_178_824_2019-09-30 14:04:47.102337,1-1-178-824,AG-1F07,2019-09-30 07:04:47-07:00,2019-09-30 15:34:22-07:00,2019-09-30 10:23:41-07:00,7.941,20.0,50.0,446.0,America/Los_Angeles
jpl,1_1_179_791_2019-09-30 14:07:11.943414,1-1-179-791,AG-3F26,2019-09-30 07:07:12-07:00,2019-09-30 16:23:41-07:00,2019-09-30 12:27:40-07:00,10.645,18.0,30.0,466.0,America/Los_Angeles
jpl,1_1_179_787_2019-09-30 14:07:05.273153,1-1-179-787,AG-3F16,2019-09-30 07:07:17-07:00,2019-09-30 16:34:44-07:00,2019-09-30 16:33:27-07:00,15.864,16.65,50.0,552.0,America/Los_Angeles
jpl,1_1_179_809_2019-09-30 14:08:03.693272,1-1-179-809,AG-3F27,2019-09-30 07:08:26-07:00,2019-09-30 16:47:51-07:00,2019-09-30 10:56:10-07:00,13.59,20.0,80.0,492.0,America/Los_Angeles
jpl,1_1_179_797_2019-09-30 14:08:51.835366,1-1-179-797,AG-3F23,2019-09-30 07:08:52-07:00,2019-09-30 17:42:36-07:00,2019-09-30 13:18:08-07:00,13.837,20.0,50.0,416.0,America/Los_Angeles
jpl,1_1_191_803_2019-09-30 14:09:32.089774,1-1-191-803,AG-4F49,2019-09-30 07:09:32-07:00,2019-09-30 17:57:54-07:00,2019-09-30 09:09:57-07:00,3.799,9.99,30.0,304.0,America/Los_Angeles
jpl,1_1_179_801_2019-09-30 14:11:09.420205,1-1-179-801,AG-3F21,2019-09-30 07:11:09-07:00,2019-09-30 16:34:45-07:00,2019-09-30 15:30:32-07:00,11.38,38.85,150.0,492.0,America/Los_Angeles
jpl,1_1_179_790_2019-09-30 14:11:51.861313,1-1-179-790,AG-3F19,2019-09-30 07:11:52-07:00,2019-09-30 16:40:15-07:00,2019-09-30 09:26:08-07:00,4.785,24.75,90.0,556.0,America/Los_Angeles
jpl,1_1_191_795_2019-09-30 14:14:35.945748,1-1-191-795,AG-4F51,2019-09-30 07:14:36-07:00,2019-09-30 12:53:10-07:00,2019-09-30 11:25:42-07:00,20.553,32.0,80.0,300.0,America/Los_Angeles
jpl,1_1_179_813_2019-09-30 14:14:55.966031,1-1-179-813,AG-3F15,2019-09-30 07:14:56-07:00,2019-09-30 16:20:32-07:00,2019-09-30 10:54:03-07:00,21.627,102.74,220.0,627.0,America/Los_Angeles
jpl,1_1_179_779_2019-09-30 14:16:57.141472,1-1-179-779,AG-3F17,2019-09-30 07:16:57-07:00,2019-09-30 17:50:02-07:00,2019-09-30 16:15:28-07:00,60.67053055555556,71.5,260.0,619.0,America/Los_Angeles
jpl,1_1_191_782_2019-09-30 14:17:07.821435,1-1-191-782,AG-4F50,2019-09-30 07:17:08-07:00,2019-09-30 16:09:47-07:00,2019-09-30 12:36:52-07:00,28.316,42.5,170.0,376.0,America/Los_Angeles
jpl,1_1_191_812_2019-09-30 14:20:19.800532,1-1-191-812,AG-4F46,2019-09-30 07:20:20-07:00,2019-09-30 18:38:32-07:00,2019-09-30 11:18:51-07:00,8.687,8.0,20.0,448.0,America/Los_Angeles
jpl,1_1_191_792_2019-09-30 14:21:04.332056,1-1-191-792,AG-4F37,2019-09-30 07:21:04-07:00,2019-09-30 16:27:03-07:00,2019-09-30 12:06:28-07:00,14.911,33.36,80.0,553.0,America/Los_Angeles
jpl,1_1_191_811_2019-09-30 14:21:07.052296,1-1-191-811,AG-4F42,2019-09-30 07:21:07-07:00,2019-09-30 17:55:03-07:00,2019-09-30 15:35:06-07:00,45.425,50.0,200.0,550.0,America/Los_Angeles
jpl,1_1_191_805_2019-09-30 14:21:36.042528,1-1-191-805,AG-4F39,2019-09-30 07:21:36-07:00,2019-09-30 17:38:03-07:00,2019-09-30 12:05:29-07:00,10.277,18.0,40.0,267.0,America/Los_Angeles
jpl,1_1_191_804_2019-09-30 14:23:00.058258,1-1-191-804,AG-4F34,2019-09-30 07:23:00-07:00,2019-09-30 15:38:52-07:00,2019-09-30 13:51:07-07:00,39.386,51.0,170.0,622.0,America/Los_Angeles
jpl,1_1_191_784_2019-09-30 14:23:38.355209,1-1-191-784,AG-4F40,2019-09-30 07:23:38-07:00,2019-09-30 17:12:50-07:00,2019-09-30 09:33:42-07:00,8.011,29.12,80.0,517.0,America/Los_Angeles
jpl,1_1_191_807_2019-09-30 14:25:10.885633,1-1-191-807,AG-4F47,2019-09-30 07:25:11-07:00,2019-09-30 16:06:48-07:00,2019-09-30 15:28:44-07:00,42.289,45.64,140.0,462.0,America/Los_Angeles
jpl,1_1_191_806_2019-09-30 14:25:30.426507,1-1-191-806,AG-4F41,2019-09-30 07:25:30-07:00,2019-09-30 18:20:43-07:00,2019-09-30 14:01:42-07:00,16.553,16.65,50.0,267.0,America/Los_Angeles
jpl,1_1_191_780_2019-09-30 14:27:32.436264,1-1-191-780,AG-4F45,2019-09-30 07:27:32-07:00,2019-09-30 18:24:19-07:00,2019-09-30 15:30:06-07:00,31.702,31.68,110.0,546.0,America/Los_Angeles
jpl,1_1_191_808_2019-09-30 14:30:34.263507,1-1-191-808,AG-4F35,2019-09-30 07:30:34-07:00,2019-09-30 17:28:54-07:00,2019-09-30 13:48:23-07:00,12.229,16.0,40.0,438.0,America/Los_Angeles
jpl,1_1_191_778_2019-09-30 14:32:28.234555,1-1-191-778,AG-4F43,2019-09-30 07:32:28-07:00,2019-09-30 17:38:57-07:00,2019-09-30 17:19:00-07:00,5.028,5.0,20.0,252.0,America/Los_Angeles
jpl,1_1_191_802_2019-09-30 14:33:24.792950,1-1-191-802,AG-4F44,2019-09-30 07:33:25-07:00,2019-09-30 17:07:31-07:00,2019-09-30 14:16:22-07:00,34.126,40.25,70.0,564.0,America/Los_Angeles
jpl,1_1_191_793_2019-09-30 14:33:06.658099,1-1-191-793,AG-4F38,2019-09-30 07:33:28-07:00,2019-09-30 15:32:55-07:00,2019-09-30 13:48:58-07:00,12.503,15.5,62.0,457.0,America/Los_Angeles
jpl,1_1_191_786_2019-09-30 14:37:04.202878,1-1-191-786,AG-4F36,2019-09-30 07:37:32-07:00,2019-09-30 16:48:55-07:00,2019-09-30 13:25:08-07:00,10.661,16.65,50.0,397.0,America/Los_Angeles
jpl,1_1_179_783_2019-09-30 19:32:29.124268,1-1-179-783,AG-3F29,2019-09-30 12:32:29-07:00,2019-09-30 15:29:21-07:00,2019-09-30 14:55:33-07:00,13.703,24.0,60.0,239.0,America/Los_Angeles
jpl,1_1_193_820_2019-09-30 19:42:21.053710,1-1-193-820,AG-1F04,2019-09-30 12:42:21-07:00,2019-09-30 16:46:13-07:00,2019-09-30 15:39:03-07:00,4.034,4.0,10.0,39.0,America/Los_Angeles
jpl,1_1_191_795_2019-09-30 19:55:16.416957,1-1-191-795,AG-4F51,2019-09-30 12:55:16-07:00,2019-09-30 17:05:50-07:00,2019-09-30 14:58:34-07:00,12.324,24.0,40.0,342.0,America/Los_Angeles
jpl,1_1_178_817_2019-09-30 22:06:19.863914,1-1-178-817,AG-1F09,2019-09-30 15:06:20-07:00,2019-09-30 16:46:53-07:00,2019-09-30 16:47:53-07:00,6.076,8.0,20.0,259.0,America/Los_Angeles
jpl,1_1_193_825_2019-09-30 22:09:02.347723,1-1-193-825,AG-1F01,2019-09-30 15:09:02-07:00,2019-09-30 17:58:33-07:00,2019-09-30 17:59:30-07:00,9.045,13.32,40.0,448.0,America/Los_Angeles
jpl,1_1_179_799_2019-09-30 22:11:40.558498,1-1-179-799,AG-3F25,2019-09-30 15:11:41-07:00,2019-09-30 17:21:08-07:00,2019-09-30 17:10:50-07:00,12.535,12.5,50.0,156.0,America/Los_Angeles
jpl,1_1_178_823_2019-09-30 22:15:20.742086,1-1-178-823,AG-1F08,2019-09-30 15:15:21-07:00,2019-09-30 17:57:27-07:00,2019-09-30 17:58:27-07:00,16.664,48.0,120.0,381.0,America/Los_Angeles
jpl,1_1_193_827_2019-09-30 22:20:42.675831,1-1-193-827,AG-1F02,2019-09-30 15:20:43-07:00,2019-09-30 17:07:26-07:00,2019-09-30 17:08:23-07:00,8.46,17.52,60.0,177.0,America/Los_Angeles
jpl,1_1_194_821_2019-09-30 23:01:48.139410,1-1-194-821,AG-1F13,2019-09-30 16:01:48-07:00,2019-09-30 17:49:47-07:00,2019-09-30 17:50:47-07:00,7.842,8.0,20.0,336.0,America/Los_Angeles
jpl,1_1_193_819_2019-09-30 23:02:18.560696,1-1-193-819,AG-1F06,2019-09-30 16:02:19-07:00,2019-09-30 18:50:31-07:00,2019-09-30 18:06:00-07:00,5.91,9.99,30.0,148.0,America/Los_Angeles
jpl,1_1_178_824_2019-09-30 23:14:53.214354,1-1-178-824,AG-1F07,2019-09-30 16:14:53-07:00,2019-09-30 18:12:47-07:00,2019-09-30 18:13:47-07:00,10.069,17.5,70.0,405.0,America/Los_Angeles
jpl,1_1_194_822_2019-09-30 23:33:28.575017,1-1-194-822,AG-1F12,2019-09-30 16:33:29-07:00,2019-09-30 18:58:38-07:00,2019-09-30 18:24:49-07:00,5.682,10.0,20.0,157.0,America/Los_Angeles
jpl,1_1_178_828_2019-10-01 00:23:00.051097,1-1-178-828,AG-1F10,2019-09-30 17:23:00-07:00,2019-09-30 18:40:38-07:00,2019-09-30 18:41:38-07:00,4.288,8.0,20.0,63.0,America/Los_Angeles
jpl,1_1_178_823_2019-10-01 04:07:03.025037,1-1-178-823,AG-1F08,2019-09-30 21:07:03-07:00,2019-10-01 01:23:47-07:00,2019-09-30 22:22:40-07:00,3.857,10.0,20.0,60.0,America/Los_Angeles
jpl,1_1_178_817_2019-10-01 11:49:32.303613,1-1-178-817,AG-1F09,2019-10-01 04:49:32-07:00,2019-10-01 14:39:43-07:00,2019-10-01 06:23:05-07:00,4.449,16.0,40.0,73.0,America/Los_Angeles
jpl,1_1_178_828_2019-10-01 12:12:07.685395,1-1-178-828,AG-1F10,2019-10-01 05:12:08-07:00,2019-10-01 16:55:13-07:00,2019-10-01 13:15:14-07:00,30.988,36.63,110.0,620.0,America/Los_Angeles
jpl,1_1_194_826_2019-10-01 12:40:38.895296,1-1-194-826,AG-1F11,2019-10-01 05:40:39-07:00,2019-10-01 16:11:49-07:00,2019-10-01 09:20:33-07:00,7.169,6.66,20.0,521.0,America/Los_Angeles
jpl,1_1_178_823_2019-10-01 12:42:17.654763,1-1-178-823,AG-1F08,2019-10-01 05:42:18-07:00,2019-10-01 15:32:09-07:00,2019-10-01 09:27:00-07:00,13.278,20.0,50.0,244.0,America/Los_Angeles
jpl,1_1_193_819_2019-10-01 12:44:43.752881,1-1-193-819,AG-1F06,2019-10-01 05:44:44-07:00,2019-10-01 15:34:23-07:00,2019-10-01 10:59:25-07:00,10.712,24.0,40.0,575.0,America/Los_Angeles
jpl,1_1_191_789_2019-10-01 12:49:36.305001,1-1-191-789,AG-4F52,2019-10-01 05:49:36-07:00,2019-10-01 16:24:43-07:00,2019-10-01 08:09:04-07:00,5.721,7.0,20.0,574.0,America/Los_Angeles
jpl,1_1_193_825_2019-10-01 12:59:38.115018,1-1-193-825,AG-1F01,2019-10-01 05:59:38-07:00,2019-10-01 16:16:06-07:00,2019-10-01 08:04:11-07:00,6.367,12.0,30.0,242.0,America/Los_Angeles
jpl,1_1_193_820_2019-10-01 13:02:49.535631,1-1-193-820,AG-1F04,2019-10-01 06:02:50-07:00,2019-10-01 15:11:42-07:00,2019-10-01 08:16:26-07:00,12.986,18.0,30.0,361.0,America/Los_Angeles
jpl,1_1_179_799_2019-10-01 13:09:05.652076,1-1-179-799,AG-3F25,2019-10-01 06:09:27-07:00,2019-10-01 15:45:07-07:00,2019-10-01 12:55:21-07:00,24.911,26.8,100.0,536.0,America/Los_Angeles
jpl,1_1_179_810_2019-10-01 13:12:58.674494,1-1-179-810,AG-3F30,2019-10-01 06:12:59-07:00,2019-10-01 16:06:03-07:00,2019-10-01 09:58:56-07:00,18.419,21.0,70.0,485.0,America/Los_Angeles
jpl,1_1_194_821_2019-10-01 13:15:40.932224,1-1-194-821,AG-1F13,2019-10-01 06:15:41-07:00,2019-10-01 08:49:03-07:00,2019-10-01 06:48:52-07:00,0.728,0.0,0.0,0.0,America/Los_Angeles
jpl,1_1_193_829_2019-10-01 13:18:34.424685,1-1-193-829,AG-1F03,2019-10-01 06:18:34-07:00,2019-10-01 18:24:54-07:00,2019-10-01 12:19:53-07:00,21.354,66.0,110.0,555.0,America/Los_Angeles
jpl,1_1_179_800_2019-10-01 13:19:18.846124,1-1-179-800,AG-3F32,2019-10-01 06:19:19-07:00,2019-10-01 15:54:08-07:00,2019-10-01 10:50:23-07:00,27.628,60.0,150.0,671.0,America/Los_Angeles
jpl,1_1_193_816_2019-10-01 13:21:16.003056,1-1-193-816,AG-1F05,2019-10-01 06:21:16-07:00,2019-10-01 15:59:03-07:00,2019-10-01 13:33:15-07:00,16.705,20.0,50.0,446.0,America/Los_Angeles
jpl,1_1_178_824_2019-10-01 13:21:33.091300,1-1-178-824,AG-1F07,2019-10-01 06:21:33-07:00,2019-10-01 16:13:53-07:00,2019-10-01 06:54:55-07:00,0.821,0.0,0.0,0.0,America/Los_Angeles
jpl,1_1_194_822_2019-10-01 13:28:46.230985,1-1-194-822,AG-1F12,2019-10-01 06:28:46-07:00,2019-10-01 12:08:55-07:00,2019-10-01 10:38:22-07:00,13.816,20.0,50.0,181.0,America/Los_Angeles
jpl,1_1_193_827_2019-10-01 13:27:32.696755,1-1-193-827,AG-1F02,2019-10-01 06:28:54-07:00,2019-10-01 14:19:22-07:00,2019-10-01 10:37:04-07:00,24.835,84.0,210.0,619.0,America/Los_Angeles
jpl,1_1_194_818_2019-10-01 13:29:54.652149,1-1-194-818,AG-1F14,2019-10-01 06:29:55-07:00,2019-10-01 15:42:44-07:00,2019-10-01 09:26:24-07:00,4.309,8.0,20.0,448.0,America/Los_Angeles
jpl,1_1_179_813_2019-10-01 13:30:40.019002,1-1-179-813,AG-3F15,2019-10-01 06:30:40-07:00,2019-10-01 16:34:30-07:00,2019-10-01 09:02:40-07:00,14.068,60.0,100.0,569.0,America/Los_Angeles
jpl,1_1_179_794_2019-10-01 13:31:05.256776,1-1-179-794,AG-3F20,2019-10-01 06:31:05-07:00,2019-10-01 16:23:54-07:00,2019-10-01 12:41:56-07:00,19.669,39.95,170.0,608.0,America/Los_Angeles
jpl,1_1_179_797_2019-10-01 13:32:12.465693,1-1-179-797,AG-3F23,2019-10-01 06:32:12-07:00,2019-10-01 17:02:00-07:00,2019-10-01 08:16:24-07:00,4.819,24.75,90.0,556.0,America/Los_Angeles
jpl,1_1_179_809_2019-10-01 13:34:32.434747,1-1-179-809,AG-3F27,2019-10-01 06:34:32-07:00,2019-10-01 10:09:21-07:00,2019-10-01 10:10:19-07:00,17.553,28.0,70.0,203.0,America/Los_Angeles
jpl,1_1_191_795_2019-10-01 13:35:11.558766,1-1-191-795,AG-4F51,2019-10-01 06:35:23-07:00,2019-10-01 16:21:57-07:00,2019-10-01 12:29:32-07:00,13.871,18.0,30.0,530.0,America/Los_Angeles
jpl,1_1_179_815_2019-10-01 13:39:25.335382,1-1-179-815,AG-3F33,2019-10-01 06:39:25-07:00,2019-10-01 16:14:58-07:00,2019-10-01 08:42:24-07:00,4.453,8.05,23.0,513.0,America/Los_Angeles
jpl,1_1_191_780_2019-10-01 13:35:53.130790,1-1-191-780,AG-4F45,2019-10-01 06:40:07-07:00,2019-10-01 16:21:06-07:00,2019-10-01 13:35:41-07:00,35.026,35.0,140.0,403.0,America/Los_Angeles
jpl,1_1_179_781_2019-10-01 13:48:23.845070,1-1-179-781,AG-3F31,2019-10-01 06:48:24-07:00,2019-10-01 16:44:41-07:00,2019-10-01 09:57:30-07:00,7.323,8.0,20.0,60.0,America/Los_Angeles
jpl,1_1_179_798_2019-10-01 13:48:38.077747,1-1-179-798,AG-3F18,2019-10-01 06:48:38-07:00,2019-10-01 17:33:01-07:00,2019-10-01 14:21:50-07:00,14.472,31.5,70.0,595.0,America/Los_Angeles
jpl,1_1_179_796_2019-10-01 13:59:42.084594,1-1-179-796,AG-3F24,2019-10-01 06:59:42-07:00,2019-10-01 16:19:29-07:00,2019-10-01 14:32:54-07:00,47.108,56.0,160.0,550.0,America/Los_Angeles
jpl,1_1_179_777_2019-10-01 14:00:20.754436,1-1-179-777,AG-3F28,2019-10-01 07:00:21-07:00,2019-10-01 17:25:48-07:00,2019-10-01 12:35:43-07:00,12.415,15.0,40.0,529.0,America/Los_Angeles
jpl,1_1_191_785_2019-10-01 14:09:01.026959,1-1-191-785,AG-4F48,2019-10-01 07:09:01-07:00,2019-10-01 17:41:26-07:00,2019-10-01 11:08:26-07:00,7.599,12.0,30.0,615.0,America/Los_Angeles
jpl,1_1_179_787_2019-10-01 14:10:17.741673,1-1-179-787,AG-3F16,2019-10-01 07:10:18-07:00,2019-10-01 16:50:06-07:00,2019-10-01 13:37:53-07:00,13.077,13.9,50.0,540.0,America/Los_Angeles
jpl,1_1_179_791_2019-10-01 14:10:26.633725,1-1-179-791,AG-3F26,2019-10-01 07:10:48-07:00,2019-10-01 15:07:22-07:00,2019-10-01 11:20:24-07:00,12.821,24.0,60.0,482.0,America/Los_Angeles
jpl,1_1_179_788_2019-10-01 14:12:08.922265,1-1-179-788,AG-3F22,2019-10-01 07:12:19-07:00,2019-10-01 16:33:17-07:00,2019-10-01 16:34:17-07:00,16.177,16.65,50.0,552.0,America/Los_Angeles
jpl,1_1_179_790_2019-10-01 14:19:44.725160,1-1-179-790,AG-3F19,2019-10-01 07:19:45-07:00,2019-10-01 12:11:37-07:00,2019-10-01 12:12:37-07:00,18.913,33.0,110.0,718.0,America/Los_Angeles
jpl,1_1_191_802_2019-10-01 14:22:42.354151,1-1-191-802,AG-4F44,2019-10-01 07:22:42-07:00,2019-10-01 16:32:58-07:00,2019-10-01 11:53:08-07:00,14.212,33.36,80.0,553.0,America/Los_Angeles
jpl,1_1_191_807_2019-10-01 14:23:39.565706,1-1-191-807,AG-4F47,2019-10-01 07:23:40-07:00,2019-10-01 17:01:53-07:00,2019-10-01 12:53:43-07:00,13.905,20.0,80.0,492.0,America/Los_Angeles
jpl,1_1_179_779_2019-10-01 14:27:16.010857,1-1-179-779,AG-3F17,2019-10-01 07:27:16-07:00,2019-10-01 15:19:38-07:00,2019-10-01 10:32:10-07:00,5.124,6.66,20.0,493.0,America/Los_Angeles
jpl,1_1_191_808_2019-10-01 14:27:44.242001,1-1-191-808,AG-4F35,2019-10-01 07:27:44-07:00,2019-10-01 17:31:47-07:00,2019-10-01 12:24:41-07:00,11.944,16.0,40.0,438.0,America/Los_Angeles
jpl,1_1_179_783_2019-10-01 14:30:05.911546,1-1-179-783,AG-3F29,2019-10-01 07:30:06-07:00,2019-10-01 16:40:41-07:00,2019-10-01 12:54:30-07:00,16.378,20.0,50.0,207.0,America/Los_Angeles
jpl,1_1_191_778_2019-10-01 14:31:21.585529,1-1-191-778,AG-4F43,2019-10-01 07:31:22-07:00,2019-10-01 16:39:58-07:00,2019-10-01 16:29:49-07:00,19.586,38.85,150.0,492.0,America/Los_Angeles
jpl,1_1_179_801_2019-10-01 14:32:30.195426,1-1-179-801,AG-3F21,2019-10-01 07:32:30-07:00,2019-10-01 16:05:15-07:00,2019-10-01 12:24:12-07:00,31.166,32.5,130.0,331.0,America/Los_Angeles
jpl,1_1_191_806_2019-10-01 14:35:08.864975,1-1-191-806,AG-4F41,2019-10-01 07:35:09-07:00,2019-10-01 17:54:02-07:00,2019-10-01 14:34:31-07:00,33.023,33.0,110.0,574.0,America/Los_Angeles
jpl,1_1_191_805_2019-10-01 14:36:54.030215,1-1-191-805,AG-4F39,2019-10-01 07:36:58-07:00,2019-10-01 17:23:20-07:00,2019-10-01 11:38:40-07:00,9.51,20.0,50.0,445.0,America/Los_Angeles
jpl,1_1_191_782_2019-10-01 14:37:21.264000,1-1-191-782,AG-4F50,2019-10-01 07:37:21-07:00,2019-10-01 11:38:12-07:00,2019-10-01 10:24:59-07:00,12.526,12.5,50.0,156.0,America/Los_Angeles
jpl,1_1_191_793_2019-10-01 14:38:39.076766,1-1-191-793,AG-4F38,2019-10-01 07:38:39-07:00,2019-10-01 15:21:33-07:00,2019-10-01 14:12:37-07:00,10.773904166666666,10.0,40.0,285.0,America/Los_Angeles
jpl,1_1_191_811_2019-10-01 14:39:38.409180,1-1-191-811,AG-4F42,2019-10-01 07:39:38-07:00,2019-10-01 17:58:24-07:00,2019-10-01 16:52:48-07:00,5.017,5.0,20.0,252.0,America/Los_Angeles
jpl,1_1_191_792_2019-10-01 14:40:23.543802,1-1-191-792,AG-4F37,2019-10-01 07:40:24-07:00,2019-10-01 12:17:53-07:00,2019-10-01 10:03:01-07:00,13.784,20.0,50.0,416.0,America/Los_Angeles
jpl,1_1_191_804_2019-10-01 14:46:50.434187,1-1-191-804,AG-4F34,2019-10-01 07:46:50-07:00,2019-10-01 17:10:18-07:00,2019-10-01 15:02:42-07:00,40.007,40.0,100.0,568.0,America/Los_Angeles
jpl,1_1_191_784_2019-10-01 14:49:46.557367,1-1-191-784,AG-4F40,2019-10-01 07:49:47-07:00,2019-10-01 17:33:28-07:00,2019-10-01 09:51:38-07:00,5.192,10.0,20.0,63.0,America/Los_Angeles
jpl,1_1_191_786_2019-10-01 14:50:47.875672,1-1-191-786,AG-4F36,2019-10-01 07:50:48-07:00,2019-10-01 18:34:19-07:00,2019-10-01 12:31:16-07:00,18.241,18.32,80.0,97.0,America/Los_Angeles
jpl,1_1_191_803_2019-10-01 15:06:39.754031,1-1-191-803,AG-4F49,2019-10-01 08:06:40-07:00,2019-10-01 19:02:31-07:00,2019-10-01 13:30:29-07:00,15.899,6.66,20.0,246.0,America/Los_Angeles
jpl,1_1_194_821_2019-10-01 15:49:30.079208,1-1-194-821,AG-1F13,2019-10-01 08:49:30-07:00,2019-10-01 16:55:39-07:00,2019-10-01 09:22:25-07:00,0.713,0.0,0.0,0.0,America/Los_Angeles
jpl,1_1_191_782_2019-10-01 18:42:20.010503,1-1-191-782,AG-4F50,2019-10-01 11:42:20-07:00,2019-10-01 17:23:44-07:00,2019-10-01 13:29:52-07:00,5.313,11.25,30.0,156.0,America/Los_Angeles
jpl,1_1_179_809_2019-10-01 19:28:12.933242,1-1-179-809,AG-3F27,2019-10-01 12:28:21-07:00,2019-10-01 16:24:24-07:00,2019-10-01 15:59:28-07:00,9.079,54.0,150.0,387.0,America/Los_Angeles
jpl,1_1_194_822_2019-10-01 19:44:21.257847,1-1-194-822,AG-1F12,2019-10-01 12:44:21-07:00,2019-10-01 17:41:11-07:00,2019-10-01 14:22:08-07:00,9.816,32.0,80.0,300.0,America/Los_Angeles
jpl,1_1_191_792_2019-10-01 20:02:08.601551,1-1-191-792,AG-4F37,2019-10-01 13:02:09-07:00,2019-10-01 16:09:59-07:00,2019-10-01 16:10:59-07:00,16.948,24.0,60.0,147.0,America/Los_Angeles
jpl,1_1_193_827_2019-10-01 21:25:37.092691,1-1-193-827,AG-1F02,2019-10-01 14:25:56-07:00,2019-10-01 16:47:59-07:00,2019-10-01 14:33:22-07:00,0.536,16.65,50.0,189.0,America/Los_Angeles
jpl,1_1_178_817_2019-10-01 22:05:59.542745,1-1-178-817,AG-1F09,2019-10-01 15:06:00-07:00,2019-10-01 16:39:00-07:00,2019-10-01 16:40:00-07:00,9.043,20.0,50.0,99.0,America/Los_Angeles
jpl,1_1_193_820_2019-10-01 22:26:36.493459,1-1-193-820,AG-1F04,2019-10-01 15:26:36-07:00,2019-10-01 17:47:06-07:00,2019-10-01 17:48:06-07:00,14.276,25.63,110.0,187.0,America/Los_Angeles
jpl,1_1_193_819_2019-10-01 22:43:30.992161,1-1-193-819,AG-1F06,2019-10-01 15:43:31-07:00,2019-10-01 18:54:50-07:00,2019-10-01 18:55:50-07:00,17.971,27.5,110.0,261.0,America/Los_Angeles
jpl,1_1_178_823_2019-10-01 22:51:15.221309,1-1-178-823,AG-1F08,2019-10-01 15:51:28-07:00,2019-10-01 18:14:34-07:00,2019-10-01 18:15:31-07:00,14.717,57.76,190.0,351.0,America/Los_Angeles
jpl,1_1_178_824_2019-10-01 23:41:08.562975,1-1-178-824,AG-1F07,2019-10-01 16:41:09-07:00,2019-10-01 18:15:12-07:00,2019-10-01 18:16:12-07:00,5.072,13.32,40.0,448.0,America/Los_Angeles
jpl,1_1_194_826_2019-10-01 23:49:17.529343,1-1-194-826,AG-1F11,2019-10-01 16:49:35-07:00,2019-10-01 19:07:46-07:00,2019-10-01 19:08:46-07:00,11.468,16.65,50.0,197.0,America/Los_Angeles
jpl,1_1_178_828_2019-10-02 00:05:00.304485,1-1-178-828,AG-1F10,2019-10-01 17:05:00-07:00,2019-10-01 17:35:17-07:00,2019-10-01 17:36:17-07:00,1.858,17.52,60.0,177.0,America/Los_Angeles
jpl,1_1_194_821_2019-10-02 00:28:17.534669,1-1-194-821,AG-1F13,2019-10-01 17:28:18-07:00,2019-10-01 21:52:27-07:00,2019-10-01 21:38:13-07:00,12.297,15.2,38.0,226.0,America/Los_Angeles
jpl,1_1_194_818_2019-10-02 00:38:07.184740,1-1-194-818,AG-1F14,2019-10-01 17:38:07-07:00,2019-10-01 20:59:18-07:00,2019-10-01 21:00:18-07:00,20.35,40.04,140.0,720.0,America/Los_Angeles
jpl,1_1_178_823_2019-10-02 03:31:42.582714,1-1-178-823,AG-1F08,2019-10-01 20:31:43-07:00,2019-10-02 00:30:58-07:00,2019-10-01 22:21:13-07:00,5.532,10.0,20.0,157.0,America/Los_Angeles
jpl,1_1_178_828_2019-10-02 12:09:34.005572,1-1-178-828,AG-1F10,2019-10-02 05:09:34-07:00,2019-10-02 10:56:45-07:00,2019-10-02 07:40:39-07:00,6.313,10.0,50.0,30.0,America/Los_Angeles
jpl,1_1_178_817_2019-10-02 12:27:01.846193,1-1-178-817,AG-1F09,2019-10-02 05:27:02-07:00,2019-10-02 18:15:00-07:00,2019-10-02 16:59:57-07:00,30.491,36.63,110.0,620.0,America/Los_Angeles
jpl,1_1_193_825_2019-10-02 12:37:41.375962,1-1-193-825,AG-1F01,2019-10-02 05:37:41-07:00,2019-10-02 09:33:32-07:00,2019-10-02 08:01:44-07:00,5.012,12.0,30.0,242.0,America/Los_Angeles
jpl,1_1_194_826_2019-10-02 12:39:47.344132,1-1-194-826,AG-1F11,2019-10-02 05:39:47-07:00,2019-10-02 15:55:14-07:00,2019-10-02 09:55:26-07:00,7.997,6.66,20.0,521.0,America/Los_Angeles
jpl,1_1_178_823_2019-10-02 12:43:36.071806,1-1-178-823,AG-1F08,2019-10-02 05:43:36-07:00,2019-10-02 15:33:31-07:00,2019-10-02 10:32:13-07:00,10.382,24.0,40.0,575.0,America/Los_Angeles
jpl,1_1_191_789_2019-10-02 12:45:04.623844,1-1-191-789,AG-4F52,2019-10-02 05:45:05-07:00,2019-10-02 14:58:37-07:00,2019-10-02 08:01:58-07:00,5.773,7.0,20.0,574.0,America/Los_Angeles
jpl,1_1_193_816_2019-10-02 12:57:09.563558,1-1-193-816,AG-1F05,2019-10-02 05:57:10-07:00,2019-10-02 11:19:58-07:00,2019-10-02 11:16:15-07:00,23.528,35.0,140.0,411.0,America/Los_Angeles
jpl,1_1_193_820_2019-10-02 13:03:24.634987,1-1-193-820,AG-1F04,2019-10-02 06:03:25-07:00,2019-10-02 12:43:08-07:00,2019-10-02 10:48:21-07:00,12.774,18.0,30.0,361.0,America/Los_Angeles
jpl,1_1_178_824_2019-10-02 13:08:27.211068,1-1-178-824,AG-1F07,2019-10-02 06:08:27-07:00,2019-10-02 15:34:24-07:00,2019-10-02 12:56:59-07:00,12.004,12.0,60.0,243.0,America/Los_Angeles
jpl,1_1_194_821_2019-10-02 13:21:43.181967,1-1-194-821,AG-1F13,2019-10-02 06:21:43-07:00,2019-10-02 14:36:12-07:00,2019-10-02 12:09:22-07:00,13.979,20.0,50.0,183.0,America/Los_Angeles
jpl,1_1_193_827_2019-10-02 13:23:46.514421,1-1-193-827,AG-1F02,2019-10-02 06:23:47-07:00,2019-10-02 15:47:23-07:00,2019-10-02 10:58:47-07:00,8.22,16.0,40.0,533.0,America/Los_Angeles
jpl,1_1_193_819_2019-10-02 13:24:42.994814,1-1-193-819,AG-1F06,2019-10-02 06:24:43-07:00,2019-10-02 16:27:17-07:00,2019-10-02 12:54:24-07:00,15.44,20.0,50.0,446.0,America/Los_Angeles
jpl,1_1_193_829_2019-10-02 13:28:44.348883,1-1-193-829,AG-1F03,2019-10-02 06:28:44-07:00,2019-10-02 11:19:18-07:00,2019-10-02 11:20:18-07:00,24.324,66.0,110.0,555.0,America/Los_Angeles
jpl,1_1_194_818_2019-10-02 13:30:29.674160,1-1-194-818,AG-1F14,2019-10-02 06:30:30-07:00,2019-10-02 16:13:43-07:00,2019-10-02 16:14:43-07:00,11.843,39.95,170.0,608.0,America/Los_Angeles
jpl,1_1_179_797_2019-10-02 13:30:42.433658,1-1-179-797,AG-3F23,2019-10-02 06:30:42-07:00,2019-10-02 17:18:33-07:00,2019-10-02 08:32:29-07:00,5.526,16.5,60.0,556.0,America/Los_Angeles
jpl,1_1_179_796_2019-10-02 13:31:58.063620,1-1-179-796,AG-3F24,2019-10-02 06:32:11-07:00,2019-10-02 16:23:45-07:00,2019-10-02 13:14:29-07:00,13.422,10.0,20.0,431.0,America/Los_Angeles
jpl,1_1_194_822_2019-10-02 13:35:03.101066,1-1-194-822,AG-1F12,2019-10-02 06:35:24-07:00,2019-10-02 12:25:05-07:00,2019-10-02 09:49:34-07:00,10.532,46.8,130.0,400.0,America/Los_Angeles
jpl,1_1_191_780_2019-10-02 13:39:41.496118,1-1-191-780,AG-4F45,2019-10-02 06:40:07-07:00,2019-10-02 11:21:05-07:00,2019-10-02 11:22:05-07:00,19.879,35.0,140.0,421.0,America/Los_Angeles
jpl,1_1_179_815_2019-10-02 13:42:06.824262,1-1-179-815,AG-3F33,2019-10-02 06:42:07-07:00,2019-10-02 18:11:48-07:00,2019-10-02 11:32:42-07:00,8.486,8.0,20.0,448.0,America/Los_Angeles
jpl,1_1_179_800_2019-10-02 13:45:11.571683,1-1-179-800,AG-3F32,2019-10-02 06:45:12-07:00,2019-10-02 17:16:45-07:00,2019-10-02 08:29:14-07:00,4.161,8.05,23.0,513.0,America/Los_Angeles
jpl,1_1_179_781_2019-10-02 13:50:30.525279,1-1-179-781,AG-3F31,2019-10-02 06:50:49-07:00,2019-10-02 15:39:36-07:00,2019-10-02 09:40:33-07:00,17.788,84.0,210.0,619.0,America/Los_Angeles
jpl,1_1_191_808_2019-10-02 13:56:39.887209,1-1-191-808,AG-4F35,2019-10-02 06:56:40-07:00,2019-10-02 17:37:41-07:00,2019-10-02 12:23:49-07:00,12.15,16.0,40.0,438.0,America/Los_Angeles
jpl,1_1_191_803_2019-10-02 13:58:24.822136,1-1-191-803,AG-4F49,2019-10-02 06:58:25-07:00,2019-10-02 15:53:38-07:00,2019-10-02 14:24:15-07:00,17.533,17.5,70.0,550.0,America/Los_Angeles
jpl,1_1_179_799_2019-10-02 13:58:42.214063,1-1-179-799,AG-3F25,2019-10-02 06:58:42-07:00,2019-10-02 16:22:38-07:00,2019-10-02 12:22:11-07:00,33.529,56.0,160.0,555.0,America/Los_Angeles
jpl,1_1_191_785_2019-10-02 13:59:33.365532,1-1-191-785,AG-4F48,2019-10-02 06:59:33-07:00,2019-10-02 17:10:53-07:00,2019-10-02 11:07:54-07:00,7.619,12.0,30.0,569.0,America/Los_Angeles
jpl,1_1_179_777_2019-10-02 14:02:49.684941,1-1-179-777,AG-3F28,2019-10-02 07:02:50-07:00,2019-10-02 16:44:00-07:00,2019-10-02 10:47:20-07:00,10.742,20.0,50.0,430.0,America/Los_Angeles
jpl,1_1_179_788_2019-10-02 14:03:11.803869,1-1-179-788,AG-3F22,2019-10-02 07:03:12-07:00,2019-10-02 17:44:37-07:00,2019-10-02 14:38:11-07:00,19.337,38.85,150.0,492.0,America/Los_Angeles
jpl,1_1_179_791_2019-10-02 14:06:21.024716,1-1-179-791,AG-3F26,2019-10-02 07:06:35-07:00,2019-10-02 15:05:45-07:00,2019-10-02 12:26:16-07:00,12.825,24.0,60.0,482.0,America/Los_Angeles
jpl,1_1_179_810_2019-10-02 14:07:04.933738,1-1-179-810,AG-3F30,2019-10-02 07:07:05-07:00,2019-10-02 16:19:11-07:00,2019-10-02 15:16:01-07:00,50.902,65.2,200.0,550.0,America/Los_Angeles
jpl,1_1_179_813_2019-10-02 14:07:49.965336,1-1-179-813,AG-3F15,2019-10-02 07:07:50-07:00,2019-10-02 17:10:06-07:00,2019-10-02 16:50:11-07:00,8.399,8.34,30.0,540.0,America/Los_Angeles
jpl,1_1_179_779_2019-10-02 14:08:28.892692,1-1-179-779,AG-3F17,2019-10-02 07:08:29-07:00,2019-10-02 17:51:28-07:00,2019-10-02 11:35:37-07:00,8.414,8.0,20.0,249.0,America/Los_Angeles
jpl,1_1_179_809_2019-10-02 14:08:49.104086,1-1-179-809,AG-3F27,2019-10-02 07:08:49-07:00,2019-10-02 17:32:54-07:00,2019-10-02 09:29:59-07:00,6.137,22.84,40.0,277.0,America/Los_Angeles
jpl,1_1_179_794_2019-10-02 14:09:30.254705,1-1-179-794,AG-3F20,2019-10-02 07:09:30-07:00,2019-10-02 16:27:33-07:00,2019-10-02 14:21:48-07:00,14.304,31.5,70.0,595.0,America/Los_Angeles
jpl,1_1_179_801_2019-10-02 14:11:37.102595,1-1-179-801,AG-3F21,2019-10-02 07:11:37-07:00,2019-10-02 18:14:35-07:00,2019-10-02 12:33:04-07:00,23.904,30.0,100.0,410.0,America/Los_Angeles
jpl,1_1_191_812_2019-10-02 14:11:47.514693,1-1-191-812,AG-4F46,2019-10-02 07:11:48-07:00,2019-10-02 17:32:08-07:00,2019-10-02 17:28:20-07:00,19.766,23.04,80.0,546.0,America/Los_Angeles
jpl,1_1_179_798_2019-10-02 14:13:59.494259,1-1-179-798,AG-3F18,2019-10-02 07:13:59-07:00,2019-10-02 11:02:14-07:00,2019-10-02 11:03:14-07:00,9.405,15.0,40.0,340.0,America/Los_Angeles
jpl,1_1_179_787_2019-10-02 14:15:40.270684,1-1-179-787,AG-3F16,2019-10-02 07:15:40-07:00,2019-10-02 17:19:00-07:00,2019-10-02 11:15:45-07:00,6.738,12.0,30.0,601.0,America/Los_Angeles
jpl,1_1_191_807_2019-10-02 14:20:35.565472,1-1-191-807,AG-4F47,2019-10-02 07:20:49-07:00,2019-10-02 17:07:28-07:00,2019-10-02 12:11:56-07:00,13.753,17.5,70.0,492.0,America/Los_Angeles
jpl,1_1_179_790_2019-10-02 14:25:51.132899,1-1-179-790,AG-3F19,2019-10-02 07:25:51-07:00,2019-10-02 13:29:15-07:00,2019-10-02 13:05:18-07:00,35.109,40.25,70.0,564.0,America/Los_Angeles
jpl,1_1_191_795_2019-10-02 14:27:23.092398,1-1-191-795,AG-4F51,2019-10-02 07:27:23-07:00,2019-10-02 17:23:01-07:00,2019-10-02 16:44:45-07:00,14.854,24.75,90.0,619.0,America/Los_Angeles
jpl,1_1_179_783_2019-10-02 14:27:15.764417,1-1-179-783,AG-3F29,2019-10-02 07:27:28-07:00,2019-10-02 16:04:53-07:00,2019-10-02 11:31:41-07:00,8.688,20.0,50.0,553.0,America/Los_Angeles
jpl,1_1_191_782_2019-10-02 14:33:36.286894,1-1-191-782,AG-4F50,2019-10-02 07:33:36-07:00,2019-10-02 16:15:43-07:00,2019-10-02 16:16:41-07:00,33.894,52.5,210.0,376.0,America/Los_Angeles
jpl,1_1_191_802_2019-10-02 14:34:35.564465,1-1-191-802,AG-4F44,2019-10-02 07:34:36-07:00,2019-10-02 18:04:59-07:00,2019-10-02 16:30:27-07:00,15.027,15.0,60.0,252.0,America/Los_Angeles
jpl,1_1_191_793_2019-10-02 14:34:42.304348,1-1-191-793,AG-4F38,2019-10-02 07:34:42-07:00,2019-10-02 16:24:08-07:00,2019-10-02 14:08:34-07:00,40.056,40.0,100.0,436.0,America/Los_Angeles
jpl,1_1_191_778_2019-10-02 14:35:33.695735,1-1-191-778,AG-4F43,2019-10-02 07:35:34-07:00,2019-10-02 16:55:13-07:00,2019-10-02 14:33:21-07:00,15.039,15.0,60.0,331.0,America/Los_Angeles
jpl,1_1_191_806_2019-10-02 14:36:19.143202,1-1-191-806,AG-4F41,2019-10-02 07:36:19-07:00,2019-10-02 17:57:03-07:00,2019-10-02 14:26:34-07:00,5.054,5.0,20.0,285.0,America/Los_Angeles
jpl,1_1_191_811_2019-10-02 14:37:32.203331,1-1-191-811,AG-4F42,2019-10-02 07:37:32-07:00,2019-10-02 17:55:15-07:00,2019-10-02 09:58:50-07:00,4.972,7.5,20.0,225.0,America/Los_Angeles
jpl,1_1_191_792_2019-10-02 14:38:37.372073,1-1-191-792,AG-4F37,2019-10-02 07:38:48-07:00,2019-10-02 17:25:11-07:00,2019-10-02 11:36:31-07:00,10.954,18.0,40.0,267.0,America/Los_Angeles
jpl,1_1_191_805_2019-10-02 14:40:53.375989,1-1-191-805,AG-4F39,2019-10-02 07:40:53-07:00,2019-10-02 11:13:06-07:00,2019-10-02 11:06:53-07:00,13.557,20.0,50.0,197.0,America/Los_Angeles
jpl,1_1_191_804_2019-10-02 14:44:08.844833,1-1-191-804,AG-4F34,2019-10-02 07:44:09-07:00,2019-10-02 19:07:08-07:00,2019-10-02 12:50:14-07:00,30.905,40.0,100.0,568.0,America/Los_Angeles
jpl,1_1_191_786_2019-10-02 14:46:39.064231,1-1-191-786,AG-4F36,2019-10-02 07:46:39-07:00,2019-10-02 10:51:24-07:00,2019-10-02 10:52:21-07:00,12.224,32.5,130.0,320.0,America/Los_Angeles
jpl,1_1_191_784_2019-10-02 14:49:02.988220,1-1-191-784,AG-4F40,2019-10-02 07:49:03-07:00,2019-10-02 13:27:19-07:00,2019-10-02 11:18:43-07:00,21.891,60.0,150.0,671.0,America/Los_Angeles
jpl,1_1_193_825_2019-10-02 17:12:29.701217,1-1-193-825,AG-1F01,2019-10-02 10:12:30-07:00,2019-10-02 12:03:53-07:00,2019-10-02 12:04:53-07:00,2.041,12.0,30.0,409.0,America/Los_Angeles
jpl,1_1_191_786_2019-10-02 17:53:46.236319,1-1-191-786,AG-4F36,2019-10-02 10:53:46-07:00,2019-10-02 14:05:57-07:00,2019-10-02 13:17:30-07:00,13.795,20.0,50.0,181.0,America/Los_Angeles
jpl,1_1_178_828_2019-10-02 17:58:38.933394,1-1-178-828,AG-1F10,2019-10-02 10:58:39-07:00,2019-10-02 18:49:30-07:00,2019-10-02 18:09:11-07:00,39.243,44.27,190.0,448.0,America/Los_Angeles
jpl,1_1_179_798_2019-10-02 18:15:08.041659,1-1-179-798,AG-3F18,2019-10-02 11:15:18-07:00,2019-10-02 17:01:18-07:00,2019-10-02 13:21:09-07:00,12.158,16.65,50.0,117.0,America/Los_Angeles
jpl,1_1_193_829_2019-10-02 18:19:21.862398,1-1-193-829,AG-1F03,2019-10-02 11:19:22-07:00,2019-10-02 12:53:13-07:00,2019-10-02 11:47:41-07:00,2.501,45.0,180.0,411.0,America/Los_Angeles
jpl,1_1_193_816_2019-10-02 18:29:21.903793,1-1-193-816,AG-1F05,2019-10-02 11:29:22-07:00,2019-10-02 16:32:28-07:00,2019-10-02 13:36:56-07:00,6.092,12.0,20.0,350.0,America/Los_Angeles
jpl,1_1_191_805_2019-10-02 18:31:37.089690,1-1-191-805,AG-4F39,2019-10-02 11:31:37-07:00,2019-10-02 17:14:59-07:00,2019-10-02 15:27:25-07:00,6.002,9.99,30.0,359.0,America/Los_Angeles
jpl,1_1_191_780_2019-10-02 18:33:02.047055,1-1-191-780,AG-4F45,2019-10-02 11:33:02-07:00,2019-10-02 16:18:29-07:00,2019-10-02 12:55:44-07:00,8.174,16.0,40.0,148.0,America/Los_Angeles
jpl,1_1_193_825_2019-10-02 19:06:38.256910,1-1-193-825,AG-1F01,2019-10-02 12:06:38-07:00,2019-10-02 15:42:56-07:00,2019-10-02 15:43:51-07:00,10.473,16.0,40.0,393.0,America/Los_Angeles
jpl,1_1_194_822_2019-10-02 19:30:15.950493,1-1-194-822,AG-1F12,2019-10-02 12:30:16-07:00,2019-10-02 17:16:57-07:00,2019-10-02 14:53:39-07:00,9.101,12.5,50.0,156.0,America/Los_Angeles
jpl,1_1_193_820_2019-10-02 19:50:58.128442,1-1-193-820,AG-1F04,2019-10-02 12:50:06-07:00,2019-10-02 17:16:01-07:00,2019-10-02 15:30:10-07:00,5.4,7.5,20.0,222.0,America/Los_Angeles
jpl,1_1_193_829_2019-10-02 20:02:19.813343,1-1-193-829,AG-1F03,2019-10-02 13:02:41-07:00,2019-10-02 16:34:28-07:00,2019-10-02 16:35:26-07:00,19.27,35.0,140.0,421.0,America/Los_Angeles
jpl,1_1_179_790_2019-10-02 20:34:14.815126,1-1-179-790,AG-3F19,2019-10-02 13:34:15-07:00,2019-10-02 16:33:46-07:00,2019-10-02 14:52:45-07:00,7.873,24.0,60.0,292.0,America/Los_Angeles
jpl,1_1_191_784_2019-10-02 20:52:23.197411,1-1-191-784,AG-4F40,2019-10-02 13:52:23-07:00,2019-10-02 15:59:02-07:00,2019-10-02 15:48:47-07:00,11.791,60.0,150.0,63.0,America/Los_Angeles
jpl,1_1_191_786_2019-10-02 21:14:04.739781,1-1-191-786,AG-4F36,2019-10-02 14:14:05-07:00,2019-10-02 15:41:09-07:00,2019-10-02 15:41:04-07:00,8.01,48.0,240.0,269.0,America/Los_Angeles
jpl,1_1_194_821_2019-10-02 21:51:59.542611,1-1-194-821,AG-1F13,2019-10-02 14:52:00-07:00,2019-10-02 18:54:47-07:00,2019-10-02 18:55:44-07:00,15.568,66.0,110.0,355.0,America/Los_Angeles
jpl,1_1_179_791_2019-10-02 22:26:26.084214,1-1-179-791,AG-3F26,2019-10-02 15:26:26-07:00,2019-10-02 19:14:26-07:00,2019-10-02 19:08:56-07:00,14.014,14.0,40.0,243.0,America/Los_Angeles
jpl,1_1_178_823_2019-10-02 22:55:31.872640,1-1-178-823,AG-1F08,2019-10-02 15:55:32-07:00,2019-10-02 18:55:37-07:00,2019-10-02 18:56:37-07:00,10.653,46.62,140.0,310.0,America/Los_Angeles
jpl,1_1_193_825_2019-10-02 22:59:53.373706,1-1-193-825,AG-1F01,2019-10-02 15:59:53-07:00,2019-10-02 17:18:53-07:00,2019-10-02 17:19:53-07:00,4.21,13.32,40.0,448.0,America/Los_Angeles
jpl,1_1_193_827_2019-10-02 23:02:13.705581,1-1-193-827,AG-1F02,2019-10-02 16:02:14-07:00,2019-10-02 16:49:08-07:00,2019-10-02 16:50:05-07:00,3.351,20.0,50.0,63.0,America/Los_Angeles
jpl,1_1_178_824_2019-10-02 23:16:39.078604,1-1-178-824,AG-1F07,2019-10-02 16:16:39-07:00,2019-10-02 18:55:07-07:00,2019-10-02 18:56:07-07:00,15.997,21.36,80.0,404.0,America/Los_Angeles
jpl,1_1_194_818_2019-10-02 23:19:10.339800,1-1-194-818,AG-1F14,2019-10-02 16:19:10-07:00,2019-10-02 19:15:08-07:00,2019-10-02 19:16:07-07:00,9.209,57.76,190.0,351.0,America/Los_Angeles
jpl,1_1_194_826_2019-10-02 23:19:48.588736,1-1-194-826,AG-1F11,2019-10-02 16:19:49-07:00,2019-10-02 17:51:03-07:00,2019-10-02 17:52:00-07:00,5.541,17.16,60.0,101.0,America/Los_Angeles
jpl,1_1_179_796_2019-10-02 23:28:42.195779,1-1-179-796,AG-3F24,2019-10-02 16:28:42-07:00,2019-10-02 18:01:09-07:00,2019-10-02 17:22:41-07:00,2.49,8.0,20.0,106.0,America/Los_Angeles
jpl,1_1_193_829_2019-10-02 23:41:47.279698,1-1-193-829,AG-1F03,2019-10-02 16:41:47-07:00,2019-10-02 18:05:31-07:00,2019-10-02 18:06:31-07:00,5.162,32.0,80.0,71.0,America/Los_Angeles
jpl,1_1_193_827_2019-10-03 00:13:51.577636,1-1-193-827,AG-1F02,2019-10-02 17:13:52-07:00,2019-10-02 22:34:38-07:00,2019-10-02 21:27:04-07:00,8.257,8.0,20.0,199.0,America/Los_Angeles
jpl,1_1_193_816_2019-10-03 00:14:57.910775,1-1-193-816,AG-1F05,2019-10-02 17:14:58-07:00,2019-10-02 21:53:15-07:00,2019-10-02 21:54:15-07:00,22.82,40.04,140.0,720.0,America/Los_Angeles
jpl,1_1_193_819_2019-10-03 00:17:10.068478,1-1-193-819,AG-1F06,2019-10-02 17:17:10-07:00,2019-10-02 19:32:20-07:00,2019-10-02 19:33:20-07:00,7.645,22.5,90.0,227.0,America/Los_Angeles
jpl,1_1_191_795_2019-10-03 00:38:34.210187,1-1-191-795,AG-4F51,2019-10-02 17:38:47-07:00,2019-10-02 17:52:38-07:00,2019-10-02 17:53:35-07:00,1.456,9.3,30.0,30.0,America/Los_Angeles
jpl,1_1_178_823_2019-10-03 03:08:19.144530,1-1-178-823,AG-1F08,2019-10-02 20:08:19-07:00,2019-10-03 01:02:22-07:00,2019-10-02 22:00:27-07:00,5.629,10.0,20.0,157.0,America/Los_Angeles
jpl,1_1_194_822_2019-10-03 04:23:38.283827,1-1-194-822,AG-1F12,2019-10-02 21:23:38-07:00,2019-10-03 00:22:09-07:00,2019-10-03 00:23:09-07:00,18.804,18.69,70.0,108.0,America/Los_Angeles
jpl,1_1_178_828_2019-10-03 11:18:00.682365,1-1-178-828,AG-1F10,2019-10-03 04:18:01-07:00,2019-10-03 11:32:30-07:00,2019-10-03 06:10:17-07:00,5.444,12.0,30.0,73.0,America/Los_Angeles
jpl,1_1_193_825_2019-10-03 11:59:00.103583,1-1-193-825,AG-1F01,2019-10-03 04:59:00-07:00,2019-10-03 16:25:23-07:00,2019-10-03 07:19:28-07:00,6.409,10.0,50.0,30.0,America/Los_Angeles
jpl,1_1_178_817_2019-10-03 12:08:14.353308,1-1-178-817,AG-1F09,2019-10-03 05:08:14-07:00,2019-10-03 15:22:24-07:00,2019-10-03 11:44:53-07:00,31.232,36.63,110.0,620.0,America/Los_Angeles
jpl,1_1_194_826_2019-10-03 12:35:15.333974,1-1-194-826,AG-1F11,2019-10-03 05:35:15-07:00,2019-10-03 15:36:35-07:00,2019-10-03 09:17:40-07:00,7.17,6.66,20.0,521.0,America/Los_Angeles
jpl,1_1_178_823_2019-10-03 12:42:20.671619,1-1-178-823,AG-1F08,2019-10-03 05:42:21-07:00,2019-10-03 16:36:26-07:00,2019-10-03 10:00:21-07:00,13.341,20.0,50.0,244.0,America/Los_Angeles
jpl,1_1_191_789_2019-10-03 12:46:47.257530,1-1-191-789,AG-4F52,2019-10-03 05:46:47-07:00,2019-10-03 15:47:41-07:00,2019-10-03 07:56:39-07:00,5.752,7.0,20.0,574.0,America/Los_Angeles
jpl,1_1_193_819_2019-10-03 12:49:30.374427,1-1-193-819,AG-1F06,2019-10-03 05:49:30-07:00,2019-10-03 15:33:12-07:00,2019-10-03 09:19:34-07:00,10.225,24.0,40.0,575.0,America/Los_Angeles
jpl,1_1_193_829_2019-10-03 12:54:34.562294,1-1-193-829,AG-1F03,2019-10-03 05:54:35-07:00,2019-10-03 16:08:04-07:00,2019-10-03 08:13:54-07:00,6.588,12.0,30.0,242.0,America/Los_Angeles
jpl,1_1_193_820_2019-10-03 13:03:16.682158,1-1-193-820,AG-1F04,2019-10-03 06:03:17-07:00,2019-10-03 15:00:55-07:00,2019-10-03 10:52:40-07:00,12.988,18.0,30.0,361.0,America/Los_Angeles
jpl,1_1_178_824_2019-10-03 13:06:04.422053,1-1-178-824,AG-1F07,2019-10-03 06:06:04-07:00,2019-10-03 10:12:34-07:00,2019-10-03 09:26:28-07:00,13.405,20.0,50.0,181.0,America/Los_Angeles
jpl,1_1_179_810_2019-10-03 13:17:05.642897,1-1-179-810,AG-3F30,2019-10-03 06:17:06-07:00,2019-10-03 11:04:46-07:00,2019-10-03 11:05:46-07:00,16.141,28.0,70.0,244.0,America/Los_Angeles
jpl,1_1_193_816_2019-10-03 13:22:10.950305,1-1-193-816,AG-1F05,2019-10-03 06:22:11-07:00,2019-10-03 11:10:11-07:00,2019-10-03 11:11:11-07:00,14.581,20.0,50.0,446.0,America/Los_Angeles
jpl,1_1_193_827_2019-10-03 13:23:42.252277,1-1-193-827,AG-1F02,2019-10-03 06:23:42-07:00,2019-10-03 16:24:13-07:00,2019-10-03 09:02:16-07:00,14.277,60.0,100.0,569.0,America/Los_Angeles
jpl,1_1_179_787_2019-10-03 13:27:39.204301,1-1-179-787,AG-3F16,2019-10-03 06:27:39-07:00,2019-10-03 15:28:59-07:00,2019-10-03 09:08:59-07:00,7.977,16.0,40.0,533.0,America/Los_Angeles
jpl,1_1_179_798_2019-10-03 13:28:30.306013,1-1-179-798,AG-3F18,2019-10-03 06:28:45-07:00,2019-10-03 16:09:13-07:00,2019-10-03 11:05:40-07:00,12.005,16.65,50.0,489.0,America/Los_Angeles
jpl,1_1_179_800_2019-10-03 13:30:32.380460,1-1-179-800,AG-3F32,2019-10-03 06:30:32-07:00,2019-10-03 15:59:50-07:00,2019-10-03 09:05:26-07:00,8.021,8.0,40.0,243.0,America/Los_Angeles
jpl,1_1_179_796_2019-10-03 13:34:45.961205,1-1-179-796,AG-3F24,2019-10-03 06:35:04-07:00,2019-10-03 16:25:55-07:00,2019-10-03 10:24:46-07:00,13.207,23.08,40.0,251.0,America/Los_Angeles
jpl,1_1_191_808_2019-10-03 13:40:10.311641,1-1-191-808,AG-4F35,2019-10-03 06:40:10-07:00,2019-10-03 18:03:10-07:00,2019-10-03 14:03:27-07:00,13.058,16.0,40.0,438.0,America/Los_Angeles
jpl,1_1_194_821_2019-10-03 13:44:27.579568,1-1-194-821,AG-1F13,2019-10-03 06:44:28-07:00,2019-10-03 17:14:22-07:00,2019-10-03 10:33:09-07:00,6.03,9.99,30.0,304.0,America/Los_Angeles
jpl,1_1_179_813_2019-10-03 13:44:30.622634,1-1-179-813,AG-3F15,2019-10-03 06:44:31-07:00,2019-10-03 17:19:02-07:00,2019-10-03 09:39:08-07:00,6.662,12.0,30.0,601.0,America/Los_Angeles
jpl,1_1_179_788_2019-10-03 13:47:46.383136,1-1-179-788,AG-3F22,2019-10-03 06:47:46-07:00,2019-10-03 17:22:10-07:00,2019-10-03 16:03:18-07:00,11.01,18.0,40.0,595.0,America/Los_Angeles
jpl,1_1_191_785_2019-10-03 13:48:07.390970,1-1-191-785,AG-4F48,2019-10-03 06:48:07-07:00,2019-10-03 17:10:42-07:00,2019-10-03 08:57:36-07:00,6.954,12.0,30.0,569.0,America/Los_Angeles
jpl,1_1_179_797_2019-10-03 13:50:27.312762,1-1-179-797,AG-3F23,2019-10-03 06:50:27-07:00,2019-10-03 16:14:18-07:00,2019-10-03 09:23:46-07:00,4.894,5.5,20.0,556.0,America/Los_Angeles
jpl,1_1_179_815_2019-10-03 13:50:42.149919,1-1-179-815,AG-3F33,2019-10-03 06:51:26-07:00,2019-10-03 16:04:08-07:00,2019-10-03 09:28:49-07:00,10.703,20.0,50.0,434.0,America/Los_Angeles
jpl,1_1_194_822_2019-10-03 13:51:53.298167,1-1-194-822,AG-1F12,2019-10-03 06:51:53-07:00,2019-10-03 14:23:57-07:00,2019-10-03 08:52:47-07:00,5.675,8.0,20.0,64.0,America/Los_Angeles
jpl,1_1_194_818_2019-10-03 13:53:44.403978,1-1-194-818,AG-1F14,2019-10-03 06:53:09-07:00,2019-10-03 14:07:25-07:00,2019-10-03 09:28:22-07:00,3.934,8.0,20.0,60.0,America/Los_Angeles
jpl,1_1_191_780_2019-10-03 13:54:56.835492,1-1-191-780,AG-4F45,2019-10-03 06:54:57-07:00,2019-10-03 08:04:03-07:00,2019-10-03 07:28:39-07:00,0.849,35.0,140.0,421.0,America/Los_Angeles
jpl,1_1_179_781_2019-10-03 13:57:22.811187,1-1-179-781,AG-3F31,2019-10-03 06:57:23-07:00,2019-10-03 16:20:38-07:00,2019-10-03 13:26:52-07:00,39.64,56.0,160.0,555.0,America/Los_Angeles
jpl,1_1_179_777_2019-10-03 14:02:13.444536,1-1-179-777,AG-3F28,2019-10-03 07:02:13-07:00,2019-10-03 17:29:35-07:00,2019-10-03 11:47:21-07:00,12.202,15.0,40.0,553.0,America/Los_Angeles
jpl,1_1_179_809_2019-10-03 14:02:32.686667,1-1-179-809,AG-3F27,2019-10-03 07:02:50-07:00,2019-10-03 15:30:44-07:00,2019-10-03 11:42:11-07:00,9.963,46.8,130.0,400.0,America/Los_Angeles
jpl,1_1_179_799_2019-10-03 14:02:49.247231,1-1-179-799,AG-3F25,2019-10-03 07:02:59-07:00,2019-10-03 15:05:31-07:00,2019-10-03 11:01:09-07:00,12.559,15.0,60.0,475.0,America/Los_Angeles
jpl,1_1_179_791_2019-10-03 14:03:21.893027,1-1-179-791,AG-3F26,2019-10-03 07:03:22-07:00,2019-10-03 11:08:44-07:00,2019-10-03 11:04:57-07:00,5.565,8.0,20.0,61.0,America/Los_Angeles
jpl,1_1_179_779_2019-10-03 14:07:10.233960,1-1-179-779,AG-3F17,2019-10-03 07:07:10-07:00,2019-10-03 16:46:43-07:00,2019-10-03 11:03:42-07:00,8.935,11.12,40.0,540.0,America/Los_Angeles
jpl,1_1_191_795_2019-10-03 14:12:00.363890,1-1-191-795,AG-4F51,2019-10-03 07:12:00-07:00,2019-10-03 16:47:48-07:00,2019-10-03 10:49:37-07:00,20.039,32.0,80.0,300.0,America/Los_Angeles
jpl,1_1_179_783_2019-10-03 14:15:46.732319,1-1-179-783,AG-3F29,2019-10-03 07:15:47-07:00,2019-10-03 14:11:43-07:00,2019-10-03 13:44:05-07:00,0.805,0.0,0.0,0.0,America/Los_Angeles
jpl,1_1_179_794_2019-10-03 14:16:52.208891,1-1-179-794,AG-3F20,2019-10-03 07:17:00-07:00,2019-10-03 16:38:25-07:00,2019-10-03 16:39:25-07:00,16.487,16.65,50.0,551.0,America/Los_Angeles
jpl,1_1_179_801_2019-10-03 14:18:03.463670,1-1-179-801,AG-3F21,2019-10-03 07:18:03-07:00,2019-10-03 16:45:35-07:00,2019-10-03 12:25:59-07:00,30.748,72.5,290.0,687.0,America/Los_Angeles
jpl,1_1_179_790_2019-10-03 14:20:59.771575,1-1-179-790,AG-3F19,2019-10-03 07:21:00-07:00,2019-10-03 11:13:02-07:00,2019-10-03 11:13:59-07:00,23.943,102.74,220.0,627.0,America/Los_Angeles
jpl,1_1_191_782_2019-10-03 14:21:08.225995,1-1-191-782,AG-4F50,2019-10-03 07:21:35-07:00,2019-10-03 11:19:01-07:00,2019-10-03 11:16:04-07:00,24.107,84.0,210.0,619.0,America/Los_Angeles
jpl,1_1_191_807_2019-10-03 14:24:41.316630,1-1-191-807,AG-4F47,2019-10-03 07:24:41-07:00,2019-10-03 17:09:17-07:00,2019-10-03 12:03:46-07:00,13.737,20.0,80.0,516.0,America/Los_Angeles
jpl,1_1_191_792_2019-10-03 14:25:53.797042,1-1-191-792,AG-4F37,2019-10-03 07:26:01-07:00,2019-10-03 15:45:30-07:00,2019-10-03 12:47:23-07:00,11.509,8.0,20.0,249.0,America/Los_Angeles
jpl,1_1_191_784_2019-10-03 14:27:34.129910,1-1-191-784,AG-4F40,2019-10-03 07:27:34-07:00,2019-10-03 17:40:29-07:00,2019-10-03 17:41:29-07:00,62.148,62.5,250.0,574.0,America/Los_Angeles
jpl,1_1_191_802_2019-10-03 14:27:37.940851,1-1-191-802,AG-4F44,2019-10-03 07:27:38-07:00,2019-10-03 16:28:10-07:00,2019-10-03 15:43:35-07:00,21.882,38.85,150.0,558.0,America/Los_Angeles
jpl,1_1_191_778_2019-10-03 14:28:16.555183,1-1-191-778,AG-4F43,2019-10-03 07:28:17-07:00,2019-10-03 17:08:38-07:00,2019-10-03 15:33:51-07:00,5.034,5.0,20.0,285.0,America/Los_Angeles
jpl,1_1_191_793_2019-10-03 14:31:09.402725,1-1-191-793,AG-4F38,2019-10-03 07:31:09-07:00,2019-10-03 16:02:44-07:00,2019-10-03 15:26:37-07:00,48.653,57.0,190.0,510.0,America/Los_Angeles
jpl,1_1_191_805_2019-10-03 14:32:24.565742,1-1-191-805,AG-4F39,2019-10-03 07:32:25-07:00,2019-10-03 17:28:03-07:00,2019-10-03 15:15:55-07:00,5.421,6.66,20.0,493.0,America/Los_Angeles
jpl,1_1_191_806_2019-10-03 14:32:31.390984,1-1-191-806,AG-4F41,2019-10-03 07:32:31-07:00,2019-10-03 18:07:52-07:00,2019-10-03 10:53:45-07:00,10.103,18.0,40.0,267.0,America/Los_Angeles
jpl,1_1_191_812_2019-10-03 14:33:12.125876,1-1-191-812,AG-4F46,2019-10-03 07:33:12-07:00,2019-10-03 16:39:15-07:00,2019-10-03 15:08:05-07:00,43.664,63.75,150.0,555.0,America/Los_Angeles
jpl,1_1_191_803_2019-10-03 14:35:34.841501,1-1-191-803,AG-4F49,2019-10-03 07:35:35-07:00,2019-10-03 16:57:55-07:00,2019-10-03 11:46:29-07:00,11.13,22.5,90.0,376.0,America/Los_Angeles
jpl,1_1_191_786_2019-10-03 14:38:26.162281,1-1-191-786,AG-4F36,2019-10-03 07:38:26-07:00,2019-10-03 17:12:40-07:00,2019-10-03 10:09:27-07:00,10.481,24.0,40.0,342.0,America/Los_Angeles
jpl,1_1_191_804_2019-10-03 14:41:35.259235,1-1-191-804,AG-4F34,2019-10-03 07:41:35-07:00,2019-10-03 17:06:13-07:00,2019-10-03 13:13:13-07:00,20.022,20.0,80.0,331.0,America/Los_Angeles
jpl,1_1_191_811_2019-10-03 14:43:34.750668,1-1-191-811,AG-4F42,2019-10-03 07:43:35-07:00,2019-10-03 16:24:31-07:00,2019-10-03 09:21:35-07:00,4.145,8.05,23.0,513.0,America/Los_Angeles
jpl,1_1_191_780_2019-10-03 15:04:21.073858,1-1-191-780,AG-4F45,2019-10-03 08:04:21-07:00,2019-10-03 09:05:17-07:00,2019-10-03 08:38:38-07:00,0.836,0.0,0.0,0.0,America/Los_Angeles
jpl,1_1_191_780_2019-10-03 16:06:04.556518,1-1-191-780,AG-4F45,2019-10-03 09:06:37-07:00,2019-10-03 16:23:04-07:00,2019-10-03 14:16:19-07:00,32.365,35.0,140.0,481.0,America/Los_Angeles
jpl,1_1_179_791_2019-10-03 18:19:38.588612,1-1-179-791,AG-3F26,2019-10-03 11:19:39-07:00,2019-10-03 18:17:22-07:00,2019-10-03 18:18:22-07:00,44.436,75.0,300.0,465.0,America/Los_Angeles
jpl,1_1_193_816_2019-10-03 18:28:10.782855,1-1-193-816,AG-1F05,2019-10-03 11:28:11-07:00,2019-10-03 18:04:49-07:00,2019-10-03 16:29:04-07:00,15.869,19.98,60.0,448.0,America/Los_Angeles
jpl,1_1_178_828_2019-10-03 18:34:38.613271,1-1-178-828,AG-1F10,2019-10-03 11:34:39-07:00,2019-10-03 17:42:46-07:00,2019-10-03 14:09:52-07:00,13.82,17.52,60.0,177.0,America/Los_Angeles
jpl,1_1_179_790_2019-10-03 18:43:39.576002,1-1-179-790,AG-3F19,2019-10-03 11:43:40-07:00,2019-10-03 17:24:47-07:00,2019-10-03 14:58:16-07:00,19.836,40.25,70.0,364.0,America/Los_Angeles
jpl,1_1_179_810_2019-10-03 18:44:03.819943,1-1-179-810,AG-3F30,2019-10-03 11:44:04-07:00,2019-10-03 15:09:29-07:00,2019-10-03 15:10:29-07:00,21.602,36.0,90.0,236.0,America/Los_Angeles
jpl,1_1_191_782_2019-10-03 18:50:56.257663,1-1-191-782,AG-4F50,2019-10-03 11:50:56-07:00,2019-10-03 15:41:40-07:00,2019-10-03 15:42:40-07:00,23.753,51.0,170.0,622.0,America/Los_Angeles
jpl,1_1_178_824_2019-10-03 19:00:27.346523,1-1-178-824,AG-1F07,2019-10-03 12:00:44-07:00,2019-10-03 16:24:58-07:00,2019-10-03 16:21:37-07:00,3.254,84.0,210.0,619.0,America/Los_Angeles
jpl,1_1_179_783_2019-10-03 21:28:04.583109,1-1-179-783,AG-3F29,2019-10-03 14:28:05-07:00,2019-10-03 16:48:59-07:00,2019-10-03 16:49:57-07:00,8.084945000000003,20.0,50.0,166.0,America/Los_Angeles
jpl,1_1_194_822_2019-10-03 21:51:08.815566,1-1-194-822,AG-1F12,2019-10-03 14:51:09-07:00,2019-10-03 19:10:07-07:00,2019-10-03 15:23:32-07:00,0.708,0.0,0.0,0.0,America/Los_Angeles
jpl,1_1_194_818_2019-10-03 21:59:14.035741,1-1-194-818,AG-1F14,2019-10-03 14:59:14-07:00,2019-10-03 18:56:00-07:00,2019-10-03 18:57:00-07:00,23.885,25.0,100.0,227.0,America/Los_Angeles
jpl,1_1_178_817_2019-10-03 22:23:23.124005,1-1-178-817,AG-1F09,2019-10-03 15:23:23-07:00,2019-10-03 20:25:50-07:00,2019-10-03 18:21:19-07:00,9.69,16.0,40.0,169.0,America/Los_Angeles
jpl,1_1_193_819_2019-10-03 22:38:06.984944,1-1-193-819,AG-1F06,2019-10-03 15:38:07-07:00,2019-10-03 18:48:11-07:00,2019-10-03 16:23:27-07:00,1.513,8.0,20.0,448.0,America/Los_Angeles
jpl,1_1_193_820_2019-10-03 23:06:39.852636,1-1-193-820,AG-1F04,2019-10-03 16:06:40-07:00,2019-10-03 20:42:03-07:00,2019-10-03 20:43:03-07:00,26.347,32.34,140.0,266.0,America/Los_Angeles
jpl,1_1_193_829_2019-10-03 23:12:20.624210,1-1-193-829,AG-1F03,2019-10-03 16:12:21-07:00,2019-10-03 17:58:41-07:00,2019-10-03 17:59:41-07:00,5.697,20.0,50.0,108.0,America/Los_Angeles
jpl,1_1_194_826_2019-10-03 23:24:33.754646,1-1-194-826,AG-1F11,2019-10-03 16:24:34-07:00,2019-10-03 17:49:13-07:00,2019-10-03 17:50:13-07:00,7.216,20.02,70.0,98.0,America/Los_Angeles
jpl,1_1_178_824_2019-10-03 23:34:09.108599,1-1-178-824,AG-1F07,2019-10-03 16:34:09-07:00,2019-10-03 18:52:00-07:00,2019-10-03 18:27:47-07:00,4.992,9.99,30.0,125.0,America/Los_Angeles
jpl,1_1_193_827_2019-10-03 23:35:21.907985,1-1-193-827,AG-1F02,2019-10-03 16:35:22-07:00,2019-10-03 17:15:49-07:00,2019-10-03 17:16:49-07:00,1.929,4.5,20.0,64.0,America/Los_Angeles
jpl,1_1_193_825_2019-10-03 23:47:59.837498,1-1-193-825,AG-1F01,2019-10-03 16:48:00-07:00,2019-10-03 17:47:38-07:00,2019-10-03 17:48:38-07:00,2.766,8.0,20.0,106.0,America/Los_Angeles
jpl,1_1_178_823_2019-10-03 23:48:07.558658,1-1-178-823,AG-1F08,2019-10-03 16:48:23-07:00,2019-10-03 17:47:14-07:00,2019-10-03 17:48:14-07:00,4.175,57.76,190.0,351.0,America/Los_Angeles
jpl,1_1_179_800_2019-10-04 00:11:45.489877,1-1-179-800,AG-3F32,2019-10-03 17:11:45-07:00,2019-10-03 18:26:34-07:00,2019-10-03 18:27:34-07:00,4.021,9.0,20.0,67.0,America/Los_Angeles
jpl,1_1_194_821_2019-10-04 00:42:32.397491,1-1-194-821,AG-1F13,2019-10-03 17:42:32-07:00,2019-10-03 19:11:28-07:00,2019-10-03 19:12:28-07:00,4.851,8.0,20.0,63.0,America/Los_Angeles
jpl,1_1_193_827_2019-10-04 00:44:27.368195,1-1-193-827,AG-1F02,2019-10-03 17:44:27-07:00,2019-10-03 18:11:43-07:00,2019-10-03 18:12:43-07:00,2.549,21.0,70.0,130.0,America/Los_Angeles
jpl,1_1_191_789_2019-10-04 01:14:32.434287,1-1-191-789,AG-4F52,2019-10-03 18:14:32-07:00,2019-10-04 10:33:31-07:00,2019-10-04 01:11:45-07:00,43.764,54.0,180.0,486.0,America/Los_Angeles
jpl,1_1_194_818_2019-10-04 11:18:47.806100,1-1-194-818,AG-1F14,2019-10-04 04:18:48-07:00,2019-10-04 14:11:57-07:00,2019-10-04 14:03:56-07:00,40.008,40.0,160.0,540.0,America/Los_Angeles
jpl,1_1_178_828_2019-10-04 12:02:16.837380,1-1-178-828,AG-1F10,2019-10-04 05:02:17-07:00,2019-10-04 17:54:48-07:00,2019-10-04 17:03:07-07:00,30.97,36.63,110.0,620.0,America/Los_Angeles
jpl,1_1_193_825_2019-10-04 12:06:09.237962,1-1-193-825,AG-1F01,2019-10-04 05:06:09-07:00,2019-10-04 13:35:41-07:00,2019-10-04 07:17:21-07:00,6.131,10.0,50.0,30.0,America/Los_Angeles
jpl,1_1_194_826_2019-10-04 12:42:04.876424,1-1-194-826,AG-1F11,2019-10-04 05:42:05-07:00,2019-10-04 15:42:11-07:00,2019-10-04 09:35:00-07:00,7.746,6.66,20.0,521.0,America/Los_Angeles
jpl,1_1_178_823_2019-10-04 12:48:18.775781,1-1-178-823,AG-1F08,2019-10-04 05:48:19-07:00,2019-10-04 13:48:11-07:00,2019-10-04 10:06:11-07:00,10.378,24.0,40.0,575.0,America/Los_Angeles
jpl,1_1_193_819_2019-10-04 13:00:35.747045,1-1-193-819,AG-1F06,2019-10-04 06:00:36-07:00,2019-10-04 14:37:01-07:00,2019-10-04 11:17:11-07:00,12.792,18.0,30.0,361.0,America/Los_Angeles
jpl,1_1_193_829_2019-10-04 13:04:52.536514,1-1-193-829,AG-1F03,2019-10-04 06:04:53-07:00,2019-10-04 14:30:33-07:00,2019-10-04 14:20:02-07:00,27.992,27.96,120.0,488.0,America/Los_Angeles
jpl,1_1_193_816_2019-10-04 13:05:25.993184,1-1-193-816,AG-1F05,2019-10-04 06:05:26-07:00,2019-10-04 15:01:38-07:00,2019-10-04 08:25:52-07:00,5.237,12.0,30.0,242.0,America/Los_Angeles
jpl,1_1_179_810_2019-10-04 13:11:49.627251,1-1-179-810,AG-3F30,2019-10-04 06:11:50-07:00,2019-10-04 15:26:29-07:00,2019-10-04 10:24:11-07:00,22.075,21.0,70.0,320.0,America/Los_Angeles
jpl,1_1_178_817_2019-10-04 13:14:22.173835,1-1-178-817,AG-1F09,2019-10-04 06:14:22-07:00,2019-10-04 13:40:16-07:00,2019-10-04 08:36:07-07:00,5.641,8.0,20.0,64.0,America/Los_Angeles
jpl,1_1_193_827_2019-10-04 13:21:35.594113,1-1-193-827,AG-1F02,2019-10-04 06:21:36-07:00,2019-10-04 11:28:31-07:00,2019-10-04 09:06:43-07:00,12.678,60.0,100.0,370.0,America/Los_Angeles
jpl,1_1_193_820_2019-10-04 13:29:09.043647,1-1-193-820,AG-1F04,2019-10-04 06:29:09-07:00,2019-10-04 14:37:40-07:00,2019-10-04 09:11:24-07:00,7.698,16.0,40.0,533.0,America/Los_Angeles
jpl,1_1_178_824_2019-10-04 13:29:26.509615,1-1-178-824,AG-1F07,2019-10-04 06:29:26-07:00,2019-10-04 09:26:19-07:00,2019-10-04 09:13:35-07:00,13.441,20.0,50.0,181.0,America/Los_Angeles
jpl,1_1_179_809_2019-10-04 13:30:25.375679,1-1-179-809,AG-3F27,2019-10-04 06:30:46-07:00,2019-10-04 13:47:28-07:00,2019-10-04 10:15:46-07:00,19.391,21.44,80.0,333.0,America/Los_Angeles
jpl,1_1_179_799_2019-10-04 13:33:06.130431,1-1-179-799,AG-3F25,2019-10-04 06:33:06-07:00,2019-10-04 15:22:13-07:00,2019-10-04 12:30:52-07:00,14.66,20.02,70.0,472.0,America/Los_Angeles
jpl,1_1_179_797_2019-10-04 13:33:46.008706,1-1-179-797,AG-3F23,2019-10-04 06:33:46-07:00,2019-10-04 16:08:35-07:00,2019-10-04 09:14:18-07:00,5.322,5.5,20.0,556.0,America/Los_Angeles
jpl,1_1_191_808_2019-10-04 13:38:11.616739,1-1-191-808,AG-4F35,2019-10-04 06:38:12-07:00,2019-10-04 17:00:26-07:00,2019-10-04 12:35:58-07:00,12.737,16.0,40.0,438.0,America/Los_Angeles
jpl,1_1_191_780_2019-10-04 13:38:11.866187,1-1-191-780,AG-4F45,2019-10-04 06:38:47-07:00,2019-10-04 15:50:07-07:00,2019-10-04 13:08:17-07:00,29.896,35.0,140.0,481.0,America/Los_Angeles
jpl,1_1_179_800_2019-10-04 13:41:06.717988,1-1-179-800,AG-3F32,2019-10-04 06:41:07-07:00,2019-10-04 16:38:43-07:00,2019-10-04 16:39:43-07:00,48.651,45.0,180.0,566.0,America/Los_Angeles
jpl,1_1_194_822_2019-10-04 13:42:11.648605,1-1-194-822,AG-1F12,2019-10-04 06:42:22-07:00,2019-10-04 15:49:48-07:00,2019-10-04 12:40:51-07:00,24.395,84.0,210.0,619.0,America/Los_Angeles
jpl,1_1_179_796_2019-10-04 13:42:29.947245,1-1-179-796,AG-3F24,2019-10-04 06:42:37-07:00,2019-10-04 15:55:22-07:00,2019-10-04 15:18:20-07:00,12.042,11.54,20.0,326.0,America/Los_Angeles
jpl,1_1_194_821_2019-10-04 13:43:03.580032,1-1-194-821,AG-1F13,2019-10-04 06:43:04-07:00,2019-10-04 16:03:30-07:00,2019-10-04 08:55:45-07:00,3.508,8.0,20.0,448.0,America/Los_Angeles
jpl,1_1_179_781_2019-10-04 13:43:11.169944,1-1-179-781,AG-3F31,2019-10-04 06:43:11-07:00,2019-10-04 11:20:49-07:00,2019-10-04 08:51:36-07:00,12.422,72.5,290.0,687.0,America/Los_Angeles
jpl,1_1_179_787_2019-10-04 13:48:59.587370,1-1-179-787,AG-3F16,2019-10-04 06:49:00-07:00,2019-10-04 16:15:36-07:00,2019-10-04 10:30:29-07:00,6.786,12.0,30.0,601.0,America/Los_Angeles
jpl,1_1_179_788_2019-10-04 13:50:52.203821,1-1-179-788,AG-3F22,2019-10-04 06:50:52-07:00,2019-10-04 17:30:59-07:00,2019-10-04 12:24:28-07:00,12.225,15.0,40.0,553.0,America/Los_Angeles
jpl,1_1_179_794_2019-10-04 13:56:17.778201,1-1-179-794,AG-3F20,2019-10-04 06:56:18-07:00,2019-10-04 18:24:17-07:00,2019-10-04 09:37:33-07:00,5.412,7.0,20.0,94.0,America/Los_Angeles
jpl,1_1_179_783_2019-10-04 13:57:46.716124,1-1-179-783,AG-3F29,2019-10-04 06:57:47-07:00,2019-10-04 15:36:54-07:00,2019-10-04 12:53:42-07:00,36.328,52.5,210.0,488.0,America/Los_Angeles
jpl,1_1_191_785_2019-10-04 13:57:58.168524,1-1-191-785,AG-4F48,2019-10-04 06:57:58-07:00,2019-10-04 16:28:39-07:00,2019-10-04 10:38:12-07:00,7.517,12.0,30.0,569.0,America/Los_Angeles
jpl,1_1_179_791_2019-10-04 13:59:57.163450,1-1-179-791,AG-3F26,2019-10-04 07:00:05-07:00,2019-10-04 15:04:39-07:00,2019-10-04 15:01:31-07:00,16.109,16.65,50.0,551.0,America/Los_Angeles
jpl,1_1_179_798_2019-10-04 14:00:04.800403,1-1-179-798,AG-3F18,2019-10-04 07:00:05-07:00,2019-10-04 15:35:28-07:00,2019-10-04 15:15:11-07:00,9.075,9.0,20.0,595.0,America/Los_Angeles
jpl,1_1_179_801_2019-10-04 14:04:27.868057,1-1-179-801,AG-3F21,2019-10-04 07:04:28-07:00,2019-10-04 16:44:56-07:00,2019-10-04 09:31:01-07:00,8.908,15.65,50.0,473.0,America/Los_Angeles
jpl,1_1_191_806_2019-10-04 14:05:53.332786,1-1-191-806,AG-4F41,2019-10-04 07:05:53-07:00,2019-10-04 14:30:00-07:00,2019-10-04 14:31:00-07:00,40.229,42.0,140.0,574.0,America/Los_Angeles
jpl,1_1_179_777_2019-10-04 14:06:52.587038,1-1-179-777,AG-3F28,2019-10-04 07:06:53-07:00,2019-10-04 17:04:49-07:00,2019-10-04 09:41:30-07:00,5.645,12.0,30.0,73.0,America/Los_Angeles
jpl,1_1_179_779_2019-10-04 14:10:23.517575,1-1-179-779,AG-3F17,2019-10-04 07:10:24-07:00,2019-10-04 15:32:22-07:00,2019-10-04 15:14:00-07:00,18.86,38.85,150.0,558.0,America/Los_Angeles
jpl,1_1_191_812_2019-10-04 14:15:27.943320,1-1-191-812,AG-4F46,2019-10-04 07:15:28-07:00,2019-10-04 15:48:01-07:00,2019-10-04 10:24:46-07:00,14.458,14.4,50.0,546.0,America/Los_Angeles
jpl,1_1_191_792_2019-10-04 14:21:51.918243,1-1-191-792,AG-4F37,2019-10-04 07:21:52-07:00,2019-10-04 11:43:20-07:00,2019-10-04 09:35:09-07:00,5.211,6.66,20.0,493.0,America/Los_Angeles
jpl,1_1_191_805_2019-10-04 14:22:41.129677,1-1-191-805,AG-4F39,2019-10-04 07:22:41-07:00,2019-10-04 18:08:02-07:00,2019-10-04 11:39:38-07:00,9.827,18.0,40.0,267.0,America/Los_Angeles
jpl,1_1_179_813_2019-10-04 14:24:14.530283,1-1-179-813,AG-3F15,2019-10-04 07:24:15-07:00,2019-10-04 17:08:15-07:00,2019-10-04 11:37:35-07:00,6.962,8.0,20.0,594.0,America/Los_Angeles
jpl,1_1_179_790_2019-10-04 14:24:18.078181,1-1-179-790,AG-3F19,2019-10-04 07:24:21-07:00,2019-10-04 15:06:04-07:00,2019-10-04 14:30:57-07:00,42.977,102.74,220.0,627.0,America/Los_Angeles
jpl,1_1_191_807_2019-10-04 14:25:12.119060,1-1-191-807,AG-4F47,2019-10-04 07:25:21-07:00,2019-10-04 16:06:14-07:00,2019-10-04 12:26:13-07:00,13.807,20.0,80.0,516.0,America/Los_Angeles
jpl,1_1_191_782_2019-10-04 14:28:52.168650,1-1-191-782,AG-4F50,2019-10-04 07:28:52-07:00,2019-10-04 15:22:17-07:00,2019-10-04 15:02:04-07:00,5.094,5.0,20.0,252.0,America/Los_Angeles
jpl,1_1_191_802_2019-10-04 14:31:26.514914,1-1-191-802,AG-4F44,2019-10-04 07:31:27-07:00,2019-10-04 16:11:41-07:00,2019-10-04 10:17:18-07:00,8.664,33.36,80.0,553.0,America/Los_Angeles
jpl,1_1_191_786_2019-10-04 14:31:36.181545,1-1-191-786,AG-4F36,2019-10-04 07:31:36-07:00,2019-10-04 15:49:46-07:00,2019-10-04 13:25:02-07:00,12.253,8.0,20.0,249.0,America/Los_Angeles
jpl,1_1_191_804_2019-10-04 14:32:27.487698,1-1-191-804,AG-4F34,2019-10-04 07:32:27-07:00,2019-10-04 12:54:13-07:00,2019-10-04 12:11:33-07:00,27.919,51.0,170.0,622.0,America/Los_Angeles
jpl,1_1_191_795_2019-10-04 14:34:51.238958,1-1-191-795,AG-4F51,2019-10-04 07:34:51-07:00,2019-10-04 15:25:46-07:00,2019-10-04 12:43:53-07:00,13.176,18.0,30.0,466.0,America/Los_Angeles
jpl,1_1_191_803_2019-10-04 14:35:14.535855,1-1-191-803,AG-4F49,2019-10-04 07:35:15-07:00,2019-10-04 11:45:25-07:00,2019-10-04 09:24:05-07:00,11.009,26.0,130.0,214.0,America/Los_Angeles
jpl,1_1_191_778_2019-10-04 14:37:24.629044,1-1-191-778,AG-4F43,2019-10-04 07:37:25-07:00,2019-10-04 14:54:10-07:00,2019-10-04 14:55:07-07:00,44.544,45.0,180.0,681.0,America/Los_Angeles
jpl,1_1_191_811_2019-10-04 14:38:31.459932,1-1-191-811,AG-4F42,2019-10-04 07:38:31-07:00,2019-10-04 16:52:35-07:00,2019-10-04 09:18:30-07:00,3.179,10.0,20.0,538.0,America/Los_Angeles
jpl,1_1_191_793_2019-10-04 14:42:46.836051,1-1-191-793,AG-4F38,2019-10-04 07:42:47-07:00,2019-10-04 12:55:21-07:00,2019-10-04 10:00:04-07:00,5.431,9.0,20.0,67.0,America/Los_Angeles
jpl,1_1_191_784_2019-10-04 15:43:41.335715,1-1-191-784,AG-4F40,2019-10-04 08:43:41-07:00,2019-10-04 15:38:07-07:00,2019-10-04 10:47:03-07:00,12.8,52.0,130.0,604.0,America/Los_Angeles
jpl,1_1_178_824_2019-10-04 16:34:10.331207,1-1-178-824,AG-1F07,2019-10-04 09:34:24-07:00,2019-10-04 16:11:37-07:00,2019-10-04 12:20:19-07:00,12.049,16.65,50.0,327.0,America/Los_Angeles
jpl,1_1_191_789_2019-10-04 17:37:35.365243,1-1-191-789,AG-4F52,2019-10-04 10:37:35-07:00,2019-10-04 20:05:44-07:00,2019-10-04 15:19:24-07:00,14.77,20.0,50.0,346.0,America/Los_Angeles
jpl,1_1_193_827_2019-10-04 18:35:20.336134,1-1-193-827,AG-1F02,2019-10-04 11:35:20-07:00,2019-10-04 15:27:39-07:00,2019-10-04 14:05:42-07:00,13.609,20.0,50.0,197.0,America/Los_Angeles
jpl,1_1_179_781_2019-10-04 18:39:48.842762,1-1-179-781,AG-3F31,2019-10-04 11:40:07-07:00,2019-10-04 17:12:55-07:00,2019-10-04 16:56:11-07:00,32.996,33.0,120.0,274.0,America/Los_Angeles
jpl,1_1_191_803_2019-10-04 18:56:15.197137,1-1-191-803,AG-4F49,2019-10-04 11:56:23-07:00,2019-10-04 16:49:34-07:00,2019-10-04 15:32:13-07:00,9.254,46.8,130.0,306.0,America/Los_Angeles
jpl,1_1_191_792_2019-10-04 19:08:05.601214,1-1-191-792,AG-4F37,2019-10-04 12:08:06-07:00,2019-10-04 16:10:47-07:00,2019-10-04 16:11:47-07:00,24.576,28.6,100.0,345.0,America/Los_Angeles
jpl,1_1_191_793_2019-10-04 20:02:22.308560,1-1-191-793,AG-4F38,2019-10-04 13:02:22-07:00,2019-10-04 17:56:17-07:00,2019-10-04 16:12:20-07:00,19.232,44.27,190.0,448.0,America/Los_Angeles
jpl,1_1_191_804_2019-10-04 20:06:14.162586,1-1-191-804,AG-4F34,2019-10-04 13:06:14-07:00,2019-10-04 14:45:48-07:00,2019-10-04 14:42:20-07:00,7.518,7.5,30.0,331.0,America/Los_Angeles
jpl,1_1_193_825_2019-10-04 20:40:20.869781,1-1-193-825,AG-1F01,2019-10-04 13:40:21-07:00,2019-10-04 16:48:31-07:00,2019-10-04 15:53:41-07:00,8.018,8.0,20.0,260.0,America/Los_Angeles
jpl,1_1_179_809_2019-10-04 20:55:05.387418,1-1-179-809,AG-3F27,2019-10-04 13:55:05-07:00,2019-10-04 16:32:35-07:00,2019-10-04 16:33:35-07:00,8.605,16.65,50.0,267.0,America/Los_Angeles
jpl,1_1_178_823_2019-10-04 20:59:11.471856,1-1-178-823,AG-1F08,2019-10-04 13:59:11-07:00,2019-10-04 16:30:43-07:00,2019-10-04 14:32:19-07:00,0.81,0.0,0.0,0.0,America/Los_Angeles
jpl,1_1_178_817_2019-10-04 21:12:14.940858,1-1-178-817,AG-1F09,2019-10-04 14:12:15-07:00,2019-10-04 16:16:34-07:00,2019-10-04 16:17:31-07:00,6.79,29.12,80.0,517.0,America/Los_Angeles
jpl,1_1_194_818_2019-10-04 21:20:28.448482,1-1-194-818,AG-1F14,2019-10-04 14:20:28-07:00,2019-10-04 19:20:38-07:00,2019-10-04 19:21:38-07:00,26.8,63.94,230.0,659.0,America/Los_Angeles
jpl,1_1_191_806_2019-10-04 21:38:20.742418,1-1-191-806,AG-4F41,2019-10-04 14:38:21-07:00,2019-10-04 17:16:58-07:00,2019-10-04 17:17:58-07:00,15.955,34.0,170.0,157.0,America/Los_Angeles
jpl,1_1_193_819_2019-10-04 21:38:39.988620,1-1-193-819,AG-1F06,2019-10-04 14:38:40-07:00,2019-10-04 16:51:00-07:00,2019-10-04 16:51:57-07:00,13.145,48.0,120.0,381.0,America/Los_Angeles
jpl,1_1_193_820_2019-10-04 21:43:03.155647,1-1-193-820,AG-1F04,2019-10-04 14:43:03-07:00,2019-10-04 16:35:41-07:00,2019-10-04 16:36:38-07:00,8.351,40.25,70.0,364.0,America/Los_Angeles
jpl,1_1_193_829_2019-10-04 21:54:14.678784,1-1-193-829,AG-1F03,2019-10-04 14:54:15-07:00,2019-10-04 19:28:03-07:00,2019-10-04 18:56:49-07:00,19.761,25.0,100.0,227.0,America/Los_Angeles
jpl,1_1_191_778_2019-10-04 22:01:16.004241,1-1-191-778,AG-4F43,2019-10-04 15:01:16-07:00,2019-10-04 16:35:04-07:00,2019-10-04 16:36:03-07:00,4.78,12.0,40.0,134.0,America/Los_Angeles
jpl,1_1_191_804_2019-10-04 22:03:08.472087,1-1-191-804,AG-4F34,2019-10-04 15:03:08-07:00,2019-10-04 18:56:30-07:00,2019-10-04 17:26:24-07:00,14.182,60.0,100.0,200.0,America/Los_Angeles
jpl,1_1_193_816_2019-10-04 22:23:18.372060,1-1-193-816,AG-1F05,2019-10-04 15:23:18-07:00,2019-10-04 17:04:07-07:00,2019-10-04 17:05:07-07:00,4.264,6.66,20.0,448.0,America/Los_Angeles
jpl,1_1_193_827_2019-10-04 22:29:52.510512,1-1-193-827,AG-1F02,2019-10-04 15:29:53-07:00,2019-10-04 17:01:14-07:00,2019-10-04 17:02:14-07:00,4.564,20.0,50.0,108.0,America/Los_Angeles
jpl,1_1_179_799_2019-10-04 22:33:45.971539,1-1-179-799,AG-3F25,2019-10-04 15:33:46-07:00,2019-10-04 20:15:04-07:00,2019-10-04 19:56:50-07:00,27.088,30.03,130.0,213.0,America/Los_Angeles
jpl,1_1_179_791_2019-10-04 22:38:04.804209,1-1-179-791,AG-3F26,2019-10-04 15:38:05-07:00,2019-10-04 17:00:19-07:00,2019-10-04 17:01:15-07:00,4.611,8.0,20.0,63.0,America/Los_Angeles
jpl,1_1_194_821_2019-10-04 23:07:22.159872,1-1-194-821,AG-1F13,2019-10-04 16:07:22-07:00,2019-10-04 19:02:01-07:00,2019-10-04 18:56:42-07:00,9.642,16.0,40.0,169.0,America/Los_Angeles
jpl,1_1_179_798_2019-10-04 23:14:40.310377,1-1-179-798,AG-3F18,2019-10-04 16:14:40-07:00,2019-10-04 16:58:45-07:00,2019-10-04 16:59:45-07:00,4.136,9.03,30.0,59.0,America/Los_Angeles
jpl,1_1_178_817_2019-10-05 02:03:51.250293,1-1-178-817,AG-1F09,2019-10-04 19:03:51-07:00,2019-10-04 21:12:35-07:00,2019-10-04 21:13:35-07:00,13.748,28.0,140.0,264.0,America/Los_Angeles
jpl,1_1_178_823_2019-10-05 12:43:03.208425,1-1-178-823,AG-1F08,2019-10-05 05:43:03-07:00,2019-10-05 12:15:29-07:00,2019-10-05 09:28:40-07:00,11.386,24.0,40.0,575.0,America/Los_Angeles
jpl,1_1_178_828_2019-10-05 16:01:40.634752,1-1-178-828,AG-1F10,2019-10-05 09:01:41-07:00,2019-10-05 11:47:15-07:00,2019-10-05 11:48:15-07:00,9.033,16.65,50.0,267.0,America/Los_Angeles
jpl,1_1_193_819_2019-10-05 16:38:46.074017,1-1-193-819,AG-1F06,2019-10-05 09:38:46-07:00,2019-10-05 12:20:20-07:00,2019-10-05 11:43:46-07:00,12.693,30.0,80.0,521.0,America/Los_Angeles
jpl,1_1_193_829_2019-10-05 18:08:37.574549,1-1-193-829,AG-1F03,2019-10-05 11:08:38-07:00,2019-10-05 17:38:10-07:00,2019-10-05 16:15:57-07:00,31.711,72.5,290.0,687.0,America/Los_Angeles
jpl,1_1_194_818_2019-10-05 20:31:39.599625,1-1-194-818,AG-1F14,2019-10-05 13:32:00-07:00,2019-10-05 17:17:32-07:00,2019-10-05 15:30:38-07:00,5.592,9.99,30.0,216.0,America/Los_Angeles
jpl,1_1_178_817_2019-10-05 20:42:40.798609,1-1-178-817,AG-1F09,2019-10-05 13:42:41-07:00,2019-10-05 16:19:12-07:00,2019-10-05 16:20:12-07:00,16.434,36.63,110.0,620.0,America/Los_Angeles
jpl,1_1_194_822_2019-10-06 03:54:36.327368,1-1-194-822,AG-1F12,2019-10-05 20:54:36-07:00,2019-10-05 22:45:36-07:00,2019-10-05 22:46:36-07:00,11.653,40.05,150.0,426.0,America/Los_Angeles
jpl,1_1_194_822_2019-10-06 17:19:05.921101,1-1-194-822,AG-1F12,2019-10-06 10:19:06-07:00,2019-10-06 13:45:36-07:00,2019-10-06 12:50:42-07:00,14.446,21.07,70.0,138.0,America/Los_Angeles
jpl,1_1_193_827_2019-10-06 22:06:20.764758,1-1-193-827,AG-1F02,2019-10-06 15:06:21-07:00,2019-10-06 17:36:33-07:00,2019-10-06 17:37:33-07:00,8.241,20.0,50.0,139.0,America/Los_Angeles
jpl,1_1_193_819_2019-10-07 01:42:38.585160,1-1-193-819,AG-1F06,2019-10-06 18:42:39-07:00,2019-10-06 20:00:52-07:00,2019-10-06 20:01:52-07:00,8.157,20.0,100.0,173.0,America/Los_Angeles
jpl,1_1_178_828_2019-10-07 10:46:04.455786,1-1-178-828,AG-1F10,2019-10-07 03:46:04-07:00,2019-10-07 13:34:34-07:00,2019-10-07 06:39:46-07:00,9.494,16.0,40.0,169.0,America/Los_Angeles
jpl,1_1_194_826_2019-10-07 12:02:47.755124,1-1-194-826,AG-1F11,2019-10-07 05:02:48-07:00,2019-10-07 14:35:35-07:00,2019-10-07 11:57:30-07:00,14.412,18.75,50.0,640.0,America/Los_Angeles
jpl,1_1_193_825_2019-10-07 12:11:43.224835,1-1-193-825,AG-1F01,2019-10-07 05:11:43-07:00,2019-10-07 14:41:21-07:00,2019-10-07 07:30:27-07:00,6.39,10.0,50.0,30.0,America/Los_Angeles
jpl,1_1_194_822_2019-10-07 12:15:12.343145,1-1-194-822,AG-1F12,2019-10-07 05:15:12-07:00,2019-10-07 17:35:01-07:00,2019-10-07 14:18:51-07:00,42.009,53.28,160.0,620.0,America/Los_Angeles
jpl,1_1_194_821_2019-10-07 12:33:18.267087,1-1-194-821,AG-1F13,2019-10-07 05:33:18-07:00,2019-10-07 15:44:58-07:00,2019-10-07 10:58:22-07:00,9.815,9.99,30.0,521.0,America/Los_Angeles
jpl,1_1_191_789_2019-10-07 12:40:49.995658,1-1-191-789,AG-4F52,2019-10-07 05:40:50-07:00,2019-10-07 15:38:31-07:00,2019-10-07 07:51:02-07:00,5.788,7.0,20.0,574.0,America/Los_Angeles
jpl,1_1_178_823_2019-10-07 12:47:45.895803,1-1-178-823,AG-1F08,2019-10-07 05:47:46-07:00,2019-10-07 13:37:30-07:00,2019-10-07 11:15:11-07:00,10.051,12.0,20.0,572.0,America/Los_Angeles
jpl,1_1_193_829_2019-10-07 12:59:00.596684,1-1-193-829,AG-1F03,2019-10-07 05:59:01-07:00,2019-10-07 15:37:45-07:00,2019-10-07 14:45:10-07:00,34.975,34.95,150.0,451.0,America/Los_Angeles
jpl,1_1_193_820_2019-10-07 13:05:06.192974,1-1-193-820,AG-1F04,2019-10-07 06:05:06-07:00,2019-10-07 13:02:06-07:00,2019-10-07 09:16:11-07:00,12.819,18.0,30.0,361.0,America/Los_Angeles
jpl,1_1_193_819_2019-10-07 13:06:09.348132,1-1-193-819,AG-1F06,2019-10-07 06:06:09-07:00,2019-10-07 12:32:52-07:00,2019-10-07 10:39:55-07:00,13.68,20.0,50.0,253.0,America/Los_Angeles
jpl,1_1_193_827_2019-10-07 13:06:39.905042,1-1-193-827,AG-1F02,2019-10-07 06:06:40-07:00,2019-10-07 16:12:01-07:00,2019-10-07 09:07:37-07:00,6.643,12.0,30.0,242.0,America/Los_Angeles
jpl,1_1_193_816_2019-10-07 13:10:21.215050,1-1-193-816,AG-1F05,2019-10-07 06:10:21-07:00,2019-10-07 13:05:29-07:00,2019-10-07 13:06:27-07:00,31.255,66.0,110.0,555.0,America/Los_Angeles
jpl,1_1_191_780_2019-10-07 13:22:21.971647,1-1-191-780,AG-4F45,2019-10-07 06:23:05-07:00,2019-10-07 15:48:46-07:00,2019-10-07 14:18:09-07:00,36.854,35.0,140.0,481.0,America/Los_Angeles
jpl,1_1_179_781_2019-10-07 13:23:27.935341,1-1-179-781,AG-3F31,2019-10-07 06:23:28-07:00,2019-10-07 09:22:07-07:00,2019-10-07 09:23:07-07:00,14.875,15.0,50.0,163.0,America/Los_Angeles
jpl,1_1_178_817_2019-10-07 13:26:02.227655,1-1-178-817,AG-1F09,2019-10-07 06:26:02-07:00,2019-10-07 17:12:15-07:00,2019-10-07 08:33:52-07:00,5.595,12.0,30.0,347.0,America/Los_Angeles
jpl,1_1_178_824_2019-10-07 13:27:13.777252,1-1-178-824,AG-1F07,2019-10-07 06:27:14-07:00,2019-10-07 10:11:55-07:00,2019-10-07 09:30:17-07:00,13.447,20.0,50.0,181.0,America/Los_Angeles
jpl,1_1_179_787_2019-10-07 13:28:56.544737,1-1-179-787,AG-3F16,2019-10-07 06:28:57-07:00,2019-10-07 15:37:14-07:00,2019-10-07 10:40:34-07:00,8.346,16.0,40.0,533.0,America/Los_Angeles
jpl,1_1_179_796_2019-10-07 13:29:53.824381,1-1-179-796,AG-3F24,2019-10-07 06:30:04-07:00,2019-10-07 16:25:03-07:00,2019-10-07 10:19:57-07:00,13.128,12.0,20.0,683.0,America/Los_Angeles
jpl,1_1_194_818_2019-10-07 13:31:14.974773,1-1-194-818,AG-1F14,2019-10-07 06:31:15-07:00,2019-10-07 17:15:37-07:00,2019-10-07 11:47:26-07:00,8.705,15.65,50.0,561.0,America/Los_Angeles
jpl,1_1_179_799_2019-10-07 13:33:26.894358,1-1-179-799,AG-3F25,2019-10-07 06:33:27-07:00,2019-10-07 18:15:46-07:00,2019-10-07 10:39:22-07:00,24.507,72.5,290.0,687.0,America/Los_Angeles
jpl,1_1_179_797_2019-10-07 13:37:10.074781,1-1-179-797,AG-3F23,2019-10-07 06:37:10-07:00,2019-10-07 14:43:39-07:00,2019-10-07 09:26:07-07:00,5.513,5.5,20.0,556.0,America/Los_Angeles
jpl,1_1_179_815_2019-10-07 13:38:41.620841,1-1-179-815,AG-3F33,2019-10-07 06:38:42-07:00,2019-10-07 16:44:39-07:00,2019-10-07 11:01:25-07:00,10.72,20.0,50.0,565.0,America/Los_Angeles
jpl,1_1_179_800_2019-10-07 13:46:04.037500,1-1-179-800,AG-3F32,2019-10-07 06:46:34-07:00,2019-10-07 15:18:31-07:00,2019-10-07 15:19:28-07:00,43.082,80.0,200.0,572.0,America/Los_Angeles
jpl,1_1_191_785_2019-10-07 13:46:55.655109,1-1-191-785,AG-4F48,2019-10-07 06:46:56-07:00,2019-10-07 18:10:27-07:00,2019-10-07 10:20:36-07:00,7.35,12.0,30.0,569.0,America/Los_Angeles
jpl,1_1_179_777_2019-10-07 13:48:58.587039,1-1-179-777,AG-3F28,2019-10-07 06:48:59-07:00,2019-10-07 16:12:38-07:00,2019-10-07 09:12:38-07:00,5.652,8.0,20.0,60.0,America/Los_Angeles
jpl,1_1_179_788_2019-10-07 13:53:23.998560,1-1-179-788,AG-3F22,2019-10-07 06:53:24-07:00,2019-10-07 13:40:56-07:00,2019-10-07 08:49:32-07:00,4.447,8.05,23.0,347.0,America/Los_Angeles
jpl,1_1_179_798_2019-10-07 13:55:18.476857,1-1-179-798,AG-3F18,2019-10-07 06:55:18-07:00,2019-10-07 17:08:21-07:00,2019-10-07 09:37:06-07:00,6.651,12.0,30.0,601.0,America/Los_Angeles
jpl,1_1_179_813_2019-10-07 13:57:56.936172,1-1-179-813,AG-3F15,2019-10-07 06:58:06-07:00,2019-10-07 15:28:13-07:00,2019-10-07 11:14:59-07:00,10.487,46.8,130.0,419.0,America/Los_Angeles
jpl,1_1_179_791_2019-10-07 13:58:44.603248,1-1-179-791,AG-3F26,2019-10-07 06:58:45-07:00,2019-10-07 10:49:13-07:00,2019-10-07 10:32:48-07:00,13.895,20.0,50.0,197.0,America/Los_Angeles
jpl,1_1_179_801_2019-10-07 13:59:24.925268,1-1-179-801,AG-3F21,2019-10-07 06:59:25-07:00,2019-10-07 18:16:46-07:00,2019-10-07 09:38:38-07:00,5.658,9.99,30.0,304.0,America/Los_Angeles
jpl,1_1_179_810_2019-10-07 14:04:07.521292,1-1-179-810,AG-3F30,2019-10-07 07:04:24-07:00,2019-10-07 17:16:35-07:00,2019-10-07 12:12:43-07:00,16.126,24.0,60.0,679.0,America/Los_Angeles
jpl,1_1_179_790_2019-10-07 14:07:20.787191,1-1-179-790,AG-3F19,2019-10-07 07:07:21-07:00,2019-10-07 11:46:41-07:00,2019-10-07 11:47:40-07:00,21.564,57.5,100.0,119.0,America/Los_Angeles
jpl,1_1_179_794_2019-10-07 14:09:52.774450,1-1-179-794,AG-3F20,2019-10-07 07:09:53-07:00,2019-10-07 16:35:34-07:00,2019-10-07 15:57:22-07:00,12.302,38.85,150.0,558.0,America/Los_Angeles
jpl,1_1_179_809_2019-10-07 14:11:28.773178,1-1-179-809,AG-3F27,2019-10-07 07:11:29-07:00,2019-10-07 17:25:15-07:00,2019-10-07 11:25:56-07:00,12.022,15.0,40.0,553.0,America/Los_Angeles
jpl,1_1_179_779_2019-10-07 14:13:48.555991,1-1-179-779,AG-3F17,2019-10-07 07:13:49-07:00,2019-10-07 16:22:57-07:00,2019-10-07 11:15:47-07:00,7.726,8.0,20.0,249.0,America/Los_Angeles
jpl,1_1_179_783_2019-10-07 14:16:41.805383,1-1-179-783,AG-3F29,2019-10-07 07:16:42-07:00,2019-10-07 17:24:57-07:00,2019-10-07 17:25:57-07:00,51.863,62.5,250.0,376.0,America/Los_Angeles
jpl,1_1_191_782_2019-10-07 14:20:58.063023,1-1-191-782,AG-4F50,2019-10-07 07:20:59-07:00,2019-10-07 16:23:17-07:00,2019-10-07 11:17:10-07:00,23.451,102.74,220.0,627.0,America/Los_Angeles
jpl,1_1_191_802_2019-10-07 14:24:24.983816,1-1-191-802,AG-4F44,2019-10-07 07:24:25-07:00,2019-10-07 12:47:29-07:00,2019-10-07 10:22:13-07:00,9.173,33.36,80.0,553.0,America/Los_Angeles
jpl,1_1_191_803_2019-10-07 14:25:06.232125,1-1-191-803,AG-4F49,2019-10-07 07:25:06-07:00,2019-10-07 17:28:10-07:00,2019-10-07 17:12:45-07:00,15.013,32.0,80.0,481.0,America/Los_Angeles
jpl,1_1_191_806_2019-10-07 14:25:53.779680,1-1-191-806,AG-4F41,2019-10-07 07:25:54-07:00,2019-10-07 14:43:03-07:00,2019-10-07 13:02:58-07:00,14.683,16.65,50.0,267.0,America/Los_Angeles
jpl,1_1_191_807_2019-10-07 14:25:44.529707,1-1-191-807,AG-4F47,2019-10-07 07:25:58-07:00,2019-10-07 15:06:46-07:00,2019-10-07 14:53:31-07:00,9.072,15.0,60.0,475.0,America/Los_Angeles
jpl,1_1_191_812_2019-10-07 14:28:03.995563,1-1-191-812,AG-4F46,2019-10-07 07:28:04-07:00,2019-10-07 17:19:30-07:00,2019-10-07 10:57:08-07:00,13.686,20.0,80.0,516.0,America/Los_Angeles
jpl,1_1_191_795_2019-10-07 14:33:04.118958,1-1-191-795,AG-4F51,2019-10-07 07:33:04-07:00,2019-10-07 16:07:58-07:00,2019-10-07 15:33:15-07:00,5.013,5.0,20.0,252.0,America/Los_Angeles
jpl,1_1_191_811_2019-10-07 14:34:35.277487,1-1-191-811,AG-4F42,2019-10-07 07:34:35-07:00,2019-10-07 15:29:46-07:00,2019-10-07 15:30:43-07:00,46.449,58.68,180.0,448.0,America/Los_Angeles
jpl,1_1_191_805_2019-10-07 14:36:51.175650,1-1-191-805,AG-4F39,2019-10-07 07:36:51-07:00,2019-10-07 17:14:10-07:00,2019-10-07 11:59:07-07:00,13.686,24.0,40.0,342.0,America/Los_Angeles
jpl,1_1_191_778_2019-10-07 14:38:04.875843,1-1-191-778,AG-4F43,2019-10-07 07:38:05-07:00,2019-10-07 19:01:24-07:00,2019-10-07 12:15:20-07:00,11.993,20.0,50.0,433.0,America/Los_Angeles
jpl,1_1_191_808_2019-10-07 14:39:07.518204,1-1-191-808,AG-4F35,2019-10-07 07:39:08-07:00,2019-10-07 16:58:34-07:00,2019-10-07 13:00:42-07:00,12.645,16.0,40.0,438.0,America/Los_Angeles
jpl,1_1_191_792_2019-10-07 14:40:11.979484,1-1-191-792,AG-4F37,2019-10-07 07:40:12-07:00,2019-10-07 18:37:58-07:00,2019-10-07 09:49:24-07:00,5.499,9.0,20.0,67.0,America/Los_Angeles
jpl,1_1_191_793_2019-10-07 14:40:28.555264,1-1-191-793,AG-4F38,2019-10-07 07:40:29-07:00,2019-10-07 16:19:48-07:00,2019-10-07 15:57:37-07:00,11.804,52.0,130.0,604.0,America/Los_Angeles
jpl,1_1_191_804_2019-10-07 14:43:13.756075,1-1-191-804,AG-4F34,2019-10-07 07:43:14-07:00,2019-10-07 15:34:44-07:00,2019-10-07 13:06:15-07:00,31.539,51.0,170.0,622.0,America/Los_Angeles
jpl,1_1_191_786_2019-10-07 14:45:02.932188,1-1-191-786,AG-4F36,2019-10-07 07:45:03-07:00,2019-10-07 16:59:18-07:00,2019-10-07 12:06:16-07:00,7.562,8.0,20.0,448.0,America/Los_Angeles
jpl,1_1_191_784_2019-10-07 14:48:03.109314,1-1-191-784,AG-4F40,2019-10-07 07:48:03-07:00,2019-10-07 16:40:19-07:00,2019-10-07 14:47:26-07:00,44.179,45.0,180.0,492.0,America/Los_Angeles
jpl,1_1_179_781_2019-10-07 16:59:56.555942,1-1-179-781,AG-3F31,2019-10-07 09:59:57-07:00,2019-10-07 17:51:11-07:00,2019-10-07 16:03:41-07:00,32.871,34.32,120.0,473.0,America/Los_Angeles
jpl,1_1_178_824_2019-10-07 17:19:45.370933,1-1-178-824,AG-1F07,2019-10-07 10:19:45-07:00,2019-10-07 17:25:00-07:00,2019-10-07 12:25:15-07:00,12.424,20.0,50.0,194.0,America/Los_Angeles
jpl,1_1_179_791_2019-10-07 17:59:19.681310,1-1-179-791,AG-3F26,2019-10-07 10:59:20-07:00,2019-10-07 17:40:37-07:00,2019-10-07 16:18:01-07:00,16.802,20.0,50.0,345.0,America/Los_Angeles
jpl,1_1_179_790_2019-10-07 19:16:05.875036,1-1-179-790,AG-3F19,2019-10-07 12:16:06-07:00,2019-10-07 17:54:01-07:00,2019-10-07 17:55:01-07:00,34.786,40.0,160.0,402.0,America/Los_Angeles
jpl,1_1_193_819_2019-10-07 19:34:07.059077,1-1-193-819,AG-1F06,2019-10-07 12:34:07-07:00,2019-10-07 15:30:20-07:00,2019-10-07 14:42:32-07:00,11.277,19.98,60.0,239.0,America/Los_Angeles
jpl,1_1_193_820_2019-10-07 20:12:16.627507,1-1-193-820,AG-1F04,2019-10-07 13:12:17-07:00,2019-10-07 15:05:11-07:00,2019-10-07 15:06:11-07:00,11.08,28.0,70.0,177.0,America/Los_Angeles
jpl,1_1_193_816_2019-10-07 20:18:30.740167,1-1-193-816,AG-1F05,2019-10-07 13:18:31-07:00,2019-10-07 16:00:01-07:00,2019-10-07 16:01:01-07:00,14.211,24.0,60.0,292.0,America/Los_Angeles
jpl,1_1_191_802_2019-10-07 20:29:47.340514,1-1-191-802,AG-4F44,2019-10-07 13:29:47-07:00,2019-10-07 16:47:56-07:00,2019-10-07 16:48:56-07:00,21.107,25.0,100.0,331.0,America/Los_Angeles
jpl,1_1_179_788_2019-10-07 20:58:40.460195,1-1-179-788,AG-3F22,2019-10-07 13:58:40-07:00,2019-10-07 17:31:56-07:00,2019-10-07 17:32:56-07:00,21.956,40.0,100.0,237.0,America/Los_Angeles
jpl,1_1_178_823_2019-10-07 21:01:44.026151,1-1-178-823,AG-1F08,2019-10-07 14:01:44-07:00,2019-10-07 16:24:47-07:00,2019-10-07 16:08:19-07:00,5.945,12.0,20.0,182.0,America/Los_Angeles
jpl,1_1_178_828_2019-10-07 21:10:10.837152,1-1-178-828,AG-1F10,2019-10-07 14:10:11-07:00,2019-10-07 16:25:05-07:00,2019-10-07 14:43:45-07:00,0.725,0.0,0.0,0.0,America/Los_Angeles
jpl,1_1_194_826_2019-10-07 21:58:34.286362,1-1-194-826,AG-1F11,2019-10-07 14:58:34-07:00,2019-10-07 18:24:44-07:00,2019-10-07 16:59:22-07:00,8.601,8.58,30.0,65.0,America/Los_Angeles
jpl,1_1_193_825_2019-10-07 22:04:59.556865,1-1-193-825,AG-1F01,2019-10-07 15:05:00-07:00,2019-10-07 17:56:48-07:00,2019-10-07 16:57:19-07:00,10.011,10.0,40.0,156.0,America/Los_Angeles
jpl,1_1_179_800_2019-10-07 22:29:05.918728,1-1-179-800,AG-3F32,2019-10-07 15:29:06-07:00,2019-10-07 18:37:20-07:00,2019-10-07 18:38:20-07:00,19.329,46.62,140.0,350.0,America/Los_Angeles
jpl,1_1_179_797_2019-10-07 22:29:17.648262,1-1-179-797,AG-3F23,2019-10-07 15:29:18-07:00,2019-10-07 17:04:44-07:00,2019-10-07 17:05:44-07:00,9.996,40.0,100.0,123.0,America/Los_Angeles
jpl,1_1_193_819_2019-10-07 22:59:45.410369,1-1-193-819,AG-1F06,2019-10-07 15:59:45-07:00,2019-10-07 18:27:44-07:00,2019-10-07 18:28:44-07:00,12.929,59.16,170.0,61.0,America/Los_Angeles
jpl,1_1_179_787_2019-10-07 23:10:15.726887,1-1-179-787,AG-3F16,2019-10-07 16:10:16-07:00,2019-10-07 18:52:37-07:00,2019-10-07 18:10:08-07:00,11.995,12.0,30.0,409.0,America/Los_Angeles
jpl,1_1_193_827_2019-10-07 23:15:38.007462,1-1-193-827,AG-1F02,2019-10-07 16:15:38-07:00,2019-10-07 18:38:33-07:00,2019-10-07 18:39:33-07:00,6.556,7.5,30.0,102.0,America/Los_Angeles
jpl,1_1_193_816_2019-10-07 23:18:08.706141,1-1-193-816,AG-1F05,2019-10-07 16:18:09-07:00,2019-10-07 18:46:03-07:00,2019-10-07 18:47:03-07:00,12.514,33.3,100.0,235.0,America/Los_Angeles
jpl,1_1_193_829_2019-10-07 23:28:11.804808,1-1-193-829,AG-1F03,2019-10-07 16:28:12-07:00,2019-10-07 21:44:46-07:00,2019-10-07 18:30:50-07:00,10.201,12.0,40.0,130.0,America/Los_Angeles
jpl,1_1_178_817_2019-10-08 00:29:35.060706,1-1-178-817,AG-1F09,2019-10-07 17:29:35-07:00,2019-10-07 18:53:31-07:00,2019-10-07 18:50:23-07:00,7.433,8.0,20.0,63.0,America/Los_Angeles
jpl,1_1_194_822_2019-10-08 00:59:10.761717,1-1-194-822,AG-1F12,2019-10-07 17:59:11-07:00,2019-10-07 19:02:45-07:00,2019-10-07 19:03:45-07:00,6.525,57.76,190.0,351.0,America/Los_Angeles
jpl,1_1_178_823_2019-10-08 01:00:08.632716,1-1-178-823,AG-1F08,2019-10-07 18:00:09-07:00,2019-10-07 20:28:54-07:00,2019-10-07 20:06:35-07:00,5.683,10.0,20.0,157.0,America/Los_Angeles
jpl,1_1_178_823_2019-10-08 05:39:56.063939,1-1-178-823,AG-1F08,2019-10-07 22:39:56-07:00,2019-10-08 01:43:11-07:00,2019-10-08 00:05:12-07:00,4.292,10.0,20.0,157.0,America/Los_Angeles
jpl,1_1_194_821_2019-10-08 10:54:39.337073,1-1-194-821,AG-1F13,2019-10-08 03:54:39-07:00,2019-10-08 13:30:24-07:00,2019-10-08 06:58:38-07:00,9.446,16.0,40.0,169.0,America/Los_Angeles
jpl,1_1_178_817_2019-10-08 12:00:38.932416,1-1-178-817,AG-1F09,2019-10-08 05:00:39-07:00,2019-10-08 18:38:21-07:00,2019-10-08 10:29:23-07:00,30.26,36.63,110.0,620.0,America/Los_Angeles
jpl,1_1_194_826_2019-10-08 12:02:20.168622,1-1-194-826,AG-1F11,2019-10-08 05:02:20-07:00,2019-10-08 15:33:23-07:00,2019-10-08 10:11:50-07:00,15.636,18.75,50.0,640.0,America/Los_Angeles
jpl,1_1_193_825_2019-10-08 12:06:04.066743,1-1-193-825,AG-1F01,2019-10-08 05:06:04-07:00,2019-10-08 14:50:41-07:00,2019-10-08 07:18:53-07:00,6.164,10.0,50.0,30.0,America/Los_Angeles
jpl,1_1_194_822_2019-10-08 12:36:25.269380,1-1-194-822,AG-1F12,2019-10-08 05:36:25-07:00,2019-10-08 15:40:05-07:00,2019-10-08 11:04:34-07:00,16.045,19.98,60.0,521.0,America/Los_Angeles
jpl,1_1_193_816_2019-10-08 12:38:10.408680,1-1-193-816,AG-1F05,2019-10-08 05:38:10-07:00,2019-10-08 16:48:49-07:00,2019-10-08 08:33:29-07:00,6.713,18.0,60.0,503.0,America/Los_Angeles
jpl,1_1_178_823_2019-10-08 12:43:57.097770,1-1-178-823,AG-1F08,2019-10-08 05:43:57-07:00,2019-10-08 15:33:25-07:00,2019-10-08 10:24:44-07:00,10.806,12.0,20.0,572.0,America/Los_Angeles
jpl,1_1_193_819_2019-10-08 12:45:12.605432,1-1-193-819,AG-1F06,2019-10-08 05:45:13-07:00,2019-10-08 11:30:57-07:00,2019-10-08 08:39:04-07:00,13.496,8.0,20.0,60.0,America/Los_Angeles
jpl,1_1_178_828_2019-10-08 12:56:20.295255,1-1-178-828,AG-1F10,2019-10-08 05:56:20-07:00,2019-10-08 16:18:50-07:00,2019-10-08 08:18:53-07:00,5.259,8.0,20.0,60.0,America/Los_Angeles
jpl,1_1_191_789_2019-10-08 13:00:56.289028,1-1-191-789,AG-4F52,2019-10-08 06:00:56-07:00,2019-10-08 15:57:22-07:00,2019-10-08 08:39:26-07:00,5.779,7.0,20.0,574.0,America/Los_Angeles
jpl,1_1_193_827_2019-10-08 13:04:09.667465,1-1-193-827,AG-1F02,2019-10-08 06:04:10-07:00,2019-10-08 15:05:09-07:00,2019-10-08 10:05:05-07:00,12.414,18.0,30.0,361.0,America/Los_Angeles
jpl,1_1_193_829_2019-10-08 13:04:22.585957,1-1-193-829,AG-1F03,2019-10-08 06:04:23-07:00,2019-10-08 15:04:12-07:00,2019-10-08 07:05:45-07:00,2.278,8.0,20.0,60.0,America/Los_Angeles
jpl,1_1_179_799_2019-10-08 13:17:22.006222,1-1-179-799,AG-3F25,2019-10-08 06:17:22-07:00,2019-10-08 17:00:57-07:00,2019-10-08 16:35:21-07:00,35.031,35.01,90.0,562.0,America/Los_Angeles
jpl,1_1_178_824_2019-10-08 13:22:21.396198,1-1-178-824,AG-1F07,2019-10-08 06:22:21-07:00,2019-10-08 15:42:12-07:00,2019-10-08 09:58:51-07:00,12.5,16.0,40.0,189.0,America/Los_Angeles
jpl,1_1_193_820_2019-10-08 13:26:22.973974,1-1-193-820,AG-1F04,2019-10-08 06:26:23-07:00,2019-10-08 11:09:45-07:00,2019-10-08 07:42:35-07:00,2.335,4.0,20.0,42.0,America/Los_Angeles
jpl,1_1_194_818_2019-10-08 13:26:30.919619,1-1-194-818,AG-1F14,2019-10-08 06:26:31-07:00,2019-10-08 15:04:49-07:00,2019-10-08 06:59:42-07:00,0.715,0.0,0.0,0.0,America/Los_Angeles
jpl,1_1_179_788_2019-10-08 13:30:05.899871,1-1-179-788,AG-3F22,2019-10-08 06:30:06-07:00,2019-10-08 10:54:07-07:00,2019-10-08 10:35:44-07:00,13.661,20.0,50.0,181.0,America/Los_Angeles
jpl,1_1_179_813_2019-10-08 13:30:46.200212,1-1-179-813,AG-3F15,2019-10-08 06:30:46-07:00,2019-10-08 16:31:12-07:00,2019-10-08 09:04:10-07:00,14.019,60.0,100.0,558.0,America/Los_Angeles
jpl,1_1_191_778_2019-10-08 13:30:09.212887,1-1-191-778,AG-4F43,2019-10-08 06:31:25-07:00,2019-10-08 16:40:59-07:00,2019-10-08 13:16:45-07:00,30.793,45.0,180.0,60.0,America/Los_Angeles
jpl,1_1_179_796_2019-10-08 13:32:42.146763,1-1-179-796,AG-3F24,2019-10-08 06:32:53-07:00,2019-10-08 16:16:42-07:00,2019-10-08 11:23:55-07:00,13.347,18.0,30.0,702.0,America/Los_Angeles
jpl,1_1_179_783_2019-10-08 13:34:27.954190,1-1-179-783,AG-3F29,2019-10-08 06:34:28-07:00,2019-10-08 16:58:29-07:00,2019-10-08 08:03:13-07:00,3.06,8.0,20.0,601.0,America/Los_Angeles
jpl,1_1_179_791_2019-10-08 13:35:06.039307,1-1-179-791,AG-3F26,2019-10-08 06:35:06-07:00,2019-10-08 17:09:33-07:00,2019-10-08 10:36:23-07:00,9.522,20.0,50.0,565.0,America/Los_Angeles
jpl,1_1_179_794_2019-10-08 13:37:29.887465,1-1-179-794,AG-3F20,2019-10-08 06:37:30-07:00,2019-10-08 16:10:56-07:00,2019-10-08 12:49:56-07:00,19.645,39.95,170.0,586.0,America/Los_Angeles
jpl,1_1_179_798_2019-10-08 13:42:46.395214,1-1-179-798,AG-3F18,2019-10-08 06:42:46-07:00,2019-10-08 16:57:04-07:00,2019-10-08 13:14:09-07:00,16.134,24.0,60.0,60.0,America/Los_Angeles
jpl,1_1_179_779_2019-10-08 13:43:00.428009,1-1-179-779,AG-3F17,2019-10-08 06:43:00-07:00,2019-10-08 17:07:09-07:00,2019-10-08 08:52:36-07:00,5.478,80.0,200.0,60.0,America/Los_Angeles
jpl,1_1_191_802_2019-10-08 13:43:02.665045,1-1-191-802,AG-4F44,2019-10-08 06:43:03-07:00,2019-10-08 16:51:06-07:00,2019-10-08 10:36:23-07:00,7.818,12.0,30.0,574.0,America/Los_Angeles
jpl,1_1_179_800_2019-10-08 13:43:36.306579,1-1-179-800,AG-3F32,2019-10-08 06:43:36-07:00,2019-10-08 18:32:44-07:00,2019-10-08 11:37:56-07:00,30.32,66.0,110.0,555.0,America/Los_Angeles
jpl,1_1_179_810_2019-10-08 13:46:19.724660,1-1-179-810,AG-3F30,2019-10-08 06:46:20-07:00,2019-10-08 17:49:09-07:00,2019-10-08 08:54:21-07:00,5.632,12.0,30.0,73.0,America/Los_Angeles
jpl,1_1_179_797_2019-10-08 13:59:14.018830,1-1-179-797,AG-3F23,2019-10-08 06:59:14-07:00,2019-10-08 17:46:22-07:00,2019-10-08 12:03:56-07:00,12.339,15.0,40.0,553.0,America/Los_Angeles
jpl,1_1_179_777_2019-10-08 13:59:24.605621,1-1-179-777,AG-3F28,2019-10-08 06:59:25-07:00,2019-10-08 15:02:06-07:00,2019-10-08 13:25:13-07:00,15.766,16.0,40.0,213.0,America/Los_Angeles
jpl,1_1_179_781_2019-10-08 14:04:14.884466,1-1-179-781,AG-3F31,2019-10-08 07:04:15-07:00,2019-10-08 16:22:11-07:00,2019-10-08 14:59:58-07:00,47.947,56.0,160.0,550.0,America/Los_Angeles
jpl,1_1_179_787_2019-10-08 14:05:43.133669,1-1-179-787,AG-3F16,2019-10-08 07:05:43-07:00,2019-10-08 16:16:50-07:00,2019-10-08 10:18:15-07:00,5.269,6.66,20.0,493.0,America/Los_Angeles
jpl,1_1_179_809_2019-10-08 14:06:13.328067,1-1-179-809,AG-3F27,2019-10-08 07:06:13-07:00,2019-10-08 16:54:26-07:00,2019-10-08 09:27:39-07:00,5.615,8.0,20.0,64.0,America/Los_Angeles
jpl,1_1_179_790_2019-10-08 14:07:24.829823,1-1-179-790,AG-3F19,2019-10-08 07:07:25-07:00,2019-10-08 18:13:32-07:00,2019-10-08 11:04:32-07:00,6.722,12.0,30.0,592.0,America/Los_Angeles
jpl,1_1_191_795_2019-10-08 14:08:30.033243,1-1-191-795,AG-4F51,2019-10-08 07:08:30-07:00,2019-10-08 17:04:54-07:00,2019-10-08 13:29:42-07:00,32.548,37.5,150.0,566.0,America/Los_Angeles
jpl,1_1_191_811_2019-10-08 14:09:14.404658,1-1-191-811,AG-4F42,2019-10-08 07:09:14-07:00,2019-10-08 17:01:24-07:00,2019-10-08 15:45:45-07:00,40.041,40.0,100.0,568.0,America/Los_Angeles
jpl,1_1_179_801_2019-10-08 14:10:00.098668,1-1-179-801,AG-3F21,2019-10-08 07:10:16-07:00,2019-10-08 16:37:08-07:00,2019-10-08 13:05:59-07:00,16.425,16.65,50.0,551.0,America/Los_Angeles
jpl,1_1_191_808_2019-10-08 14:10:36.930631,1-1-191-808,AG-4F35,2019-10-08 07:10:37-07:00,2019-10-08 16:48:11-07:00,2019-10-08 12:15:50-07:00,12.447,16.0,40.0,438.0,America/Los_Angeles
jpl,1_1_191_804_2019-10-08 14:13:44.475866,1-1-191-804,AG-4F34,2019-10-08 07:13:44-07:00,2019-10-08 18:42:47-07:00,2019-10-08 13:33:03-07:00,9.563,11.12,40.0,540.0,America/Los_Angeles
jpl,1_1_191_805_2019-10-08 14:14:46.874574,1-1-191-805,AG-4F39,2019-10-08 07:14:47-07:00,2019-10-08 15:47:48-07:00,2019-10-08 15:48:48-07:00,49.459,144.0,240.0,691.0,America/Los_Angeles
jpl,1_1_191_807_2019-10-08 14:22:17.048752,1-1-191-807,AG-4F47,2019-10-08 07:22:33-07:00,2019-10-08 15:05:46-07:00,2019-10-08 13:22:09-07:00,13.606,15.0,60.0,475.0,America/Los_Angeles
jpl,1_1_191_806_2019-10-08 14:23:27.280706,1-1-191-806,AG-4F41,2019-10-08 07:23:27-07:00,2019-10-08 19:12:15-07:00,2019-10-08 18:49:09-07:00,20.553,38.85,150.0,558.0,America/Los_Angeles
jpl,1_1_191_782_2019-10-08 14:23:30.399279,1-1-191-782,AG-4F50,2019-10-08 07:24:08-07:00,2019-10-08 12:28:06-07:00,2019-10-08 12:26:55-07:00,30.478,80.0,200.0,572.0,America/Los_Angeles
jpl,1_1_191_803_2019-10-08 14:26:20.639890,1-1-191-803,AG-4F49,2019-10-08 07:26:21-07:00,2019-10-08 16:18:48-07:00,2019-10-08 14:00:55-07:00,24.238,40.0,100.0,414.0,America/Los_Angeles
jpl,1_1_191_785_2019-10-08 14:28:26.086189,1-1-191-785,AG-4F48,2019-10-08 07:28:26-07:00,2019-10-08 16:55:34-07:00,2019-10-08 16:15:08-07:00,46.227,54.0,180.0,554.0,America/Los_Angeles
jpl,1_1_191_780_2019-10-08 14:28:34.109408,1-1-191-780,AG-4F45,2019-10-08 07:28:34-07:00,2019-10-08 17:01:40-07:00,2019-10-08 13:03:27-07:00,10.38,16.0,40.0,473.0,America/Los_Angeles
jpl,1_1_191_793_2019-10-08 14:31:56.319097,1-1-191-793,AG-4F38,2019-10-08 07:31:56-07:00,2019-10-08 17:06:18-07:00,2019-10-08 13:06:55-07:00,14.49,16.0,40.0,467.0,America/Los_Angeles
jpl,1_1_191_786_2019-10-08 14:32:17.862961,1-1-191-786,AG-4F36,2019-10-08 07:32:18-07:00,2019-10-08 17:55:11-07:00,2019-10-08 11:14:22-07:00,5.078,5.0,20.0,285.0,America/Los_Angeles
jpl,1_1_191_792_2019-10-08 14:35:49.249404,1-1-191-792,AG-4F37,2019-10-08 07:35:49-07:00,2019-10-08 16:25:54-07:00,2019-10-08 12:39:24-07:00,10.712,8.0,20.0,249.0,America/Los_Angeles
jpl,1_1_191_812_2019-10-08 14:35:49.326492,1-1-191-812,AG-4F46,2019-10-08 07:35:57-07:00,2019-10-08 15:38:45-07:00,2019-10-08 13:20:15-07:00,32.934,80.0,200.0,468.0,America/Los_Angeles
jpl,1_1_191_784_2019-10-08 14:36:05.948821,1-1-191-784,AG-4F40,2019-10-08 07:36:06-07:00,2019-10-08 16:33:53-07:00,2019-10-08 15:53:26-07:00,20.716,48.0,120.0,574.0,America/Los_Angeles
jpl,1_1_179_788_2019-10-08 18:04:40.321747,1-1-179-788,AG-3F22,2019-10-08 11:06:33-07:00,2019-10-08 17:48:18-07:00,2019-10-08 14:33:20-07:00,8.797,72.0,180.0,449.0,America/Los_Angeles
jpl,1_1_193_820_2019-10-08 18:35:20.471163,1-1-193-820,AG-1F04,2019-10-08 11:35:20-07:00,2019-10-08 18:11:34-07:00,2019-10-08 16:13:07-07:00,13.628,13.32,40.0,448.0,America/Los_Angeles
jpl,1_1_193_819_2019-10-08 18:48:56.648002,1-1-193-819,AG-1F06,2019-10-08 11:48:57-07:00,2019-10-08 15:12:08-07:00,2019-10-08 14:11:47-07:00,12.963,17.52,60.0,177.0,America/Los_Angeles
jpl,1_1_191_782_2019-10-08 19:42:21.288500,1-1-191-782,AG-4F50,2019-10-08 12:42:21-07:00,2019-10-08 17:56:50-07:00,2019-10-08 16:29:01-07:00,21.145,32.0,80.0,276.0,America/Los_Angeles
jpl,1_1_194_821_2019-10-08 20:33:16.740923,1-1-194-821,AG-1F13,2019-10-08 13:33:17-07:00,2019-10-08 14:42:23-07:00,2019-10-08 14:43:23-07:00,6.026,15.0,30.0,117.0,America/Los_Angeles
jpl,1_1_193_825_2019-10-08 21:56:23.582154,1-1-193-825,AG-1F01,2019-10-08 14:56:36-07:00,2019-10-08 16:59:32-07:00,2019-10-08 17:00:32-07:00,11.992,21.0,70.0,140.0,America/Los_Angeles
jpl,1_1_194_821_2019-10-08 21:57:29.584256,1-1-194-821,AG-1F13,2019-10-08 14:57:30-07:00,2019-10-08 16:32:00-07:00,2019-10-08 16:33:00-07:00,4.572,8.0,20.0,60.0,America/Los_Angeles
jpl,1_1_191_807_2019-10-08 22:11:18.260114,1-1-191-807,AG-4F47,2019-10-08 15:11:18-07:00,2019-10-08 17:07:01-07:00,2019-10-08 16:39:58-07:00,8.489,24.0,40.0,342.0,America/Los_Angeles
jpl,1_1_193_819_2019-10-08 22:17:31.252456,1-1-193-819,AG-1F06,2019-10-08 15:17:31-07:00,2019-10-08 17:44:34-07:00,2019-10-08 17:15:33-07:00,5.675,8.0,20.0,60.0,America/Los_Angeles
jpl,1_1_193_829_2019-10-08 22:22:54.289918,1-1-193-829,AG-1F03,2019-10-08 15:22:54-07:00,2019-10-08 20:04:44-07:00,2019-10-08 20:05:44-07:00,28.011,69.6,200.0,131.0,America/Los_Angeles
jpl,1_1_178_824_2019-10-08 22:45:09.085852,1-1-178-824,AG-1F07,2019-10-08 15:45:09-07:00,2019-10-08 17:04:37-07:00,2019-10-08 17:05:37-07:00,6.273,20.0,50.0,76.0,America/Los_Angeles
jpl,1_1_194_818_2019-10-08 23:07:39.070084,1-1-194-818,AG-1F14,2019-10-08 16:07:54-07:00,2019-10-08 17:41:29-07:00,2019-10-08 17:42:29-07:00,5.018,12.0,30.0,70.0,America/Los_Angeles
jpl,1_1_193_827_2019-10-08 23:18:07.402040,1-1-193-827,AG-1F02,2019-10-08 16:18:07-07:00,2019-10-08 17:52:30-07:00,2019-10-08 17:53:30-07:00,9.22,24.0,60.0,104.0,America/Los_Angeles
jpl,1_1_178_828_2019-10-08 23:32:26.230859,1-1-178-828,AG-1F10,2019-10-08 16:32:26-07:00,2019-10-08 18:01:30-07:00,2019-10-08 18:02:30-07:00,3.558,8.0,20.0,100.0,America/Los_Angeles
jpl,1_1_178_823_2019-10-08 23:42:26.464501,1-1-178-823,AG-1F08,2019-10-08 16:42:26-07:00,2019-10-08 17:52:39-07:00,2019-10-08 17:27:15-07:00,0.888,0.0,0.0,0.0,America/Los_Angeles
jpl,1_1_194_822_2019-10-09 01:02:23.935076,1-1-194-822,AG-1F12,2019-10-08 18:02:24-07:00,2019-10-08 19:10:50-07:00,2019-10-08 19:11:50-07:00,6.986,10.5,30.0,95.0,America/Los_Angeles
jpl,1_1_178_823_2019-10-09 04:39:38.083576,1-1-178-823,AG-1F08,2019-10-08 21:39:38-07:00,2019-10-08 23:29:11-07:00,2019-10-08 23:27:45-07:00,5.507,10.0,20.0,157.0,America/Los_Angeles
jpl,1_1_194_821_2019-10-09 10:49:37.140626,1-1-194-821,AG-1F13,2019-10-09 03:49:37-07:00,2019-10-09 13:30:28-07:00,2019-10-09 06:38:36-07:00,9.348,16.0,40.0,169.0,America/Los_Angeles
jpl,1_1_194_826_2019-10-09 12:01:46.127790,1-1-194-826,AG-1F11,2019-10-09 05:01:46-07:00,2019-10-09 13:46:07-07:00,2019-10-09 11:25:27-07:00,29.549,33.3,100.0,620.0,America/Los_Angeles
jpl,1_1_193_825_2019-10-09 12:05:17.002516,1-1-193-825,AG-1F01,2019-10-09 05:05:17-07:00,2019-10-09 14:34:24-07:00,2019-10-09 10:06:57-07:00,6.415,16.0,40.0,60.0,America/Los_Angeles
jpl,1_1_178_828_2019-10-09 12:19:18.077737,1-1-178-828,AG-1F10,2019-10-09 05:19:18-07:00,2019-10-09 16:54:58-07:00,2019-10-09 11:59:34-07:00,14.666,18.75,50.0,640.0,America/Los_Angeles
jpl,1_1_194_822_2019-10-09 12:35:02.988254,1-1-194-822,AG-1F12,2019-10-09 05:35:03-07:00,2019-10-09 15:57:29-07:00,2019-10-09 12:23:35-07:00,16.08,19.98,60.0,521.0,America/Los_Angeles
jpl,1_1_191_789_2019-10-09 12:42:39.410332,1-1-191-789,AG-4F52,2019-10-09 05:42:39-07:00,2019-10-09 15:07:31-07:00,2019-10-09 08:05:41-07:00,5.787,7.0,20.0,574.0,America/Los_Angeles
jpl,1_1_178_823_2019-10-09 12:45:15.659669,1-1-178-823,AG-1F08,2019-10-09 05:45:16-07:00,2019-10-09 16:18:08-07:00,2019-10-09 08:44:36-07:00,0.951,8.0,20.0,563.0,America/Los_Angeles
jpl,1_1_193_819_2019-10-09 12:48:17.877977,1-1-193-819,AG-1F06,2019-10-09 05:48:18-07:00,2019-10-09 15:33:32-07:00,2019-10-09 11:20:33-07:00,10.709,12.0,20.0,572.0,America/Los_Angeles
jpl,1_1_193_820_2019-10-09 13:03:28.077694,1-1-193-820,AG-1F04,2019-10-09 06:03:28-07:00,2019-10-09 15:05:46-07:00,2019-10-09 10:41:25-07:00,13.262,18.0,30.0,361.0,America/Los_Angeles
jpl,1_1_193_827_2019-10-09 13:12:37.733539,1-1-193-827,AG-1F02,2019-10-09 06:12:38-07:00,2019-10-09 14:42:42-07:00,2019-10-09 09:23:42-07:00,7.944,15.65,50.0,561.0,America/Los_Angeles
jpl,1_1_178_824_2019-10-09 13:25:06.153999,1-1-178-824,AG-1F07,2019-10-09 06:25:06-07:00,2019-10-09 12:02:10-07:00,2019-10-09 10:18:01-07:00,13.486,20.0,50.0,181.0,America/Los_Angeles
jpl,1_1_193_829_2019-10-09 13:27:52.973277,1-1-193-829,AG-1F03,2019-10-09 06:27:53-07:00,2019-10-09 16:30:29-07:00,2019-10-09 09:39:12-07:00,13.023,60.0,100.0,558.0,America/Los_Angeles
jpl,1_1_191_778_2019-10-09 13:30:38.940709,1-1-191-778,AG-4F43,2019-10-09 06:31:54-07:00,2019-10-09 17:26:31-07:00,2019-10-09 11:55:34-07:00,28.751,45.0,180.0,484.0,America/Los_Angeles
jpl,1_1_193_816_2019-10-09 13:33:18.133788,1-1-193-816,AG-1F05,2019-10-09 06:33:18-07:00,2019-10-09 15:53:27-07:00,2019-10-09 10:48:48-07:00,8.011,8.0,20.0,281.0,America/Los_Angeles
jpl,1_1_179_796_2019-10-09 13:36:22.500285,1-1-179-796,AG-3F24,2019-10-09 06:36:34-07:00,2019-10-09 16:18:32-07:00,2019-10-09 08:41:40-07:00,8.191,8.0,20.0,60.0,America/Los_Angeles
jpl,1_1_179_788_2019-10-09 13:36:37.085157,1-1-179-788,AG-3F22,2019-10-09 06:36:37-07:00,2019-10-09 16:47:06-07:00,2019-10-09 08:30:07-07:00,4.903,20.0,50.0,60.0,America/Los_Angeles
jpl,1_1_179_810_2019-10-09 13:37:04.459369,1-1-179-810,AG-3F30,2019-10-09 06:37:04-07:00,2019-10-09 17:01:08-07:00,2019-10-09 08:10:40-07:00,8.902,15.0,50.0,503.0,America/Los_Angeles
jpl,1_1_178_817_2019-10-09 13:37:55.058079,1-1-178-817,AG-1F09,2019-10-09 06:37:55-07:00,2019-10-09 16:25:13-07:00,2019-10-09 11:11:40-07:00,11.943,15.0,40.0,536.0,America/Los_Angeles
jpl,1_1_179_799_2019-10-09 13:38:07.853413,1-1-179-799,AG-3F25,2019-10-09 06:38:08-07:00,2019-10-09 12:31:25-07:00,2019-10-09 12:02:44-07:00,14.805,28.0,70.0,352.0,America/Los_Angeles
jpl,1_1_179_800_2019-10-09 13:40:07.809235,1-1-179-800,AG-3F32,2019-10-09 06:40:08-07:00,2019-10-09 14:17:15-07:00,2019-10-09 11:11:09-07:00,25.349,66.0,110.0,555.0,America/Los_Angeles
jpl,1_1_179_794_2019-10-09 13:41:10.573060,1-1-179-794,AG-3F20,2019-10-09 06:41:11-07:00,2019-10-09 16:35:22-07:00,2019-10-09 15:20:46-07:00,11.415,24.0,60.0,573.0,America/Los_Angeles
jpl,1_1_179_791_2019-10-09 13:41:12.124490,1-1-179-791,AG-3F26,2019-10-09 06:41:12-07:00,2019-10-09 17:43:02-07:00,2019-10-09 13:16:04-07:00,31.897,36.0,90.0,589.0,America/Los_Angeles
jpl,1_1_179_813_2019-10-09 13:48:22.128925,1-1-179-813,AG-3F15,2019-10-09 06:48:22-07:00,2019-10-09 17:07:51-07:00,2019-10-09 12:07:43-07:00,9.874,11.12,40.0,540.0,America/Los_Angeles
jpl,1_1_179_797_2019-10-09 13:53:42.907431,1-1-179-797,AG-3F23,2019-10-09 06:53:43-07:00,2019-10-09 12:02:08-07:00,2019-10-09 12:03:08-07:00,16.196,28.0,70.0,233.0,America/Los_Angeles
jpl,1_1_191_802_2019-10-09 13:56:34.613851,1-1-191-802,AG-4F44,2019-10-09 06:56:35-07:00,2019-10-09 17:05:48-07:00,2019-10-09 11:04:24-07:00,7.822,12.0,30.0,574.0,America/Los_Angeles
jpl,1_1_179_798_2019-10-09 13:57:49.335863,1-1-179-798,AG-3F18,2019-10-09 06:57:49-07:00,2019-10-09 07:53:27-07:00,2019-10-09 07:54:27-07:00,2.869,12.0,30.0,592.0,America/Los_Angeles
jpl,1_1_179_801_2019-10-09 13:59:39.368913,1-1-179-801,AG-3F21,2019-10-09 06:59:39-07:00,2019-10-09 10:39:44-07:00,2019-10-09 10:40:43-07:00,5.636,16.0,40.0,179.0,America/Los_Angeles
jpl,1_1_179_783_2019-10-09 13:59:58.588570,1-1-179-783,AG-3F29,2019-10-09 06:59:59-07:00,2019-10-09 17:20:52-07:00,2019-10-09 09:02:19-07:00,4.278,24.0,60.0,545.0,America/Los_Angeles
jpl,1_1_179_781_2019-10-09 14:00:12.325431,1-1-179-781,AG-3F31,2019-10-09 07:00:42-07:00,2019-10-09 13:06:36-07:00,2019-10-09 11:58:06-07:00,28.257,80.0,200.0,572.0,America/Los_Angeles
jpl,1_1_194_818_2019-10-09 14:01:12.552641,1-1-194-818,AG-1F14,2019-10-09 07:01:13-07:00,2019-10-09 16:07:14-07:00,2019-10-09 10:40:04-07:00,14.353,40.0,100.0,544.0,America/Los_Angeles
jpl,1_1_179_790_2019-10-09 14:03:32.637891,1-1-179-790,AG-3F19,2019-10-09 07:03:33-07:00,2019-10-09 16:22:36-07:00,2019-10-09 13:58:11-07:00,37.445,56.0,140.0,554.0,America/Los_Angeles
jpl,1_1_179_777_2019-10-09 14:04:51.181543,1-1-179-777,AG-3F28,2019-10-09 07:04:51-07:00,2019-10-09 16:24:37-07:00,2019-10-09 11:50:26-07:00,25.361,40.0,100.0,568.0,America/Los_Angeles
jpl,1_1_179_787_2019-10-09 14:05:35.068539,1-1-179-787,AG-3F16,2019-10-09 07:05:35-07:00,2019-10-09 16:35:20-07:00,2019-10-09 13:48:48-07:00,16.143,20.0,50.0,560.0,America/Los_Angeles
jpl,1_1_179_779_2019-10-09 14:05:51.976827,1-1-179-779,AG-3F17,2019-10-09 07:05:52-07:00,2019-10-09 17:59:50-07:00,2019-10-09 17:30:25-07:00,19.805,48.0,120.0,558.0,America/Los_Angeles
jpl,1_1_191_808_2019-10-09 14:06:55.288462,1-1-191-808,AG-4F35,2019-10-09 07:06:56-07:00,2019-10-09 16:10:05-07:00,2019-10-09 12:56:29-07:00,11.344,8.0,20.0,249.0,America/Los_Angeles
jpl,1_1_179_809_2019-10-09 14:07:22.109366,1-1-179-809,AG-3F27,2019-10-09 07:08:35-07:00,2019-10-09 15:05:18-07:00,2019-10-09 11:34:06-07:00,12.904,15.0,60.0,475.0,America/Los_Angeles
jpl,1_1_191_792_2019-10-09 14:09:55.916805,1-1-191-792,AG-4F37,2019-10-09 07:09:56-07:00,2019-10-09 16:57:41-07:00,2019-10-09 14:25:32-07:00,13.321,16.0,40.0,438.0,America/Los_Angeles
jpl,1_1_191_806_2019-10-09 14:12:08.909424,1-1-191-806,AG-4F41,2019-10-09 07:12:09-07:00,2019-10-09 14:22:37-07:00,2019-10-09 12:51:55-07:00,13.849,20.0,50.0,430.0,America/Los_Angeles
jpl,1_1_191_782_2019-10-09 14:15:15.647496,1-1-191-782,AG-4F50,2019-10-09 07:15:16-07:00,2019-10-09 16:46:24-07:00,2019-10-09 14:11:21-07:00,40.158,102.74,220.0,627.0,America/Los_Angeles
jpl,1_1_191_780_2019-10-09 14:16:00.563307,1-1-191-780,AG-4F45,2019-10-09 07:16:01-07:00,2019-10-09 16:17:12-07:00,2019-10-09 11:32:10-07:00,10.382,16.0,40.0,720.0,America/Los_Angeles
jpl,1_1_191_795_2019-10-09 14:21:12.994076,1-1-191-795,AG-4F51,2019-10-09 07:21:13-07:00,2019-10-09 12:12:08-07:00,2019-10-09 10:49:19-07:00,1.018,0.0,0.0,0.0,America/Los_Angeles
jpl,1_1_191_803_2019-10-09 14:22:55.574863,1-1-191-803,AG-4F49,2019-10-09 07:22:56-07:00,2019-10-09 17:22:38-07:00,2019-10-09 16:36:17-07:00,49.127,64.0,160.0,60.0,America/Los_Angeles
jpl,1_1_191_785_2019-10-09 14:23:21.698512,1-1-191-785,AG-4F48,2019-10-09 07:23:34-07:00,2019-10-09 17:10:13-07:00,2019-10-09 11:55:14-07:00,13.62,28.0,70.0,520.0,America/Los_Angeles
jpl,1_1_191_812_2019-10-09 14:30:41.474740,1-1-191-812,AG-4F46,2019-10-09 07:30:41-07:00,2019-10-09 15:47:37-07:00,2019-10-09 11:28:00-07:00,22.176,48.0,120.0,574.0,America/Los_Angeles
jpl,1_1_191_804_2019-10-09 14:31:32.373575,1-1-191-804,AG-4F34,2019-10-09 07:31:32-07:00,2019-10-09 17:52:36-07:00,2019-10-09 11:52:30-07:00,8.117,8.0,20.0,60.0,America/Los_Angeles
jpl,1_1_191_805_2019-10-09 14:32:15.807304,1-1-191-805,AG-4F39,2019-10-09 07:32:16-07:00,2019-10-09 17:12:19-07:00,2019-10-09 12:00:38-07:00,8.047,8.0,20.0,467.0,America/Los_Angeles
jpl,1_1_191_811_2019-10-09 14:38:28.322325,1-1-191-811,AG-4F42,2019-10-09 07:38:28-07:00,2019-10-09 08:03:57-07:00,2019-10-09 08:04:57-07:00,1.203,8.0,20.0,60.0,America/Los_Angeles
jpl,1_1_191_784_2019-10-09 14:39:18.941350,1-1-191-784,AG-4F40,2019-10-09 07:39:19-07:00,2019-10-09 18:01:17-07:00,2019-10-09 17:29:47-07:00,5.136,5.0,20.0,252.0,America/Los_Angeles
jpl,1_1_191_807_2019-10-09 14:40:27.996548,1-1-191-807,AG-4F47,2019-10-09 07:40:36-07:00,2019-10-09 17:47:55-07:00,2019-10-09 11:17:49-07:00,13.775,32.0,80.0,538.0,America/Los_Angeles
jpl,1_1_191_786_2019-10-09 14:43:00.084007,1-1-191-786,AG-4F36,2019-10-09 07:43:00-07:00,2019-10-09 18:10:22-07:00,2019-10-09 12:02:50-07:00,7.558,8.0,20.0,599.0,America/Los_Angeles
jpl,1_1_191_793_2019-10-09 14:46:39.226292,1-1-191-793,AG-4F38,2019-10-09 07:46:39-07:00,2019-10-09 12:23:26-07:00,2019-10-09 11:39:06-07:00,13.296,28.0,70.0,280.0,America/Los_Angeles
jpl,1_1_179_798_2019-10-09 14:59:37.505382,1-1-179-798,AG-3F18,2019-10-09 07:59:37-07:00,2019-10-09 17:03:19-07:00,2019-10-09 16:58:00-07:00,1.195,0.0,0.0,0.0,America/Los_Angeles
jpl,1_1_191_811_2019-10-09 15:13:01.331571,1-1-191-811,AG-4F42,2019-10-09 08:13:01-07:00,2019-10-09 18:07:13-07:00,2019-10-09 12:43:14-07:00,9.134,6.66,20.0,246.0,America/Los_Angeles
jpl,1_1_179_801_2019-10-09 17:56:05.068827,1-1-179-801,AG-3F21,2019-10-09 10:56:05-07:00,2019-10-09 20:02:11-07:00,2019-10-09 20:03:11-07:00,57.5,60.0,150.0,545.0,America/Los_Angeles
jpl,1_1_178_824_2019-10-09 19:07:01.235750,1-1-178-824,AG-1F07,2019-10-09 12:07:01-07:00,2019-10-09 17:30:25-07:00,2019-10-09 17:31:25-07:00,26.282,48.0,120.0,318.0,America/Los_Angeles
jpl,1_1_179_797_2019-10-09 19:07:27.650361,1-1-179-797,AG-3F23,2019-10-09 12:07:28-07:00,2019-10-09 16:53:25-07:00,2019-10-09 16:02:28-07:00,24.009,24.0,60.0,309.0,America/Los_Angeles
jpl,1_1_191_795_2019-10-09 19:14:08.802972,1-1-191-795,AG-4F51,2019-10-09 12:14:09-07:00,2019-10-09 18:15:18-07:00,2019-10-09 16:14:24-07:00,6.125,8.0,20.0,378.0,America/Los_Angeles
jpl,1_1_191_793_2019-10-09 19:47:11.437121,1-1-191-793,AG-4F38,2019-10-09 12:47:11-07:00,2019-10-09 18:00:25-07:00,2019-10-09 18:01:25-07:00,32.338,40.0,160.0,370.0,America/Los_Angeles
jpl,1_1_179_799_2019-10-09 19:48:36.393310,1-1-179-799,AG-3F25,2019-10-09 12:48:36-07:00,2019-10-09 18:42:18-07:00,2019-10-09 18:16:34-07:00,27.889,8.0,20.0,60.0,America/Los_Angeles
jpl,1_1_179_781_2019-10-09 20:08:34.036174,1-1-179-781,AG-3F31,2019-10-09 13:08:34-07:00,2019-10-09 17:57:45-07:00,2019-10-09 15:08:46-07:00,5.89,12.0,30.0,231.0,America/Los_Angeles
jpl,1_1_194_821_2019-10-09 20:57:39.571692,1-1-194-821,AG-1F13,2019-10-09 13:57:40-07:00,2019-10-09 15:54:57-07:00,2019-10-09 15:32:26-07:00,3.818,8.0,20.0,531.0,America/Los_Angeles
jpl,1_1_194_826_2019-10-09 20:57:56.525832,1-1-194-826,AG-1F11,2019-10-09 13:57:57-07:00,2019-10-09 18:11:24-07:00,2019-10-09 18:12:24-07:00,21.428,48.0,120.0,60.0,America/Los_Angeles
jpl,1_1_191_806_2019-10-09 21:23:19.594346,1-1-191-806,AG-4F41,2019-10-09 14:23:20-07:00,2019-10-09 17:05:37-07:00,2019-10-09 17:06:37-07:00,16.751,28.0,70.0,257.0,America/Los_Angeles
jpl,1_1_193_825_2019-10-09 21:42:43.260175,1-1-193-825,AG-1F01,2019-10-09 14:42:43-07:00,2019-10-09 18:26:33-07:00,2019-10-09 18:27:33-07:00,19.902,56.0,140.0,371.0,America/Los_Angeles
jpl,1_1_193_827_2019-10-09 21:46:19.667835,1-1-193-827,AG-1F02,2019-10-09 14:46:20-07:00,2019-10-09 19:13:48-07:00,2019-10-09 19:14:48-07:00,21.471,40.0,100.0,362.0,America/Los_Angeles
jpl,1_1_179_800_2019-10-09 21:54:55.831186,1-1-179-800,AG-3F32,2019-10-09 14:54:56-07:00,2019-10-09 17:08:40-07:00,2019-10-09 17:03:45-07:00,6.047,12.0,20.0,137.0,America/Los_Angeles
jpl,1_1_193_820_2019-10-09 22:09:30.557164,1-1-193-820,AG-1F04,2019-10-09 15:09:31-07:00,2019-10-09 18:04:17-07:00,2019-10-09 17:58:11-07:00,8.019,8.0,20.0,155.0,America/Los_Angeles
jpl,1_1_193_819_2019-10-09 22:38:23.910191,1-1-193-819,AG-1F06,2019-10-09 15:38:24-07:00,2019-10-09 18:31:12-07:00,2019-10-09 17:58:22-07:00,7.024,9.99,30.0,448.0,America/Los_Angeles
jpl,1_1_191_789_2019-10-09 22:45:18.001646,1-1-191-789,AG-4F52,2019-10-09 15:45:29-07:00,2019-10-09 18:52:36-07:00,2019-10-09 18:53:36-07:00,17.083,36.0,90.0,328.0,America/Los_Angeles
jpl,1_1_194_821_2019-10-09 22:56:43.833462,1-1-194-821,AG-1F13,2019-10-09 15:56:44-07:00,2019-10-09 18:11:23-07:00,2019-10-09 17:51:37-07:00,5.569165555555555,8.0,20.0,60.0,America/Los_Angeles
jpl,1_1_194_818_2019-10-09 23:10:38.961026,1-1-194-818,AG-1F14,2019-10-09 16:10:39-07:00,2019-10-09 17:10:45-07:00,2019-10-09 17:11:45-07:00,5.753,20.0,50.0,76.0,America/Los_Angeles
jpl,1_1_193_816_2019-10-09 23:17:48.829058,1-1-193-816,AG-1F05,2019-10-09 16:17:49-07:00,2019-10-09 17:23:34-07:00,2019-10-09 17:24:34-07:00,2.975,12.0,30.0,101.0,America/Los_Angeles
jpl,1_1_193_829_2019-10-10 00:12:58.043919,1-1-193-829,AG-1F03,2019-10-09 17:12:58-07:00,2019-10-09 19:13:45-07:00,2019-10-09 19:14:45-07:00,12.087,64.0,160.0,413.0,America/Los_Angeles
jpl,1_1_178_823_2019-10-10 02:08:38.001737,1-1-178-823,AG-1F08,2019-10-09 19:08:38-07:00,2019-10-09 22:34:48-07:00,2019-10-09 21:01:29-07:00,5.687,8.0,20.0,157.0,America/Los_Angeles
jpl,1_1_194_821_2019-10-10 03:53:34.871606,1-1-194-821,AG-1F13,2019-10-09 20:53:47-07:00,2019-10-09 23:46:47-07:00,2019-10-09 23:21:15-07:00,8.03,8.0,20.0,53.0,America/Los_Angeles
jpl,1_1_194_821_2019-10-10 10:55:38.282453,1-1-194-821,AG-1F13,2019-10-10 03:55:38-07:00,2019-10-10 11:39:12-07:00,2019-10-10 07:04:33-07:00,9.46,16.0,40.0,169.0,America/Los_Angeles
jpl,1_1_193_825_2019-10-10 12:06:15.329429,1-1-193-825,AG-1F01,2019-10-10 05:06:15-07:00,2019-10-10 14:37:00-07:00,2019-10-10 07:23:17-07:00,6.474,8.0,20.0,60.0,America/Los_Angeles
jpl,1_1_194_826_2019-10-10 12:23:13.063443,1-1-194-826,AG-1F11,2019-10-10 05:23:13-07:00,2019-10-10 15:38:14-07:00,2019-10-10 10:09:08-07:00,11.855,18.75,50.0,1358.0,America/Los_Angeles
jpl,1_1_178_817_2019-10-10 12:24:32.870164,1-1-178-817,AG-1F09,2019-10-10 05:24:33-07:00,2019-10-10 18:14:06-07:00,2019-10-10 17:08:54-07:00,35.97,33.3,100.0,620.0,America/Los_Angeles
jpl,1_1_178_823_2019-10-10 12:25:16.980198,1-1-178-823,AG-1F08,2019-10-10 05:25:17-07:00,2019-10-10 14:59:27-07:00,2019-10-10 08:30:46-07:00,13.855,20.0,50.0,60.0,America/Los_Angeles
jpl,1_1_191_789_2019-10-10 12:41:26.700162,1-1-191-789,AG-4F52,2019-10-10 05:41:27-07:00,2019-10-10 14:22:09-07:00,2019-10-10 08:00:30-07:00,5.774,7.0,20.0,574.0,America/Los_Angeles
jpl,1_1_193_819_2019-10-10 12:42:53.000776,1-1-193-819,AG-1F06,2019-10-10 05:42:53-07:00,2019-10-10 15:33:16-07:00,2019-10-10 09:45:39-07:00,9.933,12.0,20.0,572.0,America/Los_Angeles
jpl,1_1_193_829_2019-10-10 12:58:30.534823,1-1-193-829,AG-1F03,2019-10-10 05:58:31-07:00,2019-10-10 15:06:44-07:00,2019-10-10 10:20:07-07:00,21.79077388888889,20.25,90.0,337.0,America/Los_Angeles
jpl,1_1_193_816_2019-10-10 13:01:29.161148,1-1-193-816,AG-1F05,2019-10-10 06:01:29-07:00,2019-10-10 14:24:39-07:00,2019-10-10 08:38:20-07:00,6.83,8.0,20.0,60.0,America/Los_Angeles
jpl,1_1_194_822_2019-10-10 13:03:32.669159,1-1-194-822,AG-1F12,2019-10-10 06:03:33-07:00,2019-10-10 16:32:42-07:00,2019-10-10 10:39:40-07:00,13.514,13.32,40.0,521.0,America/Los_Angeles
jpl,1_1_193_827_2019-10-10 13:05:47.384001,1-1-193-827,AG-1F02,2019-10-10 06:05:47-07:00,2019-10-10 15:00:44-07:00,2019-10-10 10:13:33-07:00,12.881,16.0,40.0,414.0,America/Los_Angeles
jpl,1_1_194_818_2019-10-10 13:07:19.337250,1-1-194-818,AG-1F14,2019-10-10 06:07:19-07:00,2019-10-10 12:15:51-07:00,2019-10-10 09:04:40-07:00,4.568,8.0,20.0,425.0,America/Los_Angeles
jpl,1_1_178_828_2019-10-10 13:14:04.380070,1-1-178-828,AG-1F10,2019-10-10 06:14:04-07:00,2019-10-10 15:16:15-07:00,2019-10-10 06:47:31-07:00,0.717,0.0,0.0,0.0,America/Los_Angeles
jpl,1_1_178_824_2019-10-10 13:22:07.880745,1-1-178-824,AG-1F07,2019-10-10 06:22:08-07:00,2019-10-10 16:19:17-07:00,2019-10-10 06:54:28-07:00,0.8541072222222224,0.0,0.0,0.0,America/Los_Angeles
jpl,1_1_193_820_2019-10-10 13:25:54.949415,1-1-193-820,AG-1F04,2019-10-10 06:25:55-07:00,2019-10-10 12:31:45-07:00,2019-10-10 09:31:24-07:00,13.698,20.0,50.0,181.0,America/Los_Angeles
jpl,1_1_179_813_2019-10-10 13:28:12.101277,1-1-179-813,AG-3F15,2019-10-10 06:28:12-07:00,2019-10-10 16:29:45-07:00,2019-10-10 09:58:47-07:00,14.047,40.0,100.0,543.0,America/Los_Angeles
jpl,1_1_191_778_2019-10-10 13:28:38.903241,1-1-191-778,AG-4F43,2019-10-10 06:29:12-07:00,2019-10-10 16:18:08-07:00,2019-10-10 12:07:02-07:00,32.3936525,45.0,180.0,484.0,America/Los_Angeles
jpl,1_1_179_788_2019-10-10 13:33:04.591983,1-1-179-788,AG-3F22,2019-10-10 06:33:05-07:00,2019-10-10 14:40:17-07:00,2019-10-10 08:22:48-07:00,5.153,8.0,20.0,60.0,America/Los_Angeles
jpl,1_1_179_796_2019-10-10 13:33:04.589442,1-1-179-796,AG-3F24,2019-10-10 06:33:24-07:00,2019-10-10 15:35:43-07:00,2019-10-10 10:54:49-07:00,13.269,18.0,30.0,196.0,America/Los_Angeles
jpl,1_1_179_798_2019-10-10 13:34:18.865345,1-1-179-798,AG-3F18,2019-10-10 06:34:19-07:00,2019-10-10 16:18:28-07:00,2019-10-10 12:56:43-07:00,20.333,39.95,170.0,586.0,America/Los_Angeles
jpl,1_1_179_799_2019-10-10 13:34:35.328310,1-1-179-799,AG-3F25,2019-10-10 06:34:35-07:00,2019-10-10 11:31:12-07:00,2019-10-10 11:32:12-07:00,10.366,28.0,70.0,359.0,America/Los_Angeles
jpl,1_1_179_800_2019-10-10 13:37:13.879208,1-1-179-800,AG-3F32,2019-10-10 06:37:14-07:00,2019-10-10 17:43:21-07:00,2019-10-10 11:09:33-07:00,22.365,28.0,70.0,322.0,America/Los_Angeles
jpl,1_1_179_794_2019-10-10 13:38:25.431304,1-1-179-794,AG-3F20,2019-10-10 06:38:36-07:00,2019-10-10 17:37:37-07:00,2019-10-10 16:43:47-07:00,11.372,24.0,60.0,573.0,America/Los_Angeles
jpl,1_1_179_797_2019-10-10 13:39:35.190334,1-1-179-797,AG-3F23,2019-10-10 06:39:35-07:00,2019-10-10 17:32:42-07:00,2019-10-10 16:42:56-07:00,35.111,35.01,90.0,562.0,America/Los_Angeles
jpl,1_1_179_779_2019-10-10 13:43:55.947496,1-1-179-779,AG-3F17,2019-10-10 06:43:56-07:00,2019-10-10 16:46:10-07:00,2019-10-10 08:55:02-07:00,8.029,8.0,20.0,60.0,America/Los_Angeles
jpl,1_1_179_781_2019-10-10 13:46:18.500356,1-1-179-781,AG-3F31,2019-10-10 06:46:18-07:00,2019-10-10 17:33:02-07:00,2019-10-10 11:01:49-07:00,12.254,16.0,40.0,342.0,America/Los_Angeles
jpl,1_1_191_812_2019-10-10 13:48:11.807236,1-1-191-812,AG-4F46,2019-10-10 06:48:12-07:00,2019-10-10 18:10:32-07:00,2019-10-10 12:15:09-07:00,25.96,30.0,120.0,554.0,America/Los_Angeles
jpl,1_1_179_787_2019-10-10 13:52:41.423276,1-1-179-787,AG-3F16,2019-10-10 06:52:54-07:00,2019-10-10 16:52:38-07:00,2019-10-10 12:44:22-07:00,12.699,8.0,20.0,249.0,America/Los_Angeles
jpl,1_1_191_808_2019-10-10 13:58:15.310201,1-1-191-808,AG-4F35,2019-10-10 06:58:15-07:00,2019-10-10 17:27:59-07:00,2019-10-10 12:28:34-07:00,12.865,16.0,40.0,285.0,America/Los_Angeles
jpl,1_1_179_791_2019-10-10 13:58:52.720149,1-1-179-791,AG-3F26,2019-10-10 06:59:23-07:00,2019-10-10 13:54:13-07:00,2019-10-10 13:55:13-07:00,28.645,80.0,200.0,572.0,America/Los_Angeles
jpl,1_1_179_810_2019-10-10 14:01:56.229734,1-1-179-810,AG-3F30,2019-10-10 07:01:56-07:00,2019-10-10 15:41:59-07:00,2019-10-10 11:39:23-07:00,28.468,40.04,140.0,720.0,America/Los_Angeles
jpl,1_1_179_783_2019-10-10 14:06:03.366578,1-1-179-783,AG-3F29,2019-10-10 07:06:03-07:00,2019-10-10 16:43:33-07:00,2019-10-10 12:51:21-07:00,25.771,40.0,200.0,414.0,America/Los_Angeles
jpl,1_1_179_815_2019-10-10 14:09:35.459226,1-1-179-815,AG-3F33,2019-10-10 07:10:13-07:00,2019-10-10 21:53:12-07:00,2019-10-10 16:43:40-07:00,42.29,49.92,240.0,655.0,America/Los_Angeles
jpl,1_1_191_802_2019-10-10 14:10:17.989540,1-1-191-802,AG-4F44,2019-10-10 07:10:18-07:00,2019-10-10 16:26:12-07:00,2019-10-10 09:12:25-07:00,7.136,8.0,20.0,594.0,America/Los_Angeles
jpl,1_1_179_777_2019-10-10 14:10:44.615250,1-1-179-777,AG-3F28,2019-10-10 07:10:57-07:00,2019-10-10 16:29:42-07:00,2019-10-10 16:27:35-07:00,16.039,20.0,50.0,531.0,America/Los_Angeles
jpl,1_1_191_803_2019-10-10 14:11:34.160091,1-1-191-803,AG-4F49,2019-10-10 07:11:34-07:00,2019-10-10 15:29:08-07:00,2019-10-10 10:55:56-07:00,21.197,27.5,110.0,471.0,America/Los_Angeles
jpl,1_1_179_809_2019-10-10 14:13:49.751391,1-1-179-809,AG-3F27,2019-10-10 07:13:50-07:00,2019-10-10 10:53:00-07:00,2019-10-10 10:50:39-07:00,8.018,8.0,20.0,60.0,America/Los_Angeles
jpl,1_1_179_801_2019-10-10 14:14:53.759867,1-1-179-801,AG-3F21,2019-10-10 07:15:04-07:00,2019-10-10 16:48:40-07:00,2019-10-10 16:48:12-07:00,6.287505277777779,8.0,20.0,64.0,America/Los_Angeles
jpl,1_1_179_790_2019-10-10 14:17:43.801134,1-1-179-790,AG-3F19,2019-10-10 07:17:44-07:00,2019-10-10 16:52:39-07:00,2019-10-10 11:24:22-07:00,8.424,6.66,20.0,246.0,America/Los_Angeles
jpl,1_1_191_792_2019-10-10 14:20:02.839197,1-1-191-792,AG-4F37,2019-10-10 07:20:03-07:00,2019-10-10 17:13:19-07:00,2019-10-10 10:38:01-07:00,5.365,6.66,20.0,493.0,America/Los_Angeles
jpl,1_1_191_811_2019-10-10 14:21:31.549099,1-1-191-811,AG-4F42,2019-10-10 07:21:32-07:00,2019-10-10 16:28:21-07:00,2019-10-10 16:29:18-07:00,20.07,48.0,120.0,558.0,America/Los_Angeles
jpl,1_1_191_782_2019-10-10 14:23:20.091643,1-1-191-782,AG-4F50,2019-10-10 07:23:20-07:00,2019-10-10 16:13:02-07:00,2019-10-10 13:35:13-07:00,38.637,51.0,170.0,514.0,America/Los_Angeles
jpl,1_1_191_805_2019-10-10 14:24:29.491032,1-1-191-805,AG-4F39,2019-10-10 07:24:29-07:00,2019-10-10 16:15:57-07:00,2019-10-10 13:57:20-07:00,16.4398575,28.0,70.0,426.0,America/Los_Angeles
jpl,1_1_191_795_2019-10-10 14:30:00.472705,1-1-191-795,AG-4F51,2019-10-10 07:30:00-07:00,2019-10-10 11:42:13-07:00,2019-10-10 11:15:06-07:00,19.597,44.0,110.0,280.0,America/Los_Angeles
jpl,1_1_191_807_2019-10-10 14:35:55.814138,1-1-191-807,AG-4F47,2019-10-10 07:36:07-07:00,2019-10-10 17:26:58-07:00,2019-10-10 09:29:38-07:00,4.366,20.0,40.0,520.0,America/Los_Angeles
jpl,1_1_191_784_2019-10-10 14:37:08.729162,1-1-191-784,AG-4F40,2019-10-10 07:37:09-07:00,2019-10-10 15:24:31-07:00,2019-10-10 13:32:17-07:00,5.048,5.0,20.0,252.0,America/Los_Angeles
jpl,1_1_191_806_2019-10-10 14:37:25.450904,1-1-191-806,AG-4F41,2019-10-10 07:37:29-07:00,2019-10-10 18:08:39-07:00,2019-10-10 16:58:04-07:00,8.148,8.0,20.0,60.0,America/Los_Angeles
jpl,1_1_191_793_2019-10-10 14:40:44.110698,1-1-191-793,AG-4F38,2019-10-10 07:40:44-07:00,2019-10-10 16:44:44-07:00,2019-10-10 13:50:27-07:00,16.366,16.65,50.0,267.0,America/Los_Angeles
jpl,1_1_191_786_2019-10-10 14:43:42.756547,1-1-191-786,AG-4F36,2019-10-10 07:43:43-07:00,2019-10-10 17:33:58-07:00,2019-10-10 17:34:03-07:00,23.155,48.0,120.0,574.0,America/Los_Angeles
jpl,1_1_191_804_2019-10-10 14:43:56.479343,1-1-191-804,AG-4F34,2019-10-10 07:44:13-07:00,2019-10-10 16:34:20-07:00,2019-10-10 11:18:09-07:00,13.413,32.0,80.0,530.0,America/Los_Angeles
jpl,1_1_191_780_2019-10-10 14:49:35.310371,1-1-191-780,AG-4F45,2019-10-10 07:49:54-07:00,2019-10-10 16:28:31-07:00,2019-10-10 12:01:12-07:00,12.206,20.0,50.0,313.0,America/Los_Angeles
jpl,1_1_191_785_2019-10-10 15:00:12.626497,1-1-191-785,AG-4F48,2019-10-10 08:00:25-07:00,2019-10-10 17:44:02-07:00,2019-10-10 12:02:31-07:00,8.421,20.0,50.0,553.0,America/Los_Angeles
jpl,1_1_179_809_2019-10-10 17:59:25.232133,1-1-179-809,AG-3F27,2019-10-10 10:59:38-07:00,2019-10-10 13:14:44-07:00,2019-10-10 13:15:44-07:00,5.779,108.0,180.0,665.0,America/Los_Angeles
jpl,1_1_191_795_2019-10-10 18:48:03.496945,1-1-191-795,AG-4F51,2019-10-10 11:48:03-07:00,2019-10-10 15:40:14-07:00,2019-10-10 15:41:14-07:00,19.212,51.0,170.0,622.0,America/Los_Angeles
jpl,1_1_194_821_2019-10-10 18:50:37.792351,1-1-194-821,AG-1F13,2019-10-10 11:50:38-07:00,2019-10-10 19:24:20-07:00,2019-10-10 18:19:12-07:00,0.918,0.0,0.0,0.0,America/Los_Angeles
jpl,1_1_179_799_2019-10-10 19:03:42.582264,1-1-179-799,AG-3F25,2019-10-10 12:03:43-07:00,2019-10-10 17:54:34-07:00,2019-10-10 14:13:54-07:00,6.819,8.0,20.0,60.0,America/Los_Angeles
jpl,1_1_194_818_2019-10-10 19:18:00.720841,1-1-194-818,AG-1F14,2019-10-10 12:18:01-07:00,2019-10-10 14:46:54-07:00,2019-10-10 14:42:59-07:00,7.344,12.0,30.0,317.0,America/Los_Angeles
jpl,1_1_193_820_2019-10-10 19:37:39.464688,1-1-193-820,AG-1F04,2019-10-10 12:37:39-07:00,2019-10-10 18:22:20-07:00,2019-10-10 15:03:44-07:00,7.703,9.99,30.0,448.0,America/Los_Angeles
jpl,1_1_179_809_2019-10-10 20:47:42.080098,1-1-179-809,AG-3F27,2019-10-10 13:47:42-07:00,2019-10-10 18:24:16-07:00,2019-10-10 18:14:54-07:00,26.65,26.64,80.0,235.0,America/Los_Angeles
jpl,1_1_191_789_2019-10-10 21:23:55.008617,1-1-191-789,AG-4F52,2019-10-10 14:23:55-07:00,2019-10-10 16:43:18-07:00,2019-10-10 16:44:17-07:00,6.929,16.0,40.0,242.0,America/Los_Angeles
jpl,1_1_179_788_2019-10-10 21:47:20.492195,1-1-179-788,AG-3F22,2019-10-10 14:47:20-07:00,2019-10-10 18:31:48-07:00,2019-10-10 18:31:49-07:00,22.849,28.0,70.0,211.0,America/Los_Angeles
jpl,1_1_193_825_2019-10-10 22:10:14.201669,1-1-193-825,AG-1F01,2019-10-10 15:10:14-07:00,2019-10-10 16:58:38-07:00,2019-10-10 16:26:36-07:00,6.782,17.52,60.0,177.0,America/Los_Angeles
jpl,1_1_193_829_2019-10-10 22:12:14.588915,1-1-193-829,AG-1F03,2019-10-10 15:12:15-07:00,2019-10-10 17:06:19-07:00,2019-10-10 17:05:25-07:00,5.236,20.0,50.0,97.0,America/Los_Angeles
jpl,1_1_179_791_2019-10-10 22:15:03.247106,1-1-179-791,AG-3F26,2019-10-10 15:15:20-07:00,2019-10-10 17:35:41-07:00,2019-10-10 17:36:41-07:00,10.958,16.0,40.0,150.0,America/Los_Angeles
jpl,1_1_178_823_2019-10-10 22:17:34.255189,1-1-178-823,AG-1F08,2019-10-10 15:17:34-07:00,2019-10-10 18:02:37-07:00,2019-10-10 18:03:37-07:00,4.052,20.0,50.0,125.0,America/Los_Angeles
jpl,1_1_193_827_2019-10-10 22:27:40.009624,1-1-193-827,AG-1F02,2019-10-10 15:27:40-07:00,2019-10-10 18:05:18-07:00,2019-10-10 18:06:18-07:00,13.462,40.0,160.0,202.0,America/Los_Angeles
jpl,1_1_193_816_2019-10-10 22:29:51.992597,1-1-193-816,AG-1F05,2019-10-10 15:29:52-07:00,2019-10-10 17:02:05-07:00,2019-10-10 17:03:05-07:00,5.291,8.0,20.0,123.0,America/Los_Angeles
jpl,1_1_178_828_2019-10-10 22:40:25.156739,1-1-178-828,AG-1F10,2019-10-10 15:40:25-07:00,2019-10-10 19:12:26-07:00,2019-10-10 19:13:26-07:00,10.97,20.0,50.0,101.0,America/Los_Angeles
jpl,1_1_193_819_2019-10-10 22:59:51.804848,1-1-193-819,AG-1F06,2019-10-10 15:59:52-07:00,2019-10-10 21:06:58-07:00,2019-10-10 20:44:09-07:00,27.559,35.0,140.0,316.0,America/Los_Angeles
jpl,1_1_194_826_2019-10-10 23:03:39.831374,1-1-194-826,AG-1F11,2019-10-10 16:03:40-07:00,2019-10-10 19:46:18-07:00,2019-10-10 19:32:47-07:00,2.493,14.0,40.0,181.0,America/Los_Angeles
jpl,1_1_178_824_2019-10-10 23:55:55.316091,1-1-178-824,AG-1F07,2019-10-10 16:55:55-07:00,2019-10-10 18:19:16-07:00,2019-10-10 18:20:16-07:00,8.59,20.0,100.0,173.0,America/Los_Angeles
jpl,1_1_193_829_2019-10-11 00:34:10.196955,1-1-193-829,AG-1F03,2019-10-10 17:34:10-07:00,2019-10-10 19:01:59-07:00,2019-10-10 19:02:59-07:00,4.426,8.0,20.0,90.0,America/Los_Angeles
jpl,1_1_193_816_2019-10-11 00:47:35.711297,1-1-193-816,AG-1F05,2019-10-10 17:47:36-07:00,2019-10-10 19:11:52-07:00,2019-10-10 19:12:52-07:00,7.183,28.0,70.0,104.0,America/Los_Angeles
jpl,1_1_193_825_2019-10-11 01:01:39.249477,1-1-193-825,AG-1F01,2019-10-10 18:01:39-07:00,2019-10-10 19:10:37-07:00,2019-10-10 19:11:37-07:00,4.027,16.0,40.0,174.0,America/Los_Angeles
jpl,1_1_178_823_2019-10-11 01:24:05.891752,1-1-178-823,AG-1F08,2019-10-10 18:24:06-07:00,2019-10-10 23:28:39-07:00,2019-10-10 20:32:39-07:00,6.177,9.99,30.0,304.0,America/Los_Angeles
jpl,1_1_193_825_2019-10-11 04:19:08.900102,1-1-193-825,AG-1F01,2019-10-10 21:19:09-07:00,2019-10-10 22:29:10-07:00,2019-10-10 22:30:10-07:00,7.122,20.0,50.0,97.0,America/Los_Angeles
jpl,1_1_194_821_2019-10-11 10:53:00.640781,1-1-194-821,AG-1F13,2019-10-11 03:53:01-07:00,2019-10-11 12:03:30-07:00,2019-10-11 06:38:56-07:00,9.475,16.0,40.0,169.0,America/Los_Angeles
jpl,1_1_178_828_2019-10-11 12:49:58.250569,1-1-178-828,AG-1F10,2019-10-11 05:49:58-07:00,2019-10-11 11:08:03-07:00,2019-10-11 08:08:03-07:00,13.611,20.0,50.0,181.0,America/Los_Angeles
jpl,1_1_193_819_2019-10-11 12:56:01.373366,1-1-193-819,AG-1F06,2019-10-11 05:56:01-07:00,2019-10-11 11:54:17-07:00,2019-10-11 08:29:55-07:00,13.876,20.0,50.0,253.0,America/Los_Angeles
jpl,1_1_178_823_2019-10-11 14:01:29.648175,1-1-178-823,AG-1F08,2019-10-11 07:01:30-07:00,2019-10-11 08:58:20-07:00,2019-10-11 07:33:49-07:00,0.714,0.0,0.0,0.0,America/Los_Angeles
jpl,1_1_193_825_2019-10-11 14:48:28.587977,1-1-193-825,AG-1F01,2019-10-11 07:48:29-07:00,2019-10-11 18:33:07-07:00,2019-10-11 12:32:02-07:00,27.947,36.0,80.0,60.0,America/Los_Angeles
jpl,1_1_194_822_2019-10-11 14:48:29.897899,1-1-194-822,AG-1F12,2019-10-11 07:48:30-07:00,2019-10-11 16:25:20-07:00,2019-10-11 10:06:22-07:00,8.529,15.0,50.0,423.0,America/Los_Angeles
jpl,1_1_193_820_2019-10-11 14:51:00.101991,1-1-193-820,AG-1F04,2019-10-11 07:51:10-07:00,2019-10-11 16:30:17-07:00,2019-10-11 12:51:00-07:00,11.271,11.25,30.0,280.0,America/Los_Angeles
jpl,1_1_193_829_2019-10-11 15:26:04.625967,1-1-193-829,AG-1F03,2019-10-11 08:26:05-07:00,2019-10-11 17:11:30-07:00,2019-10-11 17:12:30-07:00,41.87,68.0,170.0,570.0,America/Los_Angeles
jpl,1_1_179_781_2019-10-11 15:28:10.052649,1-1-179-781,AG-3F31,2019-10-11 08:28:10-07:00,2019-10-11 11:38:04-07:00,2019-10-11 10:03:05-07:00,8.976,12.0,30.0,190.0,America/Los_Angeles
jpl,1_1_193_827_2019-10-11 16:15:12.101560,1-1-193-827,AG-1F02,2019-10-11 09:15:12-07:00,2019-10-11 18:36:41-07:00,2019-10-11 10:05:39-07:00,1.859,10.15,29.0,128.0,America/Los_Angeles
jpl,1_1_178_823_2019-10-11 16:29:12.243502,1-1-178-823,AG-1F08,2019-10-11 09:29:12-07:00,2019-10-11 15:30:58-07:00,2019-10-11 10:36:01-07:00,3.137,10.0,20.0,451.0,America/Los_Angeles
jpl,1_1_179_809_2019-10-11 16:30:22.186566,1-1-179-809,AG-3F27,2019-10-11 09:30:22-07:00,2019-10-11 18:11:04-07:00,2019-10-11 13:40:53-07:00,12.229,16.0,40.0,60.0,America/Los_Angeles
jpl,1_1_193_816_2019-10-11 16:56:28.917150,1-1-193-816,AG-1F05,2019-10-11 09:56:29-07:00,2019-10-11 13:48:00-07:00,2019-10-11 11:37:07-07:00,8.011,8.0,20.0,218.0,America/Los_Angeles
jpl,1_1_178_824_2019-10-11 17:23:52.680451,1-1-178-824,AG-1F07,2019-10-11 10:23:53-07:00,2019-10-11 13:36:50-07:00,2019-10-11 10:57:04-07:00,0.796,0.0,0.0,0.0,America/Los_Angeles
jpl,1_1_194_826_2019-10-11 17:25:39.852478,1-1-194-826,AG-1F11,2019-10-11 10:25:40-07:00,2019-10-11 13:52:09-07:00,2019-10-11 13:53:09-07:00,20.698,32.0,80.0,219.0,America/Los_Angeles
jpl,1_1_179_783_2019-10-11 18:00:47.513544,1-1-179-783,AG-3F29,2019-10-11 11:00:48-07:00,2019-10-11 15:06:34-07:00,2019-10-11 15:07:34-07:00,25.004,44.0,110.0,303.0,America/Los_Angeles
jpl,1_1_178_828_2019-10-11 18:35:57.955451,1-1-178-828,AG-1F10,2019-10-11 11:35:58-07:00,2019-10-11 14:25:49-07:00,2019-10-11 14:26:49-07:00,9.137,20.0,50.0,101.0,America/Los_Angeles
jpl,1_1_194_818_2019-10-11 18:54:21.568094,1-1-194-818,AG-1F14,2019-10-11 11:54:22-07:00,2019-10-11 13:31:18-07:00,2019-10-11 13:14:18-07:00,6.991,8.0,20.0,60.0,America/Los_Angeles
jpl,1_1_179_800_2019-10-11 18:55:42.323464,1-1-179-800,AG-3F32,2019-10-11 11:55:42-07:00,2019-10-11 19:23:18-07:00,2019-10-11 17:53:09-07:00,36.483,60.0,100.0,558.0,America/Los_Angeles
jpl,1_1_193_819_2019-10-11 19:23:31.340515,1-1-193-819,AG-1F06,2019-10-11 12:23:31-07:00,2019-10-11 14:04:08-07:00,2019-10-11 12:56:06-07:00,0.696,0.0,0.0,0.0,America/Los_Angeles
jpl,1_1_179_815_2019-10-11 19:42:37.086679,1-1-179-815,AG-3F33,2019-10-11 12:42:37-07:00,2019-10-11 16:56:48-07:00,2019-10-11 13:58:02-07:00,3.266,8.0,20.0,157.0,America/Los_Angeles
jpl,1_1_194_821_2019-10-11 20:07:59.631348,1-1-194-821,AG-1F13,2019-10-11 13:08:00-07:00,2019-10-11 15:57:39-07:00,2019-10-11 15:58:38-07:00,17.017,32.0,80.0,325.0,America/Los_Angeles
jpl,1_1_179_791_2019-10-11 20:28:35.337728,1-1-179-791,AG-3F26,2019-10-11 13:28:35-07:00,2019-10-11 15:21:49-07:00,2019-10-11 15:22:49-07:00,3.335,8.0,20.0,60.0,America/Los_Angeles
jpl,1_1_179_787_2019-10-11 21:08:51.886786,1-1-179-787,AG-3F16,2019-10-11 14:08:52-07:00,2019-10-11 17:36:01-07:00,2019-10-11 17:37:01-07:00,8.941,16.0,40.0,186.0,America/Los_Angeles
jpl,1_1_193_819_2019-10-11 21:40:23.121016,1-1-193-819,AG-1F06,2019-10-11 14:40:23-07:00,2019-10-11 17:22:52-07:00,2019-10-11 17:23:52-07:00,16.929,20.0,100.0,173.0,America/Los_Angeles
jpl,1_1_193_816_2019-10-11 22:24:05.200292,1-1-193-816,AG-1F05,2019-10-11 15:24:05-07:00,2019-10-11 20:17:16-07:00,2019-10-11 16:57:22-07:00,4.294,8.0,20.0,91.0,America/Los_Angeles
jpl,1_1_178_823_2019-10-11 23:27:23.648610,1-1-178-823,AG-1F08,2019-10-11 16:27:24-07:00,2019-10-11 17:13:45-07:00,2019-10-11 17:00:02-07:00,0.64,10.0,20.0,124.0,America/Los_Angeles
jpl,1_1_178_823_2019-10-12 00:13:48.767705,1-1-178-823,AG-1F08,2019-10-11 17:13:49-07:00,2019-10-11 18:20:29-07:00,2019-10-11 18:03:29-07:00,2.272,10.0,20.0,135.0,America/Los_Angeles
jpl,1_1_178_823_2019-10-12 12:42:24.700286,1-1-178-823,AG-1F08,2019-10-12 05:42:25-07:00,2019-10-12 12:15:26-07:00,2019-10-12 09:31:11-07:00,11.299,12.0,20.0,398.0,America/Los_Angeles
jpl,1_1_194_821_2019-10-12 13:03:07.055378,1-1-194-821,AG-1F13,2019-10-12 06:03:07-07:00,2019-10-12 14:15:15-07:00,2019-10-12 11:41:42-07:00,33.167,55.0,220.0,1267.0,America/Los_Angeles
jpl,1_1_194_826_2019-10-12 13:28:37.719302,1-1-194-826,AG-1F11,2019-10-12 06:28:38-07:00,2019-10-12 10:40:38-07:00,2019-10-12 10:41:38-07:00,13.684,18.75,50.0,306.0,America/Los_Angeles
jpl,1_1_194_822_2019-10-12 14:45:36.481868,1-1-194-822,AG-1F12,2019-10-12 07:45:36-07:00,2019-10-12 14:55:13-07:00,2019-10-12 14:56:13-07:00,45.008,73.26,220.0,620.0,America/Los_Angeles
jpl,1_1_179_783_2019-10-12 16:11:38.011534,1-1-179-783,AG-3F29,2019-10-12 09:11:38-07:00,2019-10-12 11:30:21-07:00,2019-10-12 11:11:15-07:00,11.017,24.0,60.0,155.0,America/Los_Angeles
jpl,1_1_193_819_2019-10-12 17:10:38.248830,1-1-193-819,AG-1F06,2019-10-12 10:10:38-07:00,2019-10-12 11:58:05-07:00,2019-10-12 11:58:38-07:00,10.626,30.0,80.0,521.0,America/Los_Angeles
jpl,1_1_194_826_2019-10-12 18:51:49.901696,1-1-194-826,AG-1F11,2019-10-12 11:51:50-07:00,2019-10-12 13:10:35-07:00,2019-10-12 13:11:35-07:00,7.333,16.0,40.0,60.0,America/Los_Angeles
jpl,1_1_193_819_2019-10-12 23:21:38.042519,1-1-193-819,AG-1F06,2019-10-12 16:21:40-07:00,2019-10-13 00:32:08-07:00,2019-10-12 17:42:47-07:00,7.303,30.0,80.0,521.0,America/Los_Angeles
jpl,1_1_193_827_2019-10-13 00:25:56.379264,1-1-193-827,AG-1F02,2019-10-12 17:25:56-07:00,2019-10-12 18:31:45-07:00,2019-10-12 18:32:45-07:00,6.257,28.0,70.0,68.0,America/Los_Angeles
jpl,1_1_179_777_2019-10-13 17:28:44.042355,1-1-179-777,AG-3F28,2019-10-13 10:28:44-07:00,2019-10-13 13:27:23-07:00,2019-10-13 13:28:23-07:00,9.287,32.0,80.0,183.0,America/Los_Angeles
jpl,1_1_193_827_2019-10-13 17:59:20.954150,1-1-193-827,AG-1F02,2019-10-13 10:59:21-07:00,2019-10-13 17:03:32-07:00,2019-10-13 16:11:52-07:00,16.541,20.0,50.0,177.0,America/Los_Angeles
jpl,1_1_178_824_2019-10-13 20:45:30.288020,1-1-178-824,AG-1F07,2019-10-13 13:45:48-07:00,2019-10-13 17:07:46-07:00,2019-10-13 15:07:04-07:00,8.362,40.0,100.0,60.0,America/Los_Angeles
jpl,1_1_178_828_2019-10-13 21:28:42.080603,1-1-178-828,AG-1F10,2019-10-13 14:28:42-07:00,2019-10-13 16:42:06-07:00,2019-10-13 16:39:21-07:00,12.709,12.5,50.0,142.0,America/Los_Angeles
jpl,1_1_193_816_2019-10-13 22:18:53.605245,1-1-193-816,AG-1F05,2019-10-13 15:18:54-07:00,2019-10-13 17:02:12-07:00,2019-10-13 17:03:12-07:00,9.372,42.5,170.0,471.0,America/Los_Angeles
jpl,1_1_193_819_2019-10-14 01:11:47.314361,1-1-193-819,AG-1F06,2019-10-13 18:11:47-07:00,2019-10-14 00:50:19-07:00,2019-10-13 19:44:48-07:00,8.954,30.0,80.0,521.0,America/Los_Angeles
jpl,1_1_194_821_2019-10-14 10:52:48.591473,1-1-194-821,AG-1F13,2019-10-14 03:52:49-07:00,2019-10-14 13:36:02-07:00,2019-10-14 06:48:43-07:00,9.576,16.0,40.0,169.0,America/Los_Angeles
jpl,1_1_193_825_2019-10-14 12:03:04.996103,1-1-193-825,AG-1F01,2019-10-14 05:03:05-07:00,2019-10-14 14:41:39-07:00,2019-10-14 07:07:30-07:00,5.94,8.0,20.0,60.0,America/Los_Angeles
jpl,1_1_178_817_2019-10-14 12:03:41.318100,1-1-178-817,AG-1F09,2019-10-14 05:03:41-07:00,2019-10-14 16:16:46-07:00,2019-10-14 16:17:46-07:00,67.717,79.92,240.0,620.0,America/Los_Angeles
jpl,1_1_194_826_2019-10-14 12:14:16.272283,1-1-194-826,AG-1F11,2019-10-14 05:14:16-07:00,2019-10-14 16:41:40-07:00,2019-10-14 10:45:42-07:00,15.162,20.0,50.0,652.0,America/Los_Angeles
jpl,1_1_178_823_2019-10-14 12:45:36.882152,1-1-178-823,AG-1F08,2019-10-14 05:45:37-07:00,2019-10-14 15:33:18-07:00,2019-10-14 11:07:47-07:00,10.813,12.0,20.0,544.0,America/Los_Angeles
jpl,1_1_193_819_2019-10-14 13:03:32.355938,1-1-193-819,AG-1F06,2019-10-14 06:03:32-07:00,2019-10-14 14:09:18-07:00,2019-10-14 10:59:14-07:00,13.009,16.0,40.0,414.0,America/Los_Angeles
jpl,1_1_191_789_2019-10-14 13:09:46.022547,1-1-191-789,AG-4F52,2019-10-14 06:09:46-07:00,2019-10-14 16:09:05-07:00,2019-10-14 08:15:57-07:00,5.846,8.0,20.0,60.0,America/Los_Angeles
jpl,1_1_191_802_2019-10-14 13:13:52.973981,1-1-191-802,AG-4F44,2019-10-14 06:13:53-07:00,2019-10-14 16:45:03-07:00,2019-10-14 08:30:03-07:00,8.024,12.0,30.0,594.0,America/Los_Angeles
jpl,1_1_191_804_2019-10-14 13:14:50.517518,1-1-191-804,AG-4F34,2019-10-14 06:15:29-07:00,2019-10-14 15:58:34-07:00,2019-10-14 14:59:29-07:00,31.096,45.0,180.0,484.0,America/Los_Angeles
jpl,1_1_193_827_2019-10-14 13:16:39.710190,1-1-193-827,AG-1F02,2019-10-14 06:16:40-07:00,2019-10-14 19:22:38-07:00,2019-10-14 09:38:34-07:00,8.857,16.0,40.0,469.0,America/Los_Angeles
jpl,1_1_194_822_2019-10-14 13:19:50.037504,1-1-194-822,AG-1F12,2019-10-14 06:19:50-07:00,2019-10-14 17:30:44-07:00,2019-10-14 15:10:16-07:00,8.028,8.0,20.0,60.0,America/Los_Angeles
jpl,1_1_193_829_2019-10-14 13:24:20.377732,1-1-193-829,AG-1F03,2019-10-14 06:24:20-07:00,2019-10-14 16:23:08-07:00,2019-10-14 09:18:56-07:00,13.218,40.0,100.0,591.0,America/Los_Angeles
jpl,1_1_179_815_2019-10-14 13:26:01.053891,1-1-179-815,AG-3F33,2019-10-14 06:26:01-07:00,2019-10-14 16:31:03-07:00,2019-10-14 09:54:30-07:00,9.374,16.0,40.0,592.0,America/Los_Angeles
jpl,1_1_179_796_2019-10-14 13:26:22.527567,1-1-179-796,AG-3F24,2019-10-14 06:26:30-07:00,2019-10-14 16:18:09-07:00,2019-10-14 11:05:43-07:00,13.351,12.0,20.0,542.0,America/Los_Angeles
jpl,1_1_179_799_2019-10-14 13:25:45.593385,1-1-179-799,AG-3F25,2019-10-14 06:26:32-07:00,2019-10-14 14:58:22-07:00,2019-10-14 12:53:04-07:00,9.813,20.0,50.0,518.0,America/Los_Angeles
jpl,1_1_178_828_2019-10-14 13:31:13.106701,1-1-178-828,AG-1F10,2019-10-14 06:31:13-07:00,2019-10-14 11:35:31-07:00,2019-10-14 10:35:41-07:00,13.441,20.0,50.0,181.0,America/Los_Angeles
jpl,1_1_193_820_2019-10-14 13:31:37.028212,1-1-193-820,AG-1F04,2019-10-14 06:31:37-07:00,2019-10-14 16:56:06-07:00,2019-10-14 09:28:46-07:00,7.817,16.0,40.0,527.0,America/Los_Angeles
jpl,1_1_179_788_2019-10-14 13:33:15.056242,1-1-179-788,AG-3F22,2019-10-14 06:33:15-07:00,2019-10-14 17:08:53-07:00,2019-10-14 08:35:45-07:00,5.608,8.0,20.0,60.0,America/Los_Angeles
jpl,1_1_179_794_2019-10-14 13:39:03.003378,1-1-179-794,AG-3F20,2019-10-14 06:39:03-07:00,2019-10-14 17:00:18-07:00,2019-10-14 16:30:53-07:00,6.855,20.0,50.0,573.0,America/Los_Angeles
jpl,1_1_178_824_2019-10-14 13:50:15.485941,1-1-178-824,AG-1F07,2019-10-14 06:50:23-07:00,2019-10-14 12:27:38-07:00,2019-10-14 12:12:09-07:00,9.248,90.0,150.0,294.0,America/Los_Angeles
jpl,1_1_179_810_2019-10-14 13:56:14.510786,1-1-179-810,AG-3F30,2019-10-14 06:56:15-07:00,2019-10-14 16:22:23-07:00,2019-10-14 11:47:09-07:00,29.883,120.0,200.0,548.0,America/Los_Angeles
jpl,1_1_179_791_2019-10-14 13:56:33.694698,1-1-179-791,AG-3F26,2019-10-14 06:57:04-07:00,2019-10-14 15:07:05-07:00,2019-10-14 12:13:36-07:00,33.469,80.0,200.0,572.0,America/Los_Angeles
jpl,1_1_179_800_2019-10-14 14:00:08.861910,1-1-179-800,AG-3F32,2019-10-14 07:00:09-07:00,2019-10-14 16:21:46-07:00,2019-10-14 14:15:01-07:00,44.114,56.0,140.0,554.0,America/Los_Angeles
jpl,1_1_193_816_2019-10-14 14:01:26.569591,1-1-193-816,AG-1F05,2019-10-14 07:01:27-07:00,2019-10-14 17:01:25-07:00,2019-10-14 11:20:26-07:00,12.012,15.0,40.0,536.0,America/Los_Angeles
jpl,1_1_179_801_2019-10-14 14:03:38.462054,1-1-179-801,AG-3F21,2019-10-14 07:03:38-07:00,2019-10-14 16:43:39-07:00,2019-10-14 15:59:16-07:00,20.075,48.0,120.0,558.0,America/Los_Angeles
jpl,1_1_179_781_2019-10-14 14:04:41.367087,1-1-179-781,AG-3F31,2019-10-14 07:04:48-07:00,2019-10-14 16:39:02-07:00,2019-10-14 08:27:30-07:00,3.294,20.0,40.0,520.0,America/Los_Angeles
jpl,1_1_179_797_2019-10-14 14:05:02.985109,1-1-179-797,AG-3F23,2019-10-14 07:05:03-07:00,2019-10-14 15:35:42-07:00,2019-10-14 12:29:19-07:00,8.021,8.0,20.0,563.0,America/Los_Angeles
jpl,1_1_179_777_2019-10-14 14:05:07.152153,1-1-179-777,AG-3F28,2019-10-14 07:05:07-07:00,2019-10-14 13:18:53-07:00,2019-10-14 11:57:14-07:00,13.861,24.0,60.0,391.0,America/Los_Angeles
jpl,1_1_179_787_2019-10-14 14:06:14.601191,1-1-179-787,AG-3F16,2019-10-14 07:06:24-07:00,2019-10-14 16:33:20-07:00,2019-10-14 12:43:44-07:00,16.097,20.0,50.0,531.0,America/Los_Angeles
jpl,1_1_191_795_2019-10-14 14:07:46.142549,1-1-191-795,AG-4F51,2019-10-14 07:07:46-07:00,2019-10-14 15:14:03-07:00,2019-10-14 15:15:03-07:00,48.637,50.0,200.0,572.0,America/Los_Angeles
jpl,1_1_179_798_2019-10-14 14:10:43.389003,1-1-179-798,AG-3F18,2019-10-14 07:10:43-07:00,2019-10-14 17:57:32-07:00,2019-10-14 13:26:14-07:00,15.39,16.0,40.0,496.0,America/Los_Angeles
jpl,1_1_191_803_2019-10-14 14:16:06.950209,1-1-191-803,AG-4F49,2019-10-14 07:16:07-07:00,2019-10-14 17:23:50-07:00,2019-10-14 15:34:26-07:00,37.526,37.5,150.0,478.0,America/Los_Angeles
jpl,1_1_179_790_2019-10-14 14:17:09.747180,1-1-179-790,AG-3F19,2019-10-14 07:17:12-07:00,2019-10-14 16:17:13-07:00,2019-10-14 14:13:02-07:00,41.829,102.74,220.0,627.0,America/Los_Angeles
jpl,1_1_179_809_2019-10-14 14:18:55.751064,1-1-179-809,AG-3F27,2019-10-14 07:18:56-07:00,2019-10-14 18:27:52-07:00,2019-10-14 11:17:33-07:00,6.023,9.99,30.0,304.0,America/Los_Angeles
jpl,1_1_191_786_2019-10-14 14:19:11.397428,1-1-191-786,AG-4F36,2019-10-14 07:19:11-07:00,2019-10-14 17:39:11-07:00,2019-10-14 14:35:30-07:00,40.003,40.0,160.0,660.0,America/Los_Angeles
jpl,1_1_191_812_2019-10-14 14:20:02.285892,1-1-191-812,AG-4F46,2019-10-14 07:20:02-07:00,2019-10-14 15:58:03-07:00,2019-10-14 15:01:00-07:00,43.693,60.0,150.0,461.0,America/Los_Angeles
jpl,1_1_179_779_2019-10-14 14:20:33.691083,1-1-179-779,AG-3F17,2019-10-14 07:20:35-07:00,2019-10-14 16:27:33-07:00,2019-10-14 13:12:38-07:00,28.008,28.0,70.0,257.0,America/Los_Angeles
jpl,1_1_179_783_2019-10-14 14:22:00.920514,1-1-179-783,AG-3F29,2019-10-14 07:22:01-07:00,2019-10-14 12:07:35-07:00,2019-10-14 10:32:22-07:00,0.857,5.0,10.0,463.0,America/Los_Angeles
jpl,1_1_191_782_2019-10-14 14:23:07.407203,1-1-191-782,AG-4F50,2019-10-14 07:23:07-07:00,2019-10-14 12:47:47-07:00,2019-10-14 11:50:07-07:00,20.42,44.0,110.0,280.0,America/Los_Angeles
jpl,1_1_191_780_2019-10-14 14:25:50.141541,1-1-191-780,AG-4F45,2019-10-14 07:25:50-07:00,2019-10-14 16:35:14-07:00,2019-10-14 10:36:51-07:00,8.701,28.0,70.0,426.0,America/Los_Angeles
jpl,1_1_191_807_2019-10-14 14:28:51.486879,1-1-191-807,AG-4F47,2019-10-14 07:28:51-07:00,2019-10-14 16:36:45-07:00,2019-10-14 13:00:37-07:00,15.003,15.0,60.0,252.0,America/Los_Angeles
jpl,1_1_191_811_2019-10-14 14:29:04.912857,1-1-191-811,AG-4F42,2019-10-14 07:29:05-07:00,2019-10-14 17:53:45-07:00,2019-10-14 15:21:59-07:00,9.729,20.0,50.0,650.0,America/Los_Angeles
jpl,1_1_191_806_2019-10-14 14:28:59.587242,1-1-191-806,AG-4F41,2019-10-14 07:29:06-07:00,2019-10-14 17:32:21-07:00,2019-10-14 16:30:26-07:00,8.052,8.0,20.0,60.0,America/Los_Angeles
jpl,1_1_191_785_2019-10-14 14:29:20.105907,1-1-191-785,AG-4F48,2019-10-14 07:29:20-07:00,2019-10-14 12:53:43-07:00,2019-10-14 08:02:15-07:00,0.817,0.0,0.0,0.0,America/Los_Angeles
jpl,1_1_179_813_2019-10-14 14:38:11.872133,1-1-179-813,AG-3F15,2019-10-14 07:38:12-07:00,2019-10-14 17:27:40-07:00,2019-10-14 11:47:12-07:00,6.622,12.0,30.0,566.0,America/Los_Angeles
jpl,1_1_191_793_2019-10-14 14:42:14.116089,1-1-191-793,AG-4F38,2019-10-14 07:42:14-07:00,2019-10-14 18:13:13-07:00,2019-10-14 14:10:05-07:00,39.122,63.94,230.0,659.0,America/Los_Angeles
jpl,1_1_191_784_2019-10-14 14:46:11.871419,1-1-191-784,AG-4F40,2019-10-14 07:46:12-07:00,2019-10-14 16:55:36-07:00,2019-10-14 16:33:29-07:00,33.25,48.0,120.0,574.0,America/Los_Angeles
jpl,1_1_191_778_2019-10-14 14:47:30.628481,1-1-191-778,AG-4F43,2019-10-14 07:47:31-07:00,2019-10-14 15:49:28-07:00,2019-10-14 13:03:54-07:00,8.449,12.0,20.0,441.0,America/Los_Angeles
jpl,1_1_191_792_2019-10-14 14:51:11.284325,1-1-191-792,AG-4F37,2019-10-14 07:51:11-07:00,2019-10-14 17:45:58-07:00,2019-10-14 13:43:26-07:00,20.774,4.58,20.0,191.0,America/Los_Angeles
jpl,1_1_191_808_2019-10-14 14:57:12.487745,1-1-191-808,AG-4F35,2019-10-14 07:57:12-07:00,2019-10-14 16:45:43-07:00,2019-10-14 11:42:58-07:00,19.875,37.5,150.0,444.0,America/Los_Angeles
jpl,1_1_191_805_2019-10-14 15:00:19.580160,1-1-191-805,AG-4F39,2019-10-14 08:00:20-07:00,2019-10-14 17:53:48-07:00,2019-10-14 12:10:42-07:00,9.185,6.66,20.0,246.0,America/Los_Angeles
jpl,1_1_178_828_2019-10-14 18:37:56.251405,1-1-178-828,AG-1F10,2019-10-14 11:37:56-07:00,2019-10-14 14:37:14-07:00,2019-10-14 14:38:14-07:00,16.22,17.52,60.0,177.0,America/Los_Angeles
jpl,1_1_179_783_2019-10-14 19:07:38.934848,1-1-179-783,AG-3F29,2019-10-14 12:07:39-07:00,2019-10-14 15:15:41-07:00,2019-10-14 13:02:03-07:00,5.025,5.0,10.0,60.0,America/Los_Angeles
jpl,1_1_178_824_2019-10-14 19:32:10.083503,1-1-178-824,AG-1F07,2019-10-14 12:32:10-07:00,2019-10-14 17:27:23-07:00,2019-10-14 16:30:36-07:00,10.476,20.0,50.0,194.0,America/Los_Angeles
jpl,1_1_191_782_2019-10-14 20:07:40.292805,1-1-191-782,AG-4F50,2019-10-14 13:07:40-07:00,2019-10-14 17:59:21-07:00,2019-10-14 16:30:14-07:00,0.9,0.0,0.0,0.0,America/Los_Angeles
jpl,1_1_191_785_2019-10-14 20:11:35.118488,1-1-191-785,AG-4F48,2019-10-14 13:11:35-07:00,2019-10-14 16:48:11-07:00,2019-10-14 13:37:56-07:00,0.644,0.0,0.0,0.0,America/Los_Angeles
jpl,1_1_193_819_2019-10-14 21:22:45.441639,1-1-193-819,AG-1F06,2019-10-14 14:22:45-07:00,2019-10-14 18:10:55-07:00,2019-10-14 16:26:39-07:00,5.933,12.0,20.0,174.0,America/Los_Angeles
jpl,1_1_179_777_2019-10-14 21:45:47.040104,1-1-179-777,AG-3F28,2019-10-14 14:45:47-07:00,2019-10-14 16:56:33-07:00,2019-10-14 16:57:33-07:00,13.54,48.0,120.0,325.0,America/Los_Angeles
jpl,1_1_193_825_2019-10-14 21:49:47.350006,1-1-193-825,AG-1F01,2019-10-14 14:49:47-07:00,2019-10-14 16:50:54-07:00,2019-10-14 16:51:54-07:00,8.795,24.0,60.0,138.0,America/Los_Angeles
jpl,1_1_194_821_2019-10-14 22:58:05.853190,1-1-194-821,AG-1F13,2019-10-14 15:58:06-07:00,2019-10-14 17:49:02-07:00,2019-10-14 17:50:01-07:00,8.685,12.0,30.0,106.0,America/Los_Angeles
jpl,1_1_178_823_2019-10-14 23:44:10.134237,1-1-178-823,AG-1F08,2019-10-14 16:44:10-07:00,2019-10-14 18:59:59-07:00,2019-10-14 18:22:30-07:00,4.951,8.0,20.0,157.0,America/Los_Angeles
jpl,1_1_191_808_2019-10-15 00:10:10.941291,1-1-191-808,AG-4F35,2019-10-14 17:10:21-07:00,2019-10-14 19:42:00-07:00,2019-10-14 19:06:33-07:00,11.228,20.0,50.0,264.0,America/Los_Angeles
jpl,1_1_178_823_2019-10-15 04:12:55.347109,1-1-178-823,AG-1F08,2019-10-14 21:12:55-07:00,2019-10-15 01:32:05-07:00,2019-10-14 22:48:46-07:00,4.865,8.0,20.0,157.0,America/Los_Angeles
jpl,1_1_194_821_2019-10-15 10:58:03.539033,1-1-194-821,AG-1F13,2019-10-15 03:58:04-07:00,2019-10-15 13:02:20-07:00,2019-10-15 06:47:35-07:00,9.479,16.0,40.0,169.0,America/Los_Angeles
jpl,1_1_193_825_2019-10-15 12:01:57.557536,1-1-193-825,AG-1F01,2019-10-15 05:01:58-07:00,2019-10-15 14:35:36-07:00,2019-10-15 07:17:00-07:00,6.01,8.0,20.0,60.0,America/Los_Angeles
jpl,1_1_178_817_2019-10-15 12:14:38.946541,1-1-178-817,AG-1F09,2019-10-15 05:14:39-07:00,2019-10-15 15:22:30-07:00,2019-10-15 14:18:21-07:00,29.64,33.3,100.0,620.0,America/Los_Angeles
jpl,1_1_194_826_2019-10-15 12:22:48.326118,1-1-194-826,AG-1F11,2019-10-15 05:22:48-07:00,2019-10-15 16:27:05-07:00,2019-10-15 11:51:14-07:00,12.776,20.0,50.0,652.0,America/Los_Angeles
jpl,1_1_191_789_2019-10-15 12:40:01.121545,1-1-191-789,AG-4F52,2019-10-15 05:40:01-07:00,2019-10-15 15:37:07-07:00,2019-10-15 07:38:43-07:00,5.724,8.0,20.0,60.0,America/Los_Angeles
jpl,1_1_194_822_2019-10-15 12:44:21.657909,1-1-194-822,AG-1F12,2019-10-15 05:44:22-07:00,2019-10-15 14:30:35-07:00,2019-10-15 07:43:07-07:00,5.532,8.0,20.0,60.0,America/Los_Angeles
jpl,1_1_178_823_2019-10-15 12:46:35.291137,1-1-178-823,AG-1F08,2019-10-15 05:46:35-07:00,2019-10-15 15:34:09-07:00,2019-10-15 10:47:44-07:00,10.366,12.0,20.0,607.0,America/Los_Angeles
jpl,1_1_179_799_2019-10-15 13:00:43.536599,1-1-179-799,AG-3F25,2019-10-15 06:00:44-07:00,2019-10-15 15:39:37-07:00,2019-10-15 12:53:40-07:00,31.544,31.5,140.0,544.0,America/Los_Angeles
jpl,1_1_193_819_2019-10-15 13:05:26.055160,1-1-193-819,AG-1F06,2019-10-15 06:05:26-07:00,2019-10-15 15:23:03-07:00,2019-10-15 09:17:22-07:00,12.754,16.0,40.0,414.0,America/Los_Angeles
jpl,1_1_178_824_2019-10-15 13:20:17.348650,1-1-178-824,AG-1F07,2019-10-15 06:20:17-07:00,2019-10-15 17:16:44-07:00,2019-10-15 11:45:48-07:00,30.825,80.0,200.0,720.0,America/Los_Angeles
jpl,1_1_191_804_2019-10-15 13:21:05.969446,1-1-191-804,AG-4F34,2019-10-15 06:21:27-07:00,2019-10-15 16:07:07-07:00,2019-10-15 11:29:34-07:00,29.151,45.0,180.0,484.0,America/Los_Angeles
jpl,1_1_193_820_2019-10-15 13:23:04.409450,1-1-193-820,AG-1F04,2019-10-15 06:23:04-07:00,2019-10-15 12:08:49-07:00,2019-10-15 10:00:13-07:00,13.646,20.0,50.0,181.0,America/Los_Angeles
jpl,1_1_179_796_2019-10-15 13:23:12.367692,1-1-179-796,AG-3F24,2019-10-15 06:23:12-07:00,2019-10-15 19:38:03-07:00,2019-10-15 12:28:00-07:00,30.694,36.0,90.0,641.0,America/Los_Angeles
jpl,1_1_179_781_2019-10-15 13:24:27.985651,1-1-179-781,AG-3F31,2019-10-15 06:24:28-07:00,2019-10-15 15:56:32-07:00,2019-10-15 14:08:57-07:00,46.437,60.0,150.0,515.0,America/Los_Angeles
jpl,1_1_179_809_2019-10-15 13:25:33.068459,1-1-179-809,AG-3F27,2019-10-15 06:25:51-07:00,2019-10-15 14:13:38-07:00,2019-10-15 09:39:49-07:00,18.877,32.0,80.0,518.0,America/Los_Angeles
jpl,1_1_193_827_2019-10-15 13:27:05.827944,1-1-193-827,AG-1F02,2019-10-15 06:27:06-07:00,2019-10-15 16:28:43-07:00,2019-10-15 11:35:40-07:00,12.524,40.0,100.0,591.0,America/Los_Angeles
jpl,1_1_179_800_2019-10-15 13:29:36.306682,1-1-179-800,AG-3F32,2019-10-15 06:29:36-07:00,2019-10-15 12:38:20-07:00,2019-10-15 12:39:19-07:00,24.1,28.0,70.0,322.0,America/Los_Angeles
jpl,1_1_179_791_2019-10-15 13:30:27.240283,1-1-179-791,AG-3F26,2019-10-15 06:30:27-07:00,2019-10-15 16:26:09-07:00,2019-10-15 16:27:09-07:00,24.008,35.01,90.0,562.0,America/Los_Angeles
jpl,1_1_193_816_2019-10-15 13:32:33.705739,1-1-193-816,AG-1F05,2019-10-15 06:33:00-07:00,2019-10-15 16:20:22-07:00,2019-10-15 15:34:12-07:00,23.87,72.0,180.0,619.0,America/Los_Angeles
jpl,1_1_179_788_2019-10-15 13:33:29.093303,1-1-179-788,AG-3F22,2019-10-15 06:33:39-07:00,2019-10-15 16:11:38-07:00,2019-10-15 13:06:45-07:00,13.845,12.0,20.0,617.0,America/Los_Angeles
jpl,1_1_179_787_2019-10-15 13:36:42.629571,1-1-179-787,AG-3F16,2019-10-15 06:36:43-07:00,2019-10-15 15:41:07-07:00,2019-10-15 10:03:39-07:00,8.304,16.0,40.0,527.0,America/Los_Angeles
jpl,1_1_178_828_2019-10-15 13:40:36.689510,1-1-178-828,AG-1F10,2019-10-15 06:40:37-07:00,2019-10-15 15:33:12-07:00,2019-10-15 08:53:10-07:00,5.504,8.0,20.0,503.0,America/Los_Angeles
jpl,1_1_179_794_2019-10-15 13:40:56.941012,1-1-179-794,AG-3F20,2019-10-15 06:40:57-07:00,2019-10-15 16:44:12-07:00,2019-10-15 15:14:26-07:00,10.973,20.0,50.0,573.0,America/Los_Angeles
jpl,1_1_179_797_2019-10-15 13:42:11.261841,1-1-179-797,AG-3F23,2019-10-15 06:42:11-07:00,2019-10-15 17:58:17-07:00,2019-10-15 08:35:06-07:00,4.977,8.0,20.0,60.0,America/Los_Angeles
jpl,1_1_191_808_2019-10-15 13:54:56.259898,1-1-191-808,AG-4F35,2019-10-15 06:54:56-07:00,2019-10-15 17:31:53-07:00,2019-10-15 10:47:43-07:00,11.729,8.0,20.0,285.0,America/Los_Angeles
jpl,1_1_179_815_2019-10-15 13:56:29.229281,1-1-179-815,AG-3F33,2019-10-15 06:56:29-07:00,2019-10-15 16:15:40-07:00,2019-10-15 11:33:50-07:00,5.955,8.0,20.0,563.0,America/Los_Angeles
jpl,1_1_179_798_2019-10-15 14:06:19.687236,1-1-179-798,AG-3F18,2019-10-15 07:06:20-07:00,2019-10-15 16:32:13-07:00,2019-10-15 16:30:27-07:00,16.043,20.0,50.0,531.0,America/Los_Angeles
jpl,1_1_194_818_2019-10-15 14:07:30.679086,1-1-194-818,AG-1F14,2019-10-15 07:07:31-07:00,2019-10-15 15:06:46-07:00,2019-10-15 09:21:30-07:00,3.918,10.0,20.0,463.0,America/Los_Angeles
jpl,1_1_193_829_2019-10-15 14:07:27.038390,1-1-193-829,AG-1F03,2019-10-15 07:07:40-07:00,2019-10-15 15:29:12-07:00,2019-10-15 10:38:52-07:00,8.866,90.0,150.0,294.0,America/Los_Angeles
jpl,1_1_179_779_2019-10-15 14:08:06.229396,1-1-179-779,AG-3F17,2019-10-15 07:08:06-07:00,2019-10-15 17:35:12-07:00,2019-10-15 12:49:07-07:00,13.471,16.68,60.0,540.0,America/Los_Angeles
jpl,1_1_179_813_2019-10-15 14:08:14.972931,1-1-179-813,AG-3F15,2019-10-15 07:08:15-07:00,2019-10-15 11:31:04-07:00,2019-10-15 10:47:45-07:00,6.585,12.0,30.0,566.0,America/Los_Angeles
jpl,1_1_179_777_2019-10-15 14:11:40.504483,1-1-179-777,AG-3F28,2019-10-15 07:11:40-07:00,2019-10-15 17:32:48-07:00,2019-10-15 12:30:33-07:00,12.13,15.0,40.0,536.0,America/Los_Angeles
jpl,1_1_179_790_2019-10-15 14:15:02.344651,1-1-179-790,AG-3F19,2019-10-15 07:15:02-07:00,2019-10-15 17:42:40-07:00,2019-10-15 11:43:05-07:00,25.738,40.0,100.0,526.0,America/Los_Angeles
jpl,1_1_179_810_2019-10-15 14:16:55.042200,1-1-179-810,AG-3F30,2019-10-15 07:17:11-07:00,2019-10-15 12:09:39-07:00,2019-10-15 12:00:48-07:00,14.748,28.0,70.0,471.0,America/Los_Angeles
jpl,1_1_191_802_2019-10-15 14:17:15.889012,1-1-191-802,AG-4F44,2019-10-15 07:17:24-07:00,2019-10-15 09:46:17-07:00,2019-10-15 09:35:48-07:00,5.94,8.0,20.0,60.0,America/Los_Angeles
jpl,1_1_179_801_2019-10-15 14:17:33.921093,1-1-179-801,AG-3F21,2019-10-15 07:17:34-07:00,2019-10-15 12:11:37-07:00,2019-10-15 10:10:58-07:00,13.81,24.0,60.0,318.0,America/Los_Angeles
jpl,1_1_191_803_2019-10-15 14:19:03.918508,1-1-191-803,AG-4F49,2019-10-15 07:19:04-07:00,2019-10-15 17:11:05-07:00,2019-10-15 14:00:18-07:00,40.048,51.0,170.0,514.0,America/Los_Angeles
jpl,1_1_191_812_2019-10-15 14:19:22.489571,1-1-191-812,AG-4F46,2019-10-15 07:19:22-07:00,2019-10-15 17:07:55-07:00,2019-10-15 10:47:08-07:00,11.108,12.0,30.0,467.0,America/Los_Angeles
jpl,1_1_191_780_2019-10-15 14:22:12.966294,1-1-191-780,AG-4F45,2019-10-15 07:22:13-07:00,2019-10-15 17:22:31-07:00,2019-10-15 14:12:00-07:00,37.531,37.5,150.0,578.0,America/Los_Angeles
jpl,1_1_191_782_2019-10-15 14:27:03.604843,1-1-191-782,AG-4F50,2019-10-15 07:27:04-07:00,2019-10-15 17:56:11-07:00,2019-10-15 16:10:04-07:00,8.587,8.0,20.0,265.0,America/Los_Angeles
jpl,1_1_191_795_2019-10-15 14:27:15.977185,1-1-191-795,AG-4F51,2019-10-15 07:27:16-07:00,2019-10-15 12:10:48-07:00,2019-10-15 12:08:58-07:00,15.397,40.0,100.0,280.0,America/Los_Angeles
jpl,1_1_191_806_2019-10-15 14:27:54.547122,1-1-191-806,AG-4F41,2019-10-15 07:27:55-07:00,2019-10-15 16:49:08-07:00,2019-10-15 12:25:46-07:00,15.224,32.0,80.0,426.0,America/Los_Angeles
jpl,1_1_191_786_2019-10-15 14:27:48.348061,1-1-191-786,AG-4F36,2019-10-15 07:27:55-07:00,2019-10-15 17:08:51-07:00,2019-10-15 12:47:31-07:00,10.762,8.0,20.0,249.0,America/Los_Angeles
jpl,1_1_191_792_2019-10-15 14:29:54.571641,1-1-191-792,AG-4F37,2019-10-15 07:29:55-07:00,2019-10-15 16:52:11-07:00,2019-10-15 10:11:06-07:00,5.169,6.66,20.0,493.0,America/Los_Angeles
jpl,1_1_191_807_2019-10-15 14:37:15.160219,1-1-191-807,AG-4F47,2019-10-15 07:37:15-07:00,2019-10-15 14:49:29-07:00,2019-10-15 10:47:44-07:00,5.94,12.0,30.0,453.0,America/Los_Angeles
jpl,1_1_191_811_2019-10-15 14:38:04.869316,1-1-191-811,AG-4F42,2019-10-15 07:38:05-07:00,2019-10-15 18:46:14-07:00,2019-10-15 11:28:49-07:00,6.79,12.0,30.0,594.0,America/Los_Angeles
jpl,1_1_179_783_2019-10-15 14:43:01.797314,1-1-179-783,AG-3F29,2019-10-15 07:43:02-07:00,2019-10-15 17:53:54-07:00,2019-10-15 17:54:54-07:00,58.447,80.0,200.0,604.0,America/Los_Angeles
jpl,1_1_191_805_2019-10-15 14:43:48.422054,1-1-191-805,AG-4F39,2019-10-15 07:43:51-07:00,2019-10-15 17:28:14-07:00,2019-10-15 09:38:04-07:00,4.938,8.0,20.0,60.0,America/Los_Angeles
jpl,1_1_191_793_2019-10-15 14:44:59.527467,1-1-191-793,AG-4F38,2019-10-15 07:45:00-07:00,2019-10-15 11:29:34-07:00,2019-10-15 10:13:46-07:00,10.761,20.0,50.0,218.0,America/Los_Angeles
jpl,1_1_191_785_2019-10-15 14:44:54.571199,1-1-191-785,AG-4F48,2019-10-15 07:45:10-07:00,2019-10-15 17:08:01-07:00,2019-10-15 10:42:50-07:00,8.586,20.0,50.0,541.0,America/Los_Angeles
jpl,1_1_191_784_2019-10-15 14:45:12.431544,1-1-191-784,AG-4F40,2019-10-15 07:45:12-07:00,2019-10-15 12:58:42-07:00,2019-10-15 11:30:53-07:00,5.844,12.0,30.0,60.0,America/Los_Angeles
jpl,1_1_191_802_2019-10-15 16:50:59.837321,1-1-191-802,AG-4F44,2019-10-15 09:51:13-07:00,2019-10-15 17:23:05-07:00,2019-10-15 10:47:43-07:00,2.517,8.0,20.0,60.0,America/Los_Angeles
jpl,1_1_179_813_2019-10-15 18:45:52.405784,1-1-179-813,AG-3F15,2019-10-15 11:45:52-07:00,2019-10-15 16:47:51-07:00,2019-10-15 13:34:03-07:00,10.169,16.0,40.0,592.0,America/Los_Angeles
jpl,1_1_191_793_2019-10-15 18:57:13.931949,1-1-191-793,AG-4F38,2019-10-15 11:56:52-07:00,2019-10-15 17:00:50-07:00,2019-10-15 12:53:18-07:00,2.82,8.0,20.0,60.0,America/Los_Angeles
jpl,1_1_193_820_2019-10-15 19:14:31.182691,1-1-193-820,AG-1F04,2019-10-15 12:14:31-07:00,2019-10-15 17:47:03-07:00,2019-10-15 14:42:07-07:00,9.414,12.0,30.0,120.0,America/Los_Angeles
jpl,1_1_179_810_2019-10-15 19:29:41.641531,1-1-179-810,AG-3F30,2019-10-15 12:29:56-07:00,2019-10-15 15:40:17-07:00,2019-10-15 13:51:08-07:00,8.014,8.0,20.0,60.0,America/Los_Angeles
jpl,1_1_179_801_2019-10-15 19:33:20.874100,1-1-179-801,AG-3F21,2019-10-15 12:33:21-07:00,2019-10-15 19:28:34-07:00,2019-10-15 16:27:15-07:00,6.005,8.0,20.0,415.0,America/Los_Angeles
jpl,1_1_191_795_2019-10-15 19:34:14.949577,1-1-191-795,AG-4F51,2019-10-15 12:34:15-07:00,2019-10-15 17:56:16-07:00,2019-10-15 17:57:16-07:00,33.509,68.0,170.0,570.0,America/Los_Angeles
jpl,1_1_194_821_2019-10-15 20:06:12.896857,1-1-194-821,AG-1F13,2019-10-15 13:06:13-07:00,2019-10-15 17:21:54-07:00,2019-10-15 13:57:59-07:00,4.97,40.0,100.0,280.0,America/Los_Angeles
jpl,1_1_191_784_2019-10-15 20:59:54.235463,1-1-191-784,AG-4F40,2019-10-15 13:59:54-07:00,2019-10-15 17:42:29-07:00,2019-10-15 14:53:15-07:00,4.819,24.0,60.0,163.0,America/Los_Angeles
jpl,1_1_179_809_2019-10-15 21:40:20.413196,1-1-179-809,AG-3F27,2019-10-15 14:40:40-07:00,2019-10-15 17:06:25-07:00,2019-10-15 17:07:25-07:00,12.83,40.0,100.0,148.0,America/Los_Angeles
jpl,1_1_193_825_2019-10-15 21:48:10.070903,1-1-193-825,AG-1F01,2019-10-15 14:48:36-07:00,2019-10-15 17:19:20-07:00,2019-10-15 17:11:04-07:00,12.925,20.0,50.0,264.0,America/Los_Angeles
jpl,1_1_194_822_2019-10-15 21:52:30.812814,1-1-194-822,AG-1F12,2019-10-15 14:52:31-07:00,2019-10-15 17:05:39-07:00,2019-10-15 17:04:25-07:00,6.726,12.0,30.0,112.0,America/Los_Angeles
jpl,1_1_191_807_2019-10-15 21:52:34.098992,1-1-191-807,AG-4F47,2019-10-15 14:52:34-07:00,2019-10-15 20:23:51-07:00,2019-10-15 20:10:00-07:00,33.803,45.0,100.0,414.0,America/Los_Angeles
jpl,1_1_194_818_2019-10-15 22:24:22.041082,1-1-194-818,AG-1F14,2019-10-15 15:24:22-07:00,2019-10-15 17:08:12-07:00,2019-10-15 17:09:08-07:00,10.249,60.0,150.0,120.0,America/Los_Angeles
jpl,1_1_193_829_2019-10-15 23:18:47.071913,1-1-193-829,AG-1F03,2019-10-15 16:18:47-07:00,2019-10-15 16:51:49-07:00,2019-10-15 16:52:49-07:00,2.598,16.0,40.0,61.0,America/Los_Angeles
jpl,1_1_178_817_2019-10-15 23:29:41.570167,1-1-178-817,AG-1F09,2019-10-15 16:29:42-07:00,2019-10-15 17:58:57-07:00,2019-10-15 17:59:57-07:00,9.371,56.0,140.0,367.0,America/Los_Angeles
jpl,1_1_193_816_2019-10-15 23:42:57.610146,1-1-193-816,AG-1F05,2019-10-15 16:42:58-07:00,2019-10-15 18:27:43-07:00,2019-10-15 18:28:43-07:00,9.338,75.0,300.0,465.0,America/Los_Angeles
jpl,1_1_178_824_2019-10-16 00:22:46.683314,1-1-178-824,AG-1F07,2019-10-15 17:22:47-07:00,2019-10-15 19:55:25-07:00,2019-10-15 19:56:25-07:00,15.68,24.0,60.0,234.0,America/Los_Angeles
jpl,1_1_193_827_2019-10-16 00:24:59.751557,1-1-193-827,AG-1F02,2019-10-15 17:25:00-07:00,2019-10-15 18:36:19-07:00,2019-10-15 18:37:19-07:00,4.287,8.0,20.0,68.0,America/Los_Angeles
jpl,1_1_178_823_2019-10-16 00:55:33.148633,1-1-178-823,AG-1F08,2019-10-15 17:55:33-07:00,2019-10-16 02:03:05-07:00,2019-10-15 19:46:22-07:00,5.562,8.0,20.0,157.0,America/Los_Angeles
jpl,1_1_194_821_2019-10-16 01:32:57.674601,1-1-194-821,AG-1F13,2019-10-15 18:32:58-07:00,2019-10-15 19:54:00-07:00,2019-10-15 19:55:00-07:00,4.435,8.0,20.0,53.0,America/Los_Angeles
jpl,1_1_193_825_2019-10-16 12:01:21.840826,1-1-193-825,AG-1F01,2019-10-16 05:01:22-07:00,2019-10-16 14:36:27-07:00,2019-10-16 07:17:16-07:00,6.506,8.0,20.0,60.0,America/Los_Angeles
jpl,1_1_194_826_2019-10-16 12:16:41.742290,1-1-194-826,AG-1F11,2019-10-16 05:16:42-07:00,2019-10-16 18:12:49-07:00,2019-10-16 16:18:05-07:00,14.641,20.0,50.0,652.0,America/Los_Angeles
jpl,1_1_178_817_2019-10-16 12:27:07.296334,1-1-178-817,AG-1F09,2019-10-16 05:27:07-07:00,2019-10-16 17:59:12-07:00,2019-10-16 16:27:36-07:00,28.887,33.3,100.0,620.0,America/Los_Angeles
jpl,1_1_194_822_2019-10-16 12:33:23.531919,1-1-194-822,AG-1F12,2019-10-16 05:33:24-07:00,2019-10-16 15:28:03-07:00,2019-10-16 10:17:32-07:00,10.148,13.32,40.0,521.0,America/Los_Angeles
jpl,1_1_191_789_2019-10-16 12:37:43.521224,1-1-191-789,AG-4F52,2019-10-16 05:37:44-07:00,2019-10-16 15:24:10-07:00,2019-10-16 07:36:33-07:00,5.656,8.0,20.0,60.0,America/Los_Angeles
jpl,1_1_178_823_2019-10-16 12:46:58.638786,1-1-178-823,AG-1F08,2019-10-16 05:46:59-07:00,2019-10-16 15:33:57-07:00,2019-10-16 10:35:51-07:00,10.641,12.0,20.0,607.0,America/Los_Angeles
jpl,1_1_193_819_2019-10-16 13:04:38.279224,1-1-193-819,AG-1F06,2019-10-16 06:04:38-07:00,2019-10-16 14:03:30-07:00,2019-10-16 13:09:08-07:00,12.05,12.0,30.0,414.0,America/Los_Angeles
jpl,1_1_179_815_2019-10-16 13:17:24.883268,1-1-179-815,AG-3F33,2019-10-16 06:17:25-07:00,2019-10-16 18:16:43-07:00,2019-10-16 08:19:04-07:00,4.713,8.05,23.0,554.0,America/Los_Angeles
jpl,1_1_178_824_2019-10-16 13:18:33.842322,1-1-178-824,AG-1F07,2019-10-16 06:18:34-07:00,2019-10-16 15:41:18-07:00,2019-10-16 13:34:09-07:00,0.816,0.0,0.0,0.0,America/Los_Angeles
jpl,1_1_179_797_2019-10-16 13:19:47.620524,1-1-179-797,AG-3F23,2019-10-16 06:19:48-07:00,2019-10-16 16:50:14-07:00,2019-10-16 08:04:53-07:00,5.0,8.0,20.0,60.0,America/Los_Angeles
jpl,1_1_179_799_2019-10-16 13:21:13.479998,1-1-179-799,AG-3F25,2019-10-16 06:21:13-07:00,2019-10-16 15:18:02-07:00,2019-10-16 13:29:20-07:00,29.584,35.01,90.0,562.0,America/Los_Angeles
jpl,1_1_194_821_2019-10-16 13:21:49.692193,1-1-194-821,AG-1F13,2019-10-16 06:21:50-07:00,2019-10-16 14:41:31-07:00,2019-10-16 07:52:09-07:00,2.85,8.0,20.0,520.0,America/Los_Angeles
jpl,1_1_179_809_2019-10-16 13:23:26.152681,1-1-179-809,AG-3F27,2019-10-16 06:23:57-07:00,2019-10-16 11:53:59-07:00,2019-10-16 10:22:10-07:00,22.796,40.0,100.0,518.0,America/Los_Angeles
jpl,1_1_193_829_2019-10-16 13:25:41.631412,1-1-193-829,AG-1F03,2019-10-16 06:25:42-07:00,2019-10-16 16:23:54-07:00,2019-10-16 08:57:10-07:00,11.958,40.0,100.0,591.0,America/Los_Angeles
jpl,1_1_191_804_2019-10-16 13:26:21.964398,1-1-191-804,AG-4F34,2019-10-16 06:26:50-07:00,2019-10-16 11:21:33-07:00,2019-10-16 11:22:32-07:00,20.984,45.0,180.0,484.0,America/Los_Angeles
jpl,1_1_179_796_2019-10-16 13:28:39.247864,1-1-179-796,AG-3F24,2019-10-16 06:28:47-07:00,2019-10-16 16:22:39-07:00,2019-10-16 10:54:12-07:00,13.193,12.0,20.0,540.0,America/Los_Angeles
jpl,1_1_193_827_2019-10-16 13:33:11.909169,1-1-193-827,AG-1F02,2019-10-16 06:33:12-07:00,2019-10-16 15:50:05-07:00,2019-10-16 09:54:19-07:00,7.641,16.0,40.0,527.0,America/Los_Angeles
jpl,1_1_178_828_2019-10-16 13:34:02.538382,1-1-178-828,AG-1F10,2019-10-16 06:34:03-07:00,2019-10-16 09:39:31-07:00,2019-10-16 09:40:31-07:00,11.139,20.0,50.0,181.0,America/Los_Angeles
jpl,1_1_179_800_2019-10-16 13:36:22.062958,1-1-179-800,AG-3F32,2019-10-16 06:36:22-07:00,2019-10-16 11:47:49-07:00,2019-10-16 11:48:49-07:00,15.333,28.0,70.0,322.0,America/Los_Angeles
jpl,1_1_179_810_2019-10-16 13:40:51.021607,1-1-179-810,AG-3F30,2019-10-16 06:40:51-07:00,2019-10-16 11:15:07-07:00,2019-10-16 11:16:07-07:00,19.344,32.0,80.0,259.0,America/Los_Angeles
jpl,1_1_179_794_2019-10-16 13:51:39.093041,1-1-179-794,AG-3F20,2019-10-16 06:51:39-07:00,2019-10-16 16:49:39-07:00,2019-10-16 16:25:46-07:00,10.656,20.0,50.0,573.0,America/Los_Angeles
jpl,1_1_194_818_2019-10-16 13:52:34.905748,1-1-194-818,AG-1F14,2019-10-16 06:52:59-07:00,2019-10-16 16:08:10-07:00,2019-10-16 13:44:44-07:00,32.029,32.0,160.0,567.0,America/Los_Angeles
jpl,1_1_193_816_2019-10-16 13:56:38.662688,1-1-193-816,AG-1F05,2019-10-16 06:56:39-07:00,2019-10-16 17:40:10-07:00,2019-10-16 12:10:16-07:00,12.377,15.0,40.0,536.0,America/Los_Angeles
jpl,1_1_179_791_2019-10-16 13:56:35.656798,1-1-179-791,AG-3F26,2019-10-16 06:57:07-07:00,2019-10-16 15:42:48-07:00,2019-10-16 11:10:03-07:00,23.416,72.0,180.0,619.0,America/Los_Angeles
jpl,1_1_179_781_2019-10-16 13:57:41.671360,1-1-179-781,AG-3F31,2019-10-16 06:57:42-07:00,2019-10-16 18:45:54-07:00,2019-10-16 12:36:48-07:00,34.58,40.04,140.0,720.0,America/Los_Angeles
jpl,1_1_193_820_2019-10-16 13:58:16.493569,1-1-193-820,AG-1F04,2019-10-16 06:58:16-07:00,2019-10-16 15:32:44-07:00,2019-10-16 15:11:36-07:00,0.752,0.0,0.0,0.0,America/Los_Angeles
jpl,1_1_179_777_2019-10-16 14:02:12.026886,1-1-179-777,AG-3F28,2019-10-16 07:02:24-07:00,2019-10-16 15:02:19-07:00,2019-10-16 13:39:50-07:00,13.186,15.0,60.0,480.0,America/Los_Angeles
jpl,1_1_191_780_2019-10-16 14:03:45.533525,1-1-191-780,AG-4F45,2019-10-16 07:03:46-07:00,2019-10-16 16:39:06-07:00,2019-10-16 11:53:41-07:00,14.292,32.0,80.0,530.0,America/Los_Angeles
jpl,1_1_179_783_2019-10-16 14:05:16.587385,1-1-179-783,AG-3F29,2019-10-16 07:05:17-07:00,2019-10-16 15:01:30-07:00,2019-10-16 08:59:14-07:00,2.944,5.0,10.0,463.0,America/Los_Angeles
jpl,1_1_179_798_2019-10-16 14:05:28.901055,1-1-179-798,AG-3F18,2019-10-16 07:05:29-07:00,2019-10-16 15:47:50-07:00,2019-10-16 10:28:31-07:00,7.949,16.0,40.0,592.0,America/Los_Angeles
jpl,1_1_179_787_2019-10-16 14:07:20.161591,1-1-179-787,AG-3F16,2019-10-16 07:07:20-07:00,2019-10-16 09:09:44-07:00,2019-10-16 09:10:44-07:00,4.082,12.0,30.0,147.0,America/Los_Angeles
jpl,1_1_179_779_2019-10-16 14:12:22.453213,1-1-179-779,AG-3F17,2019-10-16 07:12:22-07:00,2019-10-16 11:22:37-07:00,2019-10-16 11:23:36-07:00,12.075,120.0,200.0,257.0,America/Los_Angeles
jpl,1_1_179_813_2019-10-16 14:12:50.446290,1-1-179-813,AG-3F15,2019-10-16 07:12:50-07:00,2019-10-16 18:08:50-07:00,2019-10-16 12:45:19-07:00,10.994,11.12,40.0,473.0,America/Los_Angeles
jpl,1_1_179_801_2019-10-16 14:13:48.781979,1-1-179-801,AG-3F21,2019-10-16 07:14:01-07:00,2019-10-16 16:30:35-07:00,2019-10-16 16:15:58-07:00,15.051,20.0,50.0,531.0,America/Los_Angeles
jpl,1_1_191_802_2019-10-16 14:16:08.904877,1-1-191-802,AG-4F44,2019-10-16 07:16:09-07:00,2019-10-16 18:24:57-07:00,2019-10-16 11:36:50-07:00,7.364,12.0,30.0,594.0,America/Los_Angeles
jpl,1_1_191_811_2019-10-16 14:18:38.484909,1-1-191-811,AG-4F42,2019-10-16 07:18:38-07:00,2019-10-16 16:32:07-07:00,2019-10-16 14:23:04-07:00,41.371,48.0,120.0,586.0,America/Los_Angeles
jpl,1_1_179_790_2019-10-16 14:19:10.840854,1-1-179-790,AG-3F19,2019-10-16 07:19:11-07:00,2019-10-16 17:03:59-07:00,2019-10-16 11:05:51-07:00,12.738,24.0,60.0,305.0,America/Los_Angeles
jpl,1_1_191_803_2019-10-16 14:19:50.561103,1-1-191-803,AG-4F49,2019-10-16 07:19:51-07:00,2019-10-16 17:30:16-07:00,2019-10-16 15:35:24-07:00,35.026,35.0,140.0,468.0,America/Los_Angeles
jpl,1_1_179_788_2019-10-16 14:20:21.825085,1-1-179-788,AG-3F22,2019-10-16 07:20:22-07:00,2019-10-16 16:20:27-07:00,2019-10-16 15:47:17-07:00,52.281,60.0,150.0,540.0,America/Los_Angeles
jpl,1_1_191_778_2019-10-16 14:20:23.521182,1-1-191-778,AG-4F43,2019-10-16 07:20:24-07:00,2019-10-16 16:38:12-07:00,2019-10-16 16:19:30-07:00,12.077,40.0,100.0,558.0,America/Los_Angeles
jpl,1_1_191_785_2019-10-16 14:22:45.505280,1-1-191-785,AG-4F48,2019-10-16 07:22:45-07:00,2019-10-16 16:50:13-07:00,2019-10-16 12:00:12-07:00,15.394,36.0,90.0,604.0,America/Los_Angeles
jpl,1_1_191_795_2019-10-16 14:26:04.601858,1-1-191-795,AG-4F51,2019-10-16 07:26:05-07:00,2019-10-16 11:05:23-07:00,2019-10-16 09:45:12-07:00,7.154,40.0,100.0,280.0,America/Los_Angeles
jpl,1_1_191_782_2019-10-16 14:26:19.930651,1-1-191-782,AG-4F50,2019-10-16 07:26:20-07:00,2019-10-16 17:30:34-07:00,2019-10-16 11:18:31-07:00,7.431,8.0,20.0,607.0,America/Los_Angeles
jpl,1_1_191_807_2019-10-16 14:26:20.558040,1-1-191-807,AG-4F47,2019-10-16 07:26:21-07:00,2019-10-16 16:18:40-07:00,2019-10-16 14:36:41-07:00,42.123,102.74,220.0,627.0,America/Los_Angeles
jpl,1_1_191_812_2019-10-16 14:27:56.714156,1-1-191-812,AG-4F46,2019-10-16 07:28:06-07:00,2019-10-16 11:48:08-07:00,2019-10-16 11:49:08-07:00,11.191,73.5,210.0,597.0,America/Los_Angeles
jpl,1_1_191_786_2019-10-16 14:32:14.611544,1-1-191-786,AG-4F36,2019-10-16 07:32:15-07:00,2019-10-16 17:27:33-07:00,2019-10-16 12:44:41-07:00,14.594,27.0,60.0,414.0,America/Los_Angeles
jpl,1_1_191_784_2019-10-16 14:32:35.681533,1-1-191-784,AG-4F40,2019-10-16 07:32:36-07:00,2019-10-16 09:05:40-07:00,2019-10-16 08:43:36-07:00,0.773,0.0,0.0,0.0,America/Los_Angeles
jpl,1_1_191_793_2019-10-16 14:33:37.630508,1-1-191-793,AG-4F38,2019-10-16 07:33:38-07:00,2019-10-16 11:52:16-07:00,2019-10-16 11:46:22-07:00,10.537,17.52,60.0,177.0,America/Los_Angeles
jpl,1_1_191_792_2019-10-16 14:35:49.427381,1-1-191-792,AG-4F37,2019-10-16 07:35:49-07:00,2019-10-16 15:34:53-07:00,2019-10-16 15:35:53-07:00,43.483,42.0,140.0,260.0,America/Los_Angeles
jpl,1_1_191_806_2019-10-16 14:36:38.150700,1-1-191-806,AG-4F41,2019-10-16 07:36:38-07:00,2019-10-16 18:18:27-07:00,2019-10-16 16:06:23-07:00,9.11,20.0,50.0,650.0,America/Los_Angeles
jpl,1_1_191_805_2019-10-16 14:36:44.008422,1-1-191-805,AG-4F39,2019-10-16 07:36:44-07:00,2019-10-16 16:25:43-07:00,2019-10-16 15:27:36-07:00,41.796,68.0,170.0,534.0,America/Los_Angeles
jpl,1_1_191_784_2019-10-16 16:05:47.745544,1-1-191-784,AG-4F40,2019-10-16 09:05:48-07:00,2019-10-16 16:56:23-07:00,2019-10-16 11:07:19-07:00,12.523,48.0,120.0,574.0,America/Los_Angeles
jpl,1_1_179_787_2019-10-16 16:15:07.220927,1-1-179-787,AG-3F16,2019-10-16 09:15:07-07:00,2019-10-16 12:47:20-07:00,2019-10-16 12:48:19-07:00,21.674,75.0,300.0,465.0,America/Los_Angeles
jpl,1_1_178_828_2019-10-16 16:52:40.590401,1-1-178-828,AG-1F10,2019-10-16 09:52:41-07:00,2019-10-16 13:12:31-07:00,2019-10-16 11:58:11-07:00,7.462,20.0,50.0,197.0,America/Los_Angeles
jpl,1_1_179_810_2019-10-16 18:22:44.430289,1-1-179-810,AG-3F30,2019-10-16 11:22:44-07:00,2019-10-16 16:15:16-07:00,2019-10-16 15:56:06-07:00,5.528,12.0,30.0,266.0,America/Los_Angeles
jpl,1_1_179_779_2019-10-16 18:56:37.900876,1-1-179-779,AG-3F17,2019-10-16 11:56:38-07:00,2019-10-16 17:02:34-07:00,2019-10-16 15:15:27-07:00,14.786,24.0,60.0,295.0,America/Los_Angeles
jpl,1_1_179_809_2019-10-16 19:03:54.595727,1-1-179-809,AG-3F27,2019-10-16 12:03:55-07:00,2019-10-16 16:26:52-07:00,2019-10-16 15:24:10-07:00,17.536,120.0,200.0,250.0,America/Los_Angeles
jpl,1_1_191_804_2019-10-16 19:13:40.820450,1-1-191-804,AG-4F34,2019-10-16 12:14:52-07:00,2019-10-16 16:46:59-07:00,2019-10-16 14:17:27-07:00,11.711,20.0,50.0,264.0,America/Los_Angeles
jpl,1_1_191_795_2019-10-16 19:17:42.790535,1-1-191-795,AG-4F51,2019-10-16 12:17:57-07:00,2019-10-16 19:13:22-07:00,2019-10-16 15:03:52-07:00,6.853,9.0,30.0,267.0,America/Los_Angeles
jpl,1_1_179_800_2019-10-16 19:27:33.042374,1-1-179-800,AG-3F32,2019-10-16 12:27:33-07:00,2019-10-16 17:18:46-07:00,2019-10-16 17:19:46-07:00,15.776,20.0,50.0,243.0,America/Los_Angeles
jpl,1_1_191_793_2019-10-16 19:34:22.308424,1-1-191-793,AG-4F38,2019-10-16 12:34:22-07:00,2019-10-16 17:41:33-07:00,2019-10-16 14:13:33-07:00,9.343,20.0,50.0,273.0,America/Los_Angeles
jpl,1_1_191_812_2019-10-16 19:37:16.516254,1-1-191-812,AG-4F46,2019-10-16 12:37:39-07:00,2019-10-16 16:02:50-07:00,2019-10-16 14:40:21-07:00,12.64,45.0,180.0,484.0,America/Los_Angeles
jpl,1_1_179_787_2019-10-16 19:53:38.189361,1-1-179-787,AG-3F16,2019-10-16 12:53:38-07:00,2019-10-16 14:55:20-07:00,2019-10-16 13:43:06-07:00,1.631,8.0,20.0,60.0,America/Los_Angeles
jpl,1_1_178_828_2019-10-16 20:15:59.884186,1-1-178-828,AG-1F10,2019-10-16 13:16:00-07:00,2019-10-16 20:42:37-07:00,2019-10-16 17:19:05-07:00,12.01,16.0,40.0,393.0,America/Los_Angeles
jpl,1_1_193_819_2019-10-16 21:04:25.161910,1-1-193-819,AG-1F06,2019-10-16 14:04:25-07:00,2019-10-16 15:11:25-07:00,2019-10-16 14:20:25-07:00,0.984,16.0,40.0,191.0,America/Los_Angeles
jpl,1_1_179_777_2019-10-16 22:11:14.984647,1-1-179-777,AG-3F28,2019-10-16 15:11:15-07:00,2019-10-16 18:56:51-07:00,2019-10-16 18:57:51-07:00,24.372,56.0,140.0,422.0,America/Los_Angeles
jpl,1_1_193_819_2019-10-16 22:18:53.999532,1-1-193-819,AG-1F06,2019-10-16 15:18:54-07:00,2019-10-16 18:00:52-07:00,2019-10-16 16:55:55-07:00,0.843,0.0,0.0,0.0,America/Los_Angeles
jpl,1_1_194_821_2019-10-16 22:20:27.548794,1-1-194-821,AG-1F13,2019-10-16 15:20:28-07:00,2019-10-16 19:54:56-07:00,2019-10-16 19:55:56-07:00,28.913,35.0,140.0,316.0,America/Los_Angeles
jpl,1_1_179_799_2019-10-16 22:22:01.663850,1-1-179-799,AG-3F25,2019-10-16 15:22:02-07:00,2019-10-16 19:08:10-07:00,2019-10-16 17:40:33-07:00,14.014,14.0,40.0,220.0,America/Los_Angeles
jpl,1_1_178_824_2019-10-16 22:50:33.319448,1-1-178-824,AG-1F07,2019-10-16 15:50:33-07:00,2019-10-16 17:52:15-07:00,2019-10-16 17:53:15-07:00,12.21,40.0,100.0,129.0,America/Los_Angeles
jpl,1_1_178_823_2019-10-16 22:59:41.415227,1-1-178-823,AG-1F08,2019-10-16 15:59:41-07:00,2019-10-16 18:35:37-07:00,2019-10-16 18:06:20-07:00,6.533,10.0,20.0,369.0,America/Los_Angeles
jpl,1_1_193_819_2019-10-17 01:09:31.878113,1-1-193-819,AG-1F06,2019-10-16 18:09:32-07:00,2019-10-17 02:03:55-07:00,2019-10-16 19:58:02-07:00,5.544,8.0,20.0,157.0,America/Los_Angeles
jpl,1_1_194_821_2019-10-17 10:54:14.987473,1-1-194-821,AG-1F13,2019-10-17 03:54:15-07:00,2019-10-17 13:24:20-07:00,2019-10-17 06:42:12-07:00,9.453,16.0,40.0,169.0,America/Los_Angeles
jpl,1_1_193_825_2019-10-17 12:00:46.258218,1-1-193-825,AG-1F01,2019-10-17 05:00:46-07:00,2019-10-17 14:37:06-07:00,2019-10-17 07:19:30-07:00,6.326,8.0,20.0,60.0,America/Los_Angeles
jpl,1_1_194_826_2019-10-17 12:21:49.033769,1-1-194-826,AG-1F11,2019-10-17 05:21:49-07:00,2019-10-17 16:33:02-07:00,2019-10-17 12:20:43-07:00,15.72,20.0,50.0,652.0,America/Los_Angeles
jpl,1_1_191_789_2019-10-17 12:37:28.103207,1-1-191-789,AG-4F52,2019-10-17 05:37:28-07:00,2019-10-17 15:43:05-07:00,2019-10-17 07:37:17-07:00,5.711,8.0,20.0,60.0,America/Los_Angeles
jpl,1_1_178_823_2019-10-17 12:42:38.316266,1-1-178-823,AG-1F08,2019-10-17 05:42:38-07:00,2019-10-17 15:35:03-07:00,2019-10-17 10:58:22-07:00,10.094,12.0,20.0,607.0,America/Los_Angeles
jpl,1_1_178_828_2019-10-17 12:54:22.688104,1-1-178-828,AG-1F10,2019-10-17 05:54:23-07:00,2019-10-17 14:34:45-07:00,2019-10-17 13:22:47-07:00,31.317,64.0,160.0,577.0,America/Los_Angeles
jpl,1_1_179_799_2019-10-17 13:01:47.662857,1-1-179-799,AG-3F25,2019-10-17 06:01:48-07:00,2019-10-17 15:24:20-07:00,2019-10-17 11:16:24-07:00,21.361,22.5,100.0,544.0,America/Los_Angeles
jpl,1_1_193_819_2019-10-17 13:02:59.699340,1-1-193-819,AG-1F06,2019-10-17 06:03:00-07:00,2019-10-17 15:02:25-07:00,2019-10-17 12:16:27-07:00,13.011,16.0,40.0,383.0,America/Los_Angeles
jpl,1_1_178_817_2019-10-17 13:06:31.494272,1-1-178-817,AG-1F09,2019-10-17 06:06:31-07:00,2019-10-17 14:38:42-07:00,2019-10-17 11:21:32-07:00,26.829,33.3,100.0,620.0,America/Los_Angeles
jpl,1_1_179_809_2019-10-17 13:15:23.079912,1-1-179-809,AG-3F27,2019-10-17 06:15:44-07:00,2019-10-17 12:09:40-07:00,2019-10-17 10:12:18-07:00,19.049,32.0,80.0,530.0,America/Los_Angeles
jpl,1_1_193_829_2019-10-17 13:16:09.815505,1-1-193-829,AG-1F03,2019-10-17 06:16:10-07:00,2019-10-17 16:08:46-07:00,2019-10-17 10:40:28-07:00,12.971,40.0,100.0,591.0,America/Los_Angeles
jpl,1_1_194_822_2019-10-17 13:17:19.939124,1-1-194-822,AG-1F12,2019-10-17 06:17:20-07:00,2019-10-17 15:40:51-07:00,2019-10-17 13:33:15-07:00,14.189,13.32,40.0,521.0,America/Los_Angeles
jpl,1_1_179_815_2019-10-17 13:17:24.742533,1-1-179-815,AG-3F33,2019-10-17 06:17:25-07:00,2019-10-17 16:46:52-07:00,2019-10-17 08:05:09-07:00,4.554,8.05,23.0,554.0,America/Los_Angeles
jpl,1_1_191_804_2019-10-17 13:17:52.859389,1-1-191-804,AG-4F34,2019-10-17 06:18:10-07:00,2019-10-17 16:12:59-07:00,2019-10-17 11:21:22-07:00,28.486,45.0,180.0,484.0,America/Los_Angeles
jpl,1_1_178_824_2019-10-17 13:22:37.365340,1-1-178-824,AG-1F07,2019-10-17 06:22:37-07:00,2019-10-17 15:50:33-07:00,2019-10-17 06:55:52-07:00,0.819,0.0,0.0,0.0,America/Los_Angeles
jpl,1_1_193_827_2019-10-17 13:26:29.544477,1-1-193-827,AG-1F02,2019-10-17 06:26:30-07:00,2019-10-17 15:39:14-07:00,2019-10-17 11:09:32-07:00,8.139,12.0,30.0,531.0,America/Los_Angeles
jpl,1_1_193_820_2019-10-17 13:29:30.424153,1-1-193-820,AG-1F04,2019-10-17 06:29:30-07:00,2019-10-17 12:13:32-07:00,2019-10-17 09:42:21-07:00,13.644,20.0,50.0,181.0,America/Los_Angeles
jpl,1_1_191_785_2019-10-17 13:30:24.657315,1-1-191-785,AG-4F48,2019-10-17 06:30:25-07:00,2019-10-17 16:48:11-07:00,2019-10-17 09:01:29-07:00,7.674,12.0,30.0,594.0,America/Los_Angeles
jpl,1_1_179_800_2019-10-17 13:33:32.720459,1-1-179-800,AG-3F32,2019-10-17 06:33:33-07:00,2019-10-17 12:59:01-07:00,2019-10-17 11:40:26-07:00,29.356,40.0,100.0,720.0,America/Los_Angeles
jpl,1_1_179_796_2019-10-17 13:36:04.505596,1-1-179-796,AG-3F24,2019-10-17 06:36:04-07:00,2019-10-17 16:59:42-07:00,2019-10-17 16:41:43-07:00,23.209,35.01,90.0,562.0,America/Los_Angeles
jpl,1_1_179_797_2019-10-17 13:38:26.144020,1-1-179-797,AG-3F23,2019-10-17 06:38:26-07:00,2019-10-17 16:16:09-07:00,2019-10-17 11:22:50-07:00,13.441,12.0,20.0,618.0,America/Los_Angeles
jpl,1_1_179_791_2019-10-17 13:41:36.623950,1-1-179-791,AG-3F26,2019-10-17 06:41:37-07:00,2019-10-17 15:55:25-07:00,2019-10-17 11:34:25-07:00,14.564,19.98,60.0,553.0,America/Los_Angeles
jpl,1_1_179_810_2019-10-17 13:43:55.660967,1-1-179-810,AG-3F30,2019-10-17 06:43:56-07:00,2019-10-17 16:37:40-07:00,2019-10-17 13:54:35-07:00,42.006,40.0,160.0,595.0,America/Los_Angeles
jpl,1_1_179_788_2019-10-17 13:45:34.275903,1-1-179-788,AG-3F22,2019-10-17 06:45:34-07:00,2019-10-17 16:54:56-07:00,2019-10-17 08:05:09-07:00,5.165,32.0,80.0,60.0,America/Los_Angeles
jpl,1_1_193_816_2019-10-17 13:45:27.580104,1-1-193-816,AG-1F05,2019-10-17 06:45:45-07:00,2019-10-17 10:52:50-07:00,2019-10-17 10:53:49-07:00,20.137,72.0,180.0,619.0,America/Los_Angeles
jpl,1_1_194_818_2019-10-17 13:49:34.126232,1-1-194-818,AG-1F14,2019-10-17 06:49:34-07:00,2019-10-17 17:53:50-07:00,2019-10-17 11:03:22-07:00,6.541,12.0,30.0,613.0,America/Los_Angeles
jpl,1_1_179_777_2019-10-17 13:50:50.423125,1-1-179-777,AG-3F28,2019-10-17 06:50:50-07:00,2019-10-17 12:24:41-07:00,2019-10-17 11:33:17-07:00,12.013,15.0,40.0,536.0,America/Los_Angeles
jpl,1_1_179_794_2019-10-17 14:02:05.793272,1-1-179-794,AG-3F20,2019-10-17 07:02:06-07:00,2019-10-17 20:53:31-07:00,2019-10-17 15:07:01-07:00,11.21,20.0,50.0,573.0,America/Los_Angeles
jpl,1_1_191_780_2019-10-17 14:04:28.802265,1-1-191-780,AG-4F45,2019-10-17 07:04:29-07:00,2019-10-17 16:35:33-07:00,2019-10-17 09:36:36-07:00,13.738,32.0,80.0,530.0,America/Los_Angeles
jpl,1_1_179_787_2019-10-17 14:04:28.425201,1-1-179-787,AG-3F16,2019-10-17 07:04:57-07:00,2019-10-17 16:31:21-07:00,2019-10-17 16:29:35-07:00,16.122,15.0,50.0,554.0,America/Los_Angeles
jpl,1_1_179_781_2019-10-17 14:05:02.801008,1-1-179-781,AG-3F31,2019-10-17 07:05:03-07:00,2019-10-17 18:22:27-07:00,2019-10-17 16:42:58-07:00,8.059,8.0,20.0,60.0,America/Los_Angeles
jpl,1_1_191_803_2019-10-17 14:09:47.477092,1-1-191-803,AG-4F49,2019-10-17 07:09:47-07:00,2019-10-17 12:45:33-07:00,2019-10-17 11:14:00-07:00,22.602,48.0,120.0,604.0,America/Los_Angeles
jpl,1_1_179_801_2019-10-17 14:10:40.706084,1-1-179-801,AG-3F21,2019-10-17 07:10:41-07:00,2019-10-17 16:52:44-07:00,2019-10-17 16:30:36-07:00,19.779,40.0,100.0,558.0,America/Los_Angeles
jpl,1_1_191_792_2019-10-17 14:15:32.189100,1-1-191-792,AG-4F37,2019-10-17 07:15:32-07:00,2019-10-17 12:12:20-07:00,2019-10-17 10:02:12-07:00,8.594,8.0,20.0,249.0,America/Los_Angeles
jpl,1_1_179_798_2019-10-17 14:18:45.559586,1-1-179-798,AG-3F18,2019-10-17 07:18:46-07:00,2019-10-17 16:17:08-07:00,2019-10-17 09:55:38-07:00,5.141,6.66,20.0,493.0,America/Los_Angeles
jpl,1_1_179_790_2019-10-17 14:20:09.201318,1-1-179-790,AG-3F19,2019-10-17 07:20:22-07:00,2019-10-17 12:19:04-07:00,2019-10-17 12:03:35-07:00,14.086,17.5,70.0,466.0,America/Los_Angeles
jpl,1_1_179_783_2019-10-17 14:20:46.103575,1-1-179-783,AG-3F29,2019-10-17 07:20:46-07:00,2019-10-17 14:37:48-07:00,2019-10-17 09:37:21-07:00,3.21,5.0,10.0,463.0,America/Los_Angeles
jpl,1_1_179_779_2019-10-17 14:20:58.885308,1-1-179-779,AG-3F17,2019-10-17 07:20:59-07:00,2019-10-17 17:05:08-07:00,2019-10-17 11:53:18-07:00,16.451,20.0,50.0,194.0,America/Los_Angeles
jpl,1_1_191_795_2019-10-17 14:25:32.604975,1-1-191-795,AG-4F51,2019-10-17 07:25:33-07:00,2019-10-17 18:53:55-07:00,2019-10-17 11:39:09-07:00,11.804,20.0,50.0,513.0,America/Los_Angeles
jpl,1_1_191_784_2019-10-17 14:25:57.633227,1-1-191-784,AG-4F40,2019-10-17 07:25:58-07:00,2019-10-17 17:03:13-07:00,2019-10-17 10:26:08-07:00,7.796,16.0,40.0,650.0,America/Los_Angeles
jpl,1_1_191_805_2019-10-17 14:28:35.259585,1-1-191-805,AG-4F39,2019-10-17 07:28:35-07:00,2019-10-17 13:19:42-07:00,2019-10-17 12:26:31-07:00,13.446,16.65,50.0,267.0,America/Los_Angeles
jpl,1_1_191_802_2019-10-17 14:28:45.836593,1-1-191-802,AG-4F44,2019-10-17 07:28:46-07:00,2019-10-17 12:34:45-07:00,2019-10-17 12:23:24-07:00,15.021,32.0,80.0,426.0,America/Los_Angeles
jpl,1_1_191_811_2019-10-17 14:32:06.697487,1-1-191-811,AG-4F42,2019-10-17 07:32:07-07:00,2019-10-17 17:48:30-07:00,2019-10-17 10:12:18-07:00,6.141,9.99,30.0,304.0,America/Los_Angeles
jpl,1_1_179_813_2019-10-17 14:40:01.859607,1-1-179-813,AG-3F15,2019-10-17 07:40:02-07:00,2019-10-17 17:04:28-07:00,2019-10-17 10:03:11-07:00,5.689,8.0,20.0,60.0,America/Los_Angeles
jpl,1_1_191_812_2019-10-17 14:42:50.651744,1-1-191-812,AG-4F46,2019-10-17 07:42:51-07:00,2019-10-17 16:48:01-07:00,2019-10-17 16:38:15-07:00,15.753,17.5,70.0,252.0,America/Los_Angeles
jpl,1_1_191_786_2019-10-17 14:44:00.227779,1-1-191-786,AG-4F36,2019-10-17 07:44:00-07:00,2019-10-17 12:51:03-07:00,2019-10-17 12:17:57-07:00,17.53,17.5,50.0,629.0,America/Los_Angeles
jpl,1_1_191_782_2019-10-17 14:50:42.855651,1-1-191-782,AG-4F50,2019-10-17 07:50:43-07:00,2019-10-17 16:58:08-07:00,2019-10-17 12:01:20-07:00,11.72,30.0,60.0,60.0,America/Los_Angeles
jpl,1_1_191_778_2019-10-17 14:55:34.037561,1-1-191-778,AG-4F43,2019-10-17 07:55:53-07:00,2019-10-17 16:25:48-07:00,2019-10-17 11:24:09-07:00,11.937,20.0,50.0,466.0,America/Los_Angeles
jpl,1_1_191_793_2019-10-17 14:57:19.689301,1-1-191-793,AG-4F38,2019-10-17 07:57:20-07:00,2019-10-17 17:14:37-07:00,2019-10-17 10:53:36-07:00,5.119,8.0,20.0,364.0,America/Los_Angeles
jpl,1_1_191_807_2019-10-17 15:09:46.651010,1-1-191-807,AG-4F47,2019-10-17 08:09:47-07:00,2019-10-17 10:44:30-07:00,2019-10-17 10:45:29-07:00,13.836,44.0,110.0,289.0,America/Los_Angeles
jpl,1_1_191_807_2019-10-17 17:50:51.712713,1-1-191-807,AG-4F47,2019-10-17 10:50:52-07:00,2019-10-17 14:43:53-07:00,2019-10-17 13:08:44-07:00,13.565,24.0,60.0,220.0,America/Los_Angeles
jpl,1_1_193_816_2019-10-17 18:08:27.902117,1-1-193-816,AG-1F05,2019-10-17 11:08:28-07:00,2019-10-17 16:14:27-07:00,2019-10-17 13:03:52-07:00,10.237,32.0,80.0,303.0,America/Los_Angeles
jpl,1_1_179_809_2019-10-17 19:14:12.250820,1-1-179-809,AG-3F27,2019-10-17 12:14:12-07:00,2019-10-17 18:52:09-07:00,2019-10-17 16:16:31-07:00,6.182,8.0,20.0,391.0,America/Los_Angeles
jpl,1_1_193_820_2019-10-17 19:18:47.031836,1-1-193-820,AG-1F04,2019-10-17 12:18:47-07:00,2019-10-17 15:57:34-07:00,2019-10-17 13:56:35-07:00,9.199,20.0,50.0,273.0,America/Los_Angeles
jpl,1_1_191_792_2019-10-17 19:23:34.407821,1-1-191-792,AG-4F37,2019-10-17 12:23:34-07:00,2019-10-17 18:28:29-07:00,2019-10-17 15:41:44-07:00,10.401,12.0,30.0,60.0,America/Los_Angeles
jpl,1_1_179_777_2019-10-17 19:30:11.730280,1-1-179-777,AG-3F28,2019-10-17 12:30:12-07:00,2019-10-17 23:05:53-07:00,2019-10-17 16:49:50-07:00,27.357,45.8,200.0,620.0,America/Los_Angeles
jpl,1_1_179_790_2019-10-17 19:32:51.879428,1-1-179-790,AG-3F19,2019-10-17 12:32:52-07:00,2019-10-17 17:51:40-07:00,2019-10-17 17:15:06-07:00,29.011,32.0,80.0,309.0,America/Los_Angeles
jpl,1_1_191_802_2019-10-17 19:51:46.102435,1-1-191-802,AG-4F44,2019-10-17 12:51:46-07:00,2019-10-17 16:23:51-07:00,2019-10-17 16:07:58-07:00,14.2,72.0,180.0,619.0,America/Los_Angeles
jpl,1_1_191_786_2019-10-17 19:51:57.714233,1-1-191-786,AG-4F36,2019-10-17 12:51:58-07:00,2019-10-17 16:05:31-07:00,2019-10-17 16:06:31-07:00,9.843,16.0,40.0,393.0,America/Los_Angeles
jpl,1_1_191_803_2019-10-17 19:57:01.887799,1-1-191-803,AG-4F49,2019-10-17 12:57:02-07:00,2019-10-17 14:22:48-07:00,2019-10-17 14:23:48-07:00,8.636,24.0,60.0,237.0,America/Los_Angeles
jpl,1_1_179_800_2019-10-17 20:09:39.142152,1-1-179-800,AG-3F32,2019-10-17 13:09:39-07:00,2019-10-17 17:06:37-07:00,2019-10-17 16:27:06-07:00,14.237,24.0,60.0,222.0,America/Los_Angeles
jpl,1_1_194_821_2019-10-17 20:30:46.555954,1-1-194-821,AG-1F13,2019-10-17 13:30:47-07:00,2019-10-17 19:39:26-07:00,2019-10-17 16:46:07-07:00,10.193,20.0,50.0,259.0,America/Los_Angeles
jpl,1_1_191_805_2019-10-17 20:53:43.010570,1-1-191-805,AG-4F39,2019-10-17 13:53:56-07:00,2019-10-17 17:24:49-07:00,2019-10-17 17:11:18-07:00,20.157,40.0,100.0,210.0,America/Los_Angeles
jpl,1_1_191_803_2019-10-17 21:31:48.391919,1-1-191-803,AG-4F49,2019-10-17 14:31:48-07:00,2019-10-17 16:09:05-07:00,2019-10-17 16:10:04-07:00,9.982,15.0,60.0,149.0,America/Los_Angeles
jpl,1_1_179_783_2019-10-17 21:44:21.748455,1-1-179-783,AG-3F29,2019-10-17 14:44:22-07:00,2019-10-17 21:16:00-07:00,2019-10-17 21:17:00-07:00,40.824,35.0,140.0,306.0,America/Los_Angeles
jpl,1_1_191_807_2019-10-17 21:56:39.040887,1-1-191-807,AG-4F47,2019-10-17 14:56:54-07:00,2019-10-17 17:08:46-07:00,2019-10-17 17:09:46-07:00,13.907,24.0,60.0,124.0,America/Los_Angeles
jpl,1_1_178_828_2019-10-17 22:01:29.071547,1-1-178-828,AG-1F10,2019-10-17 15:01:29-07:00,2019-10-17 17:03:07-07:00,2019-10-17 17:04:07-07:00,6.661,8.0,20.0,90.0,America/Los_Angeles
jpl,1_1_178_823_2019-10-17 22:41:05.881458,1-1-178-823,AG-1F08,2019-10-17 15:41:06-07:00,2019-10-17 16:01:53-07:00,2019-10-17 16:02:51-07:00,0.599,0.0,0.0,0.0,America/Los_Angeles
jpl,1_1_178_817_2019-10-17 22:46:50.482995,1-1-178-817,AG-1F09,2019-10-17 15:46:50-07:00,2019-10-17 17:32:20-07:00,2019-10-17 17:33:20-07:00,10.945,44.0,110.0,116.0,America/Los_Angeles
jpl,1_1_193_825_2019-10-17 23:26:23.139433,1-1-193-825,AG-1F01,2019-10-17 16:26:23-07:00,2019-10-17 17:55:23-07:00,2019-10-17 17:56:23-07:00,8.683,32.0,80.0,96.0,America/Los_Angeles
jpl,1_1_193_820_2019-10-17 23:28:10.265640,1-1-193-820,AG-1F04,2019-10-17 16:28:22-07:00,2019-10-17 19:22:56-07:00,2019-10-17 18:42:25-07:00,13.15,20.0,50.0,264.0,America/Los_Angeles
jpl,1_1_178_823_2019-10-18 02:53:57.390218,1-1-178-823,AG-1F08,2019-10-17 19:53:57-07:00,2019-10-18 02:02:09-07:00,2019-10-17 21:43:31-07:00,5.625,8.0,20.0,157.0,America/Los_Angeles
jpl,1_1_194_821_2019-10-18 10:51:56.831877,1-1-194-821,AG-1F13,2019-10-18 03:51:57-07:00,2019-10-18 13:46:52-07:00,2019-10-18 07:05:50-07:00,9.552,16.0,40.0,169.0,America/Los_Angeles
jpl,1_1_194_826_2019-10-18 12:15:42.212251,1-1-194-826,AG-1F11,2019-10-18 05:15:42-07:00,2019-10-18 15:58:22-07:00,2019-10-18 10:38:16-07:00,13.139,20.0,50.0,652.0,America/Los_Angeles
jpl,1_1_193_819_2019-10-18 12:26:51.413902,1-1-193-819,AG-1F06,2019-10-18 05:26:51-07:00,2019-10-18 10:26:05-07:00,2019-10-18 05:59:31-07:00,0.707,0.0,0.0,0.0,America/Los_Angeles
jpl,1_1_178_817_2019-10-18 12:27:10.445134,1-1-178-817,AG-1F09,2019-10-18 05:27:10-07:00,2019-10-18 10:26:01-07:00,2019-10-18 10:27:00-07:00,19.234,33.3,100.0,620.0,America/Los_Angeles
jpl,1_1_193_825_2019-10-18 12:33:08.562711,1-1-193-825,AG-1F01,2019-10-18 05:33:09-07:00,2019-10-18 14:05:54-07:00,2019-10-18 07:49:10-07:00,6.337,8.0,20.0,60.0,America/Los_Angeles
jpl,1_1_194_822_2019-10-18 12:35:49.223024,1-1-194-822,AG-1F12,2019-10-18 05:35:49-07:00,2019-10-18 15:32:27-07:00,2019-10-18 11:39:42-07:00,14.265,13.32,40.0,521.0,America/Los_Angeles
jpl,1_1_191_789_2019-10-18 12:37:00.719668,1-1-191-789,AG-4F52,2019-10-18 05:37:01-07:00,2019-10-18 14:16:08-07:00,2019-10-18 07:38:47-07:00,5.761,8.0,20.0,60.0,America/Los_Angeles
jpl,1_1_178_828_2019-10-18 12:37:55.761206,1-1-178-828,AG-1F10,2019-10-18 05:38:17-07:00,2019-10-18 15:22:34-07:00,2019-10-18 12:21:42-07:00,41.561,80.0,200.0,543.0,America/Los_Angeles
jpl,1_1_178_823_2019-10-18 12:42:25.927076,1-1-178-823,AG-1F08,2019-10-18 05:42:26-07:00,2019-10-18 16:02:38-07:00,2019-10-18 10:52:42-07:00,10.317,12.0,20.0,607.0,America/Los_Angeles
jpl,1_1_179_783_2019-10-18 12:45:47.785228,1-1-179-783,AG-3F29,2019-10-18 05:45:48-07:00,2019-10-18 16:43:31-07:00,2019-10-18 06:53:04-07:00,2.948,8.0,20.0,520.0,America/Los_Angeles
jpl,1_1_193_820_2019-10-18 12:50:09.682470,1-1-193-820,AG-1F04,2019-10-18 05:50:10-07:00,2019-10-18 09:44:30-07:00,2019-10-18 09:33:45-07:00,13.529,20.0,50.0,181.0,America/Los_Angeles
jpl,1_1_179_799_2019-10-18 12:53:33.005412,1-1-179-799,AG-3F25,2019-10-18 05:53:56-07:00,2019-10-18 14:51:42-07:00,2019-10-18 11:42:21-07:00,21.107,36.0,90.0,490.0,America/Los_Angeles
jpl,1_1_193_827_2019-10-18 13:02:38.592683,1-1-193-827,AG-1F02,2019-10-18 06:02:39-07:00,2019-10-18 14:33:29-07:00,2019-10-18 11:26:58-07:00,13.388,16.0,40.0,383.0,America/Los_Angeles
jpl,1_1_179_801_2019-10-18 13:03:14.035156,1-1-179-801,AG-3F21,2019-10-18 06:03:14-07:00,2019-10-18 14:11:33-07:00,2019-10-18 08:13:01-07:00,13.434,22.5,100.0,381.0,America/Los_Angeles
jpl,1_1_193_829_2019-10-18 13:15:09.806034,1-1-193-829,AG-1F03,2019-10-18 06:15:10-07:00,2019-10-18 14:35:02-07:00,2019-10-18 08:39:40-07:00,6.623,8.0,20.0,60.0,America/Los_Angeles
jpl,1_1_193_816_2019-10-18 13:18:09.427830,1-1-193-816,AG-1F05,2019-10-18 06:18:09-07:00,2019-10-18 14:49:36-07:00,2019-10-18 08:59:48-07:00,13.65,40.0,100.0,591.0,America/Los_Angeles
jpl,1_1_194_818_2019-10-18 13:19:17.024693,1-1-194-818,AG-1F14,2019-10-18 06:19:17-07:00,2019-10-18 11:27:23-07:00,2019-10-18 11:02:10-07:00,10.354,20.0,50.0,297.0,America/Los_Angeles
jpl,1_1_191_804_2019-10-18 13:22:21.607129,1-1-191-804,AG-4F34,2019-10-18 06:22:42-07:00,2019-10-18 15:04:43-07:00,2019-10-18 11:59:11-07:00,29.685,45.0,180.0,484.0,America/Los_Angeles
jpl,1_1_179_796_2019-10-18 13:25:35.057238,1-1-179-796,AG-3F24,2019-10-18 06:25:42-07:00,2019-10-18 15:46:08-07:00,2019-10-18 10:30:37-07:00,13.169,12.0,20.0,473.0,America/Los_Angeles
jpl,1_1_179_787_2019-10-18 13:29:51.746386,1-1-179-787,AG-3F16,2019-10-18 06:29:52-07:00,2019-10-18 14:38:11-07:00,2019-10-18 10:26:58-07:00,7.989,12.0,30.0,444.0,America/Los_Angeles
jpl,1_1_179_797_2019-10-18 13:37:42.436917,1-1-179-797,AG-3F23,2019-10-18 06:37:42-07:00,2019-10-18 15:53:17-07:00,2019-10-18 08:29:50-07:00,5.206,32.0,80.0,60.0,America/Los_Angeles
jpl,1_1_179_788_2019-10-18 13:38:01.554830,1-1-179-788,AG-3F22,2019-10-18 06:38:02-07:00,2019-10-18 16:40:26-07:00,2019-10-18 11:25:55-07:00,28.28,80.0,200.0,720.0,America/Los_Angeles
jpl,1_1_178_824_2019-10-18 13:38:14.333926,1-1-178-824,AG-1F07,2019-10-18 06:38:14-07:00,2019-10-18 12:21:09-07:00,2019-10-18 09:19:14-07:00,10.732,40.0,100.0,354.0,America/Los_Angeles
jpl,1_1_179_791_2019-10-18 13:39:22.743386,1-1-179-791,AG-3F26,2019-10-18 06:39:23-07:00,2019-10-18 13:43:19-07:00,2019-10-18 13:02:49-07:00,21.813,35.01,90.0,562.0,America/Los_Angeles
jpl,1_1_179_815_2019-10-18 13:47:17.460561,1-1-179-815,AG-3F33,2019-10-18 06:47:17-07:00,2019-10-18 11:43:10-07:00,2019-10-18 11:44:10-07:00,22.269,28.0,70.0,257.0,America/Los_Angeles
jpl,1_1_179_798_2019-10-18 13:48:33.164326,1-1-179-798,AG-3F18,2019-10-18 06:48:33-07:00,2019-10-18 15:40:41-07:00,2019-10-18 11:28:49-07:00,10.782,30.0,50.0,495.0,America/Los_Angeles
jpl,1_1_191_802_2019-10-18 13:53:03.198202,1-1-191-802,AG-4F44,2019-10-18 06:53:33-07:00,2019-10-18 16:01:58-07:00,2019-10-18 16:02:58-07:00,33.991,77.22,270.0,627.0,America/Los_Angeles
jpl,1_1_179_810_2019-10-18 13:53:57.893711,1-1-179-810,AG-3F30,2019-10-18 06:53:58-07:00,2019-10-18 08:53:38-07:00,2019-10-18 07:42:23-07:00,0.762,40.04,140.0,720.0,America/Los_Angeles
jpl,1_1_179_781_2019-10-18 13:58:47.941004,1-1-179-781,AG-3F31,2019-10-18 06:58:48-07:00,2019-10-18 12:44:04-07:00,2019-10-18 08:32:04-07:00,4.571,8.0,20.0,60.0,America/Los_Angeles
jpl,1_1_179_794_2019-10-18 13:58:52.144017,1-1-179-794,AG-3F20,2019-10-18 06:58:52-07:00,2019-10-18 12:16:37-07:00,2019-10-18 10:50:40-07:00,6.614,12.0,30.0,541.0,America/Los_Angeles
jpl,1_1_179_777_2019-10-18 13:59:53.259616,1-1-179-777,AG-3F28,2019-10-18 06:59:53-07:00,2019-10-18 16:45:56-07:00,2019-10-18 12:18:46-07:00,12.122,15.0,40.0,854.0,America/Los_Angeles
jpl,1_1_191_803_2019-10-18 14:00:07.553662,1-1-191-803,AG-4F49,2019-10-18 07:00:08-07:00,2019-10-18 15:39:42-07:00,2019-10-18 08:52:19-07:00,11.519,20.0,100.0,414.0,America/Los_Angeles
jpl,1_1_191_785_2019-10-18 14:03:42.334723,1-1-191-785,AG-4F48,2019-10-18 07:03:42-07:00,2019-10-18 16:31:22-07:00,2019-10-18 12:21:16-07:00,12.009,12.0,30.0,594.0,America/Los_Angeles
jpl,1_1_179_790_2019-10-18 14:13:15.458390,1-1-179-790,AG-3F19,2019-10-18 07:13:32-07:00,2019-10-18 14:09:48-07:00,2019-10-18 14:10:48-07:00,16.14,19.98,60.0,466.0,America/Los_Angeles
jpl,1_1_179_813_2019-10-18 14:13:37.267602,1-1-179-813,AG-3F15,2019-10-18 07:13:37-07:00,2019-10-18 15:13:16-07:00,2019-10-18 14:26:24-07:00,40.048,40.0,160.0,471.0,America/Los_Angeles
jpl,1_1_191_807_2019-10-18 14:14:57.816603,1-1-191-807,AG-4F47,2019-10-18 07:15:06-07:00,2019-10-18 16:00:51-07:00,2019-10-18 11:17:20-07:00,13.615,32.0,80.0,530.0,America/Los_Angeles
jpl,1_1_179_809_2019-10-18 14:15:37.452730,1-1-179-809,AG-3F27,2019-10-18 07:15:37-07:00,2019-10-18 15:19:36-07:00,2019-10-18 13:38:44-07:00,38.515,102.74,220.0,627.0,America/Los_Angeles
jpl,1_1_179_779_2019-10-18 14:17:31.605733,1-1-179-779,AG-3F17,2019-10-18 07:17:34-07:00,2019-10-18 15:43:29-07:00,2019-10-18 12:42:25-07:00,11.594,8.0,20.0,249.0,America/Los_Angeles
jpl,1_1_191_778_2019-10-18 14:20:32.047024,1-1-191-778,AG-4F43,2019-10-18 07:20:32-07:00,2019-10-18 17:51:07-07:00,2019-10-18 09:31:11-07:00,3.393,10.0,20.0,538.0,America/Los_Angeles
jpl,1_1_191_806_2019-10-18 14:20:51.113357,1-1-191-806,AG-4F41,2019-10-18 07:20:51-07:00,2019-10-18 14:30:04-07:00,2019-10-18 14:30:08-07:00,40.031,40.0,100.0,490.0,America/Los_Angeles
jpl,1_1_179_800_2019-10-18 14:22:01.023775,1-1-179-800,AG-3F32,2019-10-18 07:22:01-07:00,2019-10-18 13:18:58-07:00,2019-10-18 11:15:31-07:00,13.306,24.0,60.0,320.0,America/Los_Angeles
jpl,1_1_191_782_2019-10-18 14:22:44.184656,1-1-191-782,AG-4F50,2019-10-18 07:22:51-07:00,2019-10-18 17:42:55-07:00,2019-10-18 10:19:20-07:00,9.169,8.0,20.0,265.0,America/Los_Angeles
jpl,1_1_191_805_2019-10-18 14:23:00.053145,1-1-191-805,AG-4F39,2019-10-18 07:23:00-07:00,2019-10-18 11:55:18-07:00,2019-10-18 11:56:18-07:00,12.244,16.65,50.0,267.0,America/Los_Angeles
jpl,1_1_191_795_2019-10-18 14:28:29.356482,1-1-191-795,AG-4F51,2019-10-18 07:28:29-07:00,2019-10-18 17:28:08-07:00,2019-10-18 12:01:00-07:00,12.126,20.0,50.0,513.0,America/Los_Angeles
jpl,1_1_191_793_2019-10-18 14:31:27.375077,1-1-191-793,AG-4F38,2019-10-18 07:31:27-07:00,2019-10-18 17:14:41-07:00,2019-10-18 13:26:55-07:00,16.916,4.58,20.0,191.0,America/Los_Angeles
jpl,1_1_191_812_2019-10-18 14:31:43.025572,1-1-191-812,AG-4F46,2019-10-18 07:31:43-07:00,2019-10-18 17:59:40-07:00,2019-10-18 09:13:45-07:00,4.538,8.0,20.0,60.0,America/Los_Angeles
jpl,1_1_191_786_2019-10-18 14:31:50.189768,1-1-191-786,AG-4F36,2019-10-18 07:31:50-07:00,2019-10-18 16:14:58-07:00,2019-10-18 16:01:39-07:00,52.176,63.0,210.0,531.0,America/Los_Angeles
jpl,1_1_191_792_2019-10-18 14:34:58.646265,1-1-191-792,AG-4F37,2019-10-18 07:34:59-07:00,2019-10-18 14:32:46-07:00,2019-10-18 08:50:27-07:00,4.619,8.0,20.0,467.0,America/Los_Angeles
jpl,1_1_191_811_2019-10-18 14:35:04.030135,1-1-191-811,AG-4F42,2019-10-18 07:35:04-07:00,2019-10-18 17:08:26-07:00,2019-10-18 11:25:13-07:00,6.417,9.99,30.0,304.0,America/Los_Angeles
jpl,1_1_191_780_2019-10-18 14:35:48.023577,1-1-191-780,AG-4F45,2019-10-18 07:35:48-07:00,2019-10-18 15:34:20-07:00,2019-10-18 14:47:55-07:00,31.978,45.0,150.0,260.0,America/Los_Angeles
jpl,1_1_191_784_2019-10-18 14:35:48.537268,1-1-191-784,AG-4F40,2019-10-18 07:35:49-07:00,2019-10-18 16:20:03-07:00,2019-10-18 09:39:57-07:00,5.195,6.66,20.0,493.0,America/Los_Angeles
jpl,1_1_179_810_2019-10-18 15:53:49.757693,1-1-179-810,AG-3F30,2019-10-18 08:53:50-07:00,2019-10-18 10:02:16-07:00,2019-10-18 09:46:07-07:00,0.763,40.04,140.0,60.0,America/Los_Angeles
jpl,1_1_193_820_2019-10-18 16:47:27.059527,1-1-193-820,AG-1F04,2019-10-18 09:47:51-07:00,2019-10-18 16:32:38-07:00,2019-10-18 12:01:15-07:00,12.714,20.0,50.0,528.0,America/Los_Angeles
jpl,1_1_179_810_2019-10-18 17:02:27.556021,1-1-179-810,AG-3F30,2019-10-18 10:02:28-07:00,2019-10-18 11:13:35-07:00,2019-10-18 11:13:44-07:00,1.086,40.04,140.0,60.0,America/Los_Angeles
jpl,1_1_178_817_2019-10-18 17:30:26.665385,1-1-178-817,AG-1F09,2019-10-18 10:30:36-07:00,2019-10-18 16:10:14-07:00,2019-10-18 14:26:40-07:00,9.922,73.5,210.0,597.0,America/Los_Angeles
jpl,1_1_179_810_2019-10-18 18:13:55.037184,1-1-179-810,AG-3F30,2019-10-18 11:13:55-07:00,2019-10-18 16:20:18-07:00,2019-10-18 14:44:42-07:00,21.784,40.04,140.0,570.0,America/Los_Angeles
jpl,1_1_194_818_2019-10-18 18:52:51.747021,1-1-194-818,AG-1F14,2019-10-18 11:52:52-07:00,2019-10-18 16:11:34-07:00,2019-10-18 15:49:07-07:00,19.896,28.0,70.0,256.0,America/Los_Angeles
jpl,1_1_179_815_2019-10-18 18:56:26.454575,1-1-179-815,AG-3F33,2019-10-18 11:56:26-07:00,2019-10-18 17:23:31-07:00,2019-10-18 14:01:54-07:00,5.978,8.0,20.0,279.0,America/Los_Angeles
jpl,1_1_191_805_2019-10-18 19:12:54.081238,1-1-191-805,AG-4F39,2019-10-18 12:12:54-07:00,2019-10-18 17:31:42-07:00,2019-10-18 14:32:09-07:00,7.541,24.0,60.0,291.0,America/Los_Angeles
jpl,1_1_179_794_2019-10-18 19:18:39.792350,1-1-179-794,AG-3F20,2019-10-18 12:18:56-07:00,2019-10-18 16:56:09-07:00,2019-10-18 15:41:21-07:00,21.083,28.0,70.0,252.0,America/Los_Angeles
jpl,1_1_178_824_2019-10-18 19:26:39.533264,1-1-178-824,AG-1F07,2019-10-18 12:26:40-07:00,2019-10-18 16:07:12-07:00,2019-10-18 16:08:12-07:00,21.89,20.0,80.0,213.0,America/Los_Angeles
jpl,1_1_179_781_2019-10-18 19:47:29.124187,1-1-179-781,AG-3F31,2019-10-18 12:47:29-07:00,2019-10-18 19:28:35-07:00,2019-10-18 15:22:06-07:00,15.775,48.0,120.0,60.0,America/Los_Angeles
jpl,1_1_179_800_2019-10-18 20:22:27.435543,1-1-179-800,AG-3F32,2019-10-18 13:22:27-07:00,2019-10-18 17:01:42-07:00,2019-10-18 15:16:09-07:00,5.496,16.65,50.0,267.0,America/Los_Angeles
jpl,1_1_179_791_2019-10-18 20:52:19.178317,1-1-179-791,AG-3F26,2019-10-18 13:52:19-07:00,2019-10-18 19:01:08-07:00,2019-10-18 18:35:05-07:00,28.824,40.0,160.0,368.0,America/Los_Angeles
jpl,1_1_194_821_2019-10-18 21:06:05.899786,1-1-194-821,AG-1F13,2019-10-18 14:07:21-07:00,2019-10-18 17:31:21-07:00,2019-10-18 17:32:21-07:00,19.586,12.0,30.0,60.0,America/Los_Angeles
jpl,1_1_193_819_2019-10-18 21:26:04.383473,1-1-193-819,AG-1F06,2019-10-18 14:26:04-07:00,2019-10-18 15:38:31-07:00,2019-10-18 15:39:31-07:00,7.298,38.0,190.0,180.0,America/Los_Angeles
jpl,1_1_193_827_2019-10-18 21:35:03.800918,1-1-193-827,AG-1F02,2019-10-18 14:35:04-07:00,2019-10-18 16:17:55-07:00,2019-10-18 16:18:55-07:00,8.202,11.68,40.0,177.0,America/Los_Angeles
jpl,1_1_193_825_2019-10-18 21:50:56.883787,1-1-193-825,AG-1F01,2019-10-18 14:50:57-07:00,2019-10-18 17:08:33-07:00,2019-10-18 17:01:51-07:00,6.828,8.0,20.0,60.0,America/Los_Angeles
jpl,1_1_179_790_2019-10-18 21:54:24.164154,1-1-179-790,AG-3F19,2019-10-18 14:54:24-07:00,2019-10-18 19:28:52-07:00,2019-10-18 17:49:19-07:00,17.525,17.5,50.0,221.0,America/Los_Angeles
jpl,1_1_193_819_2019-10-18 23:16:17.136034,1-1-193-819,AG-1F06,2019-10-18 16:16:17-07:00,2019-10-18 17:37:36-07:00,2019-10-18 17:38:35-07:00,7.384,8.0,20.0,109.0,America/Los_Angeles
jpl,1_1_179_798_2019-10-18 23:21:55.664683,1-1-179-798,AG-3F18,2019-10-18 16:21:56-07:00,2019-10-18 17:31:37-07:00,2019-10-18 17:32:37-07:00,7.344,36.0,90.0,136.0,America/Los_Angeles
jpl,1_1_193_829_2019-10-18 23:22:52.903327,1-1-193-829,AG-1F03,2019-10-18 16:22:53-07:00,2019-10-18 17:48:51-07:00,2019-10-18 17:49:51-07:00,7.145,32.0,80.0,100.0,America/Los_Angeles
jpl,1_1_178_828_2019-10-18 23:48:01.753658,1-1-178-828,AG-1F10,2019-10-18 16:48:02-07:00,2019-10-18 19:22:37-07:00,2019-10-18 18:59:31-07:00,6.714,20.0,50.0,131.0,America/Los_Angeles
jpl,1_1_193_816_2019-10-18 23:53:57.028115,1-1-193-816,AG-1F05,2019-10-18 16:54:03-07:00,2019-10-18 23:01:04-07:00,2019-10-18 22:38:21-07:00,31.323,40.0,100.0,422.0,America/Los_Angeles
jpl,1_1_178_824_2019-10-19 00:52:43.578281,1-1-178-824,AG-1F07,2019-10-18 17:53:01-07:00,2019-10-18 19:41:07-07:00,2019-10-18 19:42:07-07:00,11.463,64.0,160.0,413.0,America/Los_Angeles
jpl,1_1_178_824_2019-10-19 04:48:41.155189,1-1-178-824,AG-1F07,2019-10-18 21:48:56-07:00,2019-10-19 08:07:45-07:00,2019-10-18 23:55:42-07:00,6.161,20.0,50.0,60.0,America/Los_Angeles
jpl,1_1_193_820_2019-10-19 06:22:07.895513,1-1-193-820,AG-1F04,2019-10-18 23:22:08-07:00,2019-10-19 02:04:25-07:00,2019-10-19 01:12:56-07:00,5.643,8.0,20.0,157.0,America/Los_Angeles
jpl,1_1_178_823_2019-10-19 12:40:54.693693,1-1-178-823,AG-1F08,2019-10-19 05:40:55-07:00,2019-10-19 12:06:38-07:00,2019-10-19 09:25:40-07:00,11.29,12.0,20.0,355.0,America/Los_Angeles
jpl,1_1_194_826_2019-10-19 15:47:30.780198,1-1-194-826,AG-1F11,2019-10-19 08:47:31-07:00,2019-10-19 09:17:28-07:00,2019-10-19 09:18:27-07:00,2.839,28.0,70.0,67.0,America/Los_Angeles
jpl,1_1_193_819_2019-10-19 16:02:12.292343,1-1-193-819,AG-1F06,2019-10-19 09:02:12-07:00,2019-10-19 14:56:17-07:00,2019-10-19 14:57:16-07:00,11.386,30.0,80.0,521.0,America/Los_Angeles
jpl,1_1_194_822_2019-10-19 18:37:02.949348,1-1-194-822,AG-1F12,2019-10-19 11:37:03-07:00,2019-10-19 21:42:06-07:00,2019-10-19 16:36:33-07:00,31.931,52.5,140.0,497.0,America/Los_Angeles
jpl,1_1_193_827_2019-10-19 18:41:55.592064,1-1-193-827,AG-1F02,2019-10-19 11:41:56-07:00,2019-10-19 17:04:52-07:00,2019-10-19 13:32:24-07:00,5.681,8.0,20.0,157.0,America/Los_Angeles
jpl,1_1_193_820_2019-10-19 19:44:43.065617,1-1-193-820,AG-1F04,2019-10-19 12:44:43-07:00,2019-10-19 16:57:19-07:00,2019-10-19 16:48:47-07:00,12.254,15.0,40.0,152.0,America/Los_Angeles
jpl,1_1_193_825_2019-10-20 13:37:29.632968,1-1-193-825,AG-1F01,2019-10-20 06:37:30-07:00,2019-10-20 08:20:56-07:00,2019-10-20 08:21:56-07:00,10.787,45.0,150.0,260.0,America/Los_Angeles
jpl,1_1_194_826_2019-10-20 18:00:57.848322,1-1-194-826,AG-1F11,2019-10-20 11:00:58-07:00,2019-10-20 13:45:41-07:00,2019-10-20 13:37:09-07:00,7.5,7.5,30.0,212.0,America/Los_Angeles
jpl,1_1_178_817_2019-10-20 19:26:46.320948,1-1-178-817,AG-1F09,2019-10-20 12:26:46-07:00,2019-10-20 15:21:44-07:00,2019-10-20 15:01:04-07:00,16.141,20.0,50.0,214.0,America/Los_Angeles
jpl,1_1_191_802_2019-10-20 21:38:21.561203,1-1-191-802,AG-4F44,2019-10-20 14:38:22-07:00,2019-10-20 23:30:14-07:00,2019-10-20 18:59:03-07:00,25.204,45.8,200.0,620.0,America/Los_Angeles
jpl,1_1_194_821_2019-10-21 01:22:22.590274,1-1-194-821,AG-1F13,2019-10-20 18:22:23-07:00,2019-10-21 05:14:02-07:00,2019-10-21 01:25:29-07:00,16.217,20.0,50.0,473.0,America/Los_Angeles
jpl,1_1_194_826_2019-10-21 10:57:36.001295,1-1-194-826,AG-1F11,2019-10-21 03:57:36-07:00,2019-10-21 13:25:55-07:00,2019-10-21 06:45:33-07:00,9.438,16.0,40.0,169.0,America/Los_Angeles
jpl,1_1_178_817_2019-10-21 12:00:44.771503,1-1-178-817,AG-1F09,2019-10-21 05:00:45-07:00,2019-10-21 16:34:46-07:00,2019-10-21 16:35:46-07:00,67.034,83.25,250.0,720.0,America/Los_Angeles
jpl,1_1_193_825_2019-10-21 12:02:54.692246,1-1-193-825,AG-1F01,2019-10-21 05:02:55-07:00,2019-10-21 14:35:06-07:00,2019-10-21 07:23:48-07:00,6.346,8.0,20.0,60.0,America/Los_Angeles
jpl,1_1_178_823_2019-10-21 12:41:29.218184,1-1-178-823,AG-1F08,2019-10-21 05:41:29-07:00,2019-10-21 14:50:02-07:00,2019-10-21 11:16:47-07:00,10.611,12.0,20.0,597.0,America/Los_Angeles
jpl,1_1_191_789_2019-10-21 12:41:56.930627,1-1-191-789,AG-4F52,2019-10-21 05:41:57-07:00,2019-10-21 17:31:48-07:00,2019-10-21 07:46:25-07:00,5.699,8.0,20.0,60.0,America/Los_Angeles
jpl,1_1_193_819_2019-10-21 12:42:08.465531,1-1-193-819,AG-1F06,2019-10-21 05:42:16-07:00,2019-10-21 16:38:35-07:00,2019-10-21 08:33:57-07:00,13.579,20.0,50.0,60.0,America/Los_Angeles
jpl,1_1_193_829_2019-10-21 13:02:46.670429,1-1-193-829,AG-1F03,2019-10-21 06:02:47-07:00,2019-10-21 16:15:57-07:00,2019-10-21 08:24:00-07:00,6.55,8.0,20.0,60.0,America/Los_Angeles
jpl,1_1_193_827_2019-10-21 13:04:03.741005,1-1-193-827,AG-1F02,2019-10-21 06:04:04-07:00,2019-10-21 15:02:22-07:00,2019-10-21 12:11:13-07:00,12.935,16.0,40.0,383.0,America/Los_Angeles
jpl,1_1_179_799_2019-10-21 13:11:24.321702,1-1-179-799,AG-3F25,2019-10-21 06:11:24-07:00,2019-10-21 17:59:29-07:00,2019-10-21 18:00:29-07:00,32.601,35.01,90.0,562.0,America/Los_Angeles
jpl,1_1_178_828_2019-10-21 13:13:09.750987,1-1-178-828,AG-1F10,2019-10-21 06:13:10-07:00,2019-10-21 13:56:51-07:00,2019-10-21 08:34:19-07:00,5.527,12.0,30.0,60.0,America/Los_Angeles
jpl,1_1_193_820_2019-10-21 13:19:30.438867,1-1-193-820,AG-1F04,2019-10-21 06:19:30-07:00,2019-10-21 16:31:02-07:00,2019-10-21 11:44:57-07:00,13.469,40.0,100.0,591.0,America/Los_Angeles
jpl,1_1_179_796_2019-10-21 13:19:30.542171,1-1-179-796,AG-3F24,2019-10-21 06:19:31-07:00,2019-10-21 16:19:05-07:00,2019-10-21 11:30:12-07:00,15.993,19.98,60.0,553.0,America/Los_Angeles
jpl,1_1_179_800_2019-10-21 13:19:52.360829,1-1-179-800,AG-3F32,2019-10-21 06:19:52-07:00,2019-10-21 10:22:22-07:00,2019-10-21 10:23:21-07:00,14.062,28.0,70.0,250.0,America/Los_Angeles
jpl,1_1_179_787_2019-10-21 13:23:08.470961,1-1-179-787,AG-3F16,2019-10-21 06:23:08-07:00,2019-10-21 15:40:02-07:00,2019-10-21 10:36:48-07:00,8.342,12.0,30.0,503.0,America/Los_Angeles
jpl,1_1_193_816_2019-10-21 13:23:40.134946,1-1-193-816,AG-1F05,2019-10-21 06:23:40-07:00,2019-10-21 18:44:11-07:00,2019-10-21 10:47:54-07:00,13.684,20.0,50.0,253.0,America/Los_Angeles
jpl,1_1_179_794_2019-10-21 13:24:42.271472,1-1-179-794,AG-3F20,2019-10-21 06:24:42-07:00,2019-10-21 15:23:16-07:00,2019-10-21 15:19:12-07:00,40.064,40.0,100.0,540.0,America/Los_Angeles
jpl,1_1_191_804_2019-10-21 13:26:26.580184,1-1-191-804,AG-4F34,2019-10-21 06:26:27-07:00,2019-10-21 16:10:47-07:00,2019-10-21 12:10:52-07:00,34.792,45.0,180.0,484.0,America/Los_Angeles
jpl,1_1_194_821_2019-10-21 13:27:35.771322,1-1-194-821,AG-1F13,2019-10-21 06:27:36-07:00,2019-10-21 13:07:54-07:00,2019-10-21 10:43:49-07:00,13.564,20.0,50.0,181.0,America/Los_Angeles
jpl,1_1_179_815_2019-10-21 13:28:57.748727,1-1-179-815,AG-3F33,2019-10-21 06:28:58-07:00,2019-10-21 17:02:10-07:00,2019-10-21 16:32:58-07:00,8.046,8.0,20.0,509.0,America/Los_Angeles
jpl,1_1_179_809_2019-10-21 13:33:14.351424,1-1-179-809,AG-3F27,2019-10-21 06:33:14-07:00,2019-10-21 18:12:15-07:00,2019-10-21 14:38:25-07:00,39.502,40.0,100.0,720.0,America/Los_Angeles
jpl,1_1_179_797_2019-10-21 13:35:41.597496,1-1-179-797,AG-3F23,2019-10-21 06:35:55-07:00,2019-10-21 16:29:59-07:00,2019-10-21 12:08:04-07:00,13.196,12.0,20.0,550.0,America/Los_Angeles
jpl,1_1_194_818_2019-10-21 13:39:13.657941,1-1-194-818,AG-1F14,2019-10-21 06:39:14-07:00,2019-10-21 16:29:52-07:00,2019-10-21 16:30:52-07:00,49.924,51.75,90.0,588.0,America/Los_Angeles
jpl,1_1_179_810_2019-10-21 13:40:23.869190,1-1-179-810,AG-3F30,2019-10-21 06:40:24-07:00,2019-10-21 17:38:38-07:00,2019-10-21 15:41:41-07:00,47.502,42.0,210.0,604.0,America/Los_Angeles
jpl,1_1_179_798_2019-10-21 13:43:26.700935,1-1-179-798,AG-3F18,2019-10-21 06:43:27-07:00,2019-10-21 16:41:55-07:00,2019-10-21 16:42:54-07:00,10.727,30.0,50.0,495.0,America/Los_Angeles
jpl,1_1_179_791_2019-10-21 13:44:19.402957,1-1-179-791,AG-3F26,2019-10-21 06:44:52-07:00,2019-10-21 15:46:31-07:00,2019-10-21 15:46:24-07:00,36.581,77.22,270.0,627.0,America/Los_Angeles
jpl,1_1_179_788_2019-10-21 13:45:16.783193,1-1-179-788,AG-3F22,2019-10-21 06:45:17-07:00,2019-10-21 16:49:04-07:00,2019-10-21 08:42:51-07:00,5.425,32.0,80.0,60.0,America/Los_Angeles
jpl,1_1_191_785_2019-10-21 13:51:56.211031,1-1-191-785,AG-4F48,2019-10-21 06:51:56-07:00,2019-10-21 16:42:15-07:00,2019-10-21 08:59:41-07:00,7.054,8.0,20.0,591.0,America/Los_Angeles
jpl,1_1_194_822_2019-10-21 13:54:41.759612,1-1-194-822,AG-1F12,2019-10-21 06:54:42-07:00,2019-10-21 15:32:54-07:00,2019-10-21 15:24:42-07:00,0.756,0.0,0.0,0.0,America/Los_Angeles
jpl,1_1_178_824_2019-10-21 13:57:30.380109,1-1-178-824,AG-1F07,2019-10-21 06:57:30-07:00,2019-10-21 16:20:34-07:00,2019-10-21 16:10:08-07:00,44.396,60.0,150.0,540.0,America/Los_Angeles
jpl,1_1_179_783_2019-10-21 14:01:11.465297,1-1-179-783,AG-3F29,2019-10-21 07:01:11-07:00,2019-10-21 17:48:11-07:00,2019-10-21 10:09:46-07:00,5.971,9.99,30.0,104.0,America/Los_Angeles
jpl,1_1_179_781_2019-10-21 14:02:03.551773,1-1-179-781,AG-3F31,2019-10-21 07:02:04-07:00,2019-10-21 17:40:23-07:00,2019-10-21 16:38:12-07:00,28.051,28.0,70.0,257.0,America/Los_Angeles
jpl,1_1_179_813_2019-10-21 14:02:18.733275,1-1-179-813,AG-3F15,2019-10-21 07:02:19-07:00,2019-10-21 11:43:37-07:00,2019-10-21 09:36:44-07:00,6.642,12.0,30.0,600.0,America/Los_Angeles
jpl,1_1_179_801_2019-10-21 14:03:03.770299,1-1-179-801,AG-3F21,2019-10-21 07:03:04-07:00,2019-10-21 17:48:57-07:00,2019-10-21 15:24:44-07:00,8.032,8.0,20.0,60.0,America/Los_Angeles
jpl,1_1_179_777_2019-10-21 14:03:04.003715,1-1-179-777,AG-3F28,2019-10-21 07:03:04-07:00,2019-10-21 17:05:28-07:00,2019-10-21 11:26:07-07:00,12.235,15.0,40.0,525.0,America/Los_Angeles
jpl,1_1_179_779_2019-10-21 14:03:19.011182,1-1-179-779,AG-3F17,2019-10-21 07:03:19-07:00,2019-10-21 16:28:17-07:00,2019-10-21 15:33:31-07:00,41.814,120.0,200.0,537.0,America/Los_Angeles
jpl,1_1_179_790_2019-10-21 14:03:44.901288,1-1-179-790,AG-3F19,2019-10-21 07:03:45-07:00,2019-10-21 16:55:19-07:00,2019-10-21 10:37:17-07:00,13.416,24.0,60.0,320.0,America/Los_Angeles
jpl,1_1_191_780_2019-10-21 14:05:46.425691,1-1-191-780,AG-4F45,2019-10-21 07:05:58-07:00,2019-10-21 16:35:00-07:00,2019-10-21 16:36:00-07:00,15.982,19.98,60.0,466.0,America/Los_Angeles
jpl,1_1_191_782_2019-10-21 14:11:44.755857,1-1-191-782,AG-4F50,2019-10-21 07:11:58-07:00,2019-10-21 15:10:39-07:00,2019-10-21 14:35:20-07:00,12.256,17.5,70.0,466.0,America/Los_Angeles
jpl,1_1_191_807_2019-10-21 14:12:18.364092,1-1-191-807,AG-4F47,2019-10-21 07:12:18-07:00,2019-10-21 17:17:36-07:00,2019-10-21 09:46:52-07:00,14.281,32.0,80.0,530.0,America/Los_Angeles
jpl,1_1_191_792_2019-10-21 14:12:19.350382,1-1-191-792,AG-4F37,2019-10-21 07:12:19-07:00,2019-10-21 16:41:19-07:00,2019-10-21 13:57:42-07:00,15.97,16.0,40.0,496.0,America/Los_Angeles
jpl,1_1_191_802_2019-10-21 14:13:23.402855,1-1-191-802,AG-4F44,2019-10-21 07:13:23-07:00,2019-10-21 17:42:43-07:00,2019-10-21 17:40:22-07:00,13.855,40.0,100.0,558.0,America/Los_Angeles
jpl,1_1_191_795_2019-10-21 14:18:29.886502,1-1-191-795,AG-4F51,2019-10-21 07:18:56-07:00,2019-10-21 19:48:16-07:00,2019-10-21 11:17:10-07:00,11.811,20.0,50.0,513.0,America/Los_Angeles
jpl,1_1_191_811_2019-10-21 14:20:17.570309,1-1-191-811,AG-4F42,2019-10-21 07:20:18-07:00,2019-10-21 17:02:44-07:00,2019-10-21 17:03:43-07:00,59.737,60.0,150.0,644.0,America/Los_Angeles
jpl,1_1_191_786_2019-10-21 14:22:09.599497,1-1-191-786,AG-4F36,2019-10-21 07:22:10-07:00,2019-10-21 15:30:56-07:00,2019-10-21 14:55:57-07:00,45.609,70.0,200.0,660.0,America/Los_Angeles
jpl,1_1_191_803_2019-10-21 14:23:56.448838,1-1-191-803,AG-4F49,2019-10-21 07:23:56-07:00,2019-10-21 16:15:20-07:00,2019-10-21 10:53:04-07:00,20.57,102.74,220.0,627.0,America/Los_Angeles
jpl,1_1_191_812_2019-10-21 14:24:24.783623,1-1-191-812,AG-4F46,2019-10-21 07:24:25-07:00,2019-10-21 17:20:58-07:00,2019-10-21 10:29:22-07:00,5.359,8.0,20.0,467.0,America/Los_Angeles
jpl,1_1_191_808_2019-10-21 14:32:43.623366,1-1-191-808,AG-4F35,2019-10-21 07:32:44-07:00,2019-10-21 17:18:07-07:00,2019-10-21 16:52:43-07:00,22.562,22.5,90.0,526.0,America/Los_Angeles
jpl,1_1_191_784_2019-10-21 14:33:48.335546,1-1-191-784,AG-4F40,2019-10-21 07:34:01-07:00,2019-10-21 17:45:45-07:00,2019-10-21 17:19:18-07:00,36.332,40.04,140.0,518.0,America/Los_Angeles
jpl,1_1_191_778_2019-10-21 14:34:28.100939,1-1-191-778,AG-4F43,2019-10-21 07:34:28-07:00,2019-10-21 17:59:36-07:00,2019-10-21 15:24:40-07:00,5.052,5.0,20.0,252.0,America/Los_Angeles
jpl,1_1_191_793_2019-10-21 14:34:26.939404,1-1-191-793,AG-4F38,2019-10-21 07:34:36-07:00,2019-10-21 15:49:21-07:00,2019-10-21 12:00:52-07:00,10.268,49.0,140.0,218.0,America/Los_Angeles
jpl,1_1_191_805_2019-10-21 14:38:20.727380,1-1-191-805,AG-4F39,2019-10-21 07:38:21-07:00,2019-10-21 17:06:00-07:00,2019-10-21 12:49:28-07:00,13.697,24.0,40.0,342.0,America/Los_Angeles
jpl,1_1_191_806_2019-10-21 14:40:31.351214,1-1-191-806,AG-4F41,2019-10-21 07:40:31-07:00,2019-10-21 15:09:18-07:00,2019-10-21 15:10:14-07:00,10.446,16.0,40.0,650.0,America/Los_Angeles
jpl,1_1_179_800_2019-10-21 17:44:17.657170,1-1-179-800,AG-3F32,2019-10-21 10:44:18-07:00,2019-10-21 16:29:30-07:00,2019-10-21 16:30:30-07:00,24.862,25.0,100.0,307.0,America/Los_Angeles
jpl,1_1_179_813_2019-10-21 19:01:48.433539,1-1-179-813,AG-3F15,2019-10-21 12:01:48-07:00,2019-10-21 17:25:20-07:00,2019-10-21 15:42:57-07:00,14.101,20.0,50.0,194.0,America/Los_Angeles
jpl,1_1_194_821_2019-10-21 20:09:17.201877,1-1-194-821,AG-1F13,2019-10-21 13:09:17-07:00,2019-10-21 18:17:07-07:00,2019-10-21 15:49:37-07:00,8.883,20.0,50.0,212.0,America/Los_Angeles
jpl,1_1_194_826_2019-10-21 20:31:33.816728,1-1-194-826,AG-1F11,2019-10-21 13:31:34-07:00,2019-10-21 17:14:09-07:00,2019-10-21 17:15:09-07:00,20.171,40.0,100.0,210.0,America/Los_Angeles
jpl,1_1_178_828_2019-10-21 21:05:07.721167,1-1-178-828,AG-1F10,2019-10-21 14:05:08-07:00,2019-10-21 22:51:44-07:00,2019-10-21 16:29:02-07:00,12.737,30.0,80.0,300.0,America/Los_Angeles
jpl,1_1_193_825_2019-10-21 21:46:43.742173,1-1-193-825,AG-1F01,2019-10-21 14:46:44-07:00,2019-10-21 17:06:06-07:00,2019-10-21 17:07:05-07:00,9.143,32.04,120.0,176.0,America/Los_Angeles
jpl,1_1_193_827_2019-10-21 22:05:07.289420,1-1-193-827,AG-1F02,2019-10-21 15:05:07-07:00,2019-10-21 17:05:34-07:00,2019-10-21 17:06:34-07:00,6.926,17.52,60.0,177.0,America/Los_Angeles
jpl,1_1_178_823_2019-10-21 22:08:29.234738,1-1-178-823,AG-1F08,2019-10-21 15:08:29-07:00,2019-10-21 18:02:08-07:00,2019-10-21 18:03:08-07:00,7.212,24.0,60.0,216.0,America/Los_Angeles
jpl,1_1_191_806_2019-10-21 22:16:23.710007,1-1-191-806,AG-4F41,2019-10-21 15:16:24-07:00,2019-10-21 16:24:47-07:00,2019-10-21 16:25:46-07:00,6.83,75.0,300.0,465.0,America/Los_Angeles
jpl,1_1_191_782_2019-10-21 22:16:37.920765,1-1-191-782,AG-4F50,2019-10-21 15:16:38-07:00,2019-10-21 17:42:30-07:00,2019-10-21 17:26:25-07:00,6.278,12.0,20.0,139.0,America/Los_Angeles
jpl,1_1_194_822_2019-10-21 23:00:52.707842,1-1-194-822,AG-1F12,2019-10-21 16:00:53-07:00,2019-10-21 17:49:11-07:00,2019-10-21 17:50:11-07:00,9.022,40.0,100.0,120.0,America/Los_Angeles
jpl,1_1_191_793_2019-10-21 23:07:48.626998,1-1-191-793,AG-4F38,2019-10-21 16:07:49-07:00,2019-10-21 19:08:02-07:00,2019-10-21 19:09:02-07:00,18.921,40.0,100.0,234.0,America/Los_Angeles
jpl,1_1_179_791_2019-10-21 23:09:22.334921,1-1-179-791,AG-3F26,2019-10-21 16:09:22-07:00,2019-10-21 17:09:52-07:00,2019-10-21 17:10:51-07:00,6.174,32.5,130.0,318.0,America/Los_Angeles
jpl,1_1_179_787_2019-10-21 23:18:50.124318,1-1-179-787,AG-3F16,2019-10-21 16:19:02-07:00,2019-10-21 18:08:36-07:00,2019-10-21 18:03:25-07:00,10.167,20.0,50.0,224.0,America/Los_Angeles
jpl,1_1_179_800_2019-10-21 23:33:07.132470,1-1-179-800,AG-3F32,2019-10-21 16:33:07-07:00,2019-10-21 18:09:44-07:00,2019-10-21 17:39:55-07:00,6.086,12.0,30.0,125.0,America/Los_Angeles
jpl,1_1_193_819_2019-10-21 23:54:13.021351,1-1-193-819,AG-1F06,2019-10-21 16:54:13-07:00,2019-10-21 18:45:44-07:00,2019-10-21 18:46:16-07:00,5.644,8.0,20.0,157.0,America/Los_Angeles
jpl,1_1_178_824_2019-10-22 00:08:06.651225,1-1-178-824,AG-1F07,2019-10-21 17:08:07-07:00,2019-10-21 21:21:30-07:00,2019-10-21 21:22:29-07:00,23.823,64.0,160.0,413.0,America/Los_Angeles
jpl,1_1_193_827_2019-10-22 00:35:19.630255,1-1-193-827,AG-1F02,2019-10-21 17:35:20-07:00,2019-10-21 19:16:28-07:00,2019-10-21 19:17:28-07:00,5.631,15.0,30.0,145.0,America/Los_Angeles
jpl,1_1_193_816_2019-10-22 02:30:57.239836,1-1-193-816,AG-1F05,2019-10-21 19:30:57-07:00,2019-10-21 21:19:51-07:00,2019-10-21 21:20:51-07:00,9.912,48.0,120.0,60.0,America/Los_Angeles
jpl,1_1_178_823_2019-10-22 03:50:24.431230,1-1-178-823,AG-1F08,2019-10-21 20:50:24-07:00,2019-10-22 00:16:03-07:00,2019-10-21 21:38:06-07:00,4.522,30.0,80.0,521.0,America/Los_Angeles
jpl,1_1_193_827_2019-10-22 04:11:40.338368,1-1-193-827,AG-1F02,2019-10-21 21:11:40-07:00,2019-10-22 01:20:00-07:00,2019-10-21 22:37:31-07:00,4.385,8.0,20.0,157.0,America/Los_Angeles
jpl,1_1_178_828_2019-10-22 07:23:17.909820,1-1-178-828,AG-1F10,2019-10-22 00:23:18-07:00,2019-10-22 01:11:18-07:00,2019-10-22 00:55:45-07:00,0.824,0.0,0.0,0.0,America/Los_Angeles
jpl,1_1_178_828_2019-10-22 08:25:41.498937,1-1-178-828,AG-1F10,2019-10-22 01:25:41-07:00,2019-10-22 07:04:04-07:00,2019-10-22 01:50:08-07:00,1.495,6.0,30.0,180.0,America/Los_Angeles
jpl,1_1_194_821_2019-10-22 10:54:49.809876,1-1-194-821,AG-1F13,2019-10-22 03:54:50-07:00,2019-10-22 13:25:03-07:00,2019-10-22 06:47:23-07:00,9.47,16.0,40.0,169.0,America/Los_Angeles
jpl,1_1_193_825_2019-10-22 12:04:05.462102,1-1-193-825,AG-1F01,2019-10-22 05:04:05-07:00,2019-10-22 14:33:47-07:00,2019-10-22 07:27:52-07:00,6.498,8.0,20.0,60.0,America/Los_Angeles
jpl,1_1_179_796_2019-10-22 12:36:41.525367,1-1-179-796,AG-3F24,2019-10-22 05:37:01-07:00,2019-10-22 09:57:46-07:00,2019-10-22 08:07:49-07:00,6.476,8.0,20.0,395.0,America/Los_Angeles
jpl,1_1_178_817_2019-10-22 12:39:53.049397,1-1-178-817,AG-1F09,2019-10-22 05:39:53-07:00,2019-10-22 15:35:08-07:00,2019-10-22 12:15:32-07:00,32.705,36.63,110.0,720.0,America/Los_Angeles
jpl,1_1_191_789_2019-10-22 12:42:17.099215,1-1-191-789,AG-4F52,2019-10-22 05:42:17-07:00,2019-10-22 16:02:14-07:00,2019-10-22 07:40:15-07:00,5.666,8.0,20.0,60.0,America/Los_Angeles
jpl,1_1_178_823_2019-10-22 12:43:54.692440,1-1-178-823,AG-1F08,2019-10-22 05:43:55-07:00,2019-10-22 15:33:23-07:00,2019-10-22 15:26:02-07:00,10.265,12.0,20.0,597.0,America/Los_Angeles
jpl,1_1_193_829_2019-10-22 12:59:17.421588,1-1-193-829,AG-1F03,2019-10-22 05:59:17-07:00,2019-10-22 16:06:29-07:00,2019-10-22 06:58:28-07:00,2.786,8.0,20.0,60.0,America/Los_Angeles
jpl,1_1_193_819_2019-10-22 13:03:20.397430,1-1-193-819,AG-1F06,2019-10-22 06:03:20-07:00,2019-10-22 15:00:55-07:00,2019-10-22 08:49:07-07:00,13.025,16.0,40.0,383.0,America/Los_Angeles
jpl,1_1_179_799_2019-10-22 13:05:18.357692,1-1-179-799,AG-3F25,2019-10-22 06:05:18-07:00,2019-10-22 20:08:29-07:00,2019-10-22 17:49:55-07:00,20.546,35.01,90.0,562.0,America/Los_Angeles
jpl,1_1_193_820_2019-10-22 13:14:58.489554,1-1-193-820,AG-1F04,2019-10-22 06:14:58-07:00,2019-10-22 10:37:02-07:00,2019-10-22 09:34:31-07:00,13.556,20.0,50.0,181.0,America/Los_Angeles
jpl,1_1_178_824_2019-10-22 13:19:15.999648,1-1-178-824,AG-1F07,2019-10-22 06:19:16-07:00,2019-10-22 12:05:31-07:00,2019-10-22 10:09:17-07:00,14.319,40.0,100.0,354.0,America/Los_Angeles
jpl,1_1_193_816_2019-10-22 13:21:29.951496,1-1-193-816,AG-1F05,2019-10-22 06:21:30-07:00,2019-10-22 16:18:03-07:00,2019-10-22 06:54:48-07:00,0.819,0.0,0.0,0.0,America/Los_Angeles
jpl,1_1_179_809_2019-10-22 13:21:29.945124,1-1-179-809,AG-3F27,2019-10-22 06:21:49-07:00,2019-10-22 15:15:43-07:00,2019-10-22 08:38:18-07:00,10.475,24.0,60.0,519.0,America/Los_Angeles
jpl,1_1_194_826_2019-10-22 13:25:18.590658,1-1-194-826,AG-1F11,2019-10-22 06:25:19-07:00,2019-10-22 16:21:36-07:00,2019-10-22 08:47:27-07:00,12.945,40.0,100.0,591.0,America/Los_Angeles
jpl,1_1_193_827_2019-10-22 13:25:40.043134,1-1-193-827,AG-1F02,2019-10-22 06:25:40-07:00,2019-10-22 15:42:57-07:00,2019-10-22 10:41:02-07:00,8.885,12.0,30.0,503.0,America/Los_Angeles
jpl,1_1_194_822_2019-10-22 13:29:48.376597,1-1-194-822,AG-1F12,2019-10-22 06:29:48-07:00,2019-10-22 15:33:49-07:00,2019-10-22 07:02:33-07:00,0.722,0.0,0.0,0.0,America/Los_Angeles
jpl,1_1_191_804_2019-10-22 13:30:14.857259,1-1-191-804,AG-4F34,2019-10-22 06:30:31-07:00,2019-10-22 16:03:46-07:00,2019-10-22 10:55:13-07:00,26.898,45.0,180.0,484.0,America/Los_Angeles
jpl,1_1_179_800_2019-10-22 13:31:29.966360,1-1-179-800,AG-3F32,2019-10-22 06:31:30-07:00,2019-10-22 16:55:03-07:00,2019-10-22 11:06:54-07:00,27.095,40.0,100.0,720.0,America/Los_Angeles
jpl,1_1_194_818_2019-10-22 13:36:48.241432,1-1-194-818,AG-1F14,2019-10-22 06:36:48-07:00,2019-10-22 16:25:28-07:00,2019-10-22 07:48:59-07:00,5.866,16.0,40.0,452.0,America/Los_Angeles
jpl,1_1_179_797_2019-10-22 13:38:08.284250,1-1-179-797,AG-3F23,2019-10-22 06:38:25-07:00,2019-10-22 16:25:07-07:00,2019-10-22 11:28:43-07:00,13.354,12.0,20.0,498.0,America/Los_Angeles
jpl,1_1_179_783_2019-10-22 13:45:29.772794,1-1-179-783,AG-3F29,2019-10-22 06:45:30-07:00,2019-10-22 15:10:34-07:00,2019-10-22 08:14:06-07:00,2.941,8.0,20.0,520.0,America/Los_Angeles
jpl,1_1_179_788_2019-10-22 13:47:08.103651,1-1-179-788,AG-3F22,2019-10-22 06:47:08-07:00,2019-10-22 16:51:15-07:00,2019-10-22 16:47:31-07:00,10.238,30.0,50.0,495.0,America/Los_Angeles
jpl,1_1_179_777_2019-10-22 13:48:00.896150,1-1-179-777,AG-3F28,2019-10-22 06:48:21-07:00,2019-10-22 11:15:32-07:00,2019-10-22 10:23:01-07:00,9.08,42.0,120.0,305.0,America/Los_Angeles
jpl,1_1_179_791_2019-10-22 13:49:03.160484,1-1-179-791,AG-3F26,2019-10-22 06:49:43-07:00,2019-10-22 15:06:03-07:00,2019-10-22 11:11:16-07:00,27.809,77.22,270.0,627.0,America/Los_Angeles
jpl,1_1_179_801_2019-10-22 13:52:45.356993,1-1-179-801,AG-3F21,2019-10-22 06:52:45-07:00,2019-10-22 16:12:44-07:00,2019-10-22 08:52:53-07:00,5.544,32.0,80.0,60.0,America/Los_Angeles
jpl,1_1_179_815_2019-10-22 13:53:08.032998,1-1-179-815,AG-3F33,2019-10-22 06:53:08-07:00,2019-10-22 16:43:00-07:00,2019-10-22 16:33:49-07:00,13.9,19.98,60.0,553.0,America/Los_Angeles
jpl,1_1_179_781_2019-10-22 13:57:27.811359,1-1-179-781,AG-3F31,2019-10-22 06:57:28-07:00,2019-10-22 17:55:38-07:00,2019-10-22 12:33:37-07:00,34.396,40.04,140.0,720.0,America/Los_Angeles
jpl,1_1_179_794_2019-10-22 13:59:38.627365,1-1-179-794,AG-3F20,2019-10-22 06:59:39-07:00,2019-10-22 14:26:00-07:00,2019-10-22 11:01:05-07:00,14.052,20.0,50.0,240.0,America/Los_Angeles
jpl,1_1_179_790_2019-10-22 14:00:12.447981,1-1-179-790,AG-3F19,2019-10-22 07:00:12-07:00,2019-10-22 17:15:25-07:00,2019-10-22 12:00:34-07:00,12.577,15.0,40.0,509.0,America/Los_Angeles
jpl,1_1_179_810_2019-10-22 14:04:33.522377,1-1-179-810,AG-3F30,2019-10-22 07:04:34-07:00,2019-10-22 13:46:03-07:00,2019-10-22 08:55:26-07:00,5.076,8.0,20.0,60.0,America/Los_Angeles
jpl,1_1_191_812_2019-10-22 14:05:13.981116,1-1-191-812,AG-4F46,2019-10-22 07:05:14-07:00,2019-10-22 19:59:04-07:00,2019-10-22 15:25:03-07:00,51.77,52.5,210.0,568.0,America/Los_Angeles
jpl,1_1_191_802_2019-10-22 14:07:23.404842,1-1-191-802,AG-4F44,2019-10-22 07:07:33-07:00,2019-10-22 16:52:37-07:00,2019-10-22 09:26:52-07:00,5.816,8.0,20.0,60.0,America/Los_Angeles
jpl,1_1_191_807_2019-10-22 14:07:56.544941,1-1-191-807,AG-4F47,2019-10-22 07:08:06-07:00,2019-10-22 17:02:21-07:00,2019-10-22 10:24:21-07:00,13.74,32.0,80.0,530.0,America/Los_Angeles
jpl,1_1_191_803_2019-10-22 14:09:48.681554,1-1-191-803,AG-4F49,2019-10-22 07:09:49-07:00,2019-10-22 11:01:55-07:00,2019-10-22 11:02:55-07:00,19.292,26.0,130.0,414.0,America/Los_Angeles
jpl,1_1_179_813_2019-10-22 14:10:11.604127,1-1-179-813,AG-3F15,2019-10-22 07:10:12-07:00,2019-10-22 16:41:32-07:00,2019-10-22 11:25:30-07:00,11.837,15.0,60.0,526.0,America/Los_Angeles
jpl,1_1_179_798_2019-10-22 14:11:02.199799,1-1-179-798,AG-3F18,2019-10-22 07:11:18-07:00,2019-10-22 15:05:54-07:00,2019-10-22 11:19:47-07:00,12.171,15.0,60.0,466.0,America/Los_Angeles
jpl,1_1_191_780_2019-10-22 14:13:07.478996,1-1-191-780,AG-4F45,2019-10-22 07:13:07-07:00,2019-10-22 17:36:29-07:00,2019-10-22 11:25:16-07:00,6.418,12.0,30.0,591.0,America/Los_Angeles
jpl,1_1_179_779_2019-10-22 14:13:57.608408,1-1-179-779,AG-3F17,2019-10-22 07:13:58-07:00,2019-10-22 16:30:39-07:00,2019-10-22 15:54:36-07:00,49.814,80.0,200.0,541.0,America/Los_Angeles
jpl,1_1_178_828_2019-10-22 14:15:33.540546,1-1-178-828,AG-1F10,2019-10-22 07:15:34-07:00,2019-10-22 16:37:03-07:00,2019-10-22 09:30:44-07:00,6.426,12.0,30.0,558.0,America/Los_Angeles
jpl,1_1_191_792_2019-10-22 14:17:53.775180,1-1-191-792,AG-4F37,2019-10-22 07:17:55-07:00,2019-10-22 17:04:29-07:00,2019-10-22 11:35:03-07:00,10.817,8.0,20.0,249.0,America/Los_Angeles
jpl,1_1_179_787_2019-10-22 14:19:21.522920,1-1-179-787,AG-3F16,2019-10-22 07:19:22-07:00,2019-10-22 10:04:25-07:00,2019-10-22 10:05:24-07:00,7.589,24.0,60.0,195.0,America/Los_Angeles
jpl,1_1_191_806_2019-10-22 14:24:37.248366,1-1-191-806,AG-4F41,2019-10-22 07:24:37-07:00,2019-10-22 15:51:12-07:00,2019-10-22 15:48:23-07:00,0.906,0.0,0.0,0.0,America/Los_Angeles
jpl,1_1_191_808_2019-10-22 14:25:10.331921,1-1-191-808,AG-4F35,2019-10-22 07:25:10-07:00,2019-10-22 17:49:07-07:00,2019-10-22 10:58:24-07:00,5.342,6.66,20.0,493.0,America/Los_Angeles
jpl,1_1_191_805_2019-10-22 14:25:12.508748,1-1-191-805,AG-4F39,2019-10-22 07:25:12-07:00,2019-10-22 16:41:58-07:00,2019-10-22 14:09:06-07:00,15.969,24.0,60.0,426.0,America/Los_Angeles
jpl,1_1_191_811_2019-10-22 14:25:48.613746,1-1-191-811,AG-4F42,2019-10-22 07:25:49-07:00,2019-10-22 16:36:20-07:00,2019-10-22 13:27:23-07:00,28.438,40.0,100.0,544.0,America/Los_Angeles
jpl,1_1_191_782_2019-10-22 14:29:03.834187,1-1-191-782,AG-4F50,2019-10-22 07:29:04-07:00,2019-10-22 17:10:23-07:00,2019-10-22 12:22:43-07:00,30.399,45.0,150.0,552.0,America/Los_Angeles
jpl,1_1_191_795_2019-10-22 14:29:10.528052,1-1-191-795,AG-4F51,2019-10-22 07:29:11-07:00,2019-10-22 12:55:44-07:00,2019-10-22 11:22:52-07:00,21.302,32.0,80.0,299.0,America/Los_Angeles
jpl,1_1_191_793_2019-10-22 14:31:58.324415,1-1-191-793,AG-4F38,2019-10-22 07:31:58-07:00,2019-10-22 18:11:17-07:00,2019-10-22 16:02:26-07:00,11.123,16.0,40.0,650.0,America/Los_Angeles
jpl,1_1_191_784_2019-10-22 14:32:42.665564,1-1-191-784,AG-4F40,2019-10-22 07:32:43-07:00,2019-10-22 10:15:16-07:00,2019-10-22 10:16:16-07:00,7.86,16.65,50.0,267.0,America/Los_Angeles
jpl,1_1_191_786_2019-10-22 14:33:54.822134,1-1-191-786,AG-4F36,2019-10-22 07:33:55-07:00,2019-10-22 15:40:35-07:00,2019-10-22 15:41:35-07:00,32.13,45.0,150.0,260.0,America/Los_Angeles
jpl,1_1_191_778_2019-10-22 14:43:52.034014,1-1-191-778,AG-4F43,2019-10-22 07:43:52-07:00,2019-10-22 16:36:55-07:00,2019-10-22 16:25:30-07:00,5.03,5.0,20.0,60.0,America/Los_Angeles
jpl,1_1_191_785_2019-10-22 14:46:38.809570,1-1-191-785,AG-4F48,2019-10-22 07:46:39-07:00,2019-10-22 18:19:44-07:00,2019-10-22 18:20:44-07:00,53.886,70.0,200.0,445.0,America/Los_Angeles
jpl,1_1_179_796_2019-10-22 16:59:58.636464,1-1-179-796,AG-3F24,2019-10-22 10:00:03-07:00,2019-10-22 15:51:58-07:00,2019-10-22 11:13:22-07:00,2.413,8.0,20.0,60.0,America/Los_Angeles
jpl,1_1_179_787_2019-10-22 17:18:28.890055,1-1-179-787,AG-3F16,2019-10-22 10:18:40-07:00,2019-10-22 17:26:02-07:00,2019-10-22 12:56:14-07:00,12.274,20.0,50.0,462.0,America/Los_Angeles
jpl,1_1_191_784_2019-10-22 17:23:56.230586,1-1-191-784,AG-4F40,2019-10-22 10:23:56-07:00,2019-10-22 16:39:21-07:00,2019-10-22 12:59:20-07:00,9.274,12.0,30.0,256.0,America/Los_Angeles
jpl,1_1_193_820_2019-10-22 18:07:46.183856,1-1-193-820,AG-1F04,2019-10-22 11:07:46-07:00,2019-10-22 16:28:13-07:00,2019-10-22 15:14:52-07:00,18.624,24.0,60.0,405.0,America/Los_Angeles
jpl,1_1_191_803_2019-10-22 18:23:39.593585,1-1-191-803,AG-4F49,2019-10-22 11:23:40-07:00,2019-10-22 16:25:00-07:00,2019-10-22 16:25:59-07:00,16.459,20.0,50.0,285.0,America/Los_Angeles
jpl,1_1_179_777_2019-10-22 18:49:01.305348,1-1-179-777,AG-3F28,2019-10-22 11:49:01-07:00,2019-10-22 16:06:01-07:00,2019-10-22 16:07:01-07:00,26.272,25.0,100.0,270.0,America/Los_Angeles
jpl,1_1_178_824_2019-10-22 19:07:33.459506,1-1-178-824,AG-1F07,2019-10-22 12:07:33-07:00,2019-10-22 18:45:54-07:00,2019-10-22 15:56:35-07:00,23.274,75.0,300.0,465.0,America/Los_Angeles
jpl,1_1_191_795_2019-10-22 19:57:16.086369,1-1-191-795,AG-4F51,2019-10-22 12:57:22-07:00,2019-10-22 15:42:41-07:00,2019-10-22 15:16:06-07:00,12.728,15.0,30.0,218.0,America/Los_Angeles
jpl,1_1_194_821_2019-10-22 20:34:15.568706,1-1-194-821,AG-1F13,2019-10-22 13:34:16-07:00,2019-10-22 16:03:12-07:00,2019-10-22 16:04:12-07:00,14.622,28.0,70.0,277.0,America/Los_Angeles
jpl,1_1_179_810_2019-10-22 20:53:32.149870,1-1-179-810,AG-3F30,2019-10-22 13:53:32-07:00,2019-10-22 18:28:44-07:00,2019-10-22 18:16:35-07:00,21.803,40.0,100.0,570.0,America/Los_Angeles
jpl,1_1_179_794_2019-10-22 21:26:58.098123,1-1-179-794,AG-3F20,2019-10-22 14:27:11-07:00,2019-10-22 15:29:00-07:00,2019-10-22 15:29:58-07:00,6.108,8.0,20.0,60.0,America/Los_Angeles
jpl,1_1_193_825_2019-10-22 21:47:15.127013,1-1-193-825,AG-1F01,2019-10-22 14:47:15-07:00,2019-10-22 17:01:12-07:00,2019-10-22 17:02:10-07:00,12.803,21.36,80.0,176.0,America/Los_Angeles
jpl,1_1_193_819_2019-10-22 22:09:51.254979,1-1-193-819,AG-1F06,2019-10-22 15:09:51-07:00,2019-10-22 17:34:13-07:00,2019-10-22 17:35:08-07:00,14.319,20.0,50.0,186.0,America/Los_Angeles
jpl,1_1_179_798_2019-10-22 22:22:54.711921,1-1-179-798,AG-3F18,2019-10-22 15:22:55-07:00,2019-10-22 21:11:05-07:00,2019-10-22 20:56:03-07:00,34.917,48.0,120.0,60.0,America/Los_Angeles
jpl,1_1_178_823_2019-10-22 22:38:37.751444,1-1-178-823,AG-1F08,2019-10-22 15:38:38-07:00,2019-10-22 17:17:05-07:00,2019-10-22 17:18:04-07:00,10.157,24.0,60.0,227.0,America/Los_Angeles
jpl,1_1_191_789_2019-10-22 23:21:40.112291,1-1-191-789,AG-4F52,2019-10-22 16:21:40-07:00,2019-10-22 17:24:00-07:00,2019-10-22 17:24:59-07:00,6.31,24.0,40.0,342.0,America/Los_Angeles
jpl,1_1_193_827_2019-10-22 23:23:37.619905,1-1-193-827,AG-1F02,2019-10-22 16:23:38-07:00,2019-10-22 19:38:20-07:00,2019-10-22 19:39:20-07:00,18.724,24.0,60.0,234.0,America/Los_Angeles
jpl,1_1_178_817_2019-10-22 23:27:48.347452,1-1-178-817,AG-1F09,2019-10-22 16:27:48-07:00,2019-10-22 19:39:07-07:00,2019-10-22 19:40:07-07:00,17.592,80.0,200.0,213.0,America/Los_Angeles
jpl,1_1_194_818_2019-10-22 23:34:47.608007,1-1-194-818,AG-1F14,2019-10-22 16:34:48-07:00,2019-10-22 17:53:25-07:00,2019-10-22 17:54:24-07:00,7.447,40.0,100.0,120.0,America/Los_Angeles
jpl,1_1_193_820_2019-10-22 23:35:50.072567,1-1-193-820,AG-1F04,2019-10-22 16:35:50-07:00,2019-10-23 15:10:12-07:00,2019-10-23 02:58:09-07:00,64.202,70.0,280.0,574.0,America/Los_Angeles
jpl,1_1_194_822_2019-10-23 02:06:39.396364,1-1-194-822,AG-1F12,2019-10-22 19:06:49-07:00,2019-10-23 00:05:16-07:00,2019-10-22 23:31:58-07:00,28.028,28.0,70.0,257.0,America/Los_Angeles
jpl,1_1_193_819_2019-10-23 02:24:52.790634,1-1-193-819,AG-1F06,2019-10-22 19:24:53-07:00,2019-10-23 00:33:38-07:00,2019-10-22 21:14:30-07:00,5.624,8.0,20.0,157.0,America/Los_Angeles
jpl,1_1_194_821_2019-10-23 10:54:26.260743,1-1-194-821,AG-1F13,2019-10-23 03:54:26-07:00,2019-10-23 13:28:05-07:00,2019-10-23 06:46:23-07:00,9.286,16.0,40.0,169.0,America/Los_Angeles
jpl,1_1_178_817_2019-10-23 11:56:24.174023,1-1-178-817,AG-1F09,2019-10-23 04:56:24-07:00,2019-10-23 18:04:56-07:00,2019-10-23 14:07:39-07:00,31.826,36.63,110.0,720.0,America/Los_Angeles
jpl,1_1_178_828_2019-10-23 12:03:28.981649,1-1-178-828,AG-1F10,2019-10-23 05:03:29-07:00,2019-10-23 14:38:10-07:00,2019-10-23 07:19:39-07:00,6.256,8.0,20.0,60.0,America/Los_Angeles
jpl,1_1_194_822_2019-10-23 12:33:46.960033,1-1-194-822,AG-1F12,2019-10-23 05:33:47-07:00,2019-10-23 15:42:14-07:00,2019-10-23 15:14:55-07:00,14.989,13.32,40.0,521.0,America/Los_Angeles
jpl,1_1_178_823_2019-10-23 12:44:49.469124,1-1-178-823,AG-1F08,2019-10-23 05:44:49-07:00,2019-10-23 15:34:05-07:00,2019-10-23 08:34:56-07:00,13.31,20.0,50.0,60.0,America/Los_Angeles
jpl,1_1_179_799_2019-10-23 12:45:44.528896,1-1-179-799,AG-3F25,2019-10-23 05:45:45-07:00,2019-10-23 16:06:52-07:00,2019-10-23 15:42:11-07:00,19.259,35.01,90.0,562.0,America/Los_Angeles
jpl,1_1_193_819_2019-10-23 12:45:55.870558,1-1-193-819,AG-1F06,2019-10-23 05:45:56-07:00,2019-10-23 15:33:21-07:00,2019-10-23 15:17:48-07:00,9.71,12.0,20.0,597.0,America/Los_Angeles
jpl,1_1_179_796_2019-10-23 12:51:00.257288,1-1-179-796,AG-3F24,2019-10-23 05:51:00-07:00,2019-10-23 15:10:24-07:00,2019-10-23 13:37:20-07:00,41.7,56.0,140.0,453.0,America/Los_Angeles
jpl,1_1_179_801_2019-10-23 12:59:18.371395,1-1-179-801,AG-3F21,2019-10-23 05:59:18-07:00,2019-10-23 14:55:03-07:00,2019-10-23 12:42:46-07:00,36.031,36.0,160.0,534.0,America/Los_Angeles
jpl,1_1_193_827_2019-10-23 13:03:00.201067,1-1-193-827,AG-1F02,2019-10-23 06:03:00-07:00,2019-10-23 14:29:19-07:00,2019-10-23 11:39:21-07:00,12.961,16.0,40.0,383.0,America/Los_Angeles
jpl,1_1_179_798_2019-10-23 13:15:11.374522,1-1-179-798,AG-3F18,2019-10-23 06:15:22-07:00,2019-10-23 08:51:29-07:00,2019-10-23 08:24:10-07:00,6.579,8.0,20.0,252.0,America/Los_Angeles
jpl,1_1_179_809_2019-10-23 13:21:45.432973,1-1-179-809,AG-3F27,2019-10-23 06:22:00-07:00,2019-10-23 08:14:31-07:00,2019-10-23 07:57:19-07:00,9.019,24.0,60.0,519.0,America/Los_Angeles
jpl,1_1_178_824_2019-10-23 13:22:44.010327,1-1-178-824,AG-1F07,2019-10-23 06:22:44-07:00,2019-10-23 18:22:26-07:00,2019-10-23 11:30:11-07:00,31.197,80.0,200.0,720.0,America/Los_Angeles
jpl,1_1_193_829_2019-10-23 13:22:51.276826,1-1-193-829,AG-1F03,2019-10-23 06:22:51-07:00,2019-10-23 15:48:40-07:00,2019-10-23 15:04:40-07:00,8.035,8.0,20.0,281.0,America/Los_Angeles
jpl,1_1_193_825_2019-10-23 13:23:33.529278,1-1-193-825,AG-1F01,2019-10-23 06:23:34-07:00,2019-10-23 16:24:19-07:00,2019-10-23 10:08:51-07:00,13.664,40.0,100.0,591.0,America/Los_Angeles
jpl,1_1_193_816_2019-10-23 13:24:07.728167,1-1-193-816,AG-1F05,2019-10-23 06:24:08-07:00,2019-10-23 11:57:46-07:00,2019-10-23 11:07:20-07:00,13.575,20.0,50.0,181.0,America/Los_Angeles
jpl,1_1_191_804_2019-10-23 13:25:22.176067,1-1-191-804,AG-4F34,2019-10-23 06:25:44-07:00,2019-10-23 16:04:34-07:00,2019-10-23 11:34:57-07:00,28.224,45.0,180.0,484.0,America/Los_Angeles
jpl,1_1_179_787_2019-10-23 13:25:57.579190,1-1-179-787,AG-3F16,2019-10-23 06:25:58-07:00,2019-10-23 15:48:30-07:00,2019-10-23 15:44:41-07:00,0.899,0.0,0.0,0.0,America/Los_Angeles
jpl,1_1_179_800_2019-10-23 13:32:40.925671,1-1-179-800,AG-3F32,2019-10-23 06:32:41-07:00,2019-10-23 12:46:00-07:00,2019-10-23 11:11:38-07:00,22.512,40.0,100.0,720.0,America/Los_Angeles
jpl,1_1_179_797_2019-10-23 13:37:29.388108,1-1-179-797,AG-3F23,2019-10-23 06:37:29-07:00,2019-10-23 16:15:31-07:00,2019-10-23 08:22:27-07:00,5.076,20.0,50.0,60.0,America/Los_Angeles
jpl,1_1_179_810_2019-10-23 13:42:28.979374,1-1-179-810,AG-3F30,2019-10-23 06:42:29-07:00,2019-10-23 17:42:33-07:00,2019-10-23 12:10:43-07:00,35.039,60.0,150.0,515.0,America/Los_Angeles
jpl,1_1_179_783_2019-10-23 13:43:00.259351,1-1-179-783,AG-3F29,2019-10-23 06:43:00-07:00,2019-10-23 16:38:15-07:00,2019-10-23 16:34:48-07:00,0.818,0.0,0.0,0.0,America/Los_Angeles
jpl,1_1_179_788_2019-10-23 13:43:48.674225,1-1-179-788,AG-3F22,2019-10-23 06:43:56-07:00,2019-10-23 16:20:48-07:00,2019-10-23 11:29:39-07:00,13.231,12.0,20.0,321.0,America/Los_Angeles
jpl,1_1_194_826_2019-10-23 13:44:37.341732,1-1-194-826,AG-1F11,2019-10-23 06:44:37-07:00,2019-10-23 16:38:21-07:00,2019-10-23 10:27:56-07:00,6.536,12.0,30.0,587.0,America/Los_Angeles
jpl,1_1_179_791_2019-10-23 13:48:08.794608,1-1-179-791,AG-3F26,2019-10-23 06:48:09-07:00,2019-10-23 15:56:45-07:00,2019-10-23 15:40:24-07:00,38.432,40.0,100.0,540.0,America/Los_Angeles
jpl,1_1_179_781_2019-10-23 13:56:59.777977,1-1-179-781,AG-3F31,2019-10-23 06:57:00-07:00,2019-10-23 11:38:26-07:00,2019-10-23 11:39:25-07:00,19.051,28.0,70.0,188.0,America/Los_Angeles
jpl,1_1_194_818_2019-10-23 13:58:35.510093,1-1-194-818,AG-1F14,2019-10-23 06:58:36-07:00,2019-10-23 17:48:05-07:00,2019-10-23 17:42:19-07:00,12.155,15.0,40.0,509.0,America/Los_Angeles
jpl,1_1_179_777_2019-10-23 13:58:45.639160,1-1-179-777,AG-3F28,2019-10-23 06:59:03-07:00,2019-10-23 18:22:38-07:00,2019-10-23 11:21:42-07:00,27.261,77.22,270.0,627.0,America/Los_Angeles
jpl,1_1_179_815_2019-10-23 14:04:29.293561,1-1-179-815,AG-3F33,2019-10-23 07:04:30-07:00,2019-10-23 19:03:05-07:00,2019-10-23 15:13:25-07:00,8.014,8.0,20.0,60.0,America/Los_Angeles
jpl,1_1_179_813_2019-10-23 14:07:53.771095,1-1-179-813,AG-3F15,2019-10-23 07:07:54-07:00,2019-10-23 17:27:31-07:00,2019-10-23 10:49:14-07:00,6.741,20.0,50.0,491.0,America/Los_Angeles
jpl,1_1_191_807_2019-10-23 14:07:50.239891,1-1-191-807,AG-4F47,2019-10-23 07:08:01-07:00,2019-10-23 17:13:58-07:00,2019-10-23 10:37:25-07:00,13.747,32.0,80.0,530.0,America/Los_Angeles
jpl,1_1_179_790_2019-10-23 14:14:20.677257,1-1-179-790,AG-3F19,2019-10-23 07:14:32-07:00,2019-10-23 15:04:48-07:00,2019-10-23 12:32:53-07:00,13.378,15.0,60.0,466.0,America/Los_Angeles
jpl,1_1_179_779_2019-10-23 14:14:17.916496,1-1-179-779,AG-3F17,2019-10-23 07:14:33-07:00,2019-10-23 16:34:52-07:00,2019-10-23 16:35:51-07:00,16.384,19.98,60.0,466.0,America/Los_Angeles
jpl,1_1_191_802_2019-10-23 14:16:33.018001,1-1-191-802,AG-4F44,2019-10-23 07:16:33-07:00,2019-10-23 16:36:20-07:00,2019-10-23 15:51:05-07:00,12.449,32.0,80.0,469.0,America/Los_Angeles
jpl,1_1_191_785_2019-10-23 14:18:01.525986,1-1-191-785,AG-4F48,2019-10-23 07:18:02-07:00,2019-10-23 09:40:36-07:00,2019-10-23 09:41:36-07:00,6.305,32.0,80.0,135.0,America/Los_Angeles
jpl,1_1_179_794_2019-10-23 14:20:31.675212,1-1-179-794,AG-3F20,2019-10-23 07:20:32-07:00,2019-10-23 20:40:37-07:00,2019-10-23 20:21:51-07:00,11.911,30.0,50.0,495.0,America/Los_Angeles
jpl,1_1_191_789_2019-10-23 14:21:28.058493,1-1-191-789,AG-4F52,2019-10-23 07:21:28-07:00,2019-10-23 16:19:07-07:00,2019-10-23 14:32:51-07:00,17.522,102.74,220.0,627.0,America/Los_Angeles
jpl,1_1_191_792_2019-10-23 14:22:19.241342,1-1-191-792,AG-4F37,2019-10-23 07:22:19-07:00,2019-10-23 16:13:32-07:00,2019-10-23 12:49:24-07:00,12.038,8.0,20.0,249.0,America/Los_Angeles
jpl,1_1_191_778_2019-10-23 14:25:40.871631,1-1-191-778,AG-4F43,2019-10-23 07:25:41-07:00,2019-10-23 18:39:57-07:00,2019-10-23 10:39:46-07:00,6.42,10.15,29.0,161.0,America/Los_Angeles
jpl,1_1_191_795_2019-10-23 14:28:34.681588,1-1-191-795,AG-4F51,2019-10-23 07:28:35-07:00,2019-10-23 11:37:30-07:00,2019-10-23 09:52:53-07:00,8.21,20.0,50.0,246.0,America/Los_Angeles
jpl,1_1_191_782_2019-10-23 14:29:43.352259,1-1-191-782,AG-4F50,2019-10-23 07:29:43-07:00,2019-10-23 16:43:59-07:00,2019-10-23 14:41:34-07:00,45.672,47.5,190.0,512.0,America/Los_Angeles
jpl,1_1_191_806_2019-10-23 14:30:31.461134,1-1-191-806,AG-4F41,2019-10-23 07:30:31-07:00,2019-10-23 18:22:47-07:00,2019-10-23 17:27:37-07:00,5.007,5.0,20.0,252.0,America/Los_Angeles
jpl,1_1_191_808_2019-10-23 14:34:17.760874,1-1-191-808,AG-4F35,2019-10-23 07:34:18-07:00,2019-10-23 17:23:22-07:00,2019-10-23 16:31:53-07:00,50.681,80.0,200.0,632.0,America/Los_Angeles
jpl,1_1_191_780_2019-10-23 14:35:11.417814,1-1-191-780,AG-4F45,2019-10-23 07:35:11-07:00,2019-10-23 17:37:40-07:00,2019-10-23 14:01:35-07:00,9.998,12.0,30.0,591.0,America/Los_Angeles
jpl,1_1_191_805_2019-10-23 14:37:21.115244,1-1-191-805,AG-4F39,2019-10-23 07:37:21-07:00,2019-10-23 18:35:43-07:00,2019-10-23 13:59:25-07:00,13.141,16.0,40.0,650.0,America/Los_Angeles
jpl,1_1_191_786_2019-10-23 14:37:51.042486,1-1-191-786,AG-4F36,2019-10-23 07:37:51-07:00,2019-10-23 15:23:43-07:00,2019-10-23 15:24:38-07:00,28.88,45.0,150.0,260.0,America/Los_Angeles
jpl,1_1_191_803_2019-10-23 14:40:24.825872,1-1-191-803,AG-4F49,2019-10-23 07:40:25-07:00,2019-10-23 18:10:36-07:00,2019-10-23 08:56:17-07:00,2.836,9.99,30.0,304.0,America/Los_Angeles
jpl,1_1_191_784_2019-10-23 14:40:55.240353,1-1-191-784,AG-4F40,2019-10-23 07:40:55-07:00,2019-10-23 16:13:13-07:00,2019-10-23 11:07:45-07:00,14.533,20.44,70.0,487.0,America/Los_Angeles
jpl,1_1_191_812_2019-10-23 14:41:45.167893,1-1-191-812,AG-4F46,2019-10-23 07:41:45-07:00,2019-10-23 17:49:21-07:00,2019-10-23 10:16:57-07:00,9.02,20.0,50.0,326.0,America/Los_Angeles
jpl,1_1_191_811_2019-10-23 14:52:01.275631,1-1-191-811,AG-4F42,2019-10-23 07:52:01-07:00,2019-10-23 15:04:15-07:00,2019-10-23 15:05:15-07:00,41.882,59.5,170.0,432.0,America/Los_Angeles
jpl,1_1_191_793_2019-10-23 15:04:32.867686,1-1-191-793,AG-4F38,2019-10-23 08:04:33-07:00,2019-10-23 13:23:17-07:00,2019-10-23 12:47:07-07:00,10.812,6.66,20.0,246.0,America/Los_Angeles
jpl,1_1_179_809_2019-10-23 15:21:45.283282,1-1-179-809,AG-3F27,2019-10-23 08:21:56-07:00,2019-10-23 15:43:10-07:00,2019-10-23 08:34:57-07:00,0.506,8.0,20.0,404.0,America/Los_Angeles
jpl,1_1_179_798_2019-10-23 16:09:12.591002,1-1-179-798,AG-3F18,2019-10-23 09:09:13-07:00,2019-10-23 13:49:20-07:00,2019-10-23 12:12:24-07:00,18.15,24.0,60.0,238.0,America/Los_Angeles
jpl,1_1_191_785_2019-10-23 16:57:01.167847,1-1-191-785,AG-4F48,2019-10-23 09:57:01-07:00,2019-10-23 16:16:03-07:00,2019-10-23 15:38:57-07:00,27.362,40.0,100.0,476.0,America/Los_Angeles
jpl,1_1_191_795_2019-10-23 18:40:19.429383,1-1-191-795,AG-4F51,2019-10-23 11:40:19-07:00,2019-10-23 16:33:39-07:00,2019-10-23 13:04:08-07:00,4.045,15.0,50.0,286.0,America/Los_Angeles
jpl,1_1_179_781_2019-10-23 18:42:41.982144,1-1-179-781,AG-3F31,2019-10-23 11:42:42-07:00,2019-10-23 12:56:20-07:00,2019-10-23 12:57:19-07:00,7.348,75.0,300.0,465.0,America/Los_Angeles
jpl,1_1_193_816_2019-10-23 19:01:42.765704,1-1-193-816,AG-1F05,2019-10-23 12:01:43-07:00,2019-10-23 17:11:43-07:00,2019-10-23 13:59:29-07:00,10.014,20.0,50.0,295.0,America/Los_Angeles
jpl,1_1_179_800_2019-10-23 19:52:04.907002,1-1-179-800,AG-3F32,2019-10-23 12:52:19-07:00,2019-10-23 17:00:03-07:00,2019-10-23 17:01:02-07:00,25.744,32.0,80.0,282.0,America/Los_Angeles
jpl,1_1_179_781_2019-10-23 20:06:22.517084,1-1-179-781,AG-3F31,2019-10-23 13:06:23-07:00,2019-10-23 16:35:57-07:00,2019-10-23 16:26:34-07:00,20.012,20.0,50.0,376.0,America/Los_Angeles
jpl,1_1_191_793_2019-10-23 20:28:28.994737,1-1-191-793,AG-4F38,2019-10-23 13:28:29-07:00,2019-10-23 18:33:53-07:00,2019-10-23 18:34:52-07:00,32.128,68.0,170.0,454.0,America/Los_Angeles
jpl,1_1_194_821_2019-10-23 20:32:43.494822,1-1-194-821,AG-1F13,2019-10-23 13:32:44-07:00,2019-10-23 17:34:50-07:00,2019-10-23 14:32:46-07:00,6.105,40.0,100.0,210.0,America/Los_Angeles
jpl,1_1_179_798_2019-10-23 21:13:38.051606,1-1-179-798,AG-3F18,2019-10-23 14:13:38-07:00,2019-10-23 17:13:12-07:00,2019-10-23 17:14:12-07:00,18.189,21.36,80.0,199.0,America/Los_Angeles
jpl,1_1_193_827_2019-10-23 21:34:18.556138,1-1-193-827,AG-1F02,2019-10-23 14:34:19-07:00,2019-10-23 15:37:30-07:00,2019-10-23 15:38:29-07:00,3.495,8.0,20.0,60.0,America/Los_Angeles
jpl,1_1_178_828_2019-10-23 21:46:50.510273,1-1-178-828,AG-1F10,2019-10-23 14:46:50-07:00,2019-10-23 18:12:49-07:00,2019-10-23 16:34:49-07:00,8.924,48.0,120.0,420.0,America/Los_Angeles
jpl,1_1_179_801_2019-10-23 22:03:42.678083,1-1-179-801,AG-3F21,2019-10-23 15:03:43-07:00,2019-10-23 16:49:43-07:00,2019-10-23 16:50:43-07:00,10.822,16.0,40.0,220.0,America/Los_Angeles
jpl,1_1_191_811_2019-10-23 22:09:58.066750,1-1-191-811,AG-4F42,2019-10-23 15:09:58-07:00,2019-10-23 21:01:33-07:00,2019-10-23 21:02:32-07:00,37.724,26.55,90.0,167.0,America/Los_Angeles
jpl,1_1_193_820_2019-10-23 22:18:00.361711,1-1-193-820,AG-1F04,2019-10-23 15:18:00-07:00,2019-10-23 17:39:33-07:00,2019-10-23 17:08:17-07:00,5.427,12.0,30.0,129.0,America/Los_Angeles
jpl,1_1_179_790_2019-10-23 22:31:07.643150,1-1-179-790,AG-3F19,2019-10-23 15:31:08-07:00,2019-10-23 17:08:28-07:00,2019-10-23 16:51:55-07:00,3.618,8.0,20.0,115.0,America/Los_Angeles
jpl,1_1_193_827_2019-10-23 22:53:03.381036,1-1-193-827,AG-1F02,2019-10-23 15:53:03-07:00,2019-10-23 18:58:01-07:00,2019-10-23 18:59:00-07:00,9.632,12.0,30.0,60.0,America/Los_Angeles
jpl,1_1_193_829_2019-10-23 22:59:03.026866,1-1-193-829,AG-1F03,2019-10-23 15:59:03-07:00,2019-10-23 17:43:29-07:00,2019-10-23 17:44:28-07:00,9.452,16.0,40.0,60.0,America/Los_Angeles
jpl,1_1_193_819_2019-10-23 23:12:36.664680,1-1-193-819,AG-1F06,2019-10-23 16:12:50-07:00,2019-10-23 18:44:09-07:00,2019-10-23 18:45:09-07:00,13.223,36.0,90.0,328.0,America/Los_Angeles
jpl,1_1_178_823_2019-10-23 23:24:33.264313,1-1-178-823,AG-1F08,2019-10-23 16:24:44-07:00,2019-10-23 19:01:07-07:00,2019-10-23 18:31:50-07:00,11.918,20.0,50.0,273.0,America/Los_Angeles
jpl,1_1_193_825_2019-10-24 00:11:36.492992,1-1-193-825,AG-1F01,2019-10-23 17:11:36-07:00,2019-10-23 17:46:57-07:00,2019-10-23 17:44:00-07:00,0.878,0.0,0.0,0.0,America/Los_Angeles
jpl,1_1_193_820_2019-10-24 00:57:08.743687,1-1-193-820,AG-1F04,2019-10-23 17:57:09-07:00,2019-10-23 19:30:48-07:00,2019-10-23 19:31:48-07:00,9.864,16.0,40.0,80.0,America/Los_Angeles
jpl,1_1_194_821_2019-10-24 01:04:46.651282,1-1-194-821,AG-1F13,2019-10-23 18:04:47-07:00,2019-10-23 18:41:02-07:00,2019-10-23 18:42:01-07:00,3.667,40.0,100.0,413.0,America/Los_Angeles
jpl,1_1_178_823_2019-10-24 05:06:03.543968,1-1-178-823,AG-1F08,2019-10-23 22:06:04-07:00,2019-10-24 00:38:42-07:00,2019-10-23 23:54:34-07:00,5.603,8.0,20.0,157.0,America/Los_Angeles
jpl,1_1_194_821_2019-10-24 10:56:44.241509,1-1-194-821,AG-1F13,2019-10-24 03:56:44-07:00,2019-10-24 13:27:17-07:00,2019-10-24 06:41:40-07:00,9.392,16.0,40.0,169.0,America/Los_Angeles
jpl,1_1_178_828_2019-10-24 11:59:36.696724,1-1-178-828,AG-1F10,2019-10-24 04:59:37-07:00,2019-10-24 14:36:25-07:00,2019-10-24 07:16:06-07:00,6.423,8.0,20.0,60.0,America/Los_Angeles
jpl,1_1_178_817_2019-10-24 12:14:11.810504,1-1-178-817,AG-1F09,2019-10-24 05:14:12-07:00,2019-10-24 14:31:05-07:00,2019-10-24 11:41:26-07:00,29.052,36.63,110.0,720.0,America/Los_Angeles
jpl,1_1_191_789_2019-10-24 12:41:07.140789,1-1-191-789,AG-4F52,2019-10-24 05:41:07-07:00,2019-10-24 16:07:57-07:00,2019-10-24 07:39:57-07:00,5.716,8.0,20.0,60.0,America/Los_Angeles
jpl,1_1_178_823_2019-10-24 12:45:48.351741,1-1-178-823,AG-1F08,2019-10-24 05:45:48-07:00,2019-10-24 13:54:35-07:00,2019-10-24 12:05:34-07:00,12.63,12.0,20.0,597.0,America/Los_Angeles
jpl,1_1_193_829_2019-10-24 12:49:44.677152,1-1-193-829,AG-1F03,2019-10-24 05:49:45-07:00,2019-10-24 15:55:26-07:00,2019-10-24 07:58:21-07:00,6.6,8.0,20.0,60.0,America/Los_Angeles
jpl,1_1_193_819_2019-10-24 12:56:33.841313,1-1-193-819,AG-1F06,2019-10-24 05:56:34-07:00,2019-10-24 16:00:13-07:00,2019-10-24 08:38:36-07:00,12.846,16.0,40.0,383.0,America/Los_Angeles
jpl,1_1_194_826_2019-10-24 13:06:23.630713,1-1-194-826,AG-1F11,2019-10-24 06:06:24-07:00,2019-10-24 16:51:53-07:00,2019-10-24 11:53:19-07:00,16.03,20.0,50.0,528.0,America/Los_Angeles
jpl,1_1_179_791_2019-10-24 13:08:20.391292,1-1-179-791,AG-3F26,2019-10-24 06:08:20-07:00,2019-10-24 11:41:04-07:00,2019-10-24 09:02:43-07:00,6.916,8.0,20.0,188.0,America/Los_Angeles
jpl,1_1_193_820_2019-10-24 13:21:48.362935,1-1-193-820,AG-1F04,2019-10-24 06:21:48-07:00,2019-10-24 11:05:56-07:00,2019-10-24 10:47:25-07:00,13.569,20.0,50.0,181.0,America/Los_Angeles
jpl,1_1_193_825_2019-10-24 13:23:21.612991,1-1-193-825,AG-1F01,2019-10-24 06:23:22-07:00,2019-10-24 16:27:28-07:00,2019-10-24 08:56:43-07:00,13.889,40.0,100.0,591.0,America/Los_Angeles
jpl,1_1_191_804_2019-10-24 13:23:45.438261,1-1-191-804,AG-4F34,2019-10-24 06:24:05-07:00,2019-10-24 18:06:20-07:00,2019-10-24 12:19:17-07:00,30.48,45.0,180.0,484.0,America/Los_Angeles
jpl,1_1_178_824_2019-10-24 13:26:59.332848,1-1-178-824,AG-1F07,2019-10-24 06:26:59-07:00,2019-10-24 15:57:28-07:00,2019-10-24 11:11:19-07:00,8.015,8.0,20.0,281.0,America/Los_Angeles
jpl,1_1_179_796_2019-10-24 13:27:36.882174,1-1-179-796,AG-3F24,2019-10-24 06:27:43-07:00,2019-10-24 16:23:57-07:00,2019-10-24 11:37:24-07:00,13.232,12.0,20.0,321.0,America/Los_Angeles
jpl,1_1_193_827_2019-10-24 13:31:37.982413,1-1-193-827,AG-1F02,2019-10-24 06:31:38-07:00,2019-10-24 15:41:30-07:00,2019-10-24 13:58:58-07:00,8.897,12.0,30.0,503.0,America/Los_Angeles
jpl,1_1_179_799_2019-10-24 13:35:08.176758,1-1-179-799,AG-3F25,2019-10-24 06:35:52-07:00,2019-10-24 16:37:21-07:00,2019-10-24 13:31:10-07:00,22.807,40.0,100.0,447.0,America/Los_Angeles
jpl,1_1_193_816_2019-10-24 13:37:01.410085,1-1-193-816,AG-1F05,2019-10-24 06:37:12-07:00,2019-10-24 13:13:34-07:00,2019-10-24 10:54:00-07:00,11.595,42.0,120.0,305.0,America/Los_Angeles
jpl,1_1_179_809_2019-10-24 13:37:07.461659,1-1-179-809,AG-3F27,2019-10-24 06:37:22-07:00,2019-10-24 15:35:25-07:00,2019-10-24 10:16:05-07:00,23.067,77.22,270.0,627.0,America/Los_Angeles
jpl,1_1_179_815_2019-10-24 13:38:45.212558,1-1-179-815,AG-3F33,2019-10-24 06:38:45-07:00,2019-10-24 15:36:00-07:00,2019-10-24 11:30:07-07:00,9.902,16.0,40.0,566.0,America/Los_Angeles
jpl,1_1_179_810_2019-10-24 13:42:23.170074,1-1-179-810,AG-3F30,2019-10-24 06:42:44-07:00,2019-10-24 14:01:05-07:00,2019-10-24 13:04:00-07:00,37.175,36.0,90.0,326.0,America/Los_Angeles
jpl,1_1_179_783_2019-10-24 13:46:21.355949,1-1-179-783,AG-3F29,2019-10-24 06:46:21-07:00,2019-10-24 15:37:34-07:00,2019-10-24 08:16:32-07:00,3.123,8.0,20.0,350.0,America/Los_Angeles
jpl,1_1_179_800_2019-10-24 13:46:40.443287,1-1-179-800,AG-3F32,2019-10-24 06:46:40-07:00,2019-10-24 16:22:41-07:00,2019-10-24 16:23:40-07:00,27.77,40.0,160.0,545.0,America/Los_Angeles
jpl,1_1_179_788_2019-10-24 13:52:44.760416,1-1-179-788,AG-3F22,2019-10-24 06:52:45-07:00,2019-10-24 16:48:16-07:00,2019-10-24 12:29:10-07:00,12.043,30.0,50.0,495.0,America/Los_Angeles
jpl,1_1_191_802_2019-10-24 13:52:04.023741,1-1-191-802,AG-4F44,2019-10-24 06:52:54-07:00,2019-10-24 16:25:06-07:00,2019-10-24 14:56:38-07:00,12.052,12.0,30.0,568.0,America/Los_Angeles
jpl,1_1_179_797_2019-10-24 13:54:25.731561,1-1-179-797,AG-3F23,2019-10-24 06:54:26-07:00,2019-10-24 11:57:09-07:00,2019-10-24 11:58:08-07:00,20.099,40.0,100.0,720.0,America/Los_Angeles
jpl,1_1_179_794_2019-10-24 13:55:35.631089,1-1-179-794,AG-3F20,2019-10-24 06:55:36-07:00,2019-10-24 17:51:38-07:00,2019-10-24 17:22:21-07:00,16.029,16.0,40.0,496.0,America/Los_Angeles
jpl,1_1_179_801_2019-10-24 13:58:36.791288,1-1-179-801,AG-3F21,2019-10-24 06:58:37-07:00,2019-10-24 17:11:04-07:00,2019-10-24 08:49:53-07:00,5.068,20.0,50.0,60.0,America/Los_Angeles
jpl,1_1_179_777_2019-10-24 13:58:50.216047,1-1-179-777,AG-3F28,2019-10-24 06:59:06-07:00,2019-10-24 16:36:17-07:00,2019-10-24 09:12:22-07:00,5.901,8.0,20.0,60.0,America/Los_Angeles
jpl,1_1_194_822_2019-10-24 14:00:36.593135,1-1-194-822,AG-1F12,2019-10-24 07:00:37-07:00,2019-10-24 16:51:16-07:00,2019-10-24 09:16:22-07:00,6.613,12.0,30.0,587.0,America/Los_Angeles
jpl,1_1_179_798_2019-10-24 14:02:55.301138,1-1-179-798,AG-3F18,2019-10-24 07:02:55-07:00,2019-10-24 17:29:22-07:00,2019-10-24 16:16:24-07:00,12.73,16.0,40.0,525.0,America/Los_Angeles
jpl,1_1_194_818_2019-10-24 14:05:32.989880,1-1-194-818,AG-1F14,2019-10-24 07:05:33-07:00,2019-10-24 15:32:20-07:00,2019-10-24 14:37:06-07:00,0.725,0.0,0.0,0.0,America/Los_Angeles
jpl,1_1_191_785_2019-10-24 14:06:50.740689,1-1-191-785,AG-4F48,2019-10-24 07:06:51-07:00,2019-10-24 16:31:17-07:00,2019-10-24 11:27:28-07:00,7.409,12.0,30.0,591.0,America/Los_Angeles
jpl,1_1_179_787_2019-10-24 14:08:46.208651,1-1-179-787,AG-3F16,2019-10-24 07:09:02-07:00,2019-10-24 16:30:35-07:00,2019-10-24 16:27:42-07:00,16.433,19.98,60.0,466.0,America/Los_Angeles
jpl,1_1_179_779_2019-10-24 14:15:16.810991,1-1-179-779,AG-3F17,2019-10-24 07:15:17-07:00,2019-10-24 16:28:37-07:00,2019-10-24 16:22:51-07:00,20.433,32.0,80.0,469.0,America/Los_Angeles
jpl,1_1_179_790_2019-10-24 14:16:46.010756,1-1-179-790,AG-3F19,2019-10-24 07:16:46-07:00,2019-10-24 16:15:40-07:00,2019-10-24 15:11:38-07:00,43.995,102.74,220.0,627.0,America/Los_Angeles
jpl,1_1_179_813_2019-10-24 14:18:00.580276,1-1-179-813,AG-3F15,2019-10-24 07:18:01-07:00,2019-10-24 19:16:16-07:00,2019-10-24 13:20:45-07:00,28.73,40.5,90.0,414.0,America/Los_Angeles
jpl,1_1_179_781_2019-10-24 14:18:40.033128,1-1-179-781,AG-3F31,2019-10-24 07:18:40-07:00,2019-10-24 18:03:42-07:00,2019-10-24 10:28:23-07:00,19.264,40.04,140.0,720.0,America/Los_Angeles
jpl,1_1_191_780_2019-10-24 14:21:19.799672,1-1-191-780,AG-4F45,2019-10-24 07:21:20-07:00,2019-10-24 17:21:14-07:00,2019-10-24 13:49:18-07:00,15.612,20.0,50.0,531.0,America/Los_Angeles
jpl,1_1_191_795_2019-10-24 14:21:40.510297,1-1-191-795,AG-4F51,2019-10-24 07:21:41-07:00,2019-10-24 13:49:11-07:00,2019-10-24 12:07:46-07:00,16.949,32.0,80.0,414.0,America/Los_Angeles
jpl,1_1_191_778_2019-10-24 14:23:23.712864,1-1-191-778,AG-4F43,2019-10-24 07:23:24-07:00,2019-10-24 11:18:32-07:00,2019-10-24 09:43:25-07:00,10.166,48.0,120.0,60.0,America/Los_Angeles
jpl,1_1_191_786_2019-10-24 14:23:24.129851,1-1-191-786,AG-4F36,2019-10-24 07:23:24-07:00,2019-10-24 14:41:29-07:00,2019-10-24 14:42:28-07:00,45.303,63.0,180.0,660.0,America/Los_Angeles
jpl,1_1_191_792_2019-10-24 14:23:54.054441,1-1-191-792,AG-4F37,2019-10-24 07:23:54-07:00,2019-10-24 13:21:47-07:00,2019-10-24 10:04:49-07:00,5.228,6.66,20.0,493.0,America/Los_Angeles
jpl,1_1_191_803_2019-10-24 14:23:55.341497,1-1-191-803,AG-4F49,2019-10-24 07:23:55-07:00,2019-10-24 16:09:49-07:00,2019-10-24 16:09:22-07:00,40.209,54.0,180.0,535.0,America/Los_Angeles
jpl,1_1_191_807_2019-10-24 14:24:22.377884,1-1-191-807,AG-4F47,2019-10-24 07:24:22-07:00,2019-10-24 16:55:47-07:00,2019-10-24 13:24:14-07:00,14.452,32.0,80.0,530.0,America/Los_Angeles
jpl,1_1_191_805_2019-10-24 14:25:23.029785,1-1-191-805,AG-4F39,2019-10-24 07:25:24-07:00,2019-10-24 15:27:40-07:00,2019-10-24 11:39:03-07:00,7.593,8.0,20.0,249.0,America/Los_Angeles
jpl,1_1_191_808_2019-10-24 14:26:36.511000,1-1-191-808,AG-4F35,2019-10-24 07:26:37-07:00,2019-10-24 16:39:14-07:00,2019-10-24 15:58:58-07:00,14.247,36.0,60.0,426.0,America/Los_Angeles
jpl,1_1_191_784_2019-10-24 14:30:12.931276,1-1-191-784,AG-4F40,2019-10-24 07:30:13-07:00,2019-10-24 17:15:21-07:00,2019-10-24 09:56:57-07:00,5.275,8.0,20.0,467.0,America/Los_Angeles
jpl,1_1_191_793_2019-10-24 14:38:32.540759,1-1-191-793,AG-4F38,2019-10-24 07:38:33-07:00,2019-10-24 16:54:15-07:00,2019-10-24 11:52:32-07:00,13.486,24.0,40.0,342.0,America/Los_Angeles
jpl,1_1_191_812_2019-10-24 14:38:47.707906,1-1-191-812,AG-4F46,2019-10-24 07:38:48-07:00,2019-10-24 17:40:13-07:00,2019-10-24 11:03:43-07:00,7.296,8.0,20.0,595.0,America/Los_Angeles
jpl,1_1_191_811_2019-10-24 14:38:49.502603,1-1-191-811,AG-4F42,2019-10-24 07:38:49-07:00,2019-10-24 16:42:19-07:00,2019-10-24 13:51:22-07:00,38.66,60.0,150.0,642.0,America/Los_Angeles
jpl,1_1_191_782_2019-10-24 14:40:06.007961,1-1-191-782,AG-4F50,2019-10-24 07:40:06-07:00,2019-10-24 12:29:01-07:00,2019-10-24 09:58:10-07:00,4.656,8.0,20.0,60.0,America/Los_Angeles
jpl,1_1_191_806_2019-10-24 14:41:25.694376,1-1-191-806,AG-4F41,2019-10-24 07:41:33-07:00,2019-10-24 17:02:39-07:00,2019-10-24 13:33:51-07:00,20.762,25.74,90.0,555.0,America/Los_Angeles
jpl,1_1_193_820_2019-10-24 18:11:42.696555,1-1-193-820,AG-1F04,2019-10-24 11:11:43-07:00,2019-10-24 16:45:02-07:00,2019-10-24 16:46:01-07:00,30.872,48.72,140.0,317.0,America/Los_Angeles
jpl,1_1_191_778_2019-10-24 18:34:32.791144,1-1-191-778,AG-4F43,2019-10-24 11:34:33-07:00,2019-10-24 17:28:53-07:00,2019-10-24 13:23:51-07:00,4.617,12.0,30.0,60.0,America/Los_Angeles
jpl,1_1_179_797_2019-10-24 19:00:26.352959,1-1-179-797,AG-3F23,2019-10-24 12:00:26-07:00,2019-10-24 17:38:09-07:00,2019-10-24 16:25:55-07:00,3.162,12.0,30.0,272.0,America/Los_Angeles
jpl,1_1_179_791_2019-10-24 19:03:55.512653,1-1-179-791,AG-3F26,2019-10-24 12:03:56-07:00,2019-10-24 14:26:23-07:00,2019-10-24 14:27:22-07:00,7.755,20.0,50.0,172.0,America/Los_Angeles
jpl,1_1_191_782_2019-10-24 19:37:41.471262,1-1-191-782,AG-4F50,2019-10-24 12:37:41-07:00,2019-10-24 16:57:03-07:00,2019-10-24 16:56:36-07:00,24.062,26.7,100.0,253.0,America/Los_Angeles
jpl,1_1_191_792_2019-10-24 20:23:57.335856,1-1-191-792,AG-4F37,2019-10-24 13:23:57-07:00,2019-10-24 17:15:05-07:00,2019-10-24 17:16:04-07:00,24.126,63.25,110.0,588.0,America/Los_Angeles
jpl,1_1_193_816_2019-10-24 20:53:26.040785,1-1-193-816,AG-1F05,2019-10-24 13:53:26-07:00,2019-10-24 20:19:26-07:00,2019-10-24 20:20:25-07:00,33.246,37.5,150.0,376.0,America/Los_Angeles
jpl,1_1_194_821_2019-10-24 21:02:01.908839,1-1-194-821,AG-1F13,2019-10-24 14:02:02-07:00,2019-10-24 18:35:51-07:00,2019-10-24 17:47:27-07:00,17.869,26.64,80.0,223.0,America/Los_Angeles
jpl,1_1_178_823_2019-10-24 21:02:04.739342,1-1-178-823,AG-1F08,2019-10-24 14:02:05-07:00,2019-10-24 16:13:02-07:00,2019-10-24 16:14:01-07:00,10.407,40.0,100.0,535.0,America/Los_Angeles
jpl,1_1_178_817_2019-10-24 21:39:14.133150,1-1-178-817,AG-1F09,2019-10-24 14:39:14-07:00,2019-10-24 15:20:05-07:00,2019-10-24 15:21:04-07:00,3.648,64.9,220.0,415.0,America/Los_Angeles
jpl,1_1_179_791_2019-10-24 21:53:53.843725,1-1-179-791,AG-3F26,2019-10-24 14:53:54-07:00,2019-10-24 19:37:49-07:00,2019-10-24 17:37:34-07:00,16.012,16.0,40.0,251.0,America/Los_Angeles
jpl,1_1_191_805_2019-10-24 22:31:23.068462,1-1-191-805,AG-4F39,2019-10-24 15:31:33-07:00,2019-10-24 17:05:28-07:00,2019-10-24 17:06:27-07:00,9.582,20.0,50.0,273.0,America/Los_Angeles
jpl,1_1_178_828_2019-10-24 22:53:46.322117,1-1-178-828,AG-1F10,2019-10-24 15:53:46-07:00,2019-10-24 18:11:34-07:00,2019-10-24 18:12:34-07:00,11.416,16.0,40.0,176.0,America/Los_Angeles
jpl,1_1_193_829_2019-10-24 22:58:03.412195,1-1-193-829,AG-1F03,2019-10-24 15:58:03-07:00,2019-10-24 18:08:45-07:00,2019-10-24 17:48:48-07:00,5.426,8.0,20.0,60.0,America/Los_Angeles
jpl,1_1_179_815_2019-10-24 23:02:56.055655,1-1-179-815,AG-3F33,2019-10-24 16:02:56-07:00,2019-10-24 17:19:07-07:00,2019-10-24 17:20:07-07:00,7.75,16.0,40.0,220.0,America/Los_Angeles
jpl,1_1_191_786_2019-10-24 23:16:18.889360,1-1-191-786,AG-4F36,2019-10-24 16:16:19-07:00,2019-10-24 17:00:43-07:00,2019-10-24 17:01:42-07:00,4.391,8.0,20.0,47.0,America/Los_Angeles
jpl,1_1_178_824_2019-10-24 23:19:36.744551,1-1-178-824,AG-1F07,2019-10-24 16:19:37-07:00,2019-10-24 17:34:25-07:00,2019-10-24 17:35:24-07:00,6.203,20.0,50.0,104.0,America/Los_Angeles
jpl,1_1_193_827_2019-10-24 23:25:57.638780,1-1-193-827,AG-1F02,2019-10-24 16:25:58-07:00,2019-10-24 21:11:55-07:00,2019-10-24 21:12:55-07:00,27.279,55.0,220.0,212.0,America/Los_Angeles
jpl,1_1_193_825_2019-10-24 23:36:59.109034,1-1-193-825,AG-1F01,2019-10-24 16:37:08-07:00,2019-10-25 00:00:04-07:00,2019-10-24 19:08:59-07:00,15.237,24.99,70.0,232.0,America/Los_Angeles
jpl,1_1_191_789_2019-10-25 00:04:38.374839,1-1-191-789,AG-4F52,2019-10-24 17:04:38-07:00,2019-10-24 19:05:45-07:00,2019-10-24 19:06:45-07:00,6.806,15.0,30.0,145.0,America/Los_Angeles
jpl,1_1_178_817_2019-10-25 02:41:24.790903,1-1-178-817,AG-1F09,2019-10-24 19:41:25-07:00,2019-10-24 23:16:23-07:00,2019-10-24 23:17:22-07:00,22.556,29.37,110.0,217.0,America/Los_Angeles
jpl,1_1_178_823_2019-10-25 12:46:47.165266,1-1-178-823,AG-1F08,2019-10-25 05:46:47-07:00,2019-10-25 15:46:10-07:00,2019-10-25 10:33:25-07:00,11.694,12.0,20.0,597.0,America/Los_Angeles
jpl,1_1_178_828_2019-10-25 13:26:38.366468,1-1-178-828,AG-1F10,2019-10-25 06:26:38-07:00,2019-10-25 11:24:49-07:00,2019-10-25 09:00:20-07:00,13.382,20.0,50.0,181.0,America/Los_Angeles
jpl,1_1_178_817_2019-10-25 14:07:29.185941,1-1-178-817,AG-1F09,2019-10-25 07:07:29-07:00,2019-10-25 12:53:05-07:00,2019-10-25 07:40:24-07:00,0.843,0.0,0.0,0.0,America/Los_Angeles
jpl,1_1_193_819_2019-10-25 14:11:09.459550,1-1-193-819,AG-1F06,2019-10-25 07:11:10-07:00,2019-10-25 15:53:42-07:00,2019-10-25 09:27:12-07:00,7.658,32.0,80.0,331.0,America/Los_Angeles
jpl,1_1_194_821_2019-10-25 14:19:46.836002,1-1-194-821,AG-1F13,2019-10-25 07:19:53-07:00,2019-10-25 18:39:35-07:00,2019-10-25 16:46:50-07:00,49.382,55.0,220.0,720.0,America/Los_Angeles
jpl,1_1_193_825_2019-10-25 14:25:45.243764,1-1-193-825,AG-1F01,2019-10-25 07:25:45-07:00,2019-10-25 10:24:01-07:00,2019-10-25 10:20:12-07:00,13.415,28.0,70.0,203.0,America/Los_Angeles
jpl,1_1_191_795_2019-10-25 14:37:14.032257,1-1-191-795,AG-4F51,2019-10-25 07:37:14-07:00,2019-10-25 10:36:01-07:00,2019-10-25 10:12:30-07:00,5.015,5.0,20.0,252.0,America/Los_Angeles
jpl,1_1_193_820_2019-10-25 14:45:17.009017,1-1-193-820,AG-1F04,2019-10-25 07:45:17-07:00,2019-10-25 17:25:17-07:00,2019-10-25 09:38:12-07:00,5.505,8.0,20.0,60.0,America/Los_Angeles
jpl,1_1_194_822_2019-10-25 14:47:26.389773,1-1-194-822,AG-1F12,2019-10-25 07:47:26-07:00,2019-10-25 12:08:07-07:00,2019-10-25 11:23:47-07:00,9.845,16.0,40.0,169.0,America/Los_Angeles
jpl,1_1_179_800_2019-10-25 14:50:58.439712,1-1-179-800,AG-3F32,2019-10-25 07:50:58-07:00,2019-10-25 14:02:27-07:00,2019-10-25 12:03:58-07:00,25.014,45.0,150.0,260.0,America/Los_Angeles
jpl,1_1_193_829_2019-10-25 15:12:54.082630,1-1-193-829,AG-1F03,2019-10-25 08:14:06-07:00,2019-10-25 09:34:10-07:00,2019-10-25 09:28:31-07:00,5.295,16.0,40.0,60.0,America/Los_Angeles
jpl,1_1_194_826_2019-10-25 15:25:33.912742,1-1-194-826,AG-1F11,2019-10-25 08:25:34-07:00,2019-10-25 10:47:14-07:00,2019-10-25 10:05:40-07:00,6.79,16.0,40.0,176.0,America/Los_Angeles
jpl,1_1_178_824_2019-10-25 15:43:07.591218,1-1-178-824,AG-1F07,2019-10-25 08:43:08-07:00,2019-10-25 12:42:16-07:00,2019-10-25 12:35:14-07:00,6.145,10.0,20.0,252.0,America/Los_Angeles
jpl,1_1_193_827_2019-10-25 15:58:21.293218,1-1-193-827,AG-1F02,2019-10-25 08:58:21-07:00,2019-10-25 18:30:21-07:00,2019-10-25 11:56:29-07:00,6.254,10.15,29.0,161.0,America/Los_Angeles
jpl,1_1_194_818_2019-10-25 16:02:42.893036,1-1-194-818,AG-1F14,2019-10-25 09:02:43-07:00,2019-10-25 11:10:51-07:00,2019-10-25 11:11:50-07:00,6.057,8.0,20.0,60.0,America/Los_Angeles
jpl,1_1_193_816_2019-10-25 16:06:37.014705,1-1-193-816,AG-1F05,2019-10-25 09:06:37-07:00,2019-10-25 15:19:29-07:00,2019-10-25 15:20:28-07:00,26.518,32.0,80.0,303.0,America/Los_Angeles
jpl,1_1_179_787_2019-10-25 16:20:39.242561,1-1-179-787,AG-3F16,2019-10-25 09:20:39-07:00,2019-10-25 16:20:40-07:00,2019-10-25 12:44:20-07:00,14.79,18.69,70.0,341.0,America/Los_Angeles
jpl,1_1_193_829_2019-10-25 16:41:27.136563,1-1-193-829,AG-1F03,2019-10-25 09:41:27-07:00,2019-10-25 17:52:28-07:00,2019-10-25 13:57:26-07:00,17.009,24.0,60.0,470.0,America/Los_Angeles
jpl,1_1_179_809_2019-10-25 17:08:43.351279,1-1-179-809,AG-3F27,2019-10-25 10:08:43-07:00,2019-10-25 16:23:21-07:00,2019-10-25 15:38:30-07:00,16.005,16.0,40.0,60.0,America/Los_Angeles
jpl,1_1_179_810_2019-10-25 17:26:45.393103,1-1-179-810,AG-3F30,2019-10-25 10:26:45-07:00,2019-10-25 18:16:25-07:00,2019-10-25 14:18:48-07:00,20.027,20.0,100.0,570.0,America/Los_Angeles
jpl,1_1_179_815_2019-10-25 18:06:15.822273,1-1-179-815,AG-3F33,2019-10-25 11:06:16-07:00,2019-10-25 16:02:44-07:00,2019-10-25 16:03:44-07:00,30.606,37.5,150.0,444.0,America/Los_Angeles
jpl,1_1_178_828_2019-10-25 18:51:52.868969,1-1-178-828,AG-1F10,2019-10-25 11:51:53-07:00,2019-10-25 15:36:42-07:00,2019-10-25 15:37:41-07:00,10.294,16.65,50.0,267.0,America/Los_Angeles
jpl,1_1_178_817_2019-10-25 19:54:04.220859,1-1-178-817,AG-1F09,2019-10-25 12:54:04-07:00,2019-10-25 20:34:36-07:00,2019-10-25 20:35:36-07:00,44.331,63.27,190.0,639.0,America/Los_Angeles
jpl,1_1_178_824_2019-10-25 20:47:20.702183,1-1-178-824,AG-1F07,2019-10-25 13:47:21-07:00,2019-10-25 17:30:04-07:00,2019-10-25 15:54:50-07:00,3.31,10.0,20.0,238.0,America/Los_Angeles
jpl,1_1_194_822_2019-10-25 21:01:09.082337,1-1-194-822,AG-1F12,2019-10-25 14:01:09-07:00,2019-10-25 17:59:02-07:00,2019-10-25 18:00:02-07:00,20.091,28.0,140.0,264.0,America/Los_Angeles
jpl,1_1_193_825_2019-10-25 21:07:46.451084,1-1-193-825,AG-1F01,2019-10-25 14:07:46-07:00,2019-10-25 17:14:18-07:00,2019-10-25 17:15:17-07:00,13.463,16.0,40.0,60.0,America/Los_Angeles
jpl,1_1_194_818_2019-10-25 21:28:52.209456,1-1-194-818,AG-1F14,2019-10-25 14:28:52-07:00,2019-10-25 20:56:38-07:00,2019-10-25 19:15:22-07:00,29.56,80.0,200.0,720.0,America/Los_Angeles
jpl,1_1_178_828_2019-10-25 22:45:18.182084,1-1-178-828,AG-1F10,2019-10-25 15:45:18-07:00,2019-10-25 16:54:08-07:00,2019-10-25 16:55:07-07:00,2.066,7.5,30.0,212.0,America/Los_Angeles
jpl,1_1_193_819_2019-10-25 23:14:31.528141,1-1-193-819,AG-1F06,2019-10-25 16:14:32-07:00,2019-10-25 19:20:20-07:00,2019-10-25 19:21:19-07:00,15.42,28.0,70.0,334.0,America/Los_Angeles
jpl,1_1_178_823_2019-10-26 12:44:13.195179,1-1-178-823,AG-1F08,2019-10-26 05:44:13-07:00,2019-10-26 12:06:40-07:00,2019-10-26 09:36:36-07:00,11.426,12.0,20.0,393.0,America/Los_Angeles
jpl,1_1_194_826_2019-10-26 18:18:57.254163,1-1-194-826,AG-1F11,2019-10-26 11:18:57-07:00,2019-10-26 13:57:38-07:00,2019-10-26 12:42:18-07:00,7.438,8.0,20.0,60.0,America/Los_Angeles
jpl,1_1_178_817_2019-10-26 18:24:16.976654,1-1-178-817,AG-1F09,2019-10-26 11:24:17-07:00,2019-10-26 16:51:57-07:00,2019-10-26 16:52:57-07:00,31.825,43.29,130.0,411.0,America/Los_Angeles
jpl,1_1_193_827_2019-10-26 19:55:15.801236,1-1-193-827,AG-1F02,2019-10-26 12:55:23-07:00,2019-10-26 15:53:42-07:00,2019-10-26 15:21:31-07:00,13.946,20.0,50.0,273.0,America/Los_Angeles
jpl,1_1_178_828_2019-10-26 20:45:51.164402,1-1-178-828,AG-1F10,2019-10-26 13:45:51-07:00,2019-10-26 17:24:17-07:00,2019-10-26 17:25:16-07:00,22.358,40.0,100.0,60.0,America/Los_Angeles
jpl,1_1_194_821_2019-10-27 04:01:54.938361,1-1-194-821,AG-1F13,2019-10-26 21:01:55-07:00,2019-10-27 00:23:25-07:00,2019-10-26 23:13:17-07:00,8.435,12.0,30.0,286.0,America/Los_Angeles
jpl,1_1_194_822_2019-10-27 14:38:18.675097,1-1-194-822,AG-1F12,2019-10-27 07:38:19-07:00,2019-10-27 10:01:10-07:00,2019-10-27 09:39:18-07:00,12.621,15.0,60.0,193.0,America/Los_Angeles
jpl,1_1_193_825_2019-10-27 14:58:54.693283,1-1-193-825,AG-1F01,2019-10-27 07:58:55-07:00,2019-10-27 09:47:37-07:00,2019-10-27 09:48:36-07:00,10.996,45.0,150.0,260.0,America/Los_Angeles
jpl,1_1_194_826_2019-10-27 17:05:23.451084,1-1-194-826,AG-1F11,2019-10-27 10:05:23-07:00,2019-10-27 13:28:01-07:00,2019-10-27 13:29:00-07:00,8.73,32.0,80.0,183.0,America/Los_Angeles
jpl,1_1_194_821_2019-10-27 17:44:59.702236,1-1-194-821,AG-1F13,2019-10-27 10:45:00-07:00,2019-10-27 18:31:54-07:00,2019-10-27 15:52:54-07:00,28.034,28.0,140.0,264.0,America/Los_Angeles
jpl,1_1_194_822_2019-10-27 18:00:04.515085,1-1-194-822,AG-1F12,2019-10-27 11:00:04-07:00,2019-10-27 19:31:07-07:00,2019-10-27 12:55:05-07:00,10.513,16.0,40.0,60.0,America/Los_Angeles
jpl,1_1_193_819_2019-10-27 18:08:30.853011,1-1-193-819,AG-1F06,2019-10-27 11:08:31-07:00,2019-10-28 00:29:00-07:00,2019-10-27 16:31:08-07:00,31.102,52.5,140.0,488.0,America/Los_Angeles
jpl,1_1_178_828_2019-10-27 19:44:13.854170,1-1-178-828,AG-1F10,2019-10-27 12:44:14-07:00,2019-10-27 16:48:45-07:00,2019-10-27 15:58:54-07:00,7.53,7.5,30.0,212.0,America/Los_Angeles
jpl,1_1_178_817_2019-10-27 21:12:04.948937,1-1-178-817,AG-1F09,2019-10-27 14:12:05-07:00,2019-10-27 18:00:15-07:00,2019-10-27 18:01:14-07:00,23.529,40.0,100.0,360.0,America/Los_Angeles
jpl,1_1_178_824_2019-10-27 21:39:19.966696,1-1-178-824,AG-1F07,2019-10-27 14:39:20-07:00,2019-10-27 15:57:14-07:00,2019-10-27 15:58:13-07:00,7.8,8.0,20.0,86.0,America/Los_Angeles
jpl,1_1_194_826_2019-10-27 22:45:04.725129,1-1-194-826,AG-1F11,2019-10-27 15:45:05-07:00,2019-10-27 18:09:18-07:00,2019-10-27 18:10:18-07:00,10.603,12.0,30.0,125.0,America/Los_Angeles
jpl,1_1_178_817_2019-10-28 02:50:15.567130,1-1-178-817,AG-1F09,2019-10-27 19:50:16-07:00,2019-10-27 22:24:05-07:00,2019-10-27 22:25:04-07:00,15.681,16.02,60.0,136.0,America/Los_Angeles
jpl,1_1_194_821_2019-10-28 10:53:34.952248,1-1-194-821,AG-1F13,2019-10-28 03:53:35-07:00,2019-10-28 13:24:51-07:00,2019-10-28 06:46:31-07:00,9.461,16.0,40.0,169.0,America/Los_Angeles
jpl,1_1_178_817_2019-10-28 11:51:18.964104,1-1-178-817,AG-1F09,2019-10-28 04:51:19-07:00,2019-10-28 17:17:53-07:00,2019-10-28 17:18:52-07:00,59.412,36.63,110.0,693.0,America/Los_Angeles
jpl,1_1_178_828_2019-10-28 12:04:20.938708,1-1-178-828,AG-1F10,2019-10-28 05:04:21-07:00,2019-10-28 14:35:17-07:00,2019-10-28 07:26:01-07:00,6.232,8.0,20.0,60.0,America/Los_Angeles
jpl,1_1_178_823_2019-10-28 12:07:17.423267,1-1-178-823,AG-1F08,2019-10-28 05:07:17-07:00,2019-10-28 15:06:32-07:00,2019-10-28 07:28:10-07:00,12.368,20.0,50.0,60.0,America/Los_Angeles
jpl,1_1_194_822_2019-10-28 12:24:43.153041,1-1-194-822,AG-1F12,2019-10-28 05:24:43-07:00,2019-10-28 14:04:57-07:00,2019-10-28 14:02:40-07:00,49.011,55.0,200.0,652.0,America/Los_Angeles
jpl,1_1_191_789_2019-10-28 12:40:37.054676,1-1-191-789,AG-4F52,2019-10-28 05:40:37-07:00,2019-10-28 16:18:33-07:00,2019-10-28 07:46:12-07:00,5.771,8.0,20.0,60.0,America/Los_Angeles
jpl,1_1_193_819_2019-10-28 12:45:29.958889,1-1-193-819,AG-1F06,2019-10-28 05:45:30-07:00,2019-10-28 15:33:31-07:00,2019-10-28 10:30:33-07:00,10.634,12.0,20.0,592.0,America/Los_Angeles
jpl,1_1_193_829_2019-10-28 13:00:48.032650,1-1-193-829,AG-1F03,2019-10-28 06:00:48-07:00,2019-10-28 15:38:28-07:00,2019-10-28 08:21:45-07:00,6.528,8.0,20.0,60.0,America/Los_Angeles
jpl,1_1_193_825_2019-10-28 13:01:04.544005,1-1-193-825,AG-1F01,2019-10-28 06:01:05-07:00,2019-10-28 15:52:27-07:00,2019-10-28 08:53:37-07:00,14.354,40.0,100.0,569.0,America/Los_Angeles
jpl,1_1_179_791_2019-10-28 13:02:00.608610,1-1-179-791,AG-3F26,2019-10-28 06:02:01-07:00,2019-10-28 09:38:02-07:00,2019-10-28 09:18:43-07:00,7.345,8.0,20.0,260.0,America/Los_Angeles
jpl,1_1_191_785_2019-10-28 13:04:30.271769,1-1-191-785,AG-4F48,2019-10-28 06:04:30-07:00,2019-10-28 16:56:30-07:00,2019-10-28 09:12:52-07:00,8.168,12.0,30.0,591.0,America/Los_Angeles
jpl,1_1_193_820_2019-10-28 13:27:03.001846,1-1-193-820,AG-1F04,2019-10-28 06:27:03-07:00,2019-10-28 09:50:08-07:00,2019-10-28 09:51:03-07:00,11.613,20.0,50.0,181.0,America/Los_Angeles
jpl,1_1_193_827_2019-10-28 13:26:51.264918,1-1-193-827,AG-1F02,2019-10-28 06:27:08-07:00,2019-10-28 17:12:30-07:00,2019-10-28 14:46:22-07:00,41.974,77.22,270.0,627.0,America/Los_Angeles
jpl,1_1_179_787_2019-10-28 13:31:50.612266,1-1-179-787,AG-3F16,2019-10-28 06:31:51-07:00,2019-10-28 15:38:57-07:00,2019-10-28 10:37:17-07:00,8.334,16.0,40.0,503.0,America/Los_Angeles
jpl,1_1_179_810_2019-10-28 13:32:08.584444,1-1-179-810,AG-3F30,2019-10-28 06:32:23-07:00,2019-10-28 12:30:25-07:00,2019-10-28 12:31:23-07:00,33.498,40.0,100.0,329.0,America/Los_Angeles
jpl,1_1_179_799_2019-10-28 13:32:52.219173,1-1-179-799,AG-3F25,2019-10-28 06:32:52-07:00,2019-10-28 16:27:51-07:00,2019-10-28 11:37:10-07:00,28.609,80.0,200.0,720.0,America/Los_Angeles
jpl,1_1_179_796_2019-10-28 13:32:49.122224,1-1-179-796,AG-3F24,2019-10-28 06:32:58-07:00,2019-10-28 16:22:18-07:00,2019-10-28 12:01:18-07:00,13.314,12.0,20.0,545.0,America/Los_Angeles
jpl,1_1_191_804_2019-10-28 13:34:40.112181,1-1-191-804,AG-4F34,2019-10-28 06:34:40-07:00,2019-10-28 16:07:55-07:00,2019-10-28 14:13:06-07:00,39.316,45.0,180.0,484.0,America/Los_Angeles
jpl,1_1_179_809_2019-10-28 13:38:04.582156,1-1-179-809,AG-3F27,2019-10-28 06:38:05-07:00,2019-10-28 14:17:18-07:00,2019-10-28 08:28:33-07:00,10.941,40.0,100.0,720.0,America/Los_Angeles
jpl,1_1_179_815_2019-10-28 13:38:09.752959,1-1-179-815,AG-3F33,2019-10-28 06:38:10-07:00,2019-10-28 16:15:44-07:00,2019-10-28 13:29:31-07:00,15.507,19.98,60.0,553.0,America/Los_Angeles
jpl,1_1_179_788_2019-10-28 13:40:42.403503,1-1-179-788,AG-3F22,2019-10-28 06:40:42-07:00,2019-10-28 17:06:22-07:00,2019-10-28 10:21:39-07:00,11.142,8.0,20.0,60.0,America/Los_Angeles
jpl,1_1_179_781_2019-10-28 13:40:48.543916,1-1-179-781,AG-3F31,2019-10-28 06:40:49-07:00,2019-10-28 16:53:47-07:00,2019-10-28 09:46:17-07:00,10.044,16.0,40.0,566.0,America/Los_Angeles
jpl,1_1_178_824_2019-10-28 13:41:19.040186,1-1-178-824,AG-1F07,2019-10-28 06:41:19-07:00,2019-10-28 18:27:29-07:00,2019-10-28 17:28:07-07:00,8.002,8.0,20.0,60.0,America/Los_Angeles
jpl,1_1_194_826_2019-10-28 13:46:18.805541,1-1-194-826,AG-1F11,2019-10-28 06:46:19-07:00,2019-10-28 16:52:08-07:00,2019-10-28 16:46:17-07:00,1.264,0.0,0.0,0.0,America/Los_Angeles
jpl,1_1_179_798_2019-10-28 13:48:01.033157,1-1-179-798,AG-3F18,2019-10-28 06:48:07-07:00,2019-10-28 16:29:10-07:00,2019-10-28 11:40:07-07:00,11.435,8.0,20.0,249.0,America/Los_Angeles
jpl,1_1_179_794_2019-10-28 13:50:57.514092,1-1-179-794,AG-3F20,2019-10-28 06:50:58-07:00,2019-10-28 16:42:51-07:00,2019-10-28 11:10:04-07:00,13.993,36.0,60.0,536.0,America/Los_Angeles
jpl,1_1_179_800_2019-10-28 13:52:15.145903,1-1-179-800,AG-3F32,2019-10-28 06:52:15-07:00,2019-10-28 15:14:18-07:00,2019-10-28 13:20:53-07:00,38.619,60.0,150.0,642.0,America/Los_Angeles
jpl,1_1_179_797_2019-10-28 13:53:13.787514,1-1-179-797,AG-3F23,2019-10-28 06:53:14-07:00,2019-10-28 16:34:49-07:00,2019-10-28 12:31:40-07:00,22.989,36.0,90.0,546.0,America/Los_Angeles
jpl,1_1_193_816_2019-10-28 13:56:18.202411,1-1-193-816,AG-1F05,2019-10-28 06:56:18-07:00,2019-10-28 17:54:12-07:00,2019-10-28 09:02:09-07:00,5.706,12.0,30.0,60.0,America/Los_Angeles
jpl,1_1_179_777_2019-10-28 13:57:20.919432,1-1-179-777,AG-3F28,2019-10-28 06:57:21-07:00,2019-10-28 15:58:06-07:00,2019-10-28 15:03:26-07:00,40.007,40.0,100.0,540.0,America/Los_Angeles
jpl,1_1_191_782_2019-10-28 14:01:28.064697,1-1-191-782,AG-4F50,2019-10-28 07:01:28-07:00,2019-10-28 15:17:56-07:00,2019-10-28 11:00:05-07:00,6.066,8.0,20.0,563.0,America/Los_Angeles
jpl,1_1_179_801_2019-10-28 14:01:38.842911,1-1-179-801,AG-3F21,2019-10-28 07:01:39-07:00,2019-10-28 16:09:05-07:00,2019-10-28 14:29:35-07:00,45.971,60.0,150.0,540.0,America/Los_Angeles
jpl,1_1_179_790_2019-10-28 14:03:34.353348,1-1-179-790,AG-3F19,2019-10-28 07:03:34-07:00,2019-10-28 18:19:05-07:00,2019-10-28 13:16:42-07:00,12.519,16.0,40.0,525.0,America/Los_Angeles
jpl,1_1_179_779_2019-10-28 14:07:48.181857,1-1-179-779,AG-3F17,2019-10-28 07:08:08-07:00,2019-10-28 16:39:00-07:00,2019-10-28 13:44:06-07:00,15.722,19.98,60.0,466.0,America/Los_Angeles
jpl,1_1_179_813_2019-10-28 14:08:55.933349,1-1-179-813,AG-3F15,2019-10-28 07:08:56-07:00,2019-10-28 11:58:43-07:00,2019-10-28 11:36:19-07:00,11.585,16.0,40.0,205.0,America/Los_Angeles
jpl,1_1_179_783_2019-10-28 14:12:34.664614,1-1-179-783,AG-3F29,2019-10-28 07:12:53-07:00,2019-10-28 15:07:49-07:00,2019-10-28 13:40:08-07:00,11.912,15.0,60.0,466.0,America/Los_Angeles
jpl,1_1_191_802_2019-10-28 14:14:43.044895,1-1-191-802,AG-4F44,2019-10-28 07:14:43-07:00,2019-10-28 17:23:29-07:00,2019-10-28 16:47:07-07:00,21.758,32.0,80.0,469.0,America/Los_Angeles
jpl,1_1_191_803_2019-10-28 14:16:40.045123,1-1-191-803,AG-4F49,2019-10-28 07:16:40-07:00,2019-10-28 16:17:40-07:00,2019-10-28 13:05:37-07:00,35.517,120.0,200.0,537.0,America/Los_Angeles
jpl,1_1_191_812_2019-10-28 14:22:53.551290,1-1-191-812,AG-4F46,2019-10-28 07:22:54-07:00,2019-10-28 16:43:16-07:00,2019-10-28 16:44:15-07:00,33.231,56.0,140.0,538.0,America/Los_Angeles
jpl,1_1_191_808_2019-10-28 14:23:41.765246,1-1-191-808,AG-4F35,2019-10-28 07:23:42-07:00,2019-10-28 17:01:04-07:00,2019-10-28 13:00:14-07:00,13.314,36.0,60.0,426.0,America/Los_Angeles
jpl,1_1_191_795_2019-10-28 14:23:52.437366,1-1-191-795,AG-4F51,2019-10-28 07:23:52-07:00,2019-10-28 16:22:38-07:00,2019-10-28 15:38:26-07:00,32.778,37.5,150.0,348.0,America/Los_Angeles
jpl,1_1_191_807_2019-10-28 14:28:44.047259,1-1-191-807,AG-4F47,2019-10-28 07:28:45-07:00,2019-10-28 11:54:36-07:00,2019-10-28 10:43:05-07:00,18.71,102.74,220.0,627.0,America/Los_Angeles
jpl,1_1_191_780_2019-10-28 14:29:19.634109,1-1-191-780,AG-4F45,2019-10-28 07:29:20-07:00,2019-10-28 17:08:17-07:00,2019-10-28 16:44:46-07:00,45.025,72.0,180.0,720.0,America/Los_Angeles
jpl,1_1_191_805_2019-10-28 14:30:08.937823,1-1-191-805,AG-4F39,2019-10-28 07:30:14-07:00,2019-10-28 16:58:33-07:00,2019-10-28 11:47:14-07:00,14.238,32.0,80.0,530.0,America/Los_Angeles
jpl,1_1_191_792_2019-10-28 14:30:28.947241,1-1-191-792,AG-4F37,2019-10-28 07:30:29-07:00,2019-10-28 17:21:51-07:00,2019-10-28 12:44:38-07:00,15.64,16.0,40.0,474.0,America/Los_Angeles
jpl,1_1_191_778_2019-10-28 14:30:53.952671,1-1-191-778,AG-4F43,2019-10-28 07:30:54-07:00,2019-10-28 17:24:22-07:00,2019-10-28 12:54:38-07:00,8.446,12.0,30.0,511.0,America/Los_Angeles
jpl,1_1_191_811_2019-10-28 14:31:12.832032,1-1-191-811,AG-4F42,2019-10-28 07:31:13-07:00,2019-10-28 18:05:12-07:00,2019-10-28 09:26:49-07:00,3.247,9.99,30.0,304.0,America/Los_Angeles
jpl,1_1_191_784_2019-10-28 14:40:42.912177,1-1-191-784,AG-4F40,2019-10-28 07:40:43-07:00,2019-10-28 11:34:59-07:00,2019-10-28 08:34:46-07:00,2.069,8.0,20.0,60.0,America/Los_Angeles
jpl,1_1_191_806_2019-10-28 14:41:38.765569,1-1-191-806,AG-4F41,2019-10-28 07:41:39-07:00,2019-10-28 18:05:39-07:00,2019-10-28 13:57:00-07:00,5.009,5.0,20.0,252.0,America/Los_Angeles
jpl,1_1_191_786_2019-10-28 14:42:33.224323,1-1-191-786,AG-4F36,2019-10-28 07:42:33-07:00,2019-10-28 11:36:10-07:00,2019-10-28 10:10:40-07:00,8.19,20.0,50.0,246.0,America/Los_Angeles
jpl,1_1_191_793_2019-10-28 14:42:52.096827,1-1-191-793,AG-4F38,2019-10-28 07:42:52-07:00,2019-10-28 17:31:56-07:00,2019-10-28 15:08:54-07:00,33.927,4.58,20.0,191.0,America/Los_Angeles
jpl,1_1_179_791_2019-10-28 16:50:26.375960,1-1-179-791,AG-3F26,2019-10-28 09:50:26-07:00,2019-10-28 17:08:15-07:00,2019-10-28 14:53:53-07:00,12.028,12.0,30.0,125.0,America/Los_Angeles
jpl,1_1_193_820_2019-10-28 16:56:42.880406,1-1-193-820,AG-1F04,2019-10-28 09:56:54-07:00,2019-10-28 17:53:15-07:00,2019-10-28 10:14:10-07:00,0.613,8.0,20.0,60.0,America/Los_Angeles
jpl,1_1_191_784_2019-10-28 18:41:45.285019,1-1-191-784,AG-4F40,2019-10-28 11:41:45-07:00,2019-10-28 19:43:30-07:00,2019-10-28 16:58:31-07:00,30.739,37.38,140.0,340.0,America/Los_Angeles
jpl,1_1_191_786_2019-10-28 18:43:43.436443,1-1-191-786,AG-4F36,2019-10-28 11:43:43-07:00,2019-10-28 16:57:52-07:00,2019-10-28 16:58:51-07:00,30.767,40.0,100.0,370.0,America/Los_Angeles
jpl,1_1_191_807_2019-10-28 18:59:20.420457,1-1-191-807,AG-4F47,2019-10-28 11:59:20-07:00,2019-10-28 18:06:56-07:00,2019-10-28 15:21:45-07:00,20.483,31.5,70.0,414.0,America/Los_Angeles
jpl,1_1_179_813_2019-10-28 19:04:29.110811,1-1-179-813,AG-3F15,2019-10-28 12:04:29-07:00,2019-10-28 16:30:41-07:00,2019-10-28 16:20:18-07:00,25.27,40.0,100.0,538.0,America/Los_Angeles
jpl,1_1_179_810_2019-10-28 19:42:56.236266,1-1-179-810,AG-3F30,2019-10-28 12:42:56-07:00,2019-10-28 17:23:15-07:00,2019-10-28 17:24:14-07:00,29.407,24.0,60.0,60.0,America/Los_Angeles
jpl,1_1_194_821_2019-10-28 20:27:20.845588,1-1-194-821,AG-1F13,2019-10-28 13:27:21-07:00,2019-10-28 17:18:12-07:00,2019-10-28 15:06:00-07:00,9.036,20.0,50.0,186.0,America/Los_Angeles
jpl,1_1_179_809_2019-10-28 21:23:16.265773,1-1-179-809,AG-3F27,2019-10-28 14:23:16-07:00,2019-10-28 16:59:43-07:00,2019-10-28 17:00:42-07:00,13.965,20.44,70.0,202.0,America/Los_Angeles
jpl,1_1_194_822_2019-10-28 21:25:38.824125,1-1-194-822,AG-1F12,2019-10-28 14:25:39-07:00,2019-10-28 16:52:50-07:00,2019-10-28 16:53:49-07:00,12.665,26.7,100.0,172.0,America/Los_Angeles
jpl,1_1_178_828_2019-10-28 21:45:48.066437,1-1-178-828,AG-1F10,2019-10-28 14:45:48-07:00,2019-10-28 20:33:58-07:00,2019-10-28 20:02:07-07:00,31.101,37.5,150.0,331.0,America/Los_Angeles
jpl,1_1_178_823_2019-10-28 22:16:54.835920,1-1-178-823,AG-1F08,2019-10-28 15:16:55-07:00,2019-10-28 17:24:43-07:00,2019-10-28 17:06:16-07:00,10.686,16.0,40.0,134.0,America/Los_Angeles
jpl,1_1_179_800_2019-10-28 22:27:30.077741,1-1-179-800,AG-3F32,2019-10-28 15:27:30-07:00,2019-10-28 17:34:00-07:00,2019-10-28 17:34:59-07:00,6.011,12.0,20.0,123.0,America/Los_Angeles
jpl,1_1_193_819_2019-10-28 22:36:43.922818,1-1-193-819,AG-1F06,2019-10-28 15:36:44-07:00,2019-10-28 17:25:38-07:00,2019-10-28 17:26:37-07:00,4.664,20.0,50.0,172.0,America/Los_Angeles
jpl,1_1_179_783_2019-10-28 22:47:36.778467,1-1-179-783,AG-3F29,2019-10-28 15:47:37-07:00,2019-10-28 18:03:18-07:00,2019-10-28 18:04:18-07:00,13.467,27.5,110.0,260.0,America/Los_Angeles
jpl,1_1_193_829_2019-10-28 22:56:25.872769,1-1-193-829,AG-1F03,2019-10-28 15:56:50-07:00,2019-10-28 18:58:41-07:00,2019-10-28 18:49:53-07:00,12.32,20.0,50.0,273.0,America/Los_Angeles
jpl,1_1_179_787_2019-10-28 23:04:56.974914,1-1-179-787,AG-3F16,2019-10-28 16:04:57-07:00,2019-10-28 19:01:45-07:00,2019-10-28 18:12:30-07:00,6.082,8.0,20.0,139.0,America/Los_Angeles
jpl,1_1_193_825_2019-10-28 23:09:46.977903,1-1-193-825,AG-1F01,2019-10-28 16:09:47-07:00,2019-10-28 17:38:23-07:00,2019-10-28 17:39:22-07:00,5.112,20.0,50.0,202.0,America/Los_Angeles
jpl,1_1_179_777_2019-10-28 23:14:53.378791,1-1-179-777,AG-3F28,2019-10-28 16:14:53-07:00,2019-10-28 19:41:19-07:00,2019-10-28 18:42:44-07:00,15.017,15.0,60.0,154.0,America/Los_Angeles
jpl,1_1_179_815_2019-10-28 23:22:42.033550,1-1-179-815,AG-3F33,2019-10-28 16:22:42-07:00,2019-10-28 17:50:19-07:00,2019-10-28 17:51:18-07:00,8.846,44.0,110.0,99.0,America/Los_Angeles
jpl,1_1_179_801_2019-10-28 23:35:56.538805,1-1-179-801,AG-3F21,2019-10-28 16:35:57-07:00,2019-10-28 18:09:48-07:00,2019-10-28 18:10:47-07:00,5.076,12.0,30.0,60.0,America/Los_Angeles
jpl,1_1_179_798_2019-10-28 23:41:42.744266,1-1-179-798,AG-3F18,2019-10-28 16:41:43-07:00,2019-10-28 23:57:29-07:00,2019-10-28 19:39:15-07:00,16.897,15.0,60.0,185.0,America/Los_Angeles
jpl,1_1_194_826_2019-10-29 00:06:07.133109,1-1-194-826,AG-1F11,2019-10-28 17:06:07-07:00,2019-10-28 18:58:06-07:00,2019-10-28 18:57:43-07:00,5.524,8.0,20.0,157.0,America/Los_Angeles
jpl,1_1_178_823_2019-10-29 00:29:31.080071,1-1-178-823,AG-1F08,2019-10-28 17:29:31-07:00,2019-10-28 19:01:12-07:00,2019-10-28 19:02:12-07:00,5.018,15.0,30.0,145.0,America/Los_Angeles
jpl,1_1_193_825_2019-10-29 03:33:20.910657,1-1-193-825,AG-1F01,2019-10-28 20:33:21-07:00,2019-10-28 23:13:28-07:00,2019-10-28 23:14:20-07:00,16.66,40.0,160.0,444.0,America/Los_Angeles
jpl,1_1_178_823_2019-10-29 04:05:20.152882,1-1-178-823,AG-1F08,2019-10-28 21:05:20-07:00,2019-10-29 01:20:22-07:00,2019-10-28 22:37:21-07:00,4.463,8.0,20.0,157.0,America/Los_Angeles
jpl,1_1_194_821_2019-10-29 10:55:44.722621,1-1-194-821,AG-1F13,2019-10-29 03:55:45-07:00,2019-10-29 13:12:01-07:00,2019-10-29 06:52:17-07:00,9.471,16.0,40.0,169.0,America/Los_Angeles
jpl,1_1_193_825_2019-10-29 12:06:01.989455,1-1-193-825,AG-1F01,2019-10-29 05:06:02-07:00,2019-10-29 14:36:07-07:00,2019-10-29 07:24:49-07:00,6.377,8.0,20.0,60.0,America/Los_Angeles
jpl,1_1_178_817_2019-10-29 12:21:46.877182,1-1-178-817,AG-1F09,2019-10-29 05:21:47-07:00,2019-10-29 18:34:51-07:00,2019-10-29 16:32:25-07:00,37.59,57.75,150.0,693.0,America/Los_Angeles
jpl,1_1_178_823_2019-10-29 12:33:17.400128,1-1-178-823,AG-1F08,2019-10-29 05:33:17-07:00,2019-10-29 14:56:56-07:00,2019-10-29 08:33:39-07:00,13.975,20.0,50.0,60.0,America/Los_Angeles
jpl,1_1_191_789_2019-10-29 12:41:16.422930,1-1-191-789,AG-4F52,2019-10-29 05:41:16-07:00,2019-10-29 16:28:01-07:00,2019-10-29 07:43:46-07:00,5.805,8.0,20.0,60.0,America/Los_Angeles
jpl,1_1_191_795_2019-10-29 12:45:05.002689,1-1-191-795,AG-4F51,2019-10-29 05:45:05-07:00,2019-10-29 15:09:45-07:00,2019-10-29 13:26:13-07:00,20.035,20.0,50.0,60.0,America/Los_Angeles
jpl,1_1_193_819_2019-10-29 12:50:12.955424,1-1-193-819,AG-1F06,2019-10-29 05:50:13-07:00,2019-10-29 15:36:45-07:00,2019-10-29 11:23:01-07:00,10.719,12.0,20.0,592.0,America/Los_Angeles
jpl,1_1_179_799_2019-10-29 13:00:35.597149,1-1-179-799,AG-3F25,2019-10-29 06:01:13-07:00,2019-10-29 15:09:00-07:00,2019-10-29 09:18:47-07:00,10.887,20.0,50.0,542.0,America/Los_Angeles
jpl,1_1_178_828_2019-10-29 13:01:41.059063,1-1-178-828,AG-1F10,2019-10-29 06:01:41-07:00,2019-10-29 14:21:02-07:00,2019-10-29 10:29:08-07:00,26.944,77.22,270.0,629.0,America/Los_Angeles
jpl,1_1_179_791_2019-10-29 13:02:55.282150,1-1-179-791,AG-3F26,2019-10-29 06:02:55-07:00,2019-10-29 09:42:41-07:00,2019-10-29 09:19:38-07:00,7.213,8.0,20.0,255.0,America/Los_Angeles
jpl,1_1_193_829_2019-10-29 13:08:12.495994,1-1-193-829,AG-1F03,2019-10-29 06:08:12-07:00,2019-10-29 12:50:44-07:00,2019-10-29 07:51:51-07:00,3.852,8.0,20.0,60.0,America/Los_Angeles
jpl,1_1_191_804_2019-10-29 13:09:56.045035,1-1-191-804,AG-4F34,2019-10-29 06:10:18-07:00,2019-10-29 17:07:17-07:00,2019-10-29 12:14:06-07:00,30.766,45.0,180.0,484.0,America/Los_Angeles
jpl,1_1_194_818_2019-10-29 13:16:38.821716,1-1-194-818,AG-1F14,2019-10-29 06:16:39-07:00,2019-10-29 09:15:26-07:00,2019-10-29 09:16:25-07:00,8.715,40.0,100.0,361.0,America/Los_Angeles
jpl,1_1_194_822_2019-10-29 13:22:27.067282,1-1-194-822,AG-1F12,2019-10-29 06:22:27-07:00,2019-10-29 15:12:45-07:00,2019-10-29 06:55:26-07:00,0.8071586111111111,0.0,0.0,0.0,America/Los_Angeles
jpl,1_1_179_800_2019-10-29 13:22:57.401608,1-1-179-800,AG-3F32,2019-10-29 06:22:57-07:00,2019-10-29 12:51:07-07:00,2019-10-29 10:54:36-07:00,22.53,40.0,100.0,720.0,America/Los_Angeles
jpl,1_1_194_826_2019-10-29 13:26:24.681766,1-1-194-826,AG-1F11,2019-10-29 06:26:25-07:00,2019-10-29 14:43:08-07:00,2019-10-29 11:11:11-07:00,18.347,27.0,60.0,414.0,America/Los_Angeles
jpl,1_1_193_827_2019-10-29 13:26:52.080711,1-1-193-827,AG-1F02,2019-10-29 06:26:52-07:00,2019-10-29 15:37:59-07:00,2019-10-29 10:36:58-07:00,8.922,16.0,40.0,503.0,America/Los_Angeles
jpl,1_1_191_785_2019-10-29 13:30:22.590466,1-1-191-785,AG-4F48,2019-10-29 06:30:23-07:00,2019-10-29 17:27:37-07:00,2019-10-29 09:42:49-07:00,8.393,12.0,30.0,591.0,America/Los_Angeles
jpl,1_1_178_824_2019-10-29 13:32:02.395729,1-1-178-824,AG-1F07,2019-10-29 06:32:02-07:00,2019-10-29 15:52:28-07:00,2019-10-29 10:58:02-07:00,16.049,16.0,40.0,281.0,America/Los_Angeles
jpl,1_1_179_797_2019-10-29 13:34:57.899209,1-1-179-797,AG-3F23,2019-10-29 06:34:58-07:00,2019-10-29 12:03:17-07:00,2019-10-29 11:59:01-07:00,0.799,0.0,0.0,0.0,America/Los_Angeles
jpl,1_1_179_783_2019-10-29 13:40:26.511454,1-1-179-783,AG-3F29,2019-10-29 06:40:27-07:00,2019-10-29 16:22:29-07:00,2019-10-29 11:21:05-07:00,14.256,19.98,60.0,312.0,America/Los_Angeles
jpl,1_1_193_816_2019-10-29 13:39:13.922604,1-1-193-816,AG-1F05,2019-10-29 06:40:48-07:00,2019-10-29 19:12:37-07:00,2019-10-29 09:04:46-07:00,5.568,12.0,30.0,60.0,America/Los_Angeles
jpl,1_1_193_820_2019-10-29 13:44:15.079427,1-1-193-820,AG-1F04,2019-10-29 06:44:15-07:00,2019-10-29 13:19:12-07:00,2019-10-29 08:54:49-07:00,5.139,8.0,20.0,60.0,America/Los_Angeles
jpl,1_1_179_788_2019-10-29 13:47:20.369581,1-1-179-788,AG-3F22,2019-10-29 06:47:21-07:00,2019-10-29 16:38:36-07:00,2019-10-29 13:25:54-07:00,14.372,36.0,60.0,536.0,America/Los_Angeles
jpl,1_1_179_801_2019-10-29 13:48:54.311467,1-1-179-801,AG-3F21,2019-10-29 06:48:54-07:00,2019-10-29 16:27:56-07:00,2019-10-29 08:47:04-07:00,5.304,8.0,20.0,508.0,America/Los_Angeles
jpl,1_1_179_809_2019-10-29 13:51:34.913061,1-1-179-809,AG-3F27,2019-10-29 06:51:47-07:00,2019-10-29 14:11:07-07:00,2019-10-29 11:22:51-07:00,11.284,42.0,120.0,305.0,America/Los_Angeles
jpl,1_1_179_794_2019-10-29 14:02:16.032532,1-1-179-794,AG-3F20,2019-10-29 07:02:16-07:00,2019-10-29 17:24:33-07:00,2019-10-29 11:19:19-07:00,11.997,16.0,40.0,525.0,America/Los_Angeles
jpl,1_1_179_815_2019-10-29 14:02:19.717246,1-1-179-815,AG-3F33,2019-10-29 07:02:20-07:00,2019-10-29 15:32:14-07:00,2019-10-29 15:15:39-07:00,0.823,0.0,0.0,0.0,America/Los_Angeles
jpl,1_1_179_781_2019-10-29 14:06:20.983110,1-1-179-781,AG-3F31,2019-10-29 07:06:21-07:00,2019-10-29 16:34:24-07:00,2019-10-29 12:11:18-07:00,31.023,40.04,140.0,720.0,America/Los_Angeles
jpl,1_1_179_777_2019-10-29 14:07:59.367486,1-1-179-777,AG-3F28,2019-10-29 07:08:14-07:00,2019-10-29 15:06:23-07:00,2019-10-29 12:20:52-07:00,12.821,15.0,60.0,466.0,America/Los_Angeles
jpl,1_1_179_787_2019-10-29 14:11:11.370756,1-1-179-787,AG-3F16,2019-10-29 07:11:22-07:00,2019-10-29 16:38:50-07:00,2019-10-29 12:22:06-07:00,16.005,19.98,60.0,466.0,America/Los_Angeles
jpl,1_1_179_798_2019-10-29 14:12:36.722809,1-1-179-798,AG-3F18,2019-10-29 07:12:37-07:00,2019-10-29 16:57:37-07:00,2019-10-29 09:56:17-07:00,13.597,24.0,60.0,416.0,America/Los_Angeles
jpl,1_1_191_782_2019-10-29 14:20:10.747769,1-1-191-782,AG-4F50,2019-10-29 07:20:11-07:00,2019-10-29 16:31:53-07:00,2019-10-29 11:14:39-07:00,11.716,20.0,50.0,513.0,America/Los_Angeles
jpl,1_1_179_813_2019-10-29 14:20:48.959806,1-1-179-813,AG-3F15,2019-10-29 07:20:49-07:00,2019-10-29 13:13:40-07:00,2019-10-29 12:21:22-07:00,12.455,16.0,40.0,393.0,America/Los_Angeles
jpl,1_1_179_790_2019-10-29 14:22:20.600332,1-1-179-790,AG-3F19,2019-10-29 07:22:21-07:00,2019-10-29 16:41:29-07:00,2019-10-29 13:38:14-07:00,35.804,48.0,120.0,538.0,America/Los_Angeles
jpl,1_1_191_802_2019-10-29 14:22:39.907893,1-1-191-802,AG-4F44,2019-10-29 07:22:40-07:00,2019-10-29 16:43:14-07:00,2019-10-29 15:58:58-07:00,21.413,32.0,80.0,469.0,America/Los_Angeles
jpl,1_1_179_779_2019-10-29 14:22:58.249263,1-1-179-779,AG-3F17,2019-10-29 07:22:58-07:00,2019-10-29 17:23:02-07:00,2019-10-29 10:16:57-07:00,5.136,6.66,20.0,493.0,America/Los_Angeles
jpl,1_1_179_810_2019-10-29 14:23:00.422885,1-1-179-810,AG-3F30,2019-10-29 07:23:00-07:00,2019-10-29 17:56:32-07:00,2019-10-29 09:45:55-07:00,9.266,16.0,40.0,650.0,America/Los_Angeles
jpl,1_1_191_812_2019-10-29 14:27:17.402968,1-1-191-812,AG-4F46,2019-10-29 07:27:17-07:00,2019-10-29 11:55:00-07:00,2019-10-29 10:47:41-07:00,16.427,20.0,50.0,467.0,America/Los_Angeles
jpl,1_1_191_807_2019-10-29 14:27:36.652552,1-1-191-807,AG-4F47,2019-10-29 07:27:37-07:00,2019-10-29 16:21:19-07:00,2019-10-29 10:38:44-07:00,18.327,102.74,220.0,627.0,America/Los_Angeles
jpl,1_1_191_780_2019-10-29 14:29:27.407096,1-1-191-780,AG-4F45,2019-10-29 07:29:27-07:00,2019-10-29 16:04:38-07:00,2019-10-29 11:27:44-07:00,12.368,20.0,50.0,463.0,America/Los_Angeles
jpl,1_1_191_792_2019-10-29 14:32:50.735120,1-1-191-792,AG-4F37,2019-10-29 07:32:51-07:00,2019-10-29 17:18:18-07:00,2019-10-29 11:57:04-07:00,10.339,8.0,20.0,249.0,America/Los_Angeles
jpl,1_1_191_811_2019-10-29 14:34:37.794796,1-1-191-811,AG-4F42,2019-10-29 07:34:38-07:00,2019-10-29 17:06:10-07:00,2019-10-29 11:12:41-07:00,12.205,24.0,40.0,342.0,America/Los_Angeles
jpl,1_1_191_778_2019-10-29 14:38:07.672250,1-1-191-778,AG-4F43,2019-10-29 07:38:08-07:00,2019-10-29 11:29:35-07:00,2019-10-29 10:12:40-07:00,8.742,20.0,50.0,246.0,America/Los_Angeles
jpl,1_1_191_806_2019-10-29 14:41:33.820563,1-1-191-806,AG-4F41,2019-10-29 07:41:34-07:00,2019-10-29 17:22:53-07:00,2019-10-29 15:58:49-07:00,21.563,40.0,100.0,642.0,America/Los_Angeles
jpl,1_1_191_805_2019-10-29 14:42:34.532242,1-1-191-805,AG-4F39,2019-10-29 07:42:35-07:00,2019-10-29 13:44:51-07:00,2019-10-29 12:55:52-07:00,13.989,16.65,50.0,267.0,America/Los_Angeles
jpl,1_1_191_803_2019-10-29 14:46:52.161496,1-1-191-803,AG-4F49,2019-10-29 07:46:52-07:00,2019-10-29 16:39:00-07:00,2019-10-29 14:04:12-07:00,38.345,42.5,170.0,503.0,America/Los_Angeles
jpl,1_1_191_784_2019-10-29 14:47:40.670979,1-1-191-784,AG-4F40,2019-10-29 07:47:41-07:00,2019-10-29 17:42:51-07:00,2019-10-29 10:54:40-07:00,7.458,7.5,30.0,252.0,America/Los_Angeles
jpl,1_1_191_793_2019-10-29 14:57:03.077524,1-1-191-793,AG-4F38,2019-10-29 07:57:03-07:00,2019-10-29 17:19:15-07:00,2019-10-29 12:26:12-07:00,9.456,6.66,20.0,246.0,America/Los_Angeles
jpl,1_1_191_786_2019-10-29 14:57:03.661751,1-1-191-786,AG-4F36,2019-10-29 07:57:04-07:00,2019-10-29 16:38:09-07:00,2019-10-29 11:43:39-07:00,8.168,12.0,20.0,441.0,America/Los_Angeles
jpl,1_1_191_808_2019-10-29 14:57:07.594689,1-1-191-808,AG-4F35,2019-10-29 07:57:19-07:00,2019-10-29 17:16:38-07:00,2019-10-29 10:04:01-07:00,8.503,20.0,50.0,466.0,America/Los_Angeles
jpl,1_1_194_818_2019-10-29 16:23:14.382811,1-1-194-818,AG-1F14,2019-10-29 09:23:14-07:00,2019-10-29 13:43:12-07:00,2019-10-29 13:44:11-07:00,26.363,40.0,100.0,337.0,America/Los_Angeles
jpl,1_1_179_791_2019-10-29 16:58:03.636818,1-1-179-791,AG-3F26,2019-10-29 09:58:05-07:00,2019-10-29 17:34:03-07:00,2019-10-29 10:38:16-07:00,1.21,8.0,20.0,97.0,America/Los_Angeles
jpl,1_1_191_778_2019-10-29 18:34:10.761474,1-1-191-778,AG-4F43,2019-10-29 11:34:11-07:00,2019-10-29 16:17:07-07:00,2019-10-29 16:18:06-07:00,29.352,32.5,130.0,309.0,America/Los_Angeles
jpl,1_1_179_797_2019-10-29 19:03:25.320578,1-1-179-797,AG-3F23,2019-10-29 12:03:25-07:00,2019-10-29 16:26:08-07:00,2019-10-29 16:27:08-07:00,7.293,36.0,60.0,508.0,America/Los_Angeles
jpl,1_1_191_812_2019-10-29 19:08:19.594078,1-1-191-812,AG-4F46,2019-10-29 12:08:20-07:00,2019-10-29 14:37:45-07:00,2019-10-29 13:25:43-07:00,0.897,0.0,0.0,0.0,America/Los_Angeles
jpl,1_1_193_829_2019-10-29 20:01:44.244002,1-1-193-829,AG-1F03,2019-10-29 13:01:44-07:00,2019-10-29 17:32:38-07:00,2019-10-29 17:33:37-07:00,23.186,24.0,60.0,242.0,America/Los_Angeles
jpl,1_1_194_821_2019-10-29 20:19:59.246607,1-1-194-821,AG-1F13,2019-10-29 13:19:59-07:00,2019-10-29 18:14:57-07:00,2019-10-29 18:15:56-07:00,24.239,64.9,220.0,201.0,America/Los_Angeles
jpl,1_1_179_800_2019-10-29 20:21:02.238725,1-1-179-800,AG-3F32,2019-10-29 13:21:02-07:00,2019-10-29 17:28:25-07:00,2019-10-29 17:29:24-07:00,19.322,30.0,100.0,210.0,America/Los_Angeles
jpl,1_1_179_813_2019-10-29 20:27:02.655533,1-1-179-813,AG-3F15,2019-10-29 13:27:03-07:00,2019-10-29 17:47:21-07:00,2019-10-29 16:14:23-07:00,16.012,16.0,40.0,251.0,America/Los_Angeles
jpl,1_1_193_820_2019-10-29 20:34:13.270787,1-1-193-820,AG-1F04,2019-10-29 13:34:13-07:00,2019-10-29 17:04:39-07:00,2019-10-29 17:05:38-07:00,20.876,26.7,100.0,209.0,America/Los_Angeles
jpl,1_1_194_818_2019-10-29 20:54:21.832931,1-1-194-818,AG-1F14,2019-10-29 13:54:22-07:00,2019-10-29 15:06:32-07:00,2019-10-29 15:07:32-07:00,0.719,16.65,50.0,60.0,America/Los_Angeles
jpl,1_1_191_805_2019-10-29 21:13:21.991728,1-1-191-805,AG-4F39,2019-10-29 14:13:22-07:00,2019-10-29 17:38:05-07:00,2019-10-29 16:19:55-07:00,11.427,60.0,150.0,186.0,America/Los_Angeles
jpl,1_1_178_828_2019-10-29 21:28:55.239518,1-1-178-828,AG-1F10,2019-10-29 14:28:55-07:00,2019-10-29 17:46:29-07:00,2019-10-29 17:47:28-07:00,11.786,48.0,120.0,60.0,America/Los_Angeles
jpl,1_1_179_809_2019-10-29 21:43:40.518470,1-1-179-809,AG-3F27,2019-10-29 14:43:41-07:00,2019-10-29 17:46:56-07:00,2019-10-29 16:15:19-07:00,0.899,0.0,0.0,0.0,America/Los_Angeles
jpl,1_1_193_825_2019-10-29 21:45:42.541113,1-1-193-825,AG-1F01,2019-10-29 14:45:43-07:00,2019-10-29 16:37:53-07:00,2019-10-29 16:38:52-07:00,5.896,8.0,20.0,60.0,America/Los_Angeles
jpl,1_1_191_812_2019-10-29 21:51:03.823559,1-1-191-812,AG-4F46,2019-10-29 14:51:13-07:00,2019-10-29 18:47:11-07:00,2019-10-29 18:48:11-07:00,25.45,31.46,110.0,311.0,America/Los_Angeles
jpl,1_1_194_826_2019-10-29 21:51:44.324189,1-1-194-826,AG-1F11,2019-10-29 14:51:44-07:00,2019-10-29 17:16:22-07:00,2019-10-29 17:17:21-07:00,9.483,12.0,30.0,109.0,America/Los_Angeles
jpl,1_1_178_823_2019-10-29 22:23:05.843232,1-1-178-823,AG-1F08,2019-10-29 15:23:06-07:00,2019-10-29 17:21:42-07:00,2019-10-29 17:22:41-07:00,5.218,12.0,20.0,123.0,America/Los_Angeles
jpl,1_1_179_815_2019-10-29 22:37:32.609201,1-1-179-815,AG-3F33,2019-10-29 15:37:33-07:00,2019-10-29 17:57:52-07:00,2019-10-29 17:58:51-07:00,12.403,16.0,40.0,220.0,America/Los_Angeles
jpl,1_1_191_795_2019-10-29 22:41:02.146694,1-1-191-795,AG-4F51,2019-10-29 15:41:19-07:00,2019-10-29 19:14:34-07:00,2019-10-29 17:51:21-07:00,12.771,20.0,50.0,273.0,America/Los_Angeles
jpl,1_1_193_819_2019-10-29 22:52:50.495708,1-1-193-819,AG-1F06,2019-10-29 15:52:50-07:00,2019-10-29 19:28:50-07:00,2019-10-29 19:29:49-07:00,10.498,16.0,40.0,60.0,America/Los_Angeles
jpl,1_1_194_818_2019-10-29 22:56:19.545522,1-1-194-818,AG-1F14,2019-10-29 15:56:20-07:00,2019-10-29 17:53:02-07:00,2019-10-29 17:54:01-07:00,6.248,44.0,110.0,124.0,America/Los_Angeles
jpl,1_1_178_824_2019-10-29 23:09:32.583485,1-1-178-824,AG-1F07,2019-10-29 16:09:33-07:00,2019-10-29 18:32:12-07:00,2019-10-29 18:16:58-07:00,5.628,8.0,20.0,105.0,America/Los_Angeles
jpl,1_1_194_822_2019-10-29 23:23:12.584400,1-1-194-822,AG-1F12,2019-10-29 16:23:13-07:00,2019-10-29 19:18:58-07:00,2019-10-29 19:19:57-07:00,14.089,16.0,40.0,60.0,America/Los_Angeles
jpl,1_1_193_827_2019-10-29 23:37:16.842553,1-1-193-827,AG-1F02,2019-10-29 16:37:17-07:00,2019-10-29 19:35:16-07:00,2019-10-29 19:36:15-07:00,12.879,26.64,80.0,223.0,America/Los_Angeles
jpl,1_1_178_823_2019-10-30 03:54:45.118998,1-1-178-823,AG-1F08,2019-10-29 20:54:45-07:00,2019-10-30 01:54:58-07:00,2019-10-29 22:45:02-07:00,5.655,8.0,20.0,157.0,America/Los_Angeles
jpl,1_1_194_821_2019-10-30 10:27:14.192810,1-1-194-821,AG-1F13,2019-10-30 03:27:14-07:00,2019-10-30 12:53:55-07:00,2019-10-30 06:12:13-07:00,9.314,16.0,40.0,169.0,America/Los_Angeles
jpl,1_1_194_826_2019-10-30 12:05:17.224148,1-1-194-826,AG-1F11,2019-10-30 05:05:17-07:00,2019-10-30 14:36:02-07:00,2019-10-30 07:30:30-07:00,6.125,8.0,20.0,60.0,America/Los_Angeles
jpl,1_1_194_822_2019-10-30 12:20:14.793396,1-1-194-822,AG-1F12,2019-10-30 05:20:15-07:00,2019-10-30 15:25:52-07:00,2019-10-30 12:27:14-07:00,15.784,16.65,50.0,386.0,America/Los_Angeles
jpl,1_1_178_817_2019-10-30 12:27:36.983712,1-1-178-817,AG-1F09,2019-10-30 05:27:37-07:00,2019-10-30 16:03:19-07:00,2019-10-30 11:43:18-07:00,14.544,20.0,50.0,451.0,America/Los_Angeles
jpl,1_1_194_818_2019-10-30 12:31:34.993973,1-1-194-818,AG-1F14,2019-10-30 05:31:35-07:00,2019-10-30 15:38:35-07:00,2019-10-30 15:28:52-07:00,28.063,28.0,70.0,257.0,America/Los_Angeles
jpl,1_1_178_823_2019-10-30 12:33:12.824757,1-1-178-823,AG-1F08,2019-10-30 05:33:13-07:00,2019-10-30 11:25:31-07:00,2019-10-30 08:17:01-07:00,13.752,20.0,50.0,60.0,America/Los_Angeles
jpl,1_1_191_789_2019-10-30 12:42:43.203457,1-1-191-789,AG-4F52,2019-10-30 05:42:43-07:00,2019-10-30 16:01:13-07:00,2019-10-30 07:43:50-07:00,5.73,8.0,20.0,60.0,America/Los_Angeles
jpl,1_1_193_819_2019-10-30 12:46:27.624962,1-1-193-819,AG-1F06,2019-10-30 05:46:28-07:00,2019-10-30 15:34:06-07:00,2019-10-30 12:25:27-07:00,11.483,12.0,20.0,592.0,America/Los_Angeles
jpl,1_1_179_799_2019-10-30 12:49:55.474033,1-1-179-799,AG-3F25,2019-10-30 05:49:55-07:00,2019-10-30 11:46:18-07:00,2019-10-30 11:17:32-07:00,14.521,19.98,60.0,589.0,America/Los_Angeles
jpl,1_1_193_829_2019-10-30 12:53:21.025375,1-1-193-829,AG-1F03,2019-10-30 05:53:21-07:00,2019-10-30 16:20:19-07:00,2019-10-30 08:04:35-07:00,5.985,8.0,20.0,60.0,America/Los_Angeles
jpl,1_1_178_824_2019-10-30 12:59:10.986063,1-1-178-824,AG-1F07,2019-10-30 05:59:11-07:00,2019-10-30 15:54:49-07:00,2019-10-30 15:55:48-07:00,36.19,77.22,270.0,629.0,America/Los_Angeles
jpl,1_1_179_800_2019-10-30 13:00:09.702450,1-1-179-800,AG-3F32,2019-10-30 06:00:10-07:00,2019-10-30 09:27:15-07:00,2019-10-30 08:39:50-07:00,12.016,12.0,30.0,60.0,America/Los_Angeles
jpl,1_1_191_785_2019-10-30 13:02:43.227053,1-1-191-785,AG-4F48,2019-10-30 06:02:43-07:00,2019-10-30 17:33:00-07:00,2019-10-30 09:09:15-07:00,8.743,12.0,30.0,634.0,America/Los_Angeles
jpl,1_1_179_791_2019-10-30 13:05:32.360975,1-1-179-791,AG-3F26,2019-10-30 06:05:32-07:00,2019-10-30 16:56:32-07:00,2019-10-30 12:40:20-07:00,6.411,8.0,20.0,255.0,America/Los_Angeles
jpl,1_1_178_828_2019-10-30 13:10:25.154660,1-1-178-828,AG-1F10,2019-10-30 06:10:25-07:00,2019-10-30 18:18:32-07:00,2019-10-30 13:58:54-07:00,28.423,38.5,100.0,528.0,America/Los_Angeles
jpl,1_1_179_796_2019-10-30 13:15:40.752608,1-1-179-796,AG-3F24,2019-10-30 06:15:41-07:00,2019-10-30 18:07:14-07:00,2019-10-30 14:23:11-07:00,36.034,36.0,90.0,584.0,America/Los_Angeles
jpl,1_1_179_809_2019-10-30 13:16:42.183186,1-1-179-809,AG-3F27,2019-10-30 06:17:14-07:00,2019-10-30 15:14:17-07:00,2019-10-30 13:11:05-07:00,36.407,41.25,150.0,526.0,America/Los_Angeles
jpl,1_1_191_804_2019-10-30 13:19:37.425370,1-1-191-804,AG-4F34,2019-10-30 06:19:49-07:00,2019-10-30 17:20:40-07:00,2019-10-30 12:48:34-07:00,31.142,45.0,180.0,484.0,America/Los_Angeles
jpl,1_1_193_816_2019-10-30 13:21:05.463946,1-1-193-816,AG-1F05,2019-10-30 06:21:05-07:00,2019-10-30 15:44:41-07:00,2019-10-30 06:53:56-07:00,0.804,0.0,0.0,0.0,America/Los_Angeles
jpl,1_1_193_827_2019-10-30 13:21:56.024634,1-1-193-827,AG-1F02,2019-10-30 06:21:56-07:00,2019-10-30 15:42:34-07:00,2019-10-30 09:27:56-07:00,8.412,16.0,40.0,503.0,America/Los_Angeles
jpl,1_1_179_810_2019-10-30 13:25:45.385114,1-1-179-810,AG-3F30,2019-10-30 06:25:59-07:00,2019-10-30 11:40:31-07:00,2019-10-30 11:41:30-07:00,14.401,24.0,60.0,315.0,America/Los_Angeles
jpl,1_1_193_825_2019-10-30 13:28:42.730114,1-1-193-825,AG-1F01,2019-10-30 06:28:43-07:00,2019-10-30 11:28:05-07:00,2019-10-30 10:05:19-07:00,12.994,40.0,100.0,531.0,America/Los_Angeles
jpl,1_1_193_820_2019-10-30 13:33:36.473777,1-1-193-820,AG-1F04,2019-10-30 06:33:36-07:00,2019-10-30 16:53:52-07:00,2019-10-30 09:05:20-07:00,6.066,12.0,30.0,134.0,America/Los_Angeles
jpl,1_1_179_777_2019-10-30 13:40:02.926225,1-1-179-777,AG-3F28,2019-10-30 06:40:03-07:00,2019-10-30 09:01:47-07:00,2019-10-30 07:12:53-07:00,0.835,80.0,200.0,720.0,America/Los_Angeles
jpl,1_1_179_797_2019-10-30 13:44:20.834639,1-1-179-797,AG-3F23,2019-10-30 06:44:21-07:00,2019-10-30 15:03:38-07:00,2019-10-30 11:32:48-07:00,24.905,40.0,100.0,720.0,America/Los_Angeles
jpl,1_1_179_798_2019-10-30 13:46:24.503739,1-1-179-798,AG-3F18,2019-10-30 06:46:24-07:00,2019-10-30 15:39:27-07:00,2019-10-30 12:29:39-07:00,10.668,16.0,40.0,566.0,America/Los_Angeles
jpl,1_1_179_788_2019-10-30 13:53:35.783856,1-1-179-788,AG-3F22,2019-10-30 06:53:36-07:00,2019-10-30 16:32:10-07:00,2019-10-30 08:40:55-07:00,5.012,32.0,80.0,494.0,America/Los_Angeles
jpl,1_1_191_792_2019-10-30 13:55:49.608224,1-1-191-792,AG-4F37,2019-10-30 06:55:56-07:00,2019-10-30 16:40:13-07:00,2019-10-30 11:27:51-07:00,12.467,8.0,20.0,249.0,America/Los_Angeles
jpl,1_1_179_794_2019-10-30 13:57:30.749350,1-1-179-794,AG-3F20,2019-10-30 06:57:31-07:00,2019-10-30 14:56:46-07:00,2019-10-30 11:33:30-07:00,11.358,16.0,40.0,342.0,America/Los_Angeles
jpl,1_1_179_783_2019-10-30 13:57:34.833381,1-1-179-783,AG-3F29,2019-10-30 06:57:35-07:00,2019-10-30 19:46:13-07:00,2019-10-30 13:41:16-07:00,31.089,32.5,130.0,607.0,America/Los_Angeles
jpl,1_1_179_801_2019-10-30 13:59:13.004477,1-1-179-801,AG-3F21,2019-10-30 06:59:13-07:00,2019-10-30 16:21:18-07:00,2019-10-30 15:38:21-07:00,54.072,60.0,150.0,540.0,America/Los_Angeles
jpl,1_1_179_787_2019-10-30 14:00:55.252082,1-1-179-787,AG-3F16,2019-10-30 07:00:55-07:00,2019-10-30 16:20:12-07:00,2019-10-30 12:03:38-07:00,13.67,24.0,60.0,416.0,America/Los_Angeles
jpl,1_1_179_815_2019-10-30 14:03:26.702998,1-1-179-815,AG-3F33,2019-10-30 07:03:27-07:00,2019-10-30 18:05:09-07:00,2019-10-30 09:44:14-07:00,6.918,8.0,20.0,60.0,America/Los_Angeles
jpl,1_1_179_781_2019-10-30 14:03:47.615441,1-1-179-781,AG-3F31,2019-10-30 07:03:59-07:00,2019-10-30 15:07:38-07:00,2019-10-30 13:04:01-07:00,12.395,15.0,60.0,489.0,America/Los_Angeles
jpl,1_1_179_790_2019-10-30 14:06:03.992149,1-1-179-790,AG-3F19,2019-10-30 07:06:04-07:00,2019-10-30 16:27:57-07:00,2019-10-30 15:33:06-07:00,50.538,120.0,200.0,537.0,America/Los_Angeles
jpl,1_1_179_813_2019-10-30 14:08:31.718113,1-1-179-813,AG-3F15,2019-10-30 07:08:32-07:00,2019-10-30 17:12:15-07:00,2019-10-30 11:53:50-07:00,12.959,20.0,50.0,550.0,America/Los_Angeles
jpl,1_1_179_779_2019-10-30 14:08:22.897361,1-1-179-779,AG-3F17,2019-10-30 07:08:39-07:00,2019-10-30 16:34:52-07:00,2019-10-30 13:02:28-07:00,15.958,19.98,60.0,466.0,America/Los_Angeles
jpl,1_1_191_795_2019-10-30 14:15:42.468440,1-1-191-795,AG-4F51,2019-10-30 07:15:42-07:00,2019-10-30 11:22:28-07:00,2019-10-30 11:23:27-07:00,6.839,40.0,100.0,280.0,America/Los_Angeles
jpl,1_1_191_778_2019-10-30 14:15:35.864473,1-1-191-778,AG-4F43,2019-10-30 07:15:48-07:00,2019-10-30 16:16:48-07:00,2019-10-30 12:22:39-07:00,13.175,12.0,20.0,293.0,America/Los_Angeles
jpl,1_1_191_782_2019-10-30 14:15:57.997912,1-1-191-782,AG-4F50,2019-10-30 07:15:58-07:00,2019-10-30 17:50:41-07:00,2019-10-30 10:45:53-07:00,15.146,28.0,70.0,60.0,America/Los_Angeles
jpl,1_1_191_807_2019-10-30 14:15:58.381422,1-1-191-807,AG-4F47,2019-10-30 07:15:58-07:00,2019-10-30 16:19:36-07:00,2019-10-30 10:56:08-07:00,21.494,102.74,220.0,627.0,America/Los_Angeles
jpl,1_1_191_793_2019-10-30 14:19:01.074494,1-1-191-793,AG-4F38,2019-10-30 07:19:01-07:00,2019-10-30 17:27:40-07:00,2019-10-30 17:05:51-07:00,58.878,62.5,250.0,597.0,America/Los_Angeles
jpl,1_1_191_802_2019-10-30 14:19:58.075773,1-1-191-802,AG-4F44,2019-10-30 07:19:58-07:00,2019-10-30 17:02:16-07:00,2019-10-30 16:59:19-07:00,21.128,32.0,80.0,469.0,America/Los_Angeles
jpl,1_1_191_803_2019-10-30 14:20:27.375627,1-1-191-803,AG-4F49,2019-10-30 07:20:27-07:00,2019-10-30 17:00:40-07:00,2019-10-30 16:22:06-07:00,36.359,50.04,180.0,476.0,America/Los_Angeles
jpl,1_1_191_780_2019-10-30 14:20:50.465419,1-1-191-780,AG-4F45,2019-10-30 07:20:50-07:00,2019-10-30 17:26:47-07:00,2019-10-30 17:17:48-07:00,7.182,16.0,40.0,425.0,America/Los_Angeles
jpl,1_1_191_812_2019-10-30 14:22:04.227903,1-1-191-812,AG-4F46,2019-10-30 07:29:04-07:00,2019-10-30 16:39:15-07:00,2019-10-30 16:22:30-07:00,40.016,40.0,100.0,60.0,America/Los_Angeles
jpl,1_1_191_806_2019-10-30 14:29:12.203990,1-1-191-806,AG-4F41,2019-10-30 07:29:12-07:00,2019-10-30 13:03:36-07:00,2019-10-30 11:29:15-07:00,6.684,6.66,20.0,267.0,America/Los_Angeles
jpl,1_1_191_784_2019-10-30 14:31:11.036880,1-1-191-784,AG-4F40,2019-10-30 07:31:11-07:00,2019-10-30 17:09:09-07:00,2019-10-30 17:10:08-07:00,42.541,47.5,190.0,550.0,America/Los_Angeles
jpl,1_1_191_811_2019-10-30 14:35:32.857165,1-1-191-811,AG-4F42,2019-10-30 07:35:33-07:00,2019-10-30 16:50:28-07:00,2019-10-30 11:22:56-07:00,22.166,40.0,100.0,642.0,America/Los_Angeles
jpl,1_1_191_805_2019-10-30 14:37:26.460802,1-1-191-805,AG-4F39,2019-10-30 07:37:26-07:00,2019-10-30 17:10:57-07:00,2019-10-30 14:48:49-07:00,10.326,36.0,60.0,536.0,America/Los_Angeles
jpl,1_1_191_808_2019-10-30 14:38:07.487238,1-1-191-808,AG-4F35,2019-10-30 07:38:07-07:00,2019-10-30 16:55:01-07:00,2019-10-30 15:43:06-07:00,5.044,5.0,20.0,252.0,America/Los_Angeles
jpl,1_1_191_786_2019-10-30 14:43:43.141616,1-1-191-786,AG-4F36,2019-10-30 07:43:43-07:00,2019-10-30 17:17:17-07:00,2019-10-30 08:43:06-07:00,1.983,8.0,20.0,60.0,America/Los_Angeles
jpl,1_1_179_777_2019-10-30 16:01:50.808529,1-1-179-777,AG-3F28,2019-10-30 09:01:51-07:00,2019-10-30 17:10:49-07:00,2019-10-30 14:03:32-07:00,21.426,80.0,200.0,60.0,America/Los_Angeles
jpl,1_1_179_800_2019-10-30 16:27:46.298136,1-1-179-800,AG-3F32,2019-10-30 09:27:46-07:00,2019-10-30 15:30:27-07:00,2019-10-30 15:24:44-07:00,0.845,0.0,0.0,0.0,America/Los_Angeles
jpl,1_1_178_823_2019-10-30 18:29:55.594913,1-1-178-823,AG-1F08,2019-10-30 11:29:56-07:00,2019-10-30 17:10:12-07:00,2019-10-30 17:11:11-07:00,31.161,36.0,90.0,369.0,America/Los_Angeles
jpl,1_1_193_825_2019-10-30 18:30:03.581051,1-1-193-825,AG-1F01,2019-10-30 11:30:11-07:00,2019-10-30 14:28:38-07:00,2019-10-30 14:01:54-07:00,6.335,42.0,120.0,305.0,America/Los_Angeles
jpl,1_1_191_795_2019-10-30 18:31:59.703914,1-1-191-795,AG-4F51,2019-10-30 11:32:00-07:00,2019-10-30 17:46:33-07:00,2019-10-30 15:19:43-07:00,9.462,15.0,50.0,337.0,America/Los_Angeles
jpl,1_1_179_810_2019-10-30 18:41:30.500093,1-1-179-810,AG-3F30,2019-10-30 11:41:30-07:00,2019-10-30 15:44:19-07:00,2019-10-30 15:35:35-07:00,23.339,25.0,100.0,276.0,America/Los_Angeles
jpl,1_1_179_799_2019-10-30 19:05:00.958224,1-1-179-799,AG-3F25,2019-10-30 12:05:01-07:00,2019-10-30 17:36:46-07:00,2019-10-30 17:37:45-07:00,34.138,40.04,110.0,220.0,America/Los_Angeles
jpl,1_1_191_806_2019-10-30 20:03:50.198803,1-1-191-806,AG-4F41,2019-10-30 13:03:50-07:00,2019-10-30 17:52:49-07:00,2019-10-30 15:58:05-07:00,9.185,19.98,60.0,393.0,America/Los_Angeles
jpl,1_1_194_821_2019-10-30 20:19:15.206942,1-1-194-821,AG-1F13,2019-10-30 13:19:28-07:00,2019-10-30 16:17:50-07:00,2019-10-30 16:18:50-07:00,18.19,40.0,100.0,538.0,America/Los_Angeles
jpl,1_1_193_825_2019-10-30 21:31:00.758860,1-1-193-825,AG-1F01,2019-10-30 14:31:15-07:00,2019-10-30 17:13:01-07:00,2019-10-30 17:07:50-07:00,13.141,20.0,50.0,273.0,America/Los_Angeles
jpl,1_1_194_826_2019-10-30 21:38:23.813431,1-1-194-826,AG-1F11,2019-10-30 14:38:24-07:00,2019-10-30 16:02:48-07:00,2019-10-30 16:03:47-07:00,5.899,20.44,70.0,202.0,America/Los_Angeles
jpl,1_1_179_797_2019-10-30 22:11:08.683332,1-1-179-797,AG-3F23,2019-10-30 15:11:09-07:00,2019-10-31 01:33:29-07:00,2019-10-30 19:30:49-07:00,22.143,64.9,220.0,415.0,America/Los_Angeles
jpl,1_1_179_794_2019-10-30 22:16:24.456938,1-1-179-794,AG-3F20,2019-10-30 15:16:24-07:00,2019-10-30 17:06:13-07:00,2019-10-30 17:07:12-07:00,11.229,75.0,300.0,337.0,America/Los_Angeles
jpl,1_1_179_781_2019-10-30 22:17:03.815963,1-1-179-781,AG-3F31,2019-10-30 15:17:04-07:00,2019-10-30 17:00:32-07:00,2019-10-30 17:01:31-07:00,10.482,26.7,100.0,209.0,America/Los_Angeles
jpl,1_1_179_800_2019-10-30 22:41:13.316118,1-1-179-800,AG-3F32,2019-10-30 15:41:13-07:00,2019-10-30 16:39:29-07:00,2019-10-30 16:40:28-07:00,5.838,20.0,50.0,120.0,America/Los_Angeles
jpl,1_1_193_819_2019-10-30 22:46:25.738299,1-1-193-819,AG-1F06,2019-10-30 15:46:26-07:00,2019-10-30 20:07:50-07:00,2019-10-30 20:08:49-07:00,26.273,27.5,110.0,247.0,America/Los_Angeles
jpl,1_1_193_816_2019-10-30 23:02:52.190928,1-1-193-816,AG-1F05,2019-10-30 16:02:52-07:00,2019-10-30 19:39:05-07:00,2019-10-30 18:52:31-07:00,14.866,28.0,70.0,234.0,America/Los_Angeles
jpl,1_1_179_798_2019-10-30 23:05:16.107801,1-1-179-798,AG-3F18,2019-10-30 16:05:16-07:00,2019-10-30 20:14:04-07:00,2019-10-30 18:14:08-07:00,6.143,8.0,20.0,142.0,America/Los_Angeles
jpl,1_1_179_810_2019-10-30 23:09:28.127244,1-1-179-810,AG-3F30,2019-10-30 16:09:28-07:00,2019-10-30 23:55:19-07:00,2019-10-30 19:46:52-07:00,15.534,24.0,60.0,60.0,America/Los_Angeles
jpl,1_1_193_827_2019-10-30 23:14:20.975823,1-1-193-827,AG-1F02,2019-10-30 16:14:21-07:00,2019-10-30 18:17:42-07:00,2019-10-30 18:18:41-07:00,6.592,16.0,40.0,60.0,America/Los_Angeles
jpl,1_1_193_829_2019-10-30 23:28:51.096514,1-1-193-829,AG-1F03,2019-10-30 16:28:51-07:00,2019-10-30 17:52:39-07:00,2019-10-30 17:53:39-07:00,6.036,44.0,110.0,94.0,America/Los_Angeles
jpl,1_1_178_824_2019-10-31 00:12:22.817084,1-1-178-824,AG-1F07,2019-10-30 17:12:23-07:00,2019-10-30 19:27:52-07:00,2019-10-30 19:28:52-07:00,14.113,40.0,100.0,413.0,America/Los_Angeles
jpl,1_1_179_800_2019-10-31 00:21:50.534377,1-1-179-800,AG-3F32,2019-10-30 17:21:51-07:00,2019-10-30 20:11:53-07:00,2019-10-30 19:43:15-07:00,14.032,14.0,40.0,130.0,America/Los_Angeles
jpl,1_1_178_817_2019-10-31 04:25:16.032796,1-1-178-817,AG-1F09,2019-10-30 21:25:16-07:00,2019-10-30 21:47:52-07:00,2019-10-30 21:48:51-07:00,1.089,8.0,20.0,60.0,America/Los_Angeles
jpl,1_1_193_819_2019-10-31 04:38:00.242418,1-1-193-819,AG-1F06,2019-10-30 21:38:00-07:00,2019-10-31 02:02:02-07:00,2019-10-30 23:29:43-07:00,5.647,8.0,20.0,157.0,America/Los_Angeles
jpl,1_1_194_821_2019-10-31 11:00:12.103678,1-1-194-821,AG-1F13,2019-10-31 04:00:12-07:00,2019-10-31 13:25:26-07:00,2019-10-31 06:54:39-07:00,9.407,16.0,40.0,169.0,America/Los_Angeles
jpl,1_1_193_825_2019-10-31 12:04:06.825092,1-1-193-825,AG-1F01,2019-10-31 05:04:07-07:00,2019-10-31 14:36:14-07:00,2019-10-31 07:17:54-07:00,6.455,8.0,20.0,60.0,America/Los_Angeles
jpl,1_1_191_789_2019-10-31 12:39:30.151370,1-1-191-789,AG-4F52,2019-10-31 05:39:30-07:00,2019-10-31 15:32:19-07:00,2019-10-31 07:39:26-07:00,5.712,8.0,20.0,60.0,America/Los_Angeles
jpl,1_1_194_822_2019-10-31 12:39:50.594843,1-1-194-822,AG-1F12,2019-10-31 05:39:51-07:00,2019-10-31 15:18:35-07:00,2019-10-31 11:54:35-07:00,15.918,16.65,50.0,481.0,America/Los_Angeles
jpl,1_1_193_829_2019-10-31 12:43:44.744432,1-1-193-829,AG-1F03,2019-10-31 05:43:45-07:00,2019-10-31 16:34:13-07:00,2019-10-31 06:38:31-07:00,2.532,8.0,20.0,60.0,America/Los_Angeles
jpl,1_1_178_823_2019-10-31 12:53:02.368016,1-1-178-823,AG-1F08,2019-10-31 05:53:02-07:00,2019-10-31 14:57:15-07:00,2019-10-31 08:59:06-07:00,13.587,20.0,50.0,60.0,America/Los_Angeles
jpl,1_1_179_800_2019-10-31 13:07:50.523783,1-1-179-800,AG-3F32,2019-10-31 06:07:51-07:00,2019-10-31 14:27:51-07:00,2019-10-31 14:25:09-07:00,16.035,16.0,40.0,60.0,America/Los_Angeles
jpl,1_1_179_791_2019-10-31 13:12:29.476250,1-1-179-791,AG-3F26,2019-10-31 06:12:29-07:00,2019-10-31 11:14:09-07:00,2019-10-31 08:34:47-07:00,5.807,8.0,20.0,196.0,America/Los_Angeles
jpl,1_1_193_816_2019-10-31 13:16:29.383545,1-1-193-816,AG-1F05,2019-10-31 06:16:29-07:00,2019-10-31 11:39:02-07:00,2019-10-31 11:39:57-07:00,26.75,40.0,100.0,720.0,America/Los_Angeles
jpl,1_1_194_826_2019-10-31 13:18:18.820475,1-1-194-826,AG-1F11,2019-10-31 06:18:19-07:00,2019-10-31 17:34:36-07:00,2019-10-31 06:51:37-07:00,0.817,0.0,0.0,0.0,America/Los_Angeles
jpl,1_1_178_824_2019-10-31 13:19:00.180682,1-1-178-824,AG-1F07,2019-10-31 06:19:00-07:00,2019-10-31 17:02:23-07:00,2019-10-31 06:51:35-07:00,0.807,0.0,0.0,0.0,America/Los_Angeles
jpl,1_1_191_785_2019-10-31 13:19:51.333659,1-1-191-785,AG-4F48,2019-10-31 06:19:51-07:00,2019-10-31 16:43:52-07:00,2019-10-31 09:42:36-07:00,8.495,12.0,30.0,634.0,America/Los_Angeles
jpl,1_1_191_804_2019-10-31 13:21:39.200089,1-1-191-804,AG-4F34,2019-10-31 06:21:39-07:00,2019-10-31 16:11:27-07:00,2019-10-31 11:58:35-07:00,32.752,45.0,180.0,484.0,America/Los_Angeles
jpl,1_1_194_818_2019-10-31 13:21:41.133384,1-1-194-818,AG-1F14,2019-10-31 06:21:41-07:00,2019-10-31 11:34:03-07:00,2019-10-31 09:06:24-07:00,13.825,40.0,100.0,531.0,America/Los_Angeles
jpl,1_1_179_801_2019-10-31 13:26:14.922387,1-1-179-801,AG-3F21,2019-10-31 06:26:15-07:00,2019-10-31 18:39:05-07:00,2019-10-31 13:51:57-07:00,40.046,40.0,100.0,611.0,America/Los_Angeles
jpl,1_1_179_796_2019-10-31 13:27:09.965848,1-1-179-796,AG-3F24,2019-10-31 06:27:22-07:00,2019-10-31 16:24:03-07:00,2019-10-31 12:14:32-07:00,13.533,12.0,20.0,622.0,America/Los_Angeles
jpl,1_1_193_827_2019-10-31 13:27:57.872281,1-1-193-827,AG-1F02,2019-10-31 06:27:58-07:00,2019-10-31 15:36:03-07:00,2019-10-31 10:19:27-07:00,8.157,16.0,40.0,503.0,America/Los_Angeles
jpl,1_1_178_828_2019-10-31 13:29:31.833135,1-1-178-828,AG-1F10,2019-10-31 06:29:32-07:00,2019-10-31 15:11:44-07:00,2019-10-31 07:02:22-07:00,0.7914744444444445,0.0,0.0,0.0,America/Los_Angeles
jpl,1_1_178_817_2019-10-31 13:35:23.030671,1-1-178-817,AG-1F09,2019-10-31 06:35:23-07:00,2019-10-31 17:38:16-07:00,2019-10-31 14:17:22-07:00,47.461,69.5,250.0,620.0,America/Los_Angeles
jpl,1_1_179_810_2019-10-31 13:35:49.954436,1-1-179-810,AG-3F30,2019-10-31 06:35:50-07:00,2019-10-31 16:37:14-07:00,2019-10-31 16:36:03-07:00,62.81978083333333,80.0,200.0,512.0,America/Los_Angeles
jpl,1_1_193_819_2019-10-31 13:37:02.891898,1-1-193-819,AG-1F06,2019-10-31 06:37:09-07:00,2019-10-31 11:58:35-07:00,2019-10-31 11:59:34-07:00,29.838,36.0,90.0,684.0,America/Los_Angeles
jpl,1_1_179_798_2019-10-31 13:40:06.673610,1-1-179-798,AG-3F18,2019-10-31 06:40:07-07:00,2019-10-31 16:41:55-07:00,2019-10-31 12:26:18-07:00,11.634,36.0,60.0,536.0,America/Los_Angeles
jpl,1_1_179_788_2019-10-31 13:44:55.990036,1-1-179-788,AG-3F22,2019-10-31 06:44:56-07:00,2019-10-31 16:04:11-07:00,2019-10-31 09:06:01-07:00,6.763,32.0,80.0,494.0,America/Los_Angeles
jpl,1_1_179_809_2019-10-31 13:46:29.067162,1-1-179-809,AG-3F27,2019-10-31 06:46:47-07:00,2019-10-31 16:01:30-07:00,2019-10-31 12:03:17-07:00,19.012,24.75,90.0,494.0,America/Los_Angeles
jpl,1_1_179_783_2019-10-31 13:47:46.275956,1-1-179-783,AG-3F29,2019-10-31 06:48:03-07:00,2019-10-31 15:33:13-07:00,2019-10-31 10:50:17-07:00,9.538,38.5,110.0,377.0,America/Los_Angeles
jpl,1_1_191_803_2019-10-31 13:49:26.742215,1-1-191-803,AG-4F49,2019-10-31 06:49:27-07:00,2019-10-31 17:13:15-07:00,2019-10-31 12:21:43-07:00,22.11,27.5,110.0,547.0,America/Los_Angeles
jpl,1_1_193_820_2019-10-31 13:50:28.835514,1-1-193-820,AG-1F04,2019-10-31 06:50:29-07:00,2019-10-31 11:31:39-07:00,2019-10-31 09:34:41-07:00,13.673,24.0,60.0,416.0,America/Los_Angeles
jpl,1_1_179_815_2019-10-31 13:52:08.609467,1-1-179-815,AG-3F33,2019-10-31 06:52:09-07:00,2019-10-31 08:43:16-07:00,2019-10-31 08:44:15-07:00,5.183,8.0,20.0,60.0,America/Los_Angeles
jpl,1_1_179_781_2019-10-31 13:59:45.378491,1-1-179-781,AG-3F31,2019-10-31 07:00:02-07:00,2019-10-31 17:51:25-07:00,2019-10-31 11:10:05-07:00,26.397,77.22,270.0,629.0,America/Los_Angeles
jpl,1_1_179_787_2019-10-31 14:00:07.372077,1-1-179-787,AG-3F16,2019-10-31 07:00:07-07:00,2019-10-31 16:36:19-07:00,2019-10-31 16:33:37-07:00,15.893,19.98,60.0,466.0,America/Los_Angeles
jpl,1_1_179_777_2019-10-31 14:01:10.950611,1-1-179-777,AG-3F28,2019-10-31 07:01:11-07:00,2019-10-31 17:09:57-07:00,2019-10-31 16:40:51-07:00,23.191,36.0,90.0,495.0,America/Los_Angeles
jpl,1_1_179_799_2019-10-31 14:01:19.170163,1-1-179-799,AG-3F25,2019-10-31 07:01:19-07:00,2019-10-31 16:09:01-07:00,2019-10-31 15:23:54-07:00,51.955,36.0,90.0,555.0,America/Los_Angeles
jpl,1_1_179_794_2019-10-31 14:05:50.832266,1-1-179-794,AG-3F20,2019-10-31 07:05:51-07:00,2019-10-31 14:18:56-07:00,2019-10-31 14:14:28-07:00,40.039,40.0,100.0,570.0,America/Los_Angeles
jpl,1_1_191_778_2019-10-31 14:06:56.022788,1-1-191-778,AG-4F43,2019-10-31 07:06:56-07:00,2019-10-31 17:14:12-07:00,2019-10-31 16:30:24-07:00,20.994,32.0,80.0,469.0,America/Los_Angeles
jpl,1_1_179_813_2019-10-31 14:08:43.124025,1-1-179-813,AG-3F15,2019-10-31 07:08:43-07:00,2019-10-31 16:56:28-07:00,2019-10-31 10:43:29-07:00,6.571,12.0,30.0,587.0,America/Los_Angeles
jpl,1_1_191_792_2019-10-31 14:09:43.703266,1-1-191-792,AG-4F37,2019-10-31 07:09:44-07:00,2019-10-31 13:50:50-07:00,2019-10-31 13:14:30-07:00,15.392,16.0,40.0,474.0,America/Los_Angeles
jpl,1_1_191_806_2019-10-31 14:11:27.394839,1-1-191-806,AG-4F41,2019-10-31 07:11:27-07:00,2019-10-31 11:43:10-07:00,2019-10-31 10:31:47-07:00,13.64,20.0,50.0,246.0,America/Los_Angeles
jpl,1_1_179_779_2019-10-31 14:12:23.739015,1-1-179-779,AG-3F17,2019-10-31 07:12:24-07:00,2019-10-31 13:28:24-07:00,2019-10-31 10:47:18-07:00,6.546,20.0,50.0,550.0,America/Los_Angeles
jpl,1_1_191_795_2019-10-31 14:14:54.475376,1-1-191-795,AG-4F51,2019-10-31 07:14:54-07:00,2019-10-31 17:35:54-07:00,2019-10-31 11:52:24-07:00,20.584,36.0,90.0,262.0,America/Los_Angeles
jpl,1_1_179_790_2019-10-31 14:17:41.440519,1-1-179-790,AG-3F19,2019-10-31 07:17:41-07:00,2019-10-31 16:26:03-07:00,2019-10-31 16:17:30-07:00,32.638,32.6,100.0,518.0,America/Los_Angeles
jpl,1_1_179_797_2019-10-31 14:18:33.634679,1-1-179-797,AG-3F23,2019-10-31 07:18:34-07:00,2019-10-31 17:05:28-07:00,2019-10-31 11:49:13-07:00,5.586,8.0,20.0,60.0,America/Los_Angeles
jpl,1_1_191_782_2019-10-31 14:22:23.832020,1-1-191-782,AG-4F50,2019-10-31 07:22:24-07:00,2019-10-31 16:57:44-07:00,2019-10-31 11:33:09-07:00,13.86,20.0,50.0,650.0,America/Los_Angeles
jpl,1_1_191_812_2019-10-31 14:24:27.243812,1-1-191-812,AG-4F46,2019-10-31 07:24:27-07:00,2019-10-31 17:31:04-07:00,2019-10-31 14:02:12-07:00,24.023,24.0,60.0,620.0,America/Los_Angeles
jpl,1_1_191_805_2019-10-31 14:26:11.976661,1-1-191-805,AG-4F39,2019-10-31 07:26:12-07:00,2019-10-31 14:02:42-07:00,2019-10-31 09:39:55-07:00,3.514,10.0,20.0,386.0,America/Los_Angeles
jpl,1_1_191_780_2019-10-31 14:26:17.107053,1-1-191-780,AG-4F45,2019-10-31 07:26:17-07:00,2019-10-31 17:12:16-07:00,2019-10-31 12:55:40-07:00,12.517,20.0,50.0,463.0,America/Los_Angeles
jpl,1_1_191_786_2019-10-31 14:26:33.922958,1-1-191-786,AG-4F36,2019-10-31 07:26:34-07:00,2019-10-31 15:33:03-07:00,2019-10-31 15:00:36-07:00,4.813,6.66,20.0,493.0,America/Los_Angeles
jpl,1_1_191_808_2019-10-31 14:27:40.415597,1-1-191-808,AG-4F35,2019-10-31 07:27:40-07:00,2019-10-31 16:21:18-07:00,2019-10-31 13:24:03-07:00,12.174,8.0,20.0,249.0,America/Los_Angeles
jpl,1_1_191_802_2019-10-31 14:28:01.014838,1-1-191-802,AG-4F44,2019-10-31 07:28:11-07:00,2019-10-31 16:37:03-07:00,2019-10-31 12:18:32-07:00,10.192,20.0,50.0,466.0,America/Los_Angeles
jpl,1_1_191_784_2019-10-31 14:29:55.849044,1-1-191-784,AG-4F40,2019-10-31 07:29:56-07:00,2019-10-31 12:17:08-07:00,2019-10-31 12:18:08-07:00,13.779,19.98,60.0,393.0,America/Los_Angeles
jpl,1_1_191_807_2019-10-31 14:30:28.643006,1-1-191-807,AG-4F47,2019-10-31 07:30:29-07:00,2019-10-31 16:19:46-07:00,2019-10-31 15:01:45-07:00,7.535,7.5,30.0,252.0,America/Los_Angeles
jpl,1_1_191_811_2019-10-31 14:34:21.750064,1-1-191-811,AG-4F42,2019-10-31 07:34:22-07:00,2019-10-31 16:23:28-07:00,2019-10-31 11:49:00-07:00,24.053,40.0,100.0,642.0,America/Los_Angeles
jpl,1_1_191_793_2019-10-31 14:35:33.942855,1-1-191-793,AG-4F38,2019-10-31 07:35:34-07:00,2019-10-31 15:38:50-07:00,2019-10-31 15:39:49-07:00,36.439,54.0,180.0,260.0,America/Los_Angeles
jpl,1_1_179_815_2019-10-31 16:07:42.150435,1-1-179-815,AG-3F33,2019-10-31 09:07:42-07:00,2019-10-31 17:28:14-07:00,2019-10-31 16:54:52-07:00,44.982,68.0,170.0,454.0,America/Los_Angeles
jpl,1_1_179_791_2019-10-31 18:20:11.399595,1-1-179-791,AG-3F26,2019-10-31 11:20:43-07:00,2019-10-31 18:41:21-07:00,2019-10-31 18:42:20-07:00,29.023,26.0,130.0,413.0,America/Los_Angeles
jpl,1_1_193_820_2019-10-31 18:34:08.661782,1-1-193-820,AG-1F04,2019-10-31 11:34:09-07:00,2019-10-31 16:10:11-07:00,2019-10-31 13:55:25-07:00,12.903,48.0,120.0,60.0,America/Los_Angeles
jpl,1_1_193_816_2019-10-31 18:44:13.656449,1-1-193-816,AG-1F05,2019-10-31 11:44:14-07:00,2019-10-31 18:13:06-07:00,2019-10-31 16:59:52-07:00,0.812,0.0,0.0,0.0,America/Los_Angeles
jpl,1_1_191_806_2019-10-31 18:49:20.432764,1-1-191-806,AG-4F41,2019-10-31 11:49:20-07:00,2019-10-31 17:34:13-07:00,2019-10-31 13:35:13-07:00,10.74,16.0,40.0,143.0,America/Los_Angeles
jpl,1_1_194_818_2019-10-31 18:59:39.907831,1-1-194-818,AG-1F14,2019-10-31 11:59:40-07:00,2019-10-31 17:49:12-07:00,2019-10-31 17:50:11-07:00,35.767,52.5,150.0,660.0,America/Los_Angeles
jpl,1_1_193_819_2019-10-31 19:04:13.930702,1-1-193-819,AG-1F06,2019-10-31 12:04:14-07:00,2019-10-31 16:56:38-07:00,2019-10-31 14:10:32-07:00,6.07,8.0,20.0,299.0,America/Los_Angeles
jpl,1_1_191_784_2019-10-31 19:19:58.023063,1-1-191-784,AG-4F40,2019-10-31 12:19:58-07:00,2019-10-31 13:53:22-07:00,2019-10-31 13:54:22-07:00,4.904,10.0,20.0,199.0,America/Los_Angeles
jpl,1_1_194_821_2019-10-31 20:28:19.100275,1-1-194-821,AG-1F13,2019-10-31 13:28:19-07:00,2019-10-31 16:31:30-07:00,2019-10-31 15:28:24-07:00,12.205,40.0,100.0,538.0,America/Los_Angeles
jpl,1_1_179_779_2019-10-31 20:37:32.032345,1-1-179-779,AG-3F17,2019-10-31 13:37:32-07:00,2019-10-31 16:39:52-07:00,2019-10-31 16:12:28-07:00,15.778,48.0,120.0,60.0,America/Los_Angeles
jpl,1_1_191_792_2019-10-31 20:59:41.640445,1-1-191-792,AG-4F37,2019-10-31 13:59:42-07:00,2019-10-31 16:43:57-07:00,2019-10-31 15:09:38-07:00,3.487,19.98,60.0,60.0,America/Los_Angeles
jpl,1_1_191_805_2019-10-31 21:06:18.781623,1-1-191-805,AG-4F39,2019-10-31 14:06:19-07:00,2019-10-31 16:30:09-07:00,2019-10-31 16:31:08-07:00,14.856,40.0,100.0,216.0,America/Los_Angeles
jpl,1_1_179_794_2019-10-31 21:20:42.321142,1-1-179-794,AG-3F20,2019-10-31 14:20:42-07:00,2019-10-31 16:49:00-07:00,2019-10-31 16:49:59-07:00,15.505,32.0,80.0,257.0,America/Los_Angeles
jpl,1_1_179_800_2019-10-31 21:30:40.641495,1-1-179-800,AG-3F32,2019-10-31 14:30:41-07:00,2019-10-31 17:06:52-07:00,2019-10-31 16:38:53-07:00,12.348,24.0,40.0,342.0,America/Los_Angeles
jpl,1_1_193_825_2019-10-31 21:43:04.006126,1-1-193-825,AG-1F01,2019-10-31 14:43:04-07:00,2019-10-31 19:53:39-07:00,2019-10-31 19:44:32-07:00,16.398,20.0,50.0,172.0,America/Los_Angeles
jpl,1_1_191_784_2019-10-31 22:02:40.141864,1-1-191-784,AG-4F40,2019-10-31 15:02:51-07:00,2019-10-31 16:03:21-07:00,2019-10-31 16:03:16-07:00,5.34,10.0,50.0,64.0,America/Los_Angeles
jpl,1_1_178_823_2019-10-31 22:14:39.356955,1-1-178-823,AG-1F08,2019-10-31 15:14:39-07:00,2019-10-31 16:53:38-07:00,2019-10-31 16:48:30-07:00,8.552,32.0,80.0,130.0,America/Los_Angeles
jpl,1_1_194_822_2019-10-31 22:29:01.318512,1-1-194-822,AG-1F12,2019-10-31 15:29:01-07:00,2019-10-31 17:23:34-07:00,2019-10-31 17:24:33-07:00,10.992,48.0,120.0,153.0,America/Los_Angeles
jpl,1_1_178_828_2019-10-31 23:05:27.809699,1-1-178-828,AG-1F10,2019-10-31 16:05:28-07:00,2019-10-31 16:36:55-07:00,2019-10-31 16:37:55-07:00,0.858,0.0,0.0,0.0,America/Los_Angeles
jpl,1_1_179_809_2019-10-31 23:06:41.323716,1-1-179-809,AG-3F27,2019-10-31 16:06:41-07:00,2019-10-31 17:05:12-07:00,2019-10-31 17:06:12-07:00,5.953,37.5,150.0,375.0,America/Los_Angeles
jpl,1_1_179_788_2019-10-31 23:11:05.127568,1-1-179-788,AG-3F22,2019-10-31 16:11:05-07:00,2019-10-31 19:14:40-07:00,2019-10-31 17:55:43-07:00,10.54,10.5,30.0,130.0,America/Los_Angeles
jpl,1_1_193_820_2019-10-31 23:11:49.876811,1-1-193-820,AG-1F04,2019-10-31 16:11:50-07:00,2019-10-31 17:47:55-07:00,2019-10-31 17:08:19-07:00,4.751,28.0,70.0,60.0,America/Los_Angeles
jpl,1_1_191_804_2019-10-31 23:14:51.718512,1-1-191-804,AG-4F34,2019-10-31 16:14:52-07:00,2019-10-31 17:03:59-07:00,2019-10-31 17:04:59-07:00,4.544,20.44,70.0,202.0,America/Los_Angeles
jpl,1_1_193_827_2019-10-31 23:17:05.857339,1-1-193-827,AG-1F02,2019-10-31 16:17:06-07:00,2019-10-31 18:31:25-07:00,2019-10-31 18:32:24-07:00,12.019,16.0,40.0,176.0,America/Los_Angeles
jpl,1_1_191_805_2019-10-31 23:32:58.836731,1-1-191-805,AG-4F39,2019-10-31 16:33:18-07:00,2019-10-31 18:44:28-07:00,2019-10-31 18:37:14-07:00,12.14,20.0,50.0,273.0,America/Los_Angeles
jpl,1_1_179_787_2019-11-01 00:11:11.586402,1-1-179-787,AG-3F16,2019-10-31 17:11:12-07:00,2019-10-31 18:14:50-07:00,2019-10-31 18:15:49-07:00,6.325,8.0,20.0,60.0,America/Los_Angeles
jpl,1_1_178_823_2019-11-01 04:54:57.634769,1-1-178-823,AG-1F08,2019-10-31 21:54:58-07:00,2019-11-01 02:29:45-07:00,2019-11-01 00:03:11-07:00,5.589,8.0,20.0,157.0,America/Los_Angeles
jpl,1_1_194_821_2019-11-01 11:08:51.993340,1-1-194-821,AG-1F13,2019-11-01 04:08:52-07:00,2019-11-01 13:35:12-07:00,2019-11-01 07:02:47-07:00,9.369,16.0,40.0,169.0,America/Los_Angeles
jpl,1_1_193_825_2019-11-01 12:03:30.723021,1-1-193-825,AG-1F01,2019-11-01 05:03:31-07:00,2019-11-01 16:30:46-07:00,2019-11-01 07:22:41-07:00,6.351,8.0,20.0,60.0,America/Los_Angeles
jpl,1_1_194_822_2019-11-01 12:37:30.956658,1-1-194-822,AG-1F12,2019-11-01 05:37:31-07:00,2019-11-01 15:48:00-07:00,2019-11-01 12:11:39-07:00,15.906,16.65,50.0,481.0,America/Los_Angeles
jpl,1_1_179_799_2019-11-01 12:50:03.824963,1-1-179-799,AG-3F25,2019-11-01 05:50:04-07:00,2019-11-01 12:42:40-07:00,2019-11-01 09:56:29-07:00,20.012,20.0,50.0,61.0,America/Los_Angeles
jpl,1_1_179_800_2019-11-01 12:59:54.551438,1-1-179-800,AG-3F32,2019-11-01 06:00:33-07:00,2019-11-01 12:08:53-07:00,2019-11-01 12:09:51-07:00,38.277451666666664,42.75,190.0,431.0,America/Los_Angeles
jpl,1_1_193_829_2019-11-01 13:01:43.612831,1-1-193-829,AG-1F03,2019-11-01 06:01:44-07:00,2019-11-01 15:42:35-07:00,2019-11-01 07:37:33-07:00,4.741,8.0,20.0,60.0,America/Los_Angeles
jpl,1_1_179_791_2019-11-01 13:07:05.872457,1-1-179-791,AG-3F26,2019-11-01 06:07:06-07:00,2019-11-01 10:22:04-07:00,2019-11-01 08:55:42-07:00,6.403,8.0,20.0,200.0,America/Los_Angeles
jpl,1_1_178_817_2019-11-01 13:16:59.042813,1-1-178-817,AG-1F09,2019-11-01 06:16:59-07:00,2019-11-01 16:11:42-07:00,2019-11-01 16:12:41-07:00,21.347,25.0,100.0,470.0,America/Los_Angeles
jpl,1_1_193_816_2019-11-01 13:20:01.901079,1-1-193-816,AG-1F05,2019-11-01 06:20:02-07:00,2019-11-01 12:27:26-07:00,2019-11-01 12:28:25-07:00,17.107,40.0,100.0,720.0,America/Los_Angeles
jpl,1_1_193_820_2019-11-01 13:22:57.286377,1-1-193-820,AG-1F04,2019-11-01 06:22:57-07:00,2019-11-01 15:07:44-07:00,2019-11-01 09:01:58-07:00,13.318,40.0,100.0,531.0,America/Los_Angeles
jpl,1_1_179_796_2019-11-01 13:23:52.412592,1-1-179-796,AG-3F24,2019-11-01 06:23:52-07:00,2019-11-01 08:48:38-07:00,2019-11-01 08:16:11-07:00,0.817,30.0,50.0,434.0,America/Los_Angeles
jpl,1_1_193_819_2019-11-01 13:24:12.263044,1-1-193-819,AG-1F06,2019-11-01 06:24:12-07:00,2019-11-01 14:36:32-07:00,2019-11-01 09:50:06-07:00,8.139,16.0,40.0,503.0,America/Los_Angeles
jpl,1_1_191_804_2019-11-01 13:26:18.844002,1-1-191-804,AG-4F34,2019-11-01 06:26:19-07:00,2019-11-01 15:14:22-07:00,2019-11-01 15:15:21-07:00,35.176,45.0,180.0,484.0,America/Los_Angeles
jpl,1_1_193_827_2019-11-01 13:27:09.509910,1-1-193-827,AG-1F02,2019-11-01 06:27:38-07:00,2019-11-01 18:03:25-07:00,2019-11-01 14:27:48-07:00,31.924,77.22,270.0,629.0,America/Los_Angeles
jpl,1_1_194_826_2019-11-01 13:36:29.864066,1-1-194-826,AG-1F11,2019-11-01 06:36:30-07:00,2019-11-01 17:23:30-07:00,2019-11-01 17:07:03-07:00,60.812,77.0,200.0,720.0,America/Los_Angeles
jpl,1_1_179_788_2019-11-01 13:41:15.765547,1-1-179-788,AG-3F22,2019-11-01 06:41:16-07:00,2019-11-01 16:26:41-07:00,2019-11-01 08:42:38-07:00,5.653,32.0,80.0,494.0,America/Los_Angeles
jpl,1_1_178_828_2019-11-01 13:43:50.552884,1-1-178-828,AG-1F10,2019-11-01 06:43:51-07:00,2019-11-01 16:26:05-07:00,2019-11-01 15:41:33-07:00,8.04,8.0,20.0,60.0,America/Los_Angeles
jpl,1_1_178_824_2019-11-01 13:53:43.438929,1-1-178-824,AG-1F07,2019-11-01 06:53:52-07:00,2019-11-01 10:22:35-07:00,2019-11-01 10:23:35-07:00,8.966,38.5,110.0,377.0,America/Los_Angeles
jpl,1_1_178_823_2019-11-01 13:54:22.329348,1-1-178-823,AG-1F08,2019-11-01 06:54:22-07:00,2019-11-01 17:08:00-07:00,2019-11-01 11:08:17-07:00,6.545,12.0,30.0,587.0,America/Los_Angeles
jpl,1_1_179_781_2019-11-01 13:56:51.894306,1-1-179-781,AG-3F31,2019-11-01 06:56:52-07:00,2019-11-01 16:16:03-07:00,2019-11-01 09:16:02-07:00,13.632,24.0,60.0,416.0,America/Los_Angeles
jpl,1_1_179_810_2019-11-01 13:58:16.385981,1-1-179-810,AG-3F30,2019-11-01 06:58:16-07:00,2019-11-01 17:45:20-07:00,2019-11-01 09:27:29-07:00,6.292,9.99,30.0,304.0,America/Los_Angeles
jpl,1_1_179_794_2019-11-01 13:58:52.915291,1-1-179-794,AG-3F20,2019-11-01 06:58:53-07:00,2019-11-01 15:38:32-07:00,2019-11-01 13:39:39-07:00,15.773,36.0,60.0,536.0,America/Los_Angeles
jpl,1_1_194_818_2019-11-01 13:59:22.570430,1-1-194-818,AG-1F14,2019-11-01 06:59:23-07:00,2019-11-01 15:36:12-07:00,2019-11-01 11:31:13-07:00,19.147,28.0,70.0,509.0,America/Los_Angeles
jpl,1_1_179_798_2019-11-01 14:00:24.227984,1-1-179-798,AG-3F18,2019-11-01 07:00:24-07:00,2019-11-01 15:07:41-07:00,2019-11-01 09:51:14-07:00,13.734,20.0,50.0,60.0,America/Los_Angeles
jpl,1_1_179_783_2019-11-01 14:02:23.824477,1-1-179-783,AG-3F29,2019-11-01 07:02:38-07:00,2019-11-01 13:05:38-07:00,2019-11-01 10:27:05-07:00,9.037,20.0,50.0,299.0,America/Los_Angeles
jpl,1_1_179_801_2019-11-01 14:02:45.893786,1-1-179-801,AG-3F21,2019-11-01 07:02:46-07:00,2019-11-01 14:09:40-07:00,2019-11-01 14:10:40-07:00,9.488,36.0,90.0,495.0,America/Los_Angeles
jpl,1_1_191_785_2019-11-01 14:02:52.084212,1-1-191-785,AG-4F48,2019-11-01 07:02:52-07:00,2019-11-01 16:48:19-07:00,2019-11-01 11:25:47-07:00,7.923,12.0,30.0,550.0,America/Los_Angeles
jpl,1_1_179_815_2019-11-01 14:07:18.746277,1-1-179-815,AG-3F33,2019-11-01 07:07:19-07:00,2019-11-01 16:29:34-07:00,2019-11-01 14:14:37-07:00,34.596,40.04,140.0,720.0,America/Los_Angeles
jpl,1_1_179_790_2019-11-01 14:07:34.541348,1-1-179-790,AG-3F19,2019-11-01 07:07:35-07:00,2019-11-01 15:40:16-07:00,2019-11-01 15:11:38-07:00,21.819,32.0,80.0,469.0,America/Los_Angeles
jpl,1_1_179_787_2019-11-01 14:08:41.199248,1-1-179-787,AG-3F16,2019-11-01 07:08:51-07:00,2019-11-01 14:07:41-07:00,2019-11-01 14:08:40-07:00,16.758,19.98,60.0,466.0,America/Los_Angeles
jpl,1_1_179_777_2019-11-01 14:12:10.034201,1-1-179-777,AG-3F28,2019-11-01 07:12:20-07:00,2019-11-01 17:07:22-07:00,2019-11-01 12:16:17-07:00,12.019,16.0,40.0,464.0,America/Los_Angeles
jpl,1_1_179_797_2019-11-01 14:12:38.411512,1-1-179-797,AG-3F23,2019-11-01 07:12:38-07:00,2019-11-01 15:56:45-07:00,2019-11-01 15:28:42-07:00,32.617,32.6,100.0,514.0,America/Los_Angeles
jpl,1_1_179_779_2019-11-01 14:13:54.355965,1-1-179-779,AG-3F17,2019-11-01 07:13:54-07:00,2019-11-01 16:26:16-07:00,2019-11-01 10:22:20-07:00,5.162,6.66,20.0,493.0,America/Los_Angeles
jpl,1_1_179_809_2019-11-01 14:14:09.545487,1-1-179-809,AG-3F27,2019-11-01 07:14:10-07:00,2019-11-01 15:07:55-07:00,2019-11-01 11:23:44-07:00,13.381,15.0,60.0,469.0,America/Los_Angeles
jpl,1_1_191_803_2019-11-01 14:16:33.670838,1-1-191-803,AG-4F49,2019-11-01 07:16:34-07:00,2019-11-01 16:07:58-07:00,2019-11-01 16:08:57-07:00,52.881,65.0,260.0,459.0,America/Los_Angeles
jpl,1_1_191_780_2019-11-01 14:21:17.222241,1-1-191-780,AG-4F45,2019-11-01 07:21:17-07:00,2019-11-01 16:42:25-07:00,2019-11-01 11:12:01-07:00,9.503297222222223,20.0,50.0,463.0,America/Los_Angeles
jpl,1_1_191_789_2019-11-01 14:21:57.671701,1-1-191-789,AG-4F52,2019-11-01 07:21:58-07:00,2019-11-01 15:28:19-07:00,2019-11-01 14:20:17-07:00,41.992,102.74,220.0,627.0,America/Los_Angeles
jpl,1_1_191_795_2019-11-01 14:25:00.805183,1-1-191-795,AG-4F51,2019-11-01 07:25:01-07:00,2019-11-01 14:21:32-07:00,2019-11-01 13:30:34-07:00,11.469,12.5,50.0,428.0,America/Los_Angeles
jpl,1_1_191_812_2019-11-01 14:28:35.175802,1-1-191-812,AG-4F46,2019-11-01 07:28:35-07:00,2019-11-01 16:29:13-07:00,2019-11-01 09:30:21-07:00,7.821,12.0,30.0,620.0,America/Los_Angeles
jpl,1_1_179_813_2019-11-01 14:29:16.173779,1-1-179-813,AG-3F15,2019-11-01 07:29:16-07:00,2019-11-01 16:23:46-07:00,2019-11-01 09:27:14-07:00,3.668,10.0,20.0,471.0,America/Los_Angeles
jpl,1_1_191_782_2019-11-01 14:31:42.891792,1-1-191-782,AG-4F50,2019-11-01 07:31:43-07:00,2019-11-01 17:14:37-07:00,2019-11-01 15:49:02-07:00,7.542,7.5,30.0,252.0,America/Los_Angeles
jpl,1_1_191_802_2019-11-01 14:35:39.542683,1-1-191-802,AG-4F44,2019-11-01 07:35:40-07:00,2019-11-01 16:07:12-07:00,2019-11-01 10:37:55-07:00,7.822,36.0,60.0,426.0,America/Los_Angeles
jpl,1_1_191_811_2019-11-01 14:36:08.042230,1-1-191-811,AG-4F42,2019-11-01 07:36:08-07:00,2019-11-01 12:47:00-07:00,2019-11-01 12:21:46-07:00,21.717,40.0,100.0,642.0,America/Los_Angeles
jpl,1_1_191_807_2019-11-01 14:37:13.652352,1-1-191-807,AG-4F47,2019-11-01 07:37:14-07:00,2019-11-01 17:11:35-07:00,2019-11-01 15:20:39-07:00,49.653,72.0,180.0,515.0,America/Los_Angeles
jpl,1_1_191_808_2019-11-01 14:38:53.691230,1-1-191-808,AG-4F35,2019-11-01 07:38:54-07:00,2019-11-01 15:41:50-07:00,2019-11-01 14:53:57-07:00,24.062,54.0,180.0,260.0,America/Los_Angeles
jpl,1_1_191_792_2019-11-01 14:43:56.831264,1-1-191-792,AG-4F37,2019-11-01 07:43:57-07:00,2019-11-01 13:06:22-07:00,2019-11-01 11:53:55-07:00,12.027,8.0,20.0,60.0,America/Los_Angeles
jpl,1_1_191_778_2019-11-01 14:45:56.953771,1-1-191-778,AG-4F43,2019-11-01 07:45:57-07:00,2019-11-01 11:43:42-07:00,2019-11-01 10:45:51-07:00,5.162,8.0,20.0,364.0,America/Los_Angeles
jpl,1_1_191_784_2019-11-01 14:51:16.232802,1-1-191-784,AG-4F40,2019-11-01 07:51:16-07:00,2019-11-01 16:07:26-07:00,2019-11-01 09:33:04-07:00,9.64,24.0,40.0,342.0,America/Los_Angeles
jpl,1_1_191_793_2019-11-01 14:56:10.945588,1-1-191-793,AG-4F38,2019-11-01 07:56:11-07:00,2019-11-01 17:21:09-07:00,2019-11-01 11:03:26-07:00,13.579,4.58,20.0,191.0,America/Los_Angeles
jpl,1_1_191_786_2019-11-01 14:57:09.663515,1-1-191-786,AG-4F36,2019-11-01 07:57:10-07:00,2019-11-01 11:47:42-07:00,2019-11-01 11:48:41-07:00,6.946,12.0,60.0,414.0,America/Los_Angeles
jpl,1_1_191_806_2019-11-01 15:01:40.018477,1-1-191-806,AG-4F41,2019-11-01 08:01:45-07:00,2019-11-01 16:38:23-07:00,2019-11-01 14:37:59-07:00,27.647,32.0,80.0,580.0,America/Los_Angeles
jpl,1_1_191_805_2019-11-01 15:23:19.940823,1-1-191-805,AG-4F39,2019-11-01 08:23:20-07:00,2019-11-01 19:07:11-07:00,2019-11-01 13:30:23-07:00,11.997,20.0,50.0,513.0,America/Los_Angeles
jpl,1_1_179_796_2019-11-01 15:48:41.673710,1-1-179-796,AG-3F24,2019-11-01 08:48:42-07:00,2019-11-01 15:23:49-07:00,2019-11-01 11:47:48-07:00,12.122,30.0,50.0,434.0,America/Los_Angeles
jpl,1_1_178_824_2019-11-01 17:55:37.288443,1-1-178-824,AG-1F07,2019-11-01 10:55:37-07:00,2019-11-01 17:28:11-07:00,2019-11-01 14:44:46-07:00,7.681,12.0,30.0,331.0,America/Los_Angeles
jpl,1_1_191_778_2019-11-01 18:51:27.496231,1-1-191-778,AG-4F43,2019-11-01 11:51:27-07:00,2019-11-01 16:08:08-07:00,2019-11-01 15:35:57-07:00,7.74,8.0,20.0,252.0,America/Los_Angeles
jpl,1_1_191_786_2019-11-01 18:58:26.999735,1-1-191-786,AG-4F36,2019-11-01 11:58:44-07:00,2019-11-01 16:37:49-07:00,2019-11-01 14:13:10-07:00,12.236,20.0,50.0,290.0,America/Los_Angeles
jpl,1_1_179_791_2019-11-01 18:58:47.091955,1-1-179-791,AG-3F26,2019-11-01 11:59:24-07:00,2019-11-01 15:30:45-07:00,2019-11-01 15:31:44-07:00,22.285,40.0,100.0,281.0,America/Los_Angeles
jpl,1_1_179_800_2019-11-01 19:26:48.158969,1-1-179-800,AG-3F32,2019-11-01 12:26:48-07:00,2019-11-01 16:44:24-07:00,2019-11-01 14:40:55-07:00,12.894,15.0,60.0,162.0,America/Los_Angeles
jpl,1_1_193_816_2019-11-01 19:30:03.795998,1-1-193-816,AG-1F05,2019-11-01 12:30:04-07:00,2019-11-01 17:01:27-07:00,2019-11-01 15:27:00-07:00,13.737,20.0,50.0,225.0,America/Los_Angeles
jpl,1_1_191_811_2019-11-01 19:49:09.751694,1-1-191-811,AG-4F42,2019-11-01 12:49:10-07:00,2019-11-01 17:14:46-07:00,2019-11-01 17:15:45-07:00,27.117,32.04,120.0,297.0,America/Los_Angeles
jpl,1_1_179_799_2019-11-01 19:54:44.590204,1-1-179-799,AG-3F25,2019-11-01 12:54:45-07:00,2019-11-01 15:53:00-07:00,2019-11-01 13:51:06-07:00,1.933,8.0,20.0,364.0,America/Los_Angeles
jpl,1_1_191_792_2019-11-01 20:11:21.251040,1-1-191-792,AG-4F37,2019-11-01 13:11:21-07:00,2019-11-01 18:44:05-07:00,2019-11-01 15:18:15-07:00,12.097,20.0,50.0,294.0,America/Los_Angeles
jpl,1_1_179_783_2019-11-01 20:21:27.815002,1-1-179-783,AG-3F29,2019-11-01 13:21:28-07:00,2019-11-01 16:26:49-07:00,2019-11-01 16:26:14-07:00,18.42,20.0,50.0,188.0,America/Los_Angeles
jpl,1_1_194_821_2019-11-01 20:49:27.625141,1-1-194-821,AG-1F13,2019-11-01 13:49:28-07:00,2019-11-01 16:05:25-07:00,2019-11-01 15:52:52-07:00,5.694,12.0,30.0,60.0,America/Los_Angeles
jpl,1_1_179_801_2019-11-01 21:13:29.069459,1-1-179-801,AG-3F21,2019-11-01 14:13:29-07:00,2019-11-01 16:05:44-07:00,2019-11-01 15:31:15-07:00,0.829,0.0,0.0,0.0,America/Los_Angeles
jpl,1_1_179_787_2019-11-01 21:26:19.934468,1-1-179-787,AG-3F16,2019-11-01 14:26:20-07:00,2019-11-01 15:43:11-07:00,2019-11-01 15:23:13-07:00,2.565,8.0,20.0,60.0,America/Los_Angeles
jpl,1_1_193_819_2019-11-01 21:50:42.759063,1-1-193-819,AG-1F06,2019-11-01 14:50:43-07:00,2019-11-01 18:09:08-07:00,2019-11-01 18:10:07-07:00,18.884,24.0,60.0,316.0,America/Los_Angeles
jpl,1_1_191_795_2019-11-01 22:15:03.015339,1-1-191-795,AG-4F51,2019-11-01 15:15:04-07:00,2019-11-01 18:29:36-07:00,2019-11-01 18:30:35-07:00,20.824,27.5,110.0,247.0,America/Los_Angeles
jpl,1_1_193_820_2019-11-01 22:17:34.636515,1-1-193-820,AG-1F04,2019-11-01 15:17:35-07:00,2019-11-01 17:03:31-07:00,2019-11-01 17:04:30-07:00,10.665,75.0,300.0,337.0,America/Los_Angeles
jpl,1_1_179_796_2019-11-01 22:36:34.057506,1-1-179-796,AG-3F24,2019-11-01 15:36:34-07:00,2019-11-01 16:40:36-07:00,2019-11-01 16:41:35-07:00,6.524,16.0,40.0,143.0,America/Los_Angeles
jpl,1_1_179_797_2019-11-01 23:01:56.589953,1-1-179-797,AG-3F23,2019-11-01 16:01:57-07:00,2019-11-01 20:11:04-07:00,2019-11-01 20:12:03-07:00,26.527,24.99,70.0,230.0,America/Los_Angeles
jpl,1_1_193_829_2019-11-01 23:06:21.548287,1-1-193-829,AG-1F03,2019-11-01 16:06:22-07:00,2019-11-01 17:48:21-07:00,2019-11-01 17:49:20-07:00,9.832,48.0,120.0,116.0,America/Los_Angeles
jpl,1_1_194_822_2019-11-01 23:08:33.427024,1-1-194-822,AG-1F12,2019-11-01 16:08:33-07:00,2019-11-01 20:43:53-07:00,2019-11-01 20:44:52-07:00,27.463,32.0,80.0,234.0,America/Los_Angeles
jpl,1_1_191_802_2019-11-01 23:12:52.675134,1-1-191-802,AG-4F44,2019-11-01 16:12:53-07:00,2019-11-01 18:15:00-07:00,2019-11-01 18:15:58-07:00,13.066,45.8,200.0,620.0,America/Los_Angeles
jpl,1_1_179_794_2019-11-01 23:43:25.196236,1-1-179-794,AG-3F20,2019-11-01 16:43:25-07:00,2019-11-01 18:07:37-07:00,2019-11-01 17:40:06-07:00,4.631,8.0,20.0,60.0,America/Los_Angeles
jpl,1_1_178_823_2019-11-02 01:01:39.802255,1-1-178-823,AG-1F08,2019-11-01 18:01:40-07:00,2019-11-01 19:32:14-07:00,2019-11-01 18:57:33-07:00,5.646,48.0,120.0,60.0,America/Los_Angeles
jpl,1_1_194_821_2019-11-02 01:35:21.542357,1-1-194-821,AG-1F13,2019-11-01 18:35:22-07:00,2019-11-02 00:17:13-07:00,2019-11-01 22:29:22-07:00,12.058,16.0,40.0,263.0,America/Los_Angeles
jpl,1_1_178_823_2019-11-02 04:34:07.921781,1-1-178-823,AG-1F08,2019-11-01 21:34:08-07:00,2019-11-02 02:02:53-07:00,2019-11-01 23:21:07-07:00,5.544,8.0,20.0,157.0,America/Los_Angeles
jpl,1_1_193_825_2019-11-02 06:30:27.140280,1-1-193-825,AG-1F01,2019-11-01 23:30:27-07:00,2019-11-02 04:13:04-07:00,2019-11-02 04:14:03-07:00,30.086,40.0,160.0,444.0,America/Los_Angeles
jpl,1_1_178_828_2019-11-02 12:05:35.174132,1-1-178-828,AG-1F10,2019-11-02 05:05:35-07:00,2019-11-02 11:37:29-07:00,2019-11-02 07:15:10-07:00,6.255,8.0,20.0,60.0,America/Los_Angeles
jpl,1_1_178_823_2019-11-02 12:46:31.048013,1-1-178-823,AG-1F08,2019-11-02 05:46:31-07:00,2019-11-02 12:14:33-07:00,2019-11-02 09:29:34-07:00,11.159,12.0,20.0,362.0,America/Los_Angeles
jpl,1_1_194_826_2019-11-02 13:31:42.014050,1-1-194-826,AG-1F11,2019-11-02 06:31:42-07:00,2019-11-02 12:46:00-07:00,2019-11-02 11:59:34-07:00,31.356,50.05,130.0,519.0,America/Los_Angeles
jpl,1_1_193_825_2019-11-02 14:02:07.291021,1-1-193-825,AG-1F01,2019-11-02 07:02:07-07:00,2019-11-02 16:20:43-07:00,2019-11-02 10:59:05-07:00,24.694,40.0,100.0,720.0,America/Los_Angeles
jpl,1_1_193_829_2019-11-02 17:37:25.715407,1-1-193-829,AG-1F03,2019-11-02 10:37:49-07:00,2019-11-02 16:20:36-07:00,2019-11-02 15:14:39-07:00,28.895,77.22,270.0,629.0,America/Los_Angeles
jpl,1_1_193_819_2019-11-02 18:21:54.742709,1-1-193-819,AG-1F06,2019-11-02 11:21:55-07:00,2019-11-02 15:39:46-07:00,2019-11-02 15:23:01-07:00,12.191,20.0,50.0,221.0,America/Los_Angeles
jpl,1_1_194_821_2019-11-02 18:44:44.034811,1-1-194-821,AG-1F13,2019-11-02 11:44:44-07:00,2019-11-02 17:41:14-07:00,2019-11-02 15:13:51-07:00,10.333,16.0,40.0,292.0,America/Los_Angeles
jpl,1_1_178_823_2019-11-02 21:47:46.259863,1-1-178-823,AG-1F08,2019-11-02 14:47:46-07:00,2019-11-02 18:33:26-07:00,2019-11-02 15:20:21-07:00,0.723,0.0,0.0,0.0,America/Los_Angeles
jpl,1_1_193_819_2019-11-02 23:52:59.963256,1-1-193-819,AG-1F06,2019-11-02 16:53:00-07:00,2019-11-02 21:03:26-07:00,2019-11-02 18:42:13-07:00,5.78,8.0,20.0,157.0,America/Los_Angeles
jpl,1_1_193_825_2019-11-03 13:55:24.958870,1-1-193-825,AG-1F01,2019-11-03 05:55:25-08:00,2019-11-03 10:06:11-08:00,2019-11-03 10:07:10-08:00,26.21,40.0,160.0,444.0,America/Los_Angeles
jpl,1_1_194_822_2019-11-03 17:14:40.298943,1-1-194-822,AG-1F12,2019-11-03 09:14:40-08:00,2019-11-03 12:14:30-08:00,2019-11-03 10:46:33-08:00,8.698,12.0,30.0,152.0,America/Los_Angeles
jpl,1_1_194_826_2019-11-03 18:52:00.397216,1-1-194-826,AG-1F11,2019-11-03 10:52:00-08:00,2019-11-03 17:46:14-08:00,2019-11-03 16:01:09-08:00,31.791,40.0,100.0,720.0,America/Los_Angeles
jpl,1_1_179_799_2019-11-03 19:50:24.976870,1-1-179-799,AG-3F25,2019-11-03 11:50:25-08:00,2019-11-03 17:39:10-08:00,2019-11-03 14:07:45-08:00,14.461,45.8,200.0,439.0,America/Los_Angeles
jpl,1_1_193_827_2019-11-03 21:53:34.434072,1-1-193-827,AG-1F02,2019-11-03 13:53:43-08:00,2019-11-03 16:33:08-08:00,2019-11-03 16:01:28-08:00,12.542,20.0,50.0,290.0,America/Los_Angeles
jpl,1_1_178_828_2019-11-03 23:05:27.338507,1-1-178-828,AG-1F10,2019-11-03 15:05:27-08:00,2019-11-03 17:36:35-08:00,2019-11-03 17:37:34-08:00,8.359,20.0,50.0,177.0,America/Los_Angeles
jpl,1_1_194_821_2019-11-04 11:52:24.481223,1-1-194-821,AG-1F13,2019-11-04 03:52:24-08:00,2019-11-04 13:19:28-08:00,2019-11-04 06:46:46-08:00,9.503,16.0,40.0,169.0,America/Los_Angeles
jpl,1_1_194_826_2019-11-04 12:58:35.213731,1-1-194-826,AG-1F11,2019-11-04 04:58:35-08:00,2019-11-04 11:24:18-08:00,2019-11-04 07:32:20-08:00,6.02,8.0,20.0,60.0,America/Los_Angeles
jpl,1_1_194_822_2019-11-04 13:36:41.069554,1-1-194-822,AG-1F12,2019-11-04 05:36:41-08:00,2019-11-04 15:37:50-08:00,2019-11-04 13:41:59-08:00,16.093,16.65,50.0,481.0,America/Los_Angeles
jpl,1_1_191_789_2019-11-04 13:37:42.199286,1-1-191-789,AG-4F52,2019-11-04 05:37:42-08:00,2019-11-04 15:29:36-08:00,2019-11-04 07:40:55-08:00,5.714,8.0,20.0,60.0,America/Los_Angeles
jpl,1_1_193_825_2019-11-04 13:45:24.567917,1-1-193-825,AG-1F01,2019-11-04 05:45:34-08:00,2019-11-04 10:45:02-08:00,2019-11-04 10:46:02-08:00,14.127,80.0,200.0,320.0,America/Los_Angeles
jpl,1_1_178_823_2019-11-04 13:45:36.476823,1-1-178-823,AG-1F08,2019-11-04 05:45:36-08:00,2019-11-04 15:33:26-08:00,2019-11-04 09:39:09-08:00,10.889,12.0,20.0,605.0,America/Los_Angeles
jpl,1_1_179_809_2019-11-04 13:53:01.871326,1-1-179-809,AG-3F27,2019-11-04 05:53:19-08:00,2019-11-04 15:09:48-08:00,2019-11-04 09:47:31-08:00,15.507,22.0,80.0,552.0,America/Los_Angeles
jpl,1_1_178_828_2019-11-04 13:53:53.170282,1-1-178-828,AG-1F10,2019-11-04 05:53:53-08:00,2019-11-04 18:11:51-08:00,2019-11-04 18:12:50-08:00,43.831,65.45,170.0,631.0,America/Los_Angeles
jpl,1_1_179_815_2019-11-04 13:58:14.531645,1-1-179-815,AG-3F33,2019-11-04 05:58:15-08:00,2019-11-04 15:31:33-08:00,2019-11-04 12:42:33-08:00,12.072,12.0,30.0,61.0,America/Los_Angeles
jpl,1_1_193_829_2019-11-04 14:04:20.662190,1-1-193-829,AG-1F03,2019-11-04 06:04:21-08:00,2019-11-04 15:28:59-08:00,2019-11-04 08:21:56-08:00,6.603,8.0,20.0,60.0,America/Los_Angeles
jpl,1_1_193_816_2019-11-04 14:05:08.451512,1-1-193-816,AG-1F05,2019-11-04 06:05:08-08:00,2019-11-04 17:58:17-08:00,2019-11-04 16:06:02-08:00,0.861,0.0,0.0,0.0,America/Los_Angeles
jpl,1_1_179_797_2019-11-04 14:08:29.246409,1-1-179-797,AG-3F23,2019-11-04 06:08:29-08:00,2019-11-04 17:06:11-08:00,2019-11-04 08:10:54-08:00,6.014,32.0,80.0,494.0,America/Los_Angeles
jpl,1_1_179_800_2019-11-04 14:10:17.270550,1-1-179-800,AG-3F32,2019-11-04 06:10:17-08:00,2019-11-04 16:45:59-08:00,2019-11-04 08:15:48-08:00,4.706,8.0,20.0,509.0,America/Los_Angeles
jpl,1_1_191_785_2019-11-04 14:13:37.461313,1-1-191-785,AG-4F48,2019-11-04 06:13:37-08:00,2019-11-04 16:08:48-08:00,2019-11-04 09:50:49-08:00,8.551,12.0,30.0,618.0,America/Los_Angeles
jpl,1_1_193_820_2019-11-04 14:21:51.126951,1-1-193-820,AG-1F04,2019-11-04 06:21:51-08:00,2019-11-04 16:27:20-08:00,2019-11-04 11:32:42-08:00,14.755,40.0,100.0,531.0,America/Los_Angeles
jpl,1_1_179_788_2019-11-04 14:24:14.763013,1-1-179-788,AG-3F22,2019-11-04 06:24:15-08:00,2019-11-04 18:34:20-08:00,2019-11-04 15:07:38-08:00,40.039,40.0,100.0,570.0,America/Los_Angeles
jpl,1_1_193_827_2019-11-04 14:26:14.950880,1-1-193-827,AG-1F02,2019-11-04 06:26:15-08:00,2019-11-04 15:32:30-08:00,2019-11-04 09:13:44-08:00,7.869,16.0,40.0,503.0,America/Los_Angeles
jpl,1_1_179_796_2019-11-04 14:29:15.546141,1-1-179-796,AG-3F24,2019-11-04 06:29:24-08:00,2019-11-04 16:24:59-08:00,2019-11-04 11:04:48-08:00,13.365,30.0,50.0,434.0,America/Los_Angeles
jpl,1_1_191_804_2019-11-04 14:33:46.373579,1-1-191-804,AG-4F34,2019-11-04 06:33:46-08:00,2019-11-04 16:26:31-08:00,2019-11-04 13:14:24-08:00,35.028,45.0,180.0,484.0,America/Los_Angeles
jpl,1_1_179_810_2019-11-04 14:37:22.571103,1-1-179-810,AG-3F30,2019-11-04 06:37:23-08:00,2019-11-04 16:23:57-08:00,2019-11-04 09:37:12-08:00,11.0,20.0,50.0,451.0,America/Los_Angeles
jpl,1_1_179_790_2019-11-04 14:37:55.021477,1-1-179-790,AG-3F19,2019-11-04 06:37:55-08:00,2019-11-04 14:43:49-08:00,2019-11-04 14:44:47-08:00,23.277,40.0,100.0,720.0,America/Los_Angeles
jpl,1_1_193_819_2019-11-04 14:39:06.698793,1-1-193-819,AG-1F06,2019-11-04 06:39:07-08:00,2019-11-04 12:10:16-08:00,2019-11-04 11:31:15-08:00,13.442,20.0,50.0,181.0,America/Los_Angeles
jpl,1_1_178_817_2019-11-04 14:39:33.419772,1-1-178-817,AG-1F09,2019-11-04 06:40:22-08:00,2019-11-04 16:07:41-08:00,2019-11-04 16:08:40-08:00,42.648,58.24,160.0,629.0,America/Los_Angeles
jpl,1_1_191_802_2019-11-04 14:40:22.985114,1-1-191-802,AG-4F44,2019-11-04 06:40:23-08:00,2019-11-04 16:54:45-08:00,2019-11-04 16:29:19-08:00,45.902,40.0,100.0,642.0,America/Los_Angeles
jpl,1_1_178_824_2019-11-04 14:43:12.170267,1-1-178-824,AG-1F07,2019-11-04 06:43:12-08:00,2019-11-04 18:31:13-08:00,2019-11-04 18:14:08-08:00,8.077,8.0,20.0,60.0,America/Los_Angeles
jpl,1_1_179_783_2019-11-04 14:43:48.261345,1-1-179-783,AG-3F29,2019-11-04 06:43:48-08:00,2019-11-04 15:33:38-08:00,2019-11-04 14:34:00-08:00,38.762,40.0,160.0,503.0,America/Los_Angeles
jpl,1_1_179_781_2019-11-04 14:44:23.456652,1-1-179-781,AG-3F31,2019-11-04 06:44:23-08:00,2019-11-04 17:46:06-08:00,2019-11-04 09:22:29-08:00,16.264,36.0,90.0,506.0,America/Los_Angeles
jpl,1_1_179_794_2019-11-04 14:46:52.502038,1-1-179-794,AG-3F20,2019-11-04 06:46:52-08:00,2019-11-04 16:53:33-08:00,2019-11-04 15:32:30-08:00,11.84,36.0,60.0,536.0,America/Los_Angeles
jpl,1_1_194_818_2019-11-04 14:47:33.432736,1-1-194-818,AG-1F14,2019-11-04 06:47:33-08:00,2019-11-04 11:22:53-08:00,2019-11-04 11:23:52-08:00,8.299,36.0,90.0,684.0,America/Los_Angeles
jpl,1_1_179_791_2019-11-04 14:56:37.483302,1-1-179-791,AG-3F26,2019-11-04 06:56:37-08:00,2019-11-04 16:40:30-08:00,2019-11-04 11:41:16-08:00,8.191,16.0,40.0,566.0,America/Los_Angeles
jpl,1_1_179_779_2019-11-04 14:57:18.970098,1-1-179-779,AG-3F17,2019-11-04 06:57:19-08:00,2019-11-04 16:58:09-08:00,2019-11-04 14:16:46-08:00,34.291,40.0,100.0,597.0,America/Los_Angeles
jpl,1_1_179_799_2019-11-04 14:57:57.167613,1-1-179-799,AG-3F25,2019-11-04 06:57:57-08:00,2019-11-04 16:16:57-08:00,2019-11-04 12:55:58-08:00,14.1,16.0,40.0,482.0,America/Los_Angeles
jpl,1_1_179_777_2019-11-04 14:59:15.117216,1-1-179-777,AG-3F28,2019-11-04 06:59:15-08:00,2019-11-04 17:26:05-08:00,2019-11-04 11:38:54-08:00,17.897,24.0,60.0,60.0,America/Los_Angeles
jpl,1_1_179_801_2019-11-04 14:59:30.729263,1-1-179-801,AG-3F21,2019-11-04 06:59:31-08:00,2019-11-04 17:07:18-08:00,2019-11-04 17:08:17-08:00,27.018,27.5,110.0,541.0,America/Los_Angeles
jpl,1_1_179_798_2019-11-04 15:03:12.279179,1-1-179-798,AG-3F18,2019-11-04 07:03:12-08:00,2019-11-04 15:40:25-08:00,2019-11-04 10:16:34-08:00,6.273,8.0,20.0,563.0,America/Los_Angeles
jpl,1_1_191_792_2019-11-04 15:03:23.431317,1-1-191-792,AG-4F37,2019-11-04 07:03:23-08:00,2019-11-04 16:35:07-08:00,2019-11-04 12:05:23-08:00,15.521,16.0,40.0,525.0,America/Los_Angeles
jpl,1_1_179_787_2019-11-04 15:03:07.428595,1-1-179-787,AG-3F16,2019-11-04 07:03:24-08:00,2019-11-04 15:52:50-08:00,2019-11-04 12:04:44-08:00,9.519,12.5,50.0,480.0,America/Los_Angeles
jpl,1_1_191_782_2019-11-04 15:06:18.568634,1-1-191-782,AG-4F50,2019-11-04 07:06:19-08:00,2019-11-04 17:33:28-08:00,2019-11-04 11:19:06-08:00,12.101,16.0,40.0,292.0,America/Los_Angeles
jpl,1_1_179_813_2019-11-04 15:07:12.940100,1-1-179-813,AG-3F15,2019-11-04 07:07:13-08:00,2019-11-04 16:20:22-08:00,2019-11-04 14:36:31-08:00,45.478,52.5,150.0,554.0,America/Los_Angeles
jpl,1_1_191_807_2019-11-04 15:08:23.498276,1-1-191-807,AG-4F47,2019-11-04 07:08:23-08:00,2019-11-04 16:51:50-08:00,2019-11-04 10:18:59-08:00,6.617,12.0,30.0,587.0,America/Los_Angeles
jpl,1_1_191_806_2019-11-04 15:10:03.558515,1-1-191-806,AG-4F41,2019-11-04 07:10:04-08:00,2019-11-04 17:07:52-08:00,2019-11-04 12:15:08-08:00,13.685,24.0,60.0,416.0,America/Los_Angeles
jpl,1_1_191_812_2019-11-04 15:10:12.303390,1-1-191-812,AG-4F46,2019-11-04 07:10:21-08:00,2019-11-04 13:29:35-08:00,2019-11-04 11:04:53-08:00,9.849,38.5,110.0,377.0,America/Los_Angeles
jpl,1_1_191_803_2019-11-04 15:10:35.119442,1-1-191-803,AG-4F49,2019-11-04 07:10:35-08:00,2019-11-04 16:23:32-08:00,2019-11-04 15:38:09-08:00,52.4,120.0,200.0,537.0,America/Los_Angeles
jpl,1_1_191_780_2019-11-04 15:15:23.791941,1-1-191-780,AG-4F45,2019-11-04 07:15:31-08:00,2019-11-04 17:10:58-08:00,2019-11-04 11:52:25-08:00,14.378,32.0,80.0,530.0,America/Los_Angeles
jpl,1_1_191_795_2019-11-04 15:18:18.540337,1-1-191-795,AG-4F51,2019-11-04 07:18:19-08:00,2019-11-04 17:24:28-08:00,2019-11-04 13:46:59-08:00,24.022,24.0,60.0,526.0,America/Los_Angeles
jpl,1_1_191_778_2019-11-04 15:20:10.740864,1-1-191-778,AG-4F43,2019-11-04 07:20:11-08:00,2019-11-04 16:28:28-08:00,2019-11-04 15:37:30-08:00,13.679,32.0,80.0,469.0,America/Los_Angeles
jpl,1_1_191_811_2019-11-04 15:22:38.112291,1-1-191-811,AG-4F42,2019-11-04 07:22:38-08:00,2019-11-04 17:25:54-08:00,2019-11-04 15:37:31-08:00,42.547,42.5,170.0,493.0,America/Los_Angeles
jpl,1_1_191_784_2019-11-04 15:24:17.690150,1-1-191-784,AG-4F40,2019-11-04 07:24:18-08:00,2019-11-04 08:21:42-08:00,2019-11-04 07:58:50-08:00,0.774,54.74,140.0,504.0,America/Los_Angeles
jpl,1_1_191_793_2019-11-04 15:24:19.034351,1-1-191-793,AG-4F38,2019-11-04 07:24:21-08:00,2019-11-04 16:16:32-08:00,2019-11-04 10:58:39-08:00,20.558,102.74,220.0,627.0,America/Los_Angeles
jpl,1_1_191_805_2019-11-04 15:24:21.559628,1-1-191-805,AG-4F39,2019-11-04 07:24:22-08:00,2019-11-04 16:58:15-08:00,2019-11-04 16:07:53-08:00,24.013,20.0,50.0,546.0,America/Los_Angeles
jpl,1_1_191_808_2019-11-04 15:26:10.241708,1-1-191-808,AG-4F35,2019-11-04 07:26:21-08:00,2019-11-04 16:38:58-08:00,2019-11-04 16:20:47-08:00,6.745,6.66,20.0,541.0,America/Los_Angeles
jpl,1_1_191_786_2019-11-04 15:30:06.385341,1-1-191-786,AG-4F36,2019-11-04 07:30:06-08:00,2019-11-04 17:04:59-08:00,2019-11-04 12:05:32-08:00,13.21,36.0,60.0,426.0,America/Los_Angeles
jpl,1_1_191_784_2019-11-04 16:21:46.014713,1-1-191-784,AG-4F40,2019-11-04 08:21:46-08:00,2019-11-04 16:41:23-08:00,2019-11-04 16:41:19-08:00,47.851,54.74,140.0,504.0,America/Los_Angeles
jpl,1_1_193_825_2019-11-04 19:14:28.534188,1-1-193-825,AG-1F01,2019-11-04 11:14:29-08:00,2019-11-04 19:58:00-08:00,2019-11-04 19:58:59-08:00,47.721,48.0,120.0,323.0,America/Los_Angeles
jpl,1_1_194_826_2019-11-04 19:25:53.492182,1-1-194-826,AG-1F11,2019-11-04 11:25:53-08:00,2019-11-04 14:07:32-08:00,2019-11-04 13:46:58-08:00,12.755,20.44,70.0,202.0,America/Los_Angeles
jpl,1_1_194_818_2019-11-04 19:27:56.293096,1-1-194-818,AG-1F14,2019-11-04 11:27:56-08:00,2019-11-04 17:41:39-08:00,2019-11-04 17:27:32-08:00,28.386,30.0,120.0,362.0,America/Los_Angeles
jpl,1_1_193_819_2019-11-04 20:15:42.723083,1-1-193-819,AG-1F06,2019-11-04 12:15:43-08:00,2019-11-04 19:22:42-08:00,2019-11-04 16:51:49-08:00,14.597,16.0,40.0,205.0,America/Los_Angeles
jpl,1_1_194_821_2019-11-04 21:29:46.495146,1-1-194-821,AG-1F13,2019-11-04 13:29:46-08:00,2019-11-04 17:05:16-08:00,2019-11-04 17:06:15-08:00,15.521,40.0,100.0,538.0,America/Los_Angeles
jpl,1_1_191_812_2019-11-04 21:33:14.968969,1-1-191-812,AG-4F46,2019-11-04 13:33:15-08:00,2019-11-04 17:15:50-08:00,2019-11-04 16:59:17-08:00,0.842,0.0,0.0,0.0,America/Los_Angeles
jpl,1_1_194_826_2019-11-04 22:14:33.319915,1-1-194-826,AG-1F11,2019-11-04 14:14:33-08:00,2019-11-04 16:46:12-08:00,2019-11-04 16:47:11-08:00,11.517,40.0,100.0,415.0,America/Los_Angeles
jpl,1_1_179_790_2019-11-04 23:01:48.270537,1-1-179-790,AG-3F19,2019-11-04 15:01:48-08:00,2019-11-04 20:56:56-08:00,2019-11-04 20:21:35-08:00,32.74,37.5,150.0,329.0,America/Los_Angeles
jpl,1_1_179_809_2019-11-04 23:19:59.474231,1-1-179-809,AG-3F27,2019-11-04 15:19:59-08:00,2019-11-04 19:40:04-08:00,2019-11-04 19:18:36-08:00,12.029,12.0,30.0,130.0,America/Los_Angeles
jpl,1_1_193_829_2019-11-04 23:32:31.410277,1-1-193-829,AG-1F03,2019-11-04 15:32:31-08:00,2019-11-04 17:09:04-08:00,2019-11-04 17:10:03-08:00,3.557,16.0,40.0,144.0,America/Los_Angeles
jpl,1_1_191_789_2019-11-04 23:36:33.692273,1-1-191-789,AG-4F52,2019-11-04 15:36:34-08:00,2019-11-04 17:18:14-08:00,2019-11-04 17:19:13-08:00,10.346,24.0,40.0,342.0,America/Los_Angeles
jpl,1_1_179_783_2019-11-04 23:37:50.509040,1-1-179-783,AG-3F29,2019-11-04 15:37:50-08:00,2019-11-04 17:43:09-08:00,2019-11-04 17:44:08-08:00,6.783,8.0,20.0,66.0,America/Los_Angeles
jpl,1_1_179_815_2019-11-04 23:38:10.264804,1-1-179-815,AG-3F33,2019-11-04 15:38:23-08:00,2019-11-04 17:47:03-08:00,2019-11-04 17:48:02-08:00,12.744,20.0,50.0,290.0,America/Los_Angeles
jpl,1_1_193_827_2019-11-04 23:39:35.298389,1-1-193-827,AG-1F02,2019-11-04 15:39:35-08:00,2019-11-04 17:42:17-08:00,2019-11-04 17:43:15-08:00,9.451,35.0,100.0,524.0,America/Los_Angeles
jpl,1_1_178_823_2019-11-04 23:40:03.734050,1-1-178-823,AG-1F08,2019-11-04 15:40:04-08:00,2019-11-04 17:18:07-08:00,2019-11-04 17:19:06-08:00,5.947,2.67,10.0,157.0,America/Los_Angeles
jpl,1_1_194_822_2019-11-04 23:54:11.398633,1-1-194-822,AG-1F12,2019-11-04 15:54:11-08:00,2019-11-04 18:19:09-08:00,2019-11-04 18:20:08-08:00,7.428,19.98,60.0,119.0,America/Los_Angeles
jpl,1_1_179_798_2019-11-04 23:56:23.120307,1-1-179-798,AG-3F18,2019-11-04 15:56:23-08:00,2019-11-04 18:37:22-08:00,2019-11-04 18:38:21-08:00,16.529,24.0,60.0,234.0,America/Los_Angeles
jpl,1_1_179_787_2019-11-05 00:00:31.239705,1-1-179-787,AG-3F16,2019-11-04 16:00:31-08:00,2019-11-04 17:24:24-08:00,2019-11-04 17:25:22-08:00,8.465,12.0,30.0,92.0,America/Los_Angeles
jpl,1_1_191_785_2019-11-05 00:14:19.316677,1-1-191-785,AG-4F48,2019-11-04 16:14:19-08:00,2019-11-04 18:34:17-08:00,2019-11-04 18:32:10-08:00,12.02,12.0,30.0,156.0,America/Los_Angeles
jpl,1_1_178_817_2019-11-05 00:25:06.592449,1-1-178-817,AG-1F09,2019-11-04 16:27:44-08:00,2019-11-04 18:07:25-08:00,2019-11-04 18:08:24-08:00,10.356,8.0,20.0,86.0,America/Los_Angeles
jpl,1_1_191_778_2019-11-05 00:37:04.132574,1-1-191-778,AG-4F43,2019-11-04 16:37:04-08:00,2019-11-04 17:11:29-08:00,2019-11-04 17:12:28-08:00,3.302,5.0,10.0,463.0,America/Los_Angeles
jpl,1_1_191_803_2019-11-05 00:50:31.531676,1-1-191-803,AG-4F49,2019-11-04 16:50:32-08:00,2019-11-04 18:03:53-08:00,2019-11-04 18:04:52-08:00,3.986,6.66,20.0,246.0,America/Los_Angeles
jpl,1_1_191_793_2019-11-05 00:55:44.957822,1-1-191-793,AG-4F38,2019-11-04 16:55:45-08:00,2019-11-04 19:26:21-08:00,2019-11-04 18:23:26-08:00,8.903,48.0,120.0,60.0,America/Los_Angeles
jpl,1_1_178_823_2019-11-05 01:28:29.781968,1-1-178-823,AG-1F08,2019-11-04 17:28:30-08:00,2019-11-04 18:49:17-08:00,2019-11-04 18:50:16-08:00,4.438,15.0,30.0,145.0,America/Los_Angeles
jpl,1_1_178_823_2019-11-05 05:07:04.320156,1-1-178-823,AG-1F08,2019-11-04 21:07:04-08:00,2019-11-05 02:17:24-08:00,2019-11-04 22:54:11-08:00,5.424,8.0,20.0,157.0,America/Los_Angeles
jpl,1_1_194_821_2019-11-05 11:55:16.970337,1-1-194-821,AG-1F13,2019-11-05 03:55:17-08:00,2019-11-05 13:17:48-08:00,2019-11-05 06:46:14-08:00,9.283,16.0,40.0,169.0,America/Los_Angeles
jpl,1_1_194_826_2019-11-05 13:05:44.526401,1-1-194-826,AG-1F11,2019-11-05 05:05:45-08:00,2019-11-05 14:34:28-08:00,2019-11-05 07:19:20-08:00,5.969,8.0,20.0,60.0,America/Los_Angeles
jpl,1_1_194_822_2019-11-05 13:10:24.568562,1-1-194-822,AG-1F12,2019-11-05 05:10:25-08:00,2019-11-05 14:09:43-08:00,2019-11-05 07:19:28-08:00,5.182,8.0,20.0,60.0,America/Los_Angeles
jpl,1_1_193_819_2019-11-05 13:11:44.979739,1-1-193-819,AG-1F06,2019-11-05 05:11:45-08:00,2019-11-05 09:31:34-08:00,2019-11-05 08:45:51-08:00,13.384,20.0,50.0,181.0,America/Los_Angeles
jpl,1_1_194_818_2019-11-05 13:35:02.476919,1-1-194-818,AG-1F14,2019-11-05 05:35:02-08:00,2019-11-05 15:31:19-08:00,2019-11-05 11:36:48-08:00,15.857,16.65,50.0,481.0,America/Los_Angeles
jpl,1_1_191_789_2019-11-05 13:39:36.720407,1-1-191-789,AG-4F52,2019-11-05 05:39:37-08:00,2019-11-05 16:23:24-08:00,2019-11-05 07:46:30-08:00,5.821,8.0,20.0,60.0,America/Los_Angeles
jpl,1_1_178_823_2019-11-05 13:45:28.134174,1-1-178-823,AG-1F08,2019-11-05 05:45:28-08:00,2019-11-05 15:33:52-08:00,2019-11-05 09:22:32-08:00,10.186,12.0,20.0,605.0,America/Los_Angeles
jpl,1_1_193_825_2019-11-05 13:45:20.026513,1-1-193-825,AG-1F01,2019-11-05 05:45:33-08:00,2019-11-05 14:59:53-08:00,2019-11-05 07:41:56-08:00,5.363,12.0,30.0,60.0,America/Los_Angeles
jpl,1_1_179_791_2019-11-05 13:52:42.731003,1-1-179-791,AG-3F26,2019-11-05 05:52:43-08:00,2019-11-05 17:22:20-08:00,2019-11-05 08:38:49-08:00,6.806,8.0,20.0,200.0,America/Los_Angeles
jpl,1_1_193_829_2019-11-05 13:57:25.971486,1-1-193-829,AG-1F03,2019-11-05 05:57:26-08:00,2019-11-05 15:52:14-08:00,2019-11-05 07:55:31-08:00,5.249,8.0,20.0,60.0,America/Los_Angeles
jpl,1_1_178_828_2019-11-05 13:58:33.054716,1-1-178-828,AG-1F10,2019-11-05 05:58:33-08:00,2019-11-05 14:49:42-08:00,2019-11-05 08:47:24-08:00,11.839,20.0,50.0,60.0,America/Los_Angeles
jpl,1_1_178_824_2019-11-05 14:07:35.460287,1-1-178-824,AG-1F07,2019-11-05 06:07:35-08:00,2019-11-05 17:20:28-08:00,2019-11-05 14:59:07-08:00,44.036,44.0,220.0,604.0,America/Los_Angeles
jpl,1_1_193_820_2019-11-05 14:08:11.190282,1-1-193-820,AG-1F04,2019-11-05 06:08:11-08:00,2019-11-05 16:37:35-08:00,2019-11-05 09:37:54-08:00,6.519,12.0,30.0,587.0,America/Los_Angeles
jpl,1_1_191_804_2019-11-05 14:10:10.819939,1-1-191-804,AG-4F34,2019-11-05 06:10:11-08:00,2019-11-05 16:16:31-08:00,2019-11-05 10:43:52-08:00,26.092,45.0,180.0,484.0,America/Los_Angeles
jpl,1_1_178_817_2019-11-05 14:15:00.200630,1-1-178-817,AG-1F09,2019-11-05 06:15:00-08:00,2019-11-05 15:34:26-08:00,2019-11-05 14:59:07-08:00,10.026,10.0,20.0,61.0,America/Los_Angeles
jpl,1_1_179_799_2019-11-05 14:14:20.865157,1-1-179-799,AG-3F25,2019-11-05 06:15:04-08:00,2019-11-05 14:53:13-08:00,2019-11-05 09:52:08-08:00,21.461,75.05,158.0,720.0,America/Los_Angeles
jpl,1_1_179_796_2019-11-05 14:20:51.858032,1-1-179-796,AG-3F24,2019-11-05 06:20:52-08:00,2019-11-05 16:58:28-08:00,2019-11-05 12:52:54-08:00,35.28,40.0,100.0,522.0,America/Los_Angeles
jpl,1_1_193_827_2019-11-05 14:20:56.069188,1-1-193-827,AG-1F02,2019-11-05 06:20:56-08:00,2019-11-05 15:27:54-08:00,2019-11-05 09:20:45-08:00,8.207,16.0,40.0,503.0,America/Los_Angeles
jpl,1_1_193_816_2019-11-05 14:22:12.910257,1-1-193-816,AG-1F05,2019-11-05 06:22:13-08:00,2019-11-05 15:11:00-08:00,2019-11-05 10:03:52-08:00,0.722,0.0,0.0,0.0,America/Los_Angeles
jpl,1_1_179_813_2019-11-05 14:24:23.520171,1-1-179-813,AG-3F15,2019-11-05 06:24:24-08:00,2019-11-05 16:29:29-08:00,2019-11-05 09:15:13-08:00,13.235,40.0,100.0,531.0,America/Los_Angeles
jpl,1_1_179_797_2019-11-05 14:26:20.669378,1-1-179-797,AG-3F23,2019-11-05 06:26:21-08:00,2019-11-05 15:24:00-08:00,2019-11-05 08:41:46-08:00,6.815,32.0,80.0,494.0,America/Los_Angeles
jpl,1_1_179_815_2019-11-05 14:29:57.836562,1-1-179-815,AG-3F33,2019-11-05 06:29:58-08:00,2019-11-05 15:58:29-08:00,2019-11-05 13:32:04-08:00,8.03,8.0,20.0,509.0,America/Los_Angeles
jpl,1_1_179_809_2019-11-05 14:30:09.248862,1-1-179-809,AG-3F27,2019-11-05 06:30:09-08:00,2019-11-05 17:41:47-08:00,2019-11-05 11:49:17-08:00,30.275,46.2,120.0,631.0,America/Los_Angeles
jpl,1_1_179_783_2019-11-05 14:31:19.570445,1-1-179-783,AG-3F29,2019-11-05 06:31:20-08:00,2019-11-05 13:45:24-08:00,2019-11-05 09:36:12-08:00,6.252,9.99,30.0,304.0,America/Los_Angeles
jpl,1_1_179_800_2019-11-05 14:33:28.276034,1-1-179-800,AG-3F32,2019-11-05 06:33:28-08:00,2019-11-05 15:50:26-08:00,2019-11-05 09:50:22-08:00,8.011,8.0,20.0,281.0,America/Los_Angeles
jpl,1_1_179_801_2019-11-05 14:39:21.080147,1-1-179-801,AG-3F21,2019-11-05 06:39:21-08:00,2019-11-05 12:34:09-08:00,2019-11-05 12:26:39-08:00,36.455,40.0,100.0,720.0,America/Los_Angeles
jpl,1_1_179_781_2019-11-05 14:41:49.299835,1-1-179-781,AG-3F31,2019-11-05 06:41:49-08:00,2019-11-05 17:26:47-08:00,2019-11-05 09:16:18-08:00,7.512,16.0,40.0,245.0,America/Los_Angeles
jpl,1_1_179_777_2019-11-05 14:46:07.104500,1-1-179-777,AG-3F28,2019-11-05 06:46:26-08:00,2019-11-05 15:58:20-08:00,2019-11-05 11:42:03-08:00,20.346,24.75,90.0,497.0,America/Los_Angeles
jpl,1_1_191_785_2019-11-05 14:47:54.333723,1-1-191-785,AG-4F48,2019-11-05 06:47:54-08:00,2019-11-05 16:38:25-08:00,2019-11-05 10:26:25-08:00,7.701,12.0,30.0,618.0,America/Los_Angeles
jpl,1_1_179_790_2019-11-05 14:48:25.658987,1-1-179-790,AG-3F19,2019-11-05 06:48:26-08:00,2019-11-05 16:33:18-08:00,2019-11-05 08:50:55-08:00,5.581,8.0,20.0,60.0,America/Los_Angeles
jpl,1_1_179_810_2019-11-05 14:54:46.109354,1-1-179-810,AG-3F30,2019-11-05 06:54:46-08:00,2019-11-05 17:17:37-08:00,2019-11-05 16:47:23-08:00,32.894,36.0,90.0,495.0,America/Los_Angeles
jpl,1_1_179_788_2019-11-05 14:57:19.640894,1-1-179-788,AG-3F22,2019-11-05 06:57:29-08:00,2019-11-05 16:25:33-08:00,2019-11-05 10:23:31-08:00,12.805,30.0,50.0,434.0,America/Los_Angeles
jpl,1_1_179_798_2019-11-05 15:00:38.973546,1-1-179-798,AG-3F18,2019-11-05 07:00:39-08:00,2019-11-05 16:45:31-08:00,2019-11-05 09:22:58-08:00,6.203,20.0,50.0,60.0,America/Los_Angeles
jpl,1_1_179_779_2019-11-05 15:01:54.239587,1-1-179-779,AG-3F17,2019-11-05 07:02:03-08:00,2019-11-05 15:12:52-08:00,2019-11-05 10:58:49-08:00,10.025,38.5,110.0,377.0,America/Los_Angeles
jpl,1_1_179_787_2019-11-05 15:07:28.131168,1-1-179-787,AG-3F16,2019-11-05 07:07:28-08:00,2019-11-05 16:20:17-08:00,2019-11-05 10:10:15-08:00,5.145,6.66,20.0,493.0,America/Los_Angeles
jpl,1_1_191_780_2019-11-05 15:09:16.350132,1-1-191-780,AG-4F45,2019-11-05 07:09:16-08:00,2019-11-05 11:44:00-08:00,2019-11-05 11:44:59-08:00,14.526,20.0,50.0,488.0,America/Los_Angeles
jpl,1_1_179_794_2019-11-05 15:09:47.706507,1-1-179-794,AG-3F20,2019-11-05 07:09:48-08:00,2019-11-05 16:32:31-08:00,2019-11-05 16:30:45-08:00,16.238,19.98,60.0,530.0,America/Los_Angeles
jpl,1_1_191_807_2019-11-05 15:09:49.576018,1-1-191-807,AG-4F47,2019-11-05 07:09:50-08:00,2019-11-05 12:01:50-08:00,2019-11-05 11:26:29-08:00,0.95,12.5,50.0,182.0,America/Los_Angeles
jpl,1_1_191_811_2019-11-05 15:11:04.638835,1-1-191-811,AG-4F42,2019-11-05 07:11:05-08:00,2019-11-05 10:55:34-08:00,2019-11-05 10:49:27-08:00,11.428,15.0,60.0,229.0,America/Los_Angeles
jpl,1_1_191_782_2019-11-05 15:19:22.521408,1-1-191-782,AG-4F50,2019-11-05 07:19:23-08:00,2019-11-05 14:34:26-08:00,2019-11-05 14:35:25-08:00,9.174,20.0,50.0,650.0,America/Los_Angeles
jpl,1_1_191_802_2019-11-05 15:19:55.360683,1-1-191-802,AG-4F44,2019-11-05 07:19:55-08:00,2019-11-05 16:52:58-08:00,2019-11-05 11:24:23-08:00,12.753,36.0,60.0,426.0,America/Los_Angeles
jpl,1_1_191_805_2019-11-05 15:22:15.054871,1-1-191-805,AG-4F39,2019-11-05 07:22:15-08:00,2019-11-05 13:25:59-08:00,2019-11-05 12:41:15-08:00,9.856,20.0,50.0,313.0,America/Los_Angeles
jpl,1_1_191_778_2019-11-05 15:26:17.531680,1-1-191-778,AG-4F43,2019-11-05 07:26:18-08:00,2019-11-05 15:00:20-08:00,2019-11-05 11:18:16-08:00,13.524,24.0,60.0,416.0,America/Los_Angeles
jpl,1_1_191_795_2019-11-05 15:30:34.895838,1-1-191-795,AG-4F51,2019-11-05 07:30:35-08:00,2019-11-05 17:06:07-08:00,2019-11-05 10:49:47-08:00,9.449,24.0,40.0,342.0,America/Los_Angeles
jpl,1_1_191_784_2019-11-05 15:30:35.802318,1-1-191-784,AG-4F40,2019-11-05 07:30:36-08:00,2019-11-05 16:21:17-08:00,2019-11-05 16:21:56-08:00,19.847,32.0,80.0,469.0,America/Los_Angeles
jpl,1_1_191_792_2019-11-05 15:31:26.220632,1-1-191-792,AG-4F37,2019-11-05 07:31:26-08:00,2019-11-05 16:59:14-08:00,2019-11-05 12:28:18-08:00,12.091,20.0,50.0,221.0,America/Los_Angeles
jpl,1_1_191_803_2019-11-05 15:32:38.756824,1-1-191-803,AG-4F49,2019-11-05 07:32:39-08:00,2019-11-05 11:38:33-08:00,2019-11-05 10:41:40-08:00,9.439,12.0,60.0,414.0,America/Los_Angeles
jpl,1_1_191_806_2019-11-05 15:37:26.923002,1-1-191-806,AG-4F41,2019-11-05 07:37:54-08:00,2019-11-05 22:26:00-08:00,2019-11-05 22:26:59-08:00,25.486,58.24,160.0,629.0,America/Los_Angeles
jpl,1_1_191_812_2019-11-05 15:39:38.020209,1-1-191-812,AG-4F46,2019-11-05 07:39:38-08:00,2019-11-05 17:12:33-08:00,2019-11-05 13:53:01-08:00,25.534,4.58,20.0,191.0,America/Los_Angeles
jpl,1_1_191_808_2019-11-05 15:44:11.396961,1-1-191-808,AG-4F35,2019-11-05 07:44:17-08:00,2019-11-05 18:08:45-08:00,2019-11-05 10:44:50-08:00,13.399,32.0,80.0,530.0,America/Los_Angeles
jpl,1_1_191_786_2019-11-05 15:50:19.314638,1-1-191-786,AG-4F36,2019-11-05 07:50:31-08:00,2019-11-05 17:53:27-08:00,2019-11-05 08:46:33-08:00,2.265,8.0,20.0,60.0,America/Los_Angeles
jpl,1_1_191_793_2019-11-05 15:50:22.578961,1-1-191-793,AG-4F38,2019-11-05 07:50:51-08:00,2019-11-05 17:40:28-08:00,2019-11-05 11:27:45-08:00,13.103,20.0,50.0,491.0,America/Los_Angeles
jpl,1_1_193_819_2019-11-05 17:46:32.803964,1-1-193-819,AG-1F06,2019-11-05 09:46:33-08:00,2019-11-05 15:44:43-08:00,2019-11-05 11:44:34-08:00,12.183,35.0,100.0,317.0,America/Los_Angeles
jpl,1_1_191_811_2019-11-05 19:02:47.617445,1-1-191-811,AG-4F42,2019-11-05 11:02:48-08:00,2019-11-05 15:00:24-08:00,2019-11-05 14:09:03-08:00,17.566,39.95,170.0,241.0,America/Los_Angeles
jpl,1_1_191_803_2019-11-05 19:55:53.640806,1-1-191-803,AG-4F49,2019-11-05 11:55:54-08:00,2019-11-05 17:31:42-08:00,2019-11-05 15:17:46-08:00,12.14,15.0,60.0,246.0,America/Los_Angeles
jpl,1_1_191_807_2019-11-05 20:02:10.254932,1-1-191-807,AG-4F47,2019-11-05 12:02:18-08:00,2019-11-05 15:05:47-08:00,2019-11-05 15:06:47-08:00,10.192,12.5,50.0,182.0,America/Los_Angeles
jpl,1_1_191_780_2019-11-05 20:09:13.787001,1-1-191-780,AG-4F45,2019-11-05 12:09:14-08:00,2019-11-05 18:00:13-08:00,2019-11-05 17:55:45-08:00,26.244,29.97,90.0,203.0,America/Los_Angeles
jpl,1_1_179_801_2019-11-05 20:39:00.859869,1-1-179-801,AG-3F21,2019-11-05 12:39:01-08:00,2019-11-05 17:31:56-08:00,2019-11-05 14:14:54-08:00,9.198,16.0,40.0,290.0,America/Los_Angeles
jpl,1_1_194_821_2019-11-05 21:22:09.399720,1-1-194-821,AG-1F13,2019-11-05 13:22:09-08:00,2019-11-05 18:18:06-08:00,2019-11-05 18:19:05-08:00,30.543,70.0,200.0,429.0,America/Los_Angeles
jpl,1_1_191_805_2019-11-05 21:37:00.843734,1-1-191-805,AG-4F39,2019-11-05 13:37:01-08:00,2019-11-05 15:46:20-08:00,2019-11-05 15:47:19-08:00,13.104,48.0,120.0,60.0,America/Los_Angeles
jpl,1_1_194_822_2019-11-05 22:23:25.366691,1-1-194-822,AG-1F12,2019-11-05 14:23:25-08:00,2019-11-05 16:23:48-08:00,2019-11-05 16:24:47-08:00,11.495,16.0,40.0,126.0,America/Los_Angeles
jpl,1_1_191_782_2019-11-05 22:36:20.154107,1-1-191-782,AG-4F50,2019-11-05 14:36:20-08:00,2019-11-05 18:57:40-08:00,2019-11-05 18:58:39-08:00,27.258,52.5,140.0,486.0,America/Los_Angeles
jpl,1_1_194_826_2019-11-05 22:42:24.411528,1-1-194-826,AG-1F11,2019-11-05 14:42:24-08:00,2019-11-05 17:31:23-08:00,2019-11-05 17:32:22-08:00,17.435,16.0,40.0,188.0,America/Los_Angeles
jpl,1_1_191_778_2019-11-05 23:07:20.352353,1-1-191-778,AG-4F43,2019-11-05 15:07:33-08:00,2019-11-05 17:27:03-08:00,2019-11-05 17:09:47-08:00,11.971,20.0,50.0,290.0,America/Los_Angeles
jpl,1_1_178_828_2019-11-05 23:07:46.576669,1-1-178-828,AG-1F10,2019-11-05 15:07:47-08:00,2019-11-05 16:37:54-08:00,2019-11-05 16:01:01-08:00,1.529,8.0,20.0,60.0,America/Los_Angeles
jpl,1_1_191_807_2019-11-05 23:31:23.394866,1-1-191-807,AG-4F47,2019-11-05 15:31:23-08:00,2019-11-05 19:30:09-08:00,2019-11-05 18:58:29-08:00,21.089,27.5,110.0,219.0,America/Los_Angeles
jpl,1_1_191_811_2019-11-05 23:47:07.200510,1-1-191-811,AG-4F42,2019-11-05 15:47:07-08:00,2019-11-05 17:35:33-08:00,2019-11-05 17:36:32-08:00,5.95,12.0,30.0,68.0,America/Los_Angeles
jpl,1_1_178_817_2019-11-06 01:36:52.498261,1-1-178-817,AG-1F09,2019-11-05 17:36:52-08:00,2019-11-05 19:24:00-08:00,2019-11-05 19:24:59-08:00,11.506,12.0,30.0,89.0,America/Los_Angeles
jpl,1_1_179_815_2019-11-06 01:47:42.075919,1-1-179-815,AG-3F33,2019-11-05 17:47:42-08:00,2019-11-05 22:46:20-08:00,2019-11-05 20:57:03-08:00,12.297,24.0,60.0,220.0,America/Los_Angeles
jpl,1_1_178_823_2019-11-06 07:17:41.905323,1-1-178-823,AG-1F08,2019-11-05 23:17:42-08:00,2019-11-06 01:32:08-08:00,2019-11-06 01:07:46-08:00,5.646,8.0,20.0,157.0,America/Los_Angeles
jpl,1_1_194_821_2019-11-06 11:58:49.697618,1-1-194-821,AG-1F13,2019-11-06 03:58:50-08:00,2019-11-06 13:29:58-08:00,2019-11-06 06:51:45-08:00,9.383,16.0,40.0,169.0,America/Los_Angeles
jpl,1_1_194_826_2019-11-06 13:00:13.219060,1-1-194-826,AG-1F11,2019-11-06 05:00:13-08:00,2019-11-06 14:34:37-08:00,2019-11-06 07:27:32-08:00,6.413,8.0,20.0,60.0,America/Los_Angeles
jpl,1_1_194_822_2019-11-06 13:31:25.416061,1-1-194-822,AG-1F12,2019-11-06 05:31:25-08:00,2019-11-06 15:43:30-08:00,2019-11-06 11:34:37-08:00,16.141,16.65,50.0,481.0,America/Los_Angeles
jpl,1_1_191_789_2019-11-06 13:40:51.849871,1-1-191-789,AG-4F52,2019-11-06 05:40:52-08:00,2019-11-06 16:23:44-08:00,2019-11-06 07:41:47-08:00,5.747,8.0,20.0,60.0,America/Los_Angeles
jpl,1_1_178_823_2019-11-06 13:44:01.021611,1-1-178-823,AG-1F08,2019-11-06 05:44:01-08:00,2019-11-06 13:41:34-08:00,2019-11-06 10:14:40-08:00,10.098,12.0,20.0,605.0,America/Los_Angeles
jpl,1_1_178_828_2019-11-06 13:56:27.059191,1-1-178-828,AG-1F10,2019-11-06 05:56:27-08:00,2019-11-06 18:40:25-08:00,2019-11-06 07:50:51-08:00,3.831,8.0,20.0,60.0,America/Los_Angeles
jpl,1_1_194_818_2019-11-06 13:58:24.855795,1-1-194-818,AG-1F14,2019-11-06 05:58:25-08:00,2019-11-06 15:34:33-08:00,2019-11-06 15:32:31-08:00,6.877,10.0,20.0,61.0,America/Los_Angeles
jpl,1_1_179_791_2019-11-06 14:04:21.022583,1-1-179-791,AG-3F26,2019-11-06 06:04:21-08:00,2019-11-06 17:00:35-08:00,2019-11-06 09:01:13-08:00,7.731,8.0,20.0,200.0,America/Los_Angeles
jpl,1_1_193_829_2019-11-06 14:05:29.830994,1-1-193-829,AG-1F03,2019-11-06 06:05:30-08:00,2019-11-06 16:09:45-08:00,2019-11-06 08:33:00-08:00,6.549,8.0,20.0,60.0,America/Los_Angeles
jpl,1_1_193_819_2019-11-06 14:08:05.550878,1-1-193-819,AG-1F06,2019-11-06 06:08:06-08:00,2019-11-06 15:30:34-08:00,2019-11-06 09:06:32-08:00,12.388,20.0,50.0,60.0,America/Los_Angeles
jpl,1_1_179_815_2019-11-06 14:12:09.928685,1-1-179-815,AG-3F33,2019-11-06 06:12:10-08:00,2019-11-06 17:38:34-08:00,2019-11-06 08:18:23-08:00,5.002,8.0,20.0,509.0,America/Los_Angeles
jpl,1_1_178_817_2019-11-06 14:19:07.900778,1-1-178-817,AG-1F09,2019-11-06 06:19:08-08:00,2019-11-06 15:40:01-08:00,2019-11-06 15:09:37-08:00,8.074,8.0,20.0,281.0,America/Los_Angeles
jpl,1_1_193_827_2019-11-06 14:21:58.069970,1-1-193-827,AG-1F02,2019-11-06 06:21:58-08:00,2019-11-06 15:31:31-08:00,2019-11-06 09:23:35-08:00,7.861,16.0,40.0,503.0,America/Los_Angeles
jpl,1_1_179_810_2019-11-06 14:23:29.741301,1-1-179-810,AG-3F30,2019-11-06 06:23:30-08:00,2019-11-06 18:20:38-08:00,2019-11-06 15:01:34-08:00,45.045,45.0,180.0,561.0,America/Los_Angeles
jpl,1_1_179_809_2019-11-06 14:23:34.554531,1-1-179-809,AG-3F27,2019-11-06 06:23:55-08:00,2019-11-06 15:24:41-08:00,2019-11-06 11:42:23-08:00,19.792,24.75,90.0,518.0,America/Los_Angeles
jpl,1_1_193_825_2019-11-06 14:27:23.141079,1-1-193-825,AG-1F01,2019-11-06 06:27:23-08:00,2019-11-06 10:40:16-08:00,2019-11-06 08:56:32-08:00,12.71,40.0,100.0,570.0,America/Los_Angeles
jpl,1_1_179_796_2019-11-06 14:27:12.872492,1-1-179-796,AG-3F24,2019-11-06 06:27:26-08:00,2019-11-06 16:22:17-08:00,2019-11-06 09:53:00-08:00,12.838,30.0,50.0,435.0,America/Los_Angeles
jpl,1_1_179_800_2019-11-06 14:37:00.817906,1-1-179-800,AG-3F32,2019-11-06 06:37:01-08:00,2019-11-06 12:14:44-08:00,2019-11-06 11:29:09-08:00,23.932,40.0,100.0,720.0,America/Los_Angeles
jpl,1_1_191_804_2019-11-06 14:37:37.997259,1-1-191-804,AG-4F34,2019-11-06 06:37:38-08:00,2019-11-06 16:03:39-08:00,2019-11-06 12:50:25-08:00,31.536,45.0,180.0,484.0,America/Los_Angeles
jpl,1_1_179_794_2019-11-06 14:38:59.029997,1-1-179-794,AG-3F20,2019-11-06 06:38:59-08:00,2019-11-06 15:27:48-08:00,2019-11-06 12:58:36-08:00,13.522,24.0,60.0,566.0,America/Los_Angeles
jpl,1_1_179_781_2019-11-06 14:41:12.390585,1-1-179-781,AG-3F31,2019-11-06 06:41:25-08:00,2019-11-06 16:02:47-08:00,2019-11-06 13:35:03-08:00,26.353,24.0,60.0,315.0,America/Los_Angeles
jpl,1_1_179_777_2019-11-06 14:43:36.264885,1-1-179-777,AG-3F28,2019-11-06 06:43:51-08:00,2019-11-06 14:40:45-08:00,2019-11-06 11:38:13-08:00,29.264,58.24,160.0,629.0,America/Los_Angeles
jpl,1_1_191_785_2019-11-06 14:45:55.861778,1-1-191-785,AG-4F48,2019-11-06 06:45:56-08:00,2019-11-06 16:42:57-08:00,2019-11-06 11:47:55-08:00,8.468,12.0,30.0,618.0,America/Los_Angeles
jpl,1_1_193_820_2019-11-06 14:48:34.442358,1-1-193-820,AG-1F04,2019-11-06 06:48:34-08:00,2019-11-06 17:12:21-08:00,2019-11-06 10:02:39-08:00,6.441,12.0,30.0,587.0,America/Los_Angeles
jpl,1_1_179_798_2019-11-06 14:55:43.780575,1-1-179-798,AG-3F18,2019-11-06 06:55:44-08:00,2019-11-06 16:37:59-08:00,2019-11-06 13:36:24-08:00,9.225,36.0,60.0,536.0,America/Los_Angeles
jpl,1_1_178_824_2019-11-06 14:56:34.288835,1-1-178-824,AG-1F07,2019-11-06 06:56:34-08:00,2019-11-06 11:54:37-08:00,2019-11-06 10:47:49-08:00,13.564,20.0,50.0,181.0,America/Los_Angeles
jpl,1_1_179_788_2019-11-06 14:56:38.781050,1-1-179-788,AG-3F22,2019-11-06 06:56:39-08:00,2019-11-06 17:05:42-08:00,2019-11-06 08:45:20-08:00,5.176,32.0,80.0,494.0,America/Los_Angeles
jpl,1_1_193_816_2019-11-06 14:57:24.807573,1-1-193-816,AG-1F05,2019-11-06 06:57:25-08:00,2019-11-06 13:16:49-08:00,2019-11-06 08:38:21-08:00,6.647,24.0,60.0,545.0,America/Los_Angeles
jpl,1_1_179_799_2019-11-06 15:02:53.455277,1-1-179-799,AG-3F25,2019-11-06 07:02:53-08:00,2019-11-06 15:45:09-08:00,2019-11-06 12:12:18-08:00,19.418,42.35,110.0,474.0,America/Los_Angeles
jpl,1_1_179_797_2019-11-06 15:04:47.710016,1-1-179-797,AG-3F23,2019-11-06 07:04:53-08:00,2019-11-06 16:13:50-08:00,2019-11-06 15:47:52-08:00,36.036,36.0,90.0,684.0,America/Los_Angeles
jpl,1_1_179_783_2019-11-06 15:05:01.113417,1-1-179-783,AG-3F29,2019-11-06 07:05:01-08:00,2019-11-06 16:19:56-08:00,2019-11-06 15:47:33-08:00,47.558,52.5,150.0,554.0,America/Los_Angeles
jpl,1_1_179_787_2019-11-06 15:05:53.481160,1-1-179-787,AG-3F16,2019-11-06 07:06:01-08:00,2019-11-06 16:57:59-08:00,2019-11-06 16:58:57-08:00,16.326,19.98,60.0,530.0,America/Los_Angeles
jpl,1_1_179_801_2019-11-06 15:07:27.938375,1-1-179-801,AG-3F21,2019-11-06 07:07:28-08:00,2019-11-06 16:04:33-08:00,2019-11-06 16:05:30-08:00,19.166,36.0,90.0,495.0,America/Los_Angeles
jpl,1_1_191_778_2019-11-06 15:08:22.201045,1-1-191-778,AG-4F43,2019-11-06 07:08:22-08:00,2019-11-06 14:23:02-08:00,2019-11-06 14:11:00-08:00,23.273,20.0,50.0,423.0,America/Los_Angeles
jpl,1_1_179_790_2019-11-06 15:09:58.858079,1-1-179-790,AG-3F19,2019-11-06 07:10:14-08:00,2019-11-06 15:04:50-08:00,2019-11-06 12:28:50-08:00,13.094,15.0,60.0,461.0,America/Los_Angeles
jpl,1_1_191_782_2019-11-06 15:10:09.069033,1-1-191-782,AG-4F50,2019-11-06 07:10:15-08:00,2019-11-06 16:13:14-08:00,2019-11-06 10:42:08-08:00,10.611,30.0,60.0,520.0,America/Los_Angeles
jpl,1_1_179_813_2019-11-06 15:13:58.470402,1-1-179-813,AG-3F15,2019-11-06 07:13:58-08:00,2019-11-06 16:57:32-08:00,2019-11-06 12:07:21-08:00,14.492,28.0,70.0,550.0,America/Los_Angeles
jpl,1_1_179_779_2019-11-06 15:14:00.091268,1-1-179-779,AG-3F17,2019-11-06 07:14:00-08:00,2019-11-06 14:43:39-08:00,2019-11-06 13:35:51-08:00,12.998,15.0,30.0,409.0,America/Los_Angeles
jpl,1_1_191_807_2019-11-06 15:14:01.255630,1-1-191-807,AG-4F47,2019-11-06 07:14:01-08:00,2019-11-06 13:13:31-08:00,2019-11-06 11:55:58-08:00,7.802,8.0,20.0,563.0,America/Los_Angeles
jpl,1_1_191_795_2019-11-06 15:15:27.938114,1-1-191-795,AG-4F51,2019-11-06 07:15:28-08:00,2019-11-06 17:36:47-08:00,2019-11-06 11:05:32-08:00,11.592,20.0,50.0,650.0,America/Los_Angeles
jpl,1_1_191_802_2019-11-06 15:17:17.822759,1-1-191-802,AG-4F44,2019-11-06 07:17:18-08:00,2019-11-06 16:31:45-08:00,2019-11-06 16:22:25-08:00,20.159,32.0,80.0,469.0,America/Los_Angeles
jpl,1_1_191_803_2019-11-06 15:17:31.843763,1-1-191-803,AG-4F49,2019-11-06 07:17:32-08:00,2019-11-06 17:12:03-08:00,2019-11-06 17:00:05-08:00,51.399,55.6,200.0,476.0,America/Los_Angeles
jpl,1_1_191_780_2019-11-06 15:19:11.229575,1-1-191-780,AG-4F45,2019-11-06 07:19:11-08:00,2019-11-06 16:13:44-08:00,2019-11-06 14:02:23-08:00,39.048,102.74,220.0,627.0,America/Los_Angeles
jpl,1_1_191_812_2019-11-06 15:19:20.206702,1-1-191-812,AG-4F46,2019-11-06 07:19:20-08:00,2019-11-06 17:46:26-08:00,2019-11-06 11:29:22-08:00,7.38,8.0,20.0,617.0,America/Los_Angeles
jpl,1_1_191_811_2019-11-06 15:20:00.688582,1-1-191-811,AG-4F42,2019-11-06 07:20:01-08:00,2019-11-06 16:21:08-08:00,2019-11-06 13:43:11-08:00,11.019,14.0,70.0,604.0,America/Los_Angeles
jpl,1_1_191_792_2019-11-06 15:20:12.571776,1-1-191-792,AG-4F37,2019-11-06 07:20:13-08:00,2019-11-06 10:36:15-08:00,2019-11-06 10:37:10-08:00,18.013,60.0,200.0,535.0,America/Los_Angeles
jpl,1_1_191_784_2019-11-06 15:20:24.912268,1-1-191-784,AG-4F40,2019-11-06 07:20:25-08:00,2019-11-06 16:30:21-08:00,2019-11-06 15:07:11-08:00,46.492,120.0,200.0,537.0,America/Los_Angeles
jpl,1_1_191_806_2019-11-06 15:28:21.762624,1-1-191-806,AG-4F41,2019-11-06 07:28:22-08:00,2019-11-06 17:08:42-08:00,2019-11-06 12:48:56-08:00,14.246,16.0,40.0,248.0,America/Los_Angeles
jpl,1_1_191_808_2019-11-06 15:32:39.129385,1-1-191-808,AG-4F35,2019-11-06 07:32:39-08:00,2019-11-06 17:23:46-08:00,2019-11-06 17:24:44-08:00,52.244,80.0,200.0,720.0,America/Los_Angeles
jpl,1_1_191_805_2019-11-06 15:32:41.470246,1-1-191-805,AG-4F39,2019-11-06 07:32:41-08:00,2019-11-06 17:18:17-08:00,2019-11-06 16:51:28-08:00,40.038,40.0,100.0,549.0,America/Los_Angeles
jpl,1_1_191_793_2019-11-06 15:37:08.852128,1-1-191-793,AG-4F38,2019-11-06 07:37:09-08:00,2019-11-06 17:01:47-08:00,2019-11-06 16:14:22-08:00,20.054,20.0,50.0,488.0,America/Los_Angeles
jpl,1_1_191_786_2019-11-06 15:42:57.931425,1-1-191-786,AG-4F36,2019-11-06 07:42:58-08:00,2019-11-06 18:07:34-08:00,2019-11-06 08:42:40-08:00,1.88,8.0,20.0,60.0,America/Los_Angeles
jpl,1_1_193_825_2019-11-06 18:57:47.674777,1-1-193-825,AG-1F01,2019-11-06 10:57:48-08:00,2019-11-06 16:14:57-08:00,2019-11-06 13:08:01-08:00,6.358,12.0,30.0,185.0,America/Los_Angeles
jpl,1_1_191_792_2019-11-06 19:12:43.673729,1-1-191-792,AG-4F37,2019-11-06 11:12:55-08:00,2019-11-06 16:29:06-08:00,2019-11-06 14:31:48-08:00,8.212,38.5,110.0,377.0,America/Los_Angeles
jpl,1_1_178_824_2019-11-06 20:05:48.645383,1-1-178-824,AG-1F07,2019-11-06 12:05:49-08:00,2019-11-06 13:38:55-08:00,2019-11-06 13:39:54-08:00,9.405,25.0,100.0,188.0,America/Los_Angeles
jpl,1_1_179_800_2019-11-06 20:22:37.056580,1-1-179-800,AG-3F32,2019-11-06 12:22:37-08:00,2019-11-06 17:45:22-08:00,2019-11-06 14:09:16-08:00,10.425,15.0,40.0,147.0,America/Los_Angeles
jpl,1_1_193_816_2019-11-06 21:19:11.819007,1-1-193-816,AG-1F05,2019-11-06 13:19:12-08:00,2019-11-06 23:04:47-08:00,2019-11-06 19:23:39-08:00,4.68,20.0,50.0,377.0,America/Los_Angeles
jpl,1_1_191_807_2019-11-06 21:19:12.291859,1-1-191-807,AG-4F47,2019-11-06 13:19:12-08:00,2019-11-06 16:31:42-08:00,2019-11-06 16:32:41-08:00,19.721,49.95,150.0,60.0,America/Los_Angeles
jpl,1_1_194_821_2019-11-06 21:36:04.835361,1-1-194-821,AG-1F13,2019-11-06 13:36:05-08:00,2019-11-06 18:15:52-08:00,2019-11-06 18:16:51-08:00,28.234,56.0,160.0,511.0,America/Los_Angeles
jpl,1_1_178_823_2019-11-06 21:50:02.347672,1-1-178-823,AG-1F08,2019-11-06 13:50:02-08:00,2019-11-06 18:17:48-08:00,2019-11-06 14:22:48-08:00,2.137,8.0,20.0,60.0,America/Los_Angeles
jpl,1_1_178_824_2019-11-06 21:52:46.753051,1-1-178-824,AG-1F07,2019-11-06 13:52:47-08:00,2019-11-06 19:35:29-08:00,2019-11-06 15:56:38-08:00,5.888,8.0,20.0,299.0,America/Los_Angeles
jpl,1_1_194_826_2019-11-06 22:48:42.431673,1-1-194-826,AG-1F11,2019-11-06 14:48:42-08:00,2019-11-06 17:56:25-08:00,2019-11-06 17:57:23-08:00,9.539,20.0,50.0,144.0,America/Los_Angeles
jpl,1_1_179_779_2019-11-06 23:09:33.928616,1-1-179-779,AG-3F17,2019-11-06 15:09:34-08:00,2019-11-06 18:16:14-08:00,2019-11-06 18:17:13-08:00,18.844,40.0,200.0,361.0,America/Los_Angeles
jpl,1_1_191_778_2019-11-06 23:19:15.749010,1-1-191-778,AG-4F43,2019-11-06 15:19:29-08:00,2019-11-06 17:51:57-08:00,2019-11-06 17:29:41-08:00,12.412,20.0,50.0,290.0,America/Los_Angeles
jpl,1_1_179_777_2019-11-06 23:24:57.590558,1-1-179-777,AG-3F28,2019-11-06 15:24:58-08:00,2019-11-06 16:44:25-08:00,2019-11-06 16:45:24-08:00,7.704,20.0,50.0,98.0,America/Los_Angeles
jpl,1_1_179_809_2019-11-06 23:29:00.068356,1-1-179-809,AG-3F27,2019-11-06 15:29:00-08:00,2019-11-06 19:16:57-08:00,2019-11-06 19:17:55-08:00,23.407,42.0,210.0,154.0,America/Los_Angeles
jpl,1_1_179_790_2019-11-06 23:31:44.558149,1-1-179-790,AG-3F19,2019-11-06 15:31:45-08:00,2019-11-06 17:52:03-08:00,2019-11-06 17:53:02-08:00,14.036,15.0,50.0,133.0,America/Los_Angeles
jpl,1_1_179_794_2019-11-06 23:55:10.531652,1-1-179-794,AG-3F20,2019-11-06 15:55:11-08:00,2019-11-06 17:32:41-08:00,2019-11-06 17:33:40-08:00,5.259,12.0,30.0,68.0,America/Los_Angeles
jpl,1_1_179_781_2019-11-07 00:06:48.677041,1-1-179-781,AG-3F31,2019-11-06 16:06:49-08:00,2019-11-06 17:47:36-08:00,2019-11-06 17:48:35-08:00,9.859,24.0,60.0,220.0,America/Los_Angeles
jpl,1_1_179_801_2019-11-07 00:14:43.071455,1-1-179-801,AG-3F21,2019-11-06 16:14:43-08:00,2019-11-06 18:26:15-08:00,2019-11-06 18:16:16-08:00,11.531,12.0,30.0,125.0,America/Los_Angeles
jpl,1_1_179_777_2019-11-07 01:30:17.024612,1-1-179-777,AG-3F28,2019-11-06 17:30:36-08:00,2019-11-06 19:42:48-08:00,2019-11-06 19:24:36-08:00,11.526,17.76,40.0,175.0,America/Los_Angeles
jpl,1_1_178_823_2019-11-07 06:20:29.069709,1-1-178-823,AG-1F08,2019-11-06 22:20:29-08:00,2019-11-07 02:01:57-08:00,2019-11-07 00:09:11-08:00,5.541,8.0,20.0,157.0,America/Los_Angeles
jpl,1_1_194_821_2019-11-07 11:55:36.439990,1-1-194-821,AG-1F13,2019-11-07 03:55:36-08:00,2019-11-07 13:32:46-08:00,2019-11-07 06:41:58-08:00,9.229,16.0,40.0,169.0,America/Los_Angeles
jpl,1_1_194_826_2019-11-07 13:00:12.987950,1-1-194-826,AG-1F11,2019-11-07 05:00:13-08:00,2019-11-07 15:54:00-08:00,2019-11-07 07:16:37-08:00,6.253,8.0,20.0,60.0,America/Los_Angeles
jpl,1_1_191_789_2019-11-07 13:37:47.119644,1-1-191-789,AG-4F52,2019-11-07 05:37:47-08:00,2019-11-07 16:17:42-08:00,2019-11-07 07:39:49-08:00,5.755,8.0,20.0,60.0,America/Los_Angeles
jpl,1_1_194_822_2019-11-07 13:40:25.287458,1-1-194-822,AG-1F12,2019-11-07 05:40:25-08:00,2019-11-07 17:23:26-08:00,2019-11-07 11:31:40-08:00,16.144,16.65,50.0,481.0,America/Los_Angeles
jpl,1_1_178_823_2019-11-07 13:44:27.949324,1-1-178-823,AG-1F08,2019-11-07 05:44:28-08:00,2019-11-07 15:35:34-08:00,2019-11-07 10:55:06-08:00,10.418,12.0,20.0,605.0,America/Los_Angeles
jpl,1_1_178_828_2019-11-07 13:58:17.233275,1-1-178-828,AG-1F10,2019-11-07 05:58:17-08:00,2019-11-07 15:10:47-08:00,2019-11-07 14:45:17-08:00,10.859,10.0,20.0,61.0,America/Los_Angeles
jpl,1_1_179_799_2019-11-07 13:59:58.607021,1-1-179-799,AG-3F25,2019-11-07 05:59:59-08:00,2019-11-07 14:50:28-08:00,2019-11-07 12:49:03-08:00,24.291,27.0,120.0,390.0,America/Los_Angeles
jpl,1_1_193_829_2019-11-07 14:04:18.288088,1-1-193-829,AG-1F03,2019-11-07 06:04:18-08:00,2019-11-07 15:30:43-08:00,2019-11-07 07:55:18-08:00,6.69,8.0,20.0,60.0,America/Los_Angeles
jpl,1_1_193_819_2019-11-07 14:17:28.561597,1-1-193-819,AG-1F06,2019-11-07 06:17:29-08:00,2019-11-07 16:23:41-08:00,2019-11-07 09:30:02-08:00,5.747,9.99,30.0,304.0,America/Los_Angeles
jpl,1_1_178_817_2019-11-07 14:18:08.221081,1-1-178-817,AG-1F09,2019-11-07 06:18:08-08:00,2019-11-07 17:46:27-08:00,2019-11-07 11:23:16-08:00,27.216,75.0,300.0,720.0,America/Los_Angeles
jpl,1_1_179_809_2019-11-07 14:23:15.568338,1-1-179-809,AG-3F27,2019-11-07 06:23:38-08:00,2019-11-07 15:48:13-08:00,2019-11-07 11:03:33-08:00,19.274,24.75,90.0,518.0,America/Los_Angeles
jpl,1_1_193_827_2019-11-07 14:23:51.633852,1-1-193-827,AG-1F02,2019-11-07 06:23:52-08:00,2019-11-07 15:26:34-08:00,2019-11-07 10:25:53-08:00,8.402,16.0,40.0,503.0,America/Los_Angeles
jpl,1_1_191_804_2019-11-07 14:29:13.539701,1-1-191-804,AG-4F34,2019-11-07 06:29:14-08:00,2019-11-07 16:07:57-08:00,2019-11-07 14:38:35-08:00,37.357,45.0,180.0,484.0,America/Los_Angeles
jpl,1_1_178_824_2019-11-07 14:29:53.488440,1-1-178-824,AG-1F07,2019-11-07 06:29:53-08:00,2019-11-07 12:05:07-08:00,2019-11-07 11:31:40-08:00,10.921921388888887,16.0,40.0,297.0,America/Los_Angeles
jpl,1_1_193_825_2019-11-07 14:32:30.069407,1-1-193-825,AG-1F01,2019-11-07 06:32:30-08:00,2019-11-07 16:43:38-08:00,2019-11-07 10:16:50-08:00,11.831,40.0,100.0,570.0,America/Los_Angeles
jpl,1_1_191_812_2019-11-07 14:32:57.742731,1-1-191-812,AG-4F46,2019-11-07 06:32:58-08:00,2019-11-07 18:23:09-08:00,2019-11-07 18:24:07-08:00,55.086,57.5,230.0,571.0,America/Los_Angeles
jpl,1_1_193_820_2019-11-07 14:36:48.801208,1-1-193-820,AG-1F04,2019-11-07 06:36:49-08:00,2019-11-07 16:11:25-08:00,2019-11-07 12:25:41-08:00,12.119,20.0,50.0,466.0,America/Los_Angeles
jpl,1_1_193_816_2019-11-07 14:41:07.372726,1-1-193-816,AG-1F05,2019-11-07 06:41:07-08:00,2019-11-07 10:59:56-08:00,2019-11-07 09:53:49-08:00,13.325,20.0,50.0,181.0,America/Los_Angeles
jpl,1_1_179_800_2019-11-07 14:43:07.401717,1-1-179-800,AG-3F32,2019-11-07 06:43:07-08:00,2019-11-07 16:06:03-08:00,2019-11-07 10:41:33-08:00,8.029,8.0,20.0,281.0,America/Los_Angeles
jpl,1_1_179_796_2019-11-07 14:44:22.213134,1-1-179-796,AG-3F24,2019-11-07 06:44:22-08:00,2019-11-07 16:33:43-08:00,2019-11-07 08:54:20-08:00,5.82,8.0,20.0,60.0,America/Los_Angeles
jpl,1_1_191_802_2019-11-07 14:44:27.531687,1-1-191-802,AG-4F44,2019-11-07 06:44:28-08:00,2019-11-07 17:10:58-08:00,2019-11-07 14:16:59-08:00,42.995,75.05,158.0,720.0,America/Los_Angeles
jpl,1_1_194_818_2019-11-07 14:45:06.225902,1-1-194-818,AG-1F14,2019-11-07 06:45:06-08:00,2019-11-07 18:15:15-08:00,2019-11-07 10:00:04-08:00,6.944,8.0,20.0,60.0,America/Los_Angeles
jpl,1_1_179_810_2019-11-07 14:45:48.913042,1-1-179-810,AG-3F30,2019-11-07 06:45:49-08:00,2019-11-07 17:33:40-08:00,2019-11-07 16:18:15-08:00,21.41,36.0,90.0,498.0,America/Los_Angeles
jpl,1_1_179_801_2019-11-07 14:46:34.907615,1-1-179-801,AG-3F21,2019-11-07 06:46:35-08:00,2019-11-07 15:50:21-08:00,2019-11-07 11:03:31-08:00,24.779,40.0,100.0,720.0,America/Los_Angeles
jpl,1_1_179_777_2019-11-07 14:47:00.049091,1-1-179-777,AG-3F28,2019-11-07 06:47:00-08:00,2019-11-07 15:33:09-08:00,2019-11-07 10:49:29-08:00,11.468,20.0,50.0,451.0,America/Los_Angeles
jpl,1_1_179_783_2019-11-07 14:48:08.294267,1-1-179-783,AG-3F29,2019-11-07 06:48:08-08:00,2019-11-07 11:42:16-08:00,2019-11-07 11:31:40-08:00,16.429,40.0,100.0,354.0,America/Los_Angeles
jpl,1_1_179_781_2019-11-07 14:51:51.359230,1-1-179-781,AG-3F31,2019-11-07 06:52:03-08:00,2019-11-07 16:21:21-08:00,2019-11-07 10:31:58-08:00,9.74,12.0,20.0,563.0,America/Los_Angeles
jpl,1_1_179_791_2019-11-07 14:54:17.705252,1-1-179-791,AG-3F26,2019-11-07 06:54:42-08:00,2019-11-07 17:47:48-08:00,2019-11-07 11:18:43-08:00,24.527,58.24,160.0,629.0,America/Los_Angeles
jpl,1_1_179_794_2019-11-07 14:56:27.048434,1-1-179-794,AG-3F20,2019-11-07 06:56:27-08:00,2019-11-07 16:46:34-08:00,2019-11-07 12:51:14-08:00,10.878,30.0,50.0,536.0,America/Los_Angeles
jpl,1_1_179_815_2019-11-07 14:59:48.499117,1-1-179-815,AG-3F33,2019-11-07 06:59:59-08:00,2019-11-07 15:01:49-08:00,2019-11-07 12:54:18-08:00,11.737,15.0,60.0,487.0,America/Los_Angeles
jpl,1_1_179_787_2019-11-07 15:02:05.426936,1-1-179-787,AG-3F16,2019-11-07 07:02:20-08:00,2019-11-07 16:33:40-08:00,2019-11-07 16:31:38-08:00,16.184,19.98,60.0,530.0,America/Los_Angeles
jpl,1_1_191_780_2019-11-07 15:03:21.223652,1-1-191-780,AG-4F45,2019-11-07 07:03:21-08:00,2019-11-07 17:24:20-08:00,2019-11-07 10:31:58-08:00,6.288,8.0,20.0,200.0,America/Los_Angeles
jpl,1_1_179_797_2019-11-07 15:04:02.042526,1-1-179-797,AG-3F23,2019-11-07 07:04:02-08:00,2019-11-07 16:16:15-08:00,2019-11-07 15:10:22-08:00,26.233,21.0,60.0,554.0,America/Los_Angeles
jpl,1_1_179_788_2019-11-07 15:06:50.319911,1-1-179-788,AG-3F22,2019-11-07 07:06:50-08:00,2019-11-07 18:42:31-08:00,2019-11-07 12:43:06-08:00,12.494,16.0,40.0,245.0,America/Los_Angeles
jpl,1_1_179_790_2019-11-07 15:07:12.884635,1-1-179-790,AG-3F19,2019-11-07 07:07:13-08:00,2019-11-07 17:29:59-08:00,2019-11-07 14:45:39-08:00,40.004,40.0,100.0,597.0,America/Los_Angeles
jpl,1_1_179_798_2019-11-07 15:09:54.576302,1-1-179-798,AG-3F18,2019-11-07 07:09:56-08:00,2019-11-07 16:15:31-08:00,2019-11-07 10:53:10-08:00,11.002,16.0,40.0,482.0,America/Los_Angeles
jpl,1_1_191_778_2019-11-07 15:13:22.261464,1-1-191-778,AG-4F43,2019-11-07 07:13:22-08:00,2019-11-07 16:41:05-08:00,2019-11-07 15:56:21-08:00,1.176,0.0,0.0,0.0,America/Los_Angeles
jpl,1_1_179_813_2019-11-07 15:13:34.313016,1-1-179-813,AG-3F15,2019-11-07 07:13:34-08:00,2019-11-07 13:21:19-08:00,2019-11-07 13:00:25-08:00,26.259,40.0,100.0,451.0,America/Los_Angeles
jpl,1_1_191_808_2019-11-07 15:15:14.120236,1-1-191-808,AG-4F35,2019-11-07 07:15:14-08:00,2019-11-07 16:31:32-08:00,2019-11-07 11:03:32-08:00,6.202,12.0,30.0,587.0,America/Los_Angeles
jpl,1_1_179_779_2019-11-07 15:20:50.037183,1-1-179-779,AG-3F17,2019-11-07 07:20:50-08:00,2019-11-07 12:43:09-08:00,2019-11-07 12:42:31-08:00,13.864,24.0,60.0,416.0,America/Los_Angeles
jpl,1_1_191_792_2019-11-07 15:23:25.170556,1-1-191-792,AG-4F37,2019-11-07 07:23:26-08:00,2019-11-07 16:22:51-08:00,2019-11-07 11:03:31-08:00,20.55,102.74,220.0,627.0,America/Los_Angeles
jpl,1_1_191_805_2019-11-07 15:23:37.216746,1-1-191-805,AG-4F39,2019-11-07 07:23:37-08:00,2019-11-07 16:53:03-08:00,2019-11-07 12:10:10-08:00,10.362,20.0,50.0,461.0,America/Los_Angeles
jpl,1_1_191_782_2019-11-07 15:27:26.805384,1-1-191-782,AG-4F50,2019-11-07 07:27:35-08:00,2019-11-07 16:51:18-08:00,2019-11-07 10:08:40-08:00,14.308,32.0,80.0,530.0,America/Los_Angeles
jpl,1_1_191_803_2019-11-07 15:27:54.098594,1-1-191-803,AG-4F49,2019-11-07 07:27:54-08:00,2019-11-07 09:51:29-08:00,2019-11-07 09:45:57-08:00,11.307,22.24,80.0,213.0,America/Los_Angeles
jpl,1_1_191_795_2019-11-07 15:28:31.688217,1-1-191-795,AG-4F51,2019-11-07 07:28:32-08:00,2019-11-07 17:04:08-08:00,2019-11-07 10:41:13-08:00,10.261,24.0,40.0,342.0,America/Los_Angeles
jpl,1_1_191_785_2019-11-07 15:31:12.022091,1-1-191-785,AG-4F48,2019-11-07 07:31:12-08:00,2019-11-07 15:04:55-08:00,2019-11-07 15:02:39-08:00,20.032,20.0,80.0,427.0,America/Los_Angeles
jpl,1_1_191_806_2019-11-07 15:32:37.191246,1-1-191-806,AG-4F41,2019-11-07 07:32:37-08:00,2019-11-07 12:05:00-08:00,2019-11-07 12:05:58-08:00,24.045,36.0,90.0,506.0,America/Los_Angeles
jpl,1_1_191_786_2019-11-07 15:33:27.902250,1-1-191-786,AG-4F36,2019-11-07 07:33:28-08:00,2019-11-07 16:12:29-08:00,2019-11-07 11:00:58-08:00,5.451,6.66,20.0,493.0,America/Los_Angeles
jpl,1_1_191_793_2019-11-07 15:38:36.344914,1-1-191-793,AG-4F38,2019-11-07 07:38:36-08:00,2019-11-07 17:36:47-08:00,2019-11-07 13:19:16-08:00,11.951,6.66,20.0,246.0,America/Los_Angeles
jpl,1_1_191_784_2019-11-07 15:55:51.928796,1-1-191-784,AG-4F40,2019-11-07 07:55:52-08:00,2019-11-07 10:46:32-08:00,2019-11-07 10:45:19-08:00,1.036,0.0,0.0,0.0,America/Los_Angeles
jpl,1_1_191_811_2019-11-07 16:13:07.683053,1-1-191-811,AG-4F42,2019-11-07 08:13:13-08:00,2019-11-07 20:58:10-08:00,2019-11-07 17:18:52-08:00,40.017,4.0,20.0,364.0,America/Los_Angeles
jpl,1_1_191_807_2019-11-07 17:45:21.492902,1-1-191-807,AG-4F47,2019-11-07 09:45:21-08:00,2019-11-07 15:36:13-08:00,2019-11-07 15:34:56-08:00,30.275,49.95,150.0,60.0,America/Los_Angeles
jpl,1_1_191_803_2019-11-07 17:56:26.502624,1-1-191-803,AG-4F49,2019-11-07 09:56:26-08:00,2019-11-07 12:41:59-08:00,2019-11-07 12:10:08-08:00,0.892,0.0,0.0,0.0,America/Los_Angeles
jpl,1_1_191_784_2019-11-07 18:46:48.833419,1-1-191-784,AG-4F40,2019-11-07 10:46:49-08:00,2019-11-07 18:35:00-08:00,2019-11-07 12:50:21-08:00,11.126,20.0,50.0,490.0,America/Los_Angeles
jpl,1_1_193_816_2019-11-07 19:04:22.648048,1-1-193-816,AG-1F05,2019-11-07 11:04:51-08:00,2019-11-07 16:48:39-08:00,2019-11-07 13:28:31-08:00,11.712,20.0,50.0,564.0,America/Los_Angeles
jpl,1_1_191_806_2019-11-07 20:09:07.083323,1-1-191-806,AG-4F41,2019-11-07 12:09:07-08:00,2019-11-07 18:27:06-08:00,2019-11-07 18:12:47-08:00,3.131,12.0,30.0,68.0,America/Los_Angeles
jpl,1_1_178_824_2019-11-07 20:10:44.682468,1-1-178-824,AG-1F07,2019-11-07 12:10:45-08:00,2019-11-07 16:53:30-08:00,2019-11-07 14:50:45-08:00,5.255,12.0,30.0,195.0,America/Los_Angeles
jpl,1_1_179_783_2019-11-07 20:19:25.824680,1-1-179-783,AG-3F29,2019-11-07 12:19:26-08:00,2019-11-07 16:51:28-08:00,2019-11-07 14:47:55-08:00,13.597,28.0,70.0,244.0,America/Los_Angeles
jpl,1_1_179_779_2019-11-07 20:50:01.828325,1-1-179-779,AG-3F17,2019-11-07 12:50:02-08:00,2019-11-07 19:07:12-08:00,2019-11-07 16:15:55-08:00,16.509,24.0,60.0,60.0,America/Los_Angeles
jpl,1_1_191_803_2019-11-07 20:53:17.552711,1-1-191-803,AG-4F49,2019-11-07 12:53:18-08:00,2019-11-07 18:06:21-08:00,2019-11-07 17:15:59-08:00,13.697,16.0,40.0,144.0,America/Los_Angeles
jpl,1_1_194_821_2019-11-07 21:35:33.787235,1-1-194-821,AG-1F13,2019-11-07 13:35:41-08:00,2019-11-07 17:36:08-08:00,2019-11-07 17:09:43-08:00,9.122,38.5,110.0,452.0,America/Los_Angeles
jpl,1_1_179_813_2019-11-07 21:36:07.099435,1-1-179-813,AG-3F15,2019-11-07 13:36:07-08:00,2019-11-07 14:49:53-08:00,2019-11-07 14:50:45-08:00,7.187,24.0,60.0,175.0,America/Los_Angeles
jpl,1_1_179_799_2019-11-07 22:52:46.327193,1-1-179-799,AG-3F25,2019-11-07 14:52:46-08:00,2019-11-07 16:22:21-08:00,2019-11-07 16:23:20-08:00,9.296,24.0,60.0,238.0,America/Los_Angeles
jpl,1_1_179_813_2019-11-07 23:01:26.132207,1-1-179-813,AG-3F15,2019-11-07 15:01:26-08:00,2019-11-07 18:16:52-08:00,2019-11-07 18:17:19-08:00,20.176,45.5,130.0,511.0,America/Los_Angeles
jpl,1_1_179_815_2019-11-07 23:17:37.478567,1-1-179-815,AG-3F33,2019-11-07 15:17:37-08:00,2019-11-07 18:20:05-08:00,2019-11-07 17:20:06-08:00,5.916,8.0,20.0,158.0,America/Los_Angeles
jpl,1_1_178_828_2019-11-07 23:16:51.945673,1-1-178-828,AG-1F10,2019-11-07 15:17:48-08:00,2019-11-07 22:08:02-08:00,2019-11-07 20:28:04-08:00,32.634,46.41,130.0,407.0,America/Los_Angeles
jpl,1_1_193_827_2019-11-07 23:29:19.213230,1-1-193-827,AG-1F02,2019-11-07 15:29:19-08:00,2019-11-07 17:34:18-08:00,2019-11-07 17:35:17-08:00,11.865,16.0,40.0,60.0,America/Los_Angeles
jpl,1_1_179_777_2019-11-07 23:38:00.438250,1-1-179-777,AG-3F28,2019-11-07 15:38:00-08:00,2019-11-07 16:53:16-08:00,2019-11-07 16:54:15-08:00,7.151,15.0,30.0,115.0,America/Los_Angeles
jpl,1_1_179_801_2019-11-07 23:59:40.032030,1-1-179-801,AG-3F21,2019-11-07 15:59:40-08:00,2019-11-07 17:31:05-08:00,2019-11-07 17:22:01-08:00,8.008,8.0,20.0,61.0,America/Los_Angeles
jpl,1_1_178_823_2019-11-08 00:04:20.616803,1-1-178-823,AG-1F08,2019-11-07 16:04:21-08:00,2019-11-07 18:18:16-08:00,2019-11-07 16:38:21-08:00,1.551,8.0,20.0,60.0,America/Los_Angeles
jpl,1_1_179_809_2019-11-08 00:12:42.660358,1-1-179-809,AG-3F27,2019-11-07 16:12:43-08:00,2019-11-07 19:56:45-08:00,2019-11-07 18:23:13-08:00,11.27,11.25,30.0,130.0,America/Los_Angeles
jpl,1_1_193_819_2019-11-08 01:19:54.200096,1-1-193-819,AG-1F06,2019-11-07 17:19:54-08:00,2019-11-07 18:09:06-08:00,2019-11-07 18:10:04-08:00,4.461,20.0,50.0,225.0,America/Los_Angeles
jpl,1_1_178_823_2019-11-08 06:49:18.525322,1-1-178-823,AG-1F08,2019-11-07 22:49:19-08:00,2019-11-08 02:18:10-08:00,2019-11-08 00:37:40-08:00,5.596,8.0,20.0,157.0,America/Los_Angeles
jpl,1_1_193_827_2019-11-08 13:03:39.532561,1-1-193-827,AG-1F02,2019-11-08 05:03:40-08:00,2019-11-08 11:18:45-08:00,2019-11-08 07:15:56-08:00,6.379,8.0,20.0,60.0,America/Los_Angeles
jpl,1_1_178_823_2019-11-08 13:41:02.614294,1-1-178-823,AG-1F08,2019-11-08 05:41:03-08:00,2019-11-08 15:38:31-08:00,2019-11-08 09:19:17-08:00,10.84,12.0,20.0,605.0,America/Los_Angeles
jpl,1_1_193_819_2019-11-08 13:50:28.229415,1-1-193-819,AG-1F06,2019-11-08 05:50:28-08:00,2019-11-08 08:48:20-08:00,2019-11-08 08:12:59-08:00,13.479,20.0,50.0,181.0,America/Los_Angeles
jpl,1_1_178_828_2019-11-08 15:04:17.695422,1-1-178-828,AG-1F10,2019-11-08 07:04:18-08:00,2019-11-08 17:34:49-08:00,2019-11-08 17:35:47-08:00,60.804,88.55,230.0,720.0,America/Los_Angeles
jpl,1_1_179_781_2019-11-08 15:27:50.529911,1-1-179-781,AG-3F31,2019-11-08 07:27:51-08:00,2019-11-08 19:17:26-08:00,2019-11-08 16:40:39-08:00,40.053,40.04,140.0,720.0,America/Los_Angeles
jpl,1_1_179_800_2019-11-08 15:31:39.133490,1-1-179-800,AG-3F32,2019-11-08 07:31:39-08:00,2019-11-08 11:46:05-08:00,2019-11-08 09:14:46-08:00,5.098,6.66,20.0,493.0,America/Los_Angeles
jpl,1_1_194_821_2019-11-08 15:32:20.523442,1-1-194-821,AG-1F13,2019-11-08 07:32:21-08:00,2019-11-08 10:43:48-08:00,2019-11-08 10:27:18-08:00,9.604,16.0,40.0,169.0,America/Los_Angeles
jpl,1_1_178_824_2019-11-08 15:58:52.164099,1-1-178-824,AG-1F07,2019-11-08 07:58:52-08:00,2019-11-08 12:43:47-08:00,2019-11-08 09:19:43-08:00,3.697,8.0,20.0,247.0,America/Los_Angeles
jpl,1_1_178_817_2019-11-08 16:13:35.505083,1-1-178-817,AG-1F09,2019-11-08 08:13:35-08:00,2019-11-08 16:24:44-08:00,2019-11-08 11:49:44-08:00,21.596,8.0,20.0,79.0,America/Los_Angeles
jpl,1_1_194_822_2019-11-08 16:33:05.138216,1-1-194-822,AG-1F12,2019-11-08 08:33:05-08:00,2019-11-08 13:09:47-08:00,2019-11-08 09:09:20-08:00,1.482,8.0,20.0,60.0,America/Los_Angeles
jpl,1_1_179_810_2019-11-08 16:39:05.818108,1-1-179-810,AG-3F30,2019-11-08 08:39:06-08:00,2019-11-08 10:59:15-08:00,2019-11-08 11:00:14-08:00,14.603,15.0,60.0,134.0,America/Los_Angeles
jpl,1_1_179_783_2019-11-08 16:56:43.956007,1-1-179-783,AG-3F29,2019-11-08 08:56:56-08:00,2019-11-08 11:48:13-08:00,2019-11-08 11:31:16-08:00,15.884,20.0,50.0,196.0,America/Los_Angeles
jpl,1_1_193_819_2019-11-08 16:58:38.331145,1-1-193-819,AG-1F06,2019-11-08 08:58:38-08:00,2019-11-08 12:41:17-08:00,2019-11-08 12:28:36-08:00,7.363,8.0,20.0,252.0,America/Los_Angeles
jpl,1_1_193_820_2019-11-08 17:19:25.711801,1-1-193-820,AG-1F04,2019-11-08 09:19:26-08:00,2019-11-08 18:59:19-08:00,2019-11-08 10:48:21-08:00,3.898,10.15,29.0,189.0,America/Los_Angeles
jpl,1_1_193_816_2019-11-08 17:43:50.218298,1-1-193-816,AG-1F05,2019-11-08 09:43:50-08:00,2019-11-08 16:27:26-08:00,2019-11-08 13:00:13-08:00,13.268,60.0,150.0,444.0,America/Los_Angeles
jpl,1_1_194_826_2019-11-08 17:52:13.039635,1-1-194-826,AG-1F11,2019-11-08 09:52:13-08:00,2019-11-08 12:19:08-08:00,2019-11-08 12:20:07-08:00,12.699,21.36,80.0,172.0,America/Los_Angeles
jpl,1_1_193_829_2019-11-08 18:04:28.340812,1-1-193-829,AG-1F03,2019-11-08 10:04:28-08:00,2019-11-08 11:27:14-08:00,2019-11-08 11:28:12-08:00,8.089,36.0,90.0,455.0,America/Los_Angeles
jpl,1_1_194_818_2019-11-08 19:35:39.277348,1-1-194-818,AG-1F14,2019-11-08 11:35:39-08:00,2019-11-08 20:11:37-08:00,2019-11-08 15:30:03-08:00,21.046,40.0,100.0,281.0,America/Los_Angeles
jpl,1_1_193_825_2019-11-08 19:58:19.172929,1-1-193-825,AG-1F01,2019-11-08 11:58:19-08:00,2019-11-08 15:37:53-08:00,2019-11-08 15:38:05-08:00,20.275,49.95,150.0,60.0,America/Los_Angeles
jpl,1_1_194_821_2019-11-08 20:20:28.393678,1-1-194-821,AG-1F13,2019-11-08 12:20:28-08:00,2019-11-08 18:28:44-08:00,2019-11-08 14:01:37-08:00,5.073,8.0,20.0,312.0,America/Los_Angeles
jpl,1_1_179_799_2019-11-08 20:20:31.516747,1-1-179-799,AG-3F25,2019-11-08 12:20:32-08:00,2019-11-08 13:31:55-08:00,2019-11-08 13:32:54-08:00,6.231,12.0,30.0,138.0,America/Los_Angeles
jpl,1_1_179_777_2019-11-08 20:51:06.337059,1-1-179-777,AG-3F28,2019-11-08 12:51:06-08:00,2019-11-08 17:01:24-08:00,2019-11-08 14:41:42-08:00,5.801,8.0,20.0,200.0,America/Los_Angeles
jpl,1_1_193_827_2019-11-08 21:14:32.216160,1-1-193-827,AG-1F02,2019-11-08 13:14:32-08:00,2019-11-08 16:15:01-08:00,2019-11-08 15:57:17-08:00,6.868,7.5,30.0,134.0,America/Los_Angeles
jpl,1_1_193_819_2019-11-08 21:16:41.594674,1-1-193-819,AG-1F06,2019-11-08 13:16:42-08:00,2019-11-08 15:49:55-08:00,2019-11-08 14:06:44-08:00,1.658,8.0,20.0,252.0,America/Los_Angeles
jpl,1_1_179_798_2019-11-08 21:19:45.888360,1-1-179-798,AG-3F18,2019-11-08 13:19:46-08:00,2019-11-08 15:51:37-08:00,2019-11-08 14:42:58-08:00,3.991,6.66,20.0,493.0,America/Los_Angeles
jpl,1_1_178_824_2019-11-08 22:04:32.928774,1-1-178-824,AG-1F07,2019-11-08 14:04:57-08:00,2019-11-09 03:08:45-08:00,2019-11-08 16:15:39-08:00,6.071,20.0,50.0,549.0,America/Los_Angeles
jpl,1_1_179_810_2019-11-08 22:19:30.267950,1-1-179-810,AG-3F30,2019-11-08 14:19:30-08:00,2019-11-08 16:48:52-08:00,2019-11-08 16:25:36-08:00,13.104,20.0,80.0,190.0,America/Los_Angeles
jpl,1_1_194_822_2019-11-08 22:19:40.331008,1-1-194-822,AG-1F12,2019-11-08 14:19:40-08:00,2019-11-08 16:10:32-08:00,2019-11-08 16:11:31-08:00,5.177,8.0,20.0,93.0,America/Los_Angeles
jpl,1_1_193_829_2019-11-08 22:20:56.689266,1-1-193-829,AG-1F03,2019-11-08 14:20:57-08:00,2019-11-08 17:02:35-08:00,2019-11-08 16:11:28-08:00,4.867,9.0,30.0,103.0,America/Los_Angeles
jpl,1_1_194_826_2019-11-08 23:11:48.353004,1-1-194-826,AG-1F11,2019-11-08 15:11:48-08:00,2019-11-08 17:45:22-08:00,2019-11-08 17:46:22-08:00,7.037,12.0,30.0,138.0,America/Los_Angeles
jpl,1_1_178_823_2019-11-08 23:58:25.067642,1-1-178-823,AG-1F08,2019-11-08 15:58:25-08:00,2019-11-08 18:38:29-08:00,2019-11-08 18:39:27-08:00,16.873,48.0,120.0,60.0,America/Los_Angeles
jpl,1_1_193_819_2019-11-09 00:09:22.722370,1-1-193-819,AG-1F06,2019-11-08 16:09:29-08:00,2019-11-08 18:13:53-08:00,2019-11-08 18:14:52-08:00,12.407,38.5,110.0,593.0,America/Los_Angeles
jpl,1_1_178_817_2019-11-09 00:49:41.586307,1-1-178-817,AG-1F09,2019-11-08 16:49:42-08:00,2019-11-08 23:32:49-08:00,2019-11-08 18:37:32-08:00,5.564,8.0,20.0,157.0,America/Los_Angeles
jpl,1_1_178_823_2019-11-09 03:28:11.697741,1-1-178-823,AG-1F08,2019-11-08 19:28:12-08:00,2019-11-08 21:22:01-08:00,2019-11-08 21:23:00-08:00,11.871,40.0,100.0,474.0,America/Los_Angeles
jpl,1_1_194_826_2019-11-09 14:22:38.058024,1-1-194-826,AG-1F11,2019-11-09 06:22:38-08:00,2019-11-09 14:34:46-08:00,2019-11-09 13:13:27-08:00,39.329,57.75,150.0,720.0,America/Los_Angeles
jpl,1_1_194_821_2019-11-09 15:44:01.901054,1-1-194-821,AG-1F13,2019-11-09 07:44:02-08:00,2019-11-09 09:02:43-08:00,2019-11-09 09:03:42-08:00,3.83,8.0,20.0,93.0,America/Los_Angeles
jpl,1_1_178_823_2019-11-09 18:03:56.787200,1-1-178-823,AG-1F08,2019-11-09 10:03:57-08:00,2019-11-09 12:48:32-08:00,2019-11-09 12:47:21-08:00,2.221,16.0,40.0,61.0,America/Los_Angeles
jpl,1_1_178_828_2019-11-09 18:52:31.878641,1-1-178-828,AG-1F10,2019-11-09 10:52:32-08:00,2019-11-09 11:59:39-08:00,2019-11-09 11:25:30-08:00,0.725,0.0,0.0,0.0,America/Los_Angeles
jpl,1_1_178_828_2019-11-09 19:59:43.301319,1-1-178-828,AG-1F10,2019-11-09 11:59:43-08:00,2019-11-09 14:06:45-08:00,2019-11-09 12:32:06-08:00,0.709,0.0,0.0,0.0,America/Los_Angeles
jpl,1_1_179_788_2019-11-09 20:21:27.737013,1-1-179-788,AG-3F22,2019-11-09 12:21:28-08:00,2019-11-09 15:45:00-08:00,2019-11-09 14:04:50-08:00,5.014,24.0,60.0,85.0,America/Los_Angeles
jpl,1_1_178_823_2019-11-10 01:49:20.516320,1-1-178-823,AG-1F08,2019-11-09 17:49:21-08:00,2019-11-09 22:11:59-08:00,2019-11-09 19:37:50-08:00,5.607,8.0,20.0,157.0,America/Los_Angeles
jpl,1_1_193_827_2019-11-10 03:15:37.740541,1-1-193-827,AG-1F02,2019-11-09 19:15:38-08:00,2019-11-09 22:39:45-08:00,2019-11-09 21:52:12-08:00,5.055,5.0,10.0,30.0,America/Los_Angeles
jpl,1_1_178_817_2019-11-10 17:56:21.716991,1-1-178-817,AG-1F09,2019-11-10 09:56:22-08:00,2019-11-10 15:15:06-08:00,2019-11-10 14:07:23-08:00,25.982,40.0,100.0,485.0,America/Los_Angeles
jpl,1_1_194_818_2019-11-10 20:46:27.461927,1-1-194-818,AG-1F14,2019-11-10 12:46:34-08:00,2019-11-10 18:30:12-08:00,2019-11-10 16:45:10-08:00,10.141,38.5,110.0,593.0,America/Los_Angeles
jpl,1_1_178_823_2019-11-10 21:56:49.987719,1-1-178-823,AG-1F08,2019-11-10 13:56:50-08:00,2019-11-10 14:45:22-08:00,2019-11-10 14:46:21-08:00,4.174,8.0,20.0,60.0,America/Los_Angeles
jpl,1_1_193_816_2019-11-10 22:36:22.871499,1-1-193-816,AG-1F05,2019-11-10 14:36:42-08:00,2019-11-11 01:37:57-08:00,2019-11-10 16:41:52-08:00,5.948,20.0,50.0,549.0,America/Los_Angeles
jpl,1_1_193_827_2019-11-10 23:29:11.113290,1-1-193-827,AG-1F02,2019-11-10 15:29:22-08:00,2019-11-10 17:19:30-08:00,2019-11-10 17:07:48-08:00,9.433,16.0,40.0,327.0,America/Los_Angeles
jpl,1_1_194_822_2019-11-11 00:11:19.482250,1-1-194-822,AG-1F12,2019-11-10 16:11:19-08:00,2019-11-10 21:47:44-08:00,2019-11-10 21:48:42-08:00,36.133,52.0,130.0,281.0,America/Los_Angeles
jpl,1_1_178_817_2019-11-11 00:41:55.518948,1-1-178-817,AG-1F09,2019-11-10 16:42:15-08:00,2019-11-10 18:23:49-08:00,2019-11-10 18:12:33-08:00,9.308,10.0,50.0,196.0,America/Los_Angeles
jpl,1_1_178_817_2019-11-11 12:15:36.957139,1-1-178-817,AG-1F09,2019-11-11 04:15:37-08:00,2019-11-11 15:33:15-08:00,2019-11-11 14:54:24-08:00,44.353,65.45,170.0,720.0,America/Los_Angeles
jpl,1_1_194_826_2019-11-11 13:14:54.631236,1-1-194-826,AG-1F11,2019-11-11 05:14:55-08:00,2019-11-11 14:38:22-08:00,2019-11-11 06:40:17-08:00,3.731,8.0,20.0,60.0,America/Los_Angeles
jpl,1_1_194_822_2019-11-11 13:27:24.693380,1-1-194-822,AG-1F12,2019-11-11 05:27:25-08:00,2019-11-11 15:25:49-08:00,2019-11-11 13:09:27-08:00,16.232,16.65,50.0,481.0,America/Los_Angeles
jpl,1_1_191_789_2019-11-11 13:33:43.546358,1-1-191-789,AG-4F52,2019-11-11 05:33:44-08:00,2019-11-11 16:59:25-08:00,2019-11-11 07:38:13-08:00,5.795,8.0,20.0,60.0,America/Los_Angeles
jpl,1_1_178_828_2019-11-11 13:54:13.116883,1-1-178-828,AG-1F10,2019-11-11 05:54:13-08:00,2019-11-11 15:30:53-08:00,2019-11-11 15:04:56-08:00,10.294,10.0,20.0,61.0,America/Los_Angeles
jpl,1_1_178_823_2019-11-11 13:57:06.653387,1-1-178-823,AG-1F08,2019-11-11 05:57:07-08:00,2019-11-11 15:57:21-08:00,2019-11-11 10:52:28-08:00,12.598,15.0,30.0,396.0,America/Los_Angeles
jpl,1_1_193_827_2019-11-11 13:58:28.577480,1-1-193-827,AG-1F02,2019-11-11 05:58:29-08:00,2019-11-11 17:30:28-08:00,2019-11-11 09:42:45-08:00,9.088,20.0,50.0,377.0,America/Los_Angeles
jpl,1_1_193_829_2019-11-11 14:10:09.840812,1-1-193-829,AG-1F03,2019-11-11 06:10:25-08:00,2019-11-11 16:38:19-08:00,2019-11-11 15:31:46-08:00,40.83,58.24,160.0,629.0,America/Los_Angeles
jpl,1_1_179_796_2019-11-11 14:14:03.369354,1-1-179-796,AG-3F24,2019-11-11 06:14:13-08:00,2019-11-11 16:22:23-08:00,2019-11-11 11:08:42-08:00,13.372,12.0,20.0,599.0,America/Los_Angeles
jpl,1_1_179_788_2019-11-11 14:14:51.745437,1-1-179-788,AG-3F22,2019-11-11 06:14:52-08:00,2019-11-11 16:43:37-08:00,2019-11-11 14:16:37-08:00,33.718,32.0,80.0,542.0,America/Los_Angeles
jpl,1_1_178_824_2019-11-11 14:17:01.395422,1-1-178-824,AG-1F07,2019-11-11 06:17:01-08:00,2019-11-11 16:25:32-08:00,2019-11-11 12:11:52-08:00,20.26,75.0,300.0,720.0,America/Los_Angeles
jpl,1_1_191_804_2019-11-11 14:19:38.007679,1-1-191-804,AG-4F34,2019-11-11 06:19:38-08:00,2019-11-11 16:44:14-08:00,2019-11-11 10:57:11-08:00,24.073,45.0,180.0,484.0,America/Los_Angeles
jpl,1_1_193_825_2019-11-11 14:19:44.095578,1-1-193-825,AG-1F01,2019-11-11 06:19:44-08:00,2019-11-11 16:21:57-08:00,2019-11-11 08:36:56-08:00,6.684,8.0,20.0,60.0,America/Los_Angeles
jpl,1_1_179_799_2019-11-11 14:19:42.518791,1-1-179-799,AG-3F25,2019-11-11 06:20:18-08:00,2019-11-11 17:17:01-08:00,2019-11-11 12:34:32-08:00,18.501,24.75,90.0,525.0,America/Los_Angeles
jpl,1_1_193_820_2019-11-11 14:24:15.061625,1-1-193-820,AG-1F04,2019-11-11 06:24:15-08:00,2019-11-11 11:51:12-08:00,2019-11-11 11:48:02-08:00,13.709,20.0,50.0,181.0,America/Los_Angeles
jpl,1_1_194_818_2019-11-11 14:24:42.729811,1-1-194-818,AG-1F14,2019-11-11 06:24:43-08:00,2019-11-11 16:38:01-08:00,2019-11-11 13:03:10-08:00,15.249,40.0,100.0,570.0,America/Los_Angeles
jpl,1_1_179_787_2019-11-11 14:26:06.997113,1-1-179-787,AG-3F16,2019-11-11 06:26:07-08:00,2019-11-11 16:11:27-08:00,2019-11-11 10:41:48-08:00,9.045,16.0,40.0,503.0,America/Los_Angeles
jpl,1_1_193_816_2019-11-11 14:30:06.891279,1-1-193-816,AG-1F05,2019-11-11 06:30:25-08:00,2019-11-11 16:12:27-08:00,2019-11-11 09:01:00-08:00,5.725,12.0,30.0,60.0,America/Los_Angeles
jpl,1_1_191_785_2019-11-11 14:30:32.602764,1-1-191-785,AG-4F48,2019-11-11 06:30:33-08:00,2019-11-11 16:51:08-08:00,2019-11-11 10:35:43-08:00,8.379,12.0,30.0,618.0,America/Los_Angeles
jpl,1_1_179_794_2019-11-11 14:36:16.150032,1-1-179-794,AG-3F20,2019-11-11 06:36:16-08:00,2019-11-11 16:12:36-08:00,2019-11-11 13:02:23-08:00,13.946,16.0,40.0,628.0,America/Los_Angeles
jpl,1_1_179_815_2019-11-11 14:38:13.832024,1-1-179-815,AG-3F33,2019-11-11 06:38:14-08:00,2019-11-11 16:50:13-08:00,2019-11-11 11:28:51-08:00,9.772,16.0,40.0,566.0,America/Los_Angeles
jpl,1_1_194_821_2019-11-11 14:39:31.691727,1-1-194-821,AG-1F13,2019-11-11 06:39:32-08:00,2019-11-11 16:23:05-08:00,2019-11-11 15:01:42-08:00,46.283,126.0,210.0,562.0,America/Los_Angeles
jpl,1_1_179_791_2019-11-11 14:47:30.715672,1-1-179-791,AG-3F26,2019-11-11 06:47:31-08:00,2019-11-11 15:44:18-08:00,2019-11-11 15:23:20-08:00,15.363,16.0,40.0,525.0,America/Los_Angeles
jpl,1_1_179_798_2019-11-11 14:47:52.651417,1-1-179-798,AG-3F18,2019-11-11 06:47:53-08:00,2019-11-11 16:35:19-08:00,2019-11-11 16:36:17-08:00,16.446,19.98,60.0,530.0,America/Los_Angeles
jpl,1_1_179_777_2019-11-11 14:52:20.273578,1-1-179-777,AG-3F28,2019-11-11 06:52:20-08:00,2019-11-11 13:52:32-08:00,2019-11-11 11:44:04-08:00,10.68,16.0,40.0,368.0,America/Los_Angeles
jpl,1_1_179_797_2019-11-11 14:55:51.989948,1-1-179-797,AG-3F23,2019-11-11 06:55:52-08:00,2019-11-11 17:14:06-08:00,2019-11-11 12:45:44-08:00,12.337,16.0,40.0,574.0,America/Los_Angeles
jpl,1_1_179_810_2019-11-11 14:57:39.601405,1-1-179-810,AG-3F30,2019-11-11 06:57:40-08:00,2019-11-11 16:15:13-08:00,2019-11-11 14:16:42-08:00,40.041,40.0,200.0,549.0,America/Los_Angeles
jpl,1_1_191_782_2019-11-11 14:58:09.846407,1-1-191-782,AG-4F50,2019-11-11 06:58:16-08:00,2019-11-11 17:02:15-08:00,2019-11-11 13:16:54-08:00,19.263,40.0,80.0,560.0,America/Los_Angeles
jpl,1_1_179_813_2019-11-11 14:58:39.191263,1-1-179-813,AG-3F15,2019-11-11 06:58:39-08:00,2019-11-11 17:09:50-08:00,2019-11-11 17:10:50-08:00,43.863,37.5,150.0,552.0,America/Los_Angeles
jpl,1_1_179_781_2019-11-11 14:59:15.065253,1-1-179-781,AG-3F31,2019-11-11 06:59:15-08:00,2019-11-11 17:47:26-08:00,2019-11-11 11:11:35-08:00,11.968,20.0,50.0,466.0,America/Los_Angeles
jpl,1_1_191_802_2019-11-11 15:00:25.160305,1-1-191-802,AG-4F44,2019-11-11 07:00:25-08:00,2019-11-11 16:38:51-08:00,2019-11-11 16:26:26-08:00,22.817,32.0,80.0,469.0,America/Los_Angeles
jpl,1_1_179_783_2019-11-11 15:05:05.059280,1-1-179-783,AG-3F29,2019-11-11 07:05:05-08:00,2019-11-11 19:02:17-08:00,2019-11-11 18:37:08-08:00,9.54,13.5,30.0,414.0,America/Los_Angeles
jpl,1_1_191_778_2019-11-11 15:06:25.159880,1-1-191-778,AG-4F43,2019-11-11 07:06:25-08:00,2019-11-11 11:45:37-08:00,2019-11-11 10:56:05-08:00,11.322,16.0,40.0,264.0,America/Los_Angeles
jpl,1_1_179_800_2019-11-11 15:08:35.505013,1-1-179-800,AG-3F32,2019-11-11 07:08:35-08:00,2019-11-11 15:21:36-08:00,2019-11-11 10:12:29-08:00,7.273,8.0,20.0,60.0,America/Los_Angeles
jpl,1_1_179_809_2019-11-11 15:10:47.879690,1-1-179-809,AG-3F27,2019-11-11 07:10:58-08:00,2019-11-11 15:05:02-08:00,2019-11-11 11:35:35-08:00,11.063,15.0,60.0,488.0,America/Los_Angeles
jpl,1_1_191_806_2019-11-11 15:11:45.538035,1-1-191-806,AG-4F41,2019-11-11 07:11:46-08:00,2019-11-11 17:09:26-08:00,2019-11-11 12:08:09-08:00,14.648,19.98,60.0,329.0,America/Los_Angeles
jpl,1_1_191_807_2019-11-11 15:15:44.686731,1-1-191-807,AG-4F47,2019-11-11 07:15:45-08:00,2019-11-11 11:35:16-08:00,2019-11-11 11:25:50-08:00,1.136,32.0,80.0,317.0,America/Los_Angeles
jpl,1_1_179_801_2019-11-11 15:17:36.691005,1-1-179-801,AG-3F21,2019-11-11 07:17:37-08:00,2019-11-11 16:20:12-08:00,2019-11-11 13:01:09-08:00,15.314,20.0,50.0,144.0,America/Los_Angeles
jpl,1_1_179_779_2019-11-11 15:21:10.246377,1-1-179-779,AG-3F17,2019-11-11 07:21:10-08:00,2019-11-11 16:12:59-08:00,2019-11-11 14:50:44-08:00,43.044,51.0,170.0,492.0,America/Los_Angeles
jpl,1_1_179_790_2019-11-11 15:21:27.468118,1-1-179-790,AG-3F19,2019-11-11 07:21:29-08:00,2019-11-11 16:17:53-08:00,2019-11-11 11:42:40-08:00,23.248,102.74,220.0,627.0,America/Los_Angeles
jpl,1_1_191_795_2019-11-11 15:22:31.572118,1-1-191-795,AG-4F51,2019-11-11 07:22:32-08:00,2019-11-11 11:31:02-08:00,2019-11-11 11:32:01-08:00,21.437,36.0,90.0,506.0,America/Los_Angeles
jpl,1_1_191_808_2019-11-11 15:23:40.931329,1-1-191-808,AG-4F35,2019-11-11 07:23:41-08:00,2019-11-11 16:58:34-08:00,2019-11-11 13:05:43-08:00,13.388,24.0,40.0,375.0,America/Los_Angeles
jpl,1_1_191_805_2019-11-11 15:25:01.547446,1-1-191-805,AG-4F39,2019-11-11 07:25:10-08:00,2019-11-11 17:55:41-08:00,2019-11-11 17:37:29-08:00,8.222,8.0,20.0,243.0,America/Los_Angeles
jpl,1_1_191_803_2019-11-11 15:27:20.719252,1-1-191-803,AG-4F49,2019-11-11 07:27:21-08:00,2019-11-11 11:44:29-08:00,2019-11-11 11:45:27-08:00,18.201,20.0,100.0,414.0,America/Los_Angeles
jpl,1_1_191_811_2019-11-11 15:29:42.420110,1-1-191-811,AG-4F42,2019-11-11 07:29:42-08:00,2019-11-11 15:23:42-08:00,2019-11-11 13:38:47-08:00,34.354,75.05,158.0,720.0,America/Los_Angeles
jpl,1_1_191_812_2019-11-11 15:29:55.542860,1-1-191-812,AG-4F46,2019-11-11 07:29:56-08:00,2019-11-11 15:45:11-08:00,2019-11-11 12:42:11-08:00,30.083,52.0,130.0,453.0,America/Los_Angeles
jpl,1_1_191_792_2019-11-11 15:32:00.421089,1-1-191-792,AG-4F37,2019-11-11 07:32:00-08:00,2019-11-11 16:24:29-08:00,2019-11-11 08:25:46-08:00,2.602,8.0,20.0,220.0,America/Los_Angeles
jpl,1_1_191_784_2019-11-11 15:32:15.182012,1-1-191-784,AG-4F40,2019-11-11 07:32:15-08:00,2019-11-11 17:17:57-08:00,2019-11-11 10:26:24-08:00,12.132,24.0,40.0,342.0,America/Los_Angeles
jpl,1_1_191_793_2019-11-11 15:32:59.916777,1-1-191-793,AG-4F38,2019-11-11 07:33:00-08:00,2019-11-11 18:09:49-08:00,2019-11-11 18:09:53-08:00,7.838,7.5,30.0,252.0,America/Los_Angeles
jpl,1_1_191_780_2019-11-11 15:34:24.995586,1-1-191-780,AG-4F45,2019-11-11 07:34:25-08:00,2019-11-11 16:55:57-08:00,2019-11-11 16:01:34-08:00,40.041,32.0,80.0,553.0,America/Los_Angeles
jpl,1_1_191_786_2019-11-11 15:34:24.320885,1-1-191-786,AG-4F36,2019-11-11 07:34:32-08:00,2019-11-11 16:35:15-08:00,2019-11-11 16:14:25-08:00,37.967,34.32,120.0,220.0,America/Los_Angeles
jpl,1_1_193_819_2019-11-11 16:40:29.939285,1-1-193-819,AG-1F06,2019-11-11 08:40:37-08:00,2019-11-11 15:18:41-08:00,2019-11-11 12:18:08-08:00,12.715,38.5,110.0,747.0,America/Los_Angeles
jpl,1_1_191_795_2019-11-11 19:36:11.962335,1-1-191-795,AG-4F51,2019-11-11 11:36:18-08:00,2019-11-11 16:55:41-08:00,2019-11-11 13:50:40-08:00,12.533,32.0,80.0,317.0,America/Los_Angeles
jpl,1_1_191_807_2019-11-11 19:43:39.564009,1-1-191-807,AG-4F47,2019-11-11 11:43:40-08:00,2019-11-11 13:26:02-08:00,2019-11-11 13:27:01-08:00,9.646,20.0,50.0,373.0,America/Los_Angeles
jpl,1_1_191_803_2019-11-11 19:48:17.845908,1-1-191-803,AG-4F49,2019-11-11 11:48:18-08:00,2019-11-11 16:31:29-08:00,2019-11-11 14:25:15-08:00,14.31,30.0,50.0,536.0,America/Los_Angeles
jpl,1_1_193_820_2019-11-11 19:55:12.402940,1-1-193-820,AG-1F04,2019-11-11 11:55:12-08:00,2019-11-11 17:42:27-08:00,2019-11-11 13:24:11-08:00,0.934,0.0,0.0,0.0,America/Los_Angeles
jpl,1_1_191_778_2019-11-11 20:50:19.364225,1-1-191-778,AG-4F43,2019-11-11 12:50:19-08:00,2019-11-11 16:01:24-08:00,2019-11-11 16:02:21-08:00,19.254,64.9,220.0,245.0,America/Los_Angeles
jpl,1_1_179_777_2019-11-11 22:40:37.496425,1-1-179-777,AG-3F28,2019-11-11 14:40:37-08:00,2019-11-11 17:21:53-08:00,2019-11-11 17:22:50-08:00,14.233,4.58,20.0,431.0,America/Los_Angeles
jpl,1_1_194_826_2019-11-11 22:56:57.481485,1-1-194-826,AG-1F11,2019-11-11 14:56:57-08:00,2019-11-11 17:42:25-08:00,2019-11-11 17:43:22-08:00,16.824,20.0,50.0,160.0,America/Los_Angeles
jpl,1_1_179_809_2019-11-11 23:08:40.712037,1-1-179-809,AG-3F27,2019-11-11 15:08:41-08:00,2019-11-11 17:59:48-08:00,2019-11-11 18:00:47-08:00,17.506,29.97,90.0,265.0,America/Los_Angeles
jpl,1_1_179_800_2019-11-12 00:02:56.180023,1-1-179-800,AG-3F32,2019-11-11 16:03:09-08:00,2019-11-11 18:41:38-08:00,2019-11-11 18:22:42-08:00,12.568,12.0,30.0,327.0,America/Los_Angeles
jpl,1_1_179_791_2019-11-12 00:32:00.135828,1-1-179-791,AG-3F26,2019-11-11 16:32:11-08:00,2019-11-11 19:30:12-08:00,2019-11-11 18:44:31-08:00,13.77695,16.0,40.0,153.0,America/Los_Angeles
jpl,1_1_178_823_2019-11-12 00:42:51.527262,1-1-178-823,AG-1F08,2019-11-11 16:42:52-08:00,2019-11-11 18:56:59-08:00,2019-11-11 18:36:32-08:00,5.567,8.0,20.0,157.0,America/Los_Angeles
jpl,1_1_178_823_2019-11-12 05:13:54.800329,1-1-178-823,AG-1F08,2019-11-11 21:13:55-08:00,2019-11-12 02:09:04-08:00,2019-11-11 22:34:41-08:00,3.939,8.0,20.0,157.0,America/Los_Angeles
jpl,1_1_178_817_2019-11-12 12:39:58.463413,1-1-178-817,AG-1F09,2019-11-12 04:39:58-08:00,2019-11-12 17:11:44-08:00,2019-11-12 15:03:54-08:00,32.569,46.2,120.0,473.0,America/Los_Angeles
jpl,1_1_194_826_2019-11-12 13:02:57.161549,1-1-194-826,AG-1F11,2019-11-12 05:02:57-08:00,2019-11-12 14:39:09-08:00,2019-11-12 07:33:56-08:00,6.315,8.0,20.0,60.0,America/Los_Angeles
jpl,1_1_178_823_2019-11-12 13:17:41.909431,1-1-178-823,AG-1F08,2019-11-12 05:17:42-08:00,2019-11-12 10:01:15-08:00,2019-11-12 10:02:10-08:00,18.473,40.0,100.0,562.0,America/Los_Angeles
jpl,1_1_178_828_2019-11-12 13:23:41.295948,1-1-178-828,AG-1F10,2019-11-12 05:23:45-08:00,2019-11-12 16:55:25-08:00,2019-11-12 07:32:51-08:00,5.611,12.0,30.0,60.0,America/Los_Angeles
jpl,1_1_194_822_2019-11-12 13:31:37.576790,1-1-194-822,AG-1F12,2019-11-12 05:31:38-08:00,2019-11-12 15:35:09-08:00,2019-11-12 12:52:14-08:00,16.316,16.65,50.0,481.0,America/Los_Angeles
jpl,1_1_191_789_2019-11-12 13:39:50.335522,1-1-191-789,AG-4F52,2019-11-12 05:39:50-08:00,2019-11-12 16:31:54-08:00,2019-11-12 07:40:56-08:00,5.765,8.0,20.0,60.0,America/Los_Angeles
jpl,1_1_193_819_2019-11-12 13:44:35.542995,1-1-193-819,AG-1F06,2019-11-12 05:44:36-08:00,2019-11-12 15:33:40-08:00,2019-11-12 11:17:26-08:00,10.247,12.0,20.0,605.0,America/Los_Angeles
jpl,1_1_194_821_2019-11-12 13:47:50.478737,1-1-194-821,AG-1F13,2019-11-12 05:47:50-08:00,2019-11-12 16:07:11-08:00,2019-11-12 15:34:01-08:00,12.568,20.0,50.0,583.0,America/Los_Angeles
jpl,1_1_178_824_2019-11-12 13:51:04.632280,1-1-178-824,AG-1F07,2019-11-12 05:51:05-08:00,2019-11-12 12:07:13-08:00,2019-11-12 11:46:05-08:00,10.187,10.0,20.0,61.0,America/Los_Angeles
jpl,1_1_193_827_2019-11-12 13:54:36.388393,1-1-193-827,AG-1F02,2019-11-12 05:54:36-08:00,2019-11-12 19:19:05-08:00,2019-11-12 10:33:03-08:00,8.756,20.0,50.0,377.0,America/Los_Angeles
jpl,1_1_179_791_2019-11-12 13:56:33.387200,1-1-179-791,AG-3F26,2019-11-12 05:56:33-08:00,2019-11-12 16:09:11-08:00,2019-11-12 06:16:38-08:00,0.903,8.0,20.0,200.0,America/Los_Angeles
jpl,1_1_193_820_2019-11-12 14:02:59.229136,1-1-193-820,AG-1F04,2019-11-12 06:02:59-08:00,2019-11-12 15:08:26-08:00,2019-11-12 10:05:19-08:00,13.487,16.0,40.0,383.0,America/Los_Angeles
jpl,1_1_193_825_2019-11-12 14:05:37.701752,1-1-193-825,AG-1F01,2019-11-12 06:05:38-08:00,2019-11-12 15:25:47-08:00,2019-11-12 06:48:33-08:00,1.857,8.0,20.0,60.0,America/Los_Angeles
jpl,1_1_193_816_2019-11-12 14:08:23.179413,1-1-193-816,AG-1F05,2019-11-12 06:08:23-08:00,2019-11-12 15:28:15-08:00,2019-11-12 10:12:47-08:00,13.797,20.0,50.0,60.0,America/Los_Angeles
jpl,1_1_193_829_2019-11-12 14:09:40.009949,1-1-193-829,AG-1F03,2019-11-12 06:09:53-08:00,2019-11-12 15:01:41-08:00,2019-11-12 10:53:48-08:00,10.404,63.0,180.0,383.0,America/Los_Angeles
jpl,1_1_194_818_2019-11-12 14:15:00.310630,1-1-194-818,AG-1F14,2019-11-12 06:15:00-08:00,2019-11-12 16:17:08-08:00,2019-11-12 16:16:55-08:00,40.071,40.0,100.0,721.0,America/Los_Angeles
jpl,1_1_179_815_2019-11-12 14:15:54.365942,1-1-179-815,AG-3F33,2019-11-12 06:15:54-08:00,2019-11-12 12:31:43-08:00,2019-11-12 07:35:26-08:00,3.514,8.0,20.0,60.0,America/Los_Angeles
jpl,1_1_179_787_2019-11-12 14:18:26.304089,1-1-179-787,AG-3F16,2019-11-12 06:18:26-08:00,2019-11-12 15:57:31-08:00,2019-11-12 09:02:42-08:00,7.668,16.0,40.0,503.0,America/Los_Angeles
jpl,1_1_179_813_2019-11-12 14:25:45.465415,1-1-179-813,AG-3F15,2019-11-12 06:25:45-08:00,2019-11-12 16:53:10-08:00,2019-11-12 09:17:14-08:00,13.147,40.0,100.0,570.0,America/Los_Angeles
jpl,1_1_179_810_2019-11-12 14:28:01.475944,1-1-179-810,AG-3F30,2019-11-12 06:28:01-08:00,2019-11-12 14:59:04-08:00,2019-11-12 08:51:57-08:00,10.664,20.0,50.0,451.0,America/Los_Angeles
jpl,1_1_191_804_2019-11-12 14:30:04.573111,1-1-191-804,AG-4F34,2019-11-12 06:30:05-08:00,2019-11-12 17:53:01-08:00,2019-11-12 13:19:15-08:00,31.585,45.0,180.0,484.0,America/Los_Angeles
jpl,1_1_179_799_2019-11-12 14:31:21.870422,1-1-179-799,AG-3F25,2019-11-12 06:31:49-08:00,2019-11-12 17:14:48-08:00,2019-11-12 12:51:56-08:00,19.385,22.0,80.0,509.0,America/Los_Angeles
jpl,1_1_179_800_2019-11-12 14:38:03.384714,1-1-179-800,AG-3F32,2019-11-12 06:38:03-08:00,2019-11-12 16:03:29-08:00,2019-11-12 07:11:32-08:00,0.844,0.0,0.0,0.0,America/Los_Angeles
jpl,1_1_179_809_2019-11-12 14:39:34.537650,1-1-179-809,AG-3F27,2019-11-12 06:39:35-08:00,2019-11-12 17:53:49-08:00,2019-11-12 08:53:15-08:00,12.833,40.0,100.0,720.0,America/Los_Angeles
jpl,1_1_179_781_2019-11-12 14:47:00.228073,1-1-179-781,AG-3F31,2019-11-12 06:47:09-08:00,2019-11-12 16:25:23-08:00,2019-11-12 10:28:17-08:00,12.933,12.0,20.0,483.0,America/Los_Angeles
jpl,1_1_179_777_2019-11-12 14:51:32.289744,1-1-179-777,AG-3F28,2019-11-12 06:51:32-08:00,2019-11-12 16:50:19-08:00,2019-11-12 11:27:19-08:00,26.648,58.24,160.0,629.0,America/Los_Angeles
jpl,1_1_179_798_2019-11-12 14:52:36.810859,1-1-179-798,AG-3F18,2019-11-12 06:52:37-08:00,2019-11-12 16:38:48-08:00,2019-11-12 09:29:46-08:00,9.161,16.0,40.0,566.0,America/Los_Angeles
jpl,1_1_179_796_2019-11-12 14:54:08.116054,1-1-179-796,AG-3F24,2019-11-12 06:54:17-08:00,2019-11-12 16:50:06-08:00,2019-11-12 09:02:42-08:00,5.721,8.0,20.0,60.0,America/Los_Angeles
jpl,1_1_179_783_2019-11-12 14:54:46.143074,1-1-179-783,AG-3F29,2019-11-12 06:54:46-08:00,2019-11-12 16:11:02-08:00,2019-11-12 11:26:53-08:00,12.138,12.0,20.0,526.0,America/Los_Angeles
jpl,1_1_179_779_2019-11-12 14:57:51.342510,1-1-179-779,AG-3F17,2019-11-12 06:57:55-08:00,2019-11-12 17:11:49-08:00,2019-11-12 11:57:36-08:00,11.381,8.0,20.0,249.0,America/Los_Angeles
jpl,1_1_179_794_2019-11-12 14:58:51.504286,1-1-179-794,AG-3F20,2019-11-12 06:58:51-08:00,2019-11-12 17:09:36-08:00,2019-11-12 09:47:50-08:00,6.608,12.0,30.0,587.0,America/Los_Angeles
jpl,1_1_179_788_2019-11-12 15:01:30.989638,1-1-179-788,AG-3F22,2019-11-12 07:01:31-08:00,2019-11-12 17:42:25-08:00,2019-11-12 12:13:56-08:00,12.392,16.0,40.0,574.0,America/Los_Angeles
jpl,1_1_179_790_2019-11-12 15:03:40.283811,1-1-179-790,AG-3F19,2019-11-12 07:03:40-08:00,2019-11-12 16:46:15-08:00,2019-11-12 12:59:46-08:00,11.728,30.0,50.0,536.0,America/Los_Angeles
jpl,1_1_179_801_2019-11-12 15:04:40.777492,1-1-179-801,AG-3F21,2019-11-12 07:04:51-08:00,2019-11-12 15:07:00-08:00,2019-11-12 11:18:34-08:00,12.82,15.0,60.0,488.0,America/Los_Angeles
jpl,1_1_179_797_2019-11-12 15:05:34.912785,1-1-179-797,AG-3F23,2019-11-12 07:05:35-08:00,2019-11-12 17:08:55-08:00,2019-11-12 10:29:38-08:00,5.735,8.0,20.0,220.0,America/Los_Angeles
jpl,1_1_191_780_2019-11-12 15:06:44.648993,1-1-191-780,AG-4F45,2019-11-12 07:06:45-08:00,2019-11-12 19:00:40-08:00,2019-11-12 13:17:06-08:00,12.656,20.0,50.0,517.0,America/Los_Angeles
jpl,1_1_191_802_2019-11-12 15:07:26.821574,1-1-191-802,AG-4F44,2019-11-12 07:07:27-08:00,2019-11-12 17:05:58-08:00,2019-11-12 17:06:57-08:00,25.006,36.0,90.0,498.0,America/Los_Angeles
jpl,1_1_191_795_2019-11-12 15:11:44.093948,1-1-191-795,AG-4F51,2019-11-12 07:11:44-08:00,2019-11-12 16:22:04-08:00,2019-11-12 15:51:30-08:00,47.926,56.0,160.0,711.0,America/Los_Angeles
jpl,1_1_191_782_2019-11-12 15:16:23.413337,1-1-191-782,AG-4F50,2019-11-12 07:16:23-08:00,2019-11-12 09:12:13-08:00,2019-11-12 09:13:13-08:00,3.641,4.58,20.0,436.0,America/Los_Angeles
jpl,1_1_191_778_2019-11-12 15:19:09.875825,1-1-191-778,AG-4F43,2019-11-12 07:19:10-08:00,2019-11-12 17:09:57-08:00,2019-11-12 16:53:07-08:00,21.237,32.0,80.0,469.0,America/Los_Angeles
jpl,1_1_191_785_2019-11-12 15:22:45.318672,1-1-191-785,AG-4F48,2019-11-12 07:22:45-08:00,2019-11-12 17:00:28-08:00,2019-11-12 12:52:55-08:00,7.797,12.0,30.0,618.0,America/Los_Angeles
jpl,1_1_191_803_2019-11-12 15:23:58.946893,1-1-191-803,AG-4F49,2019-11-12 07:23:59-08:00,2019-11-12 17:05:07-08:00,2019-11-12 13:47:44-08:00,21.716,24.0,60.0,620.0,America/Los_Angeles
jpl,1_1_191_812_2019-11-12 15:24:02.724783,1-1-191-812,AG-4F46,2019-11-12 07:24:03-08:00,2019-11-12 16:53:10-08:00,2019-11-12 16:51:02-08:00,35.122,35.0,140.0,427.0,America/Los_Angeles
jpl,1_1_191_808_2019-11-12 15:27:05.440652,1-1-191-808,AG-4F35,2019-11-12 07:27:05-08:00,2019-11-12 17:02:02-08:00,2019-11-12 12:12:48-08:00,12.368,30.0,50.0,375.0,America/Los_Angeles
jpl,1_1_191_811_2019-11-12 15:28:23.328946,1-1-191-811,AG-4F42,2019-11-12 07:28:23-08:00,2019-11-12 16:22:18-08:00,2019-11-12 16:22:51-08:00,54.2667338888889,52.5,210.0,518.0,America/Los_Angeles
jpl,1_1_191_792_2019-11-12 15:30:24.371407,1-1-191-792,AG-4F37,2019-11-12 07:30:24-08:00,2019-11-12 17:27:25-08:00,2019-11-12 11:48:16-08:00,16.571,40.0,100.0,605.0,America/Los_Angeles
jpl,1_1_191_807_2019-11-12 15:33:07.150166,1-1-191-807,AG-4F47,2019-11-12 07:33:21-08:00,2019-11-12 18:14:33-08:00,2019-11-12 17:53:47-08:00,8.306,8.0,20.0,352.0,America/Los_Angeles
jpl,1_1_191_793_2019-11-12 15:40:32.674544,1-1-191-793,AG-4F38,2019-11-12 07:40:33-08:00,2019-11-12 17:13:47-08:00,2019-11-12 10:45:25-08:00,6.613,24.0,40.0,342.0,America/Los_Angeles
jpl,1_1_191_784_2019-11-12 15:41:04.003100,1-1-191-784,AG-4F40,2019-11-12 07:41:04-08:00,2019-11-12 16:13:46-08:00,2019-11-12 11:14:08-08:00,19.393,75.05,158.0,720.0,America/Los_Angeles
jpl,1_1_191_806_2019-11-12 15:41:30.631828,1-1-191-806,AG-4F41,2019-11-12 07:41:31-08:00,2019-11-12 13:47:59-08:00,2019-11-12 13:25:50-08:00,15.889,24.0,60.0,60.0,America/Los_Angeles
jpl,1_1_191_786_2019-11-12 15:42:05.583814,1-1-191-786,AG-4F36,2019-11-12 07:42:06-08:00,2019-11-12 16:50:45-08:00,2019-11-12 16:51:45-08:00,39.713,36.96,160.0,521.0,America/Los_Angeles
jpl,1_1_191_805_2019-11-12 15:46:38.299698,1-1-191-805,AG-4F39,2019-11-12 07:46:38-08:00,2019-11-12 18:58:10-08:00,2019-11-12 15:06:13-08:00,39.357,56.0,160.0,507.0,America/Los_Angeles
jpl,1_1_191_782_2019-11-12 17:23:14.839687,1-1-191-782,AG-4F50,2019-11-12 09:23:15-08:00,2019-11-12 18:23:33-08:00,2019-11-12 18:24:32-08:00,52.078,52.7,170.0,466.0,America/Los_Angeles
jpl,1_1_178_823_2019-11-12 18:21:33.555337,1-1-178-823,AG-1F08,2019-11-12 10:21:43-08:00,2019-11-12 16:54:21-08:00,2019-11-12 15:05:30-08:00,12.705,16.0,40.0,377.0,America/Los_Angeles
jpl,1_1_178_824_2019-11-12 20:08:15.996891,1-1-178-824,AG-1F07,2019-11-12 12:08:16-08:00,2019-11-12 15:53:12-08:00,2019-11-12 15:54:11-08:00,21.417,38.22,140.0,293.0,America/Los_Angeles
jpl,1_1_179_815_2019-11-12 21:02:19.618073,1-1-179-815,AG-3F33,2019-11-12 13:02:20-08:00,2019-11-12 18:21:59-08:00,2019-11-12 15:25:46-08:00,12.688,20.02,70.0,543.0,America/Los_Angeles
jpl,1_1_191_806_2019-11-12 21:54:25.754823,1-1-191-806,AG-4F41,2019-11-12 13:54:26-08:00,2019-11-12 18:38:56-08:00,2019-11-12 18:39:55-08:00,27.372,52.5,150.0,511.0,America/Los_Angeles
jpl,1_1_193_829_2019-11-12 23:22:06.626045,1-1-193-829,AG-1F03,2019-11-12 15:22:07-08:00,2019-11-12 17:35:22-08:00,2019-11-12 17:36:21-08:00,12.402,52.0,130.0,122.0,America/Los_Angeles
jpl,1_1_179_801_2019-11-12 23:24:12.367179,1-1-179-801,AG-3F21,2019-11-12 15:24:12-08:00,2019-11-12 17:16:07-08:00,2019-11-12 17:17:06-08:00,6.041,12.0,30.0,115.0,America/Los_Angeles
jpl,1_1_179_810_2019-11-12 23:49:12.273356,1-1-179-810,AG-3F30,2019-11-12 15:49:12-08:00,2019-11-12 19:59:29-08:00,2019-11-12 19:12:18-08:00,11.316,11.25,30.0,130.0,America/Los_Angeles
jpl,1_1_193_819_2019-11-13 00:10:34.192827,1-1-193-819,AG-1F06,2019-11-12 16:10:34-08:00,2019-11-12 19:07:54-08:00,2019-11-12 19:08:52-08:00,17.03,27.5,110.0,219.0,America/Los_Angeles
jpl,1_1_193_825_2019-11-13 00:14:58.533971,1-1-193-825,AG-1F01,2019-11-12 16:14:59-08:00,2019-11-12 16:58:04-08:00,2019-11-12 16:59:02-08:00,3.889,21.36,80.0,70.0,America/Los_Angeles
jpl,1_1_194_822_2019-11-13 00:15:25.210112,1-1-194-822,AG-1F12,2019-11-12 16:15:51-08:00,2019-11-12 17:44:55-08:00,2019-11-12 17:45:53-08:00,9.046,17.16,60.0,159.0,America/Los_Angeles
jpl,1_1_179_787_2019-11-13 00:29:41.649995,1-1-179-787,AG-3F16,2019-11-12 16:29:42-08:00,2019-11-12 18:57:36-08:00,2019-11-12 18:40:51-08:00,12.422,20.0,50.0,264.0,America/Los_Angeles
jpl,1_1_194_818_2019-11-13 00:44:34.666711,1-1-194-818,AG-1F14,2019-11-12 16:44:35-08:00,2019-11-12 17:47:06-08:00,2019-11-12 17:44:24-08:00,0.771,0.0,0.0,0.0,America/Los_Angeles
jpl,1_1_193_816_2019-11-13 00:51:39.469000,1-1-193-816,AG-1F05,2019-11-12 16:51:39-08:00,2019-11-12 18:48:02-08:00,2019-11-12 18:49:01-08:00,9.683,40.0,100.0,60.0,America/Los_Angeles
jpl,1_1_194_818_2019-11-13 01:48:23.565983,1-1-194-818,AG-1F14,2019-11-12 17:48:24-08:00,2019-11-12 18:22:26-08:00,2019-11-12 18:21:23-08:00,0.827,0.0,0.0,0.0,America/Los_Angeles
jpl,1_1_194_818_2019-11-13 02:22:39.141783,1-1-194-818,AG-1F14,2019-11-12 18:22:39-08:00,2019-11-12 23:27:43-08:00,2019-11-12 18:55:36-08:00,0.818,0.0,0.0,0.0,America/Los_Angeles
jpl,1_1_178_823_2019-11-13 09:08:18.587143,1-1-178-823,AG-1F08,2019-11-13 01:08:19-08:00,2019-11-13 04:30:32-08:00,2019-11-13 02:57:59-08:00,5.444,8.0,20.0,157.0,America/Los_Angeles
jpl,1_1_179_810_2019-11-13 10:43:07.850511,1-1-179-810,AG-3F30,2019-11-13 02:43:08-08:00,2019-11-13 16:20:57-08:00,2019-11-13 16:09:56-08:00,38.011,40.0,160.0,444.0,America/Los_Angeles
jpl,1_1_178_817_2019-11-13 13:01:30.432069,1-1-178-817,AG-1F09,2019-11-13 05:01:30-08:00,2019-11-13 18:25:21-08:00,2019-11-13 16:41:18-08:00,32.858,46.2,120.0,473.0,America/Los_Angeles
jpl,1_1_194_826_2019-11-13 13:04:07.732565,1-1-194-826,AG-1F11,2019-11-13 05:04:08-08:00,2019-11-13 11:53:21-08:00,2019-11-13 07:26:42-08:00,6.367,8.0,20.0,60.0,America/Los_Angeles
jpl,1_1_194_822_2019-11-13 13:28:55.016727,1-1-194-822,AG-1F12,2019-11-13 05:28:55-08:00,2019-11-13 15:40:08-08:00,2019-11-13 15:21:16-08:00,1.057,0.0,0.0,0.0,America/Los_Angeles
jpl,1_1_191_789_2019-11-13 13:39:04.775461,1-1-191-789,AG-4F52,2019-11-13 05:39:05-08:00,2019-11-13 15:29:49-08:00,2019-11-13 07:40:17-08:00,5.776,8.0,20.0,60.0,America/Los_Angeles
jpl,1_1_194_821_2019-11-13 13:52:33.823632,1-1-194-821,AG-1F13,2019-11-13 05:52:34-08:00,2019-11-13 16:15:55-08:00,2019-11-13 10:57:39-08:00,15.575,20.0,50.0,583.0,America/Los_Angeles
jpl,1_1_178_823_2019-11-13 13:53:32.856093,1-1-178-823,AG-1F08,2019-11-13 05:53:33-08:00,2019-11-13 15:34:26-08:00,2019-11-13 09:52:56-08:00,10.338,12.0,20.0,605.0,America/Los_Angeles
jpl,1_1_178_828_2019-11-13 13:53:41.552803,1-1-178-828,AG-1F10,2019-11-13 05:53:42-08:00,2019-11-13 14:42:21-08:00,2019-11-13 14:32:01-08:00,19.169,20.0,40.0,61.0,America/Los_Angeles
jpl,1_1_193_819_2019-11-13 14:03:53.362540,1-1-193-819,AG-1F06,2019-11-13 06:03:53-08:00,2019-11-13 15:08:29-08:00,2019-11-13 10:39:36-08:00,12.701,16.0,40.0,383.0,America/Los_Angeles
jpl,1_1_191_804_2019-11-13 14:08:55.636289,1-1-191-804,AG-4F34,2019-11-13 06:08:56-08:00,2019-11-13 16:09:48-08:00,2019-11-13 12:23:54-08:00,27.912,45.0,180.0,484.0,America/Los_Angeles
jpl,1_1_193_829_2019-11-13 14:10:24.296763,1-1-193-829,AG-1F03,2019-11-13 06:10:24-08:00,2019-11-13 16:08:00-08:00,2019-11-13 08:01:47-08:00,5.243,8.0,20.0,60.0,America/Los_Angeles
jpl,1_1_179_815_2019-11-13 14:14:07.524866,1-1-179-815,AG-3F33,2019-11-13 06:14:08-08:00,2019-11-13 16:55:52-08:00,2019-11-13 16:20:06-08:00,1.535,0.0,0.0,0.0,America/Los_Angeles
jpl,1_1_179_799_2019-11-13 14:17:59.007064,1-1-179-799,AG-3F25,2019-11-13 06:18:40-08:00,2019-11-13 16:50:34-08:00,2019-11-13 13:53:48-08:00,20.495,24.75,90.0,646.0,America/Los_Angeles
jpl,1_1_193_825_2019-11-13 14:19:19.664699,1-1-193-825,AG-1F01,2019-11-13 06:19:20-08:00,2019-11-13 16:36:51-08:00,2019-11-13 09:29:31-08:00,12.274,40.0,100.0,570.0,America/Los_Angeles
jpl,1_1_193_827_2019-11-13 14:19:24.648552,1-1-193-827,AG-1F02,2019-11-13 06:19:25-08:00,2019-11-13 15:35:18-08:00,2019-11-13 09:09:03-08:00,7.613,16.0,40.0,503.0,America/Los_Angeles
jpl,1_1_193_820_2019-11-13 14:25:13.706184,1-1-193-820,AG-1F04,2019-11-13 06:25:14-08:00,2019-11-13 12:12:43-08:00,2019-11-13 11:19:15-08:00,13.408,20.0,50.0,181.0,America/Los_Angeles
jpl,1_1_179_788_2019-11-13 14:31:30.072657,1-1-179-788,AG-3F22,2019-11-13 06:31:30-08:00,2019-11-13 15:43:56-08:00,2019-11-13 15:18:38-08:00,31.937,32.0,80.0,542.0,America/Los_Angeles
jpl,1_1_178_824_2019-11-13 14:46:29.025087,1-1-178-824,AG-1F07,2019-11-13 06:46:29-08:00,2019-11-13 10:36:14-08:00,2019-11-13 10:37:12-08:00,10.043,16.0,40.0,281.0,America/Los_Angeles
jpl,1_1_191_785_2019-11-13 14:49:23.168606,1-1-191-785,AG-4F48,2019-11-13 06:49:23-08:00,2019-11-13 16:30:23-08:00,2019-11-13 10:37:56-08:00,7.481,12.0,30.0,618.0,America/Los_Angeles
jpl,1_1_194_818_2019-11-13 14:49:23.140737,1-1-194-818,AG-1F14,2019-11-13 06:49:31-08:00,2019-11-13 15:53:44-08:00,2019-11-13 14:12:47-08:00,12.078,12.0,20.0,271.0,America/Los_Angeles
jpl,1_1_179_800_2019-11-13 14:51:28.334603,1-1-179-800,AG-3F32,2019-11-13 06:51:39-08:00,2019-11-13 16:22:09-08:00,2019-11-13 11:08:46-08:00,12.824,24.0,40.0,616.0,America/Los_Angeles
jpl,1_1_179_809_2019-11-13 14:52:10.421746,1-1-179-809,AG-3F27,2019-11-13 06:52:10-08:00,2019-11-13 13:24:06-08:00,2019-11-13 11:13:17-08:00,25.903,40.0,100.0,720.0,America/Los_Angeles
jpl,1_1_179_787_2019-11-13 14:55:19.832657,1-1-179-787,AG-3F16,2019-11-13 06:55:20-08:00,2019-11-13 17:14:13-08:00,2019-11-13 10:09:00-08:00,6.704,12.0,30.0,587.0,America/Los_Angeles
jpl,1_1_179_791_2019-11-13 14:55:20.446450,1-1-179-791,AG-3F26,2019-11-13 06:55:20-08:00,2019-11-13 11:52:31-08:00,2019-11-13 11:05:09-08:00,9.38,16.0,40.0,306.0,America/Los_Angeles
jpl,1_1_179_777_2019-11-13 14:59:10.622298,1-1-179-777,AG-3F28,2019-11-13 06:59:26-08:00,2019-11-13 15:07:59-08:00,2019-11-13 12:23:54-08:00,12.338,17.5,70.0,488.0,America/Los_Angeles
jpl,1_1_193_816_2019-11-13 15:01:20.273205,1-1-193-816,AG-1F05,2019-11-13 07:01:20-08:00,2019-11-13 15:35:09-08:00,2019-11-13 15:31:23-08:00,1.241,0.0,0.0,0.0,America/Los_Angeles
jpl,1_1_179_783_2019-11-13 15:04:09.523382,1-1-179-783,AG-3F29,2019-11-13 07:04:10-08:00,2019-11-13 16:16:41-08:00,2019-11-13 15:42:53-08:00,48.605,126.0,210.0,537.0,America/Los_Angeles
jpl,1_1_191_803_2019-11-13 15:04:20.128425,1-1-191-803,AG-4F49,2019-11-13 07:04:20-08:00,2019-11-13 15:41:33-08:00,2019-11-13 07:37:22-08:00,0.813,0.0,0.0,0.0,America/Los_Angeles
jpl,1_1_179_781_2019-11-13 15:10:43.723483,1-1-179-781,AG-3F31,2019-11-13 07:10:44-08:00,2019-11-13 16:31:41-08:00,2019-11-13 10:10:41-08:00,7.989,8.0,20.0,60.0,America/Los_Angeles
jpl,1_1_179_798_2019-11-13 15:11:55.635950,1-1-179-798,AG-3F18,2019-11-13 07:11:56-08:00,2019-11-13 17:37:22-08:00,2019-11-13 11:27:05-08:00,11.971,16.0,40.0,489.0,America/Los_Angeles
jpl,1_1_179_796_2019-11-13 15:12:04.845995,1-1-179-796,AG-3F24,2019-11-13 07:12:05-08:00,2019-11-13 16:02:49-08:00,2019-11-13 13:59:26-08:00,32.9,8.0,20.0,60.0,America/Los_Angeles
jpl,1_1_179_794_2019-11-13 15:12:58.425339,1-1-179-794,AG-3F20,2019-11-13 07:12:58-08:00,2019-11-13 18:03:15-08:00,2019-11-13 15:08:32-08:00,17.539,58.24,160.0,629.0,America/Los_Angeles
jpl,1_1_179_790_2019-11-13 15:13:24.379173,1-1-179-790,AG-3F19,2019-11-13 07:13:31-08:00,2019-11-13 12:56:58-08:00,2019-11-13 12:09:51-08:00,10.634,8.0,20.0,249.0,America/Los_Angeles
jpl,1_1_191_802_2019-11-13 15:15:11.712355,1-1-191-802,AG-4F44,2019-11-13 07:15:12-08:00,2019-11-13 16:21:23-08:00,2019-11-13 16:19:12-08:00,21.058,32.0,80.0,469.0,America/Los_Angeles
jpl,1_1_191_792_2019-11-13 15:18:27.047124,1-1-191-792,AG-4F37,2019-11-13 07:18:27-08:00,2019-11-13 16:27:16-08:00,2019-11-13 12:03:53-08:00,7.804,8.0,20.0,599.0,America/Los_Angeles
jpl,1_1_179_813_2019-11-13 15:18:48.555269,1-1-179-813,AG-3F15,2019-11-13 07:18:49-08:00,2019-11-13 16:42:20-08:00,2019-11-13 14:45:52-08:00,32.995,36.0,120.0,492.0,America/Los_Angeles
jpl,1_1_179_797_2019-11-13 15:18:54.536448,1-1-179-797,AG-3F23,2019-11-13 07:18:55-08:00,2019-11-13 15:12:59-08:00,2019-11-13 15:13:53-08:00,14.825,36.0,90.0,498.0,America/Los_Angeles
jpl,1_1_179_779_2019-11-13 15:19:08.865608,1-1-179-779,AG-3F17,2019-11-13 07:19:24-08:00,2019-11-13 16:39:22-08:00,2019-11-13 13:59:26-08:00,15.921,19.98,60.0,530.0,America/Los_Angeles
jpl,1_1_191_812_2019-11-13 15:21:32.444118,1-1-191-812,AG-4F46,2019-11-13 07:21:41-08:00,2019-11-13 15:22:33-08:00,2019-11-13 11:02:09-08:00,9.278,63.0,180.0,383.0,America/Los_Angeles
jpl,1_1_191_780_2019-11-13 15:22:09.580033,1-1-191-780,AG-4F45,2019-11-13 07:22:18-08:00,2019-11-13 16:50:41-08:00,2019-11-13 11:43:49-08:00,14.183,28.0,70.0,317.0,America/Los_Angeles
jpl,1_1_191_807_2019-11-13 15:25:32.264893,1-1-191-807,AG-4F47,2019-11-13 07:25:35-08:00,2019-11-13 16:16:05-08:00,2019-11-13 15:21:08-08:00,46.179,102.74,220.0,627.0,America/Los_Angeles
jpl,1_1_191_811_2019-11-13 15:26:11.557737,1-1-191-811,AG-4F42,2019-11-13 07:26:12-08:00,2019-11-13 17:21:50-08:00,2019-11-13 15:43:28-08:00,21.858,75.05,158.0,720.0,America/Los_Angeles
jpl,1_1_179_801_2019-11-13 15:30:12.272757,1-1-179-801,AG-3F21,2019-11-13 07:30:12-08:00,2019-11-13 16:56:23-08:00,2019-11-13 16:57:16-08:00,40.077,40.0,100.0,552.0,America/Los_Angeles
jpl,1_1_191_795_2019-11-13 15:30:34.219254,1-1-191-795,AG-4F51,2019-11-13 07:30:34-08:00,2019-11-13 11:33:52-08:00,2019-11-13 11:34:49-08:00,17.196,36.0,90.0,506.0,America/Los_Angeles
jpl,1_1_191_806_2019-11-13 15:33:12.776476,1-1-191-806,AG-4F41,2019-11-13 07:33:13-08:00,2019-11-13 17:20:12-08:00,2019-11-13 11:52:38-08:00,5.44,10.0,20.0,542.0,America/Los_Angeles
jpl,1_1_191_805_2019-11-13 15:36:23.169937,1-1-191-805,AG-4F39,2019-11-13 07:36:23-08:00,2019-11-13 17:51:44-08:00,2019-11-13 16:25:48-08:00,28.688,4.58,20.0,436.0,America/Los_Angeles
jpl,1_1_191_778_2019-11-13 15:36:58.086260,1-1-191-778,AG-4F43,2019-11-13 07:36:58-08:00,2019-11-13 17:39:19-08:00,2019-11-13 17:06:52-08:00,3.131,2.5,10.0,252.0,America/Los_Angeles
jpl,1_1_191_784_2019-11-13 15:37:20.224154,1-1-191-784,AG-4F40,2019-11-13 07:37:20-08:00,2019-11-13 16:09:35-08:00,2019-11-13 11:12:09-08:00,21.104,40.0,100.0,360.0,America/Los_Angeles
jpl,1_1_191_782_2019-11-13 15:42:35.442522,1-1-191-782,AG-4F50,2019-11-13 07:42:35-08:00,2019-11-13 16:59:21-08:00,2019-11-13 10:03:39-08:00,12.304,16.0,40.0,482.0,America/Los_Angeles
jpl,1_1_191_808_2019-11-13 15:44:21.346847,1-1-191-808,AG-4F35,2019-11-13 07:44:21-08:00,2019-11-13 17:57:51-08:00,2019-11-13 16:24:03-08:00,17.693,28.0,70.0,60.0,America/Los_Angeles
jpl,1_1_191_793_2019-11-13 15:46:11.763524,1-1-191-793,AG-4F38,2019-11-13 07:46:12-08:00,2019-11-13 15:10:23-08:00,2019-11-13 15:07:16-08:00,38.741,56.0,160.0,434.0,America/Los_Angeles
jpl,1_1_191_786_2019-11-13 15:49:36.244647,1-1-191-786,AG-4F36,2019-11-13 07:49:37-08:00,2019-11-13 15:38:39-08:00,2019-11-13 15:38:01-08:00,36.791,49.95,150.0,60.0,America/Los_Angeles
jpl,1_1_178_824_2019-11-13 19:10:24.673300,1-1-178-824,AG-1F07,2019-11-13 11:10:48-08:00,2019-11-13 16:21:57-08:00,2019-11-13 12:23:54-08:00,12.433,20.0,50.0,433.0,America/Los_Angeles
jpl,1_1_191_795_2019-11-13 19:48:18.263940,1-1-191-795,AG-4F51,2019-11-13 11:48:18-08:00,2019-11-13 13:17:57-08:00,2019-11-13 12:23:54-08:00,4.371,12.0,30.0,115.0,America/Los_Angeles
jpl,1_1_193_820_2019-11-13 20:31:35.393864,1-1-193-820,AG-1F04,2019-11-13 12:31:35-08:00,2019-11-13 15:21:50-08:00,2019-11-13 15:22:48-08:00,16.202,40.0,100.0,138.0,America/Los_Angeles
jpl,1_1_179_791_2019-11-13 20:54:27.206915,1-1-179-791,AG-3F26,2019-11-13 12:54:27-08:00,2019-11-13 17:51:55-08:00,2019-11-13 17:52:52-08:00,29.478,52.5,150.0,584.0,America/Los_Angeles
jpl,1_1_179_790_2019-11-13 21:00:37.723903,1-1-179-790,AG-3F19,2019-11-13 13:00:46-08:00,2019-11-13 17:02:24-08:00,2019-11-13 15:42:47-08:00,15.78,32.0,80.0,282.0,America/Los_Angeles
jpl,1_1_191_795_2019-11-13 21:18:06.223448,1-1-191-795,AG-4F51,2019-11-13 13:18:06-08:00,2019-11-13 17:22:18-08:00,2019-11-13 14:57:10-08:00,4.605,8.0,20.0,115.0,America/Los_Angeles
jpl,1_1_179_809_2019-11-13 21:29:24.076274,1-1-179-809,AG-3F27,2019-11-13 13:29:24-08:00,2019-11-13 19:58:21-08:00,2019-11-13 19:59:19-08:00,39.884,42.0,210.0,316.0,America/Los_Angeles
jpl,1_1_194_826_2019-11-13 22:37:39.126627,1-1-194-826,AG-1F11,2019-11-13 14:37:39-08:00,2019-11-13 18:23:50-08:00,2019-11-13 18:24:48-08:00,21.776,25.0,100.0,198.0,America/Los_Angeles
jpl,1_1_178_828_2019-11-13 22:55:26.465013,1-1-178-828,AG-1F10,2019-11-13 14:55:26-08:00,2019-11-13 21:50:42-08:00,2019-11-13 21:39:15-08:00,12.112,12.0,30.0,229.0,America/Los_Angeles
jpl,1_1_179_777_2019-11-13 23:12:41.582684,1-1-179-777,AG-3F28,2019-11-13 15:12:42-08:00,2019-11-13 16:48:33-08:00,2019-11-13 16:49:31-08:00,9.402,21.36,80.0,136.0,America/Los_Angeles
jpl,1_1_191_793_2019-11-13 23:20:30.706209,1-1-191-793,AG-4F38,2019-11-13 15:20:45-08:00,2019-11-13 17:26:59-08:00,2019-11-13 17:27:57-08:00,6.799,12.0,30.0,68.0,America/Los_Angeles
jpl,1_1_193_819_2019-11-13 23:21:26.521957,1-1-193-819,AG-1F06,2019-11-13 15:21:27-08:00,2019-11-13 18:00:18-08:00,2019-11-13 18:01:17-08:00,15.458,75.0,300.0,337.0,America/Los_Angeles
jpl,1_1_178_823_2019-11-13 23:39:13.618646,1-1-178-823,AG-1F08,2019-11-13 15:39:14-08:00,2019-11-13 17:54:03-08:00,2019-11-13 17:33:44-08:00,5.384,16.0,40.0,457.0,America/Los_Angeles
jpl,1_1_179_800_2019-11-14 00:58:26.166246,1-1-179-800,AG-3F32,2019-11-13 16:58:26-08:00,2019-11-13 19:26:29-08:00,2019-11-13 19:27:27-08:00,14.804,18.75,50.0,130.0,America/Los_Angeles
jpl,1_1_193_827_2019-11-14 01:37:44.533107,1-1-193-827,AG-1F02,2019-11-13 17:37:45-08:00,2019-11-13 20:06:53-08:00,2019-11-13 20:07:52-08:00,7.676,20.0,50.0,205.0,America/Los_Angeles
jpl,1_1_179_794_2019-11-14 02:03:38.984961,1-1-179-794,AG-3F20,2019-11-13 18:03:39-08:00,2019-11-13 19:54:47-08:00,2019-11-13 19:55:45-08:00,10.886,47.32,130.0,1039.0,America/Los_Angeles
jpl,1_1_178_823_2019-11-14 06:25:25.080808,1-1-178-823,AG-1F08,2019-11-13 22:25:25-08:00,2019-11-14 01:32:04-08:00,2019-11-14 00:09:58-08:00,5.415,8.0,20.0,157.0,America/Los_Angeles
jpl,1_1_194_826_2019-11-14 13:03:51.679194,1-1-194-826,AG-1F11,2019-11-14 05:03:52-08:00,2019-11-14 14:39:12-08:00,2019-11-14 07:28:20-08:00,6.244,8.0,20.0,60.0,America/Los_Angeles
jpl,1_1_178_817_2019-11-14 13:14:38.771705,1-1-178-817,AG-1F09,2019-11-14 05:14:39-08:00,2019-11-14 16:11:09-08:00,2019-11-14 15:39:01-08:00,32.28,46.2,120.0,473.0,America/Los_Angeles
jpl,1_1_178_828_2019-11-14 13:21:50.207255,1-1-178-828,AG-1F10,2019-11-14 05:21:50-08:00,2019-11-14 18:05:33-08:00,2019-11-14 07:19:47-08:00,5.332,12.0,30.0,60.0,America/Los_Angeles
jpl,1_1_178_823_2019-11-14 13:23:03.830737,1-1-178-823,AG-1F08,2019-11-14 05:23:04-08:00,2019-11-14 15:02:33-08:00,2019-11-14 07:53:19-08:00,10.77,30.0,50.0,60.0,America/Los_Angeles
jpl,1_1_191_789_2019-11-14 13:35:18.681481,1-1-191-789,AG-4F52,2019-11-14 05:35:19-08:00,2019-11-14 16:20:56-08:00,2019-11-14 07:41:28-08:00,5.803,8.0,20.0,60.0,America/Los_Angeles
jpl,1_1_194_822_2019-11-14 13:39:21.387781,1-1-194-822,AG-1F12,2019-11-14 05:39:21-08:00,2019-11-14 16:51:58-08:00,2019-11-14 11:56:36-08:00,15.972,16.65,50.0,481.0,America/Los_Angeles
jpl,1_1_193_819_2019-11-14 13:40:06.360788,1-1-193-819,AG-1F06,2019-11-14 05:40:06-08:00,2019-11-14 15:33:57-08:00,2019-11-14 12:06:44-08:00,9.151,12.0,20.0,605.0,America/Los_Angeles
jpl,1_1_194_821_2019-11-14 13:55:22.988547,1-1-194-821,AG-1F13,2019-11-14 05:55:23-08:00,2019-11-14 16:12:46-08:00,2019-11-14 08:36:42-08:00,11.676,20.0,50.0,682.0,America/Los_Angeles
jpl,1_1_193_825_2019-11-14 13:57:07.278458,1-1-193-825,AG-1F01,2019-11-14 05:57:07-08:00,2019-11-14 15:39:45-08:00,2019-11-14 08:35:35-08:00,9.199,5.6,20.0,638.0,America/Los_Angeles
jpl,1_1_193_829_2019-11-14 13:59:29.065373,1-1-193-829,AG-1F03,2019-11-14 05:59:29-08:00,2019-11-14 16:15:57-08:00,2019-11-14 08:21:10-08:00,6.631,8.0,20.0,60.0,America/Los_Angeles
jpl,1_1_179_799_2019-11-14 13:59:45.170622,1-1-179-799,AG-3F25,2019-11-14 05:59:45-08:00,2019-11-14 13:46:28-08:00,2019-11-14 13:32:16-08:00,24.797,24.75,110.0,390.0,America/Los_Angeles
jpl,1_1_193_820_2019-11-14 14:01:30.882699,1-1-193-820,AG-1F04,2019-11-14 06:01:31-08:00,2019-11-14 14:59:10-08:00,2019-11-14 12:38:49-08:00,13.162,16.0,40.0,383.0,America/Los_Angeles
jpl,1_1_178_824_2019-11-14 14:07:43.072813,1-1-178-824,AG-1F07,2019-11-14 06:07:43-08:00,2019-11-14 14:08:06-08:00,2019-11-14 11:57:15-08:00,13.854,20.0,50.0,240.0,America/Los_Angeles
jpl,1_1_179_800_2019-11-14 14:09:16.788848,1-1-179-800,AG-3F32,2019-11-14 06:09:17-08:00,2019-11-14 17:34:06-08:00,2019-11-14 11:54:28-08:00,23.929,40.0,100.0,720.0,America/Los_Angeles
jpl,1_1_179_815_2019-11-14 14:10:10.957182,1-1-179-815,AG-3F33,2019-11-14 06:10:11-08:00,2019-11-14 17:32:07-08:00,2019-11-14 17:20:25-08:00,1.68,0.0,0.0,0.0,America/Los_Angeles
jpl,1_1_193_816_2019-11-14 14:14:26.821497,1-1-193-816,AG-1F05,2019-11-14 06:14:27-08:00,2019-11-14 16:49:25-08:00,2019-11-14 13:16:29-08:00,30.21,75.0,300.0,720.0,America/Los_Angeles
jpl,1_1_179_809_2019-11-14 14:16:59.482048,1-1-179-809,AG-3F27,2019-11-14 06:17:22-08:00,2019-11-14 16:57:19-08:00,2019-11-14 12:38:33-08:00,21.682,27.5,100.0,646.0,America/Los_Angeles
jpl,1_1_179_796_2019-11-14 14:18:43.859431,1-1-179-796,AG-3F24,2019-11-14 06:18:44-08:00,2019-11-14 12:18:49-08:00,2019-11-14 12:06:41-08:00,24.746,36.0,90.0,537.0,America/Los_Angeles
jpl,1_1_191_804_2019-11-14 14:19:45.953102,1-1-191-804,AG-4F34,2019-11-14 06:19:46-08:00,2019-11-14 17:59:50-08:00,2019-11-14 12:50:45-08:00,30.079,45.0,180.0,484.0,America/Los_Angeles
jpl,1_1_194_818_2019-11-14 14:23:35.321139,1-1-194-818,AG-1F14,2019-11-14 06:23:35-08:00,2019-11-14 16:52:42-08:00,2019-11-14 08:36:43-08:00,12.635,40.0,100.0,570.0,America/Los_Angeles
jpl,1_1_191_808_2019-11-14 14:29:36.692544,1-1-191-808,AG-4F35,2019-11-14 06:29:37-08:00,2019-11-14 17:17:47-08:00,2019-11-14 11:57:16-08:00,11.568,16.0,40.0,60.0,America/Los_Angeles
jpl,1_1_179_781_2019-11-14 14:33:05.942349,1-1-179-781,AG-3F31,2019-11-14 06:33:06-08:00,2019-11-14 15:43:32-08:00,2019-11-14 14:49:56-08:00,11.667,8.0,20.0,383.0,America/Los_Angeles
jpl,1_1_179_810_2019-11-14 14:33:15.193518,1-1-179-810,AG-3F30,2019-11-14 06:33:15-08:00,2019-11-14 18:18:58-08:00,2019-11-14 12:30:59-08:00,31.211,69.16,190.0,720.0,America/Los_Angeles
jpl,1_1_179_797_2019-11-14 14:38:50.302491,1-1-179-797,AG-3F23,2019-11-14 06:38:50-08:00,2019-11-14 16:25:05-08:00,2019-11-14 13:35:41-08:00,5.965,8.0,20.0,60.0,America/Los_Angeles
jpl,1_1_179_787_2019-11-14 14:40:24.805526,1-1-179-787,AG-3F16,2019-11-14 06:40:25-08:00,2019-11-14 12:11:28-08:00,2019-11-14 12:01:16-08:00,0.507,20.0,50.0,181.0,America/Los_Angeles
jpl,1_1_179_791_2019-11-14 14:42:10.306783,1-1-179-791,AG-3F26,2019-11-14 06:42:10-08:00,2019-11-14 13:44:53-08:00,2019-11-14 08:36:29-08:00,4.054,8.0,20.0,60.0,America/Los_Angeles
jpl,1_1_179_777_2019-11-14 14:42:35.190056,1-1-179-777,AG-3F28,2019-11-14 06:42:51-08:00,2019-11-14 16:23:05-08:00,2019-11-14 16:23:52-08:00,13.044,12.0,20.0,531.0,America/Los_Angeles
jpl,1_1_179_783_2019-11-14 14:48:04.152401,1-1-179-783,AG-3F29,2019-11-14 06:48:04-08:00,2019-11-14 17:38:45-08:00,2019-11-14 13:27:45-08:00,35.172,45.0,180.0,561.0,America/Los_Angeles
jpl,1_1_191_785_2019-11-14 14:51:01.359563,1-1-191-785,AG-4F48,2019-11-14 06:51:01-08:00,2019-11-14 16:48:03-08:00,2019-11-14 11:48:05-08:00,7.642,12.0,30.0,618.0,America/Los_Angeles
jpl,1_1_179_779_2019-11-14 14:51:24.802344,1-1-179-779,AG-3F17,2019-11-14 06:51:25-08:00,2019-11-14 14:18:31-08:00,2019-11-14 13:04:23-08:00,28.696,40.0,100.0,562.0,America/Los_Angeles
jpl,1_1_179_788_2019-11-14 14:53:42.638440,1-1-179-788,AG-3F22,2019-11-14 06:53:43-08:00,2019-11-14 17:36:31-08:00,2019-11-14 13:07:01-08:00,12.396,16.0,40.0,574.0,America/Los_Angeles
jpl,1_1_179_794_2019-11-14 14:54:42.647372,1-1-179-794,AG-3F20,2019-11-14 06:54:43-08:00,2019-11-14 14:11:37-08:00,2019-11-14 12:44:18-08:00,17.178,40.0,100.0,354.0,America/Los_Angeles
jpl,1_1_179_798_2019-11-14 14:57:13.175637,1-1-179-798,AG-3F18,2019-11-14 06:57:13-08:00,2019-11-14 16:48:16-08:00,2019-11-14 12:57:37-08:00,16.967,30.0,50.0,536.0,America/Los_Angeles
jpl,1_1_191_807_2019-11-14 14:59:59.636598,1-1-191-807,AG-4F47,2019-11-14 07:00:05-08:00,2019-11-14 16:40:06-08:00,2019-11-14 08:36:42-08:00,14.134,32.0,80.0,379.0,America/Los_Angeles
jpl,1_1_179_790_2019-11-14 15:01:38.090804,1-1-179-790,AG-3F19,2019-11-14 07:01:38-08:00,2019-11-14 12:09:40-08:00,2019-11-14 08:36:43-08:00,5.547837777777778,12.0,30.0,587.0,America/Los_Angeles
jpl,1_1_179_801_2019-11-14 15:03:36.542437,1-1-179-801,AG-3F21,2019-11-14 07:03:37-08:00,2019-11-14 16:19:59-08:00,2019-11-14 15:41:16-08:00,48.618,56.0,160.0,711.0,America/Los_Angeles
jpl,1_1_191_795_2019-11-14 15:05:32.318821,1-1-191-795,AG-4F51,2019-11-14 07:05:32-08:00,2019-11-14 16:41:05-08:00,2019-11-14 16:42:03-08:00,31.638,40.04,140.0,720.0,America/Los_Angeles
jpl,1_1_179_813_2019-11-14 15:05:56.277266,1-1-179-813,AG-3F15,2019-11-14 07:06:08-08:00,2019-11-14 14:07:59-08:00,2019-11-14 11:40:39-08:00,11.416,15.0,60.0,488.0,America/Los_Angeles
jpl,1_1_191_802_2019-11-14 15:14:36.237558,1-1-191-802,AG-4F44,2019-11-14 07:14:36-08:00,2019-11-14 17:17:36-08:00,2019-11-14 17:09:03-08:00,19.933,32.0,80.0,469.0,America/Los_Angeles
jpl,1_1_191_792_2019-11-14 15:18:27.283654,1-1-191-792,AG-4F37,2019-11-14 07:18:27-08:00,2019-11-14 16:42:07-08:00,2019-11-14 13:05:10-08:00,16.099,19.98,60.0,530.0,America/Los_Angeles
jpl,1_1_191_805_2019-11-14 15:20:36.975108,1-1-191-805,AG-4F39,2019-11-14 07:20:37-08:00,2019-11-14 15:41:23-08:00,2019-11-14 12:00:03-08:00,7.202,8.0,20.0,599.0,America/Los_Angeles
jpl,1_1_191_786_2019-11-14 15:22:21.017392,1-1-191-786,AG-4F36,2019-11-14 07:22:21-08:00,2019-11-14 15:04:24-08:00,2019-11-14 08:36:42-08:00,5.197,6.66,20.0,493.0,America/Los_Angeles
jpl,1_1_191_803_2019-11-14 15:23:30.179306,1-1-191-803,AG-4F49,2019-11-14 07:23:30-08:00,2019-11-14 18:43:18-08:00,2019-11-14 13:53:02-08:00,42.68689027777778,45.0,100.0,414.0,America/Los_Angeles
jpl,1_1_191_806_2019-11-14 15:24:20.466176,1-1-191-806,AG-4F41,2019-11-14 07:24:20-08:00,2019-11-14 17:07:38-08:00,2019-11-14 12:59:01-08:00,16.347,30.0,50.0,375.0,America/Los_Angeles
jpl,1_1_191_780_2019-11-14 15:25:07.918883,1-1-191-780,AG-4F45,2019-11-14 07:25:08-08:00,2019-11-14 15:44:40-08:00,2019-11-14 12:43:00-08:00,10.957,20.0,50.0,461.0,America/Los_Angeles
jpl,1_1_191_812_2019-11-14 15:25:25.050565,1-1-191-812,AG-4F46,2019-11-14 07:25:25-08:00,2019-11-14 15:05:47-08:00,2019-11-14 13:29:20-08:00,12.158,16.0,40.0,222.0,America/Los_Angeles
jpl,1_1_191_811_2019-11-14 15:30:15.894542,1-1-191-811,AG-4F42,2019-11-14 07:30:16-08:00,2019-11-14 16:53:51-08:00,2019-11-14 08:36:43-08:00,6.844,20.0,80.0,455.0,America/Los_Angeles
jpl,1_1_191_793_2019-11-14 15:30:21.333604,1-1-191-793,AG-4F38,2019-11-14 07:30:22-08:00,2019-11-14 17:02:53-08:00,2019-11-14 11:39:55-08:00,11.689,8.0,20.0,249.0,America/Los_Angeles
jpl,1_1_191_782_2019-11-14 15:31:37.124457,1-1-191-782,AG-4F50,2019-11-14 07:31:37-08:00,2019-11-14 16:47:27-08:00,2019-11-14 12:06:44-08:00,9.336,14.0,70.0,604.0,America/Los_Angeles
jpl,1_1_191_784_2019-11-14 15:32:12.702055,1-1-191-784,AG-4F40,2019-11-14 07:32:13-08:00,2019-11-14 16:17:08-08:00,2019-11-14 08:36:42-08:00,20.198,40.0,100.0,517.0,America/Los_Angeles
jpl,1_1_191_778_2019-11-14 15:33:33.895123,1-1-191-778,AG-4F43,2019-11-14 07:33:34-08:00,2019-11-14 15:37:11-08:00,2019-11-14 15:34:42-08:00,7.423,2.5,10.0,252.0,America/Los_Angeles
jpl,1_1_179_787_2019-11-14 20:11:35.867095,1-1-179-787,AG-3F16,2019-11-14 12:11:36-08:00,2019-11-14 12:28:08-08:00,2019-11-14 12:29:01-08:00,0.84,20.0,50.0,220.0,America/Los_Angeles
jpl,1_1_179_790_2019-11-14 20:18:00.030583,1-1-179-790,AG-3F19,2019-11-14 12:18:00-08:00,2019-11-14 15:23:21-08:00,2019-11-14 15:23:56-08:00,9.585,19.98,60.0,329.0,America/Los_Angeles
jpl,1_1_179_796_2019-11-14 20:29:19.626449,1-1-179-796,AG-3F24,2019-11-14 12:29:20-08:00,2019-11-14 15:01:48-08:00,2019-11-14 12:53:11-08:00,1.603,20.0,50.0,193.0,America/Los_Angeles
jpl,1_1_179_787_2019-11-14 20:41:36.262539,1-1-179-787,AG-3F16,2019-11-14 12:41:36-08:00,2019-11-14 16:49:52-08:00,2019-11-14 15:42:50-08:00,16.374,28.0,70.0,244.0,America/Los_Angeles
jpl,1_1_179_799_2019-11-14 21:59:28.531930,1-1-179-799,AG-3F25,2019-11-14 13:59:29-08:00,2019-11-14 17:52:42-08:00,2019-11-14 15:19:08-08:00,6.459,12.0,30.0,138.0,America/Los_Angeles
jpl,1_1_179_791_2019-11-14 22:01:41.545863,1-1-179-791,AG-3F26,2019-11-14 14:01:42-08:00,2019-11-14 17:23:35-08:00,2019-11-14 15:43:25-08:00,4.795,12.0,30.0,211.0,America/Los_Angeles
jpl,1_1_179_794_2019-11-14 22:18:14.269080,1-1-179-794,AG-3F20,2019-11-14 14:18:14-08:00,2019-11-14 17:13:17-08:00,2019-11-14 17:14:14-08:00,17.309,26.7,100.0,207.0,America/Los_Angeles
jpl,1_1_179_813_2019-11-14 22:19:31.526960,1-1-179-813,AG-3F15,2019-11-14 14:19:40-08:00,2019-11-14 23:08:51-08:00,2019-11-14 22:23:35-08:00,49.476,60.69,170.0,549.0,America/Los_Angeles
jpl,1_1_179_779_2019-11-14 22:28:00.712451,1-1-179-779,AG-3F17,2019-11-14 14:28:18-08:00,2019-11-14 18:45:07-08:00,2019-11-14 16:28:51-08:00,10.998,17.16,60.0,543.0,America/Los_Angeles
jpl,1_1_178_824_2019-11-14 22:53:13.090813,1-1-178-824,AG-1F07,2019-11-14 14:53:24-08:00,2019-11-14 15:31:54-08:00,2019-11-14 15:32:51-08:00,3.487186388888889,8.0,20.0,60.0,America/Los_Angeles
jpl,1_1_194_826_2019-11-14 22:57:55.626458,1-1-194-826,AG-1F11,2019-11-14 14:57:56-08:00,2019-11-14 17:14:17-08:00,2019-11-14 17:15:14-08:00,8.546,23.31,70.0,265.0,America/Los_Angeles
jpl,1_1_178_823_2019-11-14 23:08:51.364452,1-1-178-823,AG-1F08,2019-11-14 15:08:51-08:00,2019-11-14 18:15:07-08:00,2019-11-14 18:16:05-08:00,12.085,24.0,60.0,124.0,America/Los_Angeles
jpl,1_1_193_820_2019-11-14 23:14:07.624836,1-1-193-820,AG-1F04,2019-11-14 15:14:08-08:00,2019-11-14 17:44:40-08:00,2019-11-14 17:45:38-08:00,11.341,16.0,40.0,184.0,America/Los_Angeles
jpl,1_1_191_812_2019-11-14 23:19:15.589174,1-1-191-812,AG-4F46,2019-11-14 15:19:16-08:00,2019-11-14 16:54:12-08:00,2019-11-14 16:55:11-08:00,8.474,20.44,70.0,202.0,America/Los_Angeles
jpl,1_1_178_824_2019-11-14 23:33:34.394621,1-1-178-824,AG-1F07,2019-11-14 15:33:34-08:00,2019-11-14 18:00:16-08:00,2019-11-14 18:01:14-08:00,12.561,64.9,220.0,199.0,America/Los_Angeles
jpl,1_1_193_819_2019-11-14 23:38:41.799000,1-1-193-819,AG-1F06,2019-11-14 15:38:42-08:00,2019-11-14 17:39:25-08:00,2019-11-14 17:40:23-08:00,12.427,52.0,130.0,141.0,America/Los_Angeles
jpl,1_1_179_796_2019-11-14 23:39:25.571704,1-1-179-796,AG-3F24,2019-11-14 15:39:26-08:00,2019-11-14 19:40:05-08:00,2019-11-14 19:28:45-08:00,11.382,11.25,30.0,188.0,America/Los_Angeles
jpl,1_1_191_805_2019-11-14 23:43:31.091636,1-1-191-805,AG-4F39,2019-11-14 15:43:31-08:00,2019-11-14 18:38:03-08:00,2019-11-14 18:02:48-08:00,13.912,40.0,100.0,485.0,America/Los_Angeles
jpl,1_1_191_786_2019-11-15 00:05:32.732310,1-1-191-786,AG-4F36,2019-11-14 16:05:33-08:00,2019-11-14 17:23:11-08:00,2019-11-14 17:24:09-08:00,7.673,24.0,40.0,342.0,America/Los_Angeles
jpl,1_1_191_778_2019-11-15 00:09:24.199355,1-1-191-778,AG-4F43,2019-11-14 16:09:36-08:00,2019-11-14 18:22:56-08:00,2019-11-14 17:54:20-08:00,10.04,20.0,50.0,203.0,America/Los_Angeles
jpl,1_1_194_821_2019-11-15 00:19:45.826028,1-1-194-821,AG-1F13,2019-11-14 16:19:46-08:00,2019-11-15 00:32:46-08:00,2019-11-14 22:25:05-08:00,37.073,56.0,160.0,284.0,America/Los_Angeles
jpl,1_1_193_825_2019-11-15 00:33:09.261090,1-1-193-825,AG-1F01,2019-11-14 16:33:09-08:00,2019-11-14 17:50:59-08:00,2019-11-14 17:51:57-08:00,2.817,20.0,50.0,90.0,America/Los_Angeles
jpl,1_1_178_817_2019-11-15 01:13:13.329733,1-1-178-817,AG-1F09,2019-11-14 17:13:13-08:00,2019-11-14 20:31:18-08:00,2019-11-14 20:23:01-08:00,9.388,20.0,50.0,155.0,America/Los_Angeles
jpl,1_1_178_823_2019-11-15 04:47:56.639694,1-1-178-823,AG-1F08,2019-11-14 20:47:57-08:00,2019-11-15 00:42:25-08:00,2019-11-14 22:44:11-08:00,5.553,8.0,20.0,157.0,America/Los_Angeles
jpl,1_1_194_821_2019-11-15 12:04:50.640356,1-1-194-821,AG-1F13,2019-11-15 04:04:51-08:00,2019-11-15 13:53:07-08:00,2019-11-15 07:12:48-08:00,9.648,16.0,40.0,169.0,America/Los_Angeles
jpl,1_1_194_826_2019-11-15 12:59:31.158206,1-1-194-826,AG-1F11,2019-11-15 04:59:31-08:00,2019-11-15 13:34:43-08:00,2019-11-15 07:21:07-08:00,6.38,8.0,20.0,60.0,America/Los_Angeles
jpl,1_1_193_825_2019-11-15 13:01:13.279488,1-1-193-825,AG-1F01,2019-11-15 05:01:13-08:00,2019-11-15 12:36:34-08:00,2019-11-15 06:58:58-08:00,5.452,12.0,30.0,60.0,America/Los_Angeles
jpl,1_1_194_822_2019-11-15 13:32:15.598672,1-1-194-822,AG-1F12,2019-11-15 05:32:16-08:00,2019-11-15 15:33:21-08:00,2019-11-15 12:56:06-08:00,16.056,16.65,50.0,548.0,America/Los_Angeles
jpl,1_1_194_818_2019-11-15 13:37:55.036573,1-1-194-818,AG-1F14,2019-11-15 05:37:55-08:00,2019-11-15 15:16:21-08:00,2019-11-15 11:24:01-08:00,12.166,24.0,60.0,560.0,America/Los_Angeles
jpl,1_1_193_819_2019-11-15 13:49:13.561307,1-1-193-819,AG-1F06,2019-11-15 05:49:14-08:00,2019-11-15 16:02:51-08:00,2019-11-15 11:44:51-08:00,10.64,12.0,20.0,586.0,America/Los_Angeles
jpl,1_1_179_797_2019-11-15 13:49:38.274191,1-1-179-797,AG-3F23,2019-11-15 05:49:38-08:00,2019-11-15 16:52:40-08:00,2019-11-15 07:55:59-08:00,5.726,32.0,80.0,494.0,America/Los_Angeles
jpl,1_1_178_823_2019-11-15 13:53:03.075601,1-1-178-823,AG-1F08,2019-11-15 05:53:24-08:00,2019-11-15 18:13:59-08:00,2019-11-15 14:56:44-08:00,26.154,69.16,190.0,720.0,America/Los_Angeles
jpl,1_1_178_817_2019-11-15 13:57:50.460920,1-1-178-817,AG-1F09,2019-11-15 05:57:50-08:00,2019-11-15 17:17:17-08:00,2019-11-15 11:47:06-08:00,27.356,46.2,120.0,473.0,America/Los_Angeles
jpl,1_1_193_820_2019-11-15 14:02:25.682911,1-1-193-820,AG-1F04,2019-11-15 06:02:26-08:00,2019-11-15 14:39:11-08:00,2019-11-15 12:12:31-08:00,13.199,16.0,40.0,383.0,America/Los_Angeles
jpl,1_1_193_829_2019-11-15 14:03:48.368090,1-1-193-829,AG-1F03,2019-11-15 06:03:48-08:00,2019-11-15 12:25:25-08:00,2019-11-15 12:05:37-08:00,26.024,40.0,100.0,720.0,America/Los_Angeles
jpl,1_1_178_824_2019-11-15 14:04:21.657041,1-1-178-824,AG-1F07,2019-11-15 06:04:22-08:00,2019-11-15 13:49:07-08:00,2019-11-15 13:40:53-08:00,20.097,20.0,40.0,61.0,America/Los_Angeles
jpl,1_1_178_828_2019-11-15 14:04:31.502918,1-1-178-828,AG-1F10,2019-11-15 06:04:31-08:00,2019-11-15 12:49:42-08:00,2019-11-15 10:15:36-08:00,13.216,20.0,50.0,193.0,America/Los_Angeles
jpl,1_1_193_816_2019-11-15 14:11:28.757448,1-1-193-816,AG-1F05,2019-11-15 06:11:29-08:00,2019-11-15 14:53:57-08:00,2019-11-15 07:21:37-08:00,2.993,8.0,20.0,60.0,America/Los_Angeles
jpl,1_1_179_799_2019-11-15 14:12:24.427057,1-1-179-799,AG-3F25,2019-11-15 06:13:05-08:00,2019-11-15 15:35:02-08:00,2019-11-15 12:08:39-08:00,19.854,27.5,100.0,560.0,America/Los_Angeles
jpl,1_1_191_802_2019-11-15 14:15:53.034236,1-1-191-802,AG-4F44,2019-11-15 06:15:53-08:00,2019-11-15 15:40:55-08:00,2019-11-15 15:41:55-08:00,44.776,55.0,220.0,552.0,America/Los_Angeles
jpl,1_1_193_827_2019-11-15 14:21:44.488346,1-1-193-827,AG-1F02,2019-11-15 06:21:55-08:00,2019-11-15 11:24:48-08:00,2019-11-15 10:42:13-08:00,9.93,63.0,180.0,383.0,America/Los_Angeles
jpl,1_1_179_787_2019-11-15 14:26:36.713857,1-1-179-787,AG-3F16,2019-11-15 06:26:37-08:00,2019-11-15 14:39:08-08:00,2019-11-15 10:02:37-08:00,8.05,16.0,40.0,483.0,America/Los_Angeles
jpl,1_1_179_813_2019-11-15 14:27:26.442316,1-1-179-813,AG-3F15,2019-11-15 06:27:26-08:00,2019-11-15 15:39:44-08:00,2019-11-15 10:54:09-08:00,17.438,40.0,100.0,497.0,America/Los_Angeles
jpl,1_1_179_815_2019-11-15 14:35:04.248350,1-1-179-815,AG-3F33,2019-11-15 06:35:04-08:00,2019-11-15 15:45:35-08:00,2019-11-15 15:22:43-08:00,33.816,33.75,90.0,535.0,America/Los_Angeles
jpl,1_1_179_777_2019-11-15 14:37:39.175314,1-1-179-777,AG-3F28,2019-11-15 06:37:50-08:00,2019-11-15 14:57:31-08:00,2019-11-15 10:33:52-08:00,12.973,12.0,20.0,531.0,America/Los_Angeles
jpl,1_1_191_804_2019-11-15 14:38:48.449091,1-1-191-804,AG-4F34,2019-11-15 06:38:48-08:00,2019-11-15 18:20:51-08:00,2019-11-15 13:17:25-08:00,28.528,45.0,180.0,484.0,America/Los_Angeles
jpl,1_1_179_810_2019-11-15 14:41:43.029015,1-1-179-810,AG-3F30,2019-11-15 06:41:43-08:00,2019-11-15 11:20:40-08:00,2019-11-15 10:21:59-08:00,13.027,20.0,50.0,280.0,America/Los_Angeles
jpl,1_1_191_808_2019-11-15 14:45:37.345908,1-1-191-808,AG-4F35,2019-11-15 06:45:37-08:00,2019-11-15 16:30:37-08:00,2019-11-15 11:16:47-08:00,11.38,16.0,40.0,60.0,America/Los_Angeles
jpl,1_1_179_798_2019-11-15 14:51:58.143795,1-1-179-798,AG-3F18,2019-11-15 06:51:58-08:00,2019-11-15 08:53:29-08:00,2019-11-15 08:54:27-08:00,5.704,12.0,30.0,137.0,America/Los_Angeles
jpl,1_1_179_791_2019-11-15 14:55:53.451277,1-1-179-791,AG-3F26,2019-11-15 06:55:53-08:00,2019-11-15 16:46:08-08:00,2019-11-15 12:12:42-08:00,11.783,16.0,40.0,475.0,America/Los_Angeles
jpl,1_1_179_781_2019-11-15 14:58:37.542187,1-1-179-781,AG-3F31,2019-11-15 06:58:38-08:00,2019-11-15 12:36:17-08:00,2019-11-15 12:37:15-08:00,34.06,102.74,220.0,627.0,America/Los_Angeles
jpl,1_1_191_785_2019-11-15 15:01:39.405993,1-1-191-785,AG-4F48,2019-11-15 07:01:39-08:00,2019-11-15 16:17:45-08:00,2019-11-15 11:18:58-08:00,7.753,12.0,30.0,618.0,America/Los_Angeles
jpl,1_1_179_801_2019-11-15 15:02:21.541562,1-1-179-801,AG-3F21,2019-11-15 07:02:22-08:00,2019-11-15 15:20:32-08:00,2019-11-15 15:21:30-08:00,50.675,56.0,160.0,711.0,America/Los_Angeles
jpl,1_1_179_794_2019-11-15 15:04:45.307204,1-1-179-794,AG-3F20,2019-11-15 07:04:45-08:00,2019-11-15 17:02:10-08:00,2019-11-15 12:01:17-08:00,13.615,24.0,60.0,416.0,America/Los_Angeles
jpl,1_1_179_779_2019-11-15 15:05:51.724774,1-1-179-779,AG-3F17,2019-11-15 07:05:52-08:00,2019-11-15 15:45:15-08:00,2019-11-15 12:35:37-08:00,11.128,30.0,50.0,536.0,America/Los_Angeles
jpl,1_1_179_783_2019-11-15 15:06:54.892850,1-1-179-783,AG-3F29,2019-11-15 07:06:55-08:00,2019-11-15 18:57:57-08:00,2019-11-15 08:47:39-08:00,4.387,8.0,20.0,60.0,America/Los_Angeles
jpl,1_1_179_809_2019-11-15 15:07:31.815021,1-1-179-809,AG-3F27,2019-11-15 07:07:32-08:00,2019-11-15 16:41:45-08:00,2019-11-15 16:30:46-08:00,36.06,36.0,90.0,684.0,America/Los_Angeles
jpl,1_1_179_796_2019-11-15 15:08:39.636546,1-1-179-796,AG-3F24,2019-11-15 07:08:50-08:00,2019-11-15 15:03:49-08:00,2019-11-15 11:14:27-08:00,11.342,15.0,60.0,478.0,America/Los_Angeles
jpl,1_1_179_790_2019-11-15 15:13:07.639744,1-1-179-790,AG-3F19,2019-11-15 07:13:08-08:00,2019-11-15 15:56:31-08:00,2019-11-15 15:57:29-08:00,51.748,54.74,140.0,523.0,America/Los_Angeles
jpl,1_1_179_788_2019-11-15 15:13:44.228922,1-1-179-788,AG-3F22,2019-11-15 07:13:53-08:00,2019-11-15 14:06:21-08:00,2019-11-15 12:47:47-08:00,15.95,19.98,60.0,530.0,America/Los_Angeles
jpl,1_1_191_786_2019-11-15 15:16:42.328938,1-1-191-786,AG-4F36,2019-11-15 07:16:42-08:00,2019-11-15 16:47:18-08:00,2019-11-15 13:05:18-08:00,12.567,24.0,60.0,550.0,America/Los_Angeles
jpl,1_1_191_803_2019-11-15 15:18:53.775039,1-1-191-803,AG-4F49,2019-11-15 07:18:54-08:00,2019-11-15 18:16:51-08:00,2019-11-15 08:46:41-08:00,3.486,10.0,20.0,570.0,America/Los_Angeles
jpl,1_1_191_795_2019-11-15 15:19:50.631842,1-1-191-795,AG-4F51,2019-11-15 07:19:51-08:00,2019-11-15 16:03:14-08:00,2019-11-15 13:54:02-08:00,34.849,45.0,150.0,491.0,America/Los_Angeles
jpl,1_1_191_789_2019-11-15 15:20:04.198339,1-1-191-789,AG-4F52,2019-11-15 07:20:04-08:00,2019-11-15 11:17:15-08:00,2019-11-15 11:18:12-08:00,11.261,36.0,90.0,506.0,America/Los_Angeles
jpl,1_1_191_778_2019-11-15 15:21:16.568944,1-1-191-778,AG-4F43,2019-11-15 07:21:17-08:00,2019-11-15 14:06:51-08:00,2019-11-15 13:41:17-08:00,21.262,36.0,90.0,537.0,America/Los_Angeles
jpl,1_1_191_780_2019-11-15 15:22:49.178458,1-1-191-780,AG-4F45,2019-11-15 07:22:49-08:00,2019-11-15 16:39:50-08:00,2019-11-15 11:40:04-08:00,8.03,20.0,50.0,461.0,America/Los_Angeles
jpl,1_1_191_792_2019-11-15 15:23:49.166292,1-1-191-792,AG-4F37,2019-11-15 07:23:57-08:00,2019-11-15 17:25:51-08:00,2019-11-15 12:23:19-08:00,11.043,8.0,20.0,249.0,America/Los_Angeles
jpl,1_1_191_806_2019-11-15 15:23:56.704625,1-1-191-806,AG-4F41,2019-11-15 07:23:57-08:00,2019-11-15 15:59:10-08:00,2019-11-15 13:23:50-08:00,20.668,24.0,60.0,620.0,America/Los_Angeles
jpl,1_1_191_805_2019-11-15 15:24:48.768134,1-1-191-805,AG-4F39,2019-11-15 07:24:49-08:00,2019-11-15 16:11:25-08:00,2019-11-15 10:42:25-08:00,5.319,6.66,20.0,493.0,America/Los_Angeles
jpl,1_1_191_782_2019-11-15 15:24:54.714481,1-1-191-782,AG-4F50,2019-11-15 07:24:55-08:00,2019-11-15 12:17:32-08:00,2019-11-15 12:18:29-08:00,13.207,20.0,80.0,222.0,America/Los_Angeles
jpl,1_1_191_807_2019-11-15 15:28:22.914316,1-1-191-807,AG-4F47,2019-11-15 07:28:23-08:00,2019-11-15 16:00:04-08:00,2019-11-15 15:22:45-08:00,22.562,22.5,90.0,468.0,America/Los_Angeles
jpl,1_1_191_784_2019-11-15 15:29:42.703418,1-1-191-784,AG-4F40,2019-11-15 07:29:43-08:00,2019-11-15 17:06:46-08:00,2019-11-15 12:43:22-08:00,16.43,20.0,50.0,519.0,America/Los_Angeles
jpl,1_1_191_811_2019-11-15 15:30:19.654014,1-1-191-811,AG-4F42,2019-11-15 07:30:20-08:00,2019-11-15 17:08:57-08:00,2019-11-15 15:09:52-08:00,44.934,75.05,158.0,720.0,America/Los_Angeles
jpl,1_1_191_812_2019-11-15 15:30:31.975442,1-1-191-812,AG-4F46,2019-11-15 07:30:32-08:00,2019-11-15 21:33:45-08:00,2019-11-15 12:59:46-08:00,25.573,25.0,100.0,539.0,America/Los_Angeles
jpl,1_1_191_793_2019-11-15 15:31:35.959626,1-1-191-793,AG-4F38,2019-11-15 07:31:36-08:00,2019-11-15 16:28:23-08:00,2019-11-15 11:26:58-08:00,7.245,8.0,20.0,599.0,America/Los_Angeles
jpl,1_1_179_798_2019-11-15 17:06:34.261169,1-1-179-798,AG-3F18,2019-11-15 09:06:34-08:00,2019-11-15 11:04:50-08:00,2019-11-15 11:05:48-08:00,4.647,16.0,40.0,115.0,America/Los_Angeles
jpl,1_1_179_798_2019-11-15 19:11:31.890606,1-1-179-798,AG-3F18,2019-11-15 11:11:32-08:00,2019-11-15 15:39:58-08:00,2019-11-15 15:39:57-08:00,24.912,53.28,160.0,60.0,America/Los_Angeles
jpl,1_1_191_789_2019-11-15 19:49:13.421381,1-1-191-789,AG-4F52,2019-11-15 11:49:13-08:00,2019-11-15 17:05:44-08:00,2019-11-15 13:54:27-08:00,11.55,32.0,80.0,304.0,America/Los_Angeles
jpl,1_1_179_810_2019-11-15 19:52:06.369294,1-1-179-810,AG-3F30,2019-11-15 11:52:06-08:00,2019-11-15 16:21:39-08:00,2019-11-15 15:14:46-08:00,10.638,16.0,40.0,60.0,America/Los_Angeles
jpl,1_1_193_827_2019-11-15 19:52:06.977380,1-1-193-827,AG-1F02,2019-11-15 11:52:07-08:00,2019-11-15 12:54:31-08:00,2019-11-15 12:55:29-08:00,6.3,42.0,210.0,316.0,America/Los_Angeles
jpl,1_1_191_782_2019-11-15 20:24:44.121786,1-1-191-782,AG-4F50,2019-11-15 12:24:44-08:00,2019-11-15 16:26:22-08:00,2019-11-15 15:12:55-08:00,17.309,27.0,60.0,414.0,America/Los_Angeles
jpl,1_1_193_829_2019-11-15 20:34:19.632731,1-1-193-829,AG-1F03,2019-11-15 12:34:20-08:00,2019-11-15 16:24:08-08:00,2019-11-15 13:27:03-08:00,2.232,12.0,30.0,262.0,America/Los_Angeles
jpl,1_1_193_825_2019-11-15 20:40:38.659300,1-1-193-825,AG-1F01,2019-11-15 12:40:39-08:00,2019-11-15 17:06:15-08:00,2019-11-15 17:04:43-08:00,12.38,16.0,40.0,218.0,America/Los_Angeles
jpl,1_1_178_828_2019-11-15 20:54:29.506505,1-1-178-828,AG-1F10,2019-11-15 12:54:29-08:00,2019-11-15 14:34:11-08:00,2019-11-15 14:35:10-08:00,4.204,63.0,180.0,600.0,America/Los_Angeles
jpl,1_1_193_827_2019-11-15 20:56:25.075093,1-1-193-827,AG-1F02,2019-11-15 12:56:25-08:00,2019-11-15 16:23:22-08:00,2019-11-15 16:24:20-08:00,19.065,20.0,80.0,202.0,America/Los_Angeles
jpl,1_1_179_781_2019-11-15 20:57:53.268292,1-1-179-781,AG-3F31,2019-11-15 12:57:53-08:00,2019-11-15 16:03:37-08:00,2019-11-15 16:04:36-08:00,19.058,20.0,80.0,199.0,America/Los_Angeles
jpl,1_1_194_826_2019-11-15 21:37:39.409848,1-1-194-826,AG-1F11,2019-11-15 13:37:39-08:00,2019-11-15 16:12:24-08:00,2019-11-15 16:13:22-08:00,7.819,19.98,60.0,61.0,America/Los_Angeles
jpl,1_1_178_824_2019-11-15 21:55:00.098749,1-1-178-824,AG-1F07,2019-11-15 13:55:00-08:00,2019-11-15 17:54:40-08:00,2019-11-15 17:55:38-08:00,24.389,56.0,160.0,584.0,America/Los_Angeles
jpl,1_1_194_821_2019-11-15 22:08:37.622079,1-1-194-821,AG-1F13,2019-11-15 14:08:38-08:00,2019-11-15 15:55:41-08:00,2019-11-15 15:45:41-08:00,8.619,98.07,210.0,627.0,America/Los_Angeles
jpl,1_1_191_778_2019-11-15 22:23:12.686178,1-1-191-778,AG-4F43,2019-11-15 14:23:13-08:00,2019-11-15 20:06:18-08:00,2019-11-15 19:15:11-08:00,15.059,15.0,40.0,225.0,America/Los_Angeles
jpl,1_1_179_788_2019-11-15 22:27:37.385888,1-1-179-788,AG-3F22,2019-11-15 14:27:45-08:00,2019-11-15 16:56:39-08:00,2019-11-15 16:50:16-08:00,13.998,20.0,50.0,203.0,America/Los_Angeles
jpl,1_1_179_787_2019-11-15 22:57:43.124468,1-1-179-787,AG-3F16,2019-11-15 14:57:43-08:00,2019-11-15 18:05:30-08:00,2019-11-15 17:01:26-08:00,11.878,17.16,60.0,543.0,America/Los_Angeles
jpl,1_1_179_801_2019-11-15 23:25:23.604747,1-1-179-801,AG-3F21,2019-11-15 15:25:24-08:00,2019-11-15 17:11:00-08:00,2019-11-15 17:11:58-08:00,10.907,21.36,80.0,147.0,America/Los_Angeles
jpl,1_1_179_777_2019-11-15 23:27:52.784481,1-1-179-777,AG-3F28,2019-11-15 15:27:59-08:00,2019-11-15 16:24:16-08:00,2019-11-15 16:25:15-08:00,5.934,24.0,60.0,233.0,America/Los_Angeles
jpl,1_1_193_820_2019-11-15 23:37:12.265575,1-1-193-820,AG-1F04,2019-11-15 15:37:12-08:00,2019-11-15 19:27:43-08:00,2019-11-15 19:07:24-08:00,10.338,16.0,40.0,457.0,America/Los_Angeles
jpl,1_1_178_828_2019-11-15 23:56:33.090055,1-1-178-828,AG-1F10,2019-11-15 15:56:33-08:00,2019-11-15 17:24:22-08:00,2019-11-15 17:25:21-08:00,8.175,12.0,30.0,138.0,America/Los_Angeles
jpl,1_1_194_818_2019-11-16 00:21:49.406027,1-1-194-818,AG-1F14,2019-11-15 16:21:49-08:00,2019-11-15 17:50:41-08:00,2019-11-15 17:51:39-08:00,7.461,28.0,70.0,99.0,America/Los_Angeles
jpl,1_1_194_821_2019-11-16 00:48:09.674917,1-1-194-821,AG-1F13,2019-11-15 16:48:10-08:00,2019-11-15 20:37:31-08:00,2019-11-15 20:38:28-08:00,23.803,27.5,110.0,217.0,America/Los_Angeles
jpl,1_1_178_828_2019-11-16 01:26:39.740641,1-1-178-828,AG-1F10,2019-11-15 17:26:40-08:00,2019-11-15 19:03:36-08:00,2019-11-15 18:56:34-08:00,4.517,8.0,20.0,60.0,America/Los_Angeles
jpl,1_1_178_823_2019-11-16 02:43:44.307490,1-1-178-823,AG-1F08,2019-11-15 18:43:44-08:00,2019-11-15 20:45:54-08:00,2019-11-15 20:46:52-08:00,5.058,69.16,190.0,720.0,America/Los_Angeles
jpl,1_1_193_819_2019-11-16 02:56:14.512852,1-1-193-819,AG-1F06,2019-11-15 18:56:15-08:00,2019-11-15 21:17:27-08:00,2019-11-15 19:30:11-08:00,1.672,4.0,20.0,60.0,America/Los_Angeles
jpl,1_1_178_823_2019-11-16 13:39:55.468565,1-1-178-823,AG-1F08,2019-11-16 05:39:55-08:00,2019-11-16 12:05:04-08:00,2019-11-16 09:36:52-08:00,11.6,12.0,20.0,390.0,America/Los_Angeles
jpl,1_1_194_826_2019-11-16 15:31:37.297606,1-1-194-826,AG-1F11,2019-11-16 07:31:37-08:00,2019-11-16 16:03:59-08:00,2019-11-16 13:02:26-08:00,30.528,46.2,120.0,473.0,America/Los_Angeles
jpl,1_1_179_787_2019-11-16 16:16:52.706328,1-1-179-787,AG-3F16,2019-11-16 08:16:53-08:00,2019-11-16 19:13:28-08:00,2019-11-16 18:26:45-08:00,40.082,45.0,180.0,484.0,America/Los_Angeles
jpl,1_1_193_827_2019-11-16 22:26:03.402722,1-1-193-827,AG-1F02,2019-11-16 14:26:03-08:00,2019-11-16 21:23:46-08:00,2019-11-16 21:06:52-08:00,40.326,64.9,220.0,295.0,America/Los_Angeles
jpl,1_1_193_819_2019-11-17 03:09:33.763400,1-1-193-819,AG-1F06,2019-11-16 19:09:34-08:00,2019-11-16 23:03:50-08:00,2019-11-16 21:50:00-08:00,15.34,35.0,100.0,413.0,America/Los_Angeles
jpl,1_1_194_822_2019-11-17 04:54:30.691806,1-1-194-822,AG-1F12,2019-11-16 20:54:31-08:00,2019-11-17 01:03:30-08:00,2019-11-17 01:04:28-08:00,26.394,40.0,160.0,444.0,America/Los_Angeles
jpl,1_1_193_829_2019-11-17 15:57:08.231164,1-1-193-829,AG-1F03,2019-11-17 07:57:08-08:00,2019-11-17 13:08:27-08:00,2019-11-17 13:09:25-08:00,31.439,50.0,200.0,491.0,America/Los_Angeles
jpl,1_1_194_826_2019-11-17 16:39:08.160838,1-1-194-826,AG-1F11,2019-11-17 08:39:08-08:00,2019-11-17 18:02:00-08:00,2019-11-17 11:53:59-08:00,20.198,75.0,300.0,720.0,America/Los_Angeles
jpl,1_1_194_822_2019-11-17 17:23:26.559905,1-1-194-822,AG-1F12,2019-11-17 09:23:27-08:00,2019-11-17 13:30:08-08:00,2019-11-17 12:00:47-08:00,14.84,24.0,60.0,157.0,America/Los_Angeles
jpl,1_1_178_828_2019-11-17 18:31:57.917345,1-1-178-828,AG-1F10,2019-11-17 10:31:58-08:00,2019-11-17 11:28:43-08:00,2019-11-17 11:04:00-08:00,0.751993611111111,20.0,50.0,291.0,America/Los_Angeles
jpl,1_1_179_787_2019-11-17 19:34:56.924491,1-1-179-787,AG-3F16,2019-11-17 11:35:05-08:00,2019-11-17 14:01:29-08:00,2019-11-17 13:36:15-08:00,11.836,8.0,20.0,60.0,America/Los_Angeles
jpl,1_1_194_821_2019-11-17 23:41:37.268273,1-1-194-821,AG-1F13,2019-11-17 15:41:37-08:00,2019-11-17 20:01:42-08:00,2019-11-17 17:25:22-08:00,9.706,35.0,100.0,60.0,America/Los_Angeles
jpl,1_1_178_823_2019-11-18 00:20:24.514918,1-1-178-823,AG-1F08,2019-11-17 16:20:25-08:00,2019-11-17 21:59:26-08:00,2019-11-17 17:10:54-08:00,4.644,30.0,80.0,521.0,America/Los_Angeles
jpl,1_1_193_825_2019-11-18 02:35:29.155631,1-1-193-825,AG-1F01,2019-11-17 18:35:29-08:00,2019-11-17 23:03:12-08:00,2019-11-17 22:40:11-08:00,25.823,40.0,160.0,444.0,America/Los_Angeles
jpl,1_1_194_821_2019-11-18 11:57:56.232152,1-1-194-821,AG-1F13,2019-11-18 03:57:56-08:00,2019-11-18 13:28:49-08:00,2019-11-18 06:54:51-08:00,9.453,16.0,40.0,169.0,America/Los_Angeles
jpl,1_1_178_817_2019-11-18 12:47:59.941405,1-1-178-817,AG-1F09,2019-11-18 04:48:00-08:00,2019-11-18 15:05:58-08:00,2019-11-18 14:22:20-08:00,30.22,42.35,110.0,473.0,America/Los_Angeles
jpl,1_1_194_826_2019-11-18 13:03:15.015426,1-1-194-826,AG-1F11,2019-11-18 05:03:15-08:00,2019-11-18 14:35:15-08:00,2019-11-18 07:22:55-08:00,6.198,8.0,20.0,60.0,America/Los_Angeles
jpl,1_1_191_789_2019-11-18 13:44:07.413756,1-1-191-789,AG-4F52,2019-11-18 05:44:07-08:00,2019-11-18 15:51:31-08:00,2019-11-18 07:46:08-08:00,5.658,8.0,20.0,60.0,America/Los_Angeles
jpl,1_1_178_823_2019-11-18 13:46:28.570384,1-1-178-823,AG-1F08,2019-11-18 05:46:29-08:00,2019-11-18 15:35:25-08:00,2019-11-18 10:09:53-08:00,10.031,12.0,20.0,589.0,America/Los_Angeles
jpl,1_1_194_822_2019-11-18 13:47:25.744067,1-1-194-822,AG-1F12,2019-11-18 05:47:26-08:00,2019-11-18 15:39:04-08:00,2019-11-18 12:03:52-08:00,16.192,16.65,50.0,548.0,America/Los_Angeles
jpl,1_1_179_799_2019-11-18 13:51:06.587943,1-1-179-799,AG-3F25,2019-11-18 05:51:45-08:00,2019-11-18 15:07:12-08:00,2019-11-18 08:24:22-08:00,9.7,13.75,50.0,553.0,America/Los_Angeles
jpl,1_1_194_818_2019-11-18 13:54:22.585791,1-1-194-818,AG-1F14,2019-11-18 05:54:23-08:00,2019-11-18 15:32:17-08:00,2019-11-18 14:21:00-08:00,1.029,0.0,0.0,0.0,America/Los_Angeles
jpl,1_1_179_815_2019-11-18 13:56:19.087830,1-1-179-815,AG-3F33,2019-11-18 05:56:19-08:00,2019-11-18 17:08:44-08:00,2019-11-18 17:05:45-08:00,1.278,0.0,0.0,0.0,America/Los_Angeles
jpl,1_1_193_829_2019-11-18 14:01:24.221904,1-1-193-829,AG-1F03,2019-11-18 06:01:24-08:00,2019-11-18 16:31:15-08:00,2019-11-18 08:16:13-08:00,6.615,8.0,20.0,60.0,America/Los_Angeles
jpl,1_1_193_819_2019-11-18 14:04:49.409187,1-1-193-819,AG-1F06,2019-11-18 06:04:49-08:00,2019-11-18 15:07:00-08:00,2019-11-18 11:15:59-08:00,12.857,16.0,40.0,383.0,America/Los_Angeles
jpl,1_1_179_800_2019-11-18 14:07:25.395525,1-1-179-800,AG-3F32,2019-11-18 06:07:25-08:00,2019-11-18 16:51:20-08:00,2019-11-18 13:25:21-08:00,31.681,35.0,140.0,552.0,America/Los_Angeles
jpl,1_1_179_810_2019-11-18 14:09:25.652173,1-1-179-810,AG-3F30,2019-11-18 06:09:26-08:00,2019-11-18 07:29:14-08:00,2019-11-18 07:30:11-08:00,8.317,36.0,90.0,537.0,America/Los_Angeles
jpl,1_1_179_809_2019-11-18 14:19:33.874244,1-1-179-809,AG-3F27,2019-11-18 06:19:34-08:00,2019-11-18 14:42:36-08:00,2019-11-18 10:41:40-08:00,26.563,40.0,100.0,720.0,America/Los_Angeles
jpl,1_1_193_827_2019-11-18 14:20:52.018313,1-1-193-827,AG-1F02,2019-11-18 06:20:57-08:00,2019-11-18 10:52:31-08:00,2019-11-18 08:41:09-08:00,11.45,63.0,180.0,600.0,America/Los_Angeles
jpl,1_1_193_820_2019-11-18 14:26:35.032861,1-1-193-820,AG-1F04,2019-11-18 06:26:35-08:00,2019-11-18 15:38:56-08:00,2019-11-18 10:45:52-08:00,8.12,16.0,40.0,483.0,America/Los_Angeles
jpl,1_1_179_783_2019-11-18 14:28:13.538096,1-1-179-783,AG-3F29,2019-11-18 06:28:14-08:00,2019-11-18 14:34:01-08:00,2019-11-18 08:35:41-08:00,5.413,12.0,30.0,60.0,America/Los_Angeles
jpl,1_1_178_824_2019-11-18 14:28:13.944805,1-1-178-824,AG-1F07,2019-11-18 06:28:25-08:00,2019-11-18 11:38:52-08:00,2019-11-18 10:03:25-08:00,13.368,20.0,50.0,193.0,America/Los_Angeles
jpl,1_1_191_804_2019-11-18 14:30:39.502250,1-1-191-804,AG-4F34,2019-11-18 06:30:39-08:00,2019-11-18 18:29:03-08:00,2019-11-18 11:24:21-08:00,24.464,45.0,180.0,484.0,America/Los_Angeles
jpl,1_1_179_790_2019-11-18 14:32:20.492915,1-1-179-790,AG-3F19,2019-11-18 06:32:20-08:00,2019-11-18 15:21:31-08:00,2019-11-18 15:16:42-08:00,41.618,80.0,200.0,460.0,America/Los_Angeles
jpl,1_1_179_796_2019-11-18 14:32:30.032767,1-1-179-796,AG-3F24,2019-11-18 06:32:30-08:00,2019-11-18 15:42:02-08:00,2019-11-18 10:08:22-08:00,22.489,69.16,190.0,720.0,America/Los_Angeles
jpl,1_1_193_825_2019-11-18 14:33:05.189952,1-1-193-825,AG-1F01,2019-11-18 06:33:05-08:00,2019-11-18 16:43:26-08:00,2019-11-18 09:52:20-08:00,13.581,40.0,100.0,530.0,America/Los_Angeles
jpl,1_1_179_797_2019-11-18 14:33:49.202741,1-1-179-797,AG-3F23,2019-11-18 06:33:49-08:00,2019-11-18 15:53:20-08:00,2019-11-18 11:27:27-08:00,17.04,28.0,70.0,526.0,America/Los_Angeles
jpl,1_1_178_828_2019-11-18 14:37:05.932139,1-1-178-828,AG-1F10,2019-11-18 06:37:06-08:00,2019-11-18 16:37:08-08:00,2019-11-18 16:29:15-08:00,20.161,20.0,40.0,61.0,America/Los_Angeles
jpl,1_1_179_781_2019-11-18 14:38:35.134702,1-1-179-781,AG-3F31,2019-11-18 06:38:46-08:00,2019-11-18 16:18:43-08:00,2019-11-18 09:47:30-08:00,12.812,30.0,50.0,603.0,America/Los_Angeles
jpl,1_1_193_816_2019-11-18 14:47:31.551110,1-1-193-816,AG-1F05,2019-11-18 06:47:32-08:00,2019-11-18 18:06:03-08:00,2019-11-18 17:14:37-08:00,8.155,8.0,20.0,60.0,America/Los_Angeles
jpl,1_1_191_785_2019-11-18 14:50:44.477414,1-1-191-785,AG-4F48,2019-11-18 06:50:44-08:00,2019-11-18 16:52:25-08:00,2019-11-18 09:55:01-08:00,7.383,12.0,30.0,618.0,America/Los_Angeles
jpl,1_1_179_777_2019-11-18 14:54:08.964280,1-1-179-777,AG-3F28,2019-11-18 06:54:09-08:00,2019-11-18 16:20:37-08:00,2019-11-18 12:20:33-08:00,32.358,126.0,210.0,546.0,America/Los_Angeles
jpl,1_1_179_794_2019-11-18 14:55:44.449359,1-1-179-794,AG-3F20,2019-11-18 06:55:44-08:00,2019-11-18 17:38:50-08:00,2019-11-18 12:28:24-08:00,17.059,30.0,50.0,536.0,America/Los_Angeles
jpl,1_1_179_779_2019-11-18 14:55:52.761248,1-1-179-779,AG-3F17,2019-11-18 06:55:53-08:00,2019-11-18 17:20:37-08:00,2019-11-18 11:29:36-08:00,26.451,40.0,100.0,597.0,America/Los_Angeles
jpl,1_1_179_801_2019-11-18 14:59:00.986859,1-1-179-801,AG-3F21,2019-11-18 06:59:01-08:00,2019-11-18 16:21:41-08:00,2019-11-18 13:37:36-08:00,40.564,49.0,140.0,545.0,America/Los_Angeles
jpl,1_1_179_787_2019-11-18 15:01:47.063158,1-1-179-787,AG-3F16,2019-11-18 07:02:00-08:00,2019-11-18 15:06:19-08:00,2019-11-18 13:49:15-08:00,14.373,15.0,60.0,478.0,America/Los_Angeles
jpl,1_1_191_807_2019-11-18 15:02:04.411084,1-1-191-807,AG-4F47,2019-11-18 07:02:04-08:00,2019-11-18 16:21:12-08:00,2019-11-18 14:22:29-08:00,16.023,8.0,20.0,488.0,America/Los_Angeles
jpl,1_1_191_778_2019-11-18 15:02:30.352356,1-1-191-778,AG-4F43,2019-11-18 07:02:30-08:00,2019-11-18 16:40:48-08:00,2019-11-18 15:40:10-08:00,40.018,40.0,100.0,552.0,America/Los_Angeles
jpl,1_1_179_813_2019-11-18 15:04:32.091725,1-1-179-813,AG-3F15,2019-11-18 07:04:32-08:00,2019-11-18 17:19:37-08:00,2019-11-18 12:42:26-08:00,12.307,16.0,40.0,540.0,America/Los_Angeles
jpl,1_1_179_791_2019-11-18 15:05:58.892029,1-1-179-791,AG-3F26,2019-11-18 07:05:59-08:00,2019-11-18 11:22:51-08:00,2019-11-18 11:23:49-08:00,23.573,36.0,90.0,684.0,America/Los_Angeles
jpl,1_1_179_788_2019-11-18 15:07:56.112536,1-1-179-788,AG-3F22,2019-11-18 07:07:56-08:00,2019-11-18 16:18:31-08:00,2019-11-18 12:38:29-08:00,13.92,16.0,40.0,482.0,America/Los_Angeles
jpl,1_1_191_808_2019-11-18 15:07:52.660915,1-1-191-808,AG-4F35,2019-11-18 07:08:04-08:00,2019-11-18 16:43:20-08:00,2019-11-18 16:40:29-08:00,15.667,19.98,60.0,530.0,America/Los_Angeles
jpl,1_1_191_786_2019-11-18 15:11:13.877382,1-1-191-786,AG-4F36,2019-11-18 07:11:21-08:00,2019-11-18 15:52:58-08:00,2019-11-18 12:00:23-08:00,10.938,8.0,20.0,249.0,America/Los_Angeles
jpl,1_1_191_792_2019-11-18 15:11:37.711100,1-1-191-792,AG-4F37,2019-11-18 07:11:38-08:00,2019-11-18 18:07:46-08:00,2019-11-18 09:36:14-08:00,6.78,12.0,30.0,593.0,America/Los_Angeles
jpl,1_1_191_805_2019-11-18 15:12:22.541554,1-1-191-805,AG-4F39,2019-11-18 07:12:23-08:00,2019-11-18 12:06:01-08:00,2019-11-18 11:10:26-08:00,1.109,0.0,0.0,0.0,America/Los_Angeles
jpl,1_1_191_802_2019-11-18 15:20:06.939649,1-1-191-802,AG-4F44,2019-11-18 07:20:07-08:00,2019-11-18 14:52:32-08:00,2019-11-18 14:20:58-08:00,1.119,0.0,0.0,0.0,America/Los_Angeles
jpl,1_1_191_795_2019-11-18 15:20:13.171238,1-1-191-795,AG-4F51,2019-11-18 07:20:20-08:00,2019-11-18 17:04:05-08:00,2019-11-18 12:38:00-08:00,6.522,10.0,20.0,542.0,America/Los_Angeles
jpl,1_1_179_798_2019-11-18 15:24:21.933054,1-1-179-798,AG-3F18,2019-11-18 07:24:22-08:00,2019-11-18 16:12:37-08:00,2019-11-18 10:59:46-08:00,13.425,24.0,60.0,416.0,America/Los_Angeles
jpl,1_1_191_803_2019-11-18 15:24:46.643082,1-1-191-803,AG-4F49,2019-11-18 07:24:47-08:00,2019-11-18 17:33:54-08:00,2019-11-18 10:31:38-08:00,17.16,25.0,100.0,491.0,America/Los_Angeles
jpl,1_1_191_806_2019-11-18 15:25:12.863160,1-1-191-806,AG-4F41,2019-11-18 07:25:13-08:00,2019-11-18 16:42:21-08:00,2019-11-18 12:53:35-08:00,13.749,30.0,50.0,375.0,America/Los_Angeles
jpl,1_1_191_782_2019-11-18 15:25:33.169920,1-1-191-782,AG-4F50,2019-11-18 07:25:33-08:00,2019-11-18 14:59:56-08:00,2019-11-18 10:13:17-08:00,10.426,14.0,70.0,604.0,America/Los_Angeles
jpl,1_1_191_811_2019-11-18 15:30:00.135429,1-1-191-811,AG-4F42,2019-11-18 07:30:00-08:00,2019-11-18 17:54:44-08:00,2019-11-18 17:30:01-08:00,13.859,32.0,80.0,469.0,America/Los_Angeles
jpl,1_1_191_793_2019-11-18 15:30:59.819080,1-1-191-793,AG-4F38,2019-11-18 07:31:00-08:00,2019-11-18 17:46:01-08:00,2019-11-18 10:12:52-08:00,6.179,9.99,30.0,104.0,America/Los_Angeles
jpl,1_1_191_780_2019-11-18 15:31:55.741779,1-1-191-780,AG-4F45,2019-11-18 07:31:56-08:00,2019-11-18 16:14:44-08:00,2019-11-18 16:14:34-08:00,9.871,20.0,50.0,461.0,America/Los_Angeles
jpl,1_1_179_810_2019-11-18 15:36:11.234048,1-1-179-810,AG-3F30,2019-11-18 07:36:11-08:00,2019-11-18 17:48:26-08:00,2019-11-18 14:32:30-08:00,31.863,4.58,20.0,434.0,America/Los_Angeles
jpl,1_1_191_784_2019-11-18 15:36:19.973995,1-1-191-784,AG-4F40,2019-11-18 07:36:20-08:00,2019-11-18 16:41:59-08:00,2019-11-18 10:01:24-08:00,7.88,20.0,50.0,273.0,America/Los_Angeles
jpl,1_1_191_812_2019-11-18 18:10:07.248368,1-1-191-812,AG-4F46,2019-11-18 10:10:07-08:00,2019-11-18 17:39:02-08:00,2019-11-18 12:17:15-08:00,12.228,16.0,40.0,374.0,America/Los_Angeles
jpl,1_1_193_827_2019-11-18 19:08:36.884365,1-1-193-827,AG-1F02,2019-11-18 11:08:37-08:00,2019-11-18 18:40:01-08:00,2019-11-18 18:38:33-08:00,36.876,46.0,230.0,316.0,America/Los_Angeles
jpl,1_1_179_791_2019-11-18 19:35:15.896610,1-1-179-791,AG-3F26,2019-11-18 11:35:16-08:00,2019-11-18 17:21:47-08:00,2019-11-18 13:57:54-08:00,13.95,16.0,40.0,172.0,America/Los_Angeles
jpl,1_1_178_824_2019-11-18 19:45:30.375513,1-1-178-824,AG-1F07,2019-11-18 11:45:30-08:00,2019-11-18 18:16:02-08:00,2019-11-18 17:14:36-08:00,21.17,27.5,110.0,314.0,America/Los_Angeles
jpl,1_1_191_805_2019-11-18 20:06:09.312792,1-1-191-805,AG-4F39,2019-11-18 12:06:09-08:00,2019-11-18 17:03:29-08:00,2019-11-18 17:01:49-08:00,8.104,8.0,20.0,60.0,America/Los_Angeles
jpl,1_1_194_821_2019-11-18 21:43:51.554560,1-1-194-821,AG-1F13,2019-11-18 13:43:52-08:00,2019-11-18 20:43:01-08:00,2019-11-18 19:54:59-08:00,27.481,27.5,110.0,261.0,America/Los_Angeles
jpl,1_1_179_783_2019-11-18 22:39:22.445673,1-1-179-783,AG-3F29,2019-11-18 14:39:22-08:00,2019-11-18 18:29:42-08:00,2019-11-18 18:06:26-08:00,20.012,19.98,60.0,181.0,America/Los_Angeles
jpl,1_1_179_809_2019-11-18 22:48:26.759792,1-1-179-809,AG-3F27,2019-11-18 14:48:27-08:00,2019-11-18 17:47:21-08:00,2019-11-18 17:48:19-08:00,18.776,68.0,170.0,454.0,America/Los_Angeles
jpl,1_1_194_826_2019-11-18 22:52:07.400186,1-1-194-826,AG-1F11,2019-11-18 14:52:07-08:00,2019-11-18 16:46:48-08:00,2019-11-18 16:47:46-08:00,8.511,21.36,80.0,147.0,America/Los_Angeles
jpl,1_1_191_802_2019-11-18 22:54:32.859360,1-1-191-802,AG-4F44,2019-11-18 14:54:33-08:00,2019-11-18 16:59:52-08:00,2019-11-18 17:00:49-08:00,12.12,20.44,70.0,202.0,America/Los_Angeles
jpl,1_1_191_782_2019-11-18 23:07:14.272507,1-1-191-782,AG-4F50,2019-11-18 15:07:14-08:00,2019-11-18 17:19:09-08:00,2019-11-18 16:48:16-08:00,9.616,24.0,40.0,342.0,America/Los_Angeles
jpl,1_1_178_817_2019-11-18 23:10:59.992996,1-1-178-817,AG-1F09,2019-11-18 15:11:10-08:00,2019-11-18 17:29:02-08:00,2019-11-18 17:30:02-08:00,13.309,15.0,50.0,142.0,America/Los_Angeles
jpl,1_1_193_819_2019-11-18 23:12:19.244094,1-1-193-819,AG-1F06,2019-11-18 15:12:19-08:00,2019-11-18 19:17:45-08:00,2019-11-18 17:55:03-08:00,5.924,8.0,20.0,212.0,America/Los_Angeles
jpl,1_1_179_787_2019-11-18 23:28:06.669220,1-1-179-787,AG-3F16,2019-11-18 15:28:19-08:00,2019-11-18 17:17:52-08:00,2019-11-18 17:18:49-08:00,10.498,20.0,50.0,254.0,America/Los_Angeles
jpl,1_1_179_790_2019-11-18 23:32:03.721580,1-1-179-790,AG-3F19,2019-11-18 15:32:17-08:00,2019-11-18 18:17:56-08:00,2019-11-18 17:59:47-08:00,14.19,20.02,70.0,543.0,America/Los_Angeles
jpl,1_1_178_823_2019-11-18 23:39:37.003688,1-1-178-823,AG-1F08,2019-11-18 15:39:37-08:00,2019-11-18 17:31:20-08:00,2019-11-18 17:32:18-08:00,7.535,20.0,50.0,163.0,America/Los_Angeles
jpl,1_1_179_799_2019-11-18 23:41:47.196575,1-1-179-799,AG-3F25,2019-11-18 15:41:57-08:00,2019-11-18 17:20:12-08:00,2019-11-18 17:05:44-08:00,4.386,12.0,30.0,68.0,America/Los_Angeles
jpl,1_1_179_796_2019-11-18 23:47:52.783712,1-1-179-796,AG-3F24,2019-11-18 15:47:53-08:00,2019-11-18 19:36:26-08:00,2019-11-18 18:47:06-08:00,17.421,18.75,50.0,196.0,America/Los_Angeles
jpl,1_1_191_786_2019-11-18 23:55:23.787139,1-1-191-786,AG-4F36,2019-11-18 15:55:24-08:00,2019-11-18 17:39:10-08:00,2019-11-18 17:40:08-08:00,10.541,15.0,40.0,147.0,America/Los_Angeles
jpl,1_1_194_822_2019-11-19 00:03:25.513024,1-1-194-822,AG-1F12,2019-11-18 16:03:26-08:00,2019-11-18 18:11:50-08:00,2019-11-18 18:11:21-08:00,5.493,8.0,20.0,60.0,America/Los_Angeles
jpl,1_1_194_818_2019-11-19 00:04:19.875562,1-1-194-818,AG-1F14,2019-11-18 16:04:20-08:00,2019-11-18 19:30:14-08:00,2019-11-18 19:31:12-08:00,16.448,40.5,90.0,414.0,America/Los_Angeles
jpl,1_1_193_820_2019-11-19 00:15:11.715241,1-1-193-820,AG-1F04,2019-11-18 16:15:12-08:00,2019-11-18 17:50:14-08:00,2019-11-18 17:51:12-08:00,8.691,40.0,100.0,105.0,America/Los_Angeles
jpl,1_1_193_829_2019-11-19 00:43:00.662409,1-1-193-829,AG-1F03,2019-11-18 16:43:01-08:00,2019-11-18 20:17:51-08:00,2019-11-18 20:18:49-08:00,19.885,40.0,100.0,720.0,America/Los_Angeles
jpl,1_1_178_828_2019-11-19 00:44:17.927783,1-1-178-828,AG-1F10,2019-11-18 16:44:18-08:00,2019-11-18 17:56:37-08:00,2019-11-18 17:57:34-08:00,2.761,20.0,50.0,155.0,America/Los_Angeles
jpl,1_1_178_823_2019-11-19 02:36:56.812539,1-1-178-823,AG-1F08,2019-11-18 18:36:57-08:00,2019-11-18 20:23:37-08:00,2019-11-18 20:24:34-08:00,4.89,8.0,20.0,157.0,America/Los_Angeles
jpl,1_1_193_827_2019-11-19 02:40:28.824376,1-1-193-827,AG-1F02,2019-11-18 18:40:29-08:00,2019-11-18 20:04:57-08:00,2019-11-18 20:05:54-08:00,7.614,32.0,80.0,234.0,America/Los_Angeles
jpl,1_1_193_819_2019-11-19 03:25:10.684694,1-1-193-819,AG-1F06,2019-11-18 19:25:11-08:00,2019-11-19 00:00:14-08:00,2019-11-18 21:16:09-08:00,4.941,32.0,80.0,494.0,America/Los_Angeles
jpl,1_1_178_828_2019-11-19 04:11:38.780239,1-1-178-828,AG-1F10,2019-11-18 20:11:39-08:00,2019-11-18 23:34:33-08:00,2019-11-18 23:35:33-08:00,10.496,20.0,50.0,205.0,America/Los_Angeles
jpl,1_1_178_823_2019-11-19 06:35:29.460244,1-1-178-823,AG-1F08,2019-11-18 22:35:29-08:00,2019-11-18 23:32:22-08:00,2019-11-18 23:33:20-08:00,3.085,8.0,20.0,197.0,America/Los_Angeles
jpl,1_1_178_823_2019-11-19 07:52:31.841719,1-1-178-823,AG-1F08,2019-11-18 23:52:32-08:00,2019-11-19 02:08:01-08:00,2019-11-19 00:40:59-08:00,2.27,8.0,20.0,197.0,America/Los_Angeles
jpl,1_1_194_821_2019-11-19 11:55:54.512202,1-1-194-821,AG-1F13,2019-11-19 03:55:55-08:00,2019-11-19 13:22:58-08:00,2019-11-19 06:49:47-08:00,9.282,16.0,40.0,169.0,America/Los_Angeles
jpl,1_1_194_826_2019-11-19 13:02:11.783373,1-1-194-826,AG-1F11,2019-11-19 05:02:12-08:00,2019-11-19 16:00:02-08:00,2019-11-19 07:30:36-08:00,6.165,8.0,20.0,60.0,America/Los_Angeles
jpl,1_1_178_828_2019-11-19 13:29:15.343993,1-1-178-828,AG-1F10,2019-11-19 05:29:15-08:00,2019-11-19 15:31:59-08:00,2019-11-19 15:29:12-08:00,20.183,20.0,40.0,61.0,America/Los_Angeles
jpl,1_1_178_823_2019-11-19 13:30:46.696370,1-1-178-823,AG-1F08,2019-11-19 05:30:47-08:00,2019-11-19 16:27:33-08:00,2019-11-19 10:59:12-08:00,12.943,24.0,60.0,634.0,America/Los_Angeles
jpl,1_1_193_819_2019-11-19 13:32:18.343886,1-1-193-819,AG-1F06,2019-11-19 05:32:18-08:00,2019-11-19 15:04:53-08:00,2019-11-19 09:09:13-08:00,13.537,30.0,50.0,60.0,America/Los_Angeles
jpl,1_1_194_822_2019-11-19 13:36:19.555309,1-1-194-822,AG-1F12,2019-11-19 05:36:20-08:00,2019-11-19 16:07:02-08:00,2019-11-19 13:02:55-08:00,15.997,16.65,50.0,584.0,America/Los_Angeles
jpl,1_1_191_789_2019-11-19 13:40:42.806958,1-1-191-789,AG-4F52,2019-11-19 05:40:43-08:00,2019-11-19 15:33:16-08:00,2019-11-19 07:41:40-08:00,5.724,8.0,20.0,60.0,America/Los_Angeles
jpl,1_1_193_825_2019-11-19 13:41:47.189410,1-1-193-825,AG-1F01,2019-11-19 05:41:47-08:00,2019-11-19 15:06:53-08:00,2019-11-19 07:59:41-08:00,5.734,12.0,30.0,60.0,America/Los_Angeles
jpl,1_1_178_817_2019-11-19 13:42:06.973479,1-1-178-817,AG-1F09,2019-11-19 05:42:07-08:00,2019-11-19 15:00:07-08:00,2019-11-19 14:52:20-08:00,29.747,42.35,110.0,473.0,America/Los_Angeles
jpl,1_1_178_824_2019-11-19 13:44:35.453345,1-1-178-824,AG-1F07,2019-11-19 05:44:35-08:00,2019-11-19 15:34:11-08:00,2019-11-19 11:35:17-08:00,10.84,12.0,20.0,589.0,America/Los_Angeles
jpl,1_1_179_799_2019-11-19 13:51:10.535724,1-1-179-799,AG-3F25,2019-11-19 05:51:11-08:00,2019-11-19 15:57:16-08:00,2019-11-19 15:58:13-08:00,19.796,44.0,110.0,60.0,America/Los_Angeles
jpl,1_1_179_809_2019-11-19 13:53:16.608097,1-1-179-809,AG-3F27,2019-11-19 05:53:33-08:00,2019-11-19 10:57:15-08:00,2019-11-19 09:18:50-08:00,18.176,22.0,80.0,551.0,America/Los_Angeles
jpl,1_1_193_829_2019-11-19 14:00:56.326698,1-1-193-829,AG-1F03,2019-11-19 06:00:56-08:00,2019-11-19 16:35:03-08:00,2019-11-19 16:32:04-08:00,46.366,56.0,200.0,638.0,America/Los_Angeles
jpl,1_1_194_818_2019-11-19 14:02:32.463809,1-1-194-818,AG-1F14,2019-11-19 06:02:32-08:00,2019-11-19 15:24:00-08:00,2019-11-19 11:19:39-08:00,13.785,20.0,50.0,240.0,America/Los_Angeles
jpl,1_1_193_816_2019-11-19 14:03:58.806458,1-1-193-816,AG-1F05,2019-11-19 06:03:59-08:00,2019-11-19 12:31:13-08:00,2019-11-19 12:32:11-08:00,31.6,40.0,100.0,562.0,America/Los_Angeles
jpl,1_1_193_820_2019-11-19 14:06:09.357051,1-1-193-820,AG-1F04,2019-11-19 06:06:09-08:00,2019-11-19 15:33:06-08:00,2019-11-19 11:51:40-08:00,12.107,16.0,40.0,383.0,America/Los_Angeles
jpl,1_1_193_827_2019-11-19 14:11:09.066776,1-1-193-827,AG-1F02,2019-11-19 06:11:09-08:00,2019-11-19 16:11:59-08:00,2019-11-19 08:22:01-08:00,2.641,8.0,20.0,60.0,America/Los_Angeles
jpl,1_1_191_804_2019-11-19 14:20:24.788597,1-1-191-804,AG-4F34,2019-11-19 06:20:25-08:00,2019-11-19 17:02:05-08:00,2019-11-19 11:49:30-08:00,26.797,45.0,180.0,484.0,America/Los_Angeles
jpl,1_1_179_787_2019-11-19 14:23:18.246809,1-1-179-787,AG-3F16,2019-11-19 06:23:18-08:00,2019-11-19 15:39:40-08:00,2019-11-19 10:04:45-08:00,7.778,16.0,40.0,483.0,America/Los_Angeles
jpl,1_1_179_813_2019-11-19 14:26:26.326868,1-1-179-813,AG-3F15,2019-11-19 06:26:26-08:00,2019-11-19 16:33:54-08:00,2019-11-19 09:49:04-08:00,12.876,40.0,100.0,692.0,America/Los_Angeles
jpl,1_1_179_800_2019-11-19 14:27:03.699686,1-1-179-800,AG-3F32,2019-11-19 06:27:04-08:00,2019-11-19 17:40:51-08:00,2019-11-19 12:43:11-08:00,19.902,40.0,100.0,720.0,America/Los_Angeles
jpl,1_1_179_781_2019-11-19 14:32:28.527822,1-1-179-781,AG-3F31,2019-11-19 06:32:39-08:00,2019-11-19 16:19:57-08:00,2019-11-19 08:03:00-08:00,8.391,12.0,20.0,545.0,America/Los_Angeles
jpl,1_1_179_815_2019-11-19 14:36:14.756890,1-1-179-815,AG-3F33,2019-11-19 06:36:15-08:00,2019-11-19 16:18:29-08:00,2019-11-19 10:47:46-08:00,9.797,16.0,40.0,595.0,America/Los_Angeles
jpl,1_1_191_802_2019-11-19 14:39:04.249645,1-1-191-802,AG-4F44,2019-11-19 06:39:04-08:00,2019-11-19 17:40:11-08:00,2019-11-19 15:26:11-08:00,11.247,75.05,158.0,720.0,America/Los_Angeles
jpl,1_1_179_797_2019-11-19 14:41:41.877870,1-1-179-797,AG-3F23,2019-11-19 06:41:42-08:00,2019-11-19 10:55:05-08:00,2019-11-19 07:20:02-08:00,0.86,0.0,0.0,0.0,America/Los_Angeles
jpl,1_1_179_783_2019-11-19 14:43:41.830075,1-1-179-783,AG-3F29,2019-11-19 06:43:52-08:00,2019-11-19 15:26:59-08:00,2019-11-19 10:54:12-08:00,10.46,63.0,180.0,600.0,America/Los_Angeles
jpl,1_1_179_798_2019-11-19 14:52:15.456305,1-1-179-798,AG-3F18,2019-11-19 06:52:15-08:00,2019-11-19 16:47:15-08:00,2019-11-19 16:46:14-08:00,1.058,0.0,0.0,0.0,America/Los_Angeles
jpl,1_1_179_810_2019-11-19 14:52:30.188393,1-1-179-810,AG-3F30,2019-11-19 06:52:30-08:00,2019-11-19 15:51:00-08:00,2019-11-19 12:47:39-08:00,37.323,50.0,200.0,539.0,America/Los_Angeles
jpl,1_1_179_796_2019-11-19 14:56:40.194418,1-1-179-796,AG-3F24,2019-11-19 06:56:40-08:00,2019-11-19 16:51:09-08:00,2019-11-19 09:16:52-08:00,5.877,8.0,20.0,60.0,America/Los_Angeles
jpl,1_1_179_791_2019-11-19 15:01:42.447767,1-1-179-791,AG-3F26,2019-11-19 07:01:42-08:00,2019-11-19 17:47:16-08:00,2019-11-19 12:16:48-08:00,12.029,16.0,40.0,540.0,America/Los_Angeles
jpl,1_1_191_782_2019-11-19 15:06:14.704956,1-1-191-782,AG-4F50,2019-11-19 07:06:26-08:00,2019-11-19 15:05:38-08:00,2019-11-19 11:00:10-08:00,12.37,15.0,60.0,478.0,America/Los_Angeles
jpl,1_1_179_790_2019-11-19 15:09:11.525631,1-1-179-790,AG-3F19,2019-11-19 07:09:12-08:00,2019-11-19 17:16:12-08:00,2019-11-19 12:46:26-08:00,13.709,13.75,50.0,525.0,America/Los_Angeles
jpl,1_1_191_803_2019-11-19 15:09:20.079368,1-1-191-803,AG-4F49,2019-11-19 07:09:20-08:00,2019-11-19 12:14:21-08:00,2019-11-19 12:15:18-08:00,25.062,40.04,140.0,1170.0,America/Los_Angeles
jpl,1_1_179_801_2019-11-19 15:09:39.845007,1-1-179-801,AG-3F21,2019-11-19 07:09:40-08:00,2019-11-19 16:10:47-08:00,2019-11-19 09:48:15-08:00,9.803,16.0,40.0,250.0,America/Los_Angeles
jpl,1_1_179_788_2019-11-19 15:10:42.427920,1-1-179-788,AG-3F22,2019-11-19 07:10:42-08:00,2019-11-19 13:09:54-08:00,2019-11-19 11:04:38-08:00,23.58,69.16,190.0,720.0,America/Los_Angeles
jpl,1_1_179_779_2019-11-19 15:11:15.351056,1-1-179-779,AG-3F17,2019-11-19 07:11:19-08:00,2019-11-19 16:07:15-08:00,2019-11-19 12:39:10-08:00,11.603,8.0,20.0,249.0,America/Los_Angeles
jpl,1_1_179_794_2019-11-19 15:14:59.005034,1-1-179-794,AG-3F20,2019-11-19 07:14:59-08:00,2019-11-19 12:26:53-08:00,2019-11-19 12:27:51-08:00,25.63,33.0,110.0,310.0,America/Los_Angeles
jpl,1_1_191_778_2019-11-19 15:19:11.744180,1-1-191-778,AG-4F43,2019-11-19 07:19:12-08:00,2019-11-19 17:44:27-08:00,2019-11-19 17:23:33-08:00,19.95,32.0,80.0,469.0,America/Los_Angeles
jpl,1_1_191_793_2019-11-19 15:21:16.422714,1-1-191-793,AG-4F38,2019-11-19 07:21:16-08:00,2019-11-19 16:25:13-08:00,2019-11-19 13:41:47-08:00,31.274,80.0,200.0,454.0,America/Los_Angeles
jpl,1_1_191_806_2019-11-19 15:22:18.685248,1-1-191-806,AG-4F41,2019-11-19 07:22:19-08:00,2019-11-19 13:10:04-08:00,2019-11-19 11:55:58-08:00,13.632,30.0,50.0,536.0,America/Los_Angeles
jpl,1_1_191_795_2019-11-19 15:22:33.795199,1-1-191-795,AG-4F51,2019-11-19 07:22:34-08:00,2019-11-19 11:28:44-08:00,2019-11-19 11:09:04-08:00,12.691,36.0,90.0,506.0,America/Los_Angeles
jpl,1_1_191_808_2019-11-19 15:22:50.068998,1-1-191-808,AG-4F35,2019-11-19 07:22:50-08:00,2019-11-19 16:34:52-08:00,2019-11-19 13:40:39-08:00,15.757,19.98,60.0,530.0,America/Los_Angeles
jpl,1_1_191_780_2019-11-19 15:23:46.824657,1-1-191-780,AG-4F45,2019-11-19 07:23:47-08:00,2019-11-19 16:41:43-08:00,2019-11-19 12:19:15-08:00,12.984,30.0,50.0,375.0,America/Los_Angeles
jpl,1_1_191_807_2019-11-19 15:27:25.009145,1-1-191-807,AG-4F47,2019-11-19 07:27:25-08:00,2019-11-19 17:03:29-08:00,2019-11-19 10:22:10-08:00,13.713,32.0,80.0,304.0,America/Los_Angeles
jpl,1_1_191_811_2019-11-19 15:28:13.869695,1-1-191-811,AG-4F42,2019-11-19 07:28:14-08:00,2019-11-19 12:19:35-08:00,2019-11-19 12:20:33-08:00,23.999,40.0,100.0,552.0,America/Los_Angeles
jpl,1_1_191_792_2019-11-19 15:29:13.967078,1-1-191-792,AG-4F37,2019-11-19 07:29:14-08:00,2019-11-19 15:02:17-08:00,2019-11-19 14:50:34-08:00,5.357,6.66,20.0,493.0,America/Los_Angeles
jpl,1_1_191_785_2019-11-19 15:33:25.741550,1-1-191-785,AG-4F48,2019-11-19 07:33:26-08:00,2019-11-19 18:50:07-08:00,2019-11-19 11:41:28-08:00,8.034,8.0,20.0,60.0,America/Los_Angeles
jpl,1_1_191_784_2019-11-19 15:36:47.597065,1-1-191-784,AG-4F40,2019-11-19 07:36:48-08:00,2019-11-19 17:20:13-08:00,2019-11-19 08:51:46-08:00,6.894,24.0,40.0,342.0,America/Los_Angeles
jpl,1_1_191_805_2019-11-19 15:39:06.166341,1-1-191-805,AG-4F39,2019-11-19 07:39:06-08:00,2019-11-19 16:34:43-08:00,2019-11-19 12:53:45-08:00,6.728,10.0,20.0,511.0,America/Los_Angeles
jpl,1_1_191_786_2019-11-19 15:40:14.578677,1-1-191-786,AG-4F36,2019-11-19 07:40:15-08:00,2019-11-19 17:21:57-08:00,2019-11-19 12:27:22-08:00,12.491,16.0,40.0,60.0,America/Los_Angeles
jpl,1_1_191_812_2019-11-19 15:42:32.317335,1-1-191-812,AG-4F46,2019-11-19 07:42:32-08:00,2019-11-19 11:38:59-08:00,2019-11-19 09:55:16-08:00,8.968,14.0,70.0,610.0,America/Los_Angeles
jpl,1_1_179_797_2019-11-19 19:10:11.530637,1-1-179-797,AG-3F23,2019-11-19 11:10:12-08:00,2019-11-19 17:13:12-08:00,2019-11-19 15:31:07-08:00,12.462,16.0,40.0,245.0,America/Los_Angeles
jpl,1_1_179_809_2019-11-19 19:24:06.756723,1-1-179-809,AG-3F27,2019-11-19 11:24:07-08:00,2019-11-19 15:35:04-08:00,2019-11-19 15:36:02-08:00,25.057,53.28,160.0,60.0,America/Los_Angeles
jpl,1_1_191_795_2019-11-19 19:32:44.306851,1-1-191-795,AG-4F51,2019-11-19 11:32:52-08:00,2019-11-19 17:30:45-08:00,2019-11-19 15:59:33-08:00,13.495,20.0,50.0,60.0,America/Los_Angeles
jpl,1_1_191_812_2019-11-19 20:06:37.957747,1-1-191-812,AG-4F46,2019-11-19 12:06:38-08:00,2019-11-19 17:42:43-08:00,2019-11-19 17:43:40-08:00,33.663,33.75,90.0,310.0,America/Los_Angeles
jpl,1_1_191_811_2019-11-19 20:34:37.405448,1-1-191-811,AG-4F42,2019-11-19 12:34:37-08:00,2019-11-19 17:32:25-08:00,2019-11-19 17:16:33-08:00,28.458,42.0,210.0,432.0,America/Los_Angeles
jpl,1_1_179_794_2019-11-19 20:39:37.921387,1-1-179-794,AG-3F20,2019-11-19 12:39:38-08:00,2019-11-19 21:20:24-08:00,2019-11-19 15:16:03-08:00,15.235,45.8,200.0,439.0,America/Los_Angeles
jpl,1_1_193_816_2019-11-19 20:39:41.650360,1-1-193-816,AG-1F05,2019-11-19 12:39:42-08:00,2019-11-19 17:55:05-08:00,2019-11-19 17:10:04-08:00,9.42,12.0,30.0,260.0,America/Los_Angeles
jpl,1_1_191_803_2019-11-19 20:43:10.706055,1-1-191-803,AG-4F49,2019-11-19 12:43:11-08:00,2019-11-19 22:11:10-08:00,2019-11-19 16:12:56-08:00,9.852,16.0,40.0,204.0,America/Los_Angeles
jpl,1_1_191_806_2019-11-19 21:23:44.162399,1-1-191-806,AG-4F41,2019-11-19 13:23:44-08:00,2019-11-19 18:59:17-08:00,2019-11-19 18:17:21-08:00,15.394,20.0,50.0,255.0,America/Los_Angeles
jpl,1_1_179_788_2019-11-19 21:25:33.329231,1-1-179-788,AG-3F22,2019-11-19 13:25:44-08:00,2019-11-19 16:23:36-08:00,2019-11-19 16:24:33-08:00,17.965,8.0,20.0,214.0,America/Los_Angeles
jpl,1_1_194_821_2019-11-19 21:27:10.220019,1-1-194-821,AG-1F13,2019-11-19 13:27:10-08:00,2019-11-19 18:15:46-08:00,2019-11-19 18:16:43-08:00,28.05,29.97,90.0,241.0,America/Los_Angeles
jpl,1_1_178_817_2019-11-19 23:03:15.973138,1-1-178-817,AG-1F09,2019-11-19 15:03:16-08:00,2019-11-19 17:28:37-08:00,2019-11-19 17:07:10-08:00,11.606,16.0,40.0,184.0,America/Los_Angeles
jpl,1_1_193_825_2019-11-19 23:12:12.240142,1-1-193-825,AG-1F01,2019-11-19 15:12:12-08:00,2019-11-19 16:55:23-08:00,2019-11-19 16:52:24-08:00,5.346,16.02,60.0,99.0,America/Los_Angeles
jpl,1_1_193_819_2019-11-19 23:21:02.757250,1-1-193-819,AG-1F06,2019-11-19 15:21:03-08:00,2019-11-19 16:38:25-08:00,2019-11-19 16:39:22-08:00,4.025,8.0,20.0,60.0,America/Los_Angeles
jpl,1_1_191_792_2019-11-19 23:23:53.531410,1-1-191-792,AG-4F37,2019-11-19 15:23:54-08:00,2019-11-19 17:47:44-08:00,2019-11-19 17:14:48-08:00,10.144,20.02,70.0,543.0,America/Los_Angeles
jpl,1_1_179_783_2019-11-19 23:32:18.472781,1-1-179-783,AG-3F29,2019-11-19 15:32:18-08:00,2019-11-19 19:06:45-08:00,2019-11-19 18:26:40-08:00,17.246,69.16,190.0,720.0,America/Los_Angeles
jpl,1_1_193_827_2019-11-20 00:20:26.889062,1-1-193-827,AG-1F02,2019-11-19 16:20:27-08:00,2019-11-19 17:52:08-08:00,2019-11-19 17:53:06-08:00,8.664,40.0,100.0,101.0,America/Los_Angeles
jpl,1_1_191_782_2019-11-20 00:22:13.082581,1-1-191-782,AG-4F50,2019-11-19 16:22:21-08:00,2019-11-19 19:01:21-08:00,2019-11-19 18:35:50-08:00,12.9,20.0,50.0,254.0,America/Los_Angeles
jpl,1_1_194_826_2019-11-20 00:32:28.539805,1-1-194-826,AG-1F11,2019-11-19 16:32:29-08:00,2019-11-19 19:14:46-08:00,2019-11-19 18:35:44-08:00,6.29,8.0,20.0,68.0,America/Los_Angeles
jpl,1_1_194_821_2019-11-20 02:35:23.986390,1-1-194-821,AG-1F13,2019-11-19 18:35:24-08:00,2019-11-19 23:13:17-08:00,2019-11-19 22:26:02-08:00,11.917,20.0,50.0,205.0,America/Los_Angeles
jpl,1_1_178_823_2019-11-20 05:23:57.967970,1-1-178-823,AG-1F08,2019-11-19 21:23:58-08:00,2019-11-20 00:48:53-08:00,2019-11-19 23:10:24-08:00,5.554,8.0,20.0,197.0,America/Los_Angeles
jpl,1_1_193_819_2019-11-20 11:47:08.766229,1-1-193-819,AG-1F06,2019-11-20 03:47:09-08:00,2019-11-20 15:56:22-08:00,2019-11-20 05:40:29-08:00,5.528,32.0,80.0,494.0,America/Los_Angeles
jpl,1_1_194_821_2019-11-20 11:56:57.026156,1-1-194-821,AG-1F13,2019-11-20 03:56:57-08:00,2019-11-20 13:20:56-08:00,2019-11-20 07:03:51-08:00,9.584,16.0,40.0,169.0,America/Los_Angeles
jpl,1_1_178_817_2019-11-20 12:10:16.926370,1-1-178-817,AG-1F09,2019-11-20 04:10:17-08:00,2019-11-20 15:48:07-08:00,2019-11-20 10:26:14-08:00,33.739,42.35,110.0,473.0,America/Los_Angeles
jpl,1_1_193_825_2019-11-20 13:01:11.503624,1-1-193-825,AG-1F01,2019-11-20 05:01:11-08:00,2019-11-20 15:34:20-08:00,2019-11-20 11:10:05-08:00,6.4,8.0,20.0,60.0,America/Los_Angeles
jpl,1_1_194_822_2019-11-20 13:33:49.741643,1-1-194-822,AG-1F12,2019-11-20 05:33:50-08:00,2019-11-20 15:39:15-08:00,2019-11-20 11:32:16-08:00,15.93,16.65,50.0,584.0,America/Los_Angeles
jpl,1_1_191_789_2019-11-20 13:39:20.267198,1-1-191-789,AG-4F52,2019-11-20 05:39:20-08:00,2019-11-20 15:11:28-08:00,2019-11-20 07:41:09-08:00,5.755,8.0,20.0,60.0,America/Los_Angeles
jpl,1_1_178_823_2019-11-20 13:45:12.869582,1-1-178-823,AG-1F08,2019-11-20 05:45:13-08:00,2019-11-20 13:38:34-08:00,2019-11-20 09:37:02-08:00,13.516,20.0,50.0,240.0,America/Los_Angeles
jpl,1_1_178_824_2019-11-20 13:48:22.997312,1-1-178-824,AG-1F07,2019-11-20 05:48:23-08:00,2019-11-20 13:55:51-08:00,2019-11-20 10:55:20-08:00,11.035,12.0,20.0,589.0,America/Los_Angeles
jpl,1_1_179_799_2019-11-20 13:52:01.234152,1-1-179-799,AG-3F25,2019-11-20 05:52:26-08:00,2019-11-20 15:41:38-08:00,2019-11-20 14:11:26-08:00,24.58,27.5,100.0,551.0,America/Los_Angeles
jpl,1_1_178_828_2019-11-20 13:57:14.098687,1-1-178-828,AG-1F10,2019-11-20 05:57:14-08:00,2019-11-20 15:19:30-08:00,2019-11-20 09:25:09-08:00,12.43,15.0,30.0,61.0,America/Los_Angeles
jpl,1_1_193_820_2019-11-20 14:04:14.588938,1-1-193-820,AG-1F04,2019-11-20 06:04:15-08:00,2019-11-20 15:03:09-08:00,2019-11-20 10:57:48-08:00,12.243,16.0,40.0,383.0,America/Los_Angeles
jpl,1_1_193_829_2019-11-20 14:09:03.918192,1-1-193-829,AG-1F03,2019-11-20 06:09:04-08:00,2019-11-20 15:17:49-08:00,2019-11-20 07:45:47-08:00,4.502,8.0,20.0,60.0,America/Los_Angeles
jpl,1_1_179_800_2019-11-20 14:18:23.316779,1-1-179-800,AG-3F32,2019-11-20 06:18:23-08:00,2019-11-20 13:17:05-08:00,2019-11-20 13:18:03-08:00,17.893,40.0,100.0,720.0,America/Los_Angeles
jpl,1_1_194_818_2019-11-20 14:19:27.185699,1-1-194-818,AG-1F14,2019-11-20 06:19:27-08:00,2019-11-20 16:38:04-08:00,2019-11-20 12:08:07-08:00,28.126,30.0,120.0,552.0,America/Los_Angeles
jpl,1_1_194_826_2019-11-20 14:19:37.615438,1-1-194-826,AG-1F11,2019-11-20 06:19:38-08:00,2019-11-20 13:48:09-08:00,2019-11-20 10:25:57-08:00,13.397,20.0,50.0,193.0,America/Los_Angeles
jpl,1_1_193_816_2019-11-20 14:21:15.124433,1-1-193-816,AG-1F05,2019-11-20 06:21:15-08:00,2019-11-20 15:02:41-08:00,2019-11-20 11:19:56-08:00,12.013,12.0,30.0,383.0,America/Los_Angeles
jpl,1_1_193_827_2019-11-20 14:25:20.843929,1-1-193-827,AG-1F02,2019-11-20 06:25:32-08:00,2019-11-20 12:21:38-08:00,2019-11-20 12:19:14-08:00,8.081,8.0,20.0,60.0,America/Los_Angeles
jpl,1_1_179_813_2019-11-20 14:26:57.756977,1-1-179-813,AG-3F15,2019-11-20 06:26:58-08:00,2019-11-20 17:00:14-08:00,2019-11-20 10:39:59-08:00,12.625,40.0,100.0,520.0,America/Los_Angeles
jpl,1_1_179_810_2019-11-20 14:28:15.277193,1-1-179-810,AG-3F30,2019-11-20 06:28:15-08:00,2019-11-20 12:03:05-08:00,2019-11-20 09:19:59-08:00,8.987,24.0,60.0,356.0,America/Los_Angeles
jpl,1_1_179_781_2019-11-20 14:31:00.737162,1-1-179-781,AG-3F31,2019-11-20 06:31:08-08:00,2019-11-20 11:16:30-08:00,2019-11-20 11:04:32-08:00,13.029,24.0,40.0,624.0,America/Los_Angeles
jpl,1_1_179_788_2019-11-20 14:32:05.849484,1-1-179-788,AG-3F22,2019-11-20 06:32:06-08:00,2019-11-20 15:44:20-08:00,2019-11-20 15:45:17-08:00,37.956,40.0,100.0,587.0,America/Los_Angeles
jpl,1_1_191_804_2019-11-20 14:32:29.827591,1-1-191-804,AG-4F34,2019-11-20 06:32:30-08:00,2019-11-20 15:52:59-08:00,2019-11-20 14:48:10-08:00,32.479,45.0,180.0,484.0,America/Los_Angeles
jpl,1_1_179_796_2019-11-20 14:36:41.979161,1-1-179-796,AG-3F24,2019-11-20 06:36:42-08:00,2019-11-20 15:45:50-08:00,2019-11-20 14:38:29-08:00,27.015,36.0,90.0,533.0,America/Los_Angeles
jpl,1_1_179_809_2019-11-20 14:42:12.877043,1-1-179-809,AG-3F27,2019-11-20 06:42:13-08:00,2019-11-20 17:39:55-08:00,2019-11-20 11:32:45-08:00,28.197,69.16,190.0,720.0,America/Los_Angeles
jpl,1_1_191_802_2019-11-20 14:46:33.213007,1-1-191-802,AG-4F44,2019-11-20 06:47:01-08:00,2019-11-20 16:00:21-08:00,2019-11-20 15:01:25-08:00,31.065,40.0,100.0,568.0,America/Los_Angeles
jpl,1_1_179_801_2019-11-20 14:48:07.099852,1-1-179-801,AG-3F21,2019-11-20 06:48:07-08:00,2019-11-20 16:59:27-08:00,2019-11-20 14:12:37-08:00,40.034,40.0,100.0,597.0,America/Los_Angeles
jpl,1_1_191_808_2019-11-20 14:53:47.945612,1-1-191-808,AG-4F35,2019-11-20 06:53:48-08:00,2019-11-20 16:17:09-08:00,2019-11-20 12:44:25-08:00,11.371,8.0,20.0,249.0,America/Los_Angeles
jpl,1_1_191_803_2019-11-20 14:55:32.058008,1-1-191-803,AG-4F49,2019-11-20 06:55:32-08:00,2019-11-20 18:31:24-08:00,2019-11-20 10:37:38-08:00,20.696,75.05,158.0,720.0,America/Los_Angeles
jpl,1_1_179_787_2019-11-20 15:02:06.422768,1-1-179-787,AG-3F16,2019-11-20 07:02:06-08:00,2019-11-20 17:15:50-08:00,2019-11-20 10:52:37-08:00,6.662,12.0,30.0,593.0,America/Los_Angeles
jpl,1_1_191_792_2019-11-20 15:02:22.367680,1-1-191-792,AG-4F37,2019-11-20 07:02:22-08:00,2019-11-20 16:43:27-08:00,2019-11-20 12:37:38-08:00,12.088,16.0,40.0,60.0,America/Los_Angeles
jpl,1_1_179_777_2019-11-20 15:02:28.018802,1-1-179-777,AG-3F28,2019-11-20 07:02:28-08:00,2019-11-20 16:20:30-08:00,2019-11-20 16:21:29-08:00,51.729,56.0,160.0,545.0,America/Los_Angeles
jpl,1_1_179_815_2019-11-20 15:02:34.935905,1-1-179-815,AG-3F33,2019-11-20 07:02:35-08:00,2019-11-20 11:13:48-08:00,2019-11-20 11:14:46-08:00,7.574,126.0,210.0,246.0,America/Los_Angeles
jpl,1_1_179_791_2019-11-20 15:04:07.797472,1-1-179-791,AG-3F26,2019-11-20 07:04:08-08:00,2019-11-20 18:15:06-08:00,2019-11-20 13:19:15-08:00,12.091,16.0,40.0,540.0,America/Los_Angeles
jpl,1_1_179_783_2019-11-20 15:08:29.795735,1-1-179-783,AG-3F29,2019-11-20 07:08:37-08:00,2019-11-20 15:42:57-08:00,2019-11-20 11:02:36-08:00,9.728,63.0,180.0,600.0,America/Los_Angeles
jpl,1_1_179_797_2019-11-20 15:10:59.130678,1-1-179-797,AG-3F23,2019-11-20 07:10:59-08:00,2019-11-20 18:28:51-08:00,2019-11-20 09:08:00-08:00,4.797,8.0,20.0,60.0,America/Los_Angeles
jpl,1_1_191_778_2019-11-20 15:11:58.376591,1-1-191-778,AG-4F43,2019-11-20 07:11:58-08:00,2019-11-20 15:31:00-08:00,2019-11-20 15:19:33-08:00,21.324,32.0,80.0,469.0,America/Los_Angeles
jpl,1_1_179_794_2019-11-20 15:12:01.401874,1-1-179-794,AG-3F20,2019-11-20 07:12:01-08:00,2019-11-20 16:45:49-08:00,2019-11-20 14:01:02-08:00,33.011,45.0,150.0,544.0,America/Los_Angeles
jpl,1_1_191_785_2019-11-20 15:15:09.996153,1-1-191-785,AG-4F48,2019-11-20 07:15:10-08:00,2019-11-20 16:49:55-08:00,2019-11-20 10:02:29-08:00,6.419,20.0,50.0,650.0,America/Los_Angeles
jpl,1_1_179_798_2019-11-20 15:15:30.754097,1-1-179-798,AG-3F18,2019-11-20 07:15:31-08:00,2019-11-20 16:25:54-08:00,2019-11-20 13:49:33-08:00,14.444,19.98,60.0,61.0,America/Los_Angeles
jpl,1_1_179_779_2019-11-20 15:18:48.283856,1-1-179-779,AG-3F17,2019-11-20 07:18:48-08:00,2019-11-20 16:04:57-08:00,2019-11-20 15:20:28-08:00,38.846,42.5,170.0,521.0,America/Los_Angeles
jpl,1_1_191_780_2019-11-20 15:19:06.917752,1-1-191-780,AG-4F45,2019-11-20 07:19:07-08:00,2019-11-20 10:13:18-08:00,2019-11-20 10:14:15-08:00,7.113,8.0,20.0,165.0,America/Los_Angeles
jpl,1_1_191_811_2019-11-20 15:19:33.686664,1-1-191-811,AG-4F42,2019-11-20 07:19:34-08:00,2019-11-20 15:19:05-08:00,2019-11-20 14:05:02-08:00,20.016,30.0,120.0,467.0,America/Los_Angeles
jpl,1_1_191_807_2019-11-20 15:20:58.297962,1-1-191-807,AG-4F47,2019-11-20 07:20:58-08:00,2019-11-20 17:15:13-08:00,2019-11-20 09:59:07-08:00,6.853,16.0,40.0,393.0,America/Los_Angeles
jpl,1_1_191_812_2019-11-20 15:22:42.146968,1-1-191-812,AG-4F46,2019-11-20 07:22:42-08:00,2019-11-20 17:05:28-08:00,2019-11-20 14:12:34-08:00,20.073,20.0,50.0,620.0,America/Los_Angeles
jpl,1_1_191_805_2019-11-20 15:23:27.964625,1-1-191-805,AG-4F39,2019-11-20 07:23:28-08:00,2019-11-20 15:42:10-08:00,2019-11-20 12:45:27-08:00,13.033,24.0,60.0,461.0,America/Los_Angeles
jpl,1_1_191_782_2019-11-20 15:24:37.681915,1-1-191-782,AG-4F50,2019-11-20 07:24:38-08:00,2019-11-20 11:17:31-08:00,2019-11-20 11:18:29-08:00,22.037,36.0,90.0,684.0,America/Los_Angeles
jpl,1_1_191_786_2019-11-20 15:27:41.383047,1-1-191-786,AG-4F36,2019-11-20 07:27:41-08:00,2019-11-20 11:56:27-08:00,2019-11-20 11:57:24-08:00,3.321,12.0,30.0,195.0,America/Los_Angeles
jpl,1_1_191_795_2019-11-20 15:27:57.892036,1-1-191-795,AG-4F51,2019-11-20 07:27:58-08:00,2019-11-20 11:32:00-08:00,2019-11-20 10:29:58-08:00,9.872,16.0,40.0,240.0,America/Los_Angeles
jpl,1_1_191_784_2019-11-20 15:27:59.164859,1-1-191-784,AG-4F40,2019-11-20 07:27:59-08:00,2019-11-20 17:16:43-08:00,2019-11-20 16:50:57-08:00,20.226,20.0,80.0,427.0,America/Los_Angeles
jpl,1_1_179_790_2019-11-20 15:28:58.177851,1-1-179-790,AG-3F19,2019-11-20 07:28:59-08:00,2019-11-20 16:58:35-08:00,2019-11-20 16:06:13-08:00,38.431,40.0,100.0,552.0,America/Los_Angeles
jpl,1_1_191_793_2019-11-20 15:31:42.852659,1-1-191-793,AG-4F38,2019-11-20 07:31:43-08:00,2019-11-20 15:34:47-08:00,2019-11-20 15:35:44-08:00,46.85,95.2,238.0,657.0,America/Los_Angeles
jpl,1_1_191_806_2019-11-20 15:34:16.570813,1-1-191-806,AG-4F41,2019-11-20 07:34:17-08:00,2019-11-20 17:20:33-08:00,2019-11-20 11:07:21-08:00,14.146,32.0,80.0,395.0,America/Los_Angeles
jpl,1_1_191_780_2019-11-20 18:19:20.421710,1-1-191-780,AG-4F45,2019-11-20 10:19:32-08:00,2019-11-20 16:20:54-08:00,2019-11-20 14:24:09-08:00,12.13,20.0,50.0,254.0,America/Los_Angeles
jpl,1_1_179_781_2019-11-20 19:34:42.124577,1-1-179-781,AG-3F31,2019-11-20 11:34:42-08:00,2019-11-20 18:11:55-08:00,2019-11-20 18:12:53-08:00,39.688,52.5,210.0,387.0,America/Los_Angeles
jpl,1_1_179_815_2019-11-20 19:52:52.854792,1-1-179-815,AG-3F33,2019-11-20 11:52:53-08:00,2019-11-20 16:21:46-08:00,2019-11-20 16:22:43-08:00,24.752,126.0,210.0,250.0,America/Los_Angeles
jpl,1_1_191_782_2019-11-20 19:56:20.467770,1-1-191-782,AG-4F50,2019-11-20 11:56:20-08:00,2019-11-20 19:53:14-08:00,2019-11-20 19:54:11-08:00,32.42,40.0,100.0,138.0,America/Los_Angeles
jpl,1_1_191_795_2019-11-20 19:56:59.731934,1-1-191-795,AG-4F51,2019-11-20 11:57:09-08:00,2019-11-20 14:59:17-08:00,2019-11-20 15:00:14-08:00,9.16,19.98,60.0,190.0,America/Los_Angeles
jpl,1_1_191_786_2019-11-20 20:02:37.144527,1-1-191-786,AG-4F36,2019-11-20 12:02:37-08:00,2019-11-20 18:43:24-08:00,2019-11-20 18:44:21-08:00,40.236,48.0,120.0,324.0,America/Los_Angeles
jpl,1_1_179_810_2019-11-20 20:22:38.891150,1-1-179-810,AG-3F30,2019-11-20 12:23:54-08:00,2019-11-20 18:47:00-08:00,2019-11-20 14:07:47-08:00,9.429,20.0,50.0,246.0,America/Los_Angeles
jpl,1_1_193_827_2019-11-20 20:35:05.929343,1-1-193-827,AG-1F02,2019-11-20 12:35:06-08:00,2019-11-20 18:48:44-08:00,2019-11-20 14:45:18-08:00,5.959,8.0,20.0,372.0,America/Los_Angeles
jpl,1_1_194_821_2019-11-20 21:39:23.083445,1-1-194-821,AG-1F13,2019-11-20 13:39:23-08:00,2019-11-20 16:24:18-08:00,2019-11-20 16:12:47-08:00,8.019,16.0,40.0,176.0,America/Los_Angeles
jpl,1_1_178_823_2019-11-20 21:48:00.850296,1-1-178-823,AG-1F08,2019-11-20 13:48:01-08:00,2019-11-20 18:41:51-08:00,2019-11-20 18:42:49-08:00,29.158,40.0,100.0,388.0,America/Los_Angeles
jpl,1_1_179_800_2019-11-20 22:08:26.991195,1-1-179-800,AG-3F32,2019-11-20 14:08:27-08:00,2019-11-20 16:39:58-08:00,2019-11-20 16:40:56-08:00,14.871,32.04,120.0,203.0,America/Los_Angeles
jpl,1_1_178_824_2019-11-20 22:31:30.491807,1-1-178-824,AG-1F07,2019-11-20 14:31:30-08:00,2019-11-20 16:12:20-08:00,2019-11-20 16:13:17-08:00,9.97,23.31,70.0,241.0,America/Los_Angeles
jpl,1_1_191_795_2019-11-20 23:01:35.465264,1-1-191-795,AG-4F51,2019-11-20 15:01:35-08:00,2019-11-20 17:20:09-08:00,2019-11-20 17:16:11-08:00,11.071,15.0,50.0,151.0,America/Los_Angeles
jpl,1_1_193_820_2019-11-20 23:06:54.011404,1-1-193-820,AG-1F04,2019-11-20 15:07:13-08:00,2019-11-20 18:38:38-08:00,2019-11-20 18:39:35-08:00,18.418,24.0,60.0,163.0,America/Los_Angeles
jpl,1_1_193_816_2019-11-20 23:12:03.787699,1-1-193-816,AG-1F05,2019-11-20 15:12:04-08:00,2019-11-20 20:45:27-08:00,2019-11-20 20:46:24-08:00,30.152,35.0,140.0,324.0,America/Los_Angeles
jpl,1_1_193_829_2019-11-20 23:20:34.011576,1-1-193-829,AG-1F03,2019-11-20 15:20:34-08:00,2019-11-20 21:39:00-08:00,2019-11-20 19:09:02-08:00,21.014,20.0,80.0,191.0,America/Los_Angeles
jpl,1_1_179_796_2019-11-21 00:02:07.373008,1-1-179-796,AG-3F24,2019-11-20 16:02:07-08:00,2019-11-20 20:37:11-08:00,2019-11-20 20:38:08-08:00,29.796,70.0,200.0,239.0,America/Los_Angeles
jpl,1_1_193_825_2019-11-21 00:19:15.121882,1-1-193-825,AG-1F01,2019-11-20 16:19:15-08:00,2019-11-20 17:49:30-08:00,2019-11-20 17:50:27-08:00,7.643,40.0,100.0,101.0,America/Los_Angeles
jpl,1_1_179_815_2019-11-21 00:23:48.193468,1-1-179-815,AG-3F33,2019-11-20 16:23:48-08:00,2019-11-20 18:53:25-08:00,2019-11-20 18:22:59-08:00,12.01,16.0,40.0,374.0,America/Los_Angeles
jpl,1_1_194_822_2019-11-21 00:40:31.786246,1-1-194-822,AG-1F12,2019-11-20 16:40:32-08:00,2019-11-20 20:04:59-08:00,2019-11-20 20:02:59-08:00,8.011,8.0,20.0,60.0,America/Los_Angeles
jpl,1_1_179_799_2019-11-21 00:52:29.972104,1-1-179-799,AG-3F25,2019-11-20 16:52:30-08:00,2019-11-20 19:28:57-08:00,2019-11-20 18:36:19-08:00,10.517,10.5,30.0,130.0,America/Los_Angeles
jpl,1_1_178_817_2019-11-21 01:10:36.155898,1-1-178-817,AG-1F09,2019-11-20 17:10:36-08:00,2019-11-20 18:49:15-08:00,2019-11-20 18:50:12-08:00,7.61,16.0,40.0,60.0,America/Los_Angeles
jpl,1_1_178_823_2019-11-21 02:46:11.488535,1-1-178-823,AG-1F08,2019-11-20 18:46:11-08:00,2019-11-20 23:33:44-08:00,2019-11-20 22:46:25-08:00,12.035,20.0,50.0,205.0,America/Los_Angeles
jpl,1_1_194_821_2019-11-21 04:05:50.057499,1-1-194-821,AG-1F13,2019-11-20 20:05:50-08:00,2019-11-20 21:05:36-08:00,2019-11-20 21:06:34-08:00,6.105,20.0,50.0,60.0,America/Los_Angeles
jpl,1_1_178_817_2019-11-21 05:08:33.141717,1-1-178-817,AG-1F09,2019-11-20 21:08:33-08:00,2019-11-20 22:51:16-08:00,2019-11-20 21:57:47-08:00,0.791,0.0,0.0,0.0,America/Los_Angeles
jpl,1_1_193_819_2019-11-21 06:07:58.352317,1-1-193-819,AG-1F06,2019-11-20 22:07:58-08:00,2019-11-21 00:36:56-08:00,2019-11-20 23:57:30-08:00,5.489,8.0,20.0,197.0,America/Los_Angeles
jpl,1_1_178_817_2019-11-21 06:52:09.163877,1-1-178-817,AG-1F09,2019-11-20 22:52:09-08:00,2019-11-21 02:12:15-08:00,2019-11-21 00:37:19-08:00,9.805,16.0,40.0,60.0,America/Los_Angeles
jpl,1_1_194_822_2019-11-21 08:24:52.454750,1-1-194-822,AG-1F12,2019-11-21 00:24:52-08:00,2019-11-21 02:27:30-08:00,2019-11-21 02:28:27-08:00,12.713,64.9,220.0,188.0,America/Los_Angeles
jpl,1_1_194_821_2019-11-21 11:26:55.695762,1-1-194-821,AG-1F13,2019-11-21 03:26:56-08:00,2019-11-21 12:58:59-08:00,2019-11-21 06:16:49-08:00,9.341,16.0,40.0,169.0,America/Los_Angeles
jpl,1_1_178_817_2019-11-21 12:34:50.047204,1-1-178-817,AG-1F09,2019-11-21 04:34:50-08:00,2019-11-21 15:39:38-08:00,2019-11-21 11:22:08-08:00,31.781,42.35,110.0,473.0,America/Los_Angeles
jpl,1_1_194_826_2019-11-21 12:55:17.162947,1-1-194-826,AG-1F11,2019-11-21 04:55:17-08:00,2019-11-21 16:35:21-08:00,2019-11-21 07:17:03-08:00,6.352,8.0,20.0,60.0,America/Los_Angeles
jpl,1_1_194_822_2019-11-21 13:31:00.059862,1-1-194-822,AG-1F12,2019-11-21 05:31:00-08:00,2019-11-21 15:50:05-08:00,2019-11-21 10:33:37-08:00,15.814,16.65,50.0,584.0,America/Los_Angeles
jpl,1_1_191_789_2019-11-21 13:35:04.096454,1-1-191-789,AG-4F52,2019-11-21 05:35:04-08:00,2019-11-21 16:54:54-08:00,2019-11-21 07:38:19-08:00,5.731,8.0,20.0,60.0,America/Los_Angeles
jpl,1_1_178_823_2019-11-21 13:36:28.075286,1-1-178-823,AG-1F08,2019-11-21 05:36:28-08:00,2019-11-21 12:05:48-08:00,2019-11-21 08:33:15-08:00,12.268,30.0,50.0,60.0,America/Los_Angeles
jpl,1_1_193_819_2019-11-21 13:44:37.746325,1-1-193-819,AG-1F06,2019-11-21 05:44:38-08:00,2019-11-21 15:38:45-08:00,2019-11-21 09:56:17-08:00,10.567,12.0,20.0,589.0,America/Los_Angeles
jpl,1_1_178_828_2019-11-21 13:46:33.562037,1-1-178-828,AG-1F10,2019-11-21 05:46:47-08:00,2019-11-21 19:03:16-08:00,2019-11-21 07:53:11-08:00,5.791,20.0,50.0,549.0,America/Los_Angeles
jpl,1_1_179_799_2019-11-21 13:50:05.562080,1-1-179-799,AG-3F25,2019-11-21 05:50:33-08:00,2019-11-21 15:19:50-08:00,2019-11-21 12:17:52-08:00,21.124,24.75,90.0,551.0,America/Los_Angeles
jpl,1_1_193_825_2019-11-21 13:52:24.687212,1-1-193-825,AG-1F01,2019-11-21 05:52:25-08:00,2019-11-21 15:31:53-08:00,2019-11-21 12:57:15-08:00,22.431,22.4,80.0,638.0,America/Los_Angeles
jpl,1_1_193_829_2019-11-21 13:58:04.889132,1-1-193-829,AG-1F03,2019-11-21 05:58:05-08:00,2019-11-21 15:36:03-08:00,2019-11-21 11:34:15-08:00,6.947,8.0,20.0,60.0,America/Los_Angeles
jpl,1_1_179_801_2019-11-21 14:03:58.947708,1-1-179-801,AG-3F21,2019-11-21 06:03:59-08:00,2019-11-21 11:11:02-08:00,2019-11-21 11:11:59-08:00,27.632,42.75,190.0,390.0,America/Los_Angeles
jpl,1_1_193_820_2019-11-21 14:06:56.027295,1-1-193-820,AG-1F04,2019-11-21 06:06:56-08:00,2019-11-21 15:41:06-08:00,2019-11-21 11:48:15-08:00,13.043,16.0,40.0,383.0,America/Los_Angeles
jpl,1_1_178_824_2019-11-21 14:12:51.885878,1-1-178-824,AG-1F07,2019-11-21 06:12:52-08:00,2019-11-21 15:21:05-08:00,2019-11-21 15:21:07-08:00,20.131,20.0,40.0,61.0,America/Los_Angeles
jpl,1_1_193_816_2019-11-21 14:23:01.137307,1-1-193-816,AG-1F05,2019-11-21 06:23:01-08:00,2019-11-21 16:36:00-08:00,2019-11-21 09:35:30-08:00,13.245,40.0,100.0,520.0,America/Los_Angeles
jpl,1_1_193_827_2019-11-21 14:23:05.055262,1-1-193-827,AG-1F02,2019-11-21 06:23:05-08:00,2019-11-21 19:56:07-08:00,2019-11-21 10:16:28-08:00,9.275,20.0,50.0,377.0,America/Los_Angeles
jpl,1_1_179_796_2019-11-21 14:26:48.107155,1-1-179-796,AG-3F24,2019-11-21 06:26:48-08:00,2019-11-21 15:47:20-08:00,2019-11-21 15:21:06-08:00,16.022,16.0,40.0,533.0,America/Los_Angeles
jpl,1_1_179_798_2019-11-21 14:28:25.266357,1-1-179-798,AG-3F18,2019-11-21 06:28:25-08:00,2019-11-21 15:45:07-08:00,2019-11-21 09:14:41-08:00,8.707,16.0,40.0,595.0,America/Los_Angeles
jpl,1_1_179_787_2019-11-21 14:28:28.346527,1-1-179-787,AG-3F16,2019-11-21 06:28:28-08:00,2019-11-21 15:48:31-08:00,2019-11-21 10:04:20-08:00,7.889,16.0,40.0,483.0,America/Los_Angeles
jpl,1_1_179_800_2019-11-21 14:28:33.815711,1-1-179-800,AG-3F32,2019-11-21 06:28:34-08:00,2019-11-21 19:09:27-08:00,2019-11-21 13:44:46-08:00,34.364,40.0,100.0,720.0,America/Los_Angeles
jpl,1_1_179_815_2019-11-21 14:30:40.973526,1-1-179-815,AG-3F33,2019-11-21 06:30:48-08:00,2019-11-21 16:22:17-08:00,2019-11-21 11:01:10-08:00,13.1,24.0,40.0,624.0,America/Los_Angeles
jpl,1_1_179_781_2019-11-21 14:31:15.440206,1-1-179-781,AG-3F31,2019-11-21 06:31:15-08:00,2019-11-21 16:43:19-08:00,2019-11-21 10:16:50-08:00,6.491,10.0,20.0,573.0,America/Los_Angeles
jpl,1_1_191_804_2019-11-21 14:31:38.184313,1-1-191-804,AG-4F34,2019-11-21 06:31:38-08:00,2019-11-21 16:05:32-08:00,2019-11-21 16:06:31-08:00,38.621,45.0,180.0,484.0,America/Los_Angeles
jpl,1_1_179_791_2019-11-21 14:32:15.995393,1-1-179-791,AG-3F26,2019-11-21 06:32:16-08:00,2019-11-21 16:36:34-08:00,2019-11-21 12:25:15-08:00,15.612,19.98,60.0,640.0,America/Los_Angeles
jpl,1_1_179_790_2019-11-21 14:39:34.134725,1-1-179-790,AG-3F19,2019-11-21 06:39:34-08:00,2019-11-21 14:24:38-08:00,2019-11-21 09:47:42-08:00,13.236,20.0,50.0,193.0,America/Los_Angeles
jpl,1_1_179_788_2019-11-21 14:39:51.475541,1-1-179-788,AG-3F22,2019-11-21 06:39:51-08:00,2019-11-21 17:15:06-08:00,2019-11-21 12:21:57-08:00,32.832,75.0,300.0,720.0,America/Los_Angeles
jpl,1_1_179_797_2019-11-21 14:47:31.627317,1-1-179-797,AG-3F23,2019-11-21 06:47:32-08:00,2019-11-21 16:07:58-08:00,2019-11-21 07:23:33-08:00,0.824,0.0,0.0,0.0,America/Los_Angeles
jpl,1_1_191_802_2019-11-21 14:50:41.284144,1-1-191-802,AG-4F44,2019-11-21 06:50:41-08:00,2019-11-21 11:40:24-08:00,2019-11-21 09:27:11-08:00,8.389,16.0,40.0,271.0,America/Los_Angeles
jpl,1_1_179_809_2019-11-21 14:50:44.401276,1-1-179-809,AG-3F27,2019-11-21 06:50:44-08:00,2019-11-21 16:50:51-08:00,2019-11-21 08:58:47-08:00,5.763,8.0,20.0,60.0,America/Los_Angeles
jpl,1_1_179_794_2019-11-21 14:52:47.600165,1-1-179-794,AG-3F20,2019-11-21 06:52:48-08:00,2019-11-21 17:07:39-08:00,2019-11-21 12:37:06-08:00,15.254,18.0,30.0,536.0,America/Los_Angeles
jpl,1_1_179_813_2019-11-21 14:53:40.967847,1-1-179-813,AG-3F15,2019-11-21 06:53:41-08:00,2019-11-21 16:16:25-08:00,2019-11-21 10:50:18-08:00,6.626,12.0,30.0,593.0,America/Los_Angeles
jpl,1_1_179_810_2019-11-21 14:59:10.381929,1-1-179-810,AG-3F30,2019-11-21 06:59:10-08:00,2019-11-21 17:17:28-08:00,2019-11-21 17:18:25-08:00,30.568,69.16,190.0,720.0,America/Los_Angeles
jpl,1_1_179_783_2019-11-21 14:59:52.614778,1-1-179-783,AG-3F29,2019-11-21 06:59:53-08:00,2019-11-21 16:13:05-08:00,2019-11-21 11:37:12-08:00,26.97,49.0,140.0,545.0,America/Los_Angeles
jpl,1_1_179_779_2019-11-21 15:06:21.336359,1-1-179-779,AG-3F17,2019-11-21 07:06:21-08:00,2019-11-21 16:28:08-08:00,2019-11-21 09:40:03-08:00,5.666,12.0,30.0,60.0,America/Los_Angeles
jpl,1_1_179_777_2019-11-21 15:08:09.475193,1-1-179-777,AG-3F28,2019-11-21 07:08:42-08:00,2019-11-21 16:21:18-08:00,2019-11-21 16:22:16-08:00,55.289,68.0,170.0,520.0,America/Los_Angeles
jpl,1_1_191_803_2019-11-21 15:08:43.306800,1-1-191-803,AG-4F49,2019-11-21 07:08:43-08:00,2019-11-21 17:07:11-08:00,2019-11-21 14:20:28-08:00,42.223,75.05,158.0,720.0,America/Los_Angeles
jpl,1_1_191_795_2019-11-21 15:10:39.135380,1-1-191-795,AG-4F51,2019-11-21 07:10:39-08:00,2019-11-21 17:09:42-08:00,2019-11-21 13:30:30-08:00,29.884,40.04,140.0,720.0,America/Los_Angeles
jpl,1_1_191_785_2019-11-21 15:12:12.018333,1-1-191-785,AG-4F48,2019-11-21 07:12:12-08:00,2019-11-21 18:11:21-08:00,2019-11-21 11:23:16-08:00,10.442,6.66,20.0,246.0,America/Los_Angeles
jpl,1_1_191_778_2019-11-21 15:12:37.788554,1-1-191-778,AG-4F43,2019-11-21 07:12:38-08:00,2019-11-21 16:37:44-08:00,2019-11-21 16:09:59-08:00,20.937,32.0,80.0,469.0,America/Los_Angeles
jpl,1_1_191_793_2019-11-21 15:12:55.467550,1-1-191-793,AG-4F38,2019-11-21 07:12:55-08:00,2019-11-21 17:08:49-08:00,2019-11-21 15:22:12-08:00,40.027,40.0,100.0,597.0,America/Los_Angeles
jpl,1_1_191_784_2019-11-21 15:13:59.446129,1-1-191-784,AG-4F40,2019-11-21 07:13:59-08:00,2019-11-21 12:29:07-08:00,2019-11-21 12:30:04-08:00,26.849,36.0,90.0,322.0,America/Los_Angeles
jpl,1_1_191_808_2019-11-21 15:14:03.919952,1-1-191-808,AG-4F35,2019-11-21 07:14:17-08:00,2019-11-21 16:36:21-08:00,2019-11-21 13:00:14-08:00,15.526,19.98,60.0,546.0,America/Los_Angeles
jpl,1_1_191_786_2019-11-21 15:15:16.899799,1-1-191-786,AG-4F36,2019-11-21 07:15:20-08:00,2019-11-21 17:19:54-08:00,2019-11-21 11:57:04-08:00,11.356,8.0,20.0,249.0,America/Los_Angeles
jpl,1_1_191_807_2019-11-21 15:17:52.021628,1-1-191-807,AG-4F47,2019-11-21 07:17:52-08:00,2019-11-21 14:36:36-08:00,2019-11-21 09:45:05-08:00,6.068,8.0,20.0,60.0,America/Los_Angeles
jpl,1_1_191_812_2019-11-21 15:27:41.027815,1-1-191-812,AG-4F46,2019-11-21 07:27:41-08:00,2019-11-21 17:18:47-08:00,2019-11-21 16:50:31-08:00,37.129,47.26,170.0,511.0,America/Los_Angeles
jpl,1_1_191_792_2019-11-21 15:28:10.814127,1-1-191-792,AG-4F37,2019-11-21 07:28:11-08:00,2019-11-21 15:04:03-08:00,2019-11-21 10:23:23-08:00,5.162,6.66,20.0,493.0,America/Los_Angeles
jpl,1_1_191_782_2019-11-21 15:30:08.226131,1-1-191-782,AG-4F50,2019-11-21 07:30:08-08:00,2019-11-21 17:54:40-08:00,2019-11-21 12:02:40-08:00,14.394,16.0,40.0,482.0,America/Los_Angeles
jpl,1_1_191_780_2019-11-21 15:35:07.801256,1-1-191-780,AG-4F45,2019-11-21 07:35:08-08:00,2019-11-21 17:12:15-08:00,2019-11-21 11:05:52-08:00,13.79,32.0,80.0,370.0,America/Los_Angeles
jpl,1_1_191_811_2019-11-21 15:36:14.450407,1-1-191-811,AG-4F42,2019-11-21 07:36:14-08:00,2019-11-21 16:36:05-08:00,2019-11-21 11:52:29-08:00,13.525,24.0,40.0,342.0,America/Los_Angeles
jpl,1_1_191_805_2019-11-21 15:36:43.046539,1-1-191-805,AG-4F39,2019-11-21 07:36:43-08:00,2019-11-21 17:33:48-08:00,2019-11-21 12:59:53-08:00,15.339,20.0,50.0,586.0,America/Los_Angeles
jpl,1_1_191_806_2019-11-21 15:42:36.649061,1-1-191-806,AG-4F41,2019-11-21 07:42:37-08:00,2019-11-21 16:57:37-08:00,2019-11-21 13:56:11-08:00,17.21,20.0,50.0,552.0,America/Los_Angeles
jpl,1_1_191_802_2019-11-21 19:54:07.349870,1-1-191-802,AG-4F44,2019-11-21 11:54:07-08:00,2019-11-21 16:09:21-08:00,2019-11-21 14:51:29-08:00,18.324,32.0,80.0,277.0,America/Los_Angeles
jpl,1_1_178_823_2019-11-21 20:16:50.507671,1-1-178-823,AG-1F08,2019-11-21 12:16:50-08:00,2019-11-21 17:07:56-08:00,2019-11-21 16:24:33-08:00,12.251,16.0,40.0,250.0,America/Los_Angeles
jpl,1_1_191_784_2019-11-21 20:36:12.523984,1-1-191-784,AG-4F40,2019-11-21 12:36:13-08:00,2019-11-21 16:37:03-08:00,2019-11-21 16:38:00-08:00,25.418,40.0,100.0,538.0,America/Los_Angeles
jpl,1_1_194_821_2019-11-21 21:03:48.254175,1-1-194-821,AG-1F13,2019-11-21 13:03:48-08:00,2019-11-21 15:01:36-08:00,2019-11-21 15:02:34-08:00,12.124,36.0,90.0,506.0,America/Los_Angeles
jpl,1_1_179_790_2019-11-21 22:31:51.683946,1-1-179-790,AG-3F19,2019-11-21 14:31:52-08:00,2019-11-21 17:27:33-08:00,2019-11-21 17:28:30-08:00,17.935,20.0,50.0,182.0,America/Los_Angeles
jpl,1_1_191_807_2019-11-21 22:46:22.965865,1-1-191-807,AG-4F47,2019-11-21 14:46:23-08:00,2019-11-21 16:18:24-08:00,2019-11-21 16:19:21-08:00,3.896,63.0,180.0,600.0,America/Los_Angeles
jpl,1_1_194_821_2019-11-21 23:05:40.734321,1-1-194-821,AG-1F13,2019-11-21 15:05:41-08:00,2019-11-21 18:34:09-08:00,2019-11-21 17:13:08-08:00,6.031,8.0,20.0,203.0,America/Los_Angeles
jpl,1_1_178_824_2019-11-21 23:28:02.402296,1-1-178-824,AG-1F07,2019-11-21 15:28:02-08:00,2019-11-21 17:03:09-08:00,2019-11-21 17:04:06-08:00,8.035,9.0,30.0,103.0,America/Los_Angeles
jpl,1_1_194_818_2019-11-21 23:34:56.750078,1-1-194-818,AG-1F14,2019-11-21 15:34:57-08:00,2019-11-21 16:22:45-08:00,2019-11-21 16:23:43-08:00,2.456,8.0,20.0,60.0,America/Los_Angeles
jpl,1_1_193_820_2019-11-21 23:51:40.004020,1-1-193-820,AG-1F04,2019-11-21 15:51:40-08:00,2019-11-21 18:02:18-08:00,2019-11-21 18:03:15-08:00,6.454,20.0,50.0,129.0,America/Los_Angeles
jpl,1_1_193_819_2019-11-22 00:05:14.857863,1-1-193-819,AG-1F06,2019-11-21 16:05:15-08:00,2019-11-21 17:26:29-08:00,2019-11-21 17:27:29-08:00,4.322,8.0,20.0,68.0,America/Los_Angeles
jpl,1_1_178_817_2019-11-22 00:18:29.040588,1-1-178-817,AG-1F09,2019-11-21 16:18:34-08:00,2019-11-22 03:24:29-08:00,2019-11-21 22:24:50-08:00,37.164,49.98,140.0,467.0,America/Los_Angeles
jpl,1_1_193_825_2019-11-22 00:25:05.259134,1-1-193-825,AG-1F01,2019-11-21 16:25:05-08:00,2019-11-21 17:49:37-08:00,2019-11-21 17:50:34-08:00,5.755,40.0,100.0,99.0,America/Los_Angeles
jpl,1_1_194_822_2019-11-22 00:38:26.872447,1-1-194-822,AG-1F12,2019-11-21 16:38:27-08:00,2019-11-21 17:14:17-08:00,2019-11-21 17:15:14-08:00,3.015,16.0,40.0,133.0,America/Los_Angeles
jpl,1_1_191_807_2019-11-22 00:43:33.069189,1-1-191-807,AG-4F47,2019-11-21 16:43:33-08:00,2019-11-21 18:18:04-08:00,2019-11-21 17:51:02-08:00,6.762,8.0,20.0,79.0,America/Los_Angeles
jpl,1_1_194_818_2019-11-22 00:47:58.838170,1-1-194-818,AG-1F14,2019-11-21 16:47:59-08:00,2019-11-21 18:03:15-08:00,2019-11-21 18:04:12-08:00,5.66,20.0,50.0,206.0,America/Los_Angeles
jpl,1_1_194_826_2019-11-22 00:58:28.437320,1-1-194-826,AG-1F11,2019-11-21 16:58:28-08:00,2019-11-21 17:32:25-08:00,2019-11-21 17:33:23-08:00,2.705,11.68,40.0,116.0,America/Los_Angeles
jpl,1_1_178_823_2019-11-22 01:19:01.719870,1-1-178-823,AG-1F08,2019-11-21 17:19:02-08:00,2019-11-21 19:47:28-08:00,2019-11-21 19:48:25-08:00,13.764,25.0,100.0,227.0,America/Los_Angeles
jpl,1_1_179_810_2019-11-22 01:45:02.990869,1-1-179-810,AG-3F30,2019-11-21 17:45:03-08:00,2019-11-21 19:51:54-08:00,2019-11-21 19:20:19-08:00,9.873,10.5,30.0,110.0,America/Los_Angeles
jpl,1_1_194_821_2019-11-22 02:42:17.145291,1-1-194-821,AG-1F13,2019-11-21 18:42:17-08:00,2019-11-21 20:28:33-08:00,2019-11-21 19:35:08-08:00,3.611,4.0,20.0,60.0,America/Los_Angeles
jpl,1_1_193_819_2019-11-22 06:27:55.653068,1-1-193-819,AG-1F06,2019-11-21 22:27:56-08:00,2019-11-22 01:04:10-08:00,2019-11-22 00:16:00-08:00,5.46,8.0,20.0,197.0,America/Los_Angeles
jpl,1_1_193_825_2019-11-22 12:55:51.895650,1-1-193-825,AG-1F01,2019-11-22 04:55:52-08:00,2019-11-22 11:39:31-08:00,2019-11-22 07:00:13-08:00,5.949,8.0,20.0,720.0,America/Los_Angeles
jpl,1_1_194_822_2019-11-22 13:25:32.657513,1-1-194-822,AG-1F12,2019-11-22 05:25:33-08:00,2019-11-22 09:56:50-08:00,2019-11-22 09:57:41-08:00,14.76729222222222,16.65,50.0,167.0,America/Los_Angeles
jpl,1_1_178_823_2019-11-22 13:42:33.887190,1-1-178-823,AG-1F08,2019-11-22 05:42:34-08:00,2019-11-22 15:33:44-08:00,2019-11-22 10:26:55-08:00,10.881,12.0,20.0,589.0,America/Los_Angeles
jpl,1_1_178_828_2019-11-22 13:49:36.485461,1-1-178-828,AG-1F10,2019-11-22 05:49:36-08:00,2019-11-22 15:38:41-08:00,2019-11-22 07:58:58-08:00,6.117,20.0,50.0,549.0,America/Los_Angeles
jpl,1_1_193_819_2019-11-22 14:23:41.788996,1-1-193-819,AG-1F06,2019-11-22 06:23:42-08:00,2019-11-22 12:09:26-08:00,2019-11-22 09:32:21-08:00,13.556,20.0,50.0,193.0,America/Los_Angeles
jpl,1_1_193_829_2019-11-22 15:00:19.705848,1-1-193-829,AG-1F03,2019-11-22 07:00:20-08:00,2019-11-22 15:17:15-08:00,2019-11-22 15:18:12-08:00,36.832,22.4,80.0,638.0,America/Los_Angeles
jpl,1_1_194_821_2019-11-22 15:01:17.698368,1-1-194-821,AG-1F13,2019-11-22 07:01:18-08:00,2019-11-22 18:04:27-08:00,2019-11-22 10:39:15-08:00,6.265,10.15,29.0,214.0,America/Los_Angeles
jpl,1_1_193_827_2019-11-22 15:45:07.146963,1-1-193-827,AG-1F02,2019-11-22 07:45:07-08:00,2019-11-22 11:24:32-08:00,2019-11-22 11:25:29-08:00,11.841,53.28,160.0,60.0,America/Los_Angeles
jpl,1_1_194_826_2019-11-22 15:49:23.414658,1-1-194-826,AG-1F11,2019-11-22 07:49:23-08:00,2019-11-22 18:13:44-08:00,2019-11-22 18:14:41-08:00,43.237,69.16,190.0,720.0,America/Los_Angeles
jpl,1_1_178_817_2019-11-22 15:52:38.747238,1-1-178-817,AG-1F09,2019-11-22 07:52:39-08:00,2019-11-22 10:05:42-08:00,2019-11-22 09:26:28-08:00,8.02,8.0,20.0,60.0,America/Los_Angeles
jpl,1_1_193_820_2019-11-22 15:55:21.799113,1-1-193-820,AG-1F04,2019-11-22 07:55:22-08:00,2019-11-22 11:34:40-08:00,2019-11-22 09:59:28-08:00,5.182,6.66,20.0,493.0,America/Los_Angeles
jpl,1_1_191_795_2019-11-22 15:57:55.766055,1-1-191-795,AG-4F51,2019-11-22 07:57:56-08:00,2019-11-22 11:19:34-08:00,2019-11-22 10:37:10-08:00,7.557,7.5,30.0,252.0,America/Los_Angeles
jpl,1_1_194_818_2019-11-22 16:05:41.907717,1-1-194-818,AG-1F14,2019-11-22 08:05:42-08:00,2019-11-22 17:36:11-08:00,2019-11-22 16:16:56-08:00,30.048,42.35,110.0,473.0,America/Los_Angeles
jpl,1_1_178_824_2019-11-22 16:12:50.548152,1-1-178-824,AG-1F07,2019-11-22 08:12:51-08:00,2019-11-22 11:59:34-08:00,2019-11-22 12:00:31-08:00,11.317,16.0,40.0,393.0,America/Los_Angeles
jpl,1_1_179_781_2019-11-22 16:48:46.510442,1-1-179-781,AG-3F31,2019-11-22 08:48:47-08:00,2019-11-22 13:42:17-08:00,2019-11-22 09:49:42-08:00,2.861,8.0,20.0,60.0,America/Los_Angeles
jpl,1_1_193_816_2019-11-22 17:17:23.417014,1-1-193-816,AG-1F05,2019-11-22 09:17:23-08:00,2019-11-22 12:13:48-08:00,2019-11-22 12:14:45-08:00,7.219,38.0,190.0,290.0,America/Los_Angeles
jpl,1_1_179_809_2019-11-22 17:27:18.323256,1-1-179-809,AG-3F27,2019-11-22 09:27:18-08:00,2019-11-22 17:53:02-08:00,2019-11-22 17:32:18-08:00,49.089,114.0,190.0,303.0,America/Los_Angeles
jpl,1_1_179_815_2019-11-22 17:28:26.559787,1-1-179-815,AG-3F33,2019-11-22 09:28:27-08:00,2019-11-22 11:57:28-08:00,2019-11-22 11:58:25-08:00,15.325,40.0,100.0,538.0,America/Los_Angeles
jpl,1_1_179_783_2019-11-22 17:32:38.316701,1-1-179-783,AG-3F29,2019-11-22 09:32:38-08:00,2019-11-22 14:00:13-08:00,2019-11-22 13:23:05-08:00,22.034,60.0,150.0,238.0,America/Los_Angeles
jpl,1_1_179_800_2019-11-22 17:50:16.902377,1-1-179-800,AG-3F32,2019-11-22 09:50:17-08:00,2019-11-22 11:16:57-08:00,2019-11-22 11:17:54-08:00,8.371,44.0,110.0,174.0,America/Los_Angeles
jpl,1_1_179_791_2019-11-22 17:53:37.301511,1-1-179-791,AG-3F26,2019-11-22 09:53:37-08:00,2019-11-22 12:33:45-08:00,2019-11-22 12:34:42-08:00,7.857,8.0,20.0,252.0,America/Los_Angeles
jpl,1_1_191_789_2019-11-22 18:07:22.187076,1-1-191-789,AG-4F52,2019-11-22 10:07:22-08:00,2019-11-22 12:28:55-08:00,2019-11-22 12:01:53-08:00,10.655,20.02,70.0,543.0,America/Los_Angeles
jpl,1_1_178_817_2019-11-22 18:17:32.147527,1-1-178-817,AG-1F09,2019-11-22 10:17:48-08:00,2019-11-22 13:13:37-08:00,2019-11-22 10:36:25-08:00,1.598,40.0,100.0,210.0,America/Los_Angeles
jpl,1_1_194_822_2019-11-22 18:43:21.079998,1-1-194-822,AG-1F12,2019-11-22 10:43:23-08:00,2019-11-22 15:54:53-08:00,2019-11-22 15:52:52-08:00,24.015,24.0,60.0,147.0,America/Los_Angeles
jpl,1_1_179_798_2019-11-22 19:20:17.796429,1-1-179-798,AG-3F18,2019-11-22 11:20:18-08:00,2019-11-22 17:17:17-08:00,2019-11-22 15:29:07-08:00,13.879,15.0,50.0,60.0,America/Los_Angeles
jpl,1_1_179_777_2019-11-22 19:20:41.045838,1-1-179-777,AG-3F28,2019-11-22 11:20:41-08:00,2019-11-22 23:31:13-08:00,2019-11-22 15:16:46-08:00,11.823,20.0,50.0,364.0,America/Los_Angeles
jpl,1_1_191_807_2019-11-22 19:27:57.261096,1-1-191-807,AG-4F47,2019-11-22 11:27:57-08:00,2019-11-22 15:55:55-08:00,2019-11-22 15:56:52-08:00,27.76,53.28,160.0,278.0,America/Los_Angeles
jpl,1_1_193_827_2019-11-22 19:34:58.680555,1-1-193-827,AG-1F02,2019-11-22 11:34:59-08:00,2019-11-22 12:36:04-08:00,2019-11-22 12:37:01-08:00,2.716,20.0,40.0,257.0,America/Los_Angeles
jpl,1_1_193_825_2019-11-22 20:41:45.364246,1-1-193-825,AG-1F01,2019-11-22 12:41:54-08:00,2019-11-22 17:35:33-08:00,2019-11-22 16:55:51-08:00,22.834,26.0,130.0,196.0,America/Los_Angeles
jpl,1_1_193_819_2019-11-22 20:57:53.679828,1-1-193-819,AG-1F06,2019-11-22 12:57:54-08:00,2019-11-22 14:51:59-08:00,2019-11-22 14:52:56-08:00,7.838,64.9,220.0,188.0,America/Los_Angeles
jpl,1_1_179_787_2019-11-22 21:27:52.906398,1-1-179-787,AG-3F16,2019-11-22 13:27:53-08:00,2019-11-22 16:57:43-08:00,2019-11-22 14:37:44-08:00,3.346,6.66,20.0,493.0,America/Los_Angeles
jpl,1_1_179_790_2019-11-22 21:53:59.258682,1-1-179-790,AG-3F19,2019-11-22 13:53:59-08:00,2019-11-22 15:46:16-08:00,2019-11-22 15:44:16-08:00,11.228,32.0,80.0,163.0,America/Los_Angeles
jpl,1_1_178_824_2019-11-22 22:07:10.410932,1-1-178-824,AG-1F07,2019-11-22 14:07:10-08:00,2019-11-22 16:24:07-08:00,2019-11-22 15:26:25-08:00,2.633,9.0,30.0,103.0,America/Los_Angeles
jpl,1_1_178_817_2019-11-22 22:07:28.158234,1-1-178-817,AG-1F09,2019-11-22 14:07:28-08:00,2019-11-22 15:52:21-08:00,2019-11-22 14:40:17-08:00,0.881,0.0,0.0,0.0,America/Los_Angeles
jpl,1_1_193_820_2019-11-22 22:37:02.870070,1-1-193-820,AG-1F04,2019-11-22 14:37:03-08:00,2019-11-22 16:52:09-08:00,2019-11-22 16:38:35-08:00,5.036,8.0,20.0,153.0,America/Los_Angeles
jpl,1_1_179_799_2019-11-22 22:51:43.175967,1-1-179-799,AG-3F25,2019-11-22 14:51:43-08:00,2019-11-22 19:08:47-08:00,2019-11-22 17:01:12-08:00,13.388,45.8,200.0,439.0,America/Los_Angeles
jpl,1_1_178_817_2019-11-23 02:45:48.767577,1-1-178-817,AG-1F09,2019-11-22 18:45:49-08:00,2019-11-22 21:22:55-08:00,2019-11-22 19:54:05-08:00,6.391,16.0,40.0,61.0,America/Los_Angeles
jpl,1_1_178_817_2019-11-23 14:11:41.013172,1-1-178-817,AG-1F09,2019-11-23 06:11:57-08:00,2019-11-23 20:16:14-08:00,2019-11-23 08:20:35-08:00,6.178,20.0,50.0,549.0,America/Los_Angeles
jpl,1_1_194_821_2019-11-23 16:45:58.715274,1-1-194-821,AG-1F13,2019-11-23 08:45:59-08:00,2019-11-23 15:21:18-08:00,2019-11-23 11:35:51-08:00,9.532,16.0,40.0,169.0,America/Los_Angeles
jpl,1_1_193_829_2019-11-23 19:51:51.393755,1-1-193-829,AG-1F03,2019-11-23 11:51:51-08:00,2019-11-23 15:39:46-08:00,2019-11-23 14:34:46-08:00,16.546,25.0,100.0,266.0,America/Los_Angeles
jpl,1_1_179_800_2019-11-24 17:00:27.627419,1-1-179-800,AG-3F32,2019-11-24 09:00:28-08:00,2019-11-24 18:20:26-08:00,2019-11-24 16:33:56-08:00,45.006,45.0,180.0,484.0,America/Los_Angeles
jpl,1_1_179_810_2019-11-24 18:16:23.943513,1-1-179-810,AG-3F30,2019-11-24 10:16:57-08:00,2019-11-24 12:30:24-08:00,2019-11-24 12:31:21-08:00,13.984,40.0,100.0,254.0,America/Los_Angeles
jpl,1_1_194_826_2019-11-25 12:22:05.106430,1-1-194-826,AG-1F11,2019-11-25 04:22:05-08:00,2019-11-25 12:56:05-08:00,2019-11-25 04:54:26-08:00,0.832,0.0,0.0,0.0,America/Los_Angeles
jpl,1_1_193_825_2019-11-25 13:05:32.947464,1-1-193-825,AG-1F01,2019-11-25 05:05:33-08:00,2019-11-25 07:12:42-08:00,2019-11-25 07:13:39-08:00,5.58382,8.0,20.0,720.0,America/Los_Angeles
jpl,1_1_194_822_2019-11-25 13:31:16.659220,1-1-194-822,AG-1F12,2019-11-25 05:31:19-08:00,2019-11-25 15:43:58-08:00,2019-11-25 11:34:44-08:00,15.664,16.65,50.0,573.0,America/Los_Angeles
jpl,1_1_178_823_2019-11-25 13:33:41.465917,1-1-178-823,AG-1F08,2019-11-25 05:33:41-08:00,2019-11-25 13:00:05-08:00,2019-11-25 08:02:04-08:00,13.554,30.0,50.0,60.0,America/Los_Angeles
jpl,1_1_178_828_2019-11-25 13:34:21.392945,1-1-178-828,AG-1F10,2019-11-25 05:34:29-08:00,2019-11-25 16:28:59-08:00,2019-11-25 07:46:32-08:00,5.457,12.0,30.0,60.0,America/Los_Angeles
jpl,1_1_179_791_2019-11-25 13:36:12.146117,1-1-179-791,AG-3F26,2019-11-25 05:36:12-08:00,2019-11-25 09:02:07-08:00,2019-11-25 07:55:28-08:00,6.331,8.0,20.0,200.0,America/Los_Angeles
jpl,1_1_191_789_2019-11-25 13:40:09.978216,1-1-191-789,AG-4F52,2019-11-25 05:40:10-08:00,2019-11-25 16:22:32-08:00,2019-11-25 07:44:21-08:00,5.798,8.0,20.0,60.0,America/Los_Angeles
jpl,1_1_178_817_2019-11-25 13:42:45.850071,1-1-178-817,AG-1F09,2019-11-25 05:42:46-08:00,2019-11-25 15:04:54-08:00,2019-11-25 14:42:04-08:00,20.134,20.0,40.0,61.0,America/Los_Angeles
jpl,1_1_193_819_2019-11-25 13:43:55.306566,1-1-193-819,AG-1F06,2019-11-25 05:43:55-08:00,2019-11-25 15:34:46-08:00,2019-11-25 10:46:52-08:00,11.014,12.0,20.0,589.0,America/Los_Angeles
jpl,1_1_193_820_2019-11-25 14:10:11.417214,1-1-193-820,AG-1F04,2019-11-25 06:10:11-08:00,2019-11-25 15:23:04-08:00,2019-11-25 10:48:26-08:00,13.335,16.0,40.0,383.0,America/Los_Angeles
jpl,1_1_193_829_2019-11-25 14:17:43.446965,1-1-193-829,AG-1F03,2019-11-25 06:17:43-08:00,2019-11-25 16:39:49-08:00,2019-11-25 09:01:33-08:00,6.805,8.0,20.0,60.0,America/Los_Angeles
jpl,1_1_191_804_2019-11-25 14:22:17.386464,1-1-191-804,AG-4F34,2019-11-25 06:22:17-08:00,2019-11-25 19:26:02-08:00,2019-11-25 16:00:49-08:00,35.757,45.0,180.0,484.0,America/Los_Angeles
jpl,1_1_178_824_2019-11-25 14:22:54.766712,1-1-178-824,AG-1F07,2019-11-25 06:23:12-08:00,2019-11-25 14:59:28-08:00,2019-11-25 10:46:54-08:00,10.757,63.0,180.0,286.0,America/Los_Angeles
jpl,1_1_179_787_2019-11-25 14:25:24.977316,1-1-179-787,AG-3F16,2019-11-25 06:25:25-08:00,2019-11-25 15:37:22-08:00,2019-11-25 10:05:44-08:00,8.834,16.0,40.0,483.0,America/Los_Angeles
jpl,1_1_194_818_2019-11-25 14:27:17.091585,1-1-194-818,AG-1F14,2019-11-25 06:27:17-08:00,2019-11-25 16:30:40-08:00,2019-11-25 09:17:37-08:00,13.712,40.0,100.0,520.0,America/Los_Angeles
jpl,1_1_179_794_2019-11-25 14:29:49.252681,1-1-179-794,AG-3F20,2019-11-25 06:29:49-08:00,2019-11-25 15:08:29-08:00,2019-11-25 10:17:37-08:00,9.492,16.0,40.0,608.0,America/Los_Angeles
jpl,1_1_179_815_2019-11-25 14:31:45.424041,1-1-179-815,AG-3F33,2019-11-25 06:31:45-08:00,2019-11-25 16:12:25-08:00,2019-11-25 10:13:43-08:00,14.249,31.08,70.0,370.0,America/Los_Angeles
jpl,1_1_193_816_2019-11-25 14:35:00.849075,1-1-193-816,AG-1F05,2019-11-25 06:35:01-08:00,2019-11-25 10:19:42-08:00,2019-11-25 10:12:54-08:00,13.301,20.0,50.0,193.0,America/Los_Angeles
jpl,1_1_179_796_2019-11-25 14:35:01.257548,1-1-179-796,AG-3F24,2019-11-25 06:35:01-08:00,2019-11-25 13:24:55-08:00,2019-11-25 13:25:52-08:00,30.417,40.0,100.0,540.0,America/Los_Angeles
jpl,1_1_179_781_2019-11-25 14:38:04.479667,1-1-179-781,AG-3F31,2019-11-25 06:38:11-08:00,2019-11-25 16:26:59-08:00,2019-11-25 10:02:44-08:00,12.79,24.0,40.0,624.0,America/Los_Angeles
jpl,1_1_179_810_2019-11-25 14:43:02.150691,1-1-179-810,AG-3F30,2019-11-25 06:43:17-08:00,2019-11-25 16:52:58-08:00,2019-11-25 09:20:57-08:00,16.191,69.16,190.0,720.0,America/Los_Angeles
jpl,1_1_179_777_2019-11-25 14:44:59.257705,1-1-179-777,AG-3F28,2019-11-25 06:44:59-08:00,2019-11-25 16:04:50-08:00,2019-11-25 13:44:54-08:00,40.45,50.0,200.0,539.0,America/Los_Angeles
jpl,1_1_193_827_2019-11-25 14:46:25.252699,1-1-193-827,AG-1F02,2019-11-25 06:46:25-08:00,2019-11-25 14:11:12-08:00,2019-11-25 09:46:13-08:00,8.913,20.0,50.0,451.0,America/Los_Angeles
jpl,1_1_179_799_2019-11-25 14:47:36.597227,1-1-179-799,AG-3F25,2019-11-25 06:47:37-08:00,2019-11-25 16:12:29-08:00,2019-11-25 12:02:46-08:00,14.776,19.98,60.0,376.0,America/Los_Angeles
jpl,1_1_179_800_2019-11-25 14:50:13.060839,1-1-179-800,AG-3F32,2019-11-25 06:50:13-08:00,2019-11-25 15:18:46-08:00,2019-11-25 14:03:16-08:00,4.557,8.0,20.0,132.0,America/Los_Angeles
jpl,1_1_194_821_2019-11-25 14:50:34.407173,1-1-194-821,AG-1F13,2019-11-25 06:50:34-08:00,2019-11-25 17:26:12-08:00,2019-11-25 09:36:07-08:00,6.432,12.0,30.0,593.0,America/Los_Angeles
jpl,1_1_191_785_2019-11-25 14:55:25.497735,1-1-191-785,AG-4F48,2019-11-25 06:55:25-08:00,2019-11-25 16:44:49-08:00,2019-11-25 11:03:47-08:00,8.769,12.0,30.0,618.0,America/Los_Angeles
jpl,1_1_179_783_2019-11-25 14:56:42.455955,1-1-179-783,AG-3F29,2019-11-25 06:56:42-08:00,2019-11-25 17:11:35-08:00,2019-11-25 16:39:34-08:00,12.021,12.0,20.0,397.0,America/Los_Angeles
jpl,1_1_179_797_2019-11-25 14:58:39.352756,1-1-179-797,AG-3F23,2019-11-25 06:58:39-08:00,2019-11-25 14:27:42-08:00,2019-11-25 13:48:19-08:00,27.6,35.0,100.0,545.0,America/Los_Angeles
jpl,1_1_179_809_2019-11-25 15:00:33.787761,1-1-179-809,AG-3F27,2019-11-25 07:00:34-08:00,2019-11-25 17:35:28-08:00,2019-11-25 11:24:01-08:00,11.821,16.0,40.0,540.0,America/Los_Angeles
jpl,1_1_179_798_2019-11-25 15:05:08.499727,1-1-179-798,AG-3F18,2019-11-25 07:05:08-08:00,2019-11-25 17:04:16-08:00,2019-11-25 12:32:11-08:00,7.792,24.0,40.0,536.0,America/Los_Angeles
jpl,1_1_179_801_2019-11-25 15:07:52.808229,1-1-179-801,AG-3F21,2019-11-25 07:07:53-08:00,2019-11-25 16:07:26-08:00,2019-11-25 09:56:46-08:00,16.867,120.0,200.0,533.0,America/Los_Angeles
jpl,1_1_191_803_2019-11-25 15:08:28.839664,1-1-191-803,AG-4F49,2019-11-25 07:08:29-08:00,2019-11-25 16:41:23-08:00,2019-11-25 16:42:20-08:00,58.505,75.0,300.0,515.0,America/Los_Angeles
jpl,1_1_191_812_2019-11-25 15:10:31.025920,1-1-191-812,AG-4F46,2019-11-25 07:10:31-08:00,2019-11-25 16:52:19-08:00,2019-11-25 12:54:18-08:00,24.021,24.0,60.0,580.0,America/Los_Angeles
jpl,1_1_191_802_2019-11-25 15:12:17.248401,1-1-191-802,AG-4F44,2019-11-25 07:12:17-08:00,2019-11-25 17:36:41-08:00,2019-11-25 16:56:19-08:00,18.801,32.0,80.0,469.0,America/Los_Angeles
jpl,1_1_179_790_2019-11-25 15:14:21.911944,1-1-179-790,AG-3F19,2019-11-25 07:14:22-08:00,2019-11-25 15:46:16-08:00,2019-11-25 15:47:13-08:00,49.091,95.2,238.0,657.0,America/Los_Angeles
jpl,1_1_191_780_2019-11-25 15:22:56.604509,1-1-191-780,AG-4F45,2019-11-25 07:22:57-08:00,2019-11-25 18:03:14-08:00,2019-11-25 09:59:33-08:00,8.305,16.0,40.0,518.0,America/Los_Angeles
jpl,1_1_191_778_2019-11-25 15:23:02.255280,1-1-191-778,AG-4F43,2019-11-25 07:23:02-08:00,2019-11-25 12:23:57-08:00,2019-11-25 12:24:54-08:00,25.714,40.0,100.0,398.0,America/Los_Angeles
jpl,1_1_191_808_2019-11-25 15:29:40.268090,1-1-191-808,AG-4F35,2019-11-25 07:29:40-08:00,2019-11-25 16:51:01-08:00,2019-11-25 12:44:57-08:00,14.607,30.0,50.0,375.0,America/Los_Angeles
jpl,1_1_191_811_2019-11-25 15:34:56.691235,1-1-191-811,AG-4F42,2019-11-25 07:34:57-08:00,2019-11-25 18:06:09-08:00,2019-11-25 17:08:51-08:00,30.522,4.58,20.0,507.0,America/Los_Angeles
jpl,1_1_193_825_2019-11-25 15:35:29.659026,1-1-193-825,AG-1F01,2019-11-25 07:35:30-08:00,2019-11-25 16:24:40-08:00,2019-11-25 10:48:11-08:00,11.65,16.0,40.0,482.0,America/Los_Angeles
jpl,1_1_179_813_2019-11-25 15:35:37.388624,1-1-179-813,AG-3F15,2019-11-25 07:35:37-08:00,2019-11-25 15:59:27-08:00,2019-11-25 15:18:29-08:00,39.528,40.0,100.0,517.0,America/Los_Angeles
jpl,1_1_179_779_2019-11-25 15:35:43.748982,1-1-179-779,AG-3F17,2019-11-25 07:35:45-08:00,2019-11-25 15:59:06-08:00,2019-11-25 12:22:19-08:00,9.386,8.0,20.0,249.0,America/Los_Angeles
jpl,1_1_191_784_2019-11-25 15:35:50.819836,1-1-191-784,AG-4F40,2019-11-25 07:35:51-08:00,2019-11-25 17:07:18-08:00,2019-11-25 10:02:59-08:00,6.328,9.99,30.0,104.0,America/Los_Angeles
jpl,1_1_191_795_2019-11-25 15:36:17.107045,1-1-191-795,AG-4F51,2019-11-25 07:36:17-08:00,2019-11-25 17:39:56-08:00,2019-11-25 14:50:42-08:00,32.114,36.0,90.0,506.0,America/Los_Angeles
jpl,1_1_179_788_2019-11-25 15:36:46.901535,1-1-179-788,AG-3F22,2019-11-25 07:36:47-08:00,2019-11-25 11:45:33-08:00,2019-11-25 11:46:30-08:00,11.217,20.0,50.0,552.0,America/Los_Angeles
jpl,1_1_191_807_2019-11-25 15:41:19.592506,1-1-191-807,AG-4F47,2019-11-25 07:41:20-08:00,2019-11-25 10:47:13-08:00,2019-11-25 10:21:37-08:00,0.9502747222222221,36.0,90.0,684.0,America/Los_Angeles
jpl,1_1_191_782_2019-11-25 15:43:46.099507,1-1-191-782,AG-4F50,2019-11-25 07:43:46-08:00,2019-11-25 13:10:59-08:00,2019-11-25 12:56:57-08:00,16.598,20.0,50.0,474.0,America/Los_Angeles
jpl,1_1_191_805_2019-11-25 15:45:28.864641,1-1-191-805,AG-4F39,2019-11-25 07:45:29-08:00,2019-11-25 15:41:43-08:00,2019-11-25 13:35:54-08:00,14.943,19.98,60.0,259.0,America/Los_Angeles
jpl,1_1_191_806_2019-11-25 15:45:41.971650,1-1-191-806,AG-4F41,2019-11-25 07:45:42-08:00,2019-11-25 16:37:12-08:00,2019-11-25 15:07:27-08:00,30.71,32.5,130.0,496.0,America/Los_Angeles
jpl,1_1_191_786_2019-11-25 15:46:24.178874,1-1-191-786,AG-4F36,2019-11-25 07:46:37-08:00,2019-11-25 15:15:45-08:00,2019-11-25 15:16:36-08:00,15.578,15.54,70.0,569.0,America/Los_Angeles
jpl,1_1_191_793_2019-11-25 15:50:12.288400,1-1-191-793,AG-4F38,2019-11-25 07:50:12-08:00,2019-11-25 17:39:48-08:00,2019-11-25 15:08:04-08:00,16.732,28.0,70.0,419.0,America/Los_Angeles
jpl,1_1_191_792_2019-11-25 15:50:30.439452,1-1-191-792,AG-4F37,2019-11-25 07:50:30-08:00,2019-11-25 18:31:24-08:00,2019-11-25 11:27:32-08:00,12.405,17.5,70.0,252.0,America/Los_Angeles
jpl,1_1_179_791_2019-11-25 17:26:24.620044,1-1-179-791,AG-3F26,2019-11-25 09:26:42-08:00,2019-11-25 16:41:27-08:00,2019-11-25 13:55:27-08:00,10.618,16.0,40.0,290.0,America/Los_Angeles
jpl,1_1_193_816_2019-11-25 18:26:35.817354,1-1-193-816,AG-1F05,2019-11-25 10:26:36-08:00,2019-11-25 17:56:57-08:00,2019-11-25 12:51:46-08:00,7.54,20.0,50.0,378.0,America/Los_Angeles
jpl,1_1_191_807_2019-11-25 18:47:39.428098,1-1-191-807,AG-4F47,2019-11-25 10:47:39-08:00,2019-11-25 16:19:04-08:00,2019-11-25 16:20:01-08:00,33.74,36.0,90.0,684.0,America/Los_Angeles
jpl,1_1_179_788_2019-11-25 19:59:53.204551,1-1-179-788,AG-3F22,2019-11-25 12:00:08-08:00,2019-11-25 13:53:42-08:00,2019-11-25 13:54:42-08:00,6.645,24.0,60.0,163.0,America/Los_Angeles
jpl,1_1_191_778_2019-11-25 20:27:57.555169,1-1-191-778,AG-4F43,2019-11-25 12:27:58-08:00,2019-11-25 16:09:15-08:00,2019-11-25 16:09:31-08:00,16.816,24.03,90.0,228.0,America/Los_Angeles
jpl,1_1_194_826_2019-11-25 20:58:54.229689,1-1-194-826,AG-1F11,2019-11-25 12:58:54-08:00,2019-11-25 16:43:24-08:00,2019-11-25 16:44:24-08:00,22.204,46.2,120.0,473.0,America/Los_Angeles
jpl,1_1_178_823_2019-11-25 21:07:12.704290,1-1-178-823,AG-1F08,2019-11-25 13:07:18-08:00,2019-11-26 00:34:18-08:00,2019-11-25 15:14:25-08:00,5.939,20.0,50.0,549.0,America/Los_Angeles
jpl,1_1_191_782_2019-11-25 21:39:45.372971,1-1-191-782,AG-4F50,2019-11-25 13:39:45-08:00,2019-11-25 18:05:17-08:00,2019-11-25 17:38:46-08:00,0.932,0.0,0.0,0.0,America/Los_Angeles
jpl,1_1_179_796_2019-11-25 21:48:49.643155,1-1-179-796,AG-3F24,2019-11-25 13:48:50-08:00,2019-11-25 18:12:00-08:00,2019-11-25 18:12:57-08:00,26.746,56.0,160.0,584.0,America/Los_Angeles
jpl,1_1_179_788_2019-11-25 22:29:56.878179,1-1-179-788,AG-3F22,2019-11-25 14:29:57-08:00,2019-11-25 17:36:21-08:00,2019-11-25 17:37:21-08:00,17.214,20.44,70.0,228.0,America/Los_Angeles
jpl,1_1_179_797_2019-11-25 22:31:26.451353,1-1-179-797,AG-3F23,2019-11-25 14:31:26-08:00,2019-11-25 18:29:12-08:00,2019-11-25 17:38:47-08:00,7.045,7.0,20.0,219.0,America/Los_Angeles
jpl,1_1_193_827_2019-11-25 22:40:13.356132,1-1-193-827,AG-1F02,2019-11-25 14:40:13-08:00,2019-11-25 17:33:05-08:00,2019-11-25 17:34:02-08:00,17.131,40.0,100.0,485.0,America/Los_Angeles
jpl,1_1_178_824_2019-11-25 23:37:49.546599,1-1-178-824,AG-1F07,2019-11-25 15:37:50-08:00,2019-11-25 17:46:29-08:00,2019-11-25 17:47:26-08:00,10.716,44.0,110.0,144.0,America/Los_Angeles
jpl,1_1_178_817_2019-11-26 00:07:29.645886,1-1-178-817,AG-1F09,2019-11-25 16:07:30-08:00,2019-11-25 23:54:16-08:00,2019-11-25 23:55:09-08:00,18.303,64.9,220.0,149.0,America/Los_Angeles
jpl,1_1_178_828_2019-11-26 00:54:51.137353,1-1-178-828,AG-1F10,2019-11-25 16:54:51-08:00,2019-11-25 18:49:02-08:00,2019-11-25 18:44:22-08:00,5.451,8.0,20.0,197.0,America/Los_Angeles
jpl,1_1_179_800_2019-11-26 00:56:59.975541,1-1-179-800,AG-3F32,2019-11-25 16:57:13-08:00,2019-11-25 17:48:01-08:00,2019-11-25 17:49:00-08:00,5.047,24.0,60.0,254.0,America/Los_Angeles
jpl,1_1_194_826_2019-11-26 00:58:41.941511,1-1-194-826,AG-1F11,2019-11-25 16:59:17-08:00,2019-11-25 20:59:13-08:00,2019-11-25 18:29:02-08:00,8.345,14.3,50.0,159.0,America/Los_Angeles
jpl,1_1_193_820_2019-11-26 01:13:12.353177,1-1-193-820,AG-1F04,2019-11-25 17:13:40-08:00,2019-11-25 20:21:15-08:00,2019-11-25 19:42:28-08:00,13.837,20.0,50.0,258.0,America/Los_Angeles
jpl,1_1_194_821_2019-11-26 03:10:59.759699,1-1-194-821,AG-1F13,2019-11-25 19:11:13-08:00,2019-11-25 20:30:02-08:00,2019-11-25 20:30:59-08:00,8.185,56.0,140.0,324.0,America/Los_Angeles
jpl,1_1_193_819_2019-11-26 06:38:19.136847,1-1-193-819,AG-1F06,2019-11-25 22:38:19-08:00,2019-11-26 00:44:02-08:00,2019-11-26 00:30:20-08:00,5.631,8.0,20.0,197.0,America/Los_Angeles
jpl,1_1_178_824_2019-11-26 11:48:33.365571,1-1-178-824,AG-1F07,2019-11-26 03:48:33-08:00,2019-11-26 13:01:19-08:00,2019-11-26 06:23:07-08:00,10.339,48.0,120.0,608.0,America/Los_Angeles
jpl,1_1_194_826_2019-11-26 13:01:05.382518,1-1-194-826,AG-1F11,2019-11-26 05:01:05-08:00,2019-11-26 14:35:39-08:00,2019-11-26 07:35:55-08:00,5.951,8.0,20.0,720.0,America/Los_Angeles
jpl,1_1_194_822_2019-11-26 13:32:09.568515,1-1-194-822,AG-1F12,2019-11-26 05:32:10-08:00,2019-11-26 15:40:22-08:00,2019-11-26 10:46:39-08:00,9.943,9.99,30.0,573.0,America/Los_Angeles
jpl,1_1_178_823_2019-11-26 13:34:14.779020,1-1-178-823,AG-1F08,2019-11-26 05:34:15-08:00,2019-11-26 13:42:22-08:00,2019-11-26 08:21:45-08:00,12.916,30.0,50.0,60.0,America/Los_Angeles
jpl,1_1_178_828_2019-11-26 13:42:02.447723,1-1-178-828,AG-1F10,2019-11-26 05:42:02-08:00,2019-11-26 15:33:40-08:00,2019-11-26 11:27:16-08:00,11.25,12.0,20.0,428.0,America/Los_Angeles
jpl,1_1_193_825_2019-11-26 13:49:52.356652,1-1-193-825,AG-1F01,2019-11-26 05:49:52-08:00,2019-11-26 15:43:28-08:00,2019-11-26 15:24:47-08:00,50.105,70.0,250.0,642.0,America/Los_Angeles
jpl,1_1_178_817_2019-11-26 14:00:29.224961,1-1-178-817,AG-1F09,2019-11-26 06:00:29-08:00,2019-11-26 15:15:36-08:00,2019-11-26 15:16:36-08:00,52.685,77.0,200.0,720.0,America/Los_Angeles
jpl,1_1_193_819_2019-11-26 14:05:27.163955,1-1-193-819,AG-1F06,2019-11-26 06:05:27-08:00,2019-11-26 14:38:17-08:00,2019-11-26 11:27:14-08:00,18.509,20.0,40.0,61.0,America/Los_Angeles
jpl,1_1_193_820_2019-11-26 14:12:29.028358,1-1-193-820,AG-1F04,2019-11-26 06:12:29-08:00,2019-11-26 13:54:28-08:00,2019-11-26 10:40:09-08:00,13.84,20.0,50.0,240.0,America/Los_Angeles
jpl,1_1_193_816_2019-11-26 14:13:34.760526,1-1-193-816,AG-1F05,2019-11-26 06:13:44-08:00,2019-11-26 16:29:36-08:00,2019-11-26 10:58:52-08:00,10.6,63.0,180.0,286.0,America/Los_Angeles
jpl,1_1_193_829_2019-11-26 14:16:31.627762,1-1-193-829,AG-1F03,2019-11-26 06:16:32-08:00,2019-11-26 15:25:59-08:00,2019-11-26 07:29:27-08:00,3.263,8.0,20.0,60.0,America/Los_Angeles
jpl,1_1_194_818_2019-11-26 14:20:51.031207,1-1-194-818,AG-1F14,2019-11-26 06:20:51-08:00,2019-11-26 16:26:11-08:00,2019-11-26 11:25:48-08:00,13.811,40.0,100.0,535.0,America/Los_Angeles
jpl,1_1_194_821_2019-11-26 14:27:43.931143,1-1-194-821,AG-1F13,2019-11-26 06:27:58-08:00,2019-11-26 14:35:18-08:00,2019-11-26 08:52:45-08:00,5.637,12.0,30.0,60.0,America/Los_Angeles
jpl,1_1_193_827_2019-11-26 14:29:31.993838,1-1-193-827,AG-1F02,2019-11-26 06:29:32-08:00,2019-11-26 15:28:25-08:00,2019-11-26 10:20:09-08:00,8.672,16.0,40.0,483.0,America/Los_Angeles
jpl,1_1_179_799_2019-11-26 14:31:27.304662,1-1-179-799,AG-3F25,2019-11-26 06:31:27-08:00,2019-11-26 16:12:23-08:00,2019-11-26 14:50:07-08:00,21.01,32.0,80.0,469.0,America/Los_Angeles
jpl,1_1_191_804_2019-11-26 14:34:14.456468,1-1-191-804,AG-4F34,2019-11-26 06:34:14-08:00,2019-11-26 17:39:10-08:00,2019-11-26 11:40:39-08:00,30.3,45.0,180.0,484.0,America/Los_Angeles
jpl,1_1_179_796_2019-11-26 14:34:51.747033,1-1-179-796,AG-3F24,2019-11-26 06:34:53-08:00,2019-11-26 16:06:37-08:00,2019-11-26 09:08:52-08:00,12.618,30.0,50.0,588.0,America/Los_Angeles
jpl,1_1_179_798_2019-11-26 14:34:55.917769,1-1-179-798,AG-3F18,2019-11-26 06:34:56-08:00,2019-11-26 13:34:29-08:00,2019-11-26 09:33:32-08:00,13.34,20.0,50.0,193.0,America/Los_Angeles
jpl,1_1_179_800_2019-11-26 14:35:34.028271,1-1-179-800,AG-3F32,2019-11-26 06:35:34-08:00,2019-11-26 15:50:05-08:00,2019-11-26 07:07:50-08:00,0.828,0.0,0.0,0.0,America/Los_Angeles
jpl,1_1_179_810_2019-11-26 14:39:19.905051,1-1-179-810,AG-3F30,2019-11-26 06:39:20-08:00,2019-11-26 17:30:39-08:00,2019-11-26 11:07:59-08:00,27.613,69.16,190.0,720.0,America/Los_Angeles
jpl,1_1_179_787_2019-11-26 14:50:25.809189,1-1-179-787,AG-3F16,2019-11-26 06:50:26-08:00,2019-11-26 16:14:08-08:00,2019-11-26 10:15:57-08:00,6.599,12.0,30.0,593.0,America/Los_Angeles
jpl,1_1_179_777_2019-11-26 14:53:30.574965,1-1-179-777,AG-3F28,2019-11-26 06:53:31-08:00,2019-11-26 16:51:42-08:00,2019-11-26 11:01:48-08:00,11.818,16.0,40.0,540.0,America/Los_Angeles
jpl,1_1_191_785_2019-11-26 14:57:54.817150,1-1-191-785,AG-4F48,2019-11-26 06:57:55-08:00,2019-11-26 16:19:17-08:00,2019-11-26 11:31:33-08:00,8.137,12.0,30.0,566.0,America/Los_Angeles
jpl,1_1_179_788_2019-11-26 14:58:20.837774,1-1-179-788,AG-3F22,2019-11-26 06:58:21-08:00,2019-11-26 16:55:02-08:00,2019-11-26 12:16:04-08:00,13.337,24.0,40.0,536.0,America/Los_Angeles
jpl,1_1_191_808_2019-11-26 14:59:03.266541,1-1-191-808,AG-4F35,2019-11-26 06:59:03-08:00,2019-11-26 16:33:09-08:00,2019-11-26 12:08:14-08:00,12.133,16.0,40.0,60.0,America/Los_Angeles
jpl,1_1_179_781_2019-11-26 14:59:26.774608,1-1-179-781,AG-3F31,2019-11-26 06:59:27-08:00,2019-11-26 16:21:23-08:00,2019-11-26 15:24:48-08:00,53.128,56.0,160.0,545.0,America/Los_Angeles
jpl,1_1_191_795_2019-11-26 15:00:12.856494,1-1-191-795,AG-4F51,2019-11-26 07:00:13-08:00,2019-11-26 16:25:48-08:00,2019-11-26 13:50:48-08:00,42.827,45.0,180.0,582.0,America/Los_Angeles
jpl,1_1_179_791_2019-11-26 15:09:31.396777,1-1-179-791,AG-3F26,2019-11-26 07:09:31-08:00,2019-11-26 16:58:04-08:00,2019-11-26 11:08:21-08:00,8.38,16.0,40.0,518.0,America/Los_Angeles
jpl,1_1_179_797_2019-11-26 15:12:46.162575,1-1-179-797,AG-3F23,2019-11-26 07:12:46-08:00,2019-11-26 11:41:59-08:00,2019-11-26 09:28:02-08:00,5.575,8.0,20.0,60.0,America/Los_Angeles
jpl,1_1_179_815_2019-11-26 15:15:21.783120,1-1-179-815,AG-3F33,2019-11-26 07:15:22-08:00,2019-11-26 17:35:47-08:00,2019-11-26 10:56:12-08:00,7.128,16.0,40.0,650.0,America/Los_Angeles
jpl,1_1_179_794_2019-11-26 15:15:27.637148,1-1-179-794,AG-3F20,2019-11-26 07:15:28-08:00,2019-11-26 16:31:10-08:00,2019-11-26 10:47:18-08:00,17.122,40.0,100.0,517.0,America/Los_Angeles
jpl,1_1_179_809_2019-11-26 15:18:56.018006,1-1-179-809,AG-3F27,2019-11-26 07:18:56-08:00,2019-11-26 11:08:05-08:00,2019-11-26 11:09:02-08:00,22.509,40.0,100.0,398.0,America/Los_Angeles
jpl,1_1_179_779_2019-11-26 15:19:46.738555,1-1-179-779,AG-3F17,2019-11-26 07:19:47-08:00,2019-11-26 16:34:00-08:00,2019-11-26 13:32:32-08:00,35.739,40.0,160.0,537.0,America/Los_Angeles
jpl,1_1_191_780_2019-11-26 15:22:13.073396,1-1-191-780,AG-4F45,2019-11-26 07:22:17-08:00,2019-11-26 17:23:38-08:00,2019-11-26 11:06:32-08:00,14.043,31.08,70.0,370.0,America/Los_Angeles
jpl,1_1_191_803_2019-11-26 15:24:29.517918,1-1-191-803,AG-4F49,2019-11-26 07:24:30-08:00,2019-11-26 15:27:34-08:00,2019-11-26 13:52:01-08:00,39.517493888888886,80.0,200.0,404.0,America/Los_Angeles
jpl,1_1_179_790_2019-11-26 15:26:50.553390,1-1-179-790,AG-3F19,2019-11-26 07:26:51-08:00,2019-11-26 09:25:20-08:00,2019-11-26 09:26:20-08:00,6.96,12.0,30.0,293.0,America/Los_Angeles
jpl,1_1_179_813_2019-11-26 15:29:26.598230,1-1-179-813,AG-3F15,2019-11-26 07:29:27-08:00,2019-11-26 16:57:42-08:00,2019-11-26 10:00:40-08:00,5.266,6.66,20.0,493.0,America/Los_Angeles
jpl,1_1_179_801_2019-11-26 15:30:32.347687,1-1-179-801,AG-3F21,2019-11-26 07:30:32-08:00,2019-11-26 16:59:03-08:00,2019-11-26 14:09:18-08:00,32.027,28.0,70.0,552.0,America/Los_Angeles
jpl,1_1_191_802_2019-11-26 15:30:43.999709,1-1-191-802,AG-4F44,2019-11-26 07:30:44-08:00,2019-11-26 12:19:23-08:00,2019-11-26 12:16:39-08:00,12.319,30.0,50.0,375.0,America/Los_Angeles
jpl,1_1_191_778_2019-11-26 15:39:06.326269,1-1-191-778,AG-4F43,2019-11-26 07:39:06-08:00,2019-11-26 16:53:34-08:00,2019-11-26 12:33:34-08:00,6.712,10.0,20.0,502.0,America/Los_Angeles
jpl,1_1_191_812_2019-11-26 15:39:12.749394,1-1-191-812,AG-4F46,2019-11-26 07:39:13-08:00,2019-11-26 18:28:07-08:00,2019-11-26 14:39:03-08:00,7.738,7.5,30.0,252.0,America/Los_Angeles
jpl,1_1_191_811_2019-11-26 15:41:15.054478,1-1-191-811,AG-4F42,2019-11-26 07:41:33-08:00,2019-11-26 13:24:31-08:00,2019-11-26 11:39:08-08:00,10.026,24.0,60.0,203.0,America/Los_Angeles
jpl,1_1_191_807_2019-11-26 15:45:54.728891,1-1-191-807,AG-4F47,2019-11-26 07:45:55-08:00,2019-11-26 11:28:10-08:00,2019-11-26 10:25:16-08:00,9.037,12.0,60.0,414.0,America/Los_Angeles
jpl,1_1_191_806_2019-11-26 15:51:26.208295,1-1-191-806,AG-4F41,2019-11-26 07:51:26-08:00,2019-11-26 15:50:22-08:00,2019-11-26 09:22:41-08:00,4.052,16.0,40.0,211.0,America/Los_Angeles
jpl,1_1_191_805_2019-11-26 15:52:33.796347,1-1-191-805,AG-4F39,2019-11-26 07:52:34-08:00,2019-11-26 19:41:49-08:00,2019-11-26 11:26:30-08:00,6.487,16.0,40.0,368.0,America/Los_Angeles
jpl,1_1_191_782_2019-11-26 15:53:36.607828,1-1-191-782,AG-4F50,2019-11-26 07:53:37-08:00,2019-11-26 19:51:40-08:00,2019-11-26 12:50:54-08:00,13.958,15.0,60.0,611.0,America/Los_Angeles
jpl,1_1_191_792_2019-11-26 15:56:02.748117,1-1-191-792,AG-4F37,2019-11-26 07:56:13-08:00,2019-11-26 16:54:51-08:00,2019-11-26 12:57:27-08:00,12.808,20.0,50.0,60.0,America/Los_Angeles
jpl,1_1_191_784_2019-11-26 15:57:10.584946,1-1-191-784,AG-4F40,2019-11-26 07:57:11-08:00,2019-11-26 21:27:11-08:00,2019-11-26 11:40:34-08:00,6.436,10.15,29.0,214.0,America/Los_Angeles
jpl,1_1_191_786_2019-11-26 16:00:28.067538,1-1-191-786,AG-4F36,2019-11-26 08:00:28-08:00,2019-11-26 10:26:48-08:00,2019-11-26 10:27:48-08:00,13.457,48.75,130.0,453.0,America/Los_Angeles
jpl,1_1_191_793_2019-11-26 16:22:03.250287,1-1-191-793,AG-4F38,2019-11-26 08:22:03-08:00,2019-11-26 17:15:29-08:00,2019-11-26 11:12:47-08:00,14.814,16.0,40.0,181.0,America/Los_Angeles
jpl,1_1_179_790_2019-11-26 17:29:04.323327,1-1-179-790,AG-3F19,2019-11-26 09:29:04-08:00,2019-11-26 17:15:43-08:00,2019-11-26 11:04:20-08:00,8.25,4.58,20.0,246.0,America/Los_Angeles
jpl,1_1_191_786_2019-11-26 18:30:44.381351,1-1-191-786,AG-4F36,2019-11-26 10:31:04-08:00,2019-11-26 16:03:04-08:00,2019-11-26 12:37:55-08:00,12.1,20.0,50.0,380.0,America/Los_Angeles
jpl,1_1_179_809_2019-11-26 19:26:40.388921,1-1-179-809,AG-3F27,2019-11-26 11:26:40-08:00,2019-11-26 15:37:10-08:00,2019-11-26 15:24:47-08:00,25.829,44.0,220.0,447.0,America/Los_Angeles
jpl,1_1_179_797_2019-11-26 19:46:03.479591,1-1-179-797,AG-3F23,2019-11-26 11:46:03-08:00,2019-11-26 11:57:49-08:00,2019-11-26 11:58:49-08:00,1.066,8.0,20.0,258.0,America/Los_Angeles
jpl,1_1_179_797_2019-11-26 20:20:28.275122,1-1-179-797,AG-3F23,2019-11-26 12:20:28-08:00,2019-11-26 17:07:49-08:00,2019-11-26 13:21:54-08:00,2.905,8.0,20.0,60.0,America/Los_Angeles
jpl,1_1_191_802_2019-11-26 20:26:17.328975,1-1-191-802,AG-4F44,2019-11-26 12:26:17-08:00,2019-11-26 17:13:50-08:00,2019-11-26 14:33:04-08:00,6.154,8.0,20.0,359.0,America/Los_Angeles
jpl,1_1_179_783_2019-11-26 20:40:27.767485,1-1-179-783,AG-3F29,2019-11-26 12:40:28-08:00,2019-11-26 17:08:30-08:00,2019-11-26 14:30:34-08:00,10.559,64.9,220.0,149.0,America/Los_Angeles
jpl,1_1_191_807_2019-11-26 20:47:46.088655,1-1-191-807,AG-4F47,2019-11-26 12:47:46-08:00,2019-11-26 16:11:03-08:00,2019-11-26 13:05:16-08:00,1.503,12.0,60.0,414.0,America/Los_Angeles
jpl,1_1_178_824_2019-11-26 21:25:12.476750,1-1-178-824,AG-1F07,2019-11-26 13:25:12-08:00,2019-11-26 17:42:08-08:00,2019-11-26 15:24:50-08:00,22.941,40.0,100.0,210.0,America/Los_Angeles
jpl,1_1_178_823_2019-11-26 21:44:51.708608,1-1-178-823,AG-1F08,2019-11-26 13:44:52-08:00,2019-11-26 16:15:51-08:00,2019-11-26 15:24:48-08:00,7.503,16.0,40.0,152.0,America/Los_Angeles
jpl,1_1_179_798_2019-11-26 21:49:35.562723,1-1-179-798,AG-3F18,2019-11-26 13:49:36-08:00,2019-11-26 17:04:40-08:00,2019-11-26 15:24:47-08:00,19.083,8.0,20.0,60.0,America/Los_Angeles
jpl,1_1_191_811_2019-11-26 22:03:20.916228,1-1-191-811,AG-4F42,2019-11-26 14:03:21-08:00,2019-11-26 16:59:06-08:00,2019-11-26 15:24:48-08:00,4.191,8.0,20.0,68.0,America/Los_Angeles
jpl,1_1_193_820_2019-11-26 22:17:54.692328,1-1-193-820,AG-1F04,2019-11-26 14:17:55-08:00,2019-11-26 17:18:28-08:00,2019-11-26 15:24:48-08:00,14.354,24.03,90.0,207.0,America/Los_Angeles
jpl,1_1_191_789_2019-11-26 22:26:44.105216,1-1-191-789,AG-4F52,2019-11-26 14:26:44-08:00,2019-11-26 19:34:15-08:00,2019-11-26 15:24:49-08:00,26.424,35.0,140.0,324.0,America/Los_Angeles
jpl,1_1_194_826_2019-11-26 23:14:31.423901,1-1-194-826,AG-1F11,2019-11-26 15:14:31-08:00,2019-11-26 19:49:55-08:00,2019-11-26 15:24:48-08:00,16.066,16.0,40.0,222.0,America/Los_Angeles
jpl,1_1_193_819_2019-11-26 23:16:53.179013,1-1-193-819,AG-1F06,2019-11-26 15:16:53-08:00,2019-11-26 17:04:20-08:00,2019-11-26 15:24:48-08:00,10.265,48.0,120.0,144.0,America/Los_Angeles
jpl,1_1_178_817_2019-11-26 23:17:26.238372,1-1-178-817,AG-1F09,2019-11-26 15:17:26-08:00,2019-11-26 19:16:30-08:00,2019-11-26 15:24:49-08:00,0.702,20.0,50.0,235.0,America/Los_Angeles
jpl,1_1_194_821_2019-11-26 23:26:33.344938,1-1-194-821,AG-1F13,2019-11-26 15:26:33-08:00,2019-11-26 16:00:41-08:00,,1.769,8.0,20.0,30.0,America/Los_Angeles
jpl,1_1_179_809_2019-11-26 23:56:08.290198,1-1-179-809,AG-3F27,2019-11-26 15:56:21-08:00,2019-11-26 17:08:20-08:00,,5.923,8.0,20.0,292.0,America/Los_Angeles
jpl,1_1_179_799_2019-11-27 00:17:26.452347,1-1-179-799,AG-3F25,2019-11-26 16:17:26-08:00,2019-11-26 17:13:36-08:00,,3.955,16.0,40.0,32.0,America/Los_Angeles
jpl,1_1_178_823_2019-11-27 04:33:42.487285,1-1-178-823,AG-1F08,2019-11-26 20:33:42-08:00,2019-11-26 23:06:44-08:00,,5.526,8.0,20.0,197.0,America/Los_Angeles
jpl,1_1_194_826_2019-11-27 12:45:48.342586,1-1-194-826,AG-1F11,2019-11-27 04:45:48-08:00,2019-11-27 13:12:17-08:00,2019-11-27 13:11:43-08:00,1.114,0.0,0.0,0.0,America/Los_Angeles
jpl,1_1_194_822_2019-11-27 13:23:05.509677,1-1-194-822,AG-1F12,2019-11-27 05:23:06-08:00,2019-11-27 13:36:20-08:00,2019-11-27 11:14:02-08:00,11.29,9.99,30.0,573.0,America/Los_Angeles
jpl,1_1_178_823_2019-11-27 13:38:53.935908,1-1-178-823,AG-1F08,2019-11-27 05:38:54-08:00,2019-11-27 14:05:01-08:00,2019-11-27 11:45:05-08:00,12.326,12.0,20.0,546.0,America/Los_Angeles
jpl,1_1_193_829_2019-11-27 13:42:01.963349,1-1-193-829,AG-1F03,2019-11-27 05:42:02-08:00,2019-11-27 14:02:06-08:00,2019-11-27 10:40:10-08:00,3.534,8.0,20.0,60.0,America/Los_Angeles
jpl,1_1_193_825_2019-11-27 13:54:51.576342,1-1-193-825,AG-1F01,2019-11-27 05:54:52-08:00,2019-11-27 12:40:09-08:00,2019-11-27 12:41:08-08:00,38.718,70.0,250.0,642.0,America/Los_Angeles
jpl,1_1_193_819_2019-11-27 14:09:18.992786,1-1-193-819,AG-1F06,2019-11-27 06:09:19-08:00,2019-11-27 11:30:25-08:00,2019-11-27 10:40:08-08:00,13.278,20.0,50.0,193.0,America/Los_Angeles
jpl,1_1_178_828_2019-11-27 14:16:35.137141,1-1-178-828,AG-1F10,2019-11-27 06:16:35-08:00,2019-11-27 11:32:45-08:00,2019-11-27 11:16:53-08:00,20.055,20.0,40.0,61.0,America/Los_Angeles
jpl,1_1_178_824_2019-11-27 14:18:01.449975,1-1-178-824,AG-1F07,2019-11-27 06:18:01-08:00,2019-11-27 11:35:03-08:00,2019-11-27 10:40:08-08:00,0.825,0.0,0.0,0.0,America/Los_Angeles
jpl,1_1_178_817_2019-11-27 14:23:44.821261,1-1-178-817,AG-1F09,2019-11-27 06:23:51-08:00,2019-11-27 15:24:20-08:00,2019-11-27 10:40:09-08:00,10.541,32.0,80.0,503.0,America/Los_Angeles
jpl,1_1_191_804_2019-11-27 14:24:46.765871,1-1-191-804,AG-4F34,2019-11-27 06:24:47-08:00,2019-11-27 16:51:37-08:00,2019-11-27 12:25:23-08:00,34.22,45.0,180.0,484.0,America/Los_Angeles
jpl,1_1_193_816_2019-11-27 14:27:03.499526,1-1-193-816,AG-1F05,2019-11-27 06:27:03-08:00,2019-11-27 14:10:25-08:00,2019-11-27 10:40:08-08:00,14.278,40.0,100.0,451.0,America/Los_Angeles
jpl,1_1_194_821_2019-11-27 14:29:44.204404,1-1-194-821,AG-1F13,2019-11-27 06:30:00-08:00,2019-11-27 15:01:18-08:00,2019-11-27 13:00:25-08:00,32.449,69.16,190.0,720.0,America/Los_Angeles
jpl,1_1_179_787_2019-11-27 14:31:41.783167,1-1-179-787,AG-3F16,2019-11-27 06:31:42-08:00,2019-11-27 12:43:32-08:00,2019-11-27 10:40:11-08:00,8.77,16.0,40.0,62.0,America/Los_Angeles
jpl,1_1_191_808_2019-11-27 14:51:25.618696,1-1-191-808,AG-4F35,2019-11-27 06:51:26-08:00,2019-11-27 14:25:47-08:00,2019-11-27 11:36:11-08:00,11.514,16.0,40.0,122.0,America/Los_Angeles
jpl,1_1_179_796_2019-11-27 15:01:16.847524,1-1-179-796,AG-3F24,2019-11-27 07:01:17-08:00,2019-11-27 13:58:20-08:00,2019-11-27 12:05:08-08:00,11.89,30.0,50.0,500.0,America/Los_Angeles
jpl,1_1_179_799_2019-11-27 15:01:11.088086,1-1-179-799,AG-3F25,2019-11-27 07:01:36-08:00,2019-11-27 16:07:45-08:00,2019-11-27 12:02:30-08:00,29.505,40.0,100.0,568.0,America/Los_Angeles
jpl,1_1_179_810_2019-11-27 15:06:02.892373,1-1-179-810,AG-3F30,2019-11-27 07:06:03-08:00,2019-11-27 12:42:59-08:00,2019-11-27 12:16:40-08:00,30.608,40.04,140.0,720.0,America/Los_Angeles
jpl,1_1_179_777_2019-11-27 15:12:18.254486,1-1-179-777,AG-3F28,2019-11-27 07:12:18-08:00,2019-11-27 14:52:37-08:00,2019-11-27 14:53:37-08:00,46.377,54.0,180.0,413.0,America/Los_Angeles
jpl,1_1_179_800_2019-11-27 15:12:59.805049,1-1-179-800,AG-3F32,2019-11-27 07:13:00-08:00,2019-11-27 11:32:02-08:00,2019-11-27 11:25:10-08:00,23.914,40.0,160.0,444.0,America/Los_Angeles
jpl,1_1_191_803_2019-11-27 15:18:45.986125,1-1-191-803,AG-4F49,2019-11-27 07:18:46-08:00,2019-11-27 13:35:57-08:00,2019-11-27 13:36:54-08:00,7.632,10.0,40.0,266.0,America/Los_Angeles
jpl,1_1_179_783_2019-11-27 15:19:13.568190,1-1-179-783,AG-3F29,2019-11-27 07:19:14-08:00,2019-11-27 14:12:36-08:00,2019-11-27 10:57:30-08:00,19.061,40.0,100.0,517.0,America/Los_Angeles
jpl,1_1_193_820_2019-11-27 15:23:52.351402,1-1-193-820,AG-1F04,2019-11-27 07:23:52-08:00,2019-11-27 18:28:36-08:00,2019-11-27 11:51:32-08:00,15.356,17.5,70.0,398.0,America/Los_Angeles
jpl,1_1_193_827_2019-11-27 15:25:01.602142,1-1-193-827,AG-1F02,2019-11-27 07:25:02-08:00,2019-11-27 16:21:17-08:00,2019-11-27 10:47:00-08:00,6.075,10.15,29.0,214.0,America/Los_Angeles
jpl,1_1_194_818_2019-11-27 15:25:11.391662,1-1-194-818,AG-1F14,2019-11-27 07:25:11-08:00,2019-11-27 13:32:00-08:00,2019-11-27 13:23:17-08:00,25.875,36.0,90.0,506.0,America/Los_Angeles
jpl,1_1_191_780_2019-11-27 15:27:05.495101,1-1-191-780,AG-4F45,2019-11-27 07:27:05-08:00,2019-11-27 14:12:10-08:00,2019-11-27 10:40:11-08:00,10.507,40.0,100.0,395.0,America/Los_Angeles
jpl,1_1_179_791_2019-11-27 15:38:31.698042,1-1-179-791,AG-3F26,2019-11-27 07:38:38-08:00,2019-11-27 15:24:28-08:00,2019-11-27 10:40:10-08:00,13.626,31.08,70.0,370.0,America/Los_Angeles
jpl,1_1_191_812_2019-11-27 15:47:40.659583,1-1-191-812,AG-4F46,2019-11-27 07:47:41-08:00,2019-11-27 14:11:14-08:00,2019-11-27 11:06:19-08:00,19.421,24.0,60.0,367.0,America/Los_Angeles
jpl,1_1_179_809_2019-11-27 15:49:51.564300,1-1-179-809,AG-3F27,2019-11-27 07:49:52-08:00,2019-11-27 16:55:31-08:00,2019-11-27 11:40:56-08:00,16.184,5.34,20.0,161.0,America/Los_Angeles
jpl,1_1_179_781_2019-11-27 15:51:03.781903,1-1-179-781,AG-3F31,2019-11-27 07:51:04-08:00,2019-11-27 16:20:04-08:00,2019-11-27 15:55:59-08:00,1.178,0.0,0.0,0.0,America/Los_Angeles
jpl,1_1_191_778_2019-11-27 16:07:20.984249,1-1-191-778,AG-4F43,2019-11-27 08:07:21-08:00,2019-11-27 13:53:48-08:00,2019-11-27 11:34:39-08:00,7.202,10.0,40.0,252.0,America/Los_Angeles
jpl,1_1_179_794_2019-11-27 16:16:55.656413,1-1-179-794,AG-3F20,2019-11-27 08:16:56-08:00,2019-11-27 14:50:24-08:00,2019-11-27 11:48:02-08:00,14.59,16.0,40.0,61.0,America/Los_Angeles
jpl,1_1_191_793_2019-11-27 16:21:35.090214,1-1-191-793,AG-4F38,2019-11-27 08:21:35-08:00,2019-11-27 14:00:06-08:00,2019-11-27 14:01:06-08:00,32.598,45.0,180.0,314.0,America/Los_Angeles
jpl,1_1_191_789_2019-11-27 16:22:07.230627,1-1-191-789,AG-4F52,2019-11-27 08:22:17-08:00,2019-11-27 09:38:13-08:00,,7.407,40.0,100.0,270.0,America/Los_Angeles
jpl,1_1_191_795_2019-11-27 16:26:52.735228,1-1-191-795,AG-4F51,2019-11-27 08:27:11-08:00,2019-11-27 13:16:16-08:00,2019-11-27 13:17:13-08:00,12.363,6.0,20.0,245.0,America/Los_Angeles
jpl,1_1_191_811_2019-11-27 16:41:07.081467,1-1-191-811,AG-4F42,2019-11-27 08:41:07-08:00,2019-11-27 10:03:17-08:00,,2.302,12.0,30.0,92.0,America/Los_Angeles
jpl,1_1_179_798_2019-11-27 16:44:08.977829,1-1-179-798,AG-3F18,2019-11-27 08:44:09-08:00,2019-11-27 14:19:29-08:00,2019-11-27 10:40:08-08:00,8.37,20.44,70.0,228.0,America/Los_Angeles
jpl,1_1_179_788_2019-11-27 16:49:48.727400,1-1-179-788,AG-3F22,2019-11-27 08:49:49-08:00,2019-11-27 13:46:01-08:00,2019-11-27 10:40:11-08:00,8.966,30.0,80.0,521.0,America/Los_Angeles
jpl,1_1_179_801_2019-11-27 17:04:47.174189,1-1-179-801,AG-3F21,2019-11-27 09:04:47-08:00,2019-11-27 14:33:19-08:00,2019-11-27 13:11:38-08:00,23.39,75.0,300.0,720.0,America/Los_Angeles
jpl,1_1_179_815_2019-11-27 17:19:21.526821,1-1-179-815,AG-3F33,2019-11-27 09:19:22-08:00,2019-11-27 14:15:58-08:00,2019-11-27 14:16:58-08:00,11.626,16.0,40.0,284.0,America/Los_Angeles
jpl,1_1_179_797_2019-11-27 17:20:10.493079,1-1-179-797,AG-3F23,2019-11-27 09:20:10-08:00,2019-11-27 14:52:46-08:00,2019-11-27 11:37:59-08:00,6.2,20.0,50.0,549.0,America/Los_Angeles
jpl,1_1_191_807_2019-11-27 17:30:47.086089,1-1-191-807,AG-4F47,2019-11-27 09:30:47-08:00,2019-11-27 13:41:44-08:00,2019-11-27 13:42:41-08:00,11.896,20.0,50.0,241.0,America/Los_Angeles
jpl,1_1_179_779_2019-11-27 17:54:54.563452,1-1-179-779,AG-3F17,2019-11-27 09:54:55-08:00,2019-11-27 13:52:48-08:00,2019-11-27 11:51:35-08:00,8.543,60.0,150.0,238.0,America/Los_Angeles
jpl,1_1_179_813_2019-11-27 17:57:28.428164,1-1-179-813,AG-3F15,2019-11-27 09:57:28-08:00,2019-11-27 13:34:52-08:00,2019-11-27 12:38:13-08:00,10.298,24.03,90.0,303.0,America/Los_Angeles
jpl,1_1_179_790_2019-11-27 18:29:39.435482,1-1-179-790,AG-3F19,2019-11-27 10:30:55-08:00,2019-11-27 16:06:21-08:00,2019-11-27 13:12:08-08:00,8.13,20.0,50.0,420.0,America/Los_Angeles
jpl,1_1_191_792_2019-11-27 18:44:00.965080,1-1-191-792,AG-4F37,2019-11-27 10:44:13-08:00,2019-11-27 16:09:59-08:00,2019-11-27 13:07:37-08:00,13.354,20.0,50.0,483.0,America/Los_Angeles
jpl,1_1_179_787_2019-11-27 20:52:21.999918,1-1-179-787,AG-3F16,2019-11-27 12:52:22-08:00,2019-11-27 13:55:49-08:00,2019-11-27 13:56:49-08:00,6.296,8.0,20.0,135.0,America/Los_Angeles
jpl,1_1_193_825_2019-11-27 21:15:53.284505,1-1-193-825,AG-1F01,2019-11-27 13:15:53-08:00,2019-11-27 14:32:52-08:00,2019-11-27 14:33:52-08:00,7.69,28.0,80.0,337.0,America/Los_Angeles
jpl,1_1_193_819_2019-11-27 21:36:19.223149,1-1-193-819,AG-1F06,2019-11-27 13:36:19-08:00,2019-11-27 16:20:51-08:00,2019-11-27 16:21:51-08:00,15.953,59.62,220.0,235.0,America/Los_Angeles
jpl,1_1_194_818_2019-11-27 21:52:29.569613,1-1-194-818,AG-1F14,2019-11-27 13:52:30-08:00,2019-11-27 16:46:36-08:00,2019-11-27 16:47:33-08:00,8.883,16.0,40.0,155.0,America/Los_Angeles
jpl,1_1_178_824_2019-11-27 22:40:39.290528,1-1-178-824,AG-1F07,2019-11-27 14:40:39-08:00,2019-11-27 15:56:39-08:00,2019-11-27 15:57:39-08:00,7.912,12.0,20.0,64.0,America/Los_Angeles
jpl,1_1_179_800_2019-11-27 23:46:49.521189,1-1-179-800,AG-3F32,2019-11-27 15:47:05-08:00,2019-11-27 21:58:36-08:00,2019-11-27 21:59:33-08:00,38.707,32.13,90.0,302.0,America/Los_Angeles
jpl,1_1_193_825_2019-11-28 00:12:57.320828,1-1-193-825,AG-1F01,2019-11-27 16:12:57-08:00,2019-11-27 17:53:54-08:00,2019-11-27 17:54:51-08:00,10.087,48.0,120.0,109.0,America/Los_Angeles
jpl,1_1_193_829_2019-11-28 18:55:49.160357,1-1-193-829,AG-1F03,2019-11-28 10:55:49-08:00,2019-11-28 13:04:25-08:00,2019-11-28 13:05:25-08:00,12.922,32.0,80.0,139.0,America/Los_Angeles
jpl,1_1_178_817_2019-11-28 21:43:24.658527,1-1-178-817,AG-1F09,2019-11-28 13:45:23-08:00,2019-11-28 15:57:56-08:00,2019-11-28 15:58:56-08:00,14.163,20.0,50.0,182.0,America/Los_Angeles
jpl,1_1_194_821_2019-11-29 14:48:45.726327,1-1-194-821,AG-1F13,2019-11-29 06:48:46-08:00,2019-11-29 09:21:20-08:00,2019-11-29 09:06:07-08:00,13.322,20.0,50.0,193.0,America/Los_Angeles
jpl,1_1_178_823_2019-11-29 17:08:46.678410,1-1-178-823,AG-1F08,2019-11-29 09:08:58-08:00,2019-11-29 10:51:06-08:00,2019-11-29 10:52:06-08:00,10.751,12.0,30.0,146.0,America/Los_Angeles
jpl,1_1_193_829_2019-11-29 19:28:10.615339,1-1-193-829,AG-1F03,2019-11-29 11:28:11-08:00,2019-11-29 13:49:09-08:00,2019-11-29 13:50:08-08:00,13.798,48.0,120.0,139.0,America/Los_Angeles
