,Charging Current (A),Actual Pilot (A),Voltage (V),Charging State,Energy Delivered (kWh),Power (kW)
2020-08-29T14:01:38+00:00,0.0,30.0,210.3,READY,0.0,0.0
2020-08-29T14:01:42+00:00,0.3,8.0,210.3,READY,3.33333333333e-06,0.002
2020-08-29T14:01:46+00:00,1.1,8.0,210.2,ADAPTIVE,1.08333333333e-05,0.024
2020-08-29T14:01:50+00:00,5.3,8.0,209.7,ADAPTIVE,0.000301666666667,1.119
2020-08-29T14:01:53+00:00,7.9,8.0,209.3,ADAPTIVE,0.00205777777778,1.65
2020-08-29T14:01:57+00:00,7.9,8.0,209.4,ADAPTIVE,0.0038597222222199997,1.652
2020-08-29T14:02:01+00:00,7.9,8.0,209.1,ADAPTIVE,0.00566916666667,1.648
2020-08-29T14:02:05+00:00,7.9,8.0,209.1,ADAPTIVE,0.00747055555556,1.655
2020-08-29T14:02:09+00:00,7.9,8.0,209.1,ADAPTIVE,0.00928,1.658
2020-08-29T14:02:13+00:00,7.9,8.0,209.3,ADAPTIVE,0.011082222222199999,1.658
2020-08-29T14:02:17+00:00,7.9,8.0,209.2,ADAPTIVE,0.012884999999999999,1.653
2020-08-29T14:02:21+00:00,7.8,8.0,209.2,ADAPTIVE,0.0146947222222,1.646
2020-08-29T14:02:25+00:00,7.8,8.0,209.4,ADAPTIVE,0.016497222222199997,1.647
2020-08-29T14:02:29+00:00,7.9,8.0,209.4,ADAPTIVE,0.018306944444399998,1.652
2020-08-29T14:02:33+00:00,7.9,8.0,209.2,ADAPTIVE,0.0201094444444,1.654
2020-08-29T14:02:37+00:00,7.8,8.0,209.3,ADAPTIVE,0.021919166666699998,1.648
2020-08-29T14:02:41+00:00,7.9,32.0,209.3,ADAPTIVE,0.0237216666667,1.6689999999999998
2020-08-29T14:02:45+00:00,15.6,32.0,207.9,ADAPTIVE,0.026717222222199997,3.267
2020-08-29T14:02:49+00:00,15.8,32.0,207.8,ADAPTIVE,0.0303283333333,3.298
2020-08-29T14:02:53+00:00,25.9,32.0,206.5,ADAPTIVE,0.0346363888889,5.359999999999999
2020-08-29T14:02:56+00:00,31.4,32.0,205.7,ADAPTIVE,0.0414061111111,6.468999999999999
2020-08-29T14:03:00+00:00,31.2,32.0,205.9,ADAPTIVE,0.048242222222199996,6.415
2020-08-29T14:03:04+00:00,31.2,32.0,205.4,ADAPTIVE,0.055243611111099995,6.436999999999999
2020-08-29T14:03:08+00:00,31.1,32.0,205.4,ADAPTIVE,0.062220833333299995,6.404
2020-08-29T14:03:12+00:00,31.1,32.0,205.8,ADAPTIVE,0.0692263888889,6.414
2020-08-29T14:03:16+00:00,31.2,32.0,205.5,ADAPTIVE,0.0762033333333,6.412999999999999
2020-08-29T14:03:20+00:00,31.1,32.0,205.7,ADAPTIVE,0.0832061111111,6.420999999999999
2020-08-29T14:03:24+00:00,31.3,32.0,205.8,ADAPTIVE,0.09017638888889999,6.452
2020-08-29T14:03:28+00:00,31.4,32.0,205.8,ADAPTIVE,0.0971808333333,6.459
2020-08-29T14:03:32+00:00,31.3,32.0,205.9,ADAPTIVE,0.10418972222199999,6.465999999999999
2020-08-29T14:03:36+00:00,31.4,32.0,205.6,ADAPTIVE,0.11123138888899999,6.476
2020-08-29T14:03:40+00:00,31.4,32.0,205.8,ADAPTIVE,0.118243611111,6.483
2020-08-29T14:03:44+00:00,31.4,32.0,206.1,ADAPTIVE,0.1252875,6.468
2020-08-29T14:03:48+00:00,31.0,32.0,205.7,ADAPTIVE,0.13226444444399998,6.393
2020-08-29T14:03:52+00:00,31.2,32.0,205.6,ADAPTIVE,0.139265555556,6.435
2020-08-29T14:03:56+00:00,31.1,32.0,205.7,ADAPTIVE,0.14623916666700001,6.406
2020-08-29T14:04:00+00:00,31.1,32.0,205.7,ADAPTIVE,0.153238611111,6.409
2020-08-29T14:04:03+00:00,31.4,32.0,205.7,ADAPTIVE,0.160231666667,6.463
2020-08-29T14:04:07+00:00,31.4,32.0,205.8,ADAPTIVE,0.167273888889,6.4719999999999995
2020-08-29T14:04:11+00:00,31.3,32.0,205.6,ADAPTIVE,0.17431638888899997,6.452999999999999
2020-08-29T14:04:15+00:00,31.3,32.0,205.6,ADAPTIVE,0.181323611111,6.4479999999999995
2020-08-29T14:04:19+00:00,31.1,32.0,205.7,ADAPTIVE,0.188343888889,6.4079999999999995
2020-08-29T14:04:23+00:00,31.3,32.0,205.5,ADAPTIVE,0.195311666667,6.444999999999999
2020-08-29T14:04:27+00:00,31.4,32.0,205.6,ADAPTIVE,0.202314166667,6.4719999999999995
2020-08-29T14:04:31+00:00,31.3,32.0,205.9,ADAPTIVE,0.20929,6.444999999999999
2020-08-29T14:04:35+00:00,31.4,32.0,205.5,ADAPTIVE,0.216295,6.468999999999999
2020-08-29T14:04:39+00:00,31.2,32.0,205.6,ADAPTIVE,0.22327277777799998,6.414
2020-08-29T14:04:43+00:00,31.2,32.0,205.8,ADAPTIVE,0.230276944444,6.428
2020-08-29T14:04:47+00:00,31.4,32.0,205.8,ADAPTIVE,0.237286666667,6.476
2020-08-29T14:04:51+00:00,31.3,32.0,205.6,ADAPTIVE,0.244324722222,6.449999999999999
2020-08-29T14:04:55+00:00,31.1,32.0,205.7,ADAPTIVE,0.251314444444,6.4079999999999995
2020-08-29T14:04:59+00:00,31.1,32.0,205.7,ADAPTIVE,0.258309166667,6.4159999999999995
2020-08-29T14:05:03+00:00,31.1,32.0,205.4,ADAPTIVE,0.26528027777799995,6.4079999999999995
2020-08-29T14:05:06+00:00,31.2,32.0,205.6,ADAPTIVE,0.272285277778,6.441
2020-08-29T14:05:10+00:00,31.3,32.0,205.3,ADAPTIVE,0.279259722222,6.449999999999999
2020-08-29T14:05:14+00:00,31.3,32.0,205.6,ADAPTIVE,0.28626055555599994,6.4399999999999995
2020-08-29T14:05:18+00:00,31.3,32.0,205.6,ADAPTIVE,0.293228333333,6.444999999999999
2020-08-29T14:05:22+00:00,31.2,32.0,205.5,ADAPTIVE,0.300230555556,6.425
2020-08-29T14:05:26+00:00,31.2,32.0,205.7,ADAPTIVE,0.307203333333,6.418
2020-08-29T14:05:30+00:00,31.1,32.0,205.6,ADAPTIVE,0.314201944444,6.411
2020-08-29T14:05:34+00:00,31.3,32.0,205.7,ADAPTIVE,0.321169722222,6.443
2020-08-29T14:05:38+00:00,31.3,32.0,205.7,ADAPTIVE,0.32817277777799997,6.446
2020-08-29T14:05:42+00:00,31.2,32.0,205.9,ADAPTIVE,0.335143888889,6.433
2020-08-29T14:05:46+00:00,31.5,32.0,205.6,ADAPTIVE,0.342155277778,6.481
2020-08-29T14:05:50+00:00,31.3,32.0,205.6,ADAPTIVE,0.349159166667,6.452
2020-08-29T14:05:54+00:00,31.3,32.0,205.5,ADAPTIVE,0.356190555556,6.444999999999999
2020-08-29T14:05:58+00:00,31.4,32.0,205.4,ADAPTIVE,0.363191944444,6.46
2020-08-29T14:06:02+00:00,31.4,32.0,205.6,ADAPTIVE,0.370223611111,6.465
2020-08-29T14:06:06+00:00,31.2,32.0,205.5,ADAPTIVE,0.377214166667,6.431
2020-08-29T14:06:10+00:00,31.3,32.0,205.5,ADAPTIVE,0.38421,6.436999999999999
2020-08-29T14:06:13+00:00,31.3,32.0,205.5,ADAPTIVE,0.391179166667,6.459
2020-08-29T14:06:17+00:00,31.3,32.0,205.4,ADAPTIVE,0.398150555556,6.433999999999999
2020-08-29T14:06:21+00:00,31.1,32.0,205.1,ADAPTIVE,0.405151944444,6.401
2020-08-29T14:06:25+00:00,31.3,32.0,205.1,ADAPTIVE,0.41212055555599997,6.439
2020-08-29T14:06:29+00:00,31.2,32.0,205.6,ADAPTIVE,0.41911805555599996,6.4239999999999995
2020-08-29T14:06:33+00:00,31.3,32.0,205.4,ADAPTIVE,0.42609361111099997,6.441999999999999
2020-08-29T14:06:37+00:00,31.3,32.0,205.3,ADAPTIVE,0.43311805555599997,6.439
2020-08-29T14:06:41+00:00,31.3,32.0,205.5,ADAPTIVE,0.440088333333,6.441999999999999
2020-08-29T14:06:45+00:00,31.3,32.0,205.5,ADAPTIVE,0.447114166667,6.436999999999999
2020-08-29T14:06:49+00:00,31.3,32.0,205.2,ADAPTIVE,0.4540875,6.4479999999999995
2020-08-29T14:06:53+00:00,31.1,32.0,205.4,ADAPTIVE,0.461056944444,6.404999999999999
2020-08-29T14:06:57+00:00,31.2,32.0,205.4,ADAPTIVE,0.468067222222,6.425999999999999
2020-08-29T14:07:01+00:00,31.4,32.0,205.5,ADAPTIVE,0.47506416666699997,6.459
2020-08-29T14:07:05+00:00,31.3,32.0,205.2,ADAPTIVE,0.482094444444,6.444
2020-08-29T14:07:09+00:00,31.3,32.0,205.1,ADAPTIVE,0.489092777778,6.452999999999999
2020-08-29T14:07:13+00:00,31.3,32.0,205.5,ADAPTIVE,0.496125277778,6.436999999999999
2020-08-29T14:07:17+00:00,31.3,32.0,205.4,ADAPTIVE,0.50313,6.451
2020-08-29T14:07:20+00:00,31.3,32.0,205.4,ADAPTIVE,0.510162222222,6.439
2020-08-29T14:07:24+00:00,31.3,32.0,205.2,ADAPTIVE,0.517165833333,6.435
2020-08-29T14:07:28+00:00,31.4,32.0,205.6,ADAPTIVE,0.524198333333,6.447
2020-08-29T14:07:32+00:00,31.4,32.0,205.5,ADAPTIVE,0.531186388889,6.462
2020-08-29T14:07:36+00:00,31.3,32.0,205.4,ADAPTIVE,0.538201944444,6.428
2020-08-29T14:07:40+00:00,31.3,32.0,205.2,ADAPTIVE,0.5451861111109999,6.439
2020-08-29T14:07:44+00:00,31.2,32.0,205.8,ADAPTIVE,0.5522058333329999,6.438
2020-08-29T14:07:48+00:00,31.1,32.0,205.3,ADAPTIVE,0.5592038888890001,6.398
2020-08-29T14:07:52+00:00,31.2,32.0,205.5,ADAPTIVE,0.566216388889,6.414
2020-08-29T14:07:56+00:00,31.1,32.0,205.4,ADAPTIVE,0.5731836111109999,6.401
2020-08-29T14:08:00+00:00,31.2,32.0,205.5,ADAPTIVE,0.5801902777779999,6.411
2020-08-29T14:08:04+00:00,31.2,32.0,205.4,ADAPTIVE,0.587169722222,6.42
2020-08-29T14:08:08+00:00,31.1,32.0,205.4,ADAPTIVE,0.594173055556,6.403
2020-08-29T14:08:12+00:00,31.4,32.0,205.6,ADAPTIVE,0.601161666667,6.455
2020-08-29T14:08:16+00:00,31.4,32.0,205.3,ADAPTIVE,0.608192777778,6.457
2020-08-29T14:08:20+00:00,31.4,32.0,205.5,ADAPTIVE,0.6151955555559999,6.449999999999999
2020-08-29T14:08:24+00:00,31.2,32.0,205.4,ADAPTIVE,0.6222033333329999,6.415
2020-08-29T14:08:27+00:00,31.3,32.0,205.5,ADAPTIVE,0.6291711111109999,6.433999999999999
2020-08-29T14:08:31+00:00,31.2,32.0,205.8,ADAPTIVE,0.636169722222,6.412999999999999
2020-08-29T14:08:35+00:00,31.2,32.0,205.4,ADAPTIVE,0.643140833333,6.422
2020-08-29T14:08:39+00:00,31.2,32.0,205.3,ADAPTIVE,0.6501475,6.427
2020-08-29T14:08:43+00:00,31.1,32.0,205.7,ADAPTIVE,0.657125277778,6.407
2020-08-29T14:08:47+00:00,31.2,32.0,205.4,ADAPTIVE,0.66413,6.43
2020-08-29T14:08:51+00:00,31.3,32.0,205.5,ADAPTIVE,0.6711024999999999,6.443
2020-08-29T14:08:55+00:00,31.1,32.0,205.5,ADAPTIVE,0.678102222222,6.402
2020-08-29T14:08:59+00:00,31.3,32.0,205.6,ADAPTIVE,0.6850961111109999,6.446
2020-08-29T14:09:03+00:00,31.3,32.0,205.5,ADAPTIVE,0.692123055556,6.444
2020-08-29T14:09:07+00:00,31.2,32.0,205.4,ADAPTIVE,0.6990986111109999,6.409
2020-08-29T14:09:11+00:00,31.3,32.0,205.1,ADAPTIVE,0.7060961111109999,6.452999999999999
2020-08-29T14:09:15+00:00,31.2,32.0,205.5,ADAPTIVE,0.7130658333329999,6.4239999999999995
2020-08-29T14:09:19+00:00,31.2,32.0,205.6,ADAPTIVE,0.7200697222219999,6.428
2020-08-29T14:09:23+00:00,31.1,32.0,205.7,ADAPTIVE,0.727049166667,6.399
2020-08-29T14:09:27+00:00,31.1,32.0,205.5,ADAPTIVE,0.7340516666670001,6.409
2020-08-29T14:09:31+00:00,31.4,32.0,205.4,ADAPTIVE,0.741020833333,6.452999999999999
2020-08-29T14:09:35+00:00,31.3,32.0,205.2,ADAPTIVE,0.748042222222,6.4399999999999995
2020-08-29T14:09:38+00:00,31.3,32.0,205.0,ADAPTIVE,0.755041666667,6.441999999999999
2020-08-29T14:09:42+00:00,31.4,32.0,205.4,ADAPTIVE,0.7620699999999999,6.465
2020-08-29T14:09:46+00:00,31.3,32.0,205.5,ADAPTIVE,0.7690686111109999,6.452
2020-08-29T14:09:50+00:00,31.2,32.0,205.0,ADAPTIVE,0.7760730555559999,6.425
2020-08-29T14:09:54+00:00,31.3,32.0,205.4,ADAPTIVE,0.7830411111109999,6.4399999999999995
2020-08-29T14:09:58+00:00,31.3,32.0,205.3,ADAPTIVE,0.7900422222219999,6.455
2020-08-29T14:10:02+00:00,31.3,32.0,205.4,ADAPTIVE,0.797047222222,6.4399999999999995
2020-08-29T14:10:06+00:00,31.3,32.0,205.4,ADAPTIVE,0.804016666667,6.443
2020-08-29T14:10:10+00:00,31.3,32.0,205.2,ADAPTIVE,0.811015277778,6.447
2020-08-29T14:10:14+00:00,31.3,32.0,205.1,ADAPTIVE,0.817991944444,6.435
2020-08-29T14:10:18+00:00,31.4,32.0,205.3,ADAPTIVE,0.825017777778,6.457999999999999
2020-08-29T14:10:22+00:00,31.3,32.0,205.3,ADAPTIVE,0.832011666667,6.4479999999999995
2020-08-29T14:10:26+00:00,31.4,32.0,205.3,ADAPTIVE,0.8390227777779999,6.4479999999999995
2020-08-29T14:10:30+00:00,31.3,32.0,205.5,ADAPTIVE,0.8459983333329999,6.446
2020-08-29T14:10:34+00:00,31.4,32.0,205.6,ADAPTIVE,0.852976666667,6.457999999999999
2020-08-29T14:10:38+00:00,31.3,32.0,205.4,ADAPTIVE,0.860000555556,6.43
2020-08-29T14:10:41+00:00,31.4,32.0,205.2,ADAPTIVE,0.8669955555559999,6.4479999999999995
2020-08-29T14:10:45+00:00,31.4,32.0,205.3,ADAPTIVE,0.874020833333,6.457999999999999
2020-08-29T14:10:49+00:00,31.4,32.0,205.4,ADAPTIVE,0.8810186111109999,6.460999999999999
2020-08-29T14:10:53+00:00,31.4,32.0,205.1,ADAPTIVE,0.8880436111109999,6.459
2020-08-29T14:10:57+00:00,31.4,32.0,205.6,ADAPTIVE,0.895034722222,6.451
2020-08-29T14:11:01+00:00,31.2,32.0,205.5,ADAPTIVE,0.902033333333,6.41
2020-08-29T14:11:05+00:00,31.1,32.0,205.2,ADAPTIVE,0.9089999999999999,6.3919999999999995
2020-08-29T14:11:09+00:00,31.3,32.0,205.5,ADAPTIVE,0.915995,6.444
2020-08-29T14:11:13+00:00,31.1,32.0,205.4,ADAPTIVE,0.922965277778,6.409
2020-08-29T14:11:17+00:00,31.2,32.0,205.1,ADAPTIVE,0.9299697222219999,6.406
2020-08-29T14:11:21+00:00,31.2,32.0,205.3,ADAPTIVE,0.9369463888890001,6.417
2020-08-29T14:11:25+00:00,31.2,32.0,205.6,ADAPTIVE,0.943947222222,6.4239999999999995
2020-08-29T14:11:29+00:00,31.2,32.0,205.4,ADAPTIVE,0.950915277778,6.42
2020-08-29T14:11:33+00:00,31.4,32.0,205.4,ADAPTIVE,0.9579211111109999,6.479
2020-08-29T14:11:37+00:00,31.3,32.0,205.2,ADAPTIVE,0.9649011111109999,6.438
2020-08-29T14:11:41+00:00,31.3,32.0,205.5,ADAPTIVE,0.971914444444,6.441
2020-08-29T14:11:45+00:00,31.4,32.0,205.1,ADAPTIVE,0.978906666667,6.449
2020-08-29T14:11:48+00:00,31.4,32.0,205.3,ADAPTIVE,0.985929166667,6.462
2020-08-29T14:11:52+00:00,31.4,32.0,205.5,ADAPTIVE,0.992925,6.46
2020-08-29T14:11:56+00:00,31.3,32.0,205.2,ADAPTIVE,0.999949444444,6.447
2020-08-29T14:12:00+00:00,31.3,32.0,205.5,ADAPTIVE,1.0069441666699999,6.468
2020-08-29T14:12:04+00:00,31.3,32.0,205.0,ADAPTIVE,1.01396777778,6.446
2020-08-29T14:12:08+00:00,31.3,32.0,205.3,ADAPTIVE,1.0209572222199998,6.4319999999999995
2020-08-29T14:12:12+00:00,31.2,32.0,205.5,ADAPTIVE,1.02795333333,6.433999999999999
2020-08-29T14:12:16+00:00,31.1,32.0,205.3,ADAPTIVE,1.0349175,6.3999999999999995
2020-08-29T14:12:20+00:00,31.1,32.0,205.4,ADAPTIVE,1.0419125,6.403
2020-08-29T14:12:24+00:00,31.1,32.0,205.2,ADAPTIVE,1.04888416667,6.387
2020-08-29T14:12:28+00:00,31.2,32.0,205.4,ADAPTIVE,1.0558791666699998,6.4079999999999995
2020-08-29T14:12:32+00:00,31.4,32.0,205.3,ADAPTIVE,1.06285638889,6.463
2020-08-29T14:12:36+00:00,31.0,32.0,205.3,ADAPTIVE,1.0698722222200001,6.378
2020-08-29T14:12:40+00:00,31.1,32.0,205.2,ADAPTIVE,1.07683611111,6.407
2020-08-29T14:12:44+00:00,31.1,32.0,205.5,ADAPTIVE,1.08383305556,6.391
2020-08-29T14:12:48+00:00,31.3,32.0,205.3,ADAPTIVE,1.09080527778,6.449
2020-08-29T14:12:52+00:00,31.3,32.0,205.3,ADAPTIVE,1.09781138889,6.439
2020-08-29T14:12:55+00:00,31.3,32.0,205.4,ADAPTIVE,1.1047811111099999,6.444
2020-08-29T14:12:59+00:00,31.3,32.0,205.4,ADAPTIVE,1.11178944444,6.433
2020-08-29T14:13:03+00:00,31.1,32.0,205.6,ADAPTIVE,1.11880916667,6.398
2020-08-29T14:13:07+00:00,31.2,32.0,205.4,ADAPTIVE,1.1257727777799997,6.436999999999999
2020-08-29T14:13:11+00:00,31.2,32.0,205.3,ADAPTIVE,1.13277055556,6.414
2020-08-29T14:13:15+00:00,31.3,32.0,205.6,ADAPTIVE,1.13974055556,6.439
2020-08-29T14:13:19+00:00,31.3,32.0,205.5,ADAPTIVE,1.14673805556,6.428999999999999
2020-08-29T14:13:23+00:00,31.3,32.0,205.3,ADAPTIVE,1.15370388889,6.443
2020-08-29T14:13:27+00:00,31.3,32.0,205.4,ADAPTIVE,1.1607236111099999,6.4399999999999995
2020-08-29T14:13:31+00:00,31.3,32.0,205.3,ADAPTIVE,1.16770111111,6.425999999999999
2020-08-29T14:13:35+00:00,31.3,32.0,205.4,ADAPTIVE,1.1746911111099998,6.441999999999999
2020-08-29T14:13:39+00:00,31.2,32.0,205.3,ADAPTIVE,1.18165805556,6.438
2020-08-29T14:13:43+00:00,31.2,32.0,205.3,ADAPTIVE,1.1886577777799998,6.422
2020-08-29T14:13:47+00:00,31.2,32.0,205.4,ADAPTIVE,1.1956280555599998,6.409
2020-08-29T14:13:51+00:00,31.2,32.0,205.2,ADAPTIVE,1.2026311111099999,6.415
2020-08-29T14:13:55+00:00,31.2,32.0,205.4,ADAPTIVE,1.20960194444,6.409
2020-08-29T14:13:59+00:00,31.2,32.0,205.1,ADAPTIVE,1.21659833333,6.411
2020-08-29T14:14:02+00:00,31.4,32.0,205.4,ADAPTIVE,1.22357138889,6.457999999999999
2020-08-29T14:14:06+00:00,31.4,32.0,205.3,ADAPTIVE,1.2305769444399999,6.449
2020-08-29T14:14:10+00:00,31.2,32.0,205.2,ADAPTIVE,1.237545,6.409
2020-08-29T14:14:14+00:00,31.2,32.0,205.5,ADAPTIVE,1.2445377777799997,6.3999999999999995
2020-08-29T14:14:18+00:00,31.1,32.0,205.5,ADAPTIVE,1.25150305556,6.393
2020-08-29T14:14:22+00:00,31.4,32.0,205.5,ADAPTIVE,1.25850472222,6.452999999999999
2020-08-29T14:14:26+00:00,31.3,32.0,205.3,ADAPTIVE,1.2654925,6.433
2020-08-29T14:14:30+00:00,31.3,32.0,205.5,ADAPTIVE,1.27251083333,6.4239999999999995
2020-08-29T14:14:34+00:00,31.3,32.0,205.0,ADAPTIVE,1.2794836111099999,6.435
2020-08-29T14:14:38+00:00,31.2,32.0,205.4,ADAPTIVE,1.28647833333,6.4239999999999995
2020-08-29T14:14:42+00:00,31.4,32.0,205.3,ADAPTIVE,1.29344666667,6.459
2020-08-29T14:14:46+00:00,31.3,32.0,205.1,ADAPTIVE,1.30044805556,6.422
2020-08-29T14:14:50+00:00,31.3,32.0,205.2,ADAPTIVE,1.30741888889,6.4319999999999995
2020-08-29T14:14:54+00:00,31.2,32.0,205.5,ADAPTIVE,1.31442083333,6.435
2020-08-29T14:14:58+00:00,31.2,32.0,205.5,ADAPTIVE,1.3213894444399998,6.419
2020-08-29T14:15:02+00:00,31.1,32.0,205.4,ADAPTIVE,1.32838666667,6.401
2020-08-29T14:15:05+00:00,31.3,32.0,205.3,ADAPTIVE,1.3353599999999999,6.441999999999999
2020-08-29T14:15:09+00:00,31.3,32.0,205.3,ADAPTIVE,1.3423761111099999,6.435
2020-08-29T14:15:13+00:00,31.1,32.0,205.2,ADAPTIVE,1.34933472222,6.4079999999999995
2020-08-29T14:15:17+00:00,31.2,32.0,205.5,ADAPTIVE,1.3563311111099998,6.423
2020-08-29T14:15:21+00:00,31.4,32.0,205.4,ADAPTIVE,1.3633052777799999,6.452999999999999
2020-08-29T14:15:25+00:00,31.2,32.0,205.3,ADAPTIVE,1.37030833333,6.425999999999999
2020-08-29T14:15:29+00:00,31.1,32.0,205.4,ADAPTIVE,1.37730222222,6.391
2020-08-29T14:15:33+00:00,31.2,32.0,205.4,ADAPTIVE,1.3842786111099998,6.420999999999999
2020-08-29T14:15:37+00:00,31.1,32.0,205.3,ADAPTIVE,1.3912799999999999,6.396
2020-08-29T14:15:41+00:00,31.2,32.0,205.3,ADAPTIVE,1.3982386111099998,6.412
2020-08-29T14:15:45+00:00,31.3,32.0,205.4,ADAPTIVE,1.40523111111,6.4239999999999995
2020-08-29T14:15:49+00:00,31.3,32.0,205.5,ADAPTIVE,1.4121991666699998,6.425999999999999
2020-08-29T14:15:53+00:00,31.3,32.0,205.6,ADAPTIVE,1.4191975,6.433
2020-08-29T14:15:57+00:00,31.2,32.0,205.5,ADAPTIVE,1.4261636111099998,6.427
2020-08-29T14:16:01+00:00,31.3,32.0,205.0,ADAPTIVE,1.43316305556,6.444999999999999
2020-08-29T14:16:05+00:00,31.4,32.0,205.1,ADAPTIVE,1.4401175,6.455
2020-08-29T14:16:09+00:00,31.2,32.0,205.3,ADAPTIVE,1.44712638889,6.428999999999999
2020-08-29T14:16:12+00:00,31.2,32.0,205.5,ADAPTIVE,1.45408694444,6.417
2020-08-29T14:16:16+00:00,31.1,32.0,205.2,ADAPTIVE,1.46108138889,6.391
2020-08-29T14:16:20+00:00,31.2,32.0,205.3,ADAPTIVE,1.46804805556,6.4159999999999995
2020-08-29T14:16:24+00:00,31.1,32.0,205.5,ADAPTIVE,1.47504638889,6.396
2020-08-29T14:16:28+00:00,31.3,32.0,205.1,ADAPTIVE,1.48202083333,6.425999999999999
2020-08-29T14:16:32+00:00,31.2,32.0,205.4,ADAPTIVE,1.48902388889,6.425999999999999
2020-08-29T14:16:36+00:00,31.3,32.0,205.4,ADAPTIVE,1.4959927777799997,6.439
2020-08-29T14:16:40+00:00,31.3,32.0,205.0,ADAPTIVE,1.5029899999999998,6.449
2020-08-29T14:16:44+00:00,31.3,32.0,205.2,ADAPTIVE,1.50997333333,6.4319999999999995
2020-08-29T14:16:48+00:00,31.3,32.0,204.9,ADAPTIVE,1.5169774999999999,6.428999999999999
2020-08-29T14:16:52+00:00,31.2,32.0,205.3,ADAPTIVE,1.52394611111,6.414
2020-08-29T14:16:56+00:00,31.2,32.0,205.0,ADAPTIVE,1.53095194444,6.418
2020-08-29T14:17:00+00:00,31.3,32.0,205.1,ADAPTIVE,1.53792916667,6.433999999999999
2020-08-29T14:17:04+00:00,31.2,32.0,205.4,ADAPTIVE,1.5448991666699998,6.417
2020-08-29T14:17:08+00:00,31.2,32.0,205.3,ADAPTIVE,1.55189527778,6.425999999999999
2020-08-29T14:17:12+00:00,31.3,32.0,205.5,ADAPTIVE,1.5588591666699998,6.438
2020-08-29T14:17:16+00:00,31.3,32.0,205.3,ADAPTIVE,1.5658652777799997,6.443
2020-08-29T14:17:19+00:00,31.4,32.0,205.4,ADAPTIVE,1.57283555556,6.457999999999999
2020-08-29T14:17:23+00:00,31.1,32.0,205.5,ADAPTIVE,1.57982805556,6.402
2020-08-29T14:17:27+00:00,31.2,32.0,205.3,ADAPTIVE,1.5867936111099998,6.420999999999999
2020-08-29T14:17:32+00:00,31.2,32.0,205.2,ADAPTIVE,1.59379138889,6.412999999999999
2020-08-29T14:17:35+00:00,31.4,32.0,205.3,ADAPTIVE,1.6007675,6.4479999999999995
2020-08-29T14:17:39+00:00,31.3,32.0,205.6,ADAPTIVE,1.6077727777799997,6.4319999999999995
2020-08-29T14:17:43+00:00,31.4,32.0,205.3,ADAPTIVE,1.61474638889,6.449
2020-08-29T14:17:47+00:00,31.3,32.0,205.4,ADAPTIVE,1.62174722222,6.4559999999999995
2020-08-29T14:17:51+00:00,31.2,32.0,205.5,ADAPTIVE,1.62871611111,6.4239999999999995
2020-08-29T14:17:55+00:00,31.4,32.0,205.4,ADAPTIVE,1.63571833333,6.455
2020-08-29T14:17:59+00:00,31.3,32.0,205.3,ADAPTIVE,1.64270722222,6.428999999999999
2020-08-29T14:18:03+00:00,31.4,32.0,205.1,ADAPTIVE,1.64972833333,6.457999999999999
2020-08-29T14:18:07+00:00,31.1,32.0,205.5,ADAPTIVE,1.65671333333,6.404
2020-08-29T14:18:11+00:00,31.2,32.0,205.1,ADAPTIVE,1.66370805556,6.412999999999999
2020-08-29T14:18:15+00:00,31.3,32.0,205.2,ADAPTIVE,1.67067444444,6.433999999999999
2020-08-29T14:18:19+00:00,31.3,32.0,205.2,ADAPTIVE,1.67767194444,6.4399999999999995
2020-08-29T14:18:23+00:00,31.2,32.0,205.5,ADAPTIVE,1.68464222222,6.4319999999999995
2020-08-29T14:18:26+00:00,31.4,32.0,205.0,ADAPTIVE,1.6916416666699998,6.455
2020-08-29T14:18:30+00:00,31.3,32.0,205.4,ADAPTIVE,1.69861444444,6.436999999999999
2020-08-29T14:18:34+00:00,31.1,32.0,205.2,ADAPTIVE,1.7056155555599999,6.419
2020-08-29T14:18:38+00:00,31.1,32.0,205.1,ADAPTIVE,1.71258416667,6.395
2020-08-29T14:18:42+00:00,31.1,32.0,205.3,ADAPTIVE,1.71958333333,6.407
2020-08-29T14:18:46+00:00,31.2,32.0,205.0,ADAPTIVE,1.72655,6.423
2020-08-29T14:18:50+00:00,31.3,32.0,205.2,ADAPTIVE,1.7335433333299999,6.420999999999999
2020-08-29T14:18:54+00:00,31.3,32.0,205.1,ADAPTIVE,1.7405074999999999,6.43
2020-08-29T14:18:58+00:00,31.3,32.0,205.5,ADAPTIVE,1.7475174999999998,6.441999999999999
2020-08-29T14:19:02+00:00,31.4,32.0,205.3,ADAPTIVE,1.7544952777799998,6.447
2020-08-29T14:19:06+00:00,31.4,32.0,205.5,ADAPTIVE,1.7614852777799999,6.4479999999999995
2020-08-29T14:19:10+00:00,31.2,32.0,205.0,ADAPTIVE,1.7684527777799999,6.423
2020-08-29T14:19:14+00:00,31.2,32.0,205.2,ADAPTIVE,1.7754516666699998,6.420999999999999
2020-08-29T14:19:18+00:00,31.3,32.0,205.4,ADAPTIVE,1.7824252777799998,6.43
2020-08-29T14:19:22+00:00,31.1,32.0,205.1,ADAPTIVE,1.78943194444,6.407
2020-08-29T14:19:26+00:00,31.3,32.0,205.2,ADAPTIVE,1.7964061111099998,6.431
2020-08-29T14:19:29+00:00,31.1,32.0,205.3,ADAPTIVE,1.8034041666699998,6.403
2020-08-29T14:19:33+00:00,31.4,32.0,205.3,ADAPTIVE,1.8103711111099998,6.454
2020-08-29T14:19:37+00:00,31.2,32.0,204.9,ADAPTIVE,1.8173686111099998,6.422
2020-08-29T14:19:41+00:00,31.3,32.0,204.8,ADAPTIVE,1.82435166667,6.443
2020-08-29T14:19:45+00:00,31.3,32.0,205.3,ADAPTIVE,1.8313605555599999,6.4239999999999995
2020-08-29T14:19:49+00:00,31.1,32.0,205.5,ADAPTIVE,1.83832444444,6.395
2020-08-29T14:19:53+00:00,31.2,32.0,205.4,ADAPTIVE,1.84531888889,6.425999999999999
2020-08-29T14:19:57+00:00,31.1,32.0,205.2,ADAPTIVE,1.85228555556,6.396
2020-08-29T14:20:01+00:00,31.1,32.0,205.0,ADAPTIVE,1.85928222222,6.393
2020-08-29T14:20:05+00:00,31.3,32.0,205.5,ADAPTIVE,1.8662524999999999,6.444999999999999
2020-08-29T14:20:09+00:00,31.2,32.0,205.2,ADAPTIVE,1.87325472222,6.423
2020-08-29T14:20:13+00:00,31.4,32.0,205.5,ADAPTIVE,1.88022888889,6.457999999999999
2020-08-29T14:20:17+00:00,31.3,32.0,205.1,ADAPTIVE,1.8872302777799999,6.444999999999999
2020-08-29T14:20:21+00:00,31.3,32.0,205.4,ADAPTIVE,1.8941949999999999,6.446
2020-08-29T14:20:25+00:00,31.2,32.0,205.1,ADAPTIVE,1.90118472222,6.422
2020-08-29T14:20:29+00:00,31.3,32.0,205.1,ADAPTIVE,1.9081497222200001,6.43
2020-08-29T14:20:33+00:00,31.2,32.0,205.2,ADAPTIVE,1.91514805556,6.422
2020-08-29T14:20:37+00:00,31.1,32.0,205.4,ADAPTIVE,1.92210555556,6.387
2020-08-29T14:20:40+00:00,31.2,32.0,205.1,ADAPTIVE,1.92909972222,6.412999999999999
2020-08-29T14:20:44+00:00,31.2,32.0,205.3,ADAPTIVE,1.9360674999999998,6.404999999999999
2020-08-29T14:20:48+00:00,31.1,32.0,205.4,ADAPTIVE,1.94306416667,6.402
2020-08-29T14:20:52+00:00,31.3,32.0,205.0,ADAPTIVE,1.95003833333,6.427
2020-08-29T14:20:56+00:00,31.2,32.0,205.4,ADAPTIVE,1.95704277778,6.428999999999999
2020-08-29T14:21:00+00:00,31.3,32.0,205.2,ADAPTIVE,1.96401472222,6.446
2020-08-29T14:21:04+00:00,31.3,32.0,205.4,ADAPTIVE,1.97100972222,6.438
2020-08-29T14:21:08+00:00,31.3,32.0,205.4,ADAPTIVE,1.97797888889,6.433
2020-08-29T14:21:12+00:00,31.3,32.0,205.3,ADAPTIVE,1.98498222222,6.433999999999999
2020-08-29T14:21:16+00:00,31.2,32.0,205.1,ADAPTIVE,1.99194722222,6.414
2020-08-29T14:21:20+00:00,31.3,32.0,205.4,ADAPTIVE,1.99894222222,6.441
2020-08-29T14:21:24+00:00,31.2,32.0,205.1,ADAPTIVE,2.00591388889,6.422
2020-08-29T14:21:28+00:00,31.3,32.0,205.3,ADAPTIVE,2.01291444444,6.43
2020-08-29T14:21:32+00:00,31.4,32.0,205.2,ADAPTIVE,2.0199069444399997,6.446
2020-08-29T14:21:36+00:00,31.3,32.0,205.2,ADAPTIVE,2.02687583333,6.4319999999999995
2020-08-29T14:21:40+00:00,31.4,32.0,205.5,ADAPTIVE,2.0338680555599997,6.441999999999999
2020-08-29T14:21:43+00:00,31.3,32.0,205.4,ADAPTIVE,2.0408344444399997,6.4319999999999995
2020-08-29T14:21:47+00:00,31.3,32.0,205.2,ADAPTIVE,2.04783388889,6.428999999999999
2020-08-29T14:21:51+00:00,31.2,32.0,205.0,ADAPTIVE,2.05481055556,6.417
2020-08-29T14:21:55+00:00,31.2,32.0,205.6,ADAPTIVE,2.06181694444,6.404999999999999
2020-08-29T14:21:59+00:00,31.3,32.0,205.3,ADAPTIVE,2.06879333333,6.436999999999999
2020-08-29T14:22:03+00:00,31.1,32.0,205.4,ADAPTIVE,2.07579472222,6.396999999999999
2020-08-29T14:22:07+00:00,31.3,32.0,205.2,ADAPTIVE,2.0827616666699997,6.427
2020-08-29T14:22:11+00:00,31.2,32.0,205.2,ADAPTIVE,2.089765,6.399
2020-08-29T14:22:15+00:00,31.3,32.0,205.0,ADAPTIVE,2.0967294444399998,6.423
2020-08-29T14:22:19+00:00,31.2,32.0,205.0,ADAPTIVE,2.1037230555599997,6.4079999999999995
2020-08-29T14:22:23+00:00,31.3,32.0,205.3,ADAPTIVE,2.1106872222199997,6.425999999999999
2020-08-29T14:22:27+00:00,31.3,32.0,205.2,ADAPTIVE,2.117685,6.433
2020-08-29T14:22:31+00:00,31.3,32.0,205.4,ADAPTIVE,2.12465444444,6.436
2020-08-29T14:22:36+00:00,31.3,32.0,205.3,ADAPTIVE,2.1316533333299996,6.436999999999999
2020-08-29T14:22:39+00:00,31.2,32.0,205.0,ADAPTIVE,2.1386172222199997,6.4159999999999995
2020-08-29T14:22:43+00:00,31.3,32.0,205.5,ADAPTIVE,2.14562055556,6.422
2020-08-29T14:22:47+00:00,31.1,32.0,205.1,ADAPTIVE,2.15258166667,6.401
2020-08-29T14:22:50+00:00,31.2,32.0,205.3,ADAPTIVE,2.15957527778,6.425
2020-08-29T14:22:54+00:00,31.3,32.0,205.5,ADAPTIVE,2.16657861111,6.4319999999999995
2020-08-29T14:22:58+00:00,31.3,32.0,205.5,ADAPTIVE,2.1735547222199996,6.425999999999999
2020-08-29T14:23:02+00:00,31.2,32.0,205.6,ADAPTIVE,2.1805608333299995,6.420999999999999
2020-08-29T14:23:06+00:00,31.2,32.0,205.4,ADAPTIVE,2.18752972222,6.4079999999999995
2020-08-29T14:23:10+00:00,31.4,32.0,205.4,ADAPTIVE,2.19452555556,6.455
2020-08-29T14:23:14+00:00,31.4,32.0,205.2,ADAPTIVE,2.20151416667,6.454
2020-08-29T14:23:18+00:00,31.2,32.0,205.2,ADAPTIVE,2.20852138889,6.412999999999999
2020-08-29T14:23:22+00:00,31.3,32.0,205.3,ADAPTIVE,2.21548777778,6.438
2020-08-29T14:23:26+00:00,31.3,32.0,205.5,ADAPTIVE,2.22248444444,6.443
2020-08-29T14:23:30+00:00,31.3,32.0,205.4,ADAPTIVE,2.22945,6.425
2020-08-29T14:23:34+00:00,31.3,32.0,205.3,ADAPTIVE,2.23645027778,6.444999999999999
2020-08-29T14:23:38+00:00,31.3,32.0,205.7,ADAPTIVE,2.2434225,6.447
2020-08-29T14:23:42+00:00,31.3,32.0,205.5,ADAPTIVE,2.2504241666700002,6.444999999999999
2020-08-29T14:23:46+00:00,31.2,32.0,205.7,ADAPTIVE,2.2574122222199997,6.422
2020-08-29T14:23:50+00:00,31.4,32.0,205.5,ADAPTIVE,2.2644075,6.460999999999999
2020-08-29T14:23:54+00:00,31.3,32.0,205.2,ADAPTIVE,2.27138138889,6.443
2020-08-29T14:23:57+00:00,31.4,32.0,205.3,ADAPTIVE,2.2783883333299997,6.463
2020-08-29T14:24:01+00:00,31.3,32.0,205.5,ADAPTIVE,2.2853849999999998,6.433
2020-08-29T14:24:05+00:00,31.3,32.0,205.5,ADAPTIVE,2.29235805556,6.436
2020-08-29T14:24:09+00:00,31.2,32.0,205.6,ADAPTIVE,2.29937166667,6.42
2020-08-29T14:24:13+00:00,31.3,32.0,205.2,ADAPTIVE,2.30633777778,6.436
2020-08-29T14:24:17+00:00,31.4,32.0,205.6,ADAPTIVE,2.31333694444,6.451
2020-08-29T14:24:21+00:00,31.2,32.0,205.2,ADAPTIVE,2.3203111111099997,6.422
2020-08-29T14:24:25+00:00,31.3,32.0,205.1,ADAPTIVE,2.32731333333,6.454
2020-08-29T14:24:29+00:00,31.4,32.0,205.4,ADAPTIVE,2.33428527778,6.454
2020-08-29T14:24:33+00:00,31.2,32.0,205.6,ADAPTIVE,2.3412969444400002,6.4319999999999995
2020-08-29T14:24:37+00:00,31.3,32.0,205.2,ADAPTIVE,2.34826027778,6.428999999999999
2020-08-29T14:24:41+00:00,31.3,32.0,205.5,ADAPTIVE,2.35526277778,6.4319999999999995
2020-08-29T14:24:45+00:00,31.4,32.0,205.4,ADAPTIVE,2.36226916667,6.468999999999999
2020-08-29T14:24:49+00:00,31.3,32.0,205.7,ADAPTIVE,2.36924,6.433999999999999
2020-08-29T14:24:53+00:00,31.3,32.0,205.7,ADAPTIVE,2.3762522222199998,6.4319999999999995
2020-08-29T14:24:57+00:00,31.3,32.0,205.3,ADAPTIVE,2.38321694444,6.447
2020-08-29T14:25:01+00:00,31.4,32.0,205.4,ADAPTIVE,2.39021944444,6.457
2020-08-29T14:25:04+00:00,31.4,32.0,205.4,ADAPTIVE,2.3971905555599995,6.4479999999999995
2020-08-29T14:25:08+00:00,31.3,32.0,205.1,ADAPTIVE,2.40418611111,6.454
2020-08-29T14:25:12+00:00,31.3,32.0,205.3,ADAPTIVE,2.4111647222199997,6.4559999999999995
2020-08-29T14:25:16+00:00,31.3,32.0,205.4,ADAPTIVE,2.4181705555599997,6.446
2020-08-29T14:25:20+00:00,31.3,32.0,205.4,ADAPTIVE,2.4251380555599997,6.425999999999999
2020-08-29T14:25:24+00:00,31.3,32.0,205.4,ADAPTIVE,2.43210916667,6.4479999999999995
2020-08-29T14:25:28+00:00,31.2,32.0,205.2,ADAPTIVE,2.43911277778,6.419
2020-08-29T14:25:32+00:00,31.3,32.0,205.4,ADAPTIVE,2.44608027778,6.438
2020-08-29T14:25:36+00:00,31.3,32.0,205.0,ADAPTIVE,2.45308416667,6.4399999999999995
2020-08-29T14:25:40+00:00,31.3,32.0,205.3,ADAPTIVE,2.46004944444,6.454
2020-08-29T14:25:44+00:00,31.3,32.0,205.1,ADAPTIVE,2.4670525,6.4399999999999995
2020-08-29T14:25:48+00:00,31.3,32.0,205.0,ADAPTIVE,2.4740269444400003,6.441999999999999
2020-08-29T14:25:52+00:00,31.3,32.0,205.5,ADAPTIVE,2.48102527778,6.451
2020-08-29T14:25:56+00:00,31.2,32.0,205.4,ADAPTIVE,2.48803166667,6.428999999999999
2020-08-29T14:26:00+00:00,31.4,32.0,205.4,ADAPTIVE,2.4949994444400003,6.455
2020-08-29T14:26:04+00:00,30.3,31.0,205.4,ADAPTIVE,2.50196444444,6.233
2020-08-29T14:26:08+00:00,30.4,31.0,205.7,ADAPTIVE,2.50872666667,6.265
2020-08-29T14:26:11+00:00,30.3,31.0,205.5,ADAPTIVE,2.51551277778,6.229
2020-08-29T14:26:15+00:00,30.3,31.0,205.3,ADAPTIVE,2.5222766666700003,6.245
2020-08-29T14:26:19+00:00,30.3,31.0,205.6,ADAPTIVE,2.52906444444,6.229
2020-08-29T14:26:23+00:00,30.4,31.0,205.6,ADAPTIVE,2.53582027778,6.254
2020-08-29T14:26:27+00:00,30.4,31.0,205.3,ADAPTIVE,2.5426083333299996,6.247
2020-08-29T14:26:31+00:00,30.2,31.0,205.6,ADAPTIVE,2.5493936111099997,6.22
2020-08-29T14:26:35+00:00,30.3,31.0,205.5,ADAPTIVE,2.5561583333299995,6.218
2020-08-29T14:26:39+00:00,30.3,31.0,205.6,ADAPTIVE,2.56293638889,6.234
2020-08-29T14:26:43+00:00,30.3,31.0,205.5,ADAPTIVE,2.56969472222,6.233
2020-08-29T14:26:47+00:00,30.3,31.0,205.8,ADAPTIVE,2.57648444444,6.226999999999999
2020-08-29T14:26:51+00:00,30.4,31.0,205.1,ADAPTIVE,2.5832405555599998,6.2669999999999995
2020-08-29T14:26:55+00:00,30.1,31.0,205.5,ADAPTIVE,2.5900422222199997,6.218
2020-08-29T14:26:59+00:00,30.1,31.0,205.5,ADAPTIVE,2.5968222222199997,6.199999999999999
2020-08-29T14:27:03+00:00,30.2,31.0,205.5,ADAPTIVE,2.6035794444400002,6.2139999999999995
2020-08-29T14:27:07+00:00,30.2,31.0,205.8,ADAPTIVE,2.61036277778,6.226
2020-08-29T14:27:11+00:00,30.3,31.0,205.5,ADAPTIVE,2.61712388889,6.253
2020-08-29T14:27:15+00:00,30.2,31.0,205.5,ADAPTIVE,2.62390638889,6.215999999999999
2020-08-29T14:27:18+00:00,30.2,31.0,205.6,ADAPTIVE,2.63066222222,6.210999999999999
2020-08-29T14:27:22+00:00,30.2,31.0,205.7,ADAPTIVE,2.63744777778,6.2219999999999995
2020-08-29T14:27:26+00:00,30.4,31.0,205.5,ADAPTIVE,2.6442375,6.2509999999999994
2020-08-29T14:27:30+00:00,30.3,31.0,205.4,ADAPTIVE,2.65099277778,6.231999999999999
2020-08-29T14:27:34+00:00,30.3,31.0,205.5,ADAPTIVE,2.65777444444,6.244
2020-08-29T14:27:38+00:00,30.3,31.0,205.5,ADAPTIVE,2.6645322222199996,6.236
2020-08-29T14:27:42+00:00,30.3,31.0,205.5,ADAPTIVE,2.6713130555599998,6.2379999999999995
2020-08-29T14:27:46+00:00,30.3,31.0,205.4,ADAPTIVE,2.67807472222,6.236
2020-08-29T14:27:50+00:00,30.4,31.0,205.5,ADAPTIVE,2.6848530555599996,6.249
2020-08-29T14:27:54+00:00,30.4,31.0,205.6,ADAPTIVE,2.69163833333,6.242
2020-08-29T14:27:58+00:00,30.3,31.0,205.3,ADAPTIVE,2.6983991666700002,6.249
2020-08-29T14:28:02+00:00,30.3,31.0,205.4,ADAPTIVE,2.70518666667,6.245
2020-08-29T14:28:06+00:00,30.3,31.0,205.8,ADAPTIVE,2.71194138889,6.234
2020-08-29T14:28:10+00:00,30.4,31.0,205.6,ADAPTIVE,2.7187425,6.242999999999999
2020-08-29T14:28:14+00:00,30.2,31.0,205.5,ADAPTIVE,2.72549555556,6.215
2020-08-29T14:28:18+00:00,30.4,31.0,205.6,ADAPTIVE,2.7322736111099997,6.242999999999999
2020-08-29T14:28:22+00:00,30.3,31.0,205.4,ADAPTIVE,2.7390280555599995,6.234999999999999
2020-08-29T14:28:25+00:00,30.3,31.0,205.3,ADAPTIVE,2.7458147222199996,6.237
2020-08-29T14:28:29+00:00,30.1,31.0,205.4,ADAPTIVE,2.75257,6.18
2020-08-29T14:28:33+00:00,30.2,31.0,205.4,ADAPTIVE,2.7593530555599997,6.212
2020-08-29T14:28:37+00:00,30.2,31.0,205.5,ADAPTIVE,2.7661061111099996,6.2059999999999995
2020-08-29T14:28:41+00:00,30.4,31.0,205.2,ADAPTIVE,2.7728908333299995,6.255999999999999
2020-08-29T14:28:45+00:00,30.2,31.0,205.3,ADAPTIVE,2.77966555556,6.223999999999999
2020-08-29T14:28:49+00:00,30.2,31.0,205.6,ADAPTIVE,2.78644888889,6.228
2020-08-29T14:28:53+00:00,30.3,31.0,205.4,ADAPTIVE,2.79319833333,6.229
2020-08-29T14:28:57+00:00,30.3,31.0,205.6,ADAPTIVE,2.79998027778,6.226999999999999
2020-08-29T14:29:01+00:00,30.4,31.0,205.3,ADAPTIVE,2.80674,6.25
2020-08-29T14:29:05+00:00,30.4,31.0,205.5,ADAPTIVE,2.8135280555599995,6.2459999999999996
2020-08-29T14:29:09+00:00,31.2,32.0,205.2,ADAPTIVE,2.82040194444,6.425999999999999
2020-08-29T14:29:13+00:00,31.3,32.0,205.3,ADAPTIVE,2.8273955555599994,6.427
2020-08-29T14:29:17+00:00,31.2,32.0,205.3,ADAPTIVE,2.83438583333,6.425999999999999
2020-08-29T14:29:21+00:00,31.2,32.0,205.0,ADAPTIVE,2.84134916667,6.417
2020-08-29T14:29:25+00:00,31.4,32.0,205.2,ADAPTIVE,2.84834027778,6.446
2020-08-29T14:29:29+00:00,31.2,32.0,205.5,ADAPTIVE,2.85531,6.417
2020-08-29T14:29:32+00:00,31.3,32.0,205.2,ADAPTIVE,2.86231166667,6.422
2020-08-29T14:29:36+00:00,31.1,32.0,205.2,ADAPTIVE,2.86927944444,6.4079999999999995
2020-08-29T14:29:40+00:00,31.2,32.0,205.2,ADAPTIVE,2.8762769444400003,6.41
2020-08-29T14:29:44+00:00,31.2,32.0,205.2,ADAPTIVE,2.88323972222,6.427
2020-08-29T14:29:48+00:00,31.1,32.0,205.1,ADAPTIVE,2.89023444444,6.396
2020-08-29T14:29:52+00:00,31.3,32.0,205.5,ADAPTIVE,2.89720194444,6.4319999999999995
2020-08-29T14:29:56+00:00,31.3,32.0,205.2,ADAPTIVE,2.90419527778,6.4319999999999995
2020-08-29T14:30:00+00:00,31.3,32.0,205.2,ADAPTIVE,2.91115666667,6.431
2020-08-29T14:30:04+00:00,31.3,32.0,204.9,ADAPTIVE,2.9181530555599995,6.439
2020-08-29T14:30:08+00:00,31.2,32.0,205.1,ADAPTIVE,2.92512138889,6.423
2020-08-29T14:30:12+00:00,31.3,32.0,205.2,ADAPTIVE,2.93212166667,6.4399999999999995
2020-08-29T14:30:16+00:00,31.2,32.0,205.4,ADAPTIVE,2.9390958333299997,6.409
2020-08-29T14:30:20+00:00,31.2,32.0,205.1,ADAPTIVE,2.94609944444,6.420999999999999
2020-08-29T14:30:24+00:00,31.1,32.0,205.3,ADAPTIVE,2.9530661111099996,6.398
2020-08-29T14:30:28+00:00,31.1,32.0,205.2,ADAPTIVE,2.9600608333299996,6.3919999999999995
2020-08-29T14:30:32+00:00,31.3,32.0,205.3,ADAPTIVE,2.96702916667,6.43
2020-08-29T14:30:35+00:00,31.1,32.0,204.7,ADAPTIVE,2.9740197222199996,6.385
2020-08-29T14:30:39+00:00,31.4,32.0,205.0,ADAPTIVE,2.98098166667,6.452999999999999
2020-08-29T14:30:43+00:00,31.3,32.0,205.1,ADAPTIVE,2.98797416667,6.439
2020-08-29T14:30:47+00:00,31.3,32.0,205.1,ADAPTIVE,2.9949375,6.420999999999999
2020-08-29T14:30:51+00:00,31.3,32.0,205.1,ADAPTIVE,3.00193166667,6.431
2020-08-29T14:30:55+00:00,31.3,32.0,205.0,ADAPTIVE,3.0088930555599998,6.418
2020-08-29T14:30:59+00:00,31.2,32.0,205.4,ADAPTIVE,3.0158888888899997,6.417
2020-08-29T14:31:03+00:00,31.2,32.0,205.0,ADAPTIVE,3.02285722222,6.418
2020-08-29T14:31:07+00:00,31.2,32.0,205.1,ADAPTIVE,3.0298555555599997,6.404999999999999
2020-08-29T14:31:11+00:00,31.3,32.0,205.0,ADAPTIVE,3.0368222222199996,6.428999999999999
2020-08-29T14:31:15+00:00,31.2,32.0,205.2,ADAPTIVE,3.04381027778,6.412
2020-08-29T14:31:19+00:00,31.3,32.0,204.9,ADAPTIVE,3.05076666667,6.436
2020-08-29T14:31:23+00:00,31.3,32.0,205.0,ADAPTIVE,3.0577525,6.419
2020-08-29T14:31:27+00:00,31.3,32.0,205.1,ADAPTIVE,3.06471027778,6.433
2020-08-29T14:31:31+00:00,31.4,32.0,205.0,ADAPTIVE,3.07170527778,6.4479999999999995
2020-08-29T14:31:35+00:00,31.2,32.0,205.2,ADAPTIVE,3.07866972222,6.406
2020-08-29T14:31:39+00:00,31.1,32.0,206.6,ADAPTIVE,3.0856730555599996,6.435
2020-08-29T14:31:42+00:00,31.1,32.0,206.4,ADAPTIVE,3.0926530555599996,6.425999999999999
2020-08-29T14:31:46+00:00,31.0,32.0,206.7,ADAPTIVE,3.09966361111,6.427
2020-08-29T14:31:50+00:00,31.1,32.0,206.4,ADAPTIVE,3.10663666667,6.441999999999999
2020-08-29T14:31:54+00:00,31.2,32.0,206.5,ADAPTIVE,3.113645,6.465999999999999
2020-08-29T14:31:58+00:00,31.1,32.0,206.5,ADAPTIVE,3.1206275,6.4399999999999995
2020-08-29T14:32:02+00:00,31.2,32.0,206.4,ADAPTIVE,3.1276422222199995,6.4479999999999995
2020-08-29T14:32:06+00:00,31.0,32.0,206.5,ADAPTIVE,3.1346230555599996,6.407
2020-08-29T14:32:10+00:00,30.0,31.0,206.6,ADAPTIVE,3.14159166667,6.231
2020-08-29T14:32:14+00:00,30.3,31.0,206.8,ADAPTIVE,3.1483930555599997,6.281
2020-08-29T14:32:18+00:00,30.4,31.0,206.8,ADAPTIVE,3.1552425,6.301
2020-08-29T14:32:22+00:00,30.3,31.0,206.5,ADAPTIVE,3.1620613888899998,6.271
2020-08-29T14:32:26+00:00,30.3,31.0,206.7,ADAPTIVE,3.16890888889,6.271999999999999
2020-08-29T14:32:30+00:00,30.4,31.0,206.7,ADAPTIVE,3.17572722222,6.295999999999999
2020-08-29T14:32:34+00:00,30.3,31.0,206.5,ADAPTIVE,3.1825674999999998,6.27
2020-08-29T14:32:38+00:00,30.3,31.0,206.7,ADAPTIVE,3.18938166667,6.285
2020-08-29T14:32:42+00:00,30.3,31.0,206.7,ADAPTIVE,3.19622666667,6.287
2020-08-29T14:32:46+00:00,30.4,31.0,206.6,ADAPTIVE,3.20304444444,6.281
2020-08-29T14:32:49+00:00,29.9,31.0,206.8,ADAPTIVE,3.20984888889,6.207
2020-08-29T14:32:53+00:00,30.0,31.0,206.8,ADAPTIVE,3.21661027778,6.213
2020-08-29T14:32:57+00:00,30.3,31.0,206.7,ADAPTIVE,3.2234055555599994,6.27
2020-08-29T14:33:01+00:00,30.3,31.0,206.4,ADAPTIVE,3.2302197222199998,6.271999999999999
2020-08-29T14:33:05+00:00,30.3,31.0,206.9,ADAPTIVE,3.2370680555599995,6.279999999999999
2020-08-29T14:33:09+00:00,30.4,31.0,206.7,ADAPTIVE,3.24388444444,6.2909999999999995
2020-08-29T14:33:13+00:00,31.3,32.0,206.6,ADAPTIVE,3.25086805556,6.4719999999999995
2020-08-29T14:33:17+00:00,31.4,32.0,206.7,ADAPTIVE,3.2579024999999997,6.4879999999999995
2020-08-29T14:33:21+00:00,31.2,32.0,206.5,ADAPTIVE,3.26491638889,6.457999999999999
2020-08-29T14:33:25+00:00,31.1,32.0,206.5,ADAPTIVE,3.2718974999999997,6.438
2020-08-29T14:33:29+00:00,31.2,32.0,206.6,ADAPTIVE,3.278905,6.46
2020-08-29T14:33:33+00:00,31.3,32.0,206.4,ADAPTIVE,3.2858872222199995,6.475
2020-08-29T14:33:37+00:00,31.4,32.0,206.5,ADAPTIVE,3.29293777778,6.491
2020-08-29T14:33:41+00:00,31.2,32.0,206.8,ADAPTIVE,3.2999752777799998,6.460999999999999
2020-08-29T14:33:45+00:00,31.4,32.0,206.6,ADAPTIVE,3.3070399999999998,6.492999999999999
2020-08-29T14:33:49+00:00,31.3,32.0,206.5,ADAPTIVE,3.3140747222199995,6.486
2020-08-29T14:33:53+00:00,31.3,32.0,206.7,ADAPTIVE,3.3211383333299995,6.489
2020-08-29T14:33:56+00:00,31.1,32.0,206.8,ADAPTIVE,3.3281408333299995,6.439
2020-08-29T14:34:00+00:00,31.0,32.0,206.7,ADAPTIVE,3.3351458333299995,6.425999999999999
2020-08-29T14:34:04+00:00,31.0,32.0,206.7,ADAPTIVE,3.3421511111099997,6.412
2020-08-29T14:34:08+00:00,31.3,32.0,206.3,ADAPTIVE,3.3491633333299995,6.497999999999999
2020-08-29T14:34:12+00:00,31.2,32.0,206.4,ADAPTIVE,3.3562258333299995,6.473999999999999
2020-08-29T14:34:16+00:00,31.4,32.0,206.7,ADAPTIVE,3.36325666667,6.489999999999999
2020-08-29T14:34:20+00:00,31.4,32.0,206.6,ADAPTIVE,3.3703161111099997,6.497
2020-08-29T14:34:24+00:00,31.3,32.0,206.5,ADAPTIVE,3.37734861111,6.494
2020-08-29T14:34:28+00:00,31.2,32.0,206.7,ADAPTIVE,3.38437027778,6.452
2020-08-29T14:34:32+00:00,31.2,32.0,206.8,ADAPTIVE,3.3913499999999996,6.447
2020-08-29T14:34:36+00:00,31.1,32.0,206.5,ADAPTIVE,3.39836166667,6.446
2020-08-29T14:34:40+00:00,31.3,32.0,206.4,ADAPTIVE,3.40535361111,6.487
2020-08-29T14:34:44+00:00,31.3,32.0,206.7,ADAPTIVE,3.41242,6.483
2020-08-29T14:34:48+00:00,31.4,32.0,206.5,ADAPTIVE,3.4194272222199995,6.483
2020-08-29T14:34:52+00:00,31.4,32.0,206.5,ADAPTIVE,3.4264913888899997,6.489999999999999
2020-08-29T14:34:56+00:00,31.3,32.0,206.4,ADAPTIVE,3.43352527778,6.481
2020-08-29T14:35:00+00:00,31.4,32.0,206.5,ADAPTIVE,3.4405905555599996,6.495
2020-08-29T14:35:03+00:00,31.3,32.0,206.5,ADAPTIVE,3.44762666667,6.5009999999999994
2020-08-29T14:35:07+00:00,31.3,32.0,206.5,ADAPTIVE,3.45469111111,6.47
2020-08-29T14:35:11+00:00,31.4,32.0,206.5,ADAPTIVE,3.4617275,6.492999999999999
2020-08-29T14:35:15+00:00,31.4,32.0,206.5,ADAPTIVE,3.46876388889,6.492
2020-08-29T14:35:19+00:00,31.2,32.0,206.6,ADAPTIVE,3.475805,6.449
2020-08-29T14:35:23+00:00,31.0,32.0,206.4,ADAPTIVE,3.48278833333,6.427
2020-08-29T14:35:27+00:00,31.0,32.0,206.5,ADAPTIVE,3.4898024999999997,6.418
2020-08-29T14:35:31+00:00,31.1,32.0,206.5,ADAPTIVE,3.49678194444,6.431
2020-08-29T14:35:35+00:00,31.3,32.0,206.5,ADAPTIVE,3.5037830555599996,6.487
2020-08-29T14:35:39+00:00,31.4,32.0,206.3,ADAPTIVE,3.5108449999999998,6.492999999999999
2020-08-29T14:35:43+00:00,31.3,32.0,206.5,ADAPTIVE,3.5178747222199998,6.476
2020-08-29T14:35:47+00:00,31.3,32.0,206.3,ADAPTIVE,3.52493027778,6.479
2020-08-29T14:35:51+00:00,31.3,32.0,206.5,ADAPTIVE,3.53195444444,6.471
2020-08-29T14:35:55+00:00,31.3,32.0,206.4,ADAPTIVE,3.53901138889,6.476
2020-08-29T14:35:59+00:00,31.3,32.0,206.4,ADAPTIVE,3.54603888889,6.484
2020-08-29T14:36:03+00:00,31.4,32.0,206.4,ADAPTIVE,3.5530686111099996,6.495
2020-08-29T14:36:07+00:00,31.1,32.0,206.4,ADAPTIVE,3.56009861111,6.4319999999999995
2020-08-29T14:36:10+00:00,31.0,32.0,206.4,ADAPTIVE,3.56707972222,6.406
2020-08-29T14:36:14+00:00,31.1,32.0,206.2,ADAPTIVE,3.57409194444,6.433999999999999
2020-08-29T14:36:18+00:00,31.3,32.0,206.5,ADAPTIVE,3.5810755555599996,6.473999999999999
2020-08-29T14:36:22+00:00,31.4,32.0,206.5,ADAPTIVE,3.5880805555599995,6.492
2020-08-29T14:36:26+00:00,31.3,32.0,206.4,ADAPTIVE,3.5951424999999997,6.465999999999999
2020-08-29T14:36:30+00:00,31.4,32.0,206.0,ADAPTIVE,3.60216666667,6.489
2020-08-29T14:36:34+00:00,31.3,32.0,206.3,ADAPTIVE,3.60922861111,6.479
2020-08-29T14:36:38+00:00,31.4,32.0,206.2,ADAPTIVE,3.6162594444400002,6.489
2020-08-29T14:36:42+00:00,31.2,32.0,206.5,ADAPTIVE,3.62330416667,6.478
2020-08-29T14:36:46+00:00,31.0,32.0,206.5,ADAPTIVE,3.63029388889,6.396
2020-08-29T14:36:50+00:00,31.0,32.0,206.2,ADAPTIVE,3.63731777778,6.420999999999999
2020-08-29T14:36:54+00:00,31.2,32.0,206.2,ADAPTIVE,3.64430277778,6.4319999999999995
2020-08-29T14:36:58+00:00,31.4,32.0,206.2,ADAPTIVE,3.65133166667,6.483
2020-08-29T14:37:02+00:00,31.4,32.0,206.1,ADAPTIVE,3.6583608333299997,6.494
2020-08-29T14:37:06+00:00,31.4,32.0,206.4,ADAPTIVE,3.66538944444,6.495
2020-08-29T14:37:10+00:00,31.4,32.0,206.3,ADAPTIVE,3.6724486111099996,6.494
2020-08-29T14:37:14+00:00,31.3,32.0,206.3,ADAPTIVE,3.6794813888899998,6.479
2020-08-29T14:37:17+00:00,31.1,32.0,206.2,ADAPTIVE,3.6865130555599994,6.438
2020-08-29T14:37:21+00:00,31.2,32.0,206.2,ADAPTIVE,3.69349916667,6.452
2020-08-29T14:37:25+00:00,31.0,32.0,206.5,ADAPTIVE,3.70048027778,6.407
2020-08-29T14:37:29+00:00,31.3,32.0,206.3,ADAPTIVE,3.7074897222199996,6.4559999999999995
2020-08-29T14:37:33+00:00,31.4,32.0,206.3,ADAPTIVE,3.71452027778,6.5009999999999994
2020-08-29T14:37:37+00:00,31.3,32.0,206.2,ADAPTIVE,3.7215780555599998,6.481
2020-08-29T14:37:41+00:00,31.4,32.0,206.4,ADAPTIVE,3.72860972222,6.481
2020-08-29T14:37:45+00:00,31.4,32.0,206.4,ADAPTIVE,3.7356408333299997,6.487
2020-08-29T14:37:49+00:00,31.2,32.0,206.0,ADAPTIVE,3.74269388889,6.439
2020-08-29T14:37:53+00:00,31.2,32.0,206.4,ADAPTIVE,3.7496783333299994,6.443
2020-08-29T14:37:57+00:00,31.2,32.0,206.2,ADAPTIVE,3.75669111111,6.446
2020-08-29T14:38:01+00:00,31.1,32.0,206.2,ADAPTIVE,3.76367527778,6.435
2020-08-29T14:38:05+00:00,31.4,32.0,206.2,ADAPTIVE,3.77065944444,6.484
2020-08-29T14:38:09+00:00,31.4,32.0,206.5,ADAPTIVE,3.7777183333299997,6.494
2020-08-29T14:38:13+00:00,31.3,32.0,206.3,ADAPTIVE,3.7847475,6.481999999999999
2020-08-29T14:38:17+00:00,31.3,32.0,206.2,ADAPTIVE,3.7918072222199997,6.475
2020-08-29T14:38:21+00:00,31.2,32.0,206.3,ADAPTIVE,3.79882666667,6.438
2020-08-29T14:38:24+00:00,31.2,32.0,206.1,ADAPTIVE,3.80580972222,6.4319999999999995
2020-08-29T14:38:28+00:00,31.1,32.0,206.1,ADAPTIVE,3.8128230555599996,6.428999999999999
2020-08-29T14:38:32+00:00,31.1,32.0,206.1,ADAPTIVE,3.81980194444,6.4319999999999995
2020-08-29T14:38:36+00:00,31.3,32.0,206.1,ADAPTIVE,3.8268436111099997,6.46
2020-08-29T14:38:40+00:00,31.3,32.0,206.4,ADAPTIVE,3.8338683333299994,6.473999999999999
2020-08-29T14:38:44+00:00,31.3,32.0,206.2,ADAPTIVE,3.84089361111,6.479
2020-08-29T14:38:48+00:00,31.0,32.0,206.1,ADAPTIVE,3.8479324999999998,6.41
2020-08-29T14:38:52+00:00,31.2,32.0,206.1,ADAPTIVE,3.8549147222199998,6.443
2020-08-29T14:38:56+00:00,31.1,32.0,206.3,ADAPTIVE,3.8619263888899997,6.436999999999999
2020-08-29T14:39:00+00:00,31.0,32.0,206.4,ADAPTIVE,3.86890833333,6.418
2020-08-29T14:39:04+00:00,31.1,32.0,206.3,ADAPTIVE,3.8758833333299996,6.428
2020-08-29T14:39:08+00:00,31.3,32.0,206.2,ADAPTIVE,3.88291527778,6.467
2020-08-29T14:39:12+00:00,31.4,32.0,206.3,ADAPTIVE,3.8899433333299998,6.478
2020-08-29T14:39:16+00:00,31.4,32.0,206.1,ADAPTIVE,3.8970008333299995,6.481999999999999
2020-08-29T14:39:20+00:00,31.3,32.0,206.2,ADAPTIVE,3.90402944444,6.475
2020-08-29T14:39:24+00:00,31.1,32.0,206.2,ADAPTIVE,3.91102138889,6.425
2020-08-29T14:39:28+00:00,31.0,32.0,206.2,ADAPTIVE,3.91804,6.417
2020-08-29T14:39:31+00:00,31.2,32.0,206.2,ADAPTIVE,3.9250233333299995,6.463
2020-08-29T14:39:35+00:00,31.1,32.0,206.4,ADAPTIVE,3.9320322222199997,6.435
2020-08-29T14:39:39+00:00,31.3,32.0,206.1,ADAPTIVE,3.9390402777799998,6.483
2020-08-29T14:39:43+00:00,31.4,32.0,206.2,ADAPTIVE,3.9460680555599996,6.492
2020-08-29T14:39:47+00:00,31.3,32.0,206.2,ADAPTIVE,3.95312388889,6.476
2020-08-29T14:39:51+00:00,31.3,32.0,206.4,ADAPTIVE,3.9601497222199997,6.473999999999999
2020-08-29T14:39:55+00:00,31.4,32.0,206.1,ADAPTIVE,3.967205,6.486
2020-08-29T14:39:59+00:00,31.4,32.0,206.2,ADAPTIVE,3.97423,6.4799999999999995
2020-08-29T14:40:03+00:00,31.4,32.0,206.2,ADAPTIVE,3.9812874999999996,6.4799999999999995
2020-08-29T14:40:07+00:00,31.4,32.0,206.4,ADAPTIVE,3.98831527778,6.492999999999999
2020-08-29T14:40:11+00:00,31.4,32.0,206.2,ADAPTIVE,3.9953447222199996,6.484
2020-08-29T14:40:15+00:00,31.3,32.0,206.2,ADAPTIVE,4.0024005555599995,6.476
2020-08-29T14:40:19+00:00,31.2,32.0,206.1,ADAPTIVE,4.00941055556,6.451
2020-08-29T14:40:23+00:00,31.3,32.0,206.1,ADAPTIVE,4.016425,6.478
2020-08-29T14:40:27+00:00,31.2,32.0,206.1,ADAPTIVE,4.02340416667,6.46
2020-08-29T14:40:31+00:00,31.2,32.0,205.9,ADAPTIVE,4.0304108333299995,6.451
2020-08-29T14:40:34+00:00,31.0,32.0,206.4,ADAPTIVE,4.03739416667,6.409
2020-08-29T14:40:38+00:00,31.1,32.0,206.1,ADAPTIVE,4.04440555556,6.427
2020-08-29T14:40:42+00:00,31.2,32.0,206.2,ADAPTIVE,4.0513875,6.436999999999999
2020-08-29T14:40:46+00:00,31.3,32.0,206.3,ADAPTIVE,4.05839666667,6.468999999999999
2020-08-29T14:40:50+00:00,31.1,32.0,206.4,ADAPTIVE,4.06537888889,6.4319999999999995
2020-08-29T14:40:54+00:00,31.2,32.0,206.1,ADAPTIVE,4.07235666667,6.435
2020-08-29T14:40:58+00:00,31.3,32.0,206.2,ADAPTIVE,4.07940277778,6.462
2020-08-29T14:41:02+00:00,31.4,32.0,206.2,ADAPTIVE,4.08643111111,6.487
2020-08-29T14:41:06+00:00,31.4,32.0,206.3,ADAPTIVE,4.09345888889,6.483
2020-08-29T14:41:10+00:00,31.4,32.0,206.2,ADAPTIVE,4.10051972222,6.489
2020-08-29T14:41:14+00:00,31.1,32.0,206.1,ADAPTIVE,4.10751805556,6.425
2020-08-29T14:41:18+00:00,31.0,32.0,206.1,ADAPTIVE,4.11453416667,6.414
2020-08-29T14:41:22+00:00,31.2,32.0,206.2,ADAPTIVE,4.121520555559999,6.454
2020-08-29T14:41:26+00:00,31.3,32.0,206.3,ADAPTIVE,4.12851388889,6.476
2020-08-29T14:41:30+00:00,31.3,32.0,206.2,ADAPTIVE,4.13557166667,6.465
2020-08-29T14:41:34+00:00,31.4,32.0,206.3,ADAPTIVE,4.14260138889,6.489
2020-08-29T14:41:38+00:00,31.1,32.0,206.6,ADAPTIVE,4.14964638889,6.436999999999999
2020-08-29T14:41:42+00:00,31.2,32.0,206.4,ADAPTIVE,4.15663,6.454
2020-08-29T14:41:45+00:00,31.3,32.0,206.2,ADAPTIVE,4.16361361111,6.460999999999999
2020-08-29T14:41:49+00:00,31.2,32.0,206.3,ADAPTIVE,4.17062222222,6.4479999999999995
2020-08-29T14:41:53+00:00,31.4,32.0,206.2,ADAPTIVE,4.177610833329999,6.492
2020-08-29T14:41:57+00:00,31.4,32.0,206.1,ADAPTIVE,4.18466666667,6.4959999999999996
2020-08-29T14:42:01+00:00,31.4,32.0,205.9,ADAPTIVE,4.19169027778,6.4799999999999995
2020-08-29T14:42:05+00:00,31.4,32.0,206.3,ADAPTIVE,4.198716944439999,6.473999999999999
2020-08-29T14:42:09+00:00,31.4,32.0,206.1,ADAPTIVE,4.205774722219999,6.4879999999999995
2020-08-29T14:42:13+00:00,31.2,32.0,206.3,ADAPTIVE,4.21277527778,6.441
2020-08-29T14:42:17+00:00,31.1,32.0,206.2,ADAPTIVE,4.21979055556,6.428
2020-08-29T14:42:21+00:00,31.0,32.0,206.3,ADAPTIVE,4.2267775,6.423
2020-08-29T14:42:25+00:00,31.2,32.0,206.3,ADAPTIVE,4.2337638888899995,6.449
2020-08-29T14:42:29+00:00,31.2,32.0,206.1,ADAPTIVE,4.24077138889,6.4399999999999995
2020-08-29T14:42:33+00:00,31.4,32.0,206.2,ADAPTIVE,4.24776777778,6.481
2020-08-29T14:42:37+00:00,31.4,32.0,206.0,ADAPTIVE,4.25482222222,6.491
2020-08-29T14:42:41+00:00,31.3,32.0,206.2,ADAPTIVE,4.26185027778,6.478
2020-08-29T14:42:45+00:00,31.3,32.0,206.3,ADAPTIVE,4.26888138889,6.475
2020-08-29T14:42:48+00:00,31.0,32.0,206.0,ADAPTIVE,4.27591305556,6.404
2020-08-29T14:42:52+00:00,31.3,32.0,206.1,ADAPTIVE,4.28289916667,6.460999999999999
2020-08-29T14:42:56+00:00,31.2,32.0,206.1,ADAPTIVE,4.28991388889,6.439
2020-08-29T14:43:00+00:00,31.4,32.0,206.1,ADAPTIVE,4.29690305556,6.484
2020-08-29T14:43:04+00:00,31.3,32.0,206.1,ADAPTIVE,4.30392638889,6.46
2020-08-29T14:43:08+00:00,31.4,32.0,206.0,ADAPTIVE,4.3109786111099995,6.486
2020-08-29T14:43:12+00:00,31.1,32.0,206.2,ADAPTIVE,4.31798388889,6.425
2020-08-29T14:43:16+00:00,31.3,32.0,206.2,ADAPTIVE,4.324968333329999,6.459
2020-08-29T14:43:20+00:00,31.1,32.0,206.4,ADAPTIVE,4.3319783333299995,6.420999999999999
2020-08-29T14:43:24+00:00,31.2,32.0,206.0,ADAPTIVE,4.33898333333,6.454
2020-08-29T14:43:28+00:00,31.3,32.0,206.3,ADAPTIVE,4.34603388889,6.476
2020-08-29T14:43:32+00:00,31.3,32.0,206.3,ADAPTIVE,4.35306055556,6.478
2020-08-29T14:43:36+00:00,31.2,32.0,206.2,ADAPTIVE,4.360052222219999,6.444
2020-08-29T14:43:40+00:00,31.2,32.0,206.2,ADAPTIVE,4.367064722219999,6.4559999999999995
2020-08-29T14:43:44+00:00,31.0,32.0,206.2,ADAPTIVE,4.37404888889,6.4159999999999995
2020-08-29T14:43:48+00:00,30.9,32.0,206.4,ADAPTIVE,4.38106194444,6.386
2020-08-29T14:43:52+00:00,31.1,32.0,206.3,ADAPTIVE,4.38803916667,6.4319999999999995
2020-08-29T14:43:55+00:00,31.3,32.0,206.1,ADAPTIVE,4.395043611109999,6.463
2020-08-29T14:43:59+00:00,31.3,32.0,206.3,ADAPTIVE,4.4021030555600005,6.4799999999999995
2020-08-29T14:44:03+00:00,31.3,32.0,206.1,ADAPTIVE,4.40912888889,6.465999999999999
2020-08-29T14:44:07+00:00,31.3,32.0,206.4,ADAPTIVE,4.416185833329999,6.473
2020-08-29T14:44:11+00:00,31.3,32.0,206.3,ADAPTIVE,4.42318638889,6.457999999999999
2020-08-29T14:44:15+00:00,31.0,32.0,206.2,ADAPTIVE,4.430211111109999,6.417
2020-08-29T14:44:19+00:00,31.2,32.0,206.1,ADAPTIVE,4.4371925,6.452
2020-08-29T14:44:23+00:00,31.2,32.0,206.1,ADAPTIVE,4.44417888889,6.447
2020-08-29T14:44:27+00:00,31.2,32.0,206.4,ADAPTIVE,4.45119611111,6.463
2020-08-29T14:44:31+00:00,31.0,32.0,206.1,ADAPTIVE,4.45818416667,6.4079999999999995
2020-08-29T14:44:35+00:00,31.1,32.0,206.3,ADAPTIVE,4.46519527778,6.425
2020-08-29T14:44:39+00:00,31.4,32.0,206.1,ADAPTIVE,4.47221527778,6.481999999999999
2020-08-29T14:44:43+00:00,31.3,32.0,206.2,ADAPTIVE,4.47924166667,6.457999999999999
2020-08-29T14:44:47+00:00,31.1,32.0,206.2,ADAPTIVE,4.48628472222,6.431
2020-08-29T14:44:51+00:00,31.0,32.0,206.2,ADAPTIVE,4.49326611111,6.419
2020-08-29T14:44:55+00:00,31.0,32.0,206.2,ADAPTIVE,4.50027888889,6.404999999999999
2020-08-29T14:44:58+00:00,31.1,32.0,206.2,ADAPTIVE,4.50726166667,6.439
2020-08-29T14:45:02+00:00,31.1,32.0,206.3,ADAPTIVE,4.5142413888899995,6.439
2020-08-29T14:45:06+00:00,31.4,32.0,206.3,ADAPTIVE,4.52128305556,6.486
2020-08-29T14:45:10+00:00,31.4,32.0,206.2,ADAPTIVE,4.52831277778,6.483
2020-08-29T14:45:14+00:00,31.3,32.0,206.2,ADAPTIVE,4.53536805556,6.487
2020-08-29T14:45:18+00:00,31.3,32.0,206.3,ADAPTIVE,4.54239527778,6.47
2020-08-29T14:45:22+00:00,31.4,32.0,206.0,ADAPTIVE,4.54942166667,6.481
2020-08-29T14:45:26+00:00,31.4,32.0,206.2,ADAPTIVE,4.55647666667,6.481
2020-08-29T14:45:30+00:00,31.4,32.0,206.2,ADAPTIVE,4.56350583333,6.481
2020-08-29T14:45:34+00:00,31.3,32.0,206.1,ADAPTIVE,4.57052944444,6.47
2020-08-29T14:45:38+00:00,31.0,32.0,206.3,ADAPTIVE,4.5775175,6.406
2020-08-29T14:45:42+00:00,31.3,32.0,206.2,ADAPTIVE,4.58450555556,6.452
2020-08-29T14:45:46+00:00,31.3,32.0,206.0,ADAPTIVE,4.591525,6.473999999999999
2020-08-29T14:45:50+00:00,31.4,32.0,206.1,ADAPTIVE,4.598552499999999,6.4879999999999995
2020-08-29T14:45:54+00:00,31.3,32.0,206.3,ADAPTIVE,4.60560722222,6.4559999999999995
2020-08-29T14:45:58+00:00,31.3,32.0,206.2,ADAPTIVE,4.61263138889,6.468
2020-08-29T14:46:02+00:00,31.4,32.0,206.1,ADAPTIVE,4.61968222222,6.483
2020-08-29T14:46:06+00:00,31.0,32.0,205.8,ADAPTIVE,4.626685,6.39
2020-08-29T14:46:09+00:00,31.2,32.0,206.2,ADAPTIVE,4.63366472222,6.444
2020-08-29T14:46:13+00:00,31.3,32.0,205.9,ADAPTIVE,4.6406725,6.460999999999999
2020-08-29T14:46:17+00:00,31.2,32.0,206.3,ADAPTIVE,4.64765277778,6.433
2020-08-29T14:46:21+00:00,31.1,32.0,206.1,ADAPTIVE,4.6546652777799995,6.412
2020-08-29T14:46:25+00:00,31.3,32.0,205.9,ADAPTIVE,4.66164666667,6.452999999999999
2020-08-29T14:46:29+00:00,31.3,32.0,206.1,ADAPTIVE,4.6686625,6.465999999999999
2020-08-29T14:46:33+00:00,31.3,32.0,206.0,ADAPTIVE,4.67571527778,6.463
2020-08-29T14:46:37+00:00,31.4,32.0,205.9,ADAPTIVE,4.68274027778,6.471
2020-08-29T14:46:41+00:00,31.2,32.0,206.1,ADAPTIVE,4.689792499999999,6.46
2020-08-29T14:46:45+00:00,31.1,32.0,206.0,ADAPTIVE,4.6967777777799995,6.433999999999999
2020-08-29T14:46:49+00:00,31.2,32.0,206.1,ADAPTIVE,4.70376277778,6.452
2020-08-29T14:46:53+00:00,31.2,32.0,206.0,ADAPTIVE,4.7107783333299995,6.43
2020-08-29T14:46:57+00:00,31.1,32.0,206.1,ADAPTIVE,4.71775472222,6.422
2020-08-29T14:47:01+00:00,31.3,32.0,205.9,ADAPTIVE,4.72479055556,6.465999999999999
2020-08-29T14:47:05+00:00,31.3,32.0,206.0,ADAPTIVE,4.73181138889,6.459
2020-08-29T14:47:09+00:00,31.3,32.0,206.2,ADAPTIVE,4.73883111111,6.468
2020-08-29T14:47:13+00:00,31.4,32.0,205.8,ADAPTIVE,4.74588055556,6.4799999999999995
2020-08-29T14:47:16+00:00,31.3,32.0,206.1,ADAPTIVE,4.75290055556,6.462
2020-08-29T14:47:20+00:00,31.4,32.0,206.3,ADAPTIVE,4.75995472222,6.492999999999999
2020-08-29T14:47:24+00:00,31.4,32.0,206.2,ADAPTIVE,4.76697861111,6.487
2020-08-29T14:47:28+00:00,31.4,32.0,206.3,ADAPTIVE,4.77402916667,6.4879999999999995
2020-08-29T14:47:32+00:00,31.3,32.0,206.2,ADAPTIVE,4.78105138889,6.468999999999999
2020-08-29T14:47:36+00:00,31.4,32.0,206.0,ADAPTIVE,4.7881025,6.478
2020-08-29T14:47:40+00:00,31.3,32.0,206.1,ADAPTIVE,4.79512194444,6.471
2020-08-29T14:47:44+00:00,31.0,32.0,205.7,ADAPTIVE,4.80214222222,6.3999999999999995
2020-08-29T14:47:48+00:00,31.1,32.0,206.2,ADAPTIVE,4.80911666667,6.414
2020-08-29T14:47:52+00:00,31.1,32.0,206.1,ADAPTIVE,4.81612444444,6.414
2020-08-29T14:47:56+00:00,31.3,32.0,206.3,ADAPTIVE,4.82310305556,6.4479999999999995
2020-08-29T14:48:00+00:00,31.3,32.0,206.0,ADAPTIVE,4.83010888889,6.462
2020-08-29T14:48:04+00:00,31.2,32.0,206.1,ADAPTIVE,4.83709083333,6.427
2020-08-29T14:48:08+00:00,31.1,32.0,206.1,ADAPTIVE,4.84409416667,6.427
2020-08-29T14:48:12+00:00,31.1,32.0,206.0,ADAPTIVE,4.85107083333,6.422
2020-08-29T14:48:16+00:00,31.3,32.0,206.2,ADAPTIVE,4.858046111109999,6.462
2020-08-29T14:48:19+00:00,31.2,32.0,206.2,ADAPTIVE,4.8650491666699995,6.455
2020-08-29T14:48:23+00:00,31.0,32.0,206.2,ADAPTIVE,4.87203694444,6.391
2020-08-29T14:48:27+00:00,31.1,32.0,206.1,ADAPTIVE,4.879043611109999,6.419
2020-08-29T14:48:31+00:00,31.1,32.0,206.1,ADAPTIVE,4.88602111111,6.423
2020-08-29T14:48:35+00:00,31.2,32.0,205.9,ADAPTIVE,4.893030833329999,6.436
2020-08-29T14:48:39+00:00,31.2,32.0,205.7,ADAPTIVE,4.90000972222,6.4399999999999995
2020-08-29T14:48:43+00:00,31.2,32.0,205.9,ADAPTIVE,4.907008611109999,6.431
2020-08-29T14:48:47+00:00,31.1,32.0,206.4,ADAPTIVE,4.913980833329999,6.42
2020-08-29T14:48:51+00:00,31.0,32.0,206.3,ADAPTIVE,4.920991111109999,6.414
2020-08-29T14:48:55+00:00,31.1,32.0,206.0,ADAPTIVE,4.92795888889,6.418
2020-08-29T14:48:59+00:00,31.3,32.0,206.0,ADAPTIVE,4.9349375,6.455
2020-08-29T14:49:03+00:00,31.4,32.0,206.0,ADAPTIVE,4.94195916667,6.483
2020-08-29T14:49:07+00:00,31.4,32.0,206.1,ADAPTIVE,4.94898166667,6.465
2020-08-29T14:49:11+00:00,31.4,32.0,205.9,ADAPTIVE,4.95603333333,6.4719999999999995
2020-08-29T14:49:15+00:00,31.4,32.0,206.0,ADAPTIVE,4.96305666667,6.484999999999999
2020-08-29T14:49:19+00:00,31.2,32.0,206.0,ADAPTIVE,4.97010277778,6.4479999999999995
2020-08-29T14:49:23+00:00,30.9,32.0,206.1,ADAPTIVE,4.97708916667,6.385
2020-08-29T14:49:26+00:00,31.2,32.0,206.1,ADAPTIVE,4.9840736111099995,6.46
2020-08-29T14:49:30+00:00,31.2,32.0,206.2,ADAPTIVE,4.99108777778,6.454
2020-08-29T14:49:34+00:00,31.3,32.0,206.3,ADAPTIVE,4.99806611111,6.457
2020-08-29T14:49:38+00:00,31.3,32.0,206.2,ADAPTIVE,5.00507527778,6.454
2020-08-29T14:49:42+00:00,31.1,32.0,206.1,ADAPTIVE,5.01206027778,6.433
2020-08-29T14:49:46+00:00,31.0,32.0,206.1,ADAPTIVE,5.019071944439999,6.404999999999999
2020-08-29T14:49:50+00:00,31.3,32.0,206.1,ADAPTIVE,5.02605527778,6.449
2020-08-29T14:49:54+00:00,31.3,32.0,206.1,ADAPTIVE,5.033068333329999,6.46
2020-08-29T14:49:58+00:00,31.1,32.0,206.0,ADAPTIVE,5.040053611109999,6.418
2020-08-29T14:50:02+00:00,31.1,32.0,205.8,ADAPTIVE,5.04703833333,6.433
2020-08-29T14:50:06+00:00,31.2,32.0,205.8,ADAPTIVE,5.05405166667,6.438
2020-08-29T14:50:10+00:00,31.3,32.0,206.2,ADAPTIVE,5.06103388889,6.460999999999999
2020-08-29T14:50:14+00:00,31.3,32.0,206.1,ADAPTIVE,5.06805111111,6.47
2020-08-29T14:50:18+00:00,31.2,32.0,206.1,ADAPTIVE,5.07503305556,6.433999999999999
2020-08-29T14:50:22+00:00,31.1,32.0,206.0,ADAPTIVE,5.0820391666699996,6.428999999999999
2020-08-29T14:50:26+00:00,31.0,32.0,206.1,ADAPTIVE,5.089018611109999,6.41
2020-08-29T14:50:30+00:00,31.2,32.0,205.9,ADAPTIVE,5.09603638889,6.425
2020-08-29T14:50:33+00:00,31.2,32.0,206.0,ADAPTIVE,5.10301972222,6.433999999999999
2020-08-29T14:50:37+00:00,31.2,32.0,206.1,ADAPTIVE,5.110035,6.436999999999999
2020-08-29T14:50:41+00:00,31.0,32.0,206.2,ADAPTIVE,5.117017222219999,6.402
2020-08-29T14:50:45+00:00,31.3,32.0,206.0,ADAPTIVE,5.1240186111099995,6.468999999999999
2020-08-29T14:50:49+00:00,31.4,32.0,206.1,ADAPTIVE,5.13107138889,6.484999999999999
2020-08-29T14:50:53+00:00,31.4,32.0,206.3,ADAPTIVE,5.13809666667,6.483
2020-08-29T14:50:57+00:00,31.3,32.0,206.1,ADAPTIVE,5.1451525,6.468
2020-08-29T14:51:01+00:00,31.3,32.0,206.0,ADAPTIVE,5.152178333329999,6.478
2020-08-29T14:51:05+00:00,31.3,32.0,206.2,ADAPTIVE,5.15921222222,6.457999999999999
2020-08-29T14:51:09+00:00,31.1,32.0,206.3,ADAPTIVE,5.166196944439999,6.4319999999999995
2020-08-29T14:51:13+00:00,31.2,32.0,205.9,ADAPTIVE,5.17318305556,6.444999999999999
2020-08-29T14:51:17+00:00,31.2,32.0,206.1,ADAPTIVE,5.18019833333,6.441
2020-08-29T14:51:21+00:00,31.2,32.0,206.1,ADAPTIVE,5.1871849999999995,6.4479999999999995
2020-08-29T14:51:25+00:00,31.2,32.0,206.0,ADAPTIVE,5.19420277778,6.4399999999999995
2020-08-29T14:51:29+00:00,31.0,32.0,206.2,ADAPTIVE,5.201185,6.402
2020-08-29T14:51:33+00:00,31.1,32.0,206.0,ADAPTIVE,5.20820361111,6.422
2020-08-29T14:51:37+00:00,31.0,32.0,206.1,ADAPTIVE,5.21517916667,6.404
2020-08-29T14:51:40+00:00,31.1,32.0,205.9,ADAPTIVE,5.22219611111,6.419
2020-08-29T14:51:44+00:00,31.4,32.0,205.9,ADAPTIVE,5.22918194444,6.481999999999999
2020-08-29T14:51:48+00:00,31.1,32.0,206.1,ADAPTIVE,5.23616972222,6.422
2020-08-29T14:51:52+00:00,31.1,32.0,206.0,ADAPTIVE,5.24317972222,6.433
2020-08-29T14:51:56+00:00,31.3,32.0,206.1,ADAPTIVE,5.2501683333299995,6.46
2020-08-29T14:52:00+00:00,31.4,32.0,206.1,ADAPTIVE,5.25721472222,6.473999999999999
2020-08-29T14:52:04+00:00,31.3,32.0,206.1,ADAPTIVE,5.2642322222199995,6.4639999999999995
2020-08-29T14:52:08+00:00,31.2,32.0,206.2,ADAPTIVE,5.27122388889,6.428999999999999
2020-08-29T14:52:12+00:00,31.2,32.0,206.3,ADAPTIVE,5.27823666667,6.4319999999999995
2020-08-29T14:52:16+00:00,31.2,32.0,206.1,ADAPTIVE,5.28522416667,6.457
2020-08-29T14:52:20+00:00,31.1,32.0,206.1,ADAPTIVE,5.292234444439999,6.4319999999999995
2020-08-29T14:52:24+00:00,31.2,32.0,206.2,ADAPTIVE,5.29922,6.446
2020-08-29T14:52:28+00:00,31.3,32.0,206.2,ADAPTIVE,5.30623416667,6.449999999999999
2020-08-29T14:52:32+00:00,31.2,32.0,205.9,ADAPTIVE,5.31321805556,6.438
2020-08-29T14:52:36+00:00,31.2,32.0,206.0,ADAPTIVE,5.320228333329999,6.452999999999999
2020-08-29T14:52:40+00:00,31.4,32.0,206.0,ADAPTIVE,5.32723166667,6.492999999999999
2020-08-29T14:52:44+00:00,31.4,32.0,205.9,ADAPTIVE,5.33428638889,6.484999999999999
2020-08-29T14:52:47+00:00,31.4,32.0,205.8,ADAPTIVE,5.34131111111,6.481999999999999
2020-08-29T14:52:51+00:00,31.4,32.0,205.7,ADAPTIVE,5.34833222222,6.478
2020-08-29T14:52:55+00:00,31.4,32.0,206.1,ADAPTIVE,5.35538777778,6.484
2020-08-29T14:52:59+00:00,31.3,32.0,206.1,ADAPTIVE,5.362410833329999,6.4559999999999995
2020-08-29T14:53:03+00:00,31.4,32.0,206.0,ADAPTIVE,5.36946472222,6.4719999999999995
2020-08-29T14:53:07+00:00,31.2,32.0,206.0,ADAPTIVE,5.37648472222,6.4479999999999995
2020-08-29T14:53:11+00:00,31.2,32.0,206.1,ADAPTIVE,5.383500833329999,6.435
2020-08-29T14:53:15+00:00,31.3,32.0,206.2,ADAPTIVE,5.390486944439999,6.468
2020-08-29T14:53:19+00:00,31.3,32.0,205.8,ADAPTIVE,5.39750027778,6.4719999999999995
2020-08-29T14:53:23+00:00,31.4,32.0,206.2,ADAPTIVE,5.40450777778,6.483
2020-08-29T14:53:27+00:00,31.3,32.0,205.9,ADAPTIVE,5.41156166667,6.4639999999999995
2020-08-29T14:53:31+00:00,31.3,32.0,206.0,ADAPTIVE,5.41858305556,6.465
2020-08-29T14:53:35+00:00,31.3,32.0,206.0,ADAPTIVE,5.4256333333299995,6.465
2020-08-29T14:53:39+00:00,31.0,32.0,206.0,ADAPTIVE,5.43262638889,6.406
2020-08-29T14:53:43+00:00,31.1,32.0,206.1,ADAPTIVE,5.43962833333,6.412
2020-08-29T14:53:47+00:00,31.3,32.0,205.9,ADAPTIVE,5.44660305556,6.462
2020-08-29T14:53:51+00:00,31.2,32.0,206.2,ADAPTIVE,5.45361611111,6.433999999999999
2020-08-29T14:53:54+00:00,31.3,32.0,206.0,ADAPTIVE,5.46059444444,6.452
2020-08-29T14:53:58+00:00,31.3,32.0,206.0,ADAPTIVE,5.46762027778,6.4719999999999995
2020-08-29T14:54:02+00:00,31.3,32.0,206.0,ADAPTIVE,5.47463305556,6.473
2020-08-29T14:54:06+00:00,31.4,32.0,206.2,ADAPTIVE,5.48167833333,6.481999999999999
2020-08-29T14:54:10+00:00,31.3,32.0,205.9,ADAPTIVE,5.48866138889,6.452999999999999
2020-08-29T14:54:14+00:00,31.2,32.0,206.1,ADAPTIVE,5.49566805556,6.46
2020-08-29T14:54:18+00:00,31.1,32.0,206.0,ADAPTIVE,5.50265222222,6.425
2020-08-29T14:54:22+00:00,31.3,32.0,206.2,ADAPTIVE,5.509665,6.46
2020-08-29T14:54:26+00:00,31.2,32.0,206.3,ADAPTIVE,5.5166769444399995,6.449999999999999
2020-08-29T14:54:30+00:00,31.4,32.0,206.1,ADAPTIVE,5.523692222219999,6.478
2020-08-29T14:54:34+00:00,31.3,32.0,206.0,ADAPTIVE,5.530743333329999,6.460999999999999
2020-08-29T14:54:38+00:00,31.1,32.0,206.3,ADAPTIVE,5.537754444439999,6.417
2020-08-29T14:54:42+00:00,31.2,32.0,206.0,ADAPTIVE,5.54475916667,6.441999999999999
2020-08-29T14:54:46+00:00,31.1,32.0,206.1,ADAPTIVE,5.55174361111,6.412
2020-08-29T14:54:50+00:00,31.1,32.0,206.3,ADAPTIVE,5.55875916667,6.427
2020-08-29T14:54:54+00:00,31.3,32.0,206.0,ADAPTIVE,5.565761944439999,6.455
2020-08-29T14:54:58+00:00,31.4,32.0,206.1,ADAPTIVE,5.57281111111,6.475
2020-08-29T14:55:01+00:00,31.4,32.0,205.9,ADAPTIVE,5.57983111111,6.476999999999999
2020-08-29T14:55:05+00:00,31.0,32.0,206.2,ADAPTIVE,5.58684416667,6.404999999999999
2020-08-29T14:55:09+00:00,31.1,32.0,206.3,ADAPTIVE,5.593824444439999,6.425
2020-08-29T14:55:13+00:00,31.1,32.0,206.3,ADAPTIVE,5.60083583333,6.420999999999999
2020-08-29T14:55:17+00:00,31.3,32.0,205.9,ADAPTIVE,5.60787972222,6.4719999999999995
2020-08-29T14:55:21+00:00,31.4,32.0,205.9,ADAPTIVE,5.6149,6.484999999999999
2020-08-29T14:55:25+00:00,31.1,32.0,205.9,ADAPTIVE,5.62192333333,6.427
2020-08-29T14:55:29+00:00,31.0,32.0,206.0,ADAPTIVE,5.62890638889,6.409
2020-08-29T14:55:33+00:00,31.2,32.0,206.0,ADAPTIVE,5.6359175,6.439
2020-08-29T14:55:37+00:00,31.4,32.0,206.0,ADAPTIVE,5.64293555556,6.476
2020-08-29T14:55:41+00:00,31.4,32.0,206.1,ADAPTIVE,5.64998611111,6.4879999999999995
2020-08-29T14:55:45+00:00,31.3,32.0,206.3,ADAPTIVE,5.657008333329999,6.476
2020-08-29T14:55:49+00:00,31.1,32.0,206.1,ADAPTIVE,5.66398805556,6.43
2020-08-29T14:55:53+00:00,31.2,32.0,206.0,ADAPTIVE,5.67100111111,6.438
2020-08-29T14:55:57+00:00,31.1,32.0,206.1,ADAPTIVE,5.67798777778,6.422
2020-08-29T14:56:01+00:00,31.3,32.0,206.1,ADAPTIVE,5.68500055556,6.463
2020-08-29T14:56:04+00:00,31.3,32.0,205.9,ADAPTIVE,5.69201916667,6.468
2020-08-29T14:56:08+00:00,31.3,32.0,206.0,ADAPTIVE,5.69906833333,6.447
2020-08-29T14:56:12+00:00,31.1,32.0,206.1,ADAPTIVE,5.7060875,6.431
2020-08-29T14:56:16+00:00,31.1,32.0,205.9,ADAPTIVE,5.71310166667,6.4239999999999995
2020-08-29T14:56:20+00:00,31.3,32.0,205.7,ADAPTIVE,5.720082222219999,6.441999999999999
2020-08-29T14:56:24+00:00,31.2,32.0,205.9,ADAPTIVE,5.727099444439999,6.439
2020-08-29T14:56:28+00:00,31.3,32.0,205.9,ADAPTIVE,5.7340824999999995,6.476
2020-08-29T14:56:32+00:00,31.3,32.0,206.1,ADAPTIVE,5.741131944439999,6.467
2020-08-29T14:56:36+00:00,31.4,32.0,206.1,ADAPTIVE,5.7481508333299995,6.473
2020-08-29T14:56:40+00:00,31.1,32.0,206.0,ADAPTIVE,5.7551838888899995,6.435
2020-08-29T14:56:44+00:00,31.3,32.0,206.1,ADAPTIVE,5.76216444444,6.471
2020-08-29T14:56:48+00:00,31.2,32.0,206.0,ADAPTIVE,5.76917444444,6.4479999999999995
2020-08-29T14:56:52+00:00,31.4,32.0,206.1,ADAPTIVE,5.77620611111,6.4719999999999995
2020-08-29T14:56:56+00:00,31.3,32.0,206.0,ADAPTIVE,5.78322166667,6.46
2020-08-29T14:57:00+00:00,31.1,32.0,206.1,ADAPTIVE,5.7902325,6.4239999999999995
2020-08-29T14:57:04+00:00,31.2,32.0,206.0,ADAPTIVE,5.7972174999999995,6.447
2020-08-29T14:57:08+00:00,31.3,32.0,205.9,ADAPTIVE,5.804239722219999,6.460999999999999
2020-08-29T14:57:11+00:00,31.4,32.0,206.1,ADAPTIVE,5.811288611109999,6.475
2020-08-29T14:57:15+00:00,31.0,32.0,205.8,ADAPTIVE,5.818301111109999,6.409
2020-08-29T14:57:19+00:00,31.1,32.0,205.7,ADAPTIVE,5.82530388889,6.411
2020-08-29T14:57:23+00:00,31.1,32.0,206.1,ADAPTIVE,5.832285,6.428
2020-08-29T14:57:27+00:00,31.1,32.0,206.1,ADAPTIVE,5.839296388889999,6.4239999999999995
2020-08-29T14:57:31+00:00,31.4,32.0,206.1,ADAPTIVE,5.84629305556,6.4879999999999995
2020-08-29T14:57:35+00:00,31.4,32.0,206.0,ADAPTIVE,5.85334611111,6.4959999999999996
2020-08-29T14:57:39+00:00,31.1,32.0,206.4,ADAPTIVE,5.86035055556,6.417
2020-08-29T14:57:43+00:00,31.0,32.0,206.5,ADAPTIVE,5.86736555556,6.414
2020-08-29T14:57:47+00:00,31.4,32.0,206.1,ADAPTIVE,5.87440138889,6.487
2020-08-29T14:57:51+00:00,31.4,32.0,205.8,ADAPTIVE,5.881427222219999,6.481
2020-08-29T14:57:55+00:00,31.2,32.0,206.1,ADAPTIVE,5.88844805556,6.444
2020-08-29T14:57:59+00:00,31.1,32.0,206.3,ADAPTIVE,5.89543361111,6.43
2020-08-29T14:58:03+00:00,31.3,32.0,206.1,ADAPTIVE,5.90245888889,6.476999999999999
2020-08-29T14:58:07+00:00,31.4,32.0,206.3,ADAPTIVE,5.9094875,6.505
2020-08-29T14:58:11+00:00,31.4,32.0,206.1,ADAPTIVE,5.91654611111,6.484999999999999
2020-08-29T14:58:15+00:00,31.2,32.0,206.1,ADAPTIVE,5.92356,6.452999999999999
2020-08-29T14:58:18+00:00,31.3,32.0,206.1,ADAPTIVE,5.93054833333,6.468
2020-08-29T14:58:22+00:00,31.3,32.0,206.1,ADAPTIVE,5.937573888889999,6.473999999999999
2020-08-29T14:58:26+00:00,31.4,32.0,206.2,ADAPTIVE,5.944602499999999,6.484999999999999
2020-08-29T14:58:30+00:00,31.4,32.0,206.3,ADAPTIVE,5.95165972222,6.4799999999999995
2020-08-29T14:58:34+00:00,31.2,32.0,206.3,ADAPTIVE,5.95864916667,6.447
2020-08-29T14:58:38+00:00,31.2,32.0,206.3,ADAPTIVE,5.96566166667,6.4399999999999995
2020-08-29T14:58:42+00:00,31.3,32.0,206.1,ADAPTIVE,5.97270305556,6.473999999999999
2020-08-29T14:58:46+00:00,31.1,32.0,206.1,ADAPTIVE,5.97971888889,6.425999999999999
2020-08-29T14:58:50+00:00,31.1,32.0,206.1,ADAPTIVE,5.98673444444,6.423
2020-08-29T14:58:54+00:00,31.3,32.0,206.3,ADAPTIVE,5.993723333329999,6.475
2020-08-29T14:58:58+00:00,31.3,32.0,206.3,ADAPTIVE,6.00077722222,6.47
2020-08-29T14:59:02+00:00,31.4,32.0,206.3,ADAPTIVE,6.00779972222,6.483
2020-08-29T14:59:06+00:00,31.0,32.0,206.3,ADAPTIVE,6.01481222222,6.4159999999999995
2020-08-29T14:59:10+00:00,31.2,32.0,206.2,ADAPTIVE,6.021823611109999,6.4479999999999995
2020-08-29T14:59:14+00:00,31.4,32.0,206.3,ADAPTIVE,6.0288044444399995,6.4799999999999995
2020-08-29T14:59:18+00:00,31.4,32.0,205.7,ADAPTIVE,6.035854444439999,6.487
2020-08-29T14:59:22+00:00,31.3,32.0,205.9,ADAPTIVE,6.04287416667,6.460999999999999
2020-08-29T14:59:25+00:00,31.2,32.0,206.3,ADAPTIVE,6.04988472222,6.447
2020-08-29T14:59:29+00:00,31.1,32.0,206.3,ADAPTIVE,6.056874444439999,6.43
2020-08-29T14:59:33+00:00,31.5,32.0,206.3,ADAPTIVE,6.06389638889,6.4959999999999996
2020-08-29T14:59:37+00:00,31.4,32.0,206.2,ADAPTIVE,6.07095555556,6.484
2020-08-29T14:59:41+00:00,31.2,32.0,206.0,ADAPTIVE,6.077979722219999,6.4559999999999995
2020-08-29T14:59:45+00:00,31.3,32.0,206.1,ADAPTIVE,6.0849922222199995,6.473
2020-08-29T14:59:49+00:00,31.4,32.0,206.0,ADAPTIVE,6.09197694444,6.481
2020-08-29T14:59:53+00:00,31.4,32.0,206.0,ADAPTIVE,6.099031388889999,6.481999999999999
2020-08-29T14:59:57+00:00,31.3,32.0,206.2,ADAPTIVE,6.1060574999999995,6.475
2020-08-29T15:00:01+00:00,31.2,32.0,206.2,ADAPTIVE,6.11307805556,6.46
2020-08-29T15:00:05+00:00,31.2,32.0,205.9,ADAPTIVE,6.1200975,6.436999999999999
2020-08-29T15:00:09+00:00,31.3,32.0,205.9,ADAPTIVE,6.1270866666699995,6.468999999999999
2020-08-29T15:00:13+00:00,31.2,32.0,206.1,ADAPTIVE,6.13410583333,6.449999999999999
2020-08-29T15:00:17+00:00,31.4,32.0,206.1,ADAPTIVE,6.14109555556,6.484
2020-08-29T15:00:21+00:00,31.4,32.0,206.1,ADAPTIVE,6.148154722219999,6.497999999999999
2020-08-29T15:00:25+00:00,31.4,32.0,206.2,ADAPTIVE,6.1551849999999995,6.4799999999999995
2020-08-29T15:00:28+00:00,31.3,32.0,206.3,ADAPTIVE,6.16224444444,6.473
2020-08-29T15:00:32+00:00,31.1,32.0,206.3,ADAPTIVE,6.16925055556,6.4239999999999995
2020-08-29T15:00:36+00:00,31.2,32.0,206.0,ADAPTIVE,6.176264444439999,6.444
2020-08-29T15:00:40+00:00,31.0,32.0,206.2,ADAPTIVE,6.18325055556,6.4079999999999995
2020-08-29T15:00:44+00:00,31.4,32.0,206.1,ADAPTIVE,6.190303333329999,6.492999999999999
2020-08-29T15:00:48+00:00,31.4,32.0,206.4,ADAPTIVE,6.19733222222,6.489999999999999
2020-08-29T15:00:52+00:00,31.3,32.0,206.0,ADAPTIVE,6.204351111109999,6.467
2020-08-29T15:00:56+00:00,31.3,32.0,206.1,ADAPTIVE,6.21136777778,6.459
2020-08-29T15:01:00+00:00,31.3,32.0,206.1,ADAPTIVE,6.218378888889999,6.473
2020-08-29T15:01:04+00:00,31.3,32.0,206.2,ADAPTIVE,6.22543388889,6.475
2020-08-29T15:01:08+00:00,31.2,32.0,206.2,ADAPTIVE,6.2324558333299995,6.449999999999999
2020-08-29T15:01:12+00:00,31.2,32.0,206.2,ADAPTIVE,6.23946388889,6.46
2020-08-29T15:01:16+00:00,31.2,32.0,206.3,ADAPTIVE,6.24644888889,6.446
2020-08-29T15:01:20+00:00,31.3,32.0,206.0,ADAPTIVE,6.25348666667,6.4719999999999995
2020-08-29T15:01:24+00:00,31.3,32.0,206.3,ADAPTIVE,6.26054027778,6.478
2020-08-29T15:01:28+00:00,31.2,32.0,206.0,ADAPTIVE,6.26754805556,6.452999999999999
2020-08-29T15:01:32+00:00,31.2,32.0,206.3,ADAPTIVE,6.2745616666699995,6.452999999999999
2020-08-29T15:01:35+00:00,31.2,32.0,206.3,ADAPTIVE,6.28154833333,6.439
2020-08-29T15:01:39+00:00,31.3,32.0,206.1,ADAPTIVE,6.288595,6.483
2020-08-29T15:01:43+00:00,31.4,32.0,205.9,ADAPTIVE,6.29561944444,6.484999999999999
2020-08-29T15:01:47+00:00,31.2,32.0,206.2,ADAPTIVE,6.30263388889,6.449
2020-08-29T15:01:51+00:00,31.0,32.0,206.2,ADAPTIVE,6.309648333329999,6.403
2020-08-29T15:01:55+00:00,31.3,32.0,206.2,ADAPTIVE,6.31666944444,6.468
2020-08-29T15:01:59+00:00,31.2,32.0,206.2,ADAPTIVE,6.32371027778,6.452
2020-08-29T15:02:03+00:00,31.2,32.0,206.2,ADAPTIVE,6.3306949999999995,6.438
2020-08-29T15:02:07+00:00,31.3,32.0,206.2,ADAPTIVE,6.33772055556,6.481
2020-08-29T15:02:11+00:00,31.3,32.0,206.4,ADAPTIVE,6.34477861111,6.471
2020-08-29T15:02:15+00:00,31.3,32.0,206.4,ADAPTIVE,6.35179972222,6.475
2020-08-29T15:02:19+00:00,31.2,32.0,206.2,ADAPTIVE,6.3588136111099995,6.454
2020-08-29T15:02:23+00:00,31.3,32.0,206.1,ADAPTIVE,6.36580027778,6.479
2020-08-29T15:02:27+00:00,31.3,32.0,206.2,ADAPTIVE,6.37285638889,6.473
2020-08-29T15:02:31+00:00,31.2,32.0,206.3,ADAPTIVE,6.37986722222,6.449999999999999
2020-08-29T15:02:35+00:00,31.2,32.0,206.0,ADAPTIVE,6.38688222222,6.451
2020-08-29T15:02:39+00:00,31.3,32.0,206.3,ADAPTIVE,6.3939224999999995,6.475
2020-08-29T15:02:43+00:00,31.3,32.0,206.0,ADAPTIVE,6.40094805556,6.471
2020-08-29T15:02:46+00:00,31.1,32.0,206.4,ADAPTIVE,6.407964444439999,6.412
2020-08-29T15:02:50+00:00,31.1,32.0,206.2,ADAPTIVE,6.41494916667,6.423
2020-08-29T15:02:54+00:00,31.4,32.0,206.1,ADAPTIVE,6.421960833329999,6.492999999999999
2020-08-29T15:02:58+00:00,31.3,32.0,206.3,ADAPTIVE,6.42901555556,6.475
2020-08-29T15:03:02+00:00,31.2,32.0,206.1,ADAPTIVE,6.43601833333,6.446
2020-08-29T15:03:06+00:00,31.3,32.0,206.0,ADAPTIVE,6.44303305556,6.479
2020-08-29T15:03:10+00:00,31.1,32.0,206.1,ADAPTIVE,6.45002305556,6.441
2020-08-29T15:03:14+00:00,31.1,32.0,206.2,ADAPTIVE,6.457037222219999,6.419
2020-08-29T15:03:18+00:00,31.4,32.0,206.0,ADAPTIVE,6.46406055556,6.4879999999999995
2020-08-29T15:03:22+00:00,31.4,32.0,206.3,ADAPTIVE,6.47111527778,6.492999999999999
2020-08-29T15:03:26+00:00,31.0,32.0,206.3,ADAPTIVE,6.4781294444399995,6.399
2020-08-29T15:03:30+00:00,31.2,32.0,206.2,ADAPTIVE,6.48513944444,6.444999999999999
2020-08-29T15:03:34+00:00,31.4,32.0,206.2,ADAPTIVE,6.49215222222,6.489
2020-08-29T15:03:38+00:00,31.4,32.0,206.1,ADAPTIVE,6.499179444439999,6.484
2020-08-29T15:03:42+00:00,31.3,32.0,206.1,ADAPTIVE,6.50622944444,6.467
2020-08-29T15:03:46+00:00,31.3,32.0,206.3,ADAPTIVE,6.51321305556,6.46
2020-08-29T15:03:49+00:00,31.4,32.0,206.1,ADAPTIVE,6.520230833329999,6.491
2020-08-29T15:03:53+00:00,31.4,32.0,206.0,ADAPTIVE,6.52725805556,6.489
2020-08-29T15:03:57+00:00,31.4,32.0,206.1,ADAPTIVE,6.534315833329999,6.497999999999999
2020-08-29T15:04:01+00:00,31.1,32.0,206.1,ADAPTIVE,6.54134055556,6.439
2020-08-29T15:04:05+00:00,31.3,32.0,206.2,ADAPTIVE,6.548324722219999,6.465999999999999
2020-08-29T15:04:09+00:00,31.3,32.0,206.3,ADAPTIVE,6.555339999999999,6.479
2020-08-29T15:04:13+00:00,31.4,32.0,206.1,ADAPTIVE,6.56236805556,6.491
2020-08-29T15:04:17+00:00,31.3,32.0,206.2,ADAPTIVE,6.56942527778,6.476999999999999
2020-08-29T15:04:21+00:00,31.2,32.0,206.4,ADAPTIVE,6.57643027778,6.449999999999999
2020-08-29T15:04:25+00:00,31.0,32.0,206.5,ADAPTIVE,6.58344527778,6.422
2020-08-29T15:04:29+00:00,31.4,32.0,206.3,ADAPTIVE,6.590484722219999,6.483
2020-08-29T15:04:33+00:00,31.0,32.0,206.3,ADAPTIVE,6.59750027778,6.407
2020-08-29T15:04:37+00:00,31.2,32.0,206.3,ADAPTIVE,6.60450944444,6.452999999999999
2020-08-29T15:04:41+00:00,31.4,32.0,206.4,ADAPTIVE,6.611506944439999,6.483
2020-08-29T15:04:45+00:00,31.2,32.0,206.2,ADAPTIVE,6.618558333329999,6.447
2020-08-29T15:04:49+00:00,31.2,32.0,206.4,ADAPTIVE,6.6255774999999995,6.462
2020-08-29T15:04:53+00:00,31.2,32.0,206.4,ADAPTIVE,6.632567777779999,6.457999999999999
2020-08-29T15:04:56+00:00,31.4,32.0,206.2,ADAPTIVE,6.63961055556,6.489
2020-08-29T15:05:00+00:00,31.4,32.0,206.1,ADAPTIVE,6.64663972222,6.491
2020-08-29T15:05:04+00:00,31.2,32.0,206.4,ADAPTIVE,6.65367916667,6.4399999999999995
2020-08-29T15:05:08+00:00,31.3,32.0,206.4,ADAPTIVE,6.66066333333,6.460999999999999
2020-08-29T15:05:12+00:00,31.4,32.0,205.9,ADAPTIVE,6.66767777778,6.494
2020-08-29T15:05:16+00:00,31.4,32.0,206.2,ADAPTIVE,6.674734722219999,6.484
2020-08-29T15:05:20+00:00,31.1,32.0,206.1,ADAPTIVE,6.68175888889,6.43
2020-08-29T15:05:24+00:00,31.0,32.0,206.2,ADAPTIVE,6.68877,6.412999999999999
2020-08-29T15:05:28+00:00,31.1,32.0,206.2,ADAPTIVE,6.69576222222,6.428
2020-08-29T15:05:32+00:00,31.3,32.0,206.0,ADAPTIVE,6.702801944439999,6.476
2020-08-29T15:05:36+00:00,31.3,32.0,206.3,ADAPTIVE,6.709863611109999,6.471
2020-08-29T15:05:40+00:00,31.1,32.0,206.3,ADAPTIVE,6.7168694444399994,6.427
2020-08-29T15:05:44+00:00,31.4,32.0,206.3,ADAPTIVE,6.72388611111,6.489999999999999
2020-08-29T15:05:48+00:00,31.4,32.0,206.3,ADAPTIVE,6.73091805556,6.492
2020-08-29T15:05:52+00:00,31.3,32.0,206.5,ADAPTIVE,6.7379616666699995,6.468
2020-08-29T15:05:56+00:00,31.3,32.0,206.2,ADAPTIVE,6.7449788888899995,6.468999999999999
2020-08-29T15:06:00+00:00,31.4,32.0,206.2,ADAPTIVE,6.751978611109999,6.489999999999999
2020-08-29T15:06:03+00:00,31.4,32.0,206.1,ADAPTIVE,6.759040833329999,6.492999999999999
2020-08-29T15:06:07+00:00,31.2,32.0,206.4,ADAPTIVE,6.76605638889,6.444999999999999
2020-08-29T15:06:11+00:00,31.1,32.0,206.5,ADAPTIVE,6.77307222222,6.441999999999999
2020-08-29T15:06:15+00:00,31.4,32.0,206.1,ADAPTIVE,6.78007333333,6.484999999999999
2020-08-29T15:06:19+00:00,31.3,32.0,206.3,ADAPTIVE,6.787136944439999,6.478
2020-08-29T15:06:23+00:00,31.4,32.0,206.4,ADAPTIVE,6.7942013888899995,6.492
2020-08-29T15:06:27+00:00,31.1,32.0,206.5,ADAPTIVE,6.801189444439999,6.43
2020-08-29T15:06:31+00:00,31.4,32.0,206.1,ADAPTIVE,6.80821305556,6.497999999999999
2020-08-29T15:06:35+00:00,31.4,32.0,206.3,ADAPTIVE,6.8152463888899995,6.479
2020-08-29T15:06:39+00:00,31.2,32.0,206.6,ADAPTIVE,6.82229944444,6.443
2020-08-29T15:06:43+00:00,31.3,32.0,206.4,ADAPTIVE,6.82931611111,6.476
2020-08-29T15:06:47+00:00,31.4,32.0,206.2,ADAPTIVE,6.83633333333,6.492
2020-08-29T15:06:51+00:00,31.3,32.0,206.3,ADAPTIVE,6.8433944444399994,6.481999999999999
2020-08-29T15:06:55+00:00,31.2,32.0,206.5,ADAPTIVE,6.8503844444399995,6.46
2020-08-29T15:06:59+00:00,31.4,32.0,206.5,ADAPTIVE,6.857406388889999,6.5009999999999994
2020-08-29T15:07:03+00:00,31.4,32.0,206.5,ADAPTIVE,6.86447222222,6.487
2020-08-29T15:07:07+00:00,31.3,32.0,206.3,ADAPTIVE,6.871505,6.465999999999999
2020-08-29T15:07:10+00:00,31.1,32.0,206.2,ADAPTIVE,6.87852638889,6.418
2020-08-29T15:07:14+00:00,31.1,32.0,206.4,ADAPTIVE,6.88551111111,6.435
2020-08-29T15:07:18+00:00,31.3,32.0,206.1,ADAPTIVE,6.89255055556,6.473999999999999
2020-08-29T15:07:22+00:00,31.4,32.0,206.2,ADAPTIVE,6.8995819444399995,6.5009999999999994
2020-08-29T15:07:26+00:00,31.4,32.0,206.4,ADAPTIVE,6.90663861111,6.473
2020-08-29T15:07:30+00:00,31.4,32.0,206.5,ADAPTIVE,6.913670833329999,6.495
2020-08-29T15:07:34+00:00,31.0,32.0,206.4,ADAPTIVE,6.920690833329999,6.417
2020-08-29T15:07:38+00:00,31.3,32.0,206.2,ADAPTIVE,6.92768055556,6.4719999999999995
2020-08-29T15:07:42+00:00,31.2,32.0,206.3,ADAPTIVE,6.934702222219999,6.452999999999999
2020-08-29T15:07:46+00:00,31.4,32.0,206.5,ADAPTIVE,6.941726388889999,6.476999999999999
2020-08-29T15:07:54+00:00,31.3,32.0,206.5,ADAPTIVE,6.955825,6.492
2020-08-29T15:07:58+00:00,31.2,32.0,206.3,ADAPTIVE,6.962841944439999,6.449
2020-08-29T15:08:02+00:00,31.0,32.0,206.3,ADAPTIVE,6.96985777778,6.417
2020-08-29T15:08:06+00:00,31.2,32.0,206.4,ADAPTIVE,6.97684583333,6.444
2020-08-29T15:08:10+00:00,31.4,32.0,206.6,ADAPTIVE,6.98388277778,6.486
2020-08-29T15:08:13+00:00,31.4,32.0,206.6,ADAPTIVE,6.9909213888899995,6.497
2020-08-29T15:08:17+00:00,31.4,32.0,206.7,ADAPTIVE,6.9979875,6.484999999999999
2020-08-29T15:08:21+00:00,31.2,32.0,206.4,ADAPTIVE,7.00500277778,6.452999999999999
2020-08-29T15:08:25+00:00,31.3,32.0,206.5,ADAPTIVE,7.01202166667,6.479
2020-08-29T15:08:29+00:00,31.3,32.0,206.4,ADAPTIVE,7.019040833329999,6.473
2020-08-29T15:08:33+00:00,31.4,32.0,206.5,ADAPTIVE,7.026066944439999,6.492999999999999
2020-08-29T15:08:37+00:00,31.3,32.0,206.3,ADAPTIVE,7.03312972222,6.484
2020-08-29T15:08:41+00:00,31.3,32.0,206.5,ADAPTIVE,7.04016333333,6.4799999999999995
2020-08-29T15:08:45+00:00,31.0,32.0,206.4,ADAPTIVE,7.047181944439999,6.4159999999999995
2020-08-29T15:08:49+00:00,31.4,32.0,206.2,ADAPTIVE,7.05417305556,6.494
2020-08-29T15:08:53+00:00,31.3,32.0,206.7,ADAPTIVE,7.06123888889,6.487
2020-08-29T15:08:57+00:00,31.3,32.0,206.4,ADAPTIVE,7.0683025,6.487
2020-08-29T15:09:01+00:00,31.1,32.0,206.5,ADAPTIVE,7.07529805556,6.444
2020-08-29T15:09:05+00:00,31.1,32.0,206.5,ADAPTIVE,7.0823194444399995,6.435
2020-08-29T15:09:09+00:00,31.4,32.0,206.3,ADAPTIVE,7.08934888889,6.492
2020-08-29T15:09:13+00:00,31.4,32.0,206.6,ADAPTIVE,7.096415277779999,6.489999999999999
2020-08-29T15:09:17+00:00,31.1,32.0,206.5,ADAPTIVE,7.103423611109999,6.425
2020-08-29T15:09:21+00:00,31.2,32.0,206.4,ADAPTIVE,7.11044194444,6.449
2020-08-29T15:09:24+00:00,31.3,32.0,206.6,ADAPTIVE,7.1175025,6.489
2020-08-29T15:09:28+00:00,31.3,32.0,206.6,ADAPTIVE,7.12454055556,6.491
2020-08-29T15:09:32+00:00,31.2,32.0,206.4,ADAPTIVE,7.13158111111,6.460999999999999
2020-08-29T15:09:36+00:00,31.3,32.0,206.4,ADAPTIVE,7.13857222222,6.465999999999999
2020-08-29T15:09:40+00:00,31.4,32.0,206.3,ADAPTIVE,7.145621944439999,6.495
2020-08-29T15:09:44+00:00,31.4,32.0,206.5,ADAPTIVE,7.15268972222,6.5089999999999995
2020-08-29T15:09:48+00:00,31.1,32.0,206.5,ADAPTIVE,7.15971194444,6.441
2020-08-29T15:09:52+00:00,31.1,32.0,206.6,ADAPTIVE,7.166727777779999,6.431
2020-08-29T15:09:56+00:00,31.4,32.0,206.5,ADAPTIVE,7.17375083333,6.502
2020-08-29T15:10:00+00:00,31.4,32.0,206.4,ADAPTIVE,7.1808175,6.489999999999999
2020-08-29T15:10:04+00:00,31.1,32.0,206.3,ADAPTIVE,7.18784055556,6.441999999999999
2020-08-29T15:10:08+00:00,31.1,32.0,206.6,ADAPTIVE,7.194855,6.441999999999999
2020-08-29T15:10:12+00:00,31.0,32.0,206.6,ADAPTIVE,7.20187611111,6.420999999999999
2020-08-29T15:10:16+00:00,31.4,32.0,206.5,ADAPTIVE,7.20889583333,6.495
2020-08-29T15:10:20+00:00,31.4,32.0,206.7,ADAPTIVE,7.2159611111099995,6.497999999999999
2020-08-29T15:10:24+00:00,31.0,32.0,206.4,ADAPTIVE,7.22299777778,6.419
2020-08-29T15:10:28+00:00,31.1,32.0,206.5,ADAPTIVE,7.230011944439999,6.420999999999999
2020-08-29T15:10:31+00:00,31.4,32.0,206.5,ADAPTIVE,7.23700333333,6.484
2020-08-29T15:10:35+00:00,31.3,32.0,206.6,ADAPTIVE,7.244068888889999,6.476999999999999
2020-08-29T15:10:39+00:00,31.2,32.0,206.3,ADAPTIVE,7.25111916667,6.460999999999999
2020-08-29T15:10:43+00:00,31.2,32.0,206.5,ADAPTIVE,7.25810666667,6.46
2020-08-29T15:10:47+00:00,31.4,32.0,206.5,ADAPTIVE,7.265159444439999,6.484999999999999
2020-08-29T15:10:51+00:00,31.4,32.0,206.4,ADAPTIVE,7.272198611109999,6.495
2020-08-29T15:10:55+00:00,31.2,32.0,206.2,ADAPTIVE,7.2792494444399996,6.4639999999999995
2020-08-29T15:10:59+00:00,31.1,32.0,206.5,ADAPTIVE,7.2862669444399994,6.435
2020-08-29T15:11:03+00:00,31.2,32.0,206.2,ADAPTIVE,7.29325444444,6.447
2020-08-29T15:11:07+00:00,31.4,32.0,206.6,ADAPTIVE,7.30032083333,6.487
2020-08-29T15:11:11+00:00,31.3,32.0,206.6,ADAPTIVE,7.307357222219999,6.478
2020-08-29T15:11:15+00:00,31.0,32.0,206.5,ADAPTIVE,7.314381944439999,6.425999999999999
2020-08-29T15:11:19+00:00,31.4,32.0,206.5,ADAPTIVE,7.32138416667,6.507
2020-08-29T15:11:23+00:00,31.4,32.0,206.6,ADAPTIVE,7.32845361111,6.5009999999999994
2020-08-29T15:11:27+00:00,31.2,32.0,206.6,ADAPTIVE,7.33551777778,6.443
2020-08-29T15:11:31+00:00,31.1,32.0,206.6,ADAPTIVE,7.34250361111,6.433
2020-08-29T15:11:34+00:00,31.3,32.0,206.4,ADAPTIVE,7.34954833333,6.4799999999999995
2020-08-29T15:11:38+00:00,31.4,32.0,206.3,ADAPTIVE,7.3565838888899995,6.489999999999999
2020-08-29T15:11:42+00:00,31.4,32.0,206.5,ADAPTIVE,7.36365222222,6.5
2020-08-29T15:11:46+00:00,31.0,32.0,206.6,ADAPTIVE,7.37065388889,6.428999999999999
2020-08-29T15:11:50+00:00,31.3,32.0,206.5,ADAPTIVE,7.377675,6.478
2020-08-29T15:11:54+00:00,31.4,32.0,206.3,ADAPTIVE,7.38470388889,6.481999999999999
2020-08-29T15:11:58+00:00,31.4,32.0,206.4,ADAPTIVE,7.391743333329999,6.499
2020-08-29T15:12:02+00:00,31.3,32.0,206.7,ADAPTIVE,7.398812222219999,6.489999999999999
2020-08-29T15:12:06+00:00,31.2,32.0,206.6,ADAPTIVE,7.40583527778,6.447
2020-08-29T15:12:10+00:00,31.2,32.0,206.5,ADAPTIVE,7.41285388889,6.444
2020-08-29T15:12:14+00:00,31.4,32.0,206.4,ADAPTIVE,7.41984416667,6.486
2020-08-29T15:12:18+00:00,31.4,32.0,206.3,ADAPTIVE,7.426883333329999,6.508
2020-08-29T15:12:22+00:00,31.4,32.0,206.6,ADAPTIVE,7.43392222222,6.497
2020-08-29T15:12:26+00:00,31.3,32.0,206.6,ADAPTIVE,7.44099027778,6.4879999999999995
2020-08-29T15:12:30+00:00,31.3,32.0,206.4,ADAPTIVE,7.44801305556,6.468999999999999
2020-08-29T15:12:34+00:00,31.2,32.0,206.7,ADAPTIVE,7.455005,6.457
2020-08-29T15:12:38+00:00,31.3,32.0,206.4,ADAPTIVE,7.46205194444,6.484999999999999
2020-08-29T15:12:42+00:00,31.4,32.0,206.5,ADAPTIVE,7.46908638889,6.492999999999999
2020-08-29T15:12:45+00:00,31.2,32.0,206.5,ADAPTIVE,7.47614027778,6.4399999999999995
2020-08-29T15:12:49+00:00,31.2,32.0,206.1,ADAPTIVE,7.48312305556,6.451
2020-08-29T15:12:53+00:00,31.2,32.0,206.8,ADAPTIVE,7.49013944444,6.457999999999999
2020-08-29T15:12:58+00:00,31.4,32.0,206.4,ADAPTIVE,7.49717388889,6.497
2020-08-29T15:13:01+00:00,31.3,32.0,206.4,ADAPTIVE,7.5042374999999995,6.468999999999999
2020-08-29T15:13:05+00:00,31.3,32.0,206.2,ADAPTIVE,7.511300833329999,6.484999999999999
2020-08-29T15:13:09+00:00,31.1,32.0,206.5,ADAPTIVE,7.51829194444,6.447
2020-08-29T15:13:13+00:00,31.1,32.0,206.4,ADAPTIVE,7.52531305556,6.4399999999999995
2020-08-29T15:13:17+00:00,31.3,32.0,206.4,ADAPTIVE,7.532336111109999,6.4719999999999995
2020-08-29T15:13:21+00:00,31.3,32.0,206.4,ADAPTIVE,7.53940388889,6.495
2020-08-29T15:13:25+00:00,31.3,32.0,206.5,ADAPTIVE,7.546442777779999,6.484
2020-08-29T15:13:29+00:00,31.3,32.0,206.7,ADAPTIVE,7.55351555556,6.475
2020-08-29T15:13:33+00:00,31.2,32.0,206.8,ADAPTIVE,7.560513333329999,6.457999999999999
2020-08-29T15:13:37+00:00,31.2,32.0,206.4,ADAPTIVE,7.567533333329999,6.468999999999999
2020-08-29T15:13:41+00:00,31.3,32.0,206.7,ADAPTIVE,7.574525277779999,6.484
2020-08-29T15:13:45+00:00,31.4,32.0,206.3,ADAPTIVE,7.58159361111,6.499
2020-08-29T15:13:49+00:00,31.4,32.0,206.5,ADAPTIVE,7.5886625,6.487
2020-08-29T15:13:52+00:00,31.3,32.0,206.3,ADAPTIVE,7.59570055556,6.484
2020-08-29T15:13:56+00:00,31.3,32.0,206.3,ADAPTIVE,7.60276972222,6.471
2020-08-29T15:14:00+00:00,31.1,32.0,206.5,ADAPTIVE,7.60977777778,6.436999999999999
2020-08-29T15:14:04+00:00,31.1,32.0,206.6,ADAPTIVE,7.616795,6.428999999999999
2020-08-29T15:14:08+00:00,31.0,32.0,206.6,ADAPTIVE,7.62378972222,6.402
2020-08-29T15:14:12+00:00,31.1,32.0,206.4,ADAPTIVE,7.6308119444399996,6.452
2020-08-29T15:14:16+00:00,31.1,32.0,206.2,ADAPTIVE,7.63780611111,6.425
2020-08-29T15:14:20+00:00,31.1,32.0,206.6,ADAPTIVE,7.64484166667,6.4399999999999995
2020-08-29T15:14:24+00:00,31.4,32.0,206.3,ADAPTIVE,7.651879999999999,6.486
2020-08-29T15:14:28+00:00,31.4,32.0,205.9,ADAPTIVE,7.65894638889,6.495
2020-08-29T15:14:32+00:00,31.4,32.0,206.3,ADAPTIVE,7.66598388889,6.491
2020-08-29T15:14:36+00:00,31.3,32.0,206.4,ADAPTIVE,7.673055,6.473
2020-08-29T15:14:40+00:00,31.3,32.0,206.6,ADAPTIVE,7.680096111109999,6.481999999999999
2020-08-29T15:14:44+00:00,31.3,32.0,206.5,ADAPTIVE,7.687133611109999,6.484999999999999
2020-08-29T15:14:48+00:00,31.3,32.0,206.1,ADAPTIVE,7.694200277779999,6.481
2020-08-29T15:14:52+00:00,31.5,32.0,206.4,ADAPTIVE,7.7012374999999995,6.507
2020-08-29T15:14:55+00:00,31.3,32.0,206.3,ADAPTIVE,7.70830194444,6.478
2020-08-29T15:14:59+00:00,31.4,32.0,206.6,ADAPTIVE,7.71534277778,6.497
2020-08-29T15:15:03+00:00,31.4,32.0,206.3,ADAPTIVE,7.72241277778,6.494
2020-08-29T15:15:07+00:00,31.5,32.0,206.5,ADAPTIVE,7.72945416667,6.5009999999999994
2020-08-29T15:15:11+00:00,31.4,32.0,206.4,ADAPTIVE,7.736524999999999,6.494
2020-08-29T15:15:15+00:00,31.4,32.0,206.4,ADAPTIVE,7.74356305556,6.5
2020-08-29T15:15:19+00:00,31.4,32.0,206.1,ADAPTIVE,7.75063055556,6.484999999999999
2020-08-29T15:15:23+00:00,31.4,32.0,206.3,ADAPTIVE,7.7576691666699995,6.4879999999999995
2020-08-29T15:15:27+00:00,31.4,32.0,206.5,ADAPTIVE,7.764711944439999,6.494
2020-08-29T15:15:31+00:00,31.2,32.0,206.4,ADAPTIVE,7.77176805556,6.451
2020-08-29T15:15:35+00:00,31.1,32.0,206.6,ADAPTIVE,7.77876805556,6.4399999999999995
2020-08-29T15:15:39+00:00,31.2,32.0,206.5,ADAPTIVE,7.78579777778,6.452999999999999
2020-08-29T15:15:43+00:00,31.1,32.0,206.3,ADAPTIVE,7.7927961111099995,6.43
2020-08-29T15:15:47+00:00,31.1,32.0,206.5,ADAPTIVE,7.799823333329999,6.438
2020-08-29T15:15:51+00:00,31.4,32.0,206.3,ADAPTIVE,7.80684111111,6.495
2020-08-29T15:15:55+00:00,31.3,32.0,206.6,ADAPTIVE,7.813911388889999,6.484
2020-08-29T15:15:59+00:00,31.4,32.0,206.6,ADAPTIVE,7.82094972222,6.484999999999999
2020-08-29T15:16:04+00:00,31.3,32.0,206.2,ADAPTIVE,7.828023333329999,6.471
2020-08-29T15:16:06+00:00,31.4,32.0,206.3,ADAPTIVE,7.83506527778,6.5
2020-08-29T15:16:10+00:00,31.2,32.0,206.2,ADAPTIVE,7.84213527778,6.447
2020-08-29T15:16:14+00:00,31.3,32.0,206.4,ADAPTIVE,7.8491305555599995,6.478
2020-08-29T15:16:18+00:00,31.1,32.0,206.6,ADAPTIVE,7.85612722222,6.433
2020-08-29T15:16:22+00:00,31.1,32.0,206.4,ADAPTIVE,7.8631536111099996,6.441999999999999
2020-08-29T15:16:26+00:00,31.2,32.0,206.3,ADAPTIVE,7.870145,6.463
2020-08-29T15:16:30+00:00,31.4,32.0,206.5,ADAPTIVE,7.8771702777799995,6.489
2020-08-29T15:16:34+00:00,31.3,32.0,206.4,ADAPTIVE,7.8842055555599995,6.479
2020-08-29T15:16:38+00:00,31.4,32.0,206.5,ADAPTIVE,7.891245,6.478
2020-08-29T15:16:42+00:00,31.3,32.0,206.4,ADAPTIVE,7.89831638889,6.481999999999999
2020-08-29T15:16:46+00:00,31.2,32.0,206.3,ADAPTIVE,7.905336944439999,6.4559999999999995
2020-08-29T15:16:50+00:00,31.3,32.0,206.1,ADAPTIVE,7.91235083333,6.47
2020-08-29T15:16:54+00:00,31.1,32.0,206.5,ADAPTIVE,7.91934,6.451
2020-08-29T15:16:58+00:00,31.1,32.0,206.5,ADAPTIVE,7.92636222222,6.436
2020-08-29T15:17:02+00:00,31.0,32.0,206.5,ADAPTIVE,7.9333577777799995,6.415
2020-08-29T15:17:07+00:00,31.1,32.0,206.5,ADAPTIVE,7.94038555556,6.436
2020-08-29T15:17:09+00:00,31.3,32.0,206.4,ADAPTIVE,7.9473875,6.475
2020-08-29T15:17:13+00:00,31.2,32.0,206.5,ADAPTIVE,7.95442055556,6.455
2020-08-29T15:17:17+00:00,31.2,32.0,206.5,ADAPTIVE,7.96141722222,6.460999999999999
2020-08-29T15:17:21+00:00,31.2,32.0,206.4,ADAPTIVE,7.968441944439999,6.4559999999999995
2020-08-29T15:17:25+00:00,31.2,32.0,206.2,ADAPTIVE,7.97543361111,6.444999999999999
2020-08-29T15:17:29+00:00,31.0,32.0,206.4,ADAPTIVE,7.9824513888899995,6.417
2020-08-29T15:17:33+00:00,31.3,32.0,206.4,ADAPTIVE,7.9894461111099995,6.47
2020-08-29T15:17:37+00:00,31.1,32.0,206.2,ADAPTIVE,7.99643027778,6.418
2020-08-29T15:17:41+00:00,31.0,32.0,206.3,ADAPTIVE,8.00345055556,6.412999999999999
2020-08-29T15:17:45+00:00,31.4,32.0,206.5,ADAPTIVE,8.01044777778,6.491
2020-08-29T15:17:49+00:00,31.4,32.0,206.3,ADAPTIVE,8.0174925,6.484
2020-08-29T15:17:53+00:00,31.4,32.0,206.1,ADAPTIVE,8.02451305556,6.483
2020-08-29T15:17:57+00:00,31.3,32.0,206.4,ADAPTIVE,8.031577777779999,6.489
2020-08-29T15:18:01+00:00,31.3,32.0,206.2,ADAPTIVE,8.038610833329999,6.460999999999999
2020-08-29T15:18:05+00:00,31.4,32.0,206.3,ADAPTIVE,8.04564555556,6.483
2020-08-29T15:18:09+00:00,31.4,32.0,206.0,ADAPTIVE,8.05271388889,6.479
2020-08-29T15:18:13+00:00,31.1,32.0,206.3,ADAPTIVE,8.05972777778,6.444
2020-08-29T15:18:16+00:00,31.1,32.0,206.4,ADAPTIVE,8.066749722219999,6.436999999999999
2020-08-29T15:18:20+00:00,31.3,32.0,206.2,ADAPTIVE,8.07374388889,6.47
2020-08-29T15:18:24+00:00,31.3,32.0,206.4,ADAPTIVE,8.080768333329999,6.4719999999999995
2020-08-29T15:18:28+00:00,31.1,32.0,206.4,ADAPTIVE,8.087761944439999,6.444999999999999
2020-08-29T15:18:32+00:00,31.2,32.0,206.4,ADAPTIVE,8.09475611111,6.449
2020-08-29T15:18:36+00:00,31.1,32.0,206.4,ADAPTIVE,8.101775833329999,6.433999999999999
2020-08-29T15:18:40+00:00,31.4,32.0,206.2,ADAPTIVE,8.108767777779999,6.4799999999999995
2020-08-29T15:18:44+00:00,31.2,32.0,205.9,ADAPTIVE,8.1157875,6.446
2020-08-29T15:18:48+00:00,31.0,32.0,206.1,ADAPTIVE,8.12277611111,6.414
2020-08-29T15:18:52+00:00,31.4,32.0,206.3,ADAPTIVE,8.12981083333,6.4879999999999995
2020-08-29T15:18:56+00:00,31.3,32.0,206.2,ADAPTIVE,8.13684305556,6.483
2020-08-29T15:19:00+00:00,31.3,32.0,206.2,ADAPTIVE,8.1438775,6.471
2020-08-29T15:19:04+00:00,31.3,32.0,206.4,ADAPTIVE,8.15094222222,6.475
2020-08-29T15:19:10+00:00,31.2,32.0,206.2,ADAPTIVE,8.1579575,6.449
2020-08-29T15:19:12+00:00,31.3,32.0,206.0,ADAPTIVE,8.16498277778,6.4719999999999995
2020-08-29T15:19:16+00:00,31.2,32.0,206.3,ADAPTIVE,8.171982222219999,6.4399999999999995
2020-08-29T15:19:20+00:00,31.3,32.0,206.3,ADAPTIVE,8.17898194444,6.467
2020-08-29T15:19:23+00:00,31.3,32.0,206.0,ADAPTIVE,8.18600277778,6.473
2020-08-29T15:19:27+00:00,31.4,32.0,206.0,ADAPTIVE,8.19301555556,6.481
2020-08-29T15:19:31+00:00,31.4,32.0,206.1,ADAPTIVE,8.20007555556,6.484999999999999
2020-08-29T15:19:35+00:00,31.4,32.0,205.9,ADAPTIVE,8.20710555556,6.475
2020-08-29T15:19:39+00:00,31.1,32.0,206.1,ADAPTIVE,8.21412444444,6.428999999999999
2020-08-29T15:19:43+00:00,31.1,32.0,206.0,ADAPTIVE,8.22114777778,6.435
2020-08-29T15:19:47+00:00,31.4,32.0,206.1,ADAPTIVE,8.22814277778,6.481
2020-08-29T15:19:51+00:00,31.3,32.0,206.4,ADAPTIVE,8.23516972222,6.465999999999999
2020-08-29T15:19:55+00:00,31.1,32.0,205.8,ADAPTIVE,8.24216305556,6.43
2020-08-29T15:19:59+00:00,31.3,32.0,206.3,ADAPTIVE,8.24918805556,6.4559999999999995
2020-08-29T15:20:03+00:00,31.1,32.0,206.2,ADAPTIVE,8.25618361111,6.433
2020-08-29T15:20:07+00:00,31.3,32.0,206.3,ADAPTIVE,8.26317972222,6.4719999999999995
2020-08-29T15:20:12+00:00,31.2,32.0,206.2,ADAPTIVE,8.27020722222,6.4479999999999995
2020-08-29T15:20:15+00:00,31.1,32.0,206.1,ADAPTIVE,8.277190277779999,6.428999999999999
2020-08-29T15:20:19+00:00,31.2,32.0,206.0,ADAPTIVE,8.28421333333,6.444999999999999
2020-08-29T15:20:23+00:00,31.3,32.0,205.9,ADAPTIVE,8.29120277778,6.483
2020-08-29T15:20:27+00:00,31.2,32.0,206.2,ADAPTIVE,8.29822416667,6.441999999999999
2020-08-29T15:20:30+00:00,31.4,32.0,206.1,ADAPTIVE,8.30524277778,6.489
2020-08-29T15:20:34+00:00,31.4,32.0,206.0,ADAPTIVE,8.312272222219999,6.483
2020-08-29T15:20:38+00:00,31.3,32.0,206.2,ADAPTIVE,8.31933361111,6.473
2020-08-29T15:20:42+00:00,31.2,32.0,206.1,ADAPTIVE,8.326347222219999,6.4479999999999995
2020-08-29T15:20:46+00:00,31.1,32.0,206.1,ADAPTIVE,8.33337555556,6.428999999999999
2020-08-29T15:20:50+00:00,31.2,32.0,206.2,ADAPTIVE,8.340372499999999,6.4559999999999995
2020-08-29T15:20:54+00:00,31.2,32.0,206.1,ADAPTIVE,8.34736555556,6.433
2020-08-29T15:20:58+00:00,31.4,32.0,206.0,ADAPTIVE,8.35439277778,6.479
2020-08-29T15:21:02+00:00,31.3,32.0,206.0,ADAPTIVE,8.361419722219999,6.455
2020-08-29T15:21:06+00:00,31.3,32.0,205.8,ADAPTIVE,8.36847388889,6.467
2020-08-29T15:21:10+00:00,31.4,32.0,205.8,ADAPTIVE,8.37549666667,6.471
2020-08-29T15:21:14+00:00,31.4,32.0,205.8,ADAPTIVE,8.382545,6.476999999999999
2020-08-29T15:21:18+00:00,31.4,32.0,206.0,ADAPTIVE,8.38956944444,6.476
2020-08-29T15:21:22+00:00,31.3,32.0,205.6,ADAPTIVE,8.39659361111,6.481999999999999
2020-08-29T15:21:26+00:00,31.3,32.0,205.9,ADAPTIVE,8.40364222222,6.465
2020-08-29T15:21:30+00:00,31.4,32.0,206.1,ADAPTIVE,8.41066166667,6.478
2020-08-29T15:21:33+00:00,31.4,32.0,206.0,ADAPTIVE,8.417713888889999,6.465999999999999
2020-08-29T15:21:37+00:00,31.2,32.0,205.9,ADAPTIVE,8.42471722222,6.441999999999999
2020-08-29T15:21:41+00:00,31.3,32.0,205.9,ADAPTIVE,8.43173888889,6.454
2020-08-29T15:21:45+00:00,31.1,32.0,205.9,ADAPTIVE,8.438733611109999,6.420999999999999
2020-08-29T15:21:49+00:00,31.2,32.0,205.9,ADAPTIVE,8.445724166669999,6.441999999999999
2020-08-29T15:21:53+00:00,31.3,32.0,205.8,ADAPTIVE,8.45274194444,6.471
2020-08-29T15:21:57+00:00,31.4,32.0,205.6,ADAPTIVE,8.45976277778,6.481
2020-08-29T15:22:01+00:00,31.4,32.0,206.0,ADAPTIVE,8.46681694444,6.492
2020-08-29T15:22:05+00:00,31.4,32.0,205.8,ADAPTIVE,8.473843333329999,6.481
2020-08-29T15:22:09+00:00,31.4,32.0,206.0,ADAPTIVE,8.480864166669999,6.481
2020-08-29T15:22:13+00:00,31.2,32.0,205.6,ADAPTIVE,8.487886111109999,6.433999999999999
2020-08-29T15:22:17+00:00,31.2,32.0,206.0,ADAPTIVE,8.494876111109999,6.4399999999999995
2020-08-29T15:22:21+00:00,31.3,32.0,205.9,ADAPTIVE,8.50190194444,6.452
2020-08-29T15:22:25+00:00,31.3,32.0,206.1,ADAPTIVE,8.50889722222,6.455
2020-08-29T15:22:29+00:00,31.1,32.0,206.0,ADAPTIVE,8.51591444444,6.423
2020-08-29T15:22:33+00:00,31.3,32.0,205.9,ADAPTIVE,8.52290305556,6.459
2020-08-29T15:22:37+00:00,31.3,32.0,205.8,ADAPTIVE,8.52990472222,6.465
2020-08-29T15:22:40+00:00,31.3,32.0,205.7,ADAPTIVE,8.53695722222,6.467
2020-08-29T15:22:44+00:00,31.3,32.0,206.0,ADAPTIVE,8.543977222219999,6.462
2020-08-29T15:22:48+00:00,31.3,32.0,205.8,ADAPTIVE,8.55102805556,6.462
2020-08-29T15:22:52+00:00,31.2,32.0,206.1,ADAPTIVE,8.55802916667,6.443
2020-08-29T15:22:56+00:00,31.2,32.0,205.9,ADAPTIVE,8.56502333333,6.441
2020-08-29T15:23:00+00:00,31.2,32.0,206.1,ADAPTIVE,8.572048611109999,6.439
2020-08-29T15:23:04+00:00,31.3,32.0,205.8,ADAPTIVE,8.57904166667,6.459
2020-08-29T15:23:08+00:00,31.3,32.0,205.9,ADAPTIVE,8.58606916667,6.4639999999999995
2020-08-29T15:23:12+00:00,31.4,32.0,205.9,ADAPTIVE,8.593095,6.481999999999999
2020-08-29T15:23:18+00:00,31.3,32.0,206.2,ADAPTIVE,8.600121111109999,6.460999999999999
2020-08-29T15:23:20+00:00,31.1,32.0,205.8,ADAPTIVE,8.6071475,6.425999999999999
2020-08-29T15:23:24+00:00,31.3,32.0,205.9,ADAPTIVE,8.6141475,6.46
2020-08-29T15:23:28+00:00,31.3,32.0,206.0,ADAPTIVE,8.62117277778,6.465
2020-08-29T15:23:32+00:00,31.2,32.0,206.0,ADAPTIVE,8.628168611109999,6.433999999999999
2020-08-29T15:23:36+00:00,31.1,32.0,205.8,ADAPTIVE,8.63515888889,6.422
2020-08-29T15:23:40+00:00,31.1,32.0,205.9,ADAPTIVE,8.64217638889,6.43
2020-08-29T15:23:44+00:00,31.3,32.0,206.0,ADAPTIVE,8.64917666667,6.478
2020-08-29T15:23:47+00:00,31.3,32.0,206.0,ADAPTIVE,8.65622888889,6.468999999999999
2020-08-29T15:23:51+00:00,31.4,32.0,205.8,ADAPTIVE,8.66325083333,6.471
2020-08-29T15:23:55+00:00,31.3,32.0,205.9,ADAPTIVE,8.67025416667,6.455
2020-08-29T15:23:59+00:00,31.2,32.0,206.1,ADAPTIVE,8.677277499999999,6.43
2020-08-29T15:24:03+00:00,31.2,32.0,205.8,ADAPTIVE,8.68426833333,6.447
2020-08-29T15:24:07+00:00,31.4,32.0,205.9,ADAPTIVE,8.691261944439999,6.4879999999999995
2020-08-29T15:24:11+00:00,31.4,32.0,205.7,ADAPTIVE,8.69831666667,6.4799999999999995
2020-08-29T15:24:15+00:00,31.4,32.0,207.2,ADAPTIVE,8.70538166667,6.52
2020-08-29T15:24:20+00:00,31.3,32.0,207.3,ADAPTIVE,8.7124775,6.508
2020-08-29T15:24:23+00:00,31.4,32.0,207.4,ADAPTIVE,8.719543055559999,6.527
2020-08-29T15:24:27+00:00,31.3,32.0,207.4,ADAPTIVE,8.72663611111,6.497999999999999
2020-08-29T15:24:31+00:00,31.3,32.0,207.4,ADAPTIVE,8.733698333329999,6.512
2020-08-29T15:24:35+00:00,31.2,32.0,207.5,ADAPTIVE,8.74079194444,6.494
2020-08-29T15:24:39+00:00,31.3,32.0,207.5,ADAPTIVE,8.747852222219999,6.51
2020-08-29T15:24:43+00:00,31.3,32.0,207.4,ADAPTIVE,8.754943888889999,6.512
2020-08-29T15:24:47+00:00,31.3,32.0,205.6,ADAPTIVE,8.76195833333,6.460999999999999
2020-08-29T15:24:51+00:00,31.4,32.0,205.8,ADAPTIVE,8.768973888889999,6.476999999999999
2020-08-29T15:24:54+00:00,31.3,32.0,206.0,ADAPTIVE,8.77601888889,6.454
2020-08-29T15:24:58+00:00,31.3,32.0,206.0,ADAPTIVE,8.78300944444,6.444
2020-08-29T15:25:02+00:00,31.3,32.0,206.0,ADAPTIVE,8.790025833329999,6.452999999999999
2020-08-29T15:25:06+00:00,31.2,32.0,206.1,ADAPTIVE,8.797015833329999,6.425999999999999
2020-08-29T15:25:10+00:00,31.3,32.0,205.7,ADAPTIVE,8.80400166667,6.452
2020-08-29T15:25:14+00:00,31.2,32.0,205.8,ADAPTIVE,8.81100944444,6.444999999999999
2020-08-29T15:25:18+00:00,31.3,32.0,205.9,ADAPTIVE,8.81801916667,6.467
2020-08-29T15:25:22+00:00,31.2,32.0,206.0,ADAPTIVE,8.82505888889,6.4399999999999995
2020-08-29T15:25:26+00:00,31.2,32.0,206.1,ADAPTIVE,8.832043611109999,6.4399999999999995
2020-08-29T15:25:30+00:00,31.1,32.0,205.9,ADAPTIVE,8.83902944444,6.4239999999999995
2020-08-29T15:25:34+00:00,31.2,32.0,206.0,ADAPTIVE,8.84604527778,6.441
2020-08-29T15:25:38+00:00,31.2,32.0,206.0,ADAPTIVE,8.853026666669999,6.4479999999999995
2020-08-29T15:25:42+00:00,31.4,32.0,205.9,ADAPTIVE,8.86003833333,6.47
2020-08-29T15:25:46+00:00,31.4,32.0,206.0,ADAPTIVE,8.867054999999999,6.475
2020-08-29T15:25:50+00:00,31.3,32.0,205.9,ADAPTIVE,8.87407111111,6.4559999999999995
2020-08-29T15:25:54+00:00,31.4,32.0,206.1,ADAPTIVE,8.881118888889999,6.473999999999999
2020-08-29T15:25:58+00:00,31.1,32.0,206.2,ADAPTIVE,8.88811583333,6.419
2020-08-29T15:26:01+00:00,31.1,32.0,206.0,ADAPTIVE,8.89512666667,6.4239999999999995
2020-08-29T15:26:05+00:00,31.3,32.0,206.1,ADAPTIVE,8.90211222222,6.451
2020-08-29T15:26:09+00:00,31.1,32.0,205.7,ADAPTIVE,8.90910361111,6.4159999999999995
2020-08-29T15:26:13+00:00,31.1,32.0,205.8,ADAPTIVE,8.91611805556,6.418
2020-08-29T15:26:17+00:00,31.3,32.0,205.9,ADAPTIVE,8.923097777779999,6.4559999999999995
2020-08-29T15:26:21+00:00,31.3,32.0,205.8,ADAPTIVE,8.93013944444,6.457999999999999
2020-08-29T15:26:25+00:00,31.4,32.0,205.9,ADAPTIVE,8.93715305556,6.4719999999999995
2020-08-29T15:26:29+00:00,31.1,32.0,206.0,ADAPTIVE,8.94413666667,6.4239999999999995
2020-08-29T15:26:33+00:00,31.2,32.0,205.5,ADAPTIVE,8.95115166667,6.4399999999999995
2020-08-29T15:26:37+00:00,31.2,32.0,205.9,ADAPTIVE,8.95813583333,6.4479999999999995
2020-08-29T15:26:41+00:00,31.3,32.0,205.9,ADAPTIVE,8.96514555556,6.451
2020-08-29T15:26:45+00:00,31.2,32.0,205.9,ADAPTIVE,8.97212361111,6.422
2020-08-29T15:26:49+00:00,31.4,32.0,205.9,ADAPTIVE,8.97912527778,6.46
2020-08-29T15:26:53+00:00,31.3,32.0,205.8,ADAPTIVE,8.98616638889,6.449
2020-08-29T15:26:57+00:00,31.2,32.0,206.1,ADAPTIVE,8.99316083333,6.444
2020-08-29T15:27:01+00:00,31.2,32.0,205.9,ADAPTIVE,9.00014944444,6.443
2020-08-29T15:27:04+00:00,31.3,32.0,205.5,ADAPTIVE,9.00716805556,6.446
2020-08-29T15:27:08+00:00,31.1,32.0,205.7,ADAPTIVE,9.014149999999999,6.420999999999999
2020-08-29T15:27:12+00:00,31.1,32.0,205.7,ADAPTIVE,9.02115861111,6.414
2020-08-29T15:27:16+00:00,31.4,32.0,205.8,ADAPTIVE,9.02816444444,6.471
2020-08-29T15:27:20+00:00,31.1,32.0,205.9,ADAPTIVE,9.035170277779999,6.41
2020-08-29T15:27:24+00:00,31.1,32.0,206.1,ADAPTIVE,9.04218166667,6.414
2020-08-29T15:27:28+00:00,31.3,32.0,205.8,ADAPTIVE,9.04916972222,6.454
2020-08-29T15:27:32+00:00,31.3,32.0,206.0,ADAPTIVE,9.0561825,6.457
2020-08-29T15:27:36+00:00,31.3,32.0,206.0,ADAPTIVE,9.06317666667,6.4479999999999995
2020-08-29T15:27:40+00:00,31.3,32.0,206.0,ADAPTIVE,9.07019361111,6.471
2020-08-29T15:27:44+00:00,31.1,32.0,206.0,ADAPTIVE,9.07722833333,6.42
2020-08-29T15:27:48+00:00,31.2,32.0,206.3,ADAPTIVE,9.08421277778,6.438
2020-08-29T15:27:52+00:00,31.3,32.0,205.9,ADAPTIVE,9.09120055556,6.449999999999999
2020-08-29T15:27:56+00:00,31.3,32.0,206.1,ADAPTIVE,9.09821611111,6.4479999999999995
2020-08-29T15:28:00+00:00,31.1,32.0,206.1,ADAPTIVE,9.10520777778,6.404999999999999
2020-08-29T15:28:04+00:00,31.1,32.0,206.1,ADAPTIVE,9.11222194444,6.425
2020-08-29T15:28:08+00:00,31.3,32.0,205.9,ADAPTIVE,9.11920638889,6.449
2020-08-29T15:28:12+00:00,31.1,32.0,206.1,ADAPTIVE,9.126211388889999,6.4319999999999995
2020-08-29T15:28:15+00:00,31.1,32.0,206.0,ADAPTIVE,9.13318888889,6.404999999999999
2020-08-29T15:28:19+00:00,31.3,32.0,205.9,ADAPTIVE,9.140178333329999,6.451
2020-08-29T15:28:23+00:00,31.3,32.0,206.0,ADAPTIVE,9.14722388889,6.452
2020-08-29T15:28:27+00:00,31.4,32.0,206.0,ADAPTIVE,9.15423777778,6.473
2020-08-29T15:28:31+00:00,31.3,32.0,206.1,ADAPTIVE,9.161282222219999,6.457
2020-08-29T15:28:35+00:00,31.2,32.0,206.1,ADAPTIVE,9.16829416667,6.441
2020-08-29T15:28:39+00:00,31.3,32.0,205.8,ADAPTIVE,9.17530444444,6.457999999999999
2020-08-29T15:28:43+00:00,31.2,32.0,205.9,ADAPTIVE,9.18229055556,6.425
2020-08-29T15:28:47+00:00,31.2,32.0,206.1,ADAPTIVE,9.18927694444,6.446
2020-08-29T15:28:51+00:00,31.2,32.0,206.1,ADAPTIVE,9.196285,6.447
2020-08-29T15:28:55+00:00,31.3,32.0,205.9,ADAPTIVE,9.20327027778,6.454
2020-08-29T15:28:59+00:00,31.4,32.0,205.5,ADAPTIVE,9.21031305556,6.478
2020-08-29T15:29:03+00:00,31.4,32.0,205.7,ADAPTIVE,9.21732666667,6.476
2020-08-29T15:29:07+00:00,31.3,32.0,205.8,ADAPTIVE,9.224340833329999,6.459
2020-08-29T15:29:11+00:00,31.3,32.0,205.9,ADAPTIVE,9.231382499999999,6.460999999999999
2020-08-29T15:29:15+00:00,31.3,32.0,205.7,ADAPTIVE,9.23839527778,6.460999999999999
2020-08-29T15:29:18+00:00,31.1,32.0,205.8,ADAPTIVE,9.24543777778,6.431
2020-08-29T15:29:22+00:00,31.3,32.0,205.8,ADAPTIVE,9.25244638889,6.471
2020-08-29T15:29:26+00:00,31.3,32.0,205.7,ADAPTIVE,9.259487222219999,6.468
2020-08-29T15:29:30+00:00,31.3,32.0,206.1,ADAPTIVE,9.26650055556,6.471
2020-08-29T15:29:34+00:00,31.3,32.0,206.0,ADAPTIVE,9.273544722219999,6.476
2020-08-29T15:29:38+00:00,31.4,32.0,205.9,ADAPTIVE,9.28055833333,6.478
2020-08-29T15:29:42+00:00,31.4,32.0,205.8,ADAPTIVE,9.28760166667,6.487
2020-08-29T15:29:46+00:00,31.3,32.0,205.9,ADAPTIVE,9.29461388889,6.46
2020-08-29T15:29:50+00:00,31.3,32.0,205.7,ADAPTIVE,9.30162666667,6.449
2020-08-29T15:29:54+00:00,31.3,32.0,205.8,ADAPTIVE,9.30866666667,6.451
2020-08-29T15:29:58+00:00,31.1,32.0,205.6,ADAPTIVE,9.3156625,6.4159999999999995
2020-08-29T15:30:02+00:00,31.3,32.0,205.8,ADAPTIVE,9.32267388889,6.444999999999999
2020-08-29T15:30:06+00:00,31.3,32.0,205.9,ADAPTIVE,9.32966222222,6.451
2020-08-29T15:30:10+00:00,31.1,32.0,206.0,ADAPTIVE,9.33665055556,6.425
2020-08-29T15:30:14+00:00,31.2,32.0,206.1,ADAPTIVE,9.34366138889,6.435
2020-08-29T15:30:18+00:00,31.2,32.0,206.0,ADAPTIVE,9.35063777778,6.441999999999999
2020-08-29T15:30:22+00:00,31.2,32.0,205.7,ADAPTIVE,9.357647499999999,6.46
2020-08-29T15:30:25+00:00,31.2,32.0,206.1,ADAPTIVE,9.364616666669999,6.431
2020-08-29T15:30:29+00:00,31.0,32.0,205.8,ADAPTIVE,9.37162444444,6.412
2020-08-29T15:30:33+00:00,31.2,32.0,206.1,ADAPTIVE,9.37860222222,6.438
2020-08-29T15:30:37+00:00,31.1,32.0,205.8,ADAPTIVE,9.38560527778,6.425999999999999
2020-08-29T15:30:41+00:00,31.3,32.0,205.7,ADAPTIVE,9.39258222222,6.463
2020-08-29T15:30:45+00:00,31.3,32.0,205.9,ADAPTIVE,9.39959111111,6.46
2020-08-29T15:30:49+00:00,31.1,32.0,205.9,ADAPTIVE,9.40657333333,6.4159999999999995
2020-08-29T15:30:53+00:00,31.2,32.0,205.5,ADAPTIVE,9.41355083333,6.428999999999999
2020-08-29T15:30:57+00:00,31.2,32.0,206.0,ADAPTIVE,9.42055666667,6.433
2020-08-29T15:31:01+00:00,31.3,32.0,205.9,ADAPTIVE,9.42754222222,6.455
2020-08-29T15:31:05+00:00,31.3,32.0,205.9,ADAPTIVE,9.43458027778,6.460999999999999
2020-08-29T15:31:09+00:00,31.1,32.0,205.7,ADAPTIVE,9.44159,6.420999999999999
2020-08-29T15:31:13+00:00,31.2,32.0,206.0,ADAPTIVE,9.44860055556,6.425
2020-08-29T15:31:17+00:00,31.1,32.0,205.7,ADAPTIVE,9.45557305556,6.419
2020-08-29T15:31:21+00:00,31.2,32.0,205.7,ADAPTIVE,9.462583333329999,6.43
2020-08-29T15:31:25+00:00,31.3,32.0,205.7,ADAPTIVE,9.469568333329999,6.457
2020-08-29T15:31:29+00:00,31.3,32.0,205.8,ADAPTIVE,9.47658694444,6.4399999999999995
2020-08-29T15:31:32+00:00,31.3,32.0,205.3,ADAPTIVE,9.48357,6.441999999999999
2020-08-29T15:31:36+00:00,31.3,32.0,206.0,ADAPTIVE,9.490586944439999,6.444
2020-08-29T15:31:40+00:00,31.2,32.0,205.8,ADAPTIVE,9.497567499999999,6.435
2020-08-29T15:31:44+00:00,31.1,32.0,205.8,ADAPTIVE,9.50458694444,6.42
2020-08-29T15:31:48+00:00,31.2,32.0,205.8,ADAPTIVE,9.51157527778,6.435
2020-08-29T15:31:52+00:00,31.3,32.0,205.8,ADAPTIVE,9.518595,6.4479999999999995
2020-08-29T15:31:56+00:00,31.3,32.0,205.9,ADAPTIVE,9.52558055556,6.454
2020-08-29T15:32:00+00:00,31.2,32.0,205.8,ADAPTIVE,9.53258888889,6.433999999999999
2020-08-29T15:32:04+00:00,31.4,32.0,205.6,ADAPTIVE,9.539564166669999,6.46
2020-08-29T15:32:08+00:00,31.3,32.0,205.9,ADAPTIVE,9.54658972222,6.446
2020-08-29T15:32:12+00:00,31.1,32.0,205.5,ADAPTIVE,9.55359,6.41
2020-08-29T15:32:16+00:00,31.1,32.0,205.7,ADAPTIVE,9.560609722219999,6.411
2020-08-29T15:32:20+00:00,31.3,32.0,205.6,ADAPTIVE,9.56759305556,6.451
2020-08-29T15:32:24+00:00,31.4,32.0,205.9,ADAPTIVE,9.574594444439999,6.468
2020-08-29T15:32:28+00:00,31.3,32.0,205.5,ADAPTIVE,9.5816275,6.46
2020-08-29T15:32:32+00:00,31.1,32.0,205.6,ADAPTIVE,9.58860972222,6.412
2020-08-29T15:32:35+00:00,31.2,32.0,205.5,ADAPTIVE,9.595616666669999,6.420999999999999
2020-08-29T15:32:39+00:00,31.2,32.0,205.5,ADAPTIVE,9.602593333329999,6.428999999999999
2020-08-29T15:32:43+00:00,31.3,32.0,205.8,ADAPTIVE,9.60960555556,6.457
2020-08-29T15:32:47+00:00,31.1,32.0,205.4,ADAPTIVE,9.61658805556,6.3999999999999995
2020-08-29T15:32:51+00:00,31.2,32.0,205.4,ADAPTIVE,9.62357277778,6.422
2020-08-29T15:32:55+00:00,31.2,32.0,205.5,ADAPTIVE,9.63058138889,6.439
2020-08-29T15:32:59+00:00,31.2,32.0,205.4,ADAPTIVE,9.63755861111,6.423
2020-08-29T15:33:03+00:00,31.2,32.0,206.0,ADAPTIVE,9.64456361111,6.438
2020-08-29T15:33:07+00:00,31.2,32.0,205.6,ADAPTIVE,9.65154083333,6.428
2020-08-29T15:33:11+00:00,31.1,32.0,205.8,ADAPTIVE,9.65854416667,6.412999999999999
2020-08-29T15:33:15+00:00,31.3,32.0,205.8,ADAPTIVE,9.66552194444,6.454
2020-08-29T15:33:19+00:00,31.3,32.0,205.8,ADAPTIVE,9.672531111109999,6.452
2020-08-29T15:33:23+00:00,31.4,32.0,205.7,ADAPTIVE,9.679514722219999,6.4639999999999995
2020-08-29T15:33:27+00:00,31.2,32.0,205.4,ADAPTIVE,9.68653027778,6.435
2020-08-29T15:33:31+00:00,31.1,32.0,205.5,ADAPTIVE,9.693507777779999,6.403
2020-08-29T15:33:35+00:00,31.3,32.0,205.5,ADAPTIVE,9.70048138889,6.438
2020-08-29T15:33:39+00:00,31.2,32.0,205.6,ADAPTIVE,9.70748416667,6.446
2020-08-29T15:33:43+00:00,31.3,32.0,205.6,ADAPTIVE,9.71446888889,6.449999999999999
2020-08-29T15:33:46+00:00,31.2,32.0,205.5,ADAPTIVE,9.72149222222,6.420999999999999
2020-08-29T15:33:50+00:00,31.2,32.0,205.8,ADAPTIVE,9.72846972222,6.439
2020-08-29T15:33:54+00:00,31.0,32.0,205.7,ADAPTIVE,9.73544666667,6.391
2020-08-29T15:33:58+00:00,31.1,32.0,205.3,ADAPTIVE,9.74245444444,6.409
2020-08-29T15:34:02+00:00,31.3,32.0,205.5,ADAPTIVE,9.74943194444,6.449
2020-08-29T15:34:06+00:00,31.3,32.0,205.3,ADAPTIVE,9.756439166669999,6.439
2020-08-29T15:34:10+00:00,31.2,32.0,205.4,ADAPTIVE,9.76341861111,6.4399999999999995
2020-08-29T15:34:14+00:00,31.2,32.0,205.6,ADAPTIVE,9.770428333329999,6.433999999999999
2020-08-29T15:34:18+00:00,31.3,32.0,205.7,ADAPTIVE,9.777411944439999,6.444999999999999
2020-08-29T15:34:22+00:00,31.3,32.0,205.8,ADAPTIVE,9.784393055559999,6.452
2020-08-29T15:34:26+00:00,31.2,32.0,205.5,ADAPTIVE,9.79140166667,6.43
2020-08-29T15:34:30+00:00,31.1,32.0,205.6,ADAPTIVE,9.79837555556,6.414
2020-08-29T15:34:34+00:00,31.1,32.0,205.5,ADAPTIVE,9.80538055556,6.4079999999999995
2020-08-29T15:34:39+00:00,31.3,32.0,205.3,ADAPTIVE,9.81235222222,6.449
2020-08-29T15:34:42+00:00,31.3,32.0,205.4,ADAPTIVE,9.81937722222,6.4399999999999995
2020-08-29T15:34:46+00:00,31.0,32.0,205.6,ADAPTIVE,9.82637361111,6.39
2020-08-29T15:34:49+00:00,31.3,32.0,205.6,ADAPTIVE,9.83335083333,6.4399999999999995
2020-08-29T15:34:53+00:00,31.3,32.0,205.1,ADAPTIVE,9.84035694444,6.439
2020-08-29T15:34:57+00:00,31.2,32.0,205.4,ADAPTIVE,9.8473375,6.428999999999999
2020-08-29T15:35:01+00:00,31.2,32.0,205.6,ADAPTIVE,9.854351111109999,6.431
2020-08-29T15:35:05+00:00,31.3,32.0,205.6,ADAPTIVE,9.86133111111,6.436
2020-08-29T15:35:09+00:00,31.3,32.0,205.6,ADAPTIVE,9.86834444444,6.436999999999999
2020-08-29T15:35:13+00:00,31.3,32.0,205.4,ADAPTIVE,9.87532361111,6.452
2020-08-29T15:35:17+00:00,31.2,32.0,205.5,ADAPTIVE,9.88230305556,6.43
2020-08-29T15:35:21+00:00,31.2,32.0,205.5,ADAPTIVE,9.88931361111,6.425
2020-08-29T15:35:25+00:00,31.4,32.0,205.5,ADAPTIVE,9.896300833329999,6.4639999999999995
2020-08-29T15:35:29+00:00,31.2,32.0,205.4,ADAPTIVE,9.90331666667,6.444
2020-08-29T15:35:33+00:00,31.4,32.0,205.2,ADAPTIVE,9.910301944439999,6.46
2020-08-29T15:35:37+00:00,31.4,32.0,205.3,ADAPTIVE,9.91731111111,6.46
2020-08-29T15:35:41+00:00,31.2,32.0,205.4,ADAPTIVE,9.92429388889,6.425999999999999
2020-08-29T15:35:45+00:00,31.2,32.0,205.4,ADAPTIVE,9.931311944439999,6.438
2020-08-29T15:35:49+00:00,31.3,32.0,205.4,ADAPTIVE,9.9382925,6.436
2020-08-29T15:35:53+00:00,31.3,32.0,205.7,ADAPTIVE,9.94530916667,6.441
2020-08-29T15:35:57+00:00,31.3,32.0,205.4,ADAPTIVE,9.95229638889,6.444
2020-08-29T15:36:00+00:00,31.2,32.0,205.5,ADAPTIVE,9.95927833333,6.425999999999999
2020-08-29T15:36:04+00:00,31.2,32.0,205.5,ADAPTIVE,9.96628583333,6.433999999999999
2020-08-29T15:36:08+00:00,31.4,32.0,205.5,ADAPTIVE,9.97326472222,6.454
2020-08-29T15:36:12+00:00,31.1,32.0,205.4,ADAPTIVE,9.98027916667,6.399
2020-08-29T15:36:16+00:00,31.4,32.0,205.9,ADAPTIVE,9.987258333329999,6.463
2020-08-29T15:36:20+00:00,31.2,32.0,205.4,ADAPTIVE,9.9942425,6.428
2020-08-29T15:36:24+00:00,31.1,32.0,205.5,ADAPTIVE,10.001254444399999,6.4079999999999995
2020-08-29T15:36:28+00:00,31.4,32.0,205.2,ADAPTIVE,10.0082363889,6.455
2020-08-29T15:36:32+00:00,31.4,32.0,205.5,ADAPTIVE,10.015243333299999,6.468999999999999
2020-08-29T15:36:36+00:00,31.1,32.0,205.6,ADAPTIVE,10.022217777799998,6.42
2020-08-29T15:36:40+00:00,31.2,32.0,205.5,ADAPTIVE,10.0291961111,6.420999999999999
2020-08-29T15:36:44+00:00,31.2,32.0,205.4,ADAPTIVE,10.0362108333,6.425999999999999
2020-08-29T15:36:48+00:00,31.3,32.0,205.5,ADAPTIVE,10.0431875,6.452
2020-08-29T15:36:52+00:00,31.4,32.0,205.2,ADAPTIVE,10.0501925,6.449
2020-08-29T15:36:56+00:00,31.3,32.0,205.4,ADAPTIVE,10.057176944399998,6.443
2020-08-29T15:37:00+00:00,31.1,32.0,205.6,ADAPTIVE,10.0641947222,6.403
2020-08-29T15:37:03+00:00,31.2,32.0,205.7,ADAPTIVE,10.071175,6.423
2020-08-29T15:37:07+00:00,31.4,32.0,205.5,ADAPTIVE,10.0781897222,6.4559999999999995
2020-08-29T15:37:11+00:00,31.3,32.0,205.3,ADAPTIVE,10.0851738889,6.443
2020-08-29T15:37:15+00:00,31.2,32.0,205.5,ADAPTIVE,10.09216,6.4159999999999995
2020-08-29T15:37:19+00:00,31.0,32.0,205.4,ADAPTIVE,10.0991680556,6.380999999999999
2020-08-29T15:37:23+00:00,31.3,32.0,205.5,ADAPTIVE,10.106146666699999,6.457
2020-08-29T15:37:27+00:00,31.3,32.0,205.5,ADAPTIVE,10.113151111099999,6.433999999999999
2020-08-29T15:37:31+00:00,31.2,32.0,205.6,ADAPTIVE,10.1201261111,6.435
2020-08-29T15:37:35+00:00,31.3,32.0,205.5,ADAPTIVE,10.1271325,6.4399999999999995
2020-08-29T15:37:39+00:00,31.2,32.0,205.4,ADAPTIVE,10.1341069444,6.4239999999999995
2020-08-29T15:37:43+00:00,31.2,32.0,205.4,ADAPTIVE,10.141116944399998,6.425999999999999
2020-08-29T15:37:47+00:00,31.3,32.0,205.6,ADAPTIVE,10.148097499999999,6.451
2020-08-29T15:37:51+00:00,31.2,32.0,205.7,ADAPTIVE,10.1551072222,6.438
2020-08-29T15:37:55+00:00,31.2,32.0,205.2,ADAPTIVE,10.162072777799999,6.415
2020-08-29T15:37:59+00:00,31.2,32.0,205.3,ADAPTIVE,10.1690486111,6.4239999999999995
2020-08-29T15:38:03+00:00,31.1,32.0,205.3,ADAPTIVE,10.1760538889,6.412999999999999
2020-08-29T15:38:07+00:00,31.3,32.0,205.6,ADAPTIVE,10.183036111099998,6.457
2020-08-29T15:38:10+00:00,31.4,32.0,205.3,ADAPTIVE,10.1900483333,6.462
2020-08-29T15:38:14+00:00,31.1,32.0,205.6,ADAPTIVE,10.1970344444,6.404
2020-08-29T15:38:18+00:00,31.1,32.0,205.4,ADAPTIVE,10.2040480556,6.412999999999999
2020-08-29T15:38:22+00:00,31.3,32.0,205.4,ADAPTIVE,10.211034999999999,6.436999999999999
2020-08-29T15:38:26+00:00,31.2,32.0,205.4,ADAPTIVE,10.2180455556,6.427
2020-08-29T15:38:30+00:00,31.4,32.0,205.5,ADAPTIVE,10.225023888900001,6.452
2020-08-29T15:38:34+00:00,31.2,32.0,205.5,ADAPTIVE,10.232038611099998,6.439
2020-08-29T15:38:38+00:00,31.2,32.0,205.4,ADAPTIVE,10.23902,6.42
2020-08-29T15:38:42+00:00,31.3,32.0,205.6,ADAPTIVE,10.2460291667,6.436
2020-08-29T15:38:46+00:00,31.1,32.0,205.3,ADAPTIVE,10.253005,6.415
2020-08-29T15:38:50+00:00,31.1,32.0,205.4,ADAPTIVE,10.2600094444,6.3999999999999995
2020-08-29T15:38:54+00:00,31.3,32.0,205.6,ADAPTIVE,10.2669905556,6.43
2020-08-29T15:38:58+00:00,31.1,32.0,205.2,ADAPTIVE,10.2739925,6.411
2020-08-29T15:39:02+00:00,31.4,32.0,205.4,ADAPTIVE,10.280963611099999,6.452
2020-08-29T15:39:06+00:00,31.4,32.0,205.4,ADAPTIVE,10.2879697222,6.463
2020-08-29T15:39:10+00:00,31.3,32.0,205.5,ADAPTIVE,10.294944166699999,6.4319999999999995
2020-08-29T15:39:14+00:00,31.2,32.0,205.3,ADAPTIVE,10.3019188889,6.422
2020-08-29T15:39:17+00:00,31.2,32.0,205.3,ADAPTIVE,10.308923611099999,6.428999999999999
2020-08-29T15:39:21+00:00,31.3,32.0,205.2,ADAPTIVE,10.3159005556,6.451
2020-08-29T15:39:25+00:00,31.2,32.0,205.2,ADAPTIVE,10.3229105556,6.41
2020-08-29T15:39:29+00:00,31.3,32.0,205.3,ADAPTIVE,10.3298936111,6.433999999999999
2020-08-29T15:39:33+00:00,31.2,32.0,205.3,ADAPTIVE,10.3368772222,6.418
2020-08-29T15:39:37+00:00,31.3,32.0,205.3,ADAPTIVE,10.3438861111,6.441999999999999
2020-08-29T15:39:41+00:00,31.1,32.0,205.3,ADAPTIVE,10.3508630556,6.4079999999999995
2020-08-29T15:39:45+00:00,31.2,32.0,205.5,ADAPTIVE,10.3578705556,6.425
2020-08-29T15:39:49+00:00,31.4,32.0,205.6,ADAPTIVE,10.3648519444,6.455
2020-08-29T15:39:53+00:00,31.3,32.0,205.4,ADAPTIVE,10.371859444399998,6.436
2020-08-29T15:39:57+00:00,31.3,32.0,205.4,ADAPTIVE,10.3788369444,6.441999999999999
2020-08-29T15:40:01+00:00,31.3,32.0,205.5,ADAPTIVE,10.385846944399999,6.4319999999999995
2020-08-29T15:40:05+00:00,31.1,32.0,205.1,ADAPTIVE,10.392828611099999,6.391
2020-08-29T15:40:09+00:00,31.2,32.0,205.4,ADAPTIVE,10.3998388889,6.415
2020-08-29T15:40:13+00:00,31.3,32.0,205.4,ADAPTIVE,10.406814444399998,6.433999999999999
2020-08-29T15:40:17+00:00,31.2,32.0,205.5,ADAPTIVE,10.4138286111,6.412
2020-08-29T15:40:21+00:00,31.4,32.0,205.5,ADAPTIVE,10.420807499999999,6.460999999999999
2020-08-29T15:40:25+00:00,31.3,32.0,205.4,ADAPTIVE,10.427783611099999,6.43
2020-08-29T15:40:28+00:00,31.3,32.0,205.4,ADAPTIVE,10.4347575,6.454
2020-08-29T15:40:32+00:00,31.4,32.0,205.5,ADAPTIVE,10.441763333299999,6.462
2020-08-29T15:40:36+00:00,31.2,32.0,205.2,ADAPTIVE,10.4487438889,6.412
2020-08-29T15:40:40+00:00,31.2,32.0,205.4,ADAPTIVE,10.4557475,6.423
2020-08-29T15:40:44+00:00,31.2,32.0,205.4,ADAPTIVE,10.4627225,6.412
2020-08-29T15:40:48+00:00,31.3,32.0,205.2,ADAPTIVE,10.469692499999999,6.428999999999999
2020-08-29T15:40:52+00:00,31.3,32.0,205.3,ADAPTIVE,10.4766902778,6.4399999999999995
2020-08-29T15:40:56+00:00,31.4,32.0,205.3,ADAPTIVE,10.483665,6.446
2020-08-29T15:41:00+00:00,31.3,32.0,205.5,ADAPTIVE,10.4906705556,6.438
2020-08-29T15:41:04+00:00,31.2,32.0,205.3,ADAPTIVE,10.497644444399999,6.414
2020-08-29T15:41:08+00:00,31.2,32.0,205.3,ADAPTIVE,10.504645,6.419
2020-08-29T15:41:12+00:00,31.3,32.0,205.4,ADAPTIVE,10.5116175,6.4319999999999995
2020-08-29T15:41:16+00:00,31.4,32.0,205.5,ADAPTIVE,10.51862,6.46
2020-08-29T15:41:20+00:00,31.2,32.0,205.3,ADAPTIVE,10.525590833299999,6.43
2020-08-29T15:41:24+00:00,31.3,32.0,205.3,ADAPTIVE,10.5325933333,6.447
2020-08-29T15:41:28+00:00,31.1,32.0,205.3,ADAPTIVE,10.539567777799999,6.396999999999999
2020-08-29T15:41:32+00:00,31.2,32.0,205.3,ADAPTIVE,10.5465608333,6.41
2020-08-29T15:41:35+00:00,31.3,32.0,205.5,ADAPTIVE,10.5535388889,6.441999999999999
2020-08-29T15:41:39+00:00,31.2,32.0,205.5,ADAPTIVE,10.5605472222,6.427
2020-08-29T15:41:43+00:00,31.2,32.0,205.5,ADAPTIVE,10.567523333299999,6.4159999999999995
2020-08-29T15:41:47+00:00,31.3,32.0,205.5,ADAPTIVE,10.5745338889,6.447
2020-08-29T15:41:51+00:00,31.3,32.0,205.5,ADAPTIVE,10.5815130556,6.436
2020-08-29T15:41:55+00:00,31.4,32.0,205.4,ADAPTIVE,10.5885188889,6.46
2020-08-29T15:41:59+00:00,31.3,32.0,205.3,ADAPTIVE,10.5954911111,6.435
2020-08-29T15:42:03+00:00,31.2,32.0,205.5,ADAPTIVE,10.6024880556,6.412999999999999
2020-08-29T15:42:07+00:00,31.2,32.0,205.5,ADAPTIVE,10.609455277799999,6.412
2020-08-29T15:42:11+00:00,31.1,32.0,205.4,ADAPTIVE,10.6164505556,6.402
2020-08-29T15:42:15+00:00,31.2,32.0,205.5,ADAPTIVE,10.6234161111,6.4079999999999995
2020-08-29T15:42:19+00:00,31.2,32.0,205.3,ADAPTIVE,10.6304125,6.41
2020-08-29T15:42:23+00:00,31.4,32.0,205.3,ADAPTIVE,10.637383611099999,6.455
2020-08-29T15:42:27+00:00,31.3,32.0,205.1,ADAPTIVE,10.644385,6.441
2020-08-29T15:42:31+00:00,31.3,32.0,205.2,ADAPTIVE,10.6513605556,6.425999999999999
2020-08-29T15:42:35+00:00,31.4,32.0,205.6,ADAPTIVE,10.6583688889,6.4559999999999995
2020-08-29T15:42:38+00:00,31.2,32.0,205.4,ADAPTIVE,10.6653475,6.425999999999999
2020-08-29T15:42:42+00:00,31.3,32.0,205.2,ADAPTIVE,10.672352499999999,6.433
2020-08-29T15:42:46+00:00,31.1,32.0,205.2,ADAPTIVE,10.6793233333,6.398
2020-08-29T15:42:50+00:00,31.2,32.0,205.4,ADAPTIVE,10.686324444399999,6.419
2020-08-29T15:42:54+00:00,31.2,32.0,205.1,ADAPTIVE,10.693295277799999,6.425999999999999
2020-08-29T15:42:58+00:00,31.2,32.0,205.3,ADAPTIVE,10.7002925,6.431
2020-08-29T15:43:02+00:00,31.3,32.0,205.5,ADAPTIVE,10.7072613889,6.441
2020-08-29T15:43:06+00:00,31.3,32.0,205.3,ADAPTIVE,10.714265,6.443
2020-08-29T15:43:10+00:00,31.3,32.0,205.4,ADAPTIVE,10.7212433333,6.436
2020-08-29T15:43:14+00:00,31.3,32.0,205.0,ADAPTIVE,10.728247777799998,6.427
2020-08-29T15:43:18+00:00,31.3,32.0,205.4,ADAPTIVE,10.7352180556,6.441
2020-08-29T15:43:22+00:00,31.3,32.0,205.2,ADAPTIVE,10.7422161111,6.441
2020-08-29T15:43:26+00:00,31.3,32.0,205.4,ADAPTIVE,10.7491833333,6.433999999999999
2020-08-29T15:43:30+00:00,31.2,32.0,205.2,ADAPTIVE,10.756176944399998,6.419
2020-08-29T15:43:34+00:00,31.2,32.0,205.4,ADAPTIVE,10.7631391667,6.415
2020-08-29T15:43:38+00:00,31.1,32.0,205.3,ADAPTIVE,10.770137499999999,6.382
2020-08-29T15:43:41+00:00,31.2,32.0,205.5,ADAPTIVE,10.7771088889,6.420999999999999
2020-08-29T15:43:45+00:00,31.2,32.0,205.5,ADAPTIVE,10.784110277799998,6.419
2020-08-29T15:43:49+00:00,31.3,32.0,205.1,ADAPTIVE,10.7910875,6.4479999999999995
2020-08-29T15:43:53+00:00,31.3,32.0,205.6,ADAPTIVE,10.7980966667,6.4239999999999995
2020-08-29T15:43:57+00:00,31.4,32.0,205.2,ADAPTIVE,10.8050758333,6.454
2020-08-29T15:44:01+00:00,31.3,32.0,205.4,ADAPTIVE,10.8120841667,6.436999999999999
2020-08-29T15:44:05+00:00,31.3,32.0,205.2,ADAPTIVE,10.819060277799998,6.43
2020-08-29T15:44:09+00:00,31.3,32.0,205.3,ADAPTIVE,10.8260630556,6.428999999999999
2020-08-29T15:44:13+00:00,31.1,32.0,205.0,ADAPTIVE,10.8330327778,6.407
2020-08-29T15:44:17+00:00,31.2,32.0,205.4,ADAPTIVE,10.8400325,6.423
2020-08-29T15:44:21+00:00,31.2,32.0,205.3,ADAPTIVE,10.8470033333,6.425
2020-08-29T15:44:25+00:00,31.3,32.0,205.2,ADAPTIVE,10.8540025,6.443
2020-08-29T15:44:29+00:00,31.3,32.0,205.3,ADAPTIVE,10.860973333299999,6.447
2020-08-29T15:44:33+00:00,31.3,32.0,205.3,ADAPTIVE,10.867973611099998,6.441
2020-08-29T15:44:37+00:00,31.3,32.0,205.2,ADAPTIVE,10.8749497222,6.4399999999999995
2020-08-29T15:44:41+00:00,31.4,32.0,205.0,ADAPTIVE,10.8819558333,6.449999999999999
2020-08-29T15:44:45+00:00,31.4,32.0,205.2,ADAPTIVE,10.8889297222,6.446
2020-08-29T15:44:49+00:00,31.3,32.0,205.1,ADAPTIVE,10.895927777799999,6.4479999999999995
2020-08-29T15:44:52+00:00,31.3,32.0,205.3,ADAPTIVE,10.9028944444,6.428999999999999
2020-08-29T15:44:56+00:00,31.2,32.0,205.3,ADAPTIVE,10.9098905556,6.425
2020-08-29T15:45:00+00:00,31.3,32.0,205.0,ADAPTIVE,10.9168922222,6.433999999999999
2020-08-29T15:45:04+00:00,31.3,32.0,205.1,ADAPTIVE,10.9238641667,6.433999999999999
2020-08-29T15:45:08+00:00,31.3,32.0,205.1,ADAPTIVE,10.9308708333,6.436
2020-08-29T15:45:12+00:00,31.3,32.0,205.0,ADAPTIVE,10.937847777799998,6.435
2020-08-29T15:45:16+00:00,31.2,32.0,205.4,ADAPTIVE,10.944851111099998,6.425999999999999
2020-08-29T15:45:20+00:00,31.2,32.0,205.4,ADAPTIVE,10.9518180556,6.404
2020-08-29T15:45:24+00:00,31.2,32.0,205.2,ADAPTIVE,10.958815,6.422
2020-08-29T15:45:28+00:00,31.3,32.0,205.5,ADAPTIVE,10.9657875,6.4239999999999995
2020-08-29T15:45:32+00:00,31.3,32.0,205.2,ADAPTIVE,10.972794444399998,6.425
2020-08-29T15:45:36+00:00,31.2,32.0,205.1,ADAPTIVE,10.9797705556,6.414
2020-08-29T15:45:40+00:00,31.3,32.0,205.1,ADAPTIVE,10.9867680556,6.4239999999999995
2020-08-29T15:45:44+00:00,31.1,32.0,205.5,ADAPTIVE,10.9937322222,6.402
2020-08-29T15:45:48+00:00,31.2,32.0,205.2,ADAPTIVE,11.0007305556,6.412
2020-08-29T15:45:52+00:00,31.3,32.0,205.3,ADAPTIVE,11.0077347222,6.447
2020-08-29T15:45:56+00:00,31.2,32.0,205.4,ADAPTIVE,11.0147113889,6.419
2020-08-29T15:45:59+00:00,31.4,32.0,205.2,ADAPTIVE,11.021710277799999,6.459
2020-08-29T15:46:03+00:00,31.2,32.0,205.3,ADAPTIVE,11.0286763889,6.41
2020-08-29T15:46:07+00:00,31.3,32.0,205.2,ADAPTIVE,11.0356730556,6.449
2020-08-29T15:46:11+00:00,31.2,32.0,205.4,ADAPTIVE,11.042644166699999,6.428999999999999
2020-08-29T15:46:15+00:00,31.3,32.0,205.3,ADAPTIVE,11.0496463889,6.431
2020-08-29T15:46:19+00:00,31.2,32.0,205.4,ADAPTIVE,11.0566222222,6.404999999999999
2020-08-29T15:46:23+00:00,31.2,32.0,205.0,ADAPTIVE,11.063625,6.415
2020-08-29T15:46:27+00:00,31.2,32.0,205.2,ADAPTIVE,11.0706211111,6.42
2020-08-29T15:46:31+00:00,31.1,32.0,205.0,ADAPTIVE,11.0775825,6.3999999999999995
2020-08-29T15:46:35+00:00,31.2,32.0,205.0,ADAPTIVE,11.0845766667,6.419
2020-08-29T15:46:39+00:00,31.2,32.0,205.0,ADAPTIVE,11.0915491667,6.411
2020-08-29T15:46:43+00:00,31.2,32.0,205.3,ADAPTIVE,11.0985533333,6.404
2020-08-29T15:46:47+00:00,31.3,32.0,205.1,ADAPTIVE,11.105527499999999,6.433999999999999
2020-08-29T15:46:51+00:00,31.2,32.0,205.2,ADAPTIVE,11.112525,6.412999999999999
2020-08-29T15:46:55+00:00,31.1,32.0,205.1,ADAPTIVE,11.119491111099999,6.393
2020-08-29T15:46:59+00:00,31.2,32.0,205.5,ADAPTIVE,11.1264905556,6.422
2020-08-29T15:47:02+00:00,31.2,32.0,205.2,ADAPTIVE,11.133466944399999,6.406
2020-08-29T15:47:07+00:00,31.3,32.0,205.1,ADAPTIVE,11.140468888900001,6.425
2020-08-29T15:47:10+00:00,31.3,32.0,205.3,ADAPTIVE,11.1474633333,6.425999999999999
2020-08-29T15:47:14+00:00,31.2,32.0,205.1,ADAPTIVE,11.1544291667,6.415
2020-08-29T15:47:18+00:00,31.4,32.0,205.0,ADAPTIVE,11.1614325,6.441
2020-08-29T15:47:22+00:00,31.2,32.0,205.1,ADAPTIVE,11.168408611099998,6.427
2020-08-29T15:47:26+00:00,31.3,32.0,205.2,ADAPTIVE,11.1754080556,6.433
2020-08-29T15:47:30+00:00,31.2,32.0,205.2,ADAPTIVE,11.1823738889,6.4239999999999995
2020-08-29T15:47:34+00:00,31.3,32.0,205.2,ADAPTIVE,11.1893708333,6.444
2020-08-29T15:47:38+00:00,31.3,32.0,205.3,ADAPTIVE,11.1963719444,6.4399999999999995
2020-08-29T15:47:42+00:00,31.4,32.0,205.1,ADAPTIVE,11.2033433333,6.449
2020-08-29T15:47:46+00:00,31.3,32.0,205.3,ADAPTIVE,11.2103355556,6.433
2020-08-29T15:47:50+00:00,31.3,32.0,205.2,ADAPTIVE,11.2172991667,6.425
2020-08-29T15:47:54+00:00,31.4,32.0,205.1,ADAPTIVE,11.224297777799999,6.438
2020-08-29T15:47:58+00:00,31.3,32.0,205.1,ADAPTIVE,11.2312727778,6.4319999999999995
2020-08-29T15:48:02+00:00,31.3,32.0,205.2,ADAPTIVE,11.2382730556,6.443
2020-08-29T15:48:06+00:00,31.3,32.0,205.2,ADAPTIVE,11.2452380556,6.438
2020-08-29T15:48:09+00:00,31.3,32.0,204.9,ADAPTIVE,11.252229722200001,6.444999999999999
2020-08-29T15:48:13+00:00,31.3,32.0,205.0,ADAPTIVE,11.2592233333,6.428999999999999
2020-08-29T15:48:17+00:00,31.3,32.0,205.1,ADAPTIVE,11.266192777799999,6.444999999999999
2020-08-29T15:48:21+00:00,31.3,32.0,205.6,ADAPTIVE,11.273195,6.4319999999999995
2020-08-29T15:48:25+00:00,31.3,32.0,205.1,ADAPTIVE,11.2801625,6.428
2020-08-29T15:48:29+00:00,31.2,32.0,205.1,ADAPTIVE,11.2871530556,6.411
2020-08-29T15:48:33+00:00,31.3,32.0,205.2,ADAPTIVE,11.2941208333,6.441999999999999
2020-08-29T15:48:37+00:00,31.2,32.0,205.0,ADAPTIVE,11.3011275,6.411
2020-08-29T15:48:41+00:00,31.2,32.0,205.2,ADAPTIVE,11.3081247222,6.404
2020-08-29T15:48:45+00:00,31.2,32.0,204.9,ADAPTIVE,11.3150883333,6.412999999999999
2020-08-29T15:48:49+00:00,31.2,32.0,205.1,ADAPTIVE,11.3220852778,6.414
2020-08-29T15:48:53+00:00,31.3,32.0,205.3,ADAPTIVE,11.32906,6.4319999999999995
2020-08-29T15:48:57+00:00,31.2,32.0,205.0,ADAPTIVE,11.336061944399999,6.415
2020-08-29T15:49:01+00:00,31.2,32.0,205.1,ADAPTIVE,11.3430291667,6.406
2020-08-29T15:49:05+00:00,31.2,32.0,205.2,ADAPTIVE,11.3500225,6.409
2020-08-29T15:49:09+00:00,31.3,32.0,205.0,ADAPTIVE,11.357023333299999,6.425
2020-08-29T15:49:13+00:00,31.3,32.0,205.0,ADAPTIVE,11.364000277799999,6.433
2020-08-29T15:49:16+00:00,31.3,32.0,204.8,ADAPTIVE,11.3710016667,6.436999999999999
2020-08-29T15:49:20+00:00,31.1,32.0,205.4,ADAPTIVE,11.3779688889,6.395
2020-08-29T15:49:24+00:00,31.3,32.0,205.1,ADAPTIVE,11.384965555600001,6.439
2020-08-29T15:49:28+00:00,31.3,32.0,205.1,ADAPTIVE,11.391938611099999,6.436
2020-08-29T15:49:32+00:00,31.4,32.0,205.1,ADAPTIVE,11.398942777799999,6.447
2020-08-29T15:49:36+00:00,31.3,32.0,205.0,ADAPTIVE,11.4059372222,6.43
2020-08-29T15:49:40+00:00,31.3,32.0,205.3,ADAPTIVE,11.4129005556,6.4399999999999995
2020-08-29T15:49:44+00:00,31.3,32.0,205.2,ADAPTIVE,11.4199047222,6.444
2020-08-29T15:49:48+00:00,31.3,32.0,205.1,ADAPTIVE,11.426845277799998,6.4319999999999995
2020-08-29T15:49:52+00:00,31.2,32.0,205.3,ADAPTIVE,11.4338416667,6.404
2020-08-29T15:49:56+00:00,31.2,32.0,205.2,ADAPTIVE,11.440838611099998,6.419
2020-08-29T15:50:00+00:00,31.2,32.0,205.2,ADAPTIVE,11.4478116667,6.427
2020-08-29T15:50:04+00:00,31.2,32.0,205.1,ADAPTIVE,11.454817777799999,6.427
2020-08-29T15:50:08+00:00,31.2,32.0,205.1,ADAPTIVE,11.4617908333,6.402
2020-08-29T15:50:12+00:00,31.1,32.0,204.8,ADAPTIVE,11.4687830556,6.395
2020-08-29T15:50:16+00:00,31.2,32.0,205.1,ADAPTIVE,11.475751944399999,6.412
2020-08-29T15:50:19+00:00,31.2,32.0,205.0,ADAPTIVE,11.482761111099999,6.422
2020-08-29T15:50:23+00:00,31.4,32.0,205.1,ADAPTIVE,11.4897647222,6.439
2020-08-29T15:50:27+00:00,31.1,32.0,205.2,ADAPTIVE,11.4967313889,6.386
2020-08-29T15:50:31+00:00,31.3,32.0,204.8,ADAPTIVE,11.503726944399999,6.438
2020-08-29T15:50:35+00:00,31.3,32.0,205.0,ADAPTIVE,11.5106966667,6.418
2020-08-29T15:50:39+00:00,31.3,32.0,205.2,ADAPTIVE,11.517702777799999,6.431
2020-08-29T15:50:43+00:00,31.2,32.0,205.1,ADAPTIVE,11.5246775,6.403
2020-08-29T15:50:47+00:00,31.3,32.0,205.1,ADAPTIVE,11.5316766667,6.419
2020-08-29T15:50:51+00:00,31.1,32.0,204.9,ADAPTIVE,11.5386433333,6.398
2020-08-29T15:50:55+00:00,31.2,32.0,205.0,ADAPTIVE,11.5456366667,6.409
2020-08-29T15:50:59+00:00,31.3,32.0,205.0,ADAPTIVE,11.5526052778,6.435
2020-08-29T15:51:03+00:00,31.3,32.0,204.6,ADAPTIVE,11.5596063889,6.418
2020-08-29T15:51:07+00:00,31.3,32.0,205.0,ADAPTIVE,11.566578611099999,6.435
2020-08-29T15:51:11+00:00,31.3,32.0,205.3,ADAPTIVE,11.5735841667,6.431
2020-08-29T15:51:15+00:00,31.3,32.0,205.0,ADAPTIVE,11.580563333299999,6.441999999999999
2020-08-29T15:51:19+00:00,31.3,32.0,205.0,ADAPTIVE,11.5875683333,6.4319999999999995
2020-08-29T15:51:23+00:00,31.4,32.0,205.0,ADAPTIVE,11.5945377778,6.441
2020-08-29T15:51:27+00:00,31.3,32.0,204.8,ADAPTIVE,11.6015330556,6.436999999999999
2020-08-29T15:51:30+00:00,31.3,32.0,204.5,ADAPTIVE,11.608528611099999,6.444999999999999
2020-08-29T15:51:34+00:00,31.3,32.0,204.9,ADAPTIVE,11.615499999999999,6.4239999999999995
2020-08-29T15:51:38+00:00,31.3,32.0,205.0,ADAPTIVE,11.6225008333,6.415
2020-08-29T15:51:42+00:00,31.3,32.0,204.9,ADAPTIVE,11.629472777799998,6.420999999999999
2020-08-29T15:51:46+00:00,31.3,32.0,205.1,ADAPTIVE,11.6364458333,6.447
2020-08-29T15:51:50+00:00,31.3,32.0,204.9,ADAPTIVE,11.643449444399998,6.435
2020-08-29T15:51:54+00:00,31.3,32.0,204.7,ADAPTIVE,11.6504513889,6.415
2020-08-29T15:51:58+00:00,31.4,32.0,205.0,ADAPTIVE,11.6574213889,6.449
2020-08-29T15:52:02+00:00,31.4,32.0,204.7,ADAPTIVE,11.6643913889,6.433999999999999
2020-08-29T15:52:06+00:00,31.3,32.0,204.8,ADAPTIVE,11.671386944399998,6.43
2020-08-29T15:52:10+00:00,31.1,32.0,204.9,ADAPTIVE,11.6783597222,6.387
2020-08-29T15:52:14+00:00,31.2,32.0,205.1,ADAPTIVE,11.6853602778,6.407
2020-08-29T15:52:18+00:00,31.2,32.0,204.9,ADAPTIVE,11.692328333299999,6.403
2020-08-29T15:52:22+00:00,31.2,32.0,206.2,ADAPTIVE,11.6993280556,6.444
2020-08-29T15:52:26+00:00,31.4,32.0,206.2,ADAPTIVE,11.7063527778,6.489
2020-08-29T15:52:30+00:00,31.3,32.0,206.3,ADAPTIVE,11.713407499999999,6.468999999999999
2020-08-29T15:52:34+00:00,31.3,32.0,206.4,ADAPTIVE,11.720435,6.465
2020-08-29T15:52:37+00:00,31.3,32.0,206.2,ADAPTIVE,11.7274925,6.473
2020-08-29T15:52:41+00:00,31.1,32.0,206.4,ADAPTIVE,11.7345066667,6.425
2020-08-29T15:52:45+00:00,31.1,32.0,206.5,ADAPTIVE,11.7415161111,6.439
2020-08-29T15:52:49+00:00,31.1,32.0,206.4,ADAPTIVE,11.7485052778,6.4239999999999995
2020-08-29T15:52:53+00:00,31.1,32.0,205.9,ADAPTIVE,11.755524444399999,6.433999999999999
2020-08-29T15:52:57+00:00,31.1,32.0,206.4,ADAPTIVE,11.7625166667,6.43
2020-08-29T15:53:01+00:00,31.0,32.0,206.4,ADAPTIVE,11.7695347222,6.415
2020-08-29T15:53:05+00:00,31.3,32.0,206.4,ADAPTIVE,11.7765233333,6.475
2020-08-29T15:53:09+00:00,31.4,32.0,206.4,ADAPTIVE,11.7835675,6.481
2020-08-29T15:53:13+00:00,31.3,32.0,206.4,ADAPTIVE,11.7905972222,6.46
2020-08-29T15:53:17+00:00,31.4,32.0,206.1,ADAPTIVE,11.7976547222,6.4799999999999995
2020-08-29T15:53:21+00:00,31.4,32.0,206.3,ADAPTIVE,11.8046836111,6.478
2020-08-29T15:53:25+00:00,31.1,32.0,206.5,ADAPTIVE,11.811727777799998,6.428999999999999
2020-08-29T15:53:29+00:00,31.3,32.0,206.4,ADAPTIVE,11.8187238889,6.478
2020-08-29T15:53:33+00:00,31.2,32.0,206.4,ADAPTIVE,11.825751666699999,6.459
2020-08-29T15:53:37+00:00,31.1,32.0,206.4,ADAPTIVE,11.832754444399999,6.444
2020-08-29T15:53:40+00:00,31.4,32.0,206.3,ADAPTIVE,11.8398058333,6.5009999999999994
2020-08-29T15:53:44+00:00,31.3,32.0,206.3,ADAPTIVE,11.8468327778,6.468999999999999
2020-08-29T15:53:48+00:00,31.3,32.0,206.2,ADAPTIVE,11.853887499999999,6.471
2020-08-29T15:53:52+00:00,31.3,32.0,206.3,ADAPTIVE,11.8609113889,6.473999999999999
2020-08-29T15:53:56+00:00,31.3,32.0,206.1,ADAPTIVE,11.867966944399999,6.487
2020-08-29T15:54:00+00:00,31.3,32.0,206.2,ADAPTIVE,11.874995,6.46
2020-08-29T15:54:04+00:00,31.2,32.0,205.9,ADAPTIVE,11.8820388889,6.446
2020-08-29T15:54:08+00:00,31.2,32.0,206.3,ADAPTIVE,11.889038611099998,6.446
2020-08-29T15:54:12+00:00,31.4,32.0,206.0,ADAPTIVE,11.8960352778,6.481999999999999
2020-08-29T15:54:16+00:00,31.3,32.0,206.3,ADAPTIVE,11.9030925,6.4639999999999995
2020-08-29T15:54:20+00:00,31.3,32.0,206.4,ADAPTIVE,11.91012,6.468999999999999
2020-08-29T15:54:24+00:00,31.4,32.0,206.3,ADAPTIVE,11.9171797222,6.473999999999999
2020-08-29T15:54:28+00:00,31.4,32.0,206.3,ADAPTIVE,11.924210277799999,6.479
2020-08-29T15:54:32+00:00,31.3,32.0,206.2,ADAPTIVE,11.9312288889,6.4719999999999995
2020-08-29T15:54:36+00:00,31.2,32.0,206.3,ADAPTIVE,11.938244444399999,6.446
2020-08-29T15:54:40+00:00,31.1,32.0,206.2,ADAPTIVE,11.9452241667,6.433999999999999
2020-08-29T15:54:44+00:00,31.4,32.0,206.4,ADAPTIVE,11.9522541667,6.497
2020-08-29T15:54:47+00:00,31.3,32.0,206.4,ADAPTIVE,11.959283611099998,6.479
2020-08-29T15:54:51+00:00,31.4,32.0,206.4,ADAPTIVE,11.9663416667,6.483
2020-08-29T15:54:55+00:00,31.3,32.0,206.2,ADAPTIVE,11.973370277799999,6.478
2020-08-29T15:54:59+00:00,31.3,32.0,206.2,ADAPTIVE,11.9804288889,6.486
2020-08-29T15:55:03+00:00,31.4,32.0,206.1,ADAPTIVE,11.9874566667,6.478
2020-08-29T15:55:07+00:00,31.4,32.0,206.3,ADAPTIVE,11.994517777799999,6.4879999999999995
2020-08-29T15:55:11+00:00,31.3,32.0,206.2,ADAPTIVE,12.001544166699999,6.476
2020-08-29T15:55:15+00:00,31.3,32.0,206.1,ADAPTIVE,12.0086005556,6.4639999999999995
2020-08-29T15:55:19+00:00,31.3,32.0,206.4,ADAPTIVE,12.0156230556,6.463
2020-08-29T15:55:23+00:00,31.3,32.0,206.0,ADAPTIVE,12.0226783333,6.471
2020-08-29T15:55:27+00:00,31.4,32.0,206.3,ADAPTIVE,12.029703333299999,6.5009999999999994
2020-08-29T15:55:31+00:00,31.3,32.0,206.2,ADAPTIVE,12.0367538889,6.476
2020-08-29T15:55:35+00:00,31.3,32.0,205.9,ADAPTIVE,12.0437816667,6.473999999999999
2020-08-29T15:55:39+00:00,31.3,32.0,206.3,ADAPTIVE,12.0508383333,6.473999999999999
2020-08-29T15:55:43+00:00,31.4,32.0,206.4,ADAPTIVE,12.057866666699999,6.476
2020-08-29T15:55:47+00:00,31.0,32.0,206.3,ADAPTIVE,12.0649080556,6.407
2020-08-29T15:55:51+00:00,31.1,32.0,206.2,ADAPTIVE,12.0718891667,6.438
2020-08-29T15:55:54+00:00,31.1,32.0,206.5,ADAPTIVE,12.078893611099998,6.4399999999999995
2020-08-29T15:55:58+00:00,31.2,32.0,206.3,ADAPTIVE,12.0858761111,6.451
2020-08-29T15:56:02+00:00,31.2,32.0,206.4,ADAPTIVE,12.0928936111,6.459
2020-08-29T15:56:06+00:00,31.1,32.0,206.4,ADAPTIVE,12.099879999999999,6.4319999999999995
2020-08-29T15:56:10+00:00,31.0,32.0,206.4,ADAPTIVE,12.1068683333,6.41
2020-08-29T15:56:14+00:00,30.9,32.0,206.7,ADAPTIVE,12.113880277799998,6.396
2020-08-29T15:56:18+00:00,31.1,32.0,206.4,ADAPTIVE,12.1208619444,6.439
2020-08-29T15:56:22+00:00,31.3,32.0,206.5,ADAPTIVE,12.1279097222,6.479
2020-08-29T15:56:26+00:00,31.4,32.0,205.9,ADAPTIVE,12.1349380556,6.483
2020-08-29T15:56:30+00:00,31.3,32.0,206.4,ADAPTIVE,12.1419972222,6.465
2020-08-29T15:56:34+00:00,31.4,32.0,206.4,ADAPTIVE,12.1490266667,6.486
2020-08-29T15:56:38+00:00,31.3,32.0,206.4,ADAPTIVE,12.1560844444,6.475
2020-08-29T15:56:42+00:00,31.4,32.0,206.3,ADAPTIVE,12.1631158333,6.486
2020-08-29T15:56:46+00:00,31.2,32.0,206.4,ADAPTIVE,12.1701483333,6.441999999999999
2020-08-29T15:56:50+00:00,31.1,32.0,206.1,ADAPTIVE,12.177141666699999,6.443
2020-08-29T15:56:54+00:00,31.1,32.0,206.5,ADAPTIVE,12.184149999999999,6.418
2020-08-29T15:56:58+00:00,31.2,32.0,206.3,ADAPTIVE,12.1911244444,6.452999999999999
2020-08-29T15:57:01+00:00,31.3,32.0,206.5,ADAPTIVE,12.198135277799999,6.473
2020-08-29T15:57:05+00:00,31.0,32.0,206.4,ADAPTIVE,12.2051155556,6.427
2020-08-29T15:57:09+00:00,31.2,32.0,206.1,ADAPTIVE,12.2121275,6.444999999999999
2020-08-29T15:57:13+00:00,31.1,32.0,206.3,ADAPTIVE,12.219111944399998,6.4319999999999995
2020-08-29T15:57:17+00:00,31.1,32.0,206.5,ADAPTIVE,12.226126388900001,6.4399999999999995
2020-08-29T15:57:21+00:00,31.1,32.0,206.3,ADAPTIVE,12.233108611099999,6.451
2020-08-29T15:57:25+00:00,31.1,32.0,206.3,ADAPTIVE,12.2401213889,6.4399999999999995
2020-08-29T15:57:29+00:00,31.1,32.0,206.5,ADAPTIVE,12.247105,6.423
2020-08-29T15:57:33+00:00,31.1,32.0,206.4,ADAPTIVE,12.254087499999999,6.4159999999999995
2020-08-29T15:57:37+00:00,31.1,32.0,206.4,ADAPTIVE,12.26109,6.438
2020-08-29T15:57:41+00:00,31.2,32.0,206.5,ADAPTIVE,12.268077777799999,6.4639999999999995
2020-08-29T15:57:45+00:00,31.2,32.0,206.3,ADAPTIVE,12.2750938889,6.462
2020-08-29T15:57:49+00:00,31.1,32.0,206.5,ADAPTIVE,12.2820788889,6.446
2020-08-29T15:57:53+00:00,31.0,32.0,206.5,ADAPTIVE,12.2890913889,6.412999999999999
2020-08-29T15:57:57+00:00,31.0,32.0,206.5,ADAPTIVE,12.2960758333,6.4079999999999995
2020-08-29T15:58:01+00:00,31.1,32.0,206.4,ADAPTIVE,12.3030936111,6.435
2020-08-29T15:58:04+00:00,31.2,32.0,206.4,ADAPTIVE,12.310084722200001,6.457
2020-08-29T15:58:08+00:00,31.2,32.0,206.3,ADAPTIVE,12.317093333299999,6.449999999999999
2020-08-29T15:58:12+00:00,31.2,32.0,206.3,ADAPTIVE,12.324086111099998,6.4479999999999995
2020-08-29T15:58:16+00:00,31.2,32.0,206.4,ADAPTIVE,12.3311130556,6.467
2020-08-29T15:58:20+00:00,31.1,32.0,206.2,ADAPTIVE,12.338110277799998,6.423
2020-08-29T15:58:24+00:00,31.0,32.0,206.3,ADAPTIVE,12.345131944399999,6.414
2020-08-29T15:58:28+00:00,31.1,32.0,206.1,ADAPTIVE,12.3521180556,6.452
2020-08-29T15:58:32+00:00,31.2,32.0,206.5,ADAPTIVE,12.359134444399999,6.451
2020-08-29T15:58:36+00:00,31.3,32.0,206.1,ADAPTIVE,12.366119444399999,6.465999999999999
2020-08-29T15:58:40+00:00,31.4,32.0,206.2,ADAPTIVE,12.3731608333,6.489999999999999
2020-08-29T15:58:44+00:00,31.4,32.0,206.3,ADAPTIVE,12.380187777799998,6.486
2020-08-29T15:58:48+00:00,31.3,32.0,206.1,ADAPTIVE,12.3872455556,6.483
2020-08-29T15:58:52+00:00,31.3,32.0,206.4,ADAPTIVE,12.3942733333,6.479
2020-08-29T15:58:56+00:00,31.3,32.0,206.3,ADAPTIVE,12.4012972222,6.471
2020-08-29T15:59:00+00:00,31.3,32.0,206.4,ADAPTIVE,12.4083538889,6.484999999999999
2020-08-29T15:59:04+00:00,31.3,32.0,206.2,ADAPTIVE,12.4153797222,6.473999999999999
2020-08-29T15:59:08+00:00,31.4,32.0,206.0,ADAPTIVE,12.4224313889,6.487
2020-08-29T15:59:12+00:00,31.3,32.0,206.1,ADAPTIVE,12.4294263889,6.465
2020-08-29T15:59:15+00:00,31.4,32.0,206.3,ADAPTIVE,12.4364813889,6.489
2020-08-29T15:59:19+00:00,31.3,32.0,206.5,ADAPTIVE,12.443508333299999,6.4719999999999995
2020-08-29T15:59:23+00:00,31.4,32.0,206.3,ADAPTIVE,12.450565833299999,6.473999999999999
2020-08-29T15:59:27+00:00,31.4,32.0,206.2,ADAPTIVE,12.457589444399998,6.4799999999999995
2020-08-29T15:59:31+00:00,31.3,32.0,206.4,ADAPTIVE,12.4646475,6.463
2020-08-29T15:59:35+00:00,31.3,32.0,206.2,ADAPTIVE,12.4716763889,6.476
2020-08-29T15:59:39+00:00,31.4,32.0,206.3,ADAPTIVE,12.4787266667,6.481
2020-08-29T15:59:43+00:00,31.3,32.0,206.3,ADAPTIVE,12.4857513889,6.484
2020-08-29T15:59:47+00:00,31.3,32.0,206.2,ADAPTIVE,12.4927761111,6.468
2020-08-29T15:59:51+00:00,31.4,32.0,206.1,ADAPTIVE,12.499832777799998,6.483
2020-08-29T15:59:55+00:00,31.0,32.0,205.4,ADAPTIVE,12.5068472222,6.393
2020-08-29T15:59:59+00:00,31.0,32.0,205.9,ADAPTIVE,12.5138369444,6.386
2020-08-29T16:00:03+00:00,31.4,32.0,206.3,ADAPTIVE,12.5208197222,6.489
2020-08-29T16:00:07+00:00,31.3,32.0,206.1,ADAPTIVE,12.5278397222,6.4559999999999995
2020-08-29T16:00:11+00:00,31.1,32.0,205.9,ADAPTIVE,12.534827777799999,6.435
2020-08-29T16:00:15+00:00,31.2,32.0,205.9,ADAPTIVE,12.5418183333,6.441999999999999
2020-08-29T16:00:18+00:00,31.3,32.0,205.9,ADAPTIVE,12.5488316667,6.457
2020-08-29T16:00:22+00:00,31.4,32.0,206.1,ADAPTIVE,12.5558408333,6.478
2020-08-29T16:00:26+00:00,31.2,32.0,205.8,ADAPTIVE,12.562886944399999,6.457999999999999
2020-08-29T16:00:30+00:00,31.3,32.0,206.0,ADAPTIVE,12.5698894444,6.4639999999999995
2020-08-29T16:00:34+00:00,31.1,32.0,206.2,ADAPTIVE,12.576871944399999,6.4239999999999995
2020-08-29T16:00:38+00:00,31.1,32.0,206.0,ADAPTIVE,12.5838888889,6.425999999999999
2020-08-29T16:00:42+00:00,31.3,32.0,205.9,ADAPTIVE,12.5908730556,6.460999999999999
2020-08-29T16:00:46+00:00,31.3,32.0,206.1,ADAPTIVE,12.5978891667,6.457999999999999
2020-08-29T16:00:50+00:00,31.1,32.0,205.8,ADAPTIVE,12.6048713889,6.431
2020-08-29T16:00:54+00:00,31.2,32.0,206.1,ADAPTIVE,12.611851111099998,6.436
2020-08-29T16:00:58+00:00,31.3,32.0,206.1,ADAPTIVE,12.6188813889,6.467
2020-08-29T16:01:02+00:00,31.4,32.0,206.4,ADAPTIVE,12.625899444399998,6.481
2020-08-29T16:01:06+00:00,31.4,32.0,205.7,ADAPTIVE,12.6329502778,6.476
2020-08-29T16:01:10+00:00,31.4,32.0,206.3,ADAPTIVE,12.639970277799998,6.478
2020-08-29T16:01:14+00:00,31.3,32.0,206.1,ADAPTIVE,12.6470105556,6.460999999999999
2020-08-29T16:01:18+00:00,31.1,32.0,206.1,ADAPTIVE,12.6539908333,6.425
2020-08-29T16:01:22+00:00,31.2,32.0,205.9,ADAPTIVE,12.6610002778,6.447
2020-08-29T16:01:26+00:00,31.4,32.0,205.7,ADAPTIVE,12.667983611099999,6.476
2020-08-29T16:01:29+00:00,31.1,32.0,205.9,ADAPTIVE,12.675001111099998,6.439
2020-08-29T16:01:33+00:00,31.2,32.0,206.1,ADAPTIVE,12.6819888889,6.441999999999999
2020-08-29T16:01:37+00:00,31.2,32.0,206.1,ADAPTIVE,12.6890038889,6.4319999999999995
2020-08-29T16:01:41+00:00,31.1,32.0,206.0,ADAPTIVE,12.6959858333,6.41
2020-08-29T16:01:45+00:00,31.1,32.0,205.9,ADAPTIVE,12.7029955556,6.427
2020-08-29T16:01:49+00:00,31.3,32.0,206.0,ADAPTIVE,12.709991111099999,6.46
2020-08-29T16:01:53+00:00,31.3,32.0,206.0,ADAPTIVE,12.717036666699999,6.4559999999999995
2020-08-29T16:01:57+00:00,31.3,32.0,205.9,ADAPTIVE,12.7240480556,6.468
2020-08-29T16:02:01+00:00,31.3,32.0,205.8,ADAPTIVE,12.731088611099999,6.462
2020-08-29T16:02:05+00:00,31.3,32.0,205.9,ADAPTIVE,12.738097777799998,6.465
2020-08-29T16:02:09+00:00,31.2,32.0,206.3,ADAPTIVE,12.7451380556,6.439
2020-08-29T16:02:13+00:00,31.1,32.0,206.1,ADAPTIVE,12.7521333333,6.412
2020-08-29T16:02:17+00:00,31.3,32.0,206.0,ADAPTIVE,12.7591408333,6.465999999999999
2020-08-29T16:02:21+00:00,31.1,32.0,206.1,ADAPTIVE,12.766119722200001,6.422
2020-08-29T16:02:25+00:00,31.2,32.0,206.1,ADAPTIVE,12.773128611099999,6.431
2020-08-29T16:02:29+00:00,31.2,32.0,206.0,ADAPTIVE,12.780106944399998,6.452999999999999
2020-08-29T16:02:32+00:00,31.3,32.0,205.6,ADAPTIVE,12.7871191667,6.441999999999999
2020-08-29T16:02:36+00:00,31.2,32.0,206.3,ADAPTIVE,12.7941030556,6.444
2020-08-29T16:02:40+00:00,31.1,32.0,206.3,ADAPTIVE,12.8010972222,6.418
2020-08-29T16:02:44+00:00,31.0,32.0,205.9,ADAPTIVE,12.808101666699999,6.394
2020-08-29T16:02:48+00:00,31.3,32.0,205.8,ADAPTIVE,12.815084444399998,6.457
2020-08-29T16:02:52+00:00,31.4,32.0,206.0,ADAPTIVE,12.822109166699999,6.487
2020-08-29T16:02:56+00:00,31.3,32.0,206.3,ADAPTIVE,12.829103611099999,6.452
2020-08-29T16:03:00+00:00,31.3,32.0,205.9,ADAPTIVE,12.836120833299999,6.460999999999999
2020-08-29T16:03:04+00:00,31.1,32.0,206.0,ADAPTIVE,12.843106944399999,6.419
2020-08-29T16:03:08+00:00,31.2,32.0,205.9,ADAPTIVE,12.850119999999999,6.4239999999999995
2020-08-29T16:03:12+00:00,31.1,32.0,206.0,ADAPTIVE,12.8570997222,6.423
2020-08-29T16:03:16+00:00,31.3,32.0,206.2,ADAPTIVE,12.864121944399999,6.462
2020-08-29T16:03:20+00:00,31.3,32.0,205.9,ADAPTIVE,12.8711380556,6.465
2020-08-29T16:03:24+00:00,31.4,32.0,205.5,ADAPTIVE,12.878170833299999,6.4559999999999995
2020-08-29T16:03:28+00:00,31.3,32.0,205.5,ADAPTIVE,12.88518,6.4639999999999995
2020-08-29T16:03:32+00:00,31.3,32.0,205.6,ADAPTIVE,12.8922155556,6.463
2020-08-29T16:03:36+00:00,31.3,32.0,205.8,ADAPTIVE,12.8991963889,6.459
2020-08-29T16:03:39+00:00,31.2,32.0,205.7,ADAPTIVE,12.9062025,6.4399999999999995
2020-08-29T16:03:43+00:00,31.2,32.0,205.9,ADAPTIVE,12.9131863889,6.427
2020-08-29T16:03:47+00:00,31.2,32.0,206.0,ADAPTIVE,12.920197499999999,6.427
2020-08-29T16:03:51+00:00,31.1,32.0,206.1,ADAPTIVE,12.927179444399998,6.417
2020-08-29T16:03:55+00:00,31.1,32.0,205.7,ADAPTIVE,12.9341888889,6.433999999999999
2020-08-29T16:03:59+00:00,31.4,32.0,205.9,ADAPTIVE,12.9411975,6.483
2020-08-29T16:04:03+00:00,31.3,32.0,205.8,ADAPTIVE,12.948236111099998,6.452
2020-08-29T16:04:07+00:00,31.1,32.0,206.0,ADAPTIVE,12.9552308333,6.431
2020-08-29T16:04:11+00:00,31.1,32.0,205.8,ADAPTIVE,12.9622358333,6.420999999999999
2020-08-29T16:04:15+00:00,31.3,32.0,205.8,ADAPTIVE,12.969219444399998,6.467
2020-08-29T16:04:19+00:00,31.4,32.0,205.7,ADAPTIVE,12.976234999999999,6.4639999999999995
2020-08-29T16:04:23+00:00,31.2,32.0,205.8,ADAPTIVE,12.983221111099999,6.4479999999999995
2020-08-29T16:04:27+00:00,31.2,32.0,206.0,ADAPTIVE,12.990233611099999,6.433
2020-08-29T16:04:31+00:00,31.1,32.0,205.8,ADAPTIVE,12.997210277799999,6.411
2020-08-29T16:04:35+00:00,31.1,32.0,205.8,ADAPTIVE,13.0042097222,6.423
2020-08-29T16:04:39+00:00,31.3,32.0,205.6,ADAPTIVE,13.011190833299999,6.4559999999999995
2020-08-29T16:04:43+00:00,31.3,32.0,206.1,ADAPTIVE,13.018207222200001,6.478
2020-08-29T16:04:46+00:00,31.3,32.0,206.1,ADAPTIVE,13.0251961111,6.468
2020-08-29T16:04:50+00:00,31.3,32.0,205.9,ADAPTIVE,13.0322130556,6.452999999999999
2020-08-29T16:04:54+00:00,31.2,32.0,205.8,ADAPTIVE,13.0391913889,6.43
2020-08-29T16:04:58+00:00,31.3,32.0,205.8,ADAPTIVE,13.046223333299999,6.46
2020-08-29T16:05:02+00:00,31.4,32.0,205.8,ADAPTIVE,13.053231111099999,6.465
2020-08-29T16:05:06+00:00,31.4,32.0,205.9,ADAPTIVE,13.0602680556,6.467
2020-08-29T16:05:10+00:00,31.3,32.0,206.0,ADAPTIVE,13.0672763889,6.471
2020-08-29T16:05:14+00:00,31.4,32.0,205.7,ADAPTIVE,13.0743125,6.476
2020-08-29T16:05:18+00:00,31.3,32.0,205.8,ADAPTIVE,13.0812988889,6.462
2020-08-29T16:05:22+00:00,31.3,32.0,205.8,ADAPTIVE,13.088304166699999,6.452999999999999
2020-08-29T16:05:26+00:00,31.3,32.0,205.6,ADAPTIVE,13.095280833299999,6.4399999999999995
2020-08-29T16:05:30+00:00,31.2,32.0,206.0,ADAPTIVE,13.102289166699999,6.431
2020-08-29T16:05:34+00:00,31.2,32.0,206.0,ADAPTIVE,13.1092725,6.438
2020-08-29T16:05:38+00:00,31.2,32.0,205.9,ADAPTIVE,13.1162852778,6.4399999999999995
2020-08-29T16:05:42+00:00,31.1,32.0,205.8,ADAPTIVE,13.1232661111,6.402
2020-08-29T16:05:46+00:00,31.3,32.0,205.9,ADAPTIVE,13.130276944399998,6.463
2020-08-29T16:05:50+00:00,31.4,32.0,205.8,ADAPTIVE,13.1372830556,6.462
2020-08-29T16:05:53+00:00,31.3,32.0,205.8,ADAPTIVE,13.144319166699999,6.463
2020-08-29T16:05:57+00:00,31.2,32.0,206.0,ADAPTIVE,13.1513125,6.441999999999999
2020-08-29T16:06:01+00:00,31.2,32.0,205.9,ADAPTIVE,13.158320277799998,6.452
2020-08-29T16:06:05+00:00,31.2,32.0,205.9,ADAPTIVE,13.1652972222,6.446
2020-08-29T16:06:09+00:00,31.3,32.0,205.7,ADAPTIVE,13.172306666699999,6.460999999999999
2020-08-29T16:06:13+00:00,31.3,32.0,205.8,ADAPTIVE,13.1792919444,6.441
2020-08-29T16:06:17+00:00,31.3,32.0,206.0,ADAPTIVE,13.186311111099998,6.457999999999999
2020-08-29T16:06:21+00:00,31.1,32.0,205.8,ADAPTIVE,13.1932983333,6.423
2020-08-29T16:06:25+00:00,31.1,32.0,206.0,ADAPTIVE,13.200313611099999,6.412
2020-08-29T16:06:29+00:00,31.1,32.0,205.9,ADAPTIVE,13.2072938889,6.423
2020-08-29T16:06:33+00:00,31.3,32.0,206.0,ADAPTIVE,13.214324166699999,6.454
2020-08-29T16:06:37+00:00,31.3,32.0,206.0,ADAPTIVE,13.221332499999999,6.468999999999999
2020-08-29T16:06:41+00:00,31.1,32.0,205.6,ADAPTIVE,13.2283441667,6.428999999999999
2020-08-29T16:06:45+00:00,31.3,32.0,205.8,ADAPTIVE,13.235321944399999,6.441
2020-08-29T16:06:49+00:00,31.0,32.0,206.0,ADAPTIVE,13.242332777799998,6.401
2020-08-29T16:06:53+00:00,31.1,32.0,205.8,ADAPTIVE,13.2493447222,6.411
2020-08-29T16:06:57+00:00,31.2,32.0,205.8,ADAPTIVE,13.2563238889,6.436999999999999
2020-08-29T16:07:00+00:00,31.3,32.0,205.9,ADAPTIVE,13.2633516667,6.462
2020-08-29T16:07:04+00:00,31.3,32.0,205.9,ADAPTIVE,13.2703563889,6.4479999999999995
2020-08-29T16:07:08+00:00,31.4,32.0,206.0,ADAPTIVE,13.2773830556,6.479
2020-08-29T16:07:12+00:00,31.3,32.0,205.8,ADAPTIVE,13.2843597222,6.436
2020-08-29T16:07:16+00:00,31.3,32.0,205.9,ADAPTIVE,13.2913655556,6.460999999999999
2020-08-29T16:07:20+00:00,31.2,32.0,205.3,ADAPTIVE,13.2983422222,6.438
2020-08-29T16:07:24+00:00,31.3,32.0,205.8,ADAPTIVE,13.3053522222,6.4479999999999995
2020-08-29T16:07:28+00:00,31.2,32.0,205.6,ADAPTIVE,13.3123355556,6.4319999999999995
2020-08-29T16:07:32+00:00,31.1,32.0,205.3,ADAPTIVE,13.3193511111,6.417
2020-08-29T16:07:36+00:00,31.3,32.0,205.9,ADAPTIVE,13.3263430556,6.446
2020-08-29T16:07:40+00:00,31.3,32.0,205.8,ADAPTIVE,13.3333255556,6.454
2020-08-29T16:07:44+00:00,31.3,32.0,205.9,ADAPTIVE,13.340336944399999,6.4639999999999995
2020-08-29T16:07:48+00:00,31.2,32.0,205.9,ADAPTIVE,13.3473294444,6.444999999999999
2020-08-29T16:07:52+00:00,31.2,32.0,206.0,ADAPTIVE,13.3543463889,6.433
2020-08-29T16:07:56+00:00,31.2,32.0,205.8,ADAPTIVE,13.361334999999999,6.427
2020-08-29T16:08:00+00:00,31.1,32.0,205.8,ADAPTIVE,13.3683491667,6.412999999999999
2020-08-29T16:08:04+00:00,31.4,32.0,205.8,ADAPTIVE,13.3753288889,6.462
2020-08-29T16:08:07+00:00,31.3,32.0,205.7,ADAPTIVE,13.382336666699999,6.449999999999999
2020-08-29T16:08:11+00:00,31.3,32.0,206.1,ADAPTIVE,13.3893258333,6.449999999999999
2020-08-29T16:08:15+00:00,31.3,32.0,205.9,ADAPTIVE,13.3963652778,6.457
2020-08-29T16:08:19+00:00,31.4,32.0,205.5,ADAPTIVE,13.4033725,6.484999999999999
2020-08-29T16:08:23+00:00,31.2,32.0,205.8,ADAPTIVE,13.410383611099999,6.433999999999999
2020-08-29T16:08:27+00:00,31.1,32.0,206.0,ADAPTIVE,13.4173580556,6.418
2020-08-29T16:08:31+00:00,31.3,32.0,206.1,ADAPTIVE,13.4243713889,6.443
2020-08-29T16:08:35+00:00,31.3,32.0,205.8,ADAPTIVE,13.43135,6.4559999999999995
2020-08-29T16:08:39+00:00,31.3,32.0,205.9,ADAPTIVE,13.4383522222,6.446
2020-08-29T16:08:43+00:00,31.3,32.0,205.9,ADAPTIVE,13.4453655556,6.457999999999999
2020-08-29T16:08:47+00:00,31.3,32.0,206.0,ADAPTIVE,13.452341944399999,6.452
2020-08-29T16:08:51+00:00,31.3,32.0,205.8,ADAPTIVE,13.4593577778,6.46
2020-08-29T16:08:55+00:00,31.2,32.0,206.0,ADAPTIVE,13.4663422222,6.422
2020-08-29T16:08:59+00:00,31.2,32.0,205.6,ADAPTIVE,13.473355,6.425999999999999
2020-08-29T16:09:03+00:00,31.2,32.0,205.7,ADAPTIVE,13.4803369444,6.433
2020-08-29T16:09:07+00:00,31.0,32.0,205.7,ADAPTIVE,13.4873433333,6.395
2020-08-29T16:09:11+00:00,31.3,32.0,205.8,ADAPTIVE,13.4943197222,6.449999999999999
2020-08-29T16:09:14+00:00,31.3,32.0,205.4,ADAPTIVE,13.5013566667,6.444999999999999
2020-08-29T16:09:18+00:00,31.4,32.0,205.9,ADAPTIVE,13.50836,6.468999999999999
2020-08-29T16:09:22+00:00,31.3,32.0,205.9,ADAPTIVE,13.5153941667,6.449
2020-08-29T16:09:26+00:00,31.2,32.0,205.9,ADAPTIVE,13.522379444399999,6.423
2020-08-29T16:09:30+00:00,31.2,32.0,205.8,ADAPTIVE,13.5293847222,6.446
2020-08-29T16:09:34+00:00,31.1,32.0,205.2,ADAPTIVE,13.5363619444,6.391
2020-08-29T16:09:38+00:00,31.1,32.0,205.7,ADAPTIVE,13.543366388899999,6.4239999999999995
2020-08-29T16:09:42+00:00,31.3,32.0,205.6,ADAPTIVE,13.5503488889,6.451
2020-08-29T16:09:46+00:00,31.1,32.0,205.9,ADAPTIVE,13.5573613889,6.404999999999999
2020-08-29T16:09:50+00:00,31.3,32.0,205.8,ADAPTIVE,13.564341666699999,6.449
2020-08-29T16:09:54+00:00,31.3,32.0,205.8,ADAPTIVE,13.571351111099998,6.433999999999999
2020-08-29T16:09:58+00:00,31.3,32.0,205.6,ADAPTIVE,13.5783344444,6.457
2020-08-29T16:10:02+00:00,31.4,32.0,205.4,ADAPTIVE,13.5853425,6.4639999999999995
2020-08-29T16:10:06+00:00,31.1,32.0,205.7,ADAPTIVE,13.5923188889,6.412
2020-08-29T16:10:10+00:00,31.1,32.0,205.5,ADAPTIVE,13.599321944399998,6.414
2020-08-29T16:10:14+00:00,31.3,32.0,205.6,ADAPTIVE,13.606301111099999,6.449
2020-08-29T16:10:17+00:00,31.2,32.0,205.3,ADAPTIVE,13.613308611099999,6.433
2020-08-29T16:10:21+00:00,31.4,32.0,206.0,ADAPTIVE,13.620290277799999,6.4639999999999995
2020-08-29T16:10:25+00:00,31.1,32.0,205.8,ADAPTIVE,13.627275833299999,6.417
2020-08-29T16:10:29+00:00,31.2,32.0,205.9,ADAPTIVE,13.6342825,6.435
2020-08-29T16:10:33+00:00,31.3,32.0,205.6,ADAPTIVE,13.6412641667,6.452999999999999
2020-08-29T16:10:37+00:00,31.2,32.0,205.7,ADAPTIVE,13.6482666667,6.425999999999999
2020-08-29T16:10:41+00:00,31.2,32.0,205.6,ADAPTIVE,13.6552444444,6.427
2020-08-29T16:10:45+00:00,31.3,32.0,205.7,ADAPTIVE,13.6622477778,6.452999999999999
2020-08-29T16:10:49+00:00,31.2,32.0,205.7,ADAPTIVE,13.6692286111,6.438
2020-08-29T16:10:53+00:00,31.1,32.0,205.9,ADAPTIVE,13.676244444399998,6.415
2020-08-29T16:10:57+00:00,31.3,32.0,206.1,ADAPTIVE,13.683224166699999,6.452
2020-08-29T16:11:01+00:00,31.3,32.0,205.7,ADAPTIVE,13.690240833299999,6.447
2020-08-29T16:11:05+00:00,31.3,32.0,205.9,ADAPTIVE,13.6972386111,6.46
2020-08-29T16:11:09+00:00,31.3,32.0,205.7,ADAPTIVE,13.7042566667,6.443
2020-08-29T16:11:13+00:00,31.2,32.0,205.9,ADAPTIVE,13.7112413889,6.417
2020-08-29T16:11:17+00:00,31.1,32.0,205.7,ADAPTIVE,13.718225277799998,6.415
2020-08-29T16:11:21+00:00,31.2,32.0,205.7,ADAPTIVE,13.7252333333,6.4399999999999995
2020-08-29T16:11:24+00:00,31.3,32.0,205.8,ADAPTIVE,13.732211111099998,6.4559999999999995
2020-08-29T16:11:28+00:00,31.2,32.0,205.6,ADAPTIVE,13.7392147222,6.420999999999999
2020-08-29T16:11:32+00:00,31.2,32.0,205.7,ADAPTIVE,13.746193333299999,6.420999999999999
2020-08-29T16:11:36+00:00,31.0,32.0,205.5,ADAPTIVE,13.7532052778,6.3999999999999995
2020-08-29T16:11:40+00:00,31.3,32.0,205.7,ADAPTIVE,13.7601872222,6.462
2020-08-29T16:11:44+00:00,31.3,32.0,205.9,ADAPTIVE,13.7671997222,6.4559999999999995
2020-08-29T16:11:48+00:00,31.2,32.0,206.2,ADAPTIVE,13.774180833299999,6.425
2020-08-29T16:11:52+00:00,31.2,32.0,205.7,ADAPTIVE,13.7811955556,6.425
2020-08-29T16:11:56+00:00,31.0,32.0,205.8,ADAPTIVE,13.7881736111,6.398
2020-08-29T16:12:00+00:00,31.2,32.0,205.7,ADAPTIVE,13.79516,6.4399999999999995
2020-08-29T16:12:04+00:00,31.2,32.0,205.8,ADAPTIVE,13.8021766667,6.455
2020-08-29T16:12:08+00:00,31.3,32.0,205.8,ADAPTIVE,13.8091530556,6.449
2020-08-29T16:12:12+00:00,31.3,32.0,205.7,ADAPTIVE,13.8161630556,6.4479999999999995
2020-08-29T16:12:16+00:00,31.1,32.0,205.8,ADAPTIVE,13.8231416667,6.412
2020-08-29T16:12:20+00:00,31.2,32.0,205.7,ADAPTIVE,13.8301505556,6.4239999999999995
2020-08-29T16:12:24+00:00,31.3,32.0,205.6,ADAPTIVE,13.837131111099998,6.46
2020-08-29T16:12:28+00:00,31.4,32.0,205.3,ADAPTIVE,13.8441430556,6.47
2020-08-29T16:12:31+00:00,31.2,32.0,205.6,ADAPTIVE,13.8511263889,6.428
2020-08-29T16:12:35+00:00,31.2,32.0,205.8,ADAPTIVE,13.858135833299999,6.409
2020-08-29T16:12:39+00:00,31.3,32.0,205.6,ADAPTIVE,13.865126111099999,6.449
2020-08-29T16:12:43+00:00,31.3,32.0,205.7,ADAPTIVE,13.8721044444,6.443
2020-08-29T16:12:47+00:00,31.3,32.0,205.6,ADAPTIVE,13.879123333299999,6.449999999999999
2020-08-29T16:12:51+00:00,31.2,32.0,205.8,ADAPTIVE,13.8861072222,6.433
2020-08-29T16:12:55+00:00,31.1,32.0,206.1,ADAPTIVE,13.893117777799999,6.417
2020-08-29T16:12:59+00:00,31.3,32.0,205.7,ADAPTIVE,13.900098611099999,6.447
2020-08-29T16:13:03+00:00,31.2,32.0,205.5,ADAPTIVE,13.907104444399998,6.438
2020-08-29T16:13:07+00:00,31.1,32.0,205.7,ADAPTIVE,13.9140819444,6.425
2020-08-29T16:13:11+00:00,31.4,32.0,205.6,ADAPTIVE,13.921061944399998,6.459
2020-08-29T16:13:15+00:00,31.4,32.0,205.3,ADAPTIVE,13.9280783333,6.457
2020-08-29T16:13:19+00:00,31.3,32.0,205.6,ADAPTIVE,13.9350697222,6.443
2020-08-29T16:13:23+00:00,31.2,32.0,205.6,ADAPTIVE,13.9420780556,6.436
2020-08-29T16:13:27+00:00,31.1,32.0,205.5,ADAPTIVE,13.949052499999999,6.412999999999999
2020-08-29T16:13:31+00:00,31.1,32.0,205.5,ADAPTIVE,13.956059722200001,6.4079999999999995
2020-08-29T16:13:35+00:00,31.4,32.0,205.7,ADAPTIVE,13.963036666699999,6.465
2020-08-29T16:13:38+00:00,31.2,32.0,205.5,ADAPTIVE,13.9700213889,6.428
2020-08-29T16:13:42+00:00,31.3,32.0,205.8,ADAPTIVE,13.9770363889,6.438
2020-08-29T16:13:46+00:00,31.2,32.0,205.7,ADAPTIVE,13.984020833299999,6.441
2020-08-29T16:13:50+00:00,31.2,32.0,205.8,ADAPTIVE,13.9910372222,6.4399999999999995
2020-08-29T16:13:54+00:00,31.4,32.0,205.7,ADAPTIVE,13.9980238889,6.460999999999999
2020-08-29T16:13:58+00:00,31.3,32.0,205.7,ADAPTIVE,14.0050391667,6.436
2020-08-29T16:14:02+00:00,31.1,32.0,205.7,ADAPTIVE,14.0120169444,6.404999999999999
2020-08-29T16:14:06+00:00,31.2,32.0,205.5,ADAPTIVE,14.0190325,6.42
2020-08-29T16:14:10+00:00,31.2,32.0,205.6,ADAPTIVE,14.0260141667,6.425
2020-08-29T16:14:14+00:00,31.3,32.0,205.7,ADAPTIVE,14.033028333299999,6.428999999999999
2020-08-29T16:14:18+00:00,31.2,32.0,205.4,ADAPTIVE,14.040014444399999,6.433
2020-08-29T16:14:22+00:00,31.1,32.0,205.7,ADAPTIVE,14.0469980556,6.414
2020-08-29T16:14:26+00:00,31.2,32.0,205.9,ADAPTIVE,14.0540058333,6.425
2020-08-29T16:14:30+00:00,31.2,32.0,205.5,ADAPTIVE,14.060980277799999,6.423
2020-08-29T16:14:34+00:00,31.2,32.0,205.8,ADAPTIVE,14.067992777799999,6.435
2020-08-29T16:14:38+00:00,31.3,32.0,205.6,ADAPTIVE,14.074993611099998,6.457
2020-08-29T16:14:42+00:00,31.2,32.0,205.9,ADAPTIVE,14.081983611099998,6.428
2020-08-29T16:14:45+00:00,31.2,32.0,205.6,ADAPTIVE,14.0889891667,6.433999999999999
2020-08-29T16:14:49+00:00,31.2,32.0,205.5,ADAPTIVE,14.095971666699999,6.425999999999999
2020-08-29T16:14:53+00:00,31.2,32.0,205.7,ADAPTIVE,14.1029847222,6.4239999999999995
2020-08-29T16:14:57+00:00,31.2,32.0,205.5,ADAPTIVE,14.1099655556,6.427
2020-08-29T16:15:01+00:00,31.2,32.0,205.5,ADAPTIVE,14.1169433333,6.417
2020-08-29T16:15:05+00:00,31.3,32.0,205.7,ADAPTIVE,14.123956111099998,6.449
2020-08-29T16:15:09+00:00,31.3,32.0,205.7,ADAPTIVE,14.1309483333,6.4399999999999995
2020-08-29T16:15:13+00:00,31.2,32.0,205.6,ADAPTIVE,14.137957777799999,6.422
2020-08-29T16:15:17+00:00,31.3,32.0,205.6,ADAPTIVE,14.1449416667,6.449
2020-08-29T16:15:21+00:00,31.3,32.0,205.9,ADAPTIVE,14.151929444399999,6.452999999999999
2020-08-29T16:15:25+00:00,31.2,32.0,205.6,ADAPTIVE,14.158942777799998,6.4399999999999995
2020-08-29T16:15:29+00:00,31.2,32.0,205.8,ADAPTIVE,14.1659216667,6.422
2020-08-29T16:15:33+00:00,31.2,32.0,205.6,ADAPTIVE,14.1729275,6.425
2020-08-29T16:15:37+00:00,31.2,32.0,205.3,ADAPTIVE,14.179900277799998,6.4239999999999995
2020-08-29T16:15:41+00:00,31.3,32.0,205.8,ADAPTIVE,14.1868872222,6.452999999999999
2020-08-29T16:15:45+00:00,31.3,32.0,205.6,ADAPTIVE,14.1939133333,6.447
2020-08-29T16:15:49+00:00,31.3,32.0,205.6,ADAPTIVE,14.2008933333,6.46
2020-08-29T16:15:52+00:00,31.2,32.0,205.6,ADAPTIVE,14.207905277799998,6.439
2020-08-29T16:15:56+00:00,31.2,32.0,205.7,ADAPTIVE,14.214890277799999,6.415
2020-08-29T16:16:00+00:00,31.3,32.0,205.5,ADAPTIVE,14.221876944399998,6.451
2020-08-29T16:16:04+00:00,31.3,32.0,205.6,ADAPTIVE,14.2288880556,6.4399999999999995
2020-08-29T16:16:08+00:00,31.1,32.0,205.7,ADAPTIVE,14.2358625,6.396
2020-08-29T16:16:12+00:00,31.2,32.0,205.8,ADAPTIVE,14.242869166699998,6.419
2020-08-29T16:16:16+00:00,31.3,32.0,205.7,ADAPTIVE,14.2498608333,6.451
2020-08-29T16:16:20+00:00,31.3,32.0,205.7,ADAPTIVE,14.2568633333,6.457
2020-08-29T16:16:24+00:00,31.2,32.0,205.3,ADAPTIVE,14.2638913889,6.433999999999999
2020-08-29T16:16:28+00:00,31.3,32.0,205.4,ADAPTIVE,14.2708797222,6.435
2020-08-29T16:16:32+00:00,31.3,32.0,205.6,ADAPTIVE,14.2779025,6.441
2020-08-29T16:16:36+00:00,31.2,32.0,205.8,ADAPTIVE,14.284901111099998,6.438
2020-08-29T16:16:40+00:00,31.3,32.0,205.7,ADAPTIVE,14.2919275,6.443
2020-08-29T16:16:44+00:00,31.2,32.0,205.7,ADAPTIVE,14.2989055556,6.435
2020-08-29T16:16:48+00:00,31.2,32.0,205.5,ADAPTIVE,14.3059047222,6.438
2020-08-29T16:16:52+00:00,31.2,32.0,205.6,ADAPTIVE,14.3128747222,6.4319999999999995
2020-08-29T16:16:55+00:00,31.1,32.0,205.7,ADAPTIVE,14.319881111099999,6.4079999999999995
2020-08-29T16:16:59+00:00,31.3,32.0,205.6,ADAPTIVE,14.3268791667,6.449
2020-08-29T16:17:03+00:00,31.4,32.0,205.6,ADAPTIVE,14.3339102778,6.473
2020-08-29T16:17:07+00:00,31.3,32.0,205.4,ADAPTIVE,14.3409163889,6.4479999999999995
2020-08-29T16:17:11+00:00,31.4,32.0,205.8,ADAPTIVE,14.347920277799998,6.468999999999999
2020-08-29T16:17:15+00:00,31.4,32.0,205.9,ADAPTIVE,14.3549597222,6.47
2020-08-29T16:17:19+00:00,31.4,32.0,205.5,ADAPTIVE,14.3619691667,6.465
2020-08-29T16:17:23+00:00,31.3,32.0,205.7,ADAPTIVE,14.3690055556,6.452
2020-08-29T16:17:27+00:00,31.3,32.0,205.8,ADAPTIVE,14.3760122222,6.4559999999999995
2020-08-29T16:17:31+00:00,31.2,32.0,205.8,ADAPTIVE,14.3830305556,6.431
2020-08-29T16:17:35+00:00,31.1,32.0,205.7,ADAPTIVE,14.390005277799998,6.409
2020-08-29T16:17:39+00:00,31.2,32.0,205.7,ADAPTIVE,14.3970111111,6.427
2020-08-29T16:17:43+00:00,31.2,32.0,205.7,ADAPTIVE,14.4039863889,6.427
2020-08-29T16:17:47+00:00,31.2,32.0,205.9,ADAPTIVE,14.4109930556,6.4319999999999995
2020-08-29T16:17:51+00:00,31.3,32.0,205.5,ADAPTIVE,14.4179769444,6.446
2020-08-29T16:17:55+00:00,31.3,32.0,205.9,ADAPTIVE,14.424956111099998,6.444
2020-08-29T16:17:59+00:00,31.2,32.0,205.0,ADAPTIVE,14.4319372222,6.422
2020-08-29T16:18:02+00:00,31.1,32.0,205.7,ADAPTIVE,14.438953611099999,6.412
2020-08-29T16:18:06+00:00,31.3,32.0,205.6,ADAPTIVE,14.4459375,6.444999999999999
2020-08-29T16:18:10+00:00,31.2,32.0,205.5,ADAPTIVE,14.452951111099999,6.435
2020-08-29T16:18:14+00:00,31.3,32.0,205.7,ADAPTIVE,14.459936944399999,6.4479999999999995
2020-08-29T16:18:18+00:00,31.3,32.0,205.6,ADAPTIVE,14.466946666699998,6.449
2020-08-29T16:18:22+00:00,31.3,32.0,205.8,ADAPTIVE,14.4739313889,6.457
2020-08-29T16:18:26+00:00,31.1,32.0,205.8,ADAPTIVE,14.4809447222,6.428
2020-08-29T16:18:30+00:00,31.1,32.0,205.7,ADAPTIVE,14.487924999999999,6.414
2020-08-29T16:18:34+00:00,31.2,32.0,205.7,ADAPTIVE,14.494931111099998,6.423
2020-08-29T16:18:38+00:00,31.3,32.0,205.5,ADAPTIVE,14.5019130556,6.441999999999999
2020-08-29T16:18:42+00:00,31.2,32.0,205.3,ADAPTIVE,14.5089391667,6.4319999999999995
2020-08-29T16:18:46+00:00,31.3,32.0,205.8,ADAPTIVE,14.515931944399998,6.459
2020-08-29T16:18:50+00:00,31.1,32.0,206.0,ADAPTIVE,14.5229380556,6.4159999999999995
2020-08-29T16:18:54+00:00,31.4,32.0,205.8,ADAPTIVE,14.529914999999999,6.465
2020-08-29T16:18:58+00:00,31.3,32.0,205.6,ADAPTIVE,14.536924444399999,6.444
2020-08-29T16:19:02+00:00,31.3,32.0,205.7,ADAPTIVE,14.5439055556,6.454
2020-08-29T16:19:06+00:00,31.2,32.0,205.8,ADAPTIVE,14.5509244444,6.4479999999999995
2020-08-29T16:19:09+00:00,31.2,32.0,205.9,ADAPTIVE,14.5579133333,6.4239999999999995
2020-08-29T16:19:13+00:00,31.1,32.0,205.8,ADAPTIVE,14.5649286111,6.42
2020-08-29T16:19:17+00:00,31.1,32.0,205.5,ADAPTIVE,14.5719116667,6.418
2020-08-29T16:19:21+00:00,31.1,32.0,205.7,ADAPTIVE,14.578919166699999,6.414
2020-08-29T16:19:25+00:00,31.3,32.0,205.8,ADAPTIVE,14.585917499999999,6.454
2020-08-29T16:19:29+00:00,31.1,32.0,205.3,ADAPTIVE,14.5929294444,6.419
2020-08-29T16:19:33+00:00,31.3,32.0,205.8,ADAPTIVE,14.599904444399998,6.436999999999999
2020-08-29T16:19:37+00:00,31.3,32.0,205.8,ADAPTIVE,14.6069130556,6.444
2020-08-29T16:19:41+00:00,31.3,32.0,205.7,ADAPTIVE,14.613897777799998,6.460999999999999
2020-08-29T16:19:45+00:00,31.4,32.0,205.7,ADAPTIVE,14.6209122222,6.473
2020-08-29T16:19:49+00:00,31.4,32.0,205.7,ADAPTIVE,14.627889999999999,6.457
2020-08-29T16:19:53+00:00,31.3,32.0,205.8,ADAPTIVE,14.6349019444,6.447
2020-08-29T16:19:57+00:00,31.4,32.0,205.7,ADAPTIVE,14.6419013889,6.471
2020-08-29T16:20:01+00:00,31.3,32.0,205.3,ADAPTIVE,14.6489219444,6.463
2020-08-29T16:20:05+00:00,31.1,32.0,205.7,ADAPTIVE,14.6558952778,6.402
2020-08-29T16:20:09+00:00,31.3,32.0,205.8,ADAPTIVE,14.6629025,6.438
2020-08-29T16:20:13+00:00,31.1,32.0,205.6,ADAPTIVE,14.6698833333,6.412
2020-08-29T16:20:16+00:00,31.2,32.0,205.8,ADAPTIVE,14.6768969444,6.438
2020-08-29T16:20:20+00:00,31.2,32.0,205.8,ADAPTIVE,14.683885277799998,6.428
2020-08-29T16:20:24+00:00,31.2,32.0,205.7,ADAPTIVE,14.690900277799999,6.4239999999999995
2020-08-29T16:20:28+00:00,31.3,32.0,205.9,ADAPTIVE,14.697879444399998,6.452999999999999
2020-08-29T16:20:32+00:00,31.3,32.0,205.7,ADAPTIVE,14.7049075,6.454
2020-08-29T16:20:36+00:00,31.3,32.0,205.9,ADAPTIVE,14.7119041667,6.452999999999999
2020-08-29T16:20:40+00:00,31.4,32.0,205.7,ADAPTIVE,14.7189094444,6.465
2020-08-29T16:20:44+00:00,31.2,32.0,205.3,ADAPTIVE,14.725919444399999,6.436999999999999
2020-08-29T16:20:48+00:00,31.4,32.0,205.7,ADAPTIVE,14.7329005556,6.476
2020-08-29T16:20:52+00:00,31.3,32.0,205.7,ADAPTIVE,14.7399161111,6.455
2020-08-29T16:20:56+00:00,31.2,32.0,205.5,ADAPTIVE,14.7468997222,6.431
2020-08-29T16:21:00+00:00,31.3,32.0,205.8,ADAPTIVE,14.753911111099999,6.444999999999999
2020-08-29T16:21:04+00:00,31.4,32.0,205.8,ADAPTIVE,14.760896666699999,6.462
2020-08-29T16:21:08+00:00,31.2,32.0,205.8,ADAPTIVE,14.767927499999999,6.436
2020-08-29T16:21:12+00:00,31.1,32.0,205.7,ADAPTIVE,14.774904999999999,6.404
2020-08-29T16:21:16+00:00,31.2,32.0,205.5,ADAPTIVE,14.781914444399998,6.4319999999999995
2020-08-29T16:21:20+00:00,31.2,32.0,205.6,ADAPTIVE,14.788897777799999,6.43
2020-08-29T16:21:23+00:00,31.1,32.0,205.6,ADAPTIVE,14.795911111099999,6.396
2020-08-29T16:21:27+00:00,31.1,32.0,205.1,ADAPTIVE,14.802892777799999,6.403
2020-08-29T16:21:31+00:00,31.2,32.0,205.6,ADAPTIVE,14.809902777799998,6.436999999999999
2020-08-29T16:21:35+00:00,31.3,32.0,205.7,ADAPTIVE,14.816883611099998,6.452
2020-08-29T16:21:39+00:00,31.4,32.0,205.6,ADAPTIVE,14.823894166699999,6.473
2020-08-29T16:21:43+00:00,31.4,32.0,205.8,ADAPTIVE,14.8308997222,6.46
2020-08-29T16:21:47+00:00,31.2,32.0,205.7,ADAPTIVE,14.8379130556,6.428999999999999
2020-08-29T16:21:51+00:00,31.3,32.0,205.8,ADAPTIVE,14.8448852778,6.441999999999999
2020-08-29T16:21:55+00:00,31.4,32.0,205.7,ADAPTIVE,14.8518947222,6.455
2020-08-29T16:21:59+00:00,31.3,32.0,205.7,ADAPTIVE,14.858875833299999,6.451
2020-08-29T16:22:03+00:00,31.4,32.0,205.5,ADAPTIVE,14.8658833333,6.462
2020-08-29T16:22:07+00:00,31.2,32.0,205.8,ADAPTIVE,14.872856944399999,6.438
2020-08-29T16:22:11+00:00,31.4,32.0,205.7,ADAPTIVE,14.8798772222,6.454
2020-08-29T16:22:15+00:00,31.2,32.0,205.7,ADAPTIVE,14.88689,6.431
2020-08-29T16:22:19+00:00,31.3,32.0,205.7,ADAPTIVE,14.8938655556,6.447
2020-08-29T16:22:23+00:00,31.3,32.0,205.8,ADAPTIVE,14.900880833299999,6.436
2020-08-29T16:22:27+00:00,31.2,32.0,205.8,ADAPTIVE,14.907862777799998,6.433999999999999
2020-08-29T16:22:30+00:00,31.4,32.0,205.6,ADAPTIVE,14.914874444399999,6.47
2020-08-29T16:22:34+00:00,31.4,32.0,205.6,ADAPTIVE,14.9218758333,6.465999999999999
2020-08-29T16:22:38+00:00,31.2,32.0,205.8,ADAPTIVE,14.928892777799998,6.444999999999999
2020-08-29T16:22:42+00:00,31.1,32.0,205.7,ADAPTIVE,14.9358680556,6.399
2020-08-29T16:22:46+00:00,31.2,32.0,205.6,ADAPTIVE,14.942875833299999,6.42
2020-08-29T16:22:50+00:00,31.2,32.0,205.6,ADAPTIVE,14.9498563889,6.443
2020-08-29T16:22:54+00:00,31.3,32.0,205.6,ADAPTIVE,14.9568688889,6.436
2020-08-29T16:22:58+00:00,31.3,32.0,205.5,ADAPTIVE,14.9638525,6.46
2020-08-29T16:23:02+00:00,31.2,32.0,205.7,ADAPTIVE,14.9708619444,6.425999999999999
2020-08-29T16:23:06+00:00,31.3,32.0,205.6,ADAPTIVE,14.977839999999999,6.444
2020-08-29T16:23:10+00:00,31.3,32.0,205.8,ADAPTIVE,14.984861666699999,6.446
2020-08-29T16:23:14+00:00,31.3,32.0,205.8,ADAPTIVE,14.9918397222,6.452999999999999
2020-08-29T16:23:18+00:00,31.3,32.0,205.4,ADAPTIVE,14.9988447222,6.449
2020-08-29T16:23:22+00:00,31.4,32.0,205.5,ADAPTIVE,15.005826666699999,6.465
2020-08-29T16:23:26+00:00,31.4,32.0,205.6,ADAPTIVE,15.0128405556,6.471
2020-08-29T16:23:30+00:00,31.4,32.0,205.5,ADAPTIVE,15.019848611099999,6.467
2020-08-29T16:23:34+00:00,31.3,32.0,205.5,ADAPTIVE,15.026825277799999,6.444
2020-08-29T16:23:37+00:00,31.3,32.0,205.5,ADAPTIVE,15.0338391667,6.4479999999999995
2020-08-29T16:23:41+00:00,31.3,32.0,205.7,ADAPTIVE,15.040809444399999,6.444
2020-08-29T16:23:45+00:00,31.4,32.0,205.5,ADAPTIVE,15.047814444399998,6.4559999999999995
2020-08-29T16:23:49+00:00,31.2,32.0,205.3,ADAPTIVE,15.054794444399999,6.4319999999999995
2020-08-29T16:23:53+00:00,31.3,32.0,205.5,ADAPTIVE,15.0617988889,6.446
2020-08-29T16:23:57+00:00,31.2,32.0,205.3,ADAPTIVE,15.0687736111,6.414
2020-08-29T16:24:01+00:00,31.2,32.0,205.4,ADAPTIVE,15.0757811111,6.428999999999999
2020-08-29T16:24:05+00:00,31.1,32.0,205.6,ADAPTIVE,15.0827533333,6.406
2020-08-29T16:24:09+00:00,31.0,32.0,205.7,ADAPTIVE,15.089754166699999,6.391
2020-08-29T16:24:13+00:00,31.1,32.0,205.6,ADAPTIVE,15.0967272222,6.406
2020-08-29T16:24:17+00:00,31.1,32.0,205.7,ADAPTIVE,15.103736111099998,6.418
2020-08-29T16:24:21+00:00,31.3,32.0,205.6,ADAPTIVE,15.110749444399998,6.452
2020-08-29T16:24:25+00:00,31.1,32.0,205.5,ADAPTIVE,15.117725277799998,6.404999999999999
2020-08-29T16:24:29+00:00,31.4,32.0,205.7,ADAPTIVE,15.1247433333,6.4639999999999995
2020-08-29T16:24:33+00:00,31.0,32.0,205.6,ADAPTIVE,15.131718333299998,6.396999999999999
2020-08-29T16:24:37+00:00,31.2,32.0,205.7,ADAPTIVE,15.1387241667,6.436
2020-08-29T16:24:40+00:00,31.1,32.0,205.8,ADAPTIVE,15.145706944399999,6.417
2020-08-29T16:24:44+00:00,31.1,32.0,205.6,ADAPTIVE,15.1527138889,6.414
2020-08-29T16:24:48+00:00,31.3,32.0,205.7,ADAPTIVE,15.159701944399998,6.443
2020-08-29T16:24:52+00:00,31.1,32.0,205.6,ADAPTIVE,15.166711111099998,6.4159999999999995
2020-08-29T16:24:56+00:00,31.2,32.0,205.7,ADAPTIVE,15.173716944399999,6.433
2020-08-29T16:25:00+00:00,31.2,32.0,205.8,ADAPTIVE,15.180698333299999,6.418
2020-08-29T16:25:04+00:00,31.2,32.0,205.5,ADAPTIVE,15.187706666699999,6.428999999999999
2020-08-29T16:25:08+00:00,31.2,32.0,205.4,ADAPTIVE,15.194682499999999,6.43
2020-08-29T16:25:12+00:00,31.3,32.0,205.3,ADAPTIVE,15.201699999999999,6.439
2020-08-29T16:25:16+00:00,31.2,32.0,205.6,ADAPTIVE,15.2086894444,6.444
2020-08-29T16:25:20+00:00,31.1,32.0,205.8,ADAPTIVE,15.215699166699999,6.419
2020-08-29T16:25:24+00:00,31.3,32.0,205.7,ADAPTIVE,15.222674999999999,6.439
2020-08-29T16:25:28+00:00,31.2,32.0,205.8,ADAPTIVE,15.229678055599999,6.404999999999999
2020-08-29T16:25:32+00:00,31.4,32.0,205.6,ADAPTIVE,15.236654999999999,6.460999999999999
2020-08-29T16:25:36+00:00,31.4,32.0,205.5,ADAPTIVE,15.243667777799999,6.468
2020-08-29T16:25:40+00:00,31.4,32.0,205.8,ADAPTIVE,15.2506475,6.46
2020-08-29T16:25:44+00:00,31.3,32.0,205.4,ADAPTIVE,15.2576522222,6.4479999999999995
2020-08-29T16:25:47+00:00,31.3,32.0,205.7,ADAPTIVE,15.26464,6.444
2020-08-29T16:25:51+00:00,31.4,32.0,205.5,ADAPTIVE,15.2716413889,6.462
2020-08-29T16:25:55+00:00,31.3,32.0,205.6,ADAPTIVE,15.2786163889,6.4479999999999995
2020-08-29T16:25:59+00:00,31.3,32.0,205.4,ADAPTIVE,15.285631944399999,6.447
2020-08-29T16:26:03+00:00,31.2,32.0,205.5,ADAPTIVE,15.2926155556,6.4239999999999995
2020-08-29T16:26:07+00:00,31.3,32.0,205.7,ADAPTIVE,15.2996255556,6.446
2020-08-29T16:26:11+00:00,31.1,32.0,205.4,ADAPTIVE,15.3066044444,6.412
2020-08-29T16:26:15+00:00,31.3,32.0,205.7,ADAPTIVE,15.3136125,6.457999999999999
2020-08-29T16:26:19+00:00,31.4,32.0,205.5,ADAPTIVE,15.320635833299999,6.451
2020-08-29T16:26:23+00:00,31.1,32.0,205.7,ADAPTIVE,15.3276280556,6.420999999999999
2020-08-29T16:26:27+00:00,31.4,32.0,205.7,ADAPTIVE,15.3346008333,6.467
2020-08-29T16:26:31+00:00,31.3,32.0,205.6,ADAPTIVE,15.3416055556,6.449
2020-08-29T16:26:35+00:00,31.3,32.0,205.8,ADAPTIVE,15.3485816667,6.449
2020-08-29T16:26:39+00:00,31.3,32.0,205.7,ADAPTIVE,15.3555883333,6.449
2020-08-29T16:26:43+00:00,31.2,32.0,205.4,ADAPTIVE,15.36257,6.4319999999999995
2020-08-29T16:26:47+00:00,31.3,32.0,205.6,ADAPTIVE,15.369581111099999,6.465
2020-08-29T16:26:51+00:00,31.3,32.0,205.8,ADAPTIVE,15.376589999999998,6.446
2020-08-29T16:26:55+00:00,31.2,32.0,205.9,ADAPTIVE,15.3835655556,6.427
2020-08-29T16:26:58+00:00,31.4,32.0,205.7,ADAPTIVE,15.3905788889,6.452999999999999
2020-08-29T16:27:02+00:00,31.1,32.0,205.8,ADAPTIVE,15.3975758333,6.403
2020-08-29T16:27:06+00:00,31.3,32.0,205.5,ADAPTIVE,15.404596111099998,6.438
2020-08-29T16:27:10+00:00,31.3,32.0,205.6,ADAPTIVE,15.4115747222,6.462
2020-08-29T16:27:14+00:00,31.2,32.0,205.6,ADAPTIVE,15.418580277799999,6.422
2020-08-29T16:27:18+00:00,31.3,32.0,205.9,ADAPTIVE,15.42553,6.452999999999999
2020-08-29T16:27:22+00:00,31.3,32.0,205.7,ADAPTIVE,15.4325444444,6.436999999999999
2020-08-29T16:27:26+00:00,31.4,32.0,205.8,ADAPTIVE,15.4395297222,6.478
2020-08-29T16:27:30+00:00,31.3,32.0,205.4,ADAPTIVE,15.4465455556,6.449999999999999
2020-08-29T16:27:34+00:00,31.2,32.0,205.7,ADAPTIVE,15.4535272222,6.428999999999999
2020-08-29T16:27:38+00:00,31.2,32.0,205.9,ADAPTIVE,15.4605372222,6.443
2020-08-29T16:27:42+00:00,31.3,32.0,205.8,ADAPTIVE,15.4675180556,6.460999999999999
2020-08-29T16:27:46+00:00,31.4,32.0,205.7,ADAPTIVE,15.4745422222,6.46
2020-08-29T16:27:50+00:00,31.3,32.0,205.7,ADAPTIVE,15.481546944399998,6.4639999999999995
2020-08-29T16:27:54+00:00,31.1,32.0,205.7,ADAPTIVE,15.488574999999999,6.4079999999999995
2020-08-29T16:27:58+00:00,31.3,32.0,205.6,ADAPTIVE,15.495556666699999,6.457999999999999
2020-08-29T16:28:01+00:00,31.2,32.0,205.9,ADAPTIVE,15.502561944399998,6.443
2020-08-29T16:28:05+00:00,31.2,32.0,205.9,ADAPTIVE,15.509538611099998,6.425999999999999
2020-08-29T16:28:09+00:00,31.2,32.0,205.5,ADAPTIVE,15.516549444399999,6.436999999999999
2020-08-29T16:28:13+00:00,31.3,32.0,205.8,ADAPTIVE,15.5235330556,6.452
2020-08-29T16:28:17+00:00,31.4,32.0,206.0,ADAPTIVE,15.5305419444,6.46
2020-08-29T16:28:21+00:00,31.3,32.0,205.6,ADAPTIVE,15.5375288889,6.443
2020-08-29T16:28:25+00:00,31.3,32.0,205.6,ADAPTIVE,15.5445605556,6.457999999999999
2020-08-29T16:28:29+00:00,31.1,32.0,205.7,ADAPTIVE,15.5515391667,6.412999999999999
2020-08-29T16:28:33+00:00,31.2,32.0,205.6,ADAPTIVE,15.558545277799999,6.433
2020-08-29T16:28:37+00:00,31.2,32.0,205.7,ADAPTIVE,15.5655263889,6.4319999999999995
2020-08-29T16:28:41+00:00,31.2,32.0,205.6,ADAPTIVE,15.5725363889,6.425999999999999
2020-08-29T16:28:45+00:00,31.4,32.0,205.5,ADAPTIVE,15.5795197222,6.455
2020-08-29T16:28:49+00:00,31.2,32.0,205.3,ADAPTIVE,15.5865352778,6.438
2020-08-29T16:28:53+00:00,31.2,32.0,205.6,ADAPTIVE,15.5935383333,6.428
2020-08-29T16:28:57+00:00,31.0,32.0,205.3,ADAPTIVE,15.600515,6.398
2020-08-29T16:29:01+00:00,31.2,32.0,205.5,ADAPTIVE,15.607525277799999,6.419
2020-08-29T16:29:05+00:00,31.1,32.0,205.6,ADAPTIVE,15.6145033333,6.419
2020-08-29T16:29:08+00:00,31.0,32.0,205.5,ADAPTIVE,15.621511111099998,6.4079999999999995
2020-08-29T16:29:12+00:00,31.2,32.0,205.7,ADAPTIVE,15.628486111099999,6.420999999999999
2020-08-29T16:29:16+00:00,31.4,32.0,206.1,ADAPTIVE,15.6354975,6.468
2020-08-29T16:29:20+00:00,31.3,32.0,205.8,ADAPTIVE,15.6424897222,6.449
2020-08-29T16:29:24+00:00,31.3,32.0,205.5,ADAPTIVE,15.6494905556,6.4319999999999995
2020-08-29T16:29:28+00:00,31.3,32.0,205.6,ADAPTIVE,15.656461111099999,6.449999999999999
2020-08-29T16:29:32+00:00,31.3,32.0,205.6,ADAPTIVE,15.6634672222,6.452999999999999
2020-08-29T16:29:36+00:00,31.3,32.0,205.7,ADAPTIVE,15.670449444399999,6.4479999999999995
2020-08-29T16:29:40+00:00,31.3,32.0,205.4,ADAPTIVE,15.6774655556,6.427
2020-08-29T16:29:44+00:00,31.2,32.0,205.7,ADAPTIVE,15.684448611099999,6.4319999999999995
2020-08-29T16:29:48+00:00,31.2,32.0,205.7,ADAPTIVE,15.6914686111,6.4239999999999995
2020-08-29T16:29:52+00:00,31.4,32.0,205.3,ADAPTIVE,15.6984497222,6.467
2020-08-29T16:29:56+00:00,31.3,32.0,205.7,ADAPTIVE,15.705466111099998,6.451
2020-08-29T16:30:00+00:00,31.3,32.0,204.8,ADAPTIVE,15.712436111099999,6.428999999999999
2020-08-29T16:30:04+00:00,31.3,32.0,205.3,ADAPTIVE,15.7194380556,6.43
2020-08-29T16:30:08+00:00,31.3,32.0,205.4,ADAPTIVE,15.7264152778,6.428999999999999
2020-08-29T16:30:12+00:00,31.2,32.0,205.4,ADAPTIVE,15.733421944399998,6.420999999999999
2020-08-29T16:30:15+00:00,31.1,32.0,205.4,ADAPTIVE,15.740402777799998,6.409
2020-08-29T16:30:19+00:00,31.4,32.0,205.5,ADAPTIVE,15.747384444399998,6.4559999999999995
2020-08-29T16:30:23+00:00,31.4,32.0,205.1,ADAPTIVE,15.754394444399999,6.452999999999999
2020-08-29T16:30:27+00:00,31.2,32.0,205.5,ADAPTIVE,15.7613772222,6.422
2020-08-29T16:30:31+00:00,31.2,32.0,205.4,ADAPTIVE,15.768384444399999,6.4319999999999995
2020-08-29T16:30:35+00:00,31.1,32.0,205.6,ADAPTIVE,15.77536,6.411
2020-08-29T16:30:39+00:00,31.1,32.0,205.4,ADAPTIVE,15.7823613889,6.401
2020-08-29T16:30:43+00:00,31.3,32.0,205.7,ADAPTIVE,15.7893383333,6.431
2020-08-29T16:30:47+00:00,31.2,32.0,205.5,ADAPTIVE,15.7963519444,6.4159999999999995
2020-08-29T16:30:51+00:00,31.3,32.0,205.6,ADAPTIVE,15.803321944399999,6.4479999999999995
2020-08-29T16:30:55+00:00,31.2,32.0,205.6,ADAPTIVE,15.810324999999999,6.425
2020-08-29T16:30:59+00:00,31.3,32.0,205.1,ADAPTIVE,15.8173,6.463
2020-08-29T16:31:03+00:00,31.3,32.0,205.2,ADAPTIVE,15.824309444399999,6.457
2020-08-29T16:31:07+00:00,31.3,32.0,205.0,ADAPTIVE,15.831286111099999,6.431
2020-08-29T16:31:11+00:00,31.1,32.0,206.3,ADAPTIVE,15.838299166699999,6.439
2020-08-29T16:31:15+00:00,31.3,32.0,206.7,ADAPTIVE,15.8453188889,6.487
2020-08-29T16:31:19+00:00,31.4,32.0,206.8,ADAPTIVE,15.8523922222,6.505999999999999
2020-08-29T16:31:22+00:00,31.3,32.0,206.5,ADAPTIVE,15.859433611099998,6.481
2020-08-29T16:31:26+00:00,31.3,32.0,206.6,ADAPTIVE,15.8665025,6.484
2020-08-29T16:31:30+00:00,31.4,32.0,206.7,ADAPTIVE,15.873536111099998,6.4959999999999996
2020-08-29T16:31:34+00:00,31.3,32.0,206.8,ADAPTIVE,15.8805991667,6.481
2020-08-29T16:31:38+00:00,31.1,32.0,206.7,ADAPTIVE,15.8876197222,6.443
2020-08-29T16:31:42+00:00,31.1,32.0,206.7,ADAPTIVE,15.8946291667,6.433999999999999
2020-08-29T16:31:46+00:00,31.1,32.0,206.5,ADAPTIVE,15.90161,6.451
2020-08-29T16:31:50+00:00,31.2,32.0,206.6,ADAPTIVE,15.9086233333,6.455
2020-08-29T16:31:54+00:00,31.4,32.0,206.3,ADAPTIVE,15.915669999999999,6.491
2020-08-29T16:31:58+00:00,31.4,32.0,206.8,ADAPTIVE,15.9227083333,6.507
2020-08-29T16:32:02+00:00,31.2,32.0,206.5,ADAPTIVE,15.929746111099998,6.465
2020-08-29T16:32:06+00:00,31.3,32.0,206.7,ADAPTIVE,15.936811111099999,6.481
2020-08-29T16:32:10+00:00,31.4,32.0,206.7,ADAPTIVE,15.943848611099998,6.494
2020-08-29T16:32:14+00:00,31.3,32.0,206.7,ADAPTIVE,15.9509163889,6.476
2020-08-29T16:32:18+00:00,31.3,32.0,206.6,ADAPTIVE,15.957955,6.486
2020-08-29T16:32:22+00:00,31.3,32.0,206.6,ADAPTIVE,15.965022777799998,6.476999999999999
2020-08-29T16:32:25+00:00,31.3,32.0,206.8,ADAPTIVE,15.9720663889,6.473999999999999
2020-08-29T16:32:29+00:00,31.3,32.0,206.5,ADAPTIVE,15.9791347222,6.489
2020-08-29T16:32:33+00:00,31.4,32.0,206.9,ADAPTIVE,15.9861791667,6.5009999999999994
2020-08-29T16:32:37+00:00,31.3,32.0,206.7,ADAPTIVE,15.9932488889,6.484
2020-08-29T16:32:41+00:00,31.3,32.0,206.6,ADAPTIVE,16.0002888889,6.489999999999999
2020-08-29T16:32:45+00:00,31.3,32.0,206.6,ADAPTIVE,16.00736,6.481
2020-08-29T16:32:49+00:00,31.4,32.0,206.7,ADAPTIVE,16.0144025,6.5009999999999994
2020-08-29T16:32:53+00:00,31.3,32.0,206.2,ADAPTIVE,16.021436666699998,6.478
2020-08-29T16:32:57+00:00,31.3,32.0,206.5,ADAPTIVE,16.0285058333,6.4959999999999996
2020-08-29T16:33:01+00:00,31.3,32.0,206.4,ADAPTIVE,16.0355413889,6.481
2020-08-29T16:33:05+00:00,31.4,32.0,206.7,ADAPTIVE,16.0426072222,6.502
2020-08-29T16:33:09+00:00,31.3,32.0,206.6,ADAPTIVE,16.0496430556,6.473
2020-08-29T16:33:13+00:00,31.3,32.0,206.6,ADAPTIVE,16.0566938889,6.494
2020-08-29T16:33:17+00:00,31.0,32.0,206.6,ADAPTIVE,16.0636747222,6.412999999999999
2020-08-29T16:33:21+00:00,31.0,32.0,206.3,ADAPTIVE,16.07069,6.43
2020-08-29T16:33:25+00:00,31.2,32.0,206.5,ADAPTIVE,16.0777072222,6.457
2020-08-29T16:33:29+00:00,31.0,32.0,206.5,ADAPTIVE,16.0846902778,6.409
2020-08-29T16:33:33+00:00,31.3,32.0,206.3,ADAPTIVE,16.0916913889,6.475
2020-08-29T16:33:36+00:00,31.3,32.0,206.5,ADAPTIVE,16.098756944399998,6.479
2020-08-29T16:33:40+00:00,31.4,32.0,206.3,ADAPTIVE,16.1057911111,6.4959999999999996
2020-08-29T16:33:44+00:00,31.3,32.0,206.1,ADAPTIVE,16.1128516667,6.467
2020-08-29T16:33:48+00:00,31.3,32.0,206.4,ADAPTIVE,16.1198825,6.481
2020-08-29T16:33:52+00:00,31.4,32.0,206.2,ADAPTIVE,16.126947777799998,6.494
2020-08-29T16:33:56+00:00,31.3,32.0,206.5,ADAPTIVE,16.133986111099997,6.475
2020-08-29T16:34:00+00:00,31.3,32.0,206.2,ADAPTIVE,16.1410552778,6.484
2020-08-29T16:34:04+00:00,31.1,32.0,206.7,ADAPTIVE,16.1480775,6.444999999999999
2020-08-29T16:34:08+00:00,31.2,32.0,206.5,ADAPTIVE,16.155095,6.465999999999999
2020-08-29T16:34:12+00:00,31.0,32.0,206.6,ADAPTIVE,16.162081944399997,6.411
2020-08-29T16:34:16+00:00,31.2,32.0,206.6,ADAPTIVE,16.1690708333,6.471
2020-08-29T16:34:20+00:00,31.2,32.0,206.6,ADAPTIVE,16.1760913889,6.47
2020-08-29T16:34:24+00:00,31.1,32.0,206.6,ADAPTIVE,16.1830772222,6.4479999999999995
2020-08-29T16:34:28+00:00,31.1,32.0,206.8,ADAPTIVE,16.1900908333,6.438
2020-08-29T16:34:32+00:00,31.4,32.0,206.3,ADAPTIVE,16.197104444399997,6.499
2020-08-29T16:34:36+00:00,31.3,32.0,206.6,ADAPTIVE,16.204175,6.476
2020-08-29T16:34:39+00:00,31.3,32.0,206.6,ADAPTIVE,16.2112127778,6.481
2020-08-29T16:34:43+00:00,31.4,32.0,206.2,ADAPTIVE,16.2182788889,6.489999999999999
2020-08-29T16:34:47+00:00,31.4,32.0,206.4,ADAPTIVE,16.2253172222,6.4879999999999995
2020-08-29T16:34:51+00:00,31.3,32.0,206.4,ADAPTIVE,16.232384444399997,6.497
2020-08-29T16:34:55+00:00,31.4,32.0,206.8,ADAPTIVE,16.2394211111,6.4959999999999996
2020-08-29T16:34:59+00:00,31.3,32.0,206.8,ADAPTIVE,16.2464875,6.497
2020-08-29T16:35:03+00:00,31.4,32.0,206.4,ADAPTIVE,16.2535241667,6.494
2020-08-29T16:35:07+00:00,31.3,32.0,206.7,ADAPTIVE,16.260591666699998,6.473
2020-08-29T16:35:11+00:00,31.4,32.0,206.5,ADAPTIVE,16.267619166699998,6.484999999999999
2020-08-29T16:35:15+00:00,31.1,32.0,206.9,ADAPTIVE,16.2746419444,6.444
2020-08-29T16:35:19+00:00,31.2,32.0,206.5,ADAPTIVE,16.2816252778,6.465999999999999
2020-08-29T16:35:23+00:00,31.1,32.0,206.6,ADAPTIVE,16.2886402778,6.451
2020-08-29T16:35:27+00:00,31.1,32.0,206.2,ADAPTIVE,16.2956222222,6.444
2020-08-29T16:35:31+00:00,31.0,32.0,206.7,ADAPTIVE,16.3026383333,6.427
2020-08-29T16:35:35+00:00,31.1,32.0,206.5,ADAPTIVE,16.309626944399998,6.428999999999999
2020-08-29T16:35:39+00:00,31.0,32.0,206.6,ADAPTIVE,16.316641944399997,6.42
2020-08-29T16:35:43+00:00,31.1,32.0,206.7,ADAPTIVE,16.3236288889,6.444999999999999
2020-08-29T16:35:46+00:00,31.1,32.0,206.8,ADAPTIVE,16.330643611099998,6.444
2020-08-29T16:35:50+00:00,31.2,32.0,206.3,ADAPTIVE,16.337645,6.4639999999999995
2020-08-29T16:35:54+00:00,31.2,32.0,206.8,ADAPTIVE,16.3446872222,6.446
2020-08-29T16:35:58+00:00,31.4,32.0,206.6,ADAPTIVE,16.351711666699998,6.499
2020-08-29T16:36:02+00:00,31.4,32.0,206.8,ADAPTIVE,16.3587527778,6.489999999999999
2020-08-29T16:36:06+00:00,31.4,32.0,206.6,ADAPTIVE,16.365823611099998,6.502
2020-08-29T16:36:10+00:00,31.3,32.0,206.4,ADAPTIVE,16.3728630556,6.4719999999999995
2020-08-29T16:36:14+00:00,31.3,32.0,206.3,ADAPTIVE,16.3799288889,6.481
2020-08-29T16:36:18+00:00,31.4,32.0,206.6,ADAPTIVE,16.386966944399997,6.5009999999999994
2020-08-29T16:36:22+00:00,31.4,32.0,206.4,ADAPTIVE,16.394035,6.491
2020-08-29T16:36:26+00:00,31.3,32.0,206.6,ADAPTIVE,16.401078611099997,6.487
2020-08-29T16:36:30+00:00,31.1,32.0,206.6,ADAPTIVE,16.408062777799998,6.439
2020-08-29T16:36:34+00:00,31.3,32.0,206.3,ADAPTIVE,16.4150797222,6.476999999999999
2020-08-29T16:36:38+00:00,31.1,32.0,206.4,ADAPTIVE,16.4220675,6.4399999999999995
2020-08-29T16:36:42+00:00,31.3,32.0,206.4,ADAPTIVE,16.4290536111,6.486
2020-08-29T16:36:46+00:00,31.3,32.0,206.4,ADAPTIVE,16.4360841667,6.475
2020-08-29T16:36:50+00:00,31.4,32.0,206.6,ADAPTIVE,16.4431488889,6.489
2020-08-29T16:36:53+00:00,31.3,32.0,206.8,ADAPTIVE,16.450181111099997,6.483
2020-08-29T16:36:57+00:00,31.4,32.0,206.4,ADAPTIVE,16.457245,6.489999999999999
2020-08-29T16:37:01+00:00,31.3,32.0,206.5,ADAPTIVE,16.4642766667,6.481999999999999
2020-08-29T16:37:05+00:00,31.3,32.0,206.3,ADAPTIVE,16.4713363889,6.489
2020-08-29T16:37:09+00:00,31.3,32.0,206.7,ADAPTIVE,16.4783741667,6.4879999999999995
2020-08-29T16:37:13+00:00,31.3,32.0,206.3,ADAPTIVE,16.4854097222,6.471
2020-08-29T16:37:17+00:00,31.4,32.0,206.3,ADAPTIVE,16.4924758333,6.505999999999999
2020-08-29T16:37:21+00:00,31.3,32.0,206.4,ADAPTIVE,16.4995072222,6.476
2020-08-29T16:37:25+00:00,31.3,32.0,206.5,ADAPTIVE,16.5065672222,6.484
2020-08-29T16:37:29+00:00,31.4,32.0,206.3,ADAPTIVE,16.5136033333,6.5
2020-08-29T16:37:33+00:00,31.4,32.0,206.5,ADAPTIVE,16.5206666667,6.497
2020-08-29T16:37:37+00:00,31.4,32.0,206.4,ADAPTIVE,16.5277038889,6.489
2020-08-29T16:37:41+00:00,31.4,32.0,206.7,ADAPTIVE,16.5347733333,6.499
2020-08-29T16:37:45+00:00,31.3,32.0,206.5,ADAPTIVE,16.541815,6.481
2020-08-29T16:37:49+00:00,31.3,32.0,206.5,ADAPTIVE,16.5488558333,6.483
2020-08-29T16:37:53+00:00,31.3,32.0,206.3,ADAPTIVE,16.5559266667,6.481999999999999
2020-08-29T16:37:57+00:00,31.1,32.0,206.6,ADAPTIVE,16.5629444444,6.436999999999999
2020-08-29T16:38:00+00:00,31.1,32.0,206.5,ADAPTIVE,16.5699638889,6.444999999999999
2020-08-29T16:38:04+00:00,31.0,32.0,206.6,ADAPTIVE,16.5769538889,6.433
2020-08-29T16:38:08+00:00,31.1,32.0,206.6,ADAPTIVE,16.583975277799997,6.431
2020-08-29T16:38:12+00:00,31.1,32.0,206.8,ADAPTIVE,16.5909533333,6.433
2020-08-29T16:38:16+00:00,31.2,32.0,206.5,ADAPTIVE,16.597939999999998,6.457999999999999
2020-08-29T16:38:20+00:00,31.1,32.0,206.6,ADAPTIVE,16.6049586111,6.441999999999999
2020-08-29T16:38:24+00:00,31.2,32.0,206.3,ADAPTIVE,16.6119455556,6.46
2020-08-29T16:38:28+00:00,31.3,32.0,206.5,ADAPTIVE,16.6189855556,6.4799999999999995
2020-08-29T16:38:32+00:00,31.4,32.0,206.6,ADAPTIVE,16.6260269444,6.489999999999999
2020-08-29T16:38:36+00:00,31.4,32.0,206.7,ADAPTIVE,16.6330938889,6.491
2020-08-29T16:38:40+00:00,31.3,32.0,206.5,ADAPTIVE,16.6401347222,6.481999999999999
2020-08-29T16:38:44+00:00,31.4,32.0,206.3,ADAPTIVE,16.6472036111,6.503
2020-08-29T16:38:48+00:00,31.3,32.0,206.4,ADAPTIVE,16.654242777799997,6.492
2020-08-29T16:38:52+00:00,31.3,32.0,206.6,ADAPTIVE,16.6613127778,6.489
2020-08-29T16:38:56+00:00,31.3,32.0,206.7,ADAPTIVE,16.6683502778,6.481999999999999
2020-08-29T16:39:00+00:00,31.3,32.0,206.7,ADAPTIVE,16.6754177778,6.483
2020-08-29T16:39:04+00:00,31.4,32.0,206.6,ADAPTIVE,16.6824558333,6.499
2020-08-29T16:39:07+00:00,31.4,32.0,206.5,ADAPTIVE,16.6895244444,6.5009999999999994
2020-08-29T16:39:11+00:00,31.4,32.0,206.7,ADAPTIVE,16.6965613889,6.492
2020-08-29T16:39:15+00:00,31.4,32.0,206.7,ADAPTIVE,16.703631666699998,6.481999999999999
2020-08-29T16:39:19+00:00,31.3,32.0,206.8,ADAPTIVE,16.7106738889,6.486
2020-08-29T16:39:23+00:00,31.2,32.0,206.8,ADAPTIVE,16.717711944399998,6.4639999999999995
2020-08-29T16:39:27+00:00,31.1,32.0,206.7,ADAPTIVE,16.7246983333,6.452999999999999
2020-08-29T16:39:31+00:00,31.2,32.0,206.6,ADAPTIVE,16.731714166699998,6.449
2020-08-29T16:39:35+00:00,31.4,32.0,206.7,ADAPTIVE,16.7387108333,6.4959999999999996
2020-08-29T16:39:39+00:00,31.3,32.0,206.9,ADAPTIVE,16.745779722199998,6.489999999999999
2020-08-29T16:39:43+00:00,31.3,32.0,206.9,ADAPTIVE,16.7528263889,6.484999999999999
2020-08-29T16:39:47+00:00,31.3,32.0,206.8,ADAPTIVE,16.7598994444,6.497
2020-08-29T16:39:51+00:00,31.3,32.0,206.6,ADAPTIVE,16.766939999999998,6.492999999999999
2020-08-29T16:39:55+00:00,31.3,32.0,206.7,ADAPTIVE,16.774009444399997,6.486
2020-08-29T16:39:59+00:00,31.4,32.0,206.7,ADAPTIVE,16.7810494444,6.497999999999999
2020-08-29T16:40:03+00:00,31.4,32.0,206.6,ADAPTIVE,16.7881208333,6.5009999999999994
2020-08-29T16:40:07+00:00,31.4,32.0,206.6,ADAPTIVE,16.795161111099997,6.4879999999999995
2020-08-29T16:40:10+00:00,31.3,32.0,206.5,ADAPTIVE,16.802230555599998,6.481999999999999
2020-08-29T16:40:14+00:00,31.4,32.0,206.3,ADAPTIVE,16.8092744444,6.495
2020-08-29T16:40:18+00:00,31.4,32.0,206.3,ADAPTIVE,16.816342499999998,6.5009999999999994
2020-08-29T16:40:22+00:00,31.4,32.0,206.7,ADAPTIVE,16.8233852778,6.491
2020-08-29T16:40:26+00:00,31.3,32.0,206.5,ADAPTIVE,16.830452222199998,6.487
2020-08-29T16:40:30+00:00,31.2,32.0,206.7,ADAPTIVE,16.8374458333,6.454
2020-08-29T16:40:34+00:00,31.2,32.0,206.8,ADAPTIVE,16.8444586111,6.457
2020-08-29T16:40:38+00:00,31.1,32.0,206.6,ADAPTIVE,16.8514422222,6.452999999999999
2020-08-29T16:40:42+00:00,31.1,32.0,206.3,ADAPTIVE,16.8584597222,6.418
2020-08-29T16:40:46+00:00,31.0,32.0,206.0,ADAPTIVE,16.865443611099998,6.427
2020-08-29T16:40:50+00:00,31.4,32.0,206.5,ADAPTIVE,16.8724947222,6.5
2020-08-29T16:40:54+00:00,31.3,32.0,206.2,ADAPTIVE,16.8795330556,6.487
2020-08-29T16:40:58+00:00,31.4,32.0,206.5,ADAPTIVE,16.8865991667,6.487
2020-08-29T16:41:02+00:00,31.3,32.0,206.5,ADAPTIVE,16.893635,6.484
2020-08-29T16:41:06+00:00,31.3,32.0,206.5,ADAPTIVE,16.9007013889,6.465999999999999
2020-08-29T16:41:10+00:00,31.4,32.0,206.8,ADAPTIVE,16.907738611099997,6.51
2020-08-29T16:41:14+00:00,31.3,32.0,206.6,ADAPTIVE,16.9148086111,6.484
2020-08-29T16:41:18+00:00,31.3,32.0,206.6,ADAPTIVE,16.921848055599998,6.489999999999999
2020-08-29T16:41:21+00:00,31.4,32.0,206.4,ADAPTIVE,16.9288841667,6.492999999999999
2020-08-29T16:41:25+00:00,31.3,32.0,206.4,ADAPTIVE,16.935928333299998,6.473999999999999
2020-08-29T16:41:29+00:00,31.2,32.0,206.7,ADAPTIVE,16.942913333299998,6.462
2020-08-29T16:41:33+00:00,31.2,32.0,206.8,ADAPTIVE,16.949928333299997,6.460999999999999
2020-08-29T16:41:37+00:00,31.3,32.0,206.3,ADAPTIVE,16.9569488889,6.486
2020-08-29T16:41:41+00:00,31.4,32.0,206.4,ADAPTIVE,16.9639891667,6.503
2020-08-29T16:41:45+00:00,31.4,32.0,206.7,ADAPTIVE,16.9710591667,6.4959999999999996
2020-08-29T16:41:49+00:00,31.3,32.0,206.7,ADAPTIVE,16.9780994444,6.4959999999999996
2020-08-29T16:41:53+00:00,31.0,32.0,206.5,ADAPTIVE,16.9851469444,6.420999999999999
2020-08-29T16:41:57+00:00,31.1,32.0,206.6,ADAPTIVE,16.9921308333,6.454
2020-08-29T16:42:01+00:00,31.3,32.0,206.5,ADAPTIVE,16.9991575,6.476
2020-08-29T16:42:05+00:00,31.3,32.0,206.5,ADAPTIVE,17.0061952778,6.4879999999999995
2020-08-29T16:42:09+00:00,31.4,32.0,206.4,ADAPTIVE,17.0132591667,6.499
2020-08-29T16:42:13+00:00,31.4,32.0,206.4,ADAPTIVE,17.0202963889,6.492
2020-08-29T16:42:17+00:00,31.2,32.0,206.5,ADAPTIVE,17.027323333299996,6.455
2020-08-29T16:42:21+00:00,31.2,32.0,206.7,ADAPTIVE,17.0343419444,6.468
2020-08-29T16:42:24+00:00,31.1,32.0,206.4,ADAPTIVE,17.0413316667,6.4559999999999995
2020-08-29T16:42:28+00:00,31.3,32.0,206.3,ADAPTIVE,17.048369722199997,6.489999999999999
2020-08-29T16:42:32+00:00,31.3,32.0,206.3,ADAPTIVE,17.055410833299998,6.484
2020-08-29T16:42:36+00:00,31.4,32.0,206.8,ADAPTIVE,17.0624802778,6.507
2020-08-29T16:42:40+00:00,31.4,32.0,206.8,ADAPTIVE,17.0695211111,6.51
2020-08-29T16:42:44+00:00,31.2,32.0,206.6,ADAPTIVE,17.076551944400002,6.462
2020-08-29T16:42:48+00:00,31.1,32.0,206.6,ADAPTIVE,17.0835380556,6.446
2020-08-29T16:42:52+00:00,31.3,32.0,206.3,ADAPTIVE,17.0905852778,6.484999999999999
2020-08-29T16:42:56+00:00,31.3,32.0,206.3,ADAPTIVE,17.0976208333,6.481
2020-08-29T16:43:00+00:00,31.4,32.0,206.5,ADAPTIVE,17.1046844444,6.507
2020-08-29T16:43:04+00:00,31.3,32.0,206.5,ADAPTIVE,17.1117061111,6.481
2020-08-29T16:43:08+00:00,31.2,32.0,206.6,ADAPTIVE,17.1186975,6.475
2020-08-29T16:43:12+00:00,31.2,32.0,206.3,ADAPTIVE,17.1257175,6.4559999999999995
2020-08-29T16:43:16+00:00,31.4,32.0,206.7,ADAPTIVE,17.1327511111,6.508
2020-08-29T16:43:20+00:00,31.4,32.0,206.5,ADAPTIVE,17.1398213889,6.499
2020-08-29T16:43:24+00:00,31.3,32.0,206.5,ADAPTIVE,17.146860833299996,6.4719999999999995
2020-08-29T16:43:28+00:00,31.3,32.0,206.4,ADAPTIVE,17.1539277778,6.47
2020-08-29T16:43:31+00:00,31.3,32.0,206.5,ADAPTIVE,17.160955555599998,6.489
2020-08-29T16:43:35+00:00,31.0,32.0,206.6,ADAPTIVE,17.1679713889,6.422
2020-08-29T16:43:39+00:00,31.0,32.0,206.5,ADAPTIVE,17.1749616667,6.42
2020-08-29T16:43:43+00:00,31.3,32.0,206.3,ADAPTIVE,17.1819794444,6.483
2020-08-29T16:43:47+00:00,31.4,32.0,206.5,ADAPTIVE,17.1890147222,6.481
2020-08-29T16:43:51+00:00,31.3,32.0,206.3,ADAPTIVE,17.1960744444,6.487
2020-08-29T16:43:55+00:00,31.0,32.0,206.3,ADAPTIVE,17.203138333299997,6.435
2020-08-29T16:43:59+00:00,31.0,32.0,206.5,ADAPTIVE,17.2101247222,6.427
2020-08-29T16:44:03+00:00,31.1,32.0,206.4,ADAPTIVE,17.2171483333,6.425
2020-08-29T16:44:07+00:00,31.3,32.0,206.4,ADAPTIVE,17.2241463889,6.478
2020-08-29T16:44:11+00:00,31.3,32.0,206.6,ADAPTIVE,17.231215,6.476999999999999
2020-08-29T16:44:15+00:00,31.3,32.0,206.4,ADAPTIVE,17.238252222199996,6.476999999999999
2020-08-29T16:44:19+00:00,31.4,32.0,206.5,ADAPTIVE,17.2453194444,6.497999999999999
2020-08-29T16:44:23+00:00,31.3,32.0,206.4,ADAPTIVE,17.2523561111,6.492
2020-08-29T16:44:27+00:00,31.2,32.0,206.5,ADAPTIVE,17.2593983333,6.476999999999999
2020-08-29T16:44:31+00:00,31.1,32.0,206.4,ADAPTIVE,17.2663811111,6.433
2020-08-29T16:44:35+00:00,31.2,32.0,206.2,ADAPTIVE,17.273396666700002,6.4479999999999995
2020-08-29T16:44:38+00:00,31.1,32.0,206.5,ADAPTIVE,17.2803875,6.431
2020-08-29T16:44:42+00:00,31.2,32.0,206.4,ADAPTIVE,17.2874063889,6.452
2020-08-29T16:44:46+00:00,31.0,32.0,206.6,ADAPTIVE,17.2943961111,6.423
2020-08-29T16:44:50+00:00,31.4,32.0,206.4,ADAPTIVE,17.3014380556,6.505999999999999
2020-08-29T16:44:54+00:00,31.4,32.0,206.2,ADAPTIVE,17.3084744444,6.483
2020-08-29T16:44:58+00:00,31.3,32.0,206.5,ADAPTIVE,17.315537499999998,6.476
2020-08-29T16:45:02+00:00,31.3,32.0,206.2,ADAPTIVE,17.322569722199997,6.479
2020-08-29T16:45:06+00:00,31.3,32.0,206.3,ADAPTIVE,17.3296269444,6.473
2020-08-29T16:45:10+00:00,31.3,32.0,206.4,ADAPTIVE,17.3366627778,6.468999999999999
2020-08-29T16:45:14+00:00,31.3,32.0,206.1,ADAPTIVE,17.343724722199998,6.483
2020-08-29T16:45:18+00:00,31.3,32.0,206.3,ADAPTIVE,17.3507566667,6.4719999999999995
2020-08-29T16:45:22+00:00,31.4,32.0,206.0,ADAPTIVE,17.3577816667,6.484
2020-08-29T16:45:26+00:00,31.3,32.0,206.4,ADAPTIVE,17.364843333299998,6.484
2020-08-29T16:45:30+00:00,31.3,32.0,206.6,ADAPTIVE,17.371874722199998,6.481999999999999
2020-08-29T16:45:34+00:00,31.3,32.0,206.3,ADAPTIVE,17.3789338889,6.476
2020-08-29T16:45:38+00:00,31.3,32.0,206.3,ADAPTIVE,17.385962222199996,6.476
2020-08-29T16:45:42+00:00,31.3,32.0,206.3,ADAPTIVE,17.3930222222,6.475
2020-08-29T16:45:45+00:00,31.3,32.0,206.0,ADAPTIVE,17.400055833299998,6.471
2020-08-29T16:45:49+00:00,31.3,32.0,206.4,ADAPTIVE,17.4071113889,6.481999999999999
2020-08-29T16:45:53+00:00,31.4,32.0,206.1,ADAPTIVE,17.414134722199996,6.489999999999999
2020-08-29T16:45:57+00:00,31.4,32.0,206.2,ADAPTIVE,17.4211886111,6.4959999999999996
2020-08-29T16:46:01+00:00,31.4,32.0,206.3,ADAPTIVE,17.428193333299998,6.492999999999999
2020-08-29T16:46:05+00:00,31.5,32.0,206.0,ADAPTIVE,17.4352525,6.503
2020-08-29T16:46:09+00:00,31.4,32.0,206.4,ADAPTIVE,17.4422880556,6.497
2020-08-29T16:46:13+00:00,31.3,32.0,206.3,ADAPTIVE,17.4493508333,6.473
2020-08-29T16:46:17+00:00,31.4,32.0,206.3,ADAPTIVE,17.4563844444,6.489999999999999
2020-08-29T16:46:21+00:00,31.3,32.0,206.3,ADAPTIVE,17.463416666700002,6.468
2020-08-29T16:46:25+00:00,31.3,32.0,206.2,ADAPTIVE,17.47048,6.481
2020-08-29T16:46:29+00:00,31.3,32.0,206.3,ADAPTIVE,17.477512222199998,6.484999999999999
2020-08-29T16:46:33+00:00,31.4,32.0,206.3,ADAPTIVE,17.4845755556,6.481
2020-08-29T16:46:37+00:00,31.2,32.0,206.6,ADAPTIVE,17.4915763889,6.452999999999999
2020-08-29T16:46:41+00:00,31.2,32.0,206.4,ADAPTIVE,17.498590833299996,6.452999999999999
2020-08-29T16:46:45+00:00,31.2,32.0,206.2,ADAPTIVE,17.505580833299998,6.455
2020-08-29T16:46:48+00:00,31.2,32.0,206.3,ADAPTIVE,17.5126025,6.452999999999999
2020-08-29T16:46:52+00:00,31.0,32.0,206.3,ADAPTIVE,17.519594722199997,6.417
2020-08-29T16:46:56+00:00,31.2,32.0,206.3,ADAPTIVE,17.5266152778,6.451
2020-08-29T16:47:00+00:00,31.0,32.0,206.4,ADAPTIVE,17.5336083333,6.414
2020-08-29T16:47:04+00:00,31.3,32.0,206.4,ADAPTIVE,17.5406416667,6.471
2020-08-29T16:47:08+00:00,31.3,32.0,206.4,ADAPTIVE,17.547668611099997,6.473999999999999
2020-08-29T16:47:12+00:00,31.3,32.0,206.3,ADAPTIVE,17.5547302778,6.471
2020-08-29T16:47:16+00:00,31.3,32.0,206.1,ADAPTIVE,17.561763333299997,6.460999999999999
2020-08-29T16:47:20+00:00,31.4,32.0,206.1,ADAPTIVE,17.5688188889,6.487
2020-08-29T16:47:24+00:00,31.4,32.0,206.4,ADAPTIVE,17.5758391667,6.481
2020-08-29T16:47:28+00:00,31.3,32.0,206.2,ADAPTIVE,17.5828805556,6.468
2020-08-29T16:47:32+00:00,31.3,32.0,206.3,ADAPTIVE,17.589895833299998,6.459
2020-08-29T16:47:36+00:00,31.3,32.0,206.3,ADAPTIVE,17.596954999999998,6.473
2020-08-29T16:47:40+00:00,31.3,32.0,206.2,ADAPTIVE,17.6039813889,6.465999999999999
2020-08-29T16:47:44+00:00,31.3,32.0,206.3,ADAPTIVE,17.6110052778,6.47
2020-08-29T16:47:48+00:00,31.3,32.0,206.4,ADAPTIVE,17.6180619444,6.473999999999999
2020-08-29T16:47:52+00:00,31.4,32.0,206.3,ADAPTIVE,17.6250858333,6.484
2020-08-29T16:47:56+00:00,31.5,32.0,206.1,ADAPTIVE,17.632145555599998,6.512
2020-08-29T16:47:59+00:00,31.4,32.0,206.5,ADAPTIVE,17.639179722199998,6.4879999999999995
2020-08-29T16:48:04+00:00,31.4,32.0,205.8,ADAPTIVE,17.6462405556,6.483
2020-08-29T16:48:07+00:00,31.4,32.0,206.0,ADAPTIVE,17.6532675,6.492999999999999
2020-08-29T16:48:11+00:00,31.3,32.0,206.3,ADAPTIVE,17.6603227778,6.4719999999999995
2020-08-29T16:48:15+00:00,31.3,32.0,206.5,ADAPTIVE,17.6673486111,6.467
2020-08-29T16:48:19+00:00,31.4,32.0,206.1,ADAPTIVE,17.674405555599996,6.4799999999999995
2020-08-29T16:48:23+00:00,31.2,32.0,206.2,ADAPTIVE,17.6814125,6.441999999999999
2020-08-29T16:48:27+00:00,31.1,32.0,206.1,ADAPTIVE,17.6884255556,6.427
2020-08-29T16:48:35+00:00,31.3,32.0,206.1,ADAPTIVE,17.7024325,6.462
2020-08-29T16:48:39+00:00,31.3,32.0,205.8,ADAPTIVE,17.7094255556,6.441
2020-08-29T16:48:43+00:00,31.2,32.0,205.7,ADAPTIVE,17.716447499999997,6.428
2020-08-29T16:48:47+00:00,31.3,32.0,205.8,ADAPTIVE,17.723438611099997,6.444
2020-08-29T16:48:51+00:00,31.3,32.0,205.6,ADAPTIVE,17.730430833299998,6.46
2020-08-29T16:48:55+00:00,31.2,32.0,206.0,ADAPTIVE,17.7374477778,6.438
2020-08-29T16:48:59+00:00,31.1,32.0,205.9,ADAPTIVE,17.7444341667,6.414
2020-08-29T16:49:06+00:00,31.3,32.0,206.0,ADAPTIVE,17.7584525,6.463
2020-08-29T16:49:10+00:00,31.3,32.0,205.7,ADAPTIVE,17.7654969444,6.462
2020-08-29T16:49:14+00:00,31.4,32.0,206.0,ADAPTIVE,17.7725122222,6.475
2020-08-29T16:49:18+00:00,31.4,32.0,205.9,ADAPTIVE,17.779558611099997,6.46
2020-08-29T16:49:22+00:00,31.4,32.0,205.7,ADAPTIVE,17.7865755556,6.478
2020-08-29T16:49:26+00:00,31.4,32.0,205.9,ADAPTIVE,17.7935930556,6.462
2020-08-29T16:49:30+00:00,31.4,32.0,206.0,ADAPTIVE,17.8006366667,6.475
2020-08-29T16:49:34+00:00,31.4,32.0,206.0,ADAPTIVE,17.807652222199998,6.467
2020-08-29T16:49:38+00:00,31.4,32.0,205.8,ADAPTIVE,17.8146977778,6.4719999999999995
2020-08-29T16:49:42+00:00,31.4,32.0,205.7,ADAPTIVE,17.8217152778,6.4879999999999995
2020-08-29T16:49:46+00:00,31.3,32.0,205.7,ADAPTIVE,17.828754999999997,6.446
2020-08-29T16:49:50+00:00,31.3,32.0,205.9,ADAPTIVE,17.8357652778,6.457999999999999
2020-08-29T16:49:54+00:00,31.3,32.0,205.8,ADAPTIVE,17.8428113889,6.460999999999999
2020-08-29T16:49:58+00:00,31.4,32.0,205.6,ADAPTIVE,17.8498227778,6.4719999999999995
2020-08-29T16:50:02+00:00,31.3,32.0,205.6,ADAPTIVE,17.8568625,6.4479999999999995
2020-08-29T16:50:06+00:00,31.3,32.0,205.6,ADAPTIVE,17.8638480556,6.449999999999999
2020-08-29T16:50:10+00:00,31.2,32.0,206.0,ADAPTIVE,17.870841666700002,6.439
2020-08-29T16:50:13+00:00,31.2,32.0,205.9,ADAPTIVE,17.877870555599998,6.428999999999999
2020-08-29T16:50:17+00:00,31.3,32.0,206.0,ADAPTIVE,17.8848641667,6.468
2020-08-29T16:50:21+00:00,31.3,32.0,206.1,ADAPTIVE,17.8918836111,6.465
2020-08-29T16:50:25+00:00,31.2,32.0,205.9,ADAPTIVE,17.8988730556,6.4319999999999995
2020-08-29T16:50:29+00:00,31.2,32.0,205.5,ADAPTIVE,17.9058555556,6.431
2020-08-29T16:50:33+00:00,31.3,32.0,205.7,ADAPTIVE,17.912869166700002,6.444999999999999
2020-08-29T16:50:37+00:00,31.3,32.0,205.7,ADAPTIVE,17.919851111099998,6.436999999999999
2020-08-29T16:50:41+00:00,31.4,32.0,205.8,ADAPTIVE,17.926871666700002,6.473999999999999
2020-08-29T16:50:45+00:00,31.3,32.0,205.8,ADAPTIVE,17.9338663889,6.452999999999999
2020-08-29T16:50:49+00:00,31.4,32.0,205.8,ADAPTIVE,17.9408922222,6.459
2020-08-29T16:50:53+00:00,31.2,32.0,205.8,ADAPTIVE,17.947888333299996,6.449
2020-08-29T16:50:57+00:00,31.3,32.0,205.9,ADAPTIVE,17.954915,6.452999999999999
2020-08-29T16:51:01+00:00,31.3,32.0,205.8,ADAPTIVE,17.9619091667,6.443
2020-08-29T16:51:05+00:00,31.2,32.0,205.6,ADAPTIVE,17.96893,6.4399999999999995
2020-08-29T16:51:09+00:00,31.3,32.0,205.6,ADAPTIVE,17.9759186111,6.4399999999999995
2020-08-29T16:51:13+00:00,31.3,32.0,206.1,ADAPTIVE,17.9829405556,6.452999999999999
2020-08-29T16:51:16+00:00,31.2,32.0,205.7,ADAPTIVE,17.9899227778,6.436
2020-08-29T16:51:20+00:00,31.2,32.0,205.9,ADAPTIVE,17.9969347222,6.433999999999999
2020-08-29T16:51:24+00:00,31.2,32.0,205.8,ADAPTIVE,18.0039213889,6.422
2020-08-29T16:51:28+00:00,31.2,32.0,205.9,ADAPTIVE,18.0109444444,6.438
2020-08-29T16:51:32+00:00,31.2,32.0,205.6,ADAPTIVE,18.0179377778,6.433999999999999
2020-08-29T16:51:36+00:00,31.3,32.0,205.8,ADAPTIVE,18.024960555599996,6.439
2020-08-29T16:51:40+00:00,31.2,32.0,205.8,ADAPTIVE,18.0319469444,6.439
2020-08-29T16:51:44+00:00,31.3,32.0,205.7,ADAPTIVE,18.0389397222,6.441
2020-08-29T16:51:48+00:00,31.3,32.0,205.5,ADAPTIVE,18.045962222199996,6.447
2020-08-29T16:51:52+00:00,31.3,32.0,205.8,ADAPTIVE,18.052956666700002,6.455
2020-08-29T16:51:56+00:00,31.5,32.0,205.4,ADAPTIVE,18.059982777800002,6.484999999999999
2020-08-29T16:52:00+00:00,31.2,32.0,205.8,ADAPTIVE,18.066978055599996,6.436
2020-08-29T16:52:04+00:00,31.2,32.0,205.9,ADAPTIVE,18.0740036111,6.443
2020-08-29T16:52:08+00:00,31.4,32.0,205.3,ADAPTIVE,18.0810005556,6.46
2020-08-29T16:52:12+00:00,31.2,32.0,205.6,ADAPTIVE,18.0880252778,6.4399999999999995
2020-08-29T16:52:16+00:00,31.3,32.0,206.0,ADAPTIVE,18.0950216667,6.444999999999999
2020-08-29T16:52:20+00:00,31.1,32.0,205.8,ADAPTIVE,18.1020094444,6.412
2020-08-29T16:52:23+00:00,31.2,32.0,205.8,ADAPTIVE,18.1090297222,6.420999999999999
2020-08-29T16:52:27+00:00,31.4,32.0,205.9,ADAPTIVE,18.1160261111,6.462
2020-08-29T16:52:31+00:00,31.3,32.0,205.8,ADAPTIVE,18.1230502778,6.444999999999999
2020-08-29T16:52:35+00:00,31.4,32.0,205.9,ADAPTIVE,18.1300411111,6.467
2020-08-29T16:52:39+00:00,31.4,32.0,206.0,ADAPTIVE,18.1370569444,6.460999999999999
2020-08-29T16:52:43+00:00,31.3,32.0,205.9,ADAPTIVE,18.1440538889,6.447
2020-08-29T16:52:47+00:00,31.4,32.0,205.9,ADAPTIVE,18.151099722199998,6.479
2020-08-29T16:52:51+00:00,31.3,32.0,206.0,ADAPTIVE,18.158114722199997,6.463
2020-08-29T16:52:55+00:00,31.3,32.0,205.9,ADAPTIVE,18.165160277800002,6.457
2020-08-29T16:52:59+00:00,31.4,32.0,205.8,ADAPTIVE,18.1721766667,6.476999999999999
2020-08-29T16:53:03+00:00,31.4,32.0,205.8,ADAPTIVE,18.1792041667,6.463
2020-08-29T16:53:07+00:00,31.2,32.0,205.5,ADAPTIVE,18.186189722199998,6.435
2020-08-29T16:53:11+00:00,31.2,32.0,205.9,ADAPTIVE,18.1932058333,6.436
2020-08-29T16:53:15+00:00,31.2,32.0,206.1,ADAPTIVE,18.200193333299996,6.428999999999999
2020-08-29T16:53:19+00:00,31.2,32.0,205.9,ADAPTIVE,18.207215555599998,6.438
2020-08-29T16:53:23+00:00,31.3,32.0,205.8,ADAPTIVE,18.2142086111,6.4639999999999995
2020-08-29T16:53:27+00:00,31.1,32.0,206.0,ADAPTIVE,18.221195555599998,6.412999999999999
2020-08-29T16:53:30+00:00,31.4,32.0,206.1,ADAPTIVE,18.2282288889,6.479
2020-08-29T16:53:34+00:00,31.4,32.0,205.5,ADAPTIVE,18.2352516667,6.467
2020-08-29T16:53:38+00:00,31.3,32.0,205.7,ADAPTIVE,18.2422927778,6.443
2020-08-29T16:53:42+00:00,31.4,32.0,205.6,ADAPTIVE,18.2493069444,6.467
2020-08-29T16:53:46+00:00,31.4,32.0,205.8,ADAPTIVE,18.256348333299997,6.479
2020-08-29T16:53:50+00:00,31.3,32.0,205.8,ADAPTIVE,18.263357222199996,6.452999999999999
2020-08-29T16:53:54+00:00,31.2,32.0,205.7,ADAPTIVE,18.2703777778,6.436
2020-08-29T16:53:58+00:00,31.1,32.0,205.8,ADAPTIVE,18.2773688889,6.415
2020-08-29T16:54:02+00:00,31.3,32.0,205.7,ADAPTIVE,18.2843925,6.451
2020-08-29T16:54:06+00:00,31.3,32.0,205.9,ADAPTIVE,18.29139,6.460999999999999
2020-08-29T16:54:10+00:00,31.2,32.0,205.9,ADAPTIVE,18.2983825,6.43
2020-08-29T16:54:14+00:00,31.2,32.0,205.9,ADAPTIVE,18.305397222199996,6.433999999999999
2020-08-29T16:54:18+00:00,31.3,32.0,205.8,ADAPTIVE,18.3123997222,6.4639999999999995
2020-08-29T16:54:22+00:00,31.3,32.0,205.9,ADAPTIVE,18.319449722199998,6.4639999999999995
2020-08-29T16:54:26+00:00,31.3,32.0,205.9,ADAPTIVE,18.3264713889,6.471
2020-08-29T16:54:30+00:00,31.4,32.0,206.0,ADAPTIVE,18.333491666700002,6.4879999999999995
2020-08-29T16:54:34+00:00,31.3,32.0,205.9,ADAPTIVE,18.34054,6.465999999999999
2020-08-29T16:54:37+00:00,31.2,32.0,206.3,ADAPTIVE,18.347539722199997,6.444999999999999
2020-08-29T16:54:41+00:00,31.3,32.0,206.0,ADAPTIVE,18.35455,6.457999999999999
2020-08-29T16:54:45+00:00,31.2,32.0,206.0,ADAPTIVE,18.3615338889,6.449999999999999
2020-08-29T16:54:49+00:00,31.3,32.0,205.9,ADAPTIVE,18.3685525,6.449999999999999
2020-08-29T16:54:53+00:00,31.2,32.0,205.9,ADAPTIVE,18.3755466667,6.428999999999999
2020-08-29T16:54:57+00:00,31.2,32.0,206.0,ADAPTIVE,18.3825744444,6.43
2020-08-29T16:55:01+00:00,31.4,32.0,206.0,ADAPTIVE,18.3895688889,6.475
2020-08-29T16:55:05+00:00,31.3,32.0,205.7,ADAPTIVE,18.3965888889,6.471
2020-08-29T16:55:09+00:00,31.0,32.0,206.2,ADAPTIVE,18.403575,6.4079999999999995
2020-08-29T16:55:13+00:00,31.2,32.0,206.1,ADAPTIVE,18.4105938889,6.443
2020-08-29T16:55:17+00:00,31.2,32.0,205.7,ADAPTIVE,18.4175838889,6.433999999999999
2020-08-29T16:55:21+00:00,31.1,32.0,205.8,ADAPTIVE,18.4245902778,6.4239999999999995
2020-08-29T16:55:25+00:00,31.3,32.0,205.8,ADAPTIVE,18.4315463889,6.452999999999999
2020-08-29T16:55:29+00:00,31.1,32.0,205.9,ADAPTIVE,18.438533333299997,6.415
2020-08-29T16:55:33+00:00,31.2,32.0,205.9,ADAPTIVE,18.4455475,6.42
2020-08-29T16:55:37+00:00,31.2,32.0,206.0,ADAPTIVE,18.4525394444,6.443
2020-08-29T16:55:41+00:00,31.4,32.0,205.9,ADAPTIVE,18.4595677778,6.478
2020-08-29T16:55:44+00:00,31.3,32.0,205.9,ADAPTIVE,18.4665538889,6.465
2020-08-29T16:55:48+00:00,31.2,32.0,205.7,ADAPTIVE,18.473575555599997,6.449
2020-08-29T16:55:52+00:00,31.2,32.0,205.9,ADAPTIVE,18.4805613889,6.4479999999999995
2020-08-29T16:55:56+00:00,31.1,32.0,206.0,ADAPTIVE,18.487580833299997,6.422
2020-08-29T16:56:00+00:00,31.3,32.0,206.0,ADAPTIVE,18.494575833299997,6.459
2020-08-29T16:56:04+00:00,31.3,32.0,205.7,ADAPTIVE,18.5016219444,6.46
2020-08-29T16:56:08+00:00,31.3,32.0,205.5,ADAPTIVE,18.5086405556,6.462
2020-08-29T16:56:12+00:00,31.4,32.0,205.9,ADAPTIVE,18.5156619444,6.471
2020-08-29T16:56:16+00:00,31.3,32.0,205.7,ADAPTIVE,18.522710833299996,6.4559999999999995
2020-08-29T16:56:20+00:00,31.3,32.0,205.9,ADAPTIVE,18.52973,6.463
2020-08-29T16:56:24+00:00,31.2,32.0,206.0,ADAPTIVE,18.536774722199997,6.4399999999999995
2020-08-29T16:56:28+00:00,31.1,32.0,206.1,ADAPTIVE,18.543768055599998,6.42
2020-08-29T16:56:32+00:00,31.1,32.0,205.8,ADAPTIVE,18.550788333299998,6.427
2020-08-29T16:56:36+00:00,31.2,32.0,206.1,ADAPTIVE,18.5577791667,6.4479999999999995
2020-08-29T16:56:40+00:00,31.2,32.0,206.1,ADAPTIVE,18.5647741667,6.43
2020-08-29T16:56:44+00:00,31.2,32.0,206.1,ADAPTIVE,18.5717936111,6.452999999999999
2020-08-29T16:56:47+00:00,31.2,32.0,206.0,ADAPTIVE,18.5787911111,6.438
2020-08-29T16:56:51+00:00,31.2,32.0,205.8,ADAPTIVE,18.585808055599998,6.438
2020-08-29T16:56:55+00:00,31.3,32.0,206.2,ADAPTIVE,18.5928036111,6.463
2020-08-29T16:56:59+00:00,31.2,32.0,205.9,ADAPTIVE,18.599823055599998,6.451
2020-08-29T16:57:03+00:00,31.0,32.0,206.0,ADAPTIVE,18.606811111099997,6.401
2020-08-29T16:57:07+00:00,31.3,32.0,206.2,ADAPTIVE,18.6137994444,6.462
2020-08-29T16:57:11+00:00,31.4,32.0,206.0,ADAPTIVE,18.620850555599997,6.473999999999999
2020-08-29T16:57:15+00:00,31.3,32.0,206.0,ADAPTIVE,18.627875833299996,6.467
2020-08-29T16:57:19+00:00,31.3,32.0,206.1,ADAPTIVE,18.63493,6.451
2020-08-29T16:57:23+00:00,31.3,32.0,205.8,ADAPTIVE,18.641955,6.46
2020-08-29T16:57:27+00:00,31.4,32.0,206.0,ADAPTIVE,18.649008611099998,6.4799999999999995
2020-08-29T16:57:31+00:00,31.2,32.0,206.1,ADAPTIVE,18.656019166700002,6.443
2020-08-29T16:57:35+00:00,31.0,32.0,206.0,ADAPTIVE,18.6630113889,6.425
2020-08-29T16:57:39+00:00,31.2,32.0,206.3,ADAPTIVE,18.6700311111,6.4559999999999995
2020-08-29T16:57:43+00:00,31.3,32.0,206.2,ADAPTIVE,18.6770138889,6.463
2020-08-29T16:57:47+00:00,31.3,32.0,206.2,ADAPTIVE,18.684035833299998,6.460999999999999
2020-08-29T16:57:51+00:00,31.3,32.0,206.0,ADAPTIVE,18.6910561111,6.471
2020-08-29T16:57:55+00:00,31.3,32.0,206.0,ADAPTIVE,18.6981052778,6.467
2020-08-29T16:57:58+00:00,31.2,32.0,206.1,ADAPTIVE,18.7051197222,6.441
2020-08-29T16:58:02+00:00,31.2,32.0,206.1,ADAPTIVE,18.7121333333,6.433999999999999
2020-08-29T16:58:06+00:00,31.1,32.0,206.0,ADAPTIVE,18.719120833299996,6.420999999999999
2020-08-29T16:58:10+00:00,31.0,32.0,205.9,ADAPTIVE,18.7261291667,6.396
2020-08-29T16:58:14+00:00,31.3,32.0,205.9,ADAPTIVE,18.733113333299997,6.452999999999999
2020-08-29T16:58:18+00:00,31.3,32.0,206.0,ADAPTIVE,18.7401266667,6.465999999999999
2020-08-29T16:58:22+00:00,31.2,32.0,206.1,ADAPTIVE,18.7471116667,6.433
2020-08-29T16:58:26+00:00,31.4,32.0,206.0,ADAPTIVE,18.754151111099997,6.484
2020-08-29T16:58:30+00:00,31.4,32.0,205.9,ADAPTIVE,18.7611738889,6.487
2020-08-29T16:58:34+00:00,31.4,32.0,206.2,ADAPTIVE,18.768201111099998,6.492
2020-08-29T16:58:38+00:00,31.3,32.0,206.5,ADAPTIVE,18.775262777800002,6.468999999999999
2020-08-29T16:58:42+00:00,31.4,32.0,206.1,ADAPTIVE,18.7822927778,6.476
2020-08-29T16:58:46+00:00,31.3,32.0,206.0,ADAPTIVE,18.789346666700002,6.467
2020-08-29T16:58:50+00:00,31.4,32.0,206.0,ADAPTIVE,18.7963683333,6.4879999999999995
2020-08-29T16:58:54+00:00,31.4,32.0,206.1,ADAPTIVE,18.8034188889,6.484999999999999
2020-08-29T16:58:58+00:00,31.4,32.0,205.7,ADAPTIVE,18.8104394444,6.479
2020-08-29T16:59:01+00:00,31.4,32.0,205.7,ADAPTIVE,18.8174841667,6.465999999999999
2020-08-29T16:59:05+00:00,31.1,32.0,206.0,ADAPTIVE,18.824500277800002,6.407
2020-08-29T16:59:09+00:00,31.4,32.0,205.8,ADAPTIVE,18.8315477778,6.484999999999999
2020-08-29T16:59:13+00:00,31.3,32.0,205.8,ADAPTIVE,18.8385513889,6.4799999999999995
2020-08-29T16:59:17+00:00,31.2,32.0,206.0,ADAPTIVE,18.8455477778,6.447
2020-08-29T16:59:21+00:00,31.2,32.0,205.7,ADAPTIVE,18.852568611099997,6.436999999999999
2020-08-29T16:59:25+00:00,31.1,32.0,206.0,ADAPTIVE,18.8595547222,6.419
2020-08-29T16:59:29+00:00,31.0,32.0,205.9,ADAPTIVE,18.8665680556,6.415
2020-08-29T16:59:33+00:00,31.4,32.0,205.8,ADAPTIVE,18.8735630556,6.481
2020-08-29T16:59:37+00:00,31.3,32.0,205.9,ADAPTIVE,18.880611666700002,6.462
2020-08-29T16:59:41+00:00,31.4,32.0,205.8,ADAPTIVE,18.8876225,6.473999999999999
2020-08-29T16:59:45+00:00,31.3,32.0,205.9,ADAPTIVE,18.8946677778,6.462
2020-08-29T16:59:49+00:00,31.3,32.0,205.8,ADAPTIVE,18.9016866667,6.468999999999999
2020-08-29T16:59:53+00:00,31.2,32.0,205.9,ADAPTIVE,18.908709722199998,6.4399999999999995
2020-08-29T16:59:57+00:00,31.0,32.0,205.8,ADAPTIVE,18.9156925,6.412999999999999
2020-08-29T17:00:01+00:00,31.1,32.0,206.0,ADAPTIVE,18.9227102778,6.433
2020-08-29T17:00:05+00:00,31.2,32.0,205.8,ADAPTIVE,18.929698333299996,6.444999999999999
2020-08-29T17:00:09+00:00,31.2,32.0,205.8,ADAPTIVE,18.9367297222,6.444
2020-08-29T17:00:12+00:00,31.4,32.0,205.9,ADAPTIVE,18.9437494444,6.473
2020-08-29T17:00:16+00:00,31.4,32.0,205.9,ADAPTIVE,18.9507677778,6.47
2020-08-29T17:00:20+00:00,31.3,32.0,205.5,ADAPTIVE,18.9578152778,6.457
2020-08-29T17:00:24+00:00,31.4,32.0,205.7,ADAPTIVE,18.9648363889,6.478
2020-08-29T17:00:28+00:00,31.4,32.0,206.1,ADAPTIVE,18.9718888889,6.483
2020-08-29T17:00:32+00:00,31.4,32.0,205.6,ADAPTIVE,18.9789088889,6.484
2020-08-29T17:00:36+00:00,31.3,32.0,206.0,ADAPTIVE,18.9859552778,6.457999999999999
2020-08-29T17:00:40+00:00,31.3,32.0,205.5,ADAPTIVE,18.9929727778,6.4719999999999995
2020-08-29T17:00:44+00:00,31.4,32.0,206.0,ADAPTIVE,19.0000205556,6.475
2020-08-29T17:00:48+00:00,31.3,32.0,205.9,ADAPTIVE,19.0070338889,6.467
2020-08-29T17:00:52+00:00,31.3,32.0,205.9,ADAPTIVE,19.0140638889,6.468999999999999
2020-08-29T17:00:56+00:00,31.2,32.0,206.1,ADAPTIVE,19.021058055599998,6.433999999999999
2020-08-29T17:01:00+00:00,31.2,32.0,205.9,ADAPTIVE,19.0280694444,6.4479999999999995
2020-08-29T17:01:04+00:00,31.0,32.0,206.1,ADAPTIVE,19.0350530556,6.409
2020-08-29T17:01:08+00:00,31.1,32.0,206.0,ADAPTIVE,19.0420691667,6.411
2020-08-29T17:01:12+00:00,31.2,32.0,206.0,ADAPTIVE,19.049058055599996,6.443
2020-08-29T17:01:15+00:00,31.1,32.0,205.9,ADAPTIVE,19.056068333299997,6.427
2020-08-29T17:01:19+00:00,31.3,32.0,206.0,ADAPTIVE,19.063052499999998,6.457999999999999
2020-08-29T17:01:23+00:00,31.3,32.0,205.8,ADAPTIVE,19.0700725,6.460999999999999
2020-08-29T17:01:27+00:00,31.3,32.0,205.7,ADAPTIVE,19.077059722199998,6.463
2020-08-29T17:01:31+00:00,31.2,32.0,206.1,ADAPTIVE,19.0840713889,6.447
2020-08-29T17:01:35+00:00,31.3,32.0,206.0,ADAPTIVE,19.091079166700002,6.467
2020-08-29T17:01:39+00:00,31.4,32.0,205.9,ADAPTIVE,19.098127777800002,6.4719999999999995
2020-08-29T17:01:43+00:00,31.3,32.0,206.0,ADAPTIVE,19.1051447222,6.468999999999999
2020-08-29T17:01:47+00:00,31.1,32.0,206.1,ADAPTIVE,19.112167499999998,6.411
2020-08-29T17:01:51+00:00,31.2,32.0,206.1,ADAPTIVE,19.119149999999998,6.443
2020-08-29T17:01:55+00:00,31.2,32.0,205.5,ADAPTIVE,19.12617,6.439
2020-08-29T17:01:59+00:00,31.2,32.0,205.7,ADAPTIVE,19.1331616667,6.425
2020-08-29T17:02:03+00:00,31.1,32.0,206.0,ADAPTIVE,19.1401813889,6.422
2020-08-29T17:02:07+00:00,31.2,32.0,205.9,ADAPTIVE,19.147165555599997,6.4319999999999995
2020-08-29T17:02:11+00:00,31.2,32.0,205.9,ADAPTIVE,19.1541819444,6.441999999999999
2020-08-29T17:02:15+00:00,31.3,32.0,206.2,ADAPTIVE,19.1611977778,6.465
2020-08-29T17:02:19+00:00,31.3,32.0,206.0,ADAPTIVE,19.1682469444,6.4639999999999995
2020-08-29T17:02:22+00:00,31.4,32.0,206.1,ADAPTIVE,19.1752655556,6.487
2020-08-29T17:02:26+00:00,31.1,32.0,206.2,ADAPTIVE,19.1823013889,6.435
2020-08-29T17:02:30+00:00,31.2,32.0,205.9,ADAPTIVE,19.189280555599996,6.444999999999999
2020-08-29T17:02:34+00:00,31.3,32.0,205.9,ADAPTIVE,19.196295,6.462
2020-08-29T17:02:38+00:00,31.4,32.0,205.6,ADAPTIVE,19.203274999999998,6.459
2020-08-29T17:02:42+00:00,31.4,32.0,205.8,ADAPTIVE,19.2103119444,6.475
2020-08-29T17:02:46+00:00,31.3,32.0,205.9,ADAPTIVE,19.2173402778,6.455
2020-08-29T17:02:50+00:00,31.3,32.0,205.9,ADAPTIVE,19.224323333299996,6.468999999999999
2020-08-29T17:02:54+00:00,31.3,32.0,206.0,ADAPTIVE,19.2313425,6.467
2020-08-29T17:02:58+00:00,31.3,32.0,205.8,ADAPTIVE,19.2383313889,6.478
2020-08-29T17:03:02+00:00,31.3,32.0,205.8,ADAPTIVE,19.245373333299998,6.465
2020-08-29T17:03:06+00:00,31.3,32.0,206.0,ADAPTIVE,19.2523675,6.459
2020-08-29T17:03:10+00:00,31.3,32.0,205.8,ADAPTIVE,19.259377222199998,6.462
2020-08-29T17:03:14+00:00,31.2,32.0,205.8,ADAPTIVE,19.2663644444,6.441999999999999
2020-08-29T17:03:18+00:00,31.2,32.0,205.7,ADAPTIVE,19.2733786111,6.439
2020-08-29T17:03:22+00:00,31.2,32.0,205.7,ADAPTIVE,19.2803572222,6.441
2020-08-29T17:03:26+00:00,31.3,32.0,205.9,ADAPTIVE,19.2873905556,6.47
2020-08-29T17:03:29+00:00,31.2,32.0,205.6,ADAPTIVE,19.2944188889,6.444
2020-08-29T17:03:33+00:00,31.2,32.0,205.7,ADAPTIVE,19.3013936111,6.433
2020-08-29T17:03:37+00:00,31.3,32.0,205.7,ADAPTIVE,19.3084066667,6.473999999999999
2020-08-29T17:03:41+00:00,31.1,32.0,206.0,ADAPTIVE,19.315396388899998,6.422
2020-08-29T17:03:45+00:00,31.2,32.0,206.1,ADAPTIVE,19.322408055599997,6.444999999999999
2020-08-29T17:03:49+00:00,31.4,32.0,205.5,ADAPTIVE,19.3294119444,6.476999999999999
2020-08-29T17:03:53+00:00,31.4,32.0,206.1,ADAPTIVE,19.336453055599996,6.475
2020-08-29T17:03:57+00:00,30.9,32.0,206.2,ADAPTIVE,19.3434697222,6.398
2020-08-29T17:04:01+00:00,31.1,32.0,206.1,ADAPTIVE,19.350475,6.423
2020-08-29T17:04:05+00:00,31.1,32.0,206.1,ADAPTIVE,19.3574591667,6.435
2020-08-29T17:04:09+00:00,31.0,32.0,206.2,ADAPTIVE,19.3644688889,6.4159999999999995
2020-08-29T17:04:13+00:00,31.3,32.0,206.3,ADAPTIVE,19.3714702778,6.473999999999999
2020-08-29T17:04:17+00:00,31.2,32.0,206.1,ADAPTIVE,19.378519166700002,6.4479999999999995
2020-08-29T17:04:21+00:00,31.4,32.0,206.4,ADAPTIVE,19.385535833299997,6.486
2020-08-29T17:04:25+00:00,31.3,32.0,206.2,ADAPTIVE,19.3925819444,6.462
2020-08-29T17:04:29+00:00,31.1,32.0,206.2,ADAPTIVE,19.3996188889,6.436999999999999
2020-08-29T17:04:33+00:00,31.2,32.0,206.2,ADAPTIVE,19.4065913889,6.449999999999999
2020-08-29T17:04:36+00:00,31.2,32.0,206.2,ADAPTIVE,19.413564444400002,6.436
2020-08-29T17:04:40+00:00,31.1,32.0,206.2,ADAPTIVE,19.4205694444,6.428999999999999
2020-08-29T17:04:44+00:00,31.1,32.0,205.9,ADAPTIVE,19.4275527778,6.420999999999999
2020-08-29T17:04:48+00:00,31.0,32.0,206.1,ADAPTIVE,19.434540555599998,6.407
2020-08-29T17:04:52+00:00,31.1,32.0,206.1,ADAPTIVE,19.441528611099997,6.436999999999999
2020-08-29T17:04:56+00:00,31.1,32.0,206.2,ADAPTIVE,19.4485386111,6.411
2020-08-29T17:05:00+00:00,31.3,32.0,206.2,ADAPTIVE,19.4555797222,6.449
2020-08-29T17:05:04+00:00,31.3,32.0,206.1,ADAPTIVE,19.462599166700002,6.476
2020-08-29T17:05:08+00:00,31.3,32.0,205.9,ADAPTIVE,19.469648055599997,6.46
2020-08-29T17:05:12+00:00,31.3,32.0,206.2,ADAPTIVE,19.4766661111,6.468999999999999
2020-08-29T17:05:16+00:00,31.3,32.0,206.1,ADAPTIVE,19.483705555599997,6.463
2020-08-29T17:05:20+00:00,31.2,32.0,206.2,ADAPTIVE,19.490683055599998,6.446
2020-08-29T17:05:24+00:00,31.3,32.0,206.2,ADAPTIVE,19.4976927778,6.460999999999999
2020-08-29T17:05:28+00:00,31.2,32.0,206.3,ADAPTIVE,19.504675,6.452
2020-08-29T17:05:32+00:00,31.3,32.0,206.1,ADAPTIVE,19.5117013889,6.465999999999999
2020-08-29T17:05:36+00:00,31.4,32.0,205.9,ADAPTIVE,19.5187202778,6.486
2020-08-29T17:05:39+00:00,31.2,32.0,206.3,ADAPTIVE,19.5257616667,6.444999999999999
2020-08-29T17:05:43+00:00,31.1,32.0,206.0,ADAPTIVE,19.5327397222,6.420999999999999
2020-08-29T17:05:47+00:00,31.3,32.0,206.2,ADAPTIVE,19.5397575,6.462
2020-08-29T17:05:51+00:00,31.1,32.0,206.1,ADAPTIVE,19.5467402778,6.431
2020-08-29T17:05:55+00:00,31.3,32.0,206.1,ADAPTIVE,19.553774722199996,6.467
2020-08-29T17:05:59+00:00,31.3,32.0,205.9,ADAPTIVE,19.560825555599997,6.454
2020-08-29T17:06:03+00:00,31.3,32.0,206.1,ADAPTIVE,19.567844444400002,6.468
2020-08-29T17:06:07+00:00,31.1,32.0,206.1,ADAPTIVE,19.5748636111,6.433999999999999
2020-08-29T17:06:11+00:00,31.1,32.0,206.0,ADAPTIVE,19.5818438889,6.420999999999999
2020-08-29T17:06:15+00:00,31.2,32.0,206.0,ADAPTIVE,19.5888552778,6.452
2020-08-29T17:06:19+00:00,31.2,32.0,205.9,ADAPTIVE,19.5958388889,6.441999999999999
2020-08-29T17:06:23+00:00,31.3,32.0,206.1,ADAPTIVE,19.6028236111,6.465999999999999
2020-08-29T17:06:27+00:00,31.3,32.0,206.1,ADAPTIVE,19.609838055599997,6.465
2020-08-29T17:06:31+00:00,31.2,32.0,206.0,ADAPTIVE,19.6168244444,6.4479999999999995
2020-08-29T17:06:35+00:00,31.2,32.0,205.9,ADAPTIVE,19.6238388889,6.451
2020-08-29T17:06:39+00:00,31.1,32.0,205.9,ADAPTIVE,19.630821111099998,6.4159999999999995
2020-08-29T17:06:43+00:00,31.3,32.0,206.1,ADAPTIVE,19.6378522222,6.465999999999999
2020-08-29T17:06:46+00:00,31.3,32.0,206.1,ADAPTIVE,19.6449002778,6.462
2020-08-29T17:06:50+00:00,31.3,32.0,206.2,ADAPTIVE,19.6519166667,6.465999999999999
2020-08-29T17:06:54+00:00,31.1,32.0,206.2,ADAPTIVE,19.6589319444,6.412
2020-08-29T17:06:58+00:00,31.1,32.0,206.3,ADAPTIVE,19.6659127778,6.443
2020-08-29T17:07:02+00:00,31.1,32.0,206.1,ADAPTIVE,19.6729269444,6.4159999999999995
2020-08-29T17:07:06+00:00,31.2,32.0,205.8,ADAPTIVE,19.6799152778,6.433999999999999
2020-08-29T17:07:10+00:00,31.1,32.0,205.7,ADAPTIVE,19.686928333299996,6.418
2020-08-29T17:07:14+00:00,31.3,32.0,205.9,ADAPTIVE,19.6939077778,6.455
2020-08-29T17:07:18+00:00,31.3,32.0,206.1,ADAPTIVE,19.700948055599998,6.454
2020-08-29T17:07:22+00:00,31.4,32.0,206.1,ADAPTIVE,19.7079594444,6.468999999999999
2020-08-29T17:07:26+00:00,31.3,32.0,206.1,ADAPTIVE,19.714997222199997,6.46
2020-08-29T17:07:30+00:00,31.2,32.0,206.1,ADAPTIVE,19.7219738889,6.444
2020-08-29T17:07:34+00:00,31.3,32.0,206.2,ADAPTIVE,19.7289825,6.4639999999999995
2020-08-29T17:07:39+00:00,31.2,32.0,206.1,ADAPTIVE,19.7359630556,6.436999999999999
2020-08-29T17:07:42+00:00,31.3,32.0,206.2,ADAPTIVE,19.743009999999998,6.476999999999999
2020-08-29T17:07:46+00:00,31.2,32.0,206.3,ADAPTIVE,19.7500466667,6.439
2020-08-29T17:07:50+00:00,31.2,32.0,206.3,ADAPTIVE,19.7570291667,6.4479999999999995
2020-08-29T17:07:53+00:00,31.1,32.0,206.2,ADAPTIVE,19.764044722199998,6.438
2020-08-29T17:07:57+00:00,31.3,32.0,206.2,ADAPTIVE,19.7710416667,6.47
2020-08-29T17:08:01+00:00,31.4,32.0,206.3,ADAPTIVE,19.7780919444,6.484999999999999
2020-08-29T17:08:05+00:00,31.3,32.0,206.1,ADAPTIVE,19.785109722199998,6.47
2020-08-29T17:08:09+00:00,31.2,32.0,206.2,ADAPTIVE,19.792138611099997,6.441999999999999
2020-08-29T17:08:13+00:00,31.3,32.0,206.0,ADAPTIVE,19.799119722199997,6.4799999999999995
2020-08-29T17:08:17+00:00,31.3,32.0,206.1,ADAPTIVE,19.8061319444,6.457
2020-08-29T17:08:21+00:00,31.2,32.0,206.3,ADAPTIVE,19.813115833299996,6.436999999999999
2020-08-29T17:08:25+00:00,31.2,32.0,206.0,ADAPTIVE,19.8201286111,6.436
2020-08-29T17:08:29+00:00,31.4,32.0,206.0,ADAPTIVE,19.8271319444,6.478
2020-08-29T17:08:33+00:00,31.3,32.0,206.2,ADAPTIVE,19.834174166700002,6.476
2020-08-29T17:08:37+00:00,31.2,32.0,206.3,ADAPTIVE,19.841212499999997,6.444
2020-08-29T17:08:41+00:00,31.2,32.0,206.0,ADAPTIVE,19.8481919444,6.444999999999999
2020-08-29T17:08:45+00:00,31.2,32.0,206.0,ADAPTIVE,19.855203333299997,6.444
2020-08-29T17:08:49+00:00,31.4,32.0,206.2,ADAPTIVE,19.862182222199998,6.479
2020-08-29T17:08:53+00:00,31.2,32.0,206.1,ADAPTIVE,19.8692263889,6.457
2020-08-29T17:08:57+00:00,31.3,32.0,206.1,ADAPTIVE,19.876239722199998,6.4719999999999995
2020-08-29T17:09:00+00:00,31.2,32.0,206.1,ADAPTIVE,19.883252499999998,6.441999999999999
2020-08-29T17:09:04+00:00,31.1,32.0,206.2,ADAPTIVE,19.890233333299996,6.428999999999999
2020-08-29T17:09:08+00:00,31.2,32.0,206.1,ADAPTIVE,19.897243055599997,6.435
2020-08-29T17:09:12+00:00,31.0,32.0,206.2,ADAPTIVE,19.9042211111,6.409
2020-08-29T17:09:16+00:00,31.3,32.0,206.2,ADAPTIVE,19.9112461111,6.452
2020-08-29T17:09:20+00:00,31.3,32.0,206.1,ADAPTIVE,19.9182680556,6.4559999999999995
2020-08-29T17:09:24+00:00,31.4,32.0,206.0,ADAPTIVE,19.9253152778,6.4799999999999995
2020-08-29T17:09:28+00:00,31.1,32.0,206.1,ADAPTIVE,19.9323294444,6.425
2020-08-29T17:09:32+00:00,31.1,32.0,205.8,ADAPTIVE,19.9393125,6.4159999999999995
2020-08-29T17:09:36+00:00,31.1,32.0,206.3,ADAPTIVE,19.9463291667,6.412
2020-08-29T17:09:40+00:00,31.3,32.0,206.2,ADAPTIVE,19.9533125,6.468
2020-08-29T17:09:44+00:00,31.4,32.0,206.3,ADAPTIVE,19.960358333299997,6.486
2020-08-29T17:09:48+00:00,31.3,32.0,206.4,ADAPTIVE,19.967377499999998,6.449
2020-08-29T17:09:52+00:00,31.3,32.0,206.3,ADAPTIVE,19.974428333299997,6.4799999999999995
2020-08-29T17:09:56+00:00,31.3,32.0,206.2,ADAPTIVE,19.9814494444,6.47
2020-08-29T17:10:00+00:00,31.2,32.0,206.1,ADAPTIVE,19.988470833299996,6.457999999999999
2020-08-29T17:10:04+00:00,31.2,32.0,206.1,ADAPTIVE,19.995453611099997,6.4399999999999995
2020-08-29T17:10:07+00:00,31.3,32.0,206.1,ADAPTIVE,20.0024661111,6.459
2020-08-29T17:10:11+00:00,31.2,32.0,205.6,ADAPTIVE,20.009448055599997,6.428
2020-08-29T17:10:15+00:00,31.2,32.0,205.9,ADAPTIVE,20.016459166700002,6.439
2020-08-29T17:10:19+00:00,31.3,32.0,205.7,ADAPTIVE,20.0234377778,6.4479999999999995
2020-08-29T17:10:23+00:00,31.2,32.0,206.0,ADAPTIVE,20.0304755556,6.452
2020-08-29T17:10:27+00:00,31.4,32.0,205.8,ADAPTIVE,20.0374830556,6.4799999999999995
2020-08-29T17:10:31+00:00,31.3,32.0,206.0,ADAPTIVE,20.044525555599996,6.452999999999999
2020-08-29T17:10:35+00:00,31.2,32.0,206.1,ADAPTIVE,20.051510277800002,6.443
2020-08-29T17:10:39+00:00,31.1,32.0,205.9,ADAPTIVE,20.058516111099998,6.431
2020-08-29T17:10:43+00:00,31.2,32.0,206.0,ADAPTIVE,20.0654966667,6.460999999999999
2020-08-29T17:10:47+00:00,31.2,32.0,206.0,ADAPTIVE,20.072513055599998,6.443
2020-08-29T17:10:51+00:00,31.2,32.0,206.0,ADAPTIVE,20.0794980556,6.4479999999999995
2020-08-29T17:10:55+00:00,31.3,32.0,206.1,ADAPTIVE,20.0865188889,6.457999999999999
2020-08-29T17:10:59+00:00,31.4,32.0,206.1,ADAPTIVE,20.093535,6.476
2020-08-29T17:11:03+00:00,31.3,32.0,205.9,ADAPTIVE,20.1005811111,6.460999999999999
2020-08-29T17:11:07+00:00,31.3,32.0,206.1,ADAPTIVE,20.107598333299997,6.471
2020-08-29T17:11:11+00:00,31.3,32.0,206.1,ADAPTIVE,20.114647777800002,6.457999999999999
2020-08-29T17:11:14+00:00,31.3,32.0,206.2,ADAPTIVE,20.1216641667,6.462
2020-08-29T17:11:18+00:00,31.0,32.0,206.2,ADAPTIVE,20.128673055599997,6.403
2020-08-29T17:11:22+00:00,31.1,32.0,206.2,ADAPTIVE,20.135655,6.425999999999999
2020-08-29T17:11:26+00:00,31.0,32.0,205.9,ADAPTIVE,20.142667499999998,6.403
2020-08-29T17:11:30+00:00,31.1,32.0,206.3,ADAPTIVE,20.1496761111,6.417
2020-08-29T17:11:34+00:00,31.4,32.0,206.0,ADAPTIVE,20.1566741667,6.473
2020-08-29T17:11:38+00:00,31.3,32.0,206.2,ADAPTIVE,20.1637152778,6.465999999999999
2020-08-29T17:11:42+00:00,31.1,32.0,206.1,ADAPTIVE,20.1707088889,6.428999999999999
2020-08-29T17:11:46+00:00,31.1,32.0,206.1,ADAPTIVE,20.177718611099998,6.438
2020-08-29T17:11:50+00:00,31.2,32.0,206.2,ADAPTIVE,20.1847061111,6.423
2020-08-29T17:11:54+00:00,31.0,32.0,206.0,ADAPTIVE,20.191715833299998,6.420999999999999
2020-08-29T17:11:58+00:00,31.3,32.0,206.0,ADAPTIVE,20.1987275,6.46
2020-08-29T17:12:02+00:00,31.4,32.0,205.9,ADAPTIVE,20.2057630556,6.465
2020-08-29T17:12:06+00:00,31.2,32.0,206.1,ADAPTIVE,20.2127480556,6.433
2020-08-29T17:12:10+00:00,31.2,32.0,205.9,ADAPTIVE,20.219750555599997,6.428
2020-08-29T17:12:14+00:00,31.1,32.0,206.1,ADAPTIVE,20.226759166700003,6.409
2020-08-29T17:12:17+00:00,31.2,32.0,205.8,ADAPTIVE,20.233736111099997,6.4399999999999995
2020-08-29T17:12:21+00:00,31.3,32.0,205.8,ADAPTIVE,20.2407575,6.455
2020-08-29T17:12:25+00:00,31.3,32.0,205.6,ADAPTIVE,20.247755833299998,6.447
2020-08-29T17:12:29+00:00,31.2,32.0,205.8,ADAPTIVE,20.254753888899998,6.422
2020-08-29T17:12:33+00:00,31.4,32.0,205.7,ADAPTIVE,20.261734166700002,6.465999999999999
2020-08-29T17:12:37+00:00,31.3,32.0,205.8,ADAPTIVE,20.2687455556,6.451
2020-08-29T17:12:41+00:00,31.3,32.0,206.0,ADAPTIVE,20.275735833299997,6.4559999999999995
2020-08-29T17:12:45+00:00,31.2,32.0,205.9,ADAPTIVE,20.282751111099998,6.441
2020-08-29T17:12:49+00:00,31.2,32.0,205.7,ADAPTIVE,20.2897330556,6.446
2020-08-29T17:12:53+00:00,31.3,32.0,205.8,ADAPTIVE,20.2967686111,6.452999999999999
2020-08-29T17:12:57+00:00,31.3,32.0,206.0,ADAPTIVE,20.3037822222,6.460999999999999
2020-08-29T17:13:01+00:00,31.2,32.0,206.0,ADAPTIVE,20.310804722199997,6.4399999999999995
2020-08-29T17:13:05+00:00,31.1,32.0,205.7,ADAPTIVE,20.3177841667,6.4159999999999995
2020-08-29T17:13:09+00:00,31.2,32.0,205.8,ADAPTIVE,20.3247991667,6.441
2020-08-29T17:13:13+00:00,31.2,32.0,205.9,ADAPTIVE,20.3317813889,6.436
2020-08-29T17:13:17+00:00,31.3,32.0,205.9,ADAPTIVE,20.3387941667,6.4559999999999995
2020-08-29T17:13:21+00:00,31.3,32.0,205.8,ADAPTIVE,20.3458325,6.462
2020-08-29T17:13:25+00:00,31.4,32.0,205.9,ADAPTIVE,20.352840833299997,6.460999999999999
2020-08-29T17:13:28+00:00,31.3,32.0,205.9,ADAPTIVE,20.359878333299996,6.47
2020-08-29T17:13:32+00:00,31.2,32.0,206.0,ADAPTIVE,20.366861111099997,6.425
2020-08-29T17:13:36+00:00,31.2,32.0,205.9,ADAPTIVE,20.3738722222,6.4479999999999995
2020-08-29T17:13:40+00:00,31.3,32.0,206.0,ADAPTIVE,20.380860833299998,6.441
2020-08-29T17:13:44+00:00,31.3,32.0,205.9,ADAPTIVE,20.3878777778,6.457999999999999
2020-08-29T17:13:48+00:00,31.3,32.0,205.9,ADAPTIVE,20.3948630556,6.457
2020-08-29T17:13:52+00:00,31.4,32.0,205.7,ADAPTIVE,20.4018788889,6.467
2020-08-29T17:13:56+00:00,31.4,32.0,205.4,ADAPTIVE,20.408884722199996,6.462
2020-08-29T17:14:00+00:00,31.4,32.0,205.9,ADAPTIVE,20.415923333299997,6.468999999999999
2020-08-29T17:14:04+00:00,31.2,32.0,206.1,ADAPTIVE,20.4229291667,6.427
2020-08-29T17:14:08+00:00,31.2,32.0,205.8,ADAPTIVE,20.4299444444,6.422
2020-08-29T17:14:12+00:00,31.1,32.0,205.9,ADAPTIVE,20.436920833299997,6.406
2020-08-29T17:14:16+00:00,31.2,32.0,206.1,ADAPTIVE,20.443929722199996,6.428999999999999
2020-08-29T17:14:20+00:00,31.2,32.0,205.7,ADAPTIVE,20.4509127778,6.441999999999999
2020-08-29T17:14:24+00:00,31.2,32.0,205.9,ADAPTIVE,20.457925833299996,6.436999999999999
2020-08-29T17:14:28+00:00,31.3,32.0,205.8,ADAPTIVE,20.4649127778,6.449
2020-08-29T17:14:32+00:00,31.3,32.0,206.0,ADAPTIVE,20.4719327778,6.444999999999999
2020-08-29T17:14:35+00:00,31.2,32.0,205.9,ADAPTIVE,20.478921388899998,6.443
2020-08-29T17:14:39+00:00,31.3,32.0,205.9,ADAPTIVE,20.485935555599998,6.467
2020-08-29T17:14:43+00:00,31.2,32.0,205.8,ADAPTIVE,20.4929169444,6.4399999999999995
2020-08-29T17:14:47+00:00,31.4,32.0,205.8,ADAPTIVE,20.4999525,6.463
2020-08-29T17:14:51+00:00,31.1,32.0,205.9,ADAPTIVE,20.5069602778,6.412
2020-08-29T17:14:55+00:00,31.2,32.0,206.0,ADAPTIVE,20.5139666667,6.43
2020-08-29T17:14:59+00:00,31.2,32.0,205.6,ADAPTIVE,20.520948333299998,6.428999999999999
2020-08-29T17:15:03+00:00,31.1,32.0,206.0,ADAPTIVE,20.527965833299998,6.422
2020-08-29T17:15:07+00:00,31.4,32.0,206.1,ADAPTIVE,20.5349486111,6.478
2020-08-29T17:15:11+00:00,31.3,32.0,205.8,ADAPTIVE,20.5419686111,6.444999999999999
2020-08-29T17:15:15+00:00,31.2,32.0,205.8,ADAPTIVE,20.548954722199998,6.436
2020-08-29T17:15:19+00:00,31.3,32.0,206.0,ADAPTIVE,20.5559766667,6.457
2020-08-29T17:15:23+00:00,31.1,32.0,205.6,ADAPTIVE,20.5629719444,6.404999999999999
2020-08-29T17:15:27+00:00,31.3,32.0,205.7,ADAPTIVE,20.569963611099997,6.457
2020-08-29T17:15:31+00:00,31.3,32.0,205.9,ADAPTIVE,20.576982222199998,6.451
2020-08-29T17:15:35+00:00,31.1,32.0,205.7,ADAPTIVE,20.5839644444,6.418
2020-08-29T17:15:38+00:00,31.1,32.0,205.7,ADAPTIVE,20.590975555599996,6.396
2020-08-29T17:15:42+00:00,31.1,32.0,205.6,ADAPTIVE,20.597956111099997,6.420999999999999
2020-08-29T17:15:46+00:00,31.3,32.0,205.7,ADAPTIVE,20.604959444400002,6.439
2020-08-29T17:15:50+00:00,31.3,32.0,205.4,ADAPTIVE,20.611938611099998,6.446
2020-08-29T17:15:54+00:00,31.3,32.0,205.7,ADAPTIVE,20.6189405556,6.452
2020-08-29T17:15:58+00:00,31.1,32.0,205.8,ADAPTIVE,20.625922499999998,6.412999999999999
2020-08-29T17:16:02+00:00,31.1,32.0,205.7,ADAPTIVE,20.6329338889,6.412
2020-08-29T17:16:06+00:00,31.2,32.0,205.8,ADAPTIVE,20.639910555599997,6.433
2020-08-29T17:16:10+00:00,31.2,32.0,205.7,ADAPTIVE,20.64689,6.439
2020-08-29T17:16:14+00:00,31.4,32.0,205.8,ADAPTIVE,20.653900555599996,6.4639999999999995
2020-08-29T17:16:18+00:00,31.3,32.0,205.8,ADAPTIVE,20.6608827778,6.447
2020-08-29T17:16:22+00:00,31.3,32.0,205.7,ADAPTIVE,20.6679016667,6.46
2020-08-29T17:16:26+00:00,31.2,32.0,206.1,ADAPTIVE,20.6748911111,6.418
2020-08-29T17:16:30+00:00,31.2,32.0,205.7,ADAPTIVE,20.6819105556,6.436
2020-08-29T17:16:34+00:00,31.2,32.0,205.6,ADAPTIVE,20.688894722199997,6.433
2020-08-29T17:16:38+00:00,31.3,32.0,205.7,ADAPTIVE,20.6959133333,6.449999999999999
2020-08-29T17:16:42+00:00,31.3,32.0,205.8,ADAPTIVE,20.7028988889,6.449999999999999
2020-08-29T17:16:45+00:00,31.3,32.0,205.8,ADAPTIVE,20.7099197222,6.444999999999999
2020-08-29T17:16:49+00:00,31.2,32.0,205.7,ADAPTIVE,20.7169094444,6.42
2020-08-29T17:16:53+00:00,31.2,32.0,205.7,ADAPTIVE,20.723926666700002,6.422
2020-08-29T17:16:57+00:00,31.4,32.0,205.5,ADAPTIVE,20.7309075,6.46
2020-08-29T17:17:01+00:00,31.1,32.0,205.9,ADAPTIVE,20.7378869444,6.422
2020-08-29T17:17:05+00:00,31.4,32.0,205.7,ADAPTIVE,20.7449019444,6.46
2020-08-29T17:17:09+00:00,31.4,32.0,205.7,ADAPTIVE,20.7519063889,6.457999999999999
2020-08-29T17:17:13+00:00,31.3,32.0,205.6,ADAPTIVE,20.7589225,6.452
2020-08-29T17:17:17+00:00,31.2,32.0,205.8,ADAPTIVE,20.765907499999997,6.4319999999999995
2020-08-29T17:17:21+00:00,31.3,32.0,205.5,ADAPTIVE,20.7728961111,6.449999999999999
2020-08-29T17:17:25+00:00,31.3,32.0,205.6,ADAPTIVE,20.7799088889,6.447
2020-08-29T17:17:29+00:00,31.3,32.0,205.8,ADAPTIVE,20.786898888899998,6.443
2020-08-29T17:17:33+00:00,31.2,32.0,205.8,ADAPTIVE,20.7938855556,6.423
2020-08-29T17:17:37+00:00,31.1,32.0,205.6,ADAPTIVE,20.8009041667,6.418
2020-08-29T17:17:41+00:00,31.4,32.0,205.8,ADAPTIVE,20.8078916667,6.4639999999999995
2020-08-29T17:17:45+00:00,31.1,32.0,205.7,ADAPTIVE,20.8148725,6.403
2020-08-29T17:17:49+00:00,31.3,32.0,205.7,ADAPTIVE,20.821900833299996,6.463
2020-08-29T17:17:52+00:00,31.4,32.0,205.8,ADAPTIVE,20.8288966667,6.463
2020-08-29T17:17:56+00:00,31.4,32.0,205.7,ADAPTIVE,20.835907499999998,6.459
2020-08-29T17:18:00+00:00,31.2,32.0,205.7,ADAPTIVE,20.8428927778,6.425
2020-08-29T17:18:04+00:00,31.4,32.0,205.7,ADAPTIVE,20.8498777778,6.462
2020-08-29T17:18:08+00:00,31.3,32.0,205.4,ADAPTIVE,20.856901111099997,6.459
2020-08-29T17:18:12+00:00,31.2,32.0,205.5,ADAPTIVE,20.8638825,6.422
2020-08-29T17:18:16+00:00,31.2,32.0,205.8,ADAPTIVE,20.8708994444,6.438
2020-08-29T17:18:20+00:00,31.1,32.0,205.7,ADAPTIVE,20.877888611099998,6.411
2020-08-29T17:18:24+00:00,31.2,32.0,205.4,ADAPTIVE,20.884899722199997,6.427
2020-08-29T17:18:28+00:00,31.3,32.0,205.6,ADAPTIVE,20.8918822222,6.447
2020-08-29T17:18:32+00:00,31.2,32.0,205.6,ADAPTIVE,20.898895,6.436999999999999
2020-08-29T17:18:36+00:00,31.2,32.0,205.5,ADAPTIVE,20.905874999999998,6.425
2020-08-29T17:18:40+00:00,31.3,32.0,205.6,ADAPTIVE,20.912855555599997,6.436
2020-08-29T17:18:44+00:00,31.2,32.0,205.5,ADAPTIVE,20.919876666700002,6.428
2020-08-29T17:18:48+00:00,31.2,32.0,205.5,ADAPTIVE,20.9268572222,6.4319999999999995
2020-08-29T17:18:52+00:00,31.3,32.0,205.5,ADAPTIVE,20.933845555599998,6.449999999999999
2020-08-29T17:18:56+00:00,31.3,32.0,205.5,ADAPTIVE,20.940863055599998,6.452999999999999
2020-08-29T17:18:59+00:00,31.2,32.0,205.5,ADAPTIVE,20.9478488889,6.428
2020-08-29T17:19:03+00:00,31.2,32.0,205.3,ADAPTIVE,20.954855833299998,6.4239999999999995
2020-08-29T17:19:07+00:00,31.3,32.0,205.4,ADAPTIVE,20.9618286111,6.4399999999999995
2020-08-29T17:19:11+00:00,31.3,32.0,205.6,ADAPTIVE,20.9688144444,6.441999999999999
2020-08-29T17:19:15+00:00,31.3,32.0,205.6,ADAPTIVE,20.9758277778,6.455
2020-08-29T17:19:19+00:00,31.3,32.0,205.3,ADAPTIVE,20.9828138889,6.4319999999999995
2020-08-29T17:19:23+00:00,31.4,32.0,205.5,ADAPTIVE,20.9897938889,6.455
2020-08-29T17:19:27+00:00,31.3,32.0,205.4,ADAPTIVE,20.9968044444,6.454
2020-08-29T17:19:31+00:00,31.2,32.0,205.4,ADAPTIVE,21.0037844444,6.414
2020-08-29T17:19:35+00:00,31.3,32.0,205.5,ADAPTIVE,21.010773055599998,6.441
2020-08-29T17:19:39+00:00,31.1,32.0,205.3,ADAPTIVE,21.0177869444,6.412999999999999
2020-08-29T17:19:43+00:00,31.3,32.0,205.5,ADAPTIVE,21.0247666667,6.444
2020-08-29T17:19:47+00:00,31.3,32.0,205.5,ADAPTIVE,21.0317494444,6.435
2020-08-29T17:19:51+00:00,31.2,32.0,205.4,ADAPTIVE,21.0387619444,6.425999999999999
2020-08-29T17:19:55+00:00,31.1,32.0,205.3,ADAPTIVE,21.0457411111,6.3999999999999995
2020-08-29T17:19:59+00:00,31.4,32.0,205.3,ADAPTIVE,21.0527255556,6.4719999999999995
2020-08-29T17:20:03+00:00,31.2,32.0,205.1,ADAPTIVE,21.0597413889,6.417
2020-08-29T17:20:06+00:00,31.2,32.0,205.3,ADAPTIVE,21.066714722199997,6.428
2020-08-29T17:20:10+00:00,31.2,32.0,205.4,ADAPTIVE,21.0736941667,6.438
2020-08-29T17:20:14+00:00,31.2,32.0,205.3,ADAPTIVE,21.0807094444,6.43
2020-08-29T17:20:18+00:00,31.2,32.0,205.6,ADAPTIVE,21.0876919444,6.433
2020-08-29T17:20:22+00:00,31.4,32.0,205.4,ADAPTIVE,21.094676388899998,6.467
2020-08-29T17:20:26+00:00,31.4,32.0,205.4,ADAPTIVE,21.1016872222,6.4639999999999995
2020-08-29T17:20:30+00:00,31.1,32.0,205.2,ADAPTIVE,21.1086752778,6.409
2020-08-29T17:20:34+00:00,31.3,32.0,205.4,ADAPTIVE,21.1156541667,6.459
2020-08-29T17:20:38+00:00,31.2,32.0,205.3,ADAPTIVE,21.122666666700002,6.417
2020-08-29T17:20:42+00:00,31.3,32.0,205.5,ADAPTIVE,21.1296502778,6.4559999999999995
2020-08-29T17:20:46+00:00,31.1,32.0,205.4,ADAPTIVE,21.136635833299998,6.403
2020-08-29T17:20:50+00:00,31.2,32.0,205.5,ADAPTIVE,21.143640555599998,6.425
2020-08-29T17:20:54+00:00,31.2,32.0,205.3,ADAPTIVE,21.150620833299996,6.433999999999999
2020-08-29T17:20:58+00:00,31.3,32.0,205.3,ADAPTIVE,21.1576016667,6.454
2020-08-29T17:21:02+00:00,31.4,32.0,205.4,ADAPTIVE,21.164618333299998,6.462
2020-08-29T17:21:06+00:00,31.1,32.0,205.5,ADAPTIVE,21.1715972222,6.411
2020-08-29T17:21:10+00:00,31.3,32.0,205.1,ADAPTIVE,21.1785788889,6.46
2020-08-29T17:21:13+00:00,31.2,32.0,205.7,ADAPTIVE,21.1855952778,6.419
2020-08-29T17:21:17+00:00,31.3,32.0,205.1,ADAPTIVE,21.1925786111,6.444
2020-08-29T17:21:21+00:00,31.1,32.0,205.6,ADAPTIVE,21.1995563889,6.396
2020-08-29T17:21:25+00:00,31.1,32.0,205.3,ADAPTIVE,21.2065652778,6.393
2020-08-29T17:21:29+00:00,31.4,32.0,205.4,ADAPTIVE,21.213546111099998,6.447
2020-08-29T17:21:33+00:00,31.1,32.0,205.6,ADAPTIVE,21.220533333299997,6.41
2020-08-29T17:21:37+00:00,31.3,32.0,205.2,ADAPTIVE,21.2275419444,6.4399999999999995
2020-08-29T17:21:41+00:00,31.1,32.0,205.8,ADAPTIVE,21.2345188889,6.407
2020-08-29T17:21:45+00:00,31.3,32.0,205.7,ADAPTIVE,21.2415005556,6.454
2020-08-29T17:21:49+00:00,31.3,32.0,205.7,ADAPTIVE,21.2485144444,6.435
2020-08-29T17:21:53+00:00,31.1,32.0,205.6,ADAPTIVE,21.2554952778,6.395
2020-08-29T17:21:57+00:00,31.2,32.0,205.2,ADAPTIVE,21.262474166700002,6.436999999999999
2020-08-29T17:22:01+00:00,31.2,32.0,205.5,ADAPTIVE,21.269490833299997,6.43
2020-08-29T17:22:05+00:00,31.4,32.0,205.4,ADAPTIVE,21.276475555599998,6.47
2020-08-29T17:22:09+00:00,31.1,32.0,205.7,ADAPTIVE,21.283460833299998,6.398
2020-08-29T17:22:13+00:00,31.3,32.0,205.3,ADAPTIVE,21.2904708333,6.452999999999999
2020-08-29T17:22:17+00:00,31.3,32.0,205.5,ADAPTIVE,21.2974544444,6.449
2020-08-29T17:22:20+00:00,31.2,32.0,205.4,ADAPTIVE,21.3044361111,6.417
2020-08-29T17:22:24+00:00,31.3,32.0,205.4,ADAPTIVE,21.3114452778,6.436
2020-08-29T17:22:28+00:00,31.2,32.0,205.7,ADAPTIVE,21.318419722199998,6.425
2020-08-29T17:22:32+00:00,31.4,32.0,205.5,ADAPTIVE,21.3254113889,6.468
2020-08-29T17:22:36+00:00,31.3,32.0,205.6,ADAPTIVE,21.332421111099997,6.452
2020-08-29T17:22:40+00:00,31.1,32.0,205.3,ADAPTIVE,21.3394063889,6.402
2020-08-29T17:22:44+00:00,31.1,32.0,205.6,ADAPTIVE,21.346420833299998,6.402
2020-08-29T17:22:48+00:00,31.3,32.0,205.8,ADAPTIVE,21.3533977778,6.441
2020-08-29T17:22:52+00:00,31.2,32.0,205.5,ADAPTIVE,21.3603763889,6.417
2020-08-29T17:22:56+00:00,31.3,32.0,205.6,ADAPTIVE,21.3673827778,6.433999999999999
2020-08-29T17:23:00+00:00,31.2,32.0,205.5,ADAPTIVE,21.3743641667,6.428
2020-08-29T17:23:04+00:00,31.2,32.0,205.7,ADAPTIVE,21.3813494444,6.436
2020-08-29T17:23:08+00:00,31.2,32.0,205.5,ADAPTIVE,21.3883577778,6.433
2020-08-29T17:23:12+00:00,31.1,32.0,205.4,ADAPTIVE,21.3953344444,6.41
2020-08-29T17:23:16+00:00,31.3,32.0,205.4,ADAPTIVE,21.4023166667,6.446
2020-08-29T17:23:20+00:00,31.2,32.0,205.6,ADAPTIVE,21.409335,6.423
2020-08-29T17:23:24+00:00,31.3,32.0,205.5,ADAPTIVE,21.416314999999997,6.447
2020-08-29T17:23:27+00:00,31.1,32.0,205.6,ADAPTIVE,21.423288055599997,6.401
2020-08-29T17:23:31+00:00,31.2,32.0,205.4,ADAPTIVE,21.4302722222,6.412999999999999
2020-08-29T17:23:35+00:00,31.4,32.0,205.6,ADAPTIVE,21.43726,6.467
2020-08-29T17:23:39+00:00,31.2,32.0,205.6,ADAPTIVE,21.4442391667,6.43
2020-08-29T17:23:43+00:00,31.3,32.0,205.6,ADAPTIVE,21.451256111099998,6.449999999999999
2020-08-29T17:23:47+00:00,31.3,32.0,205.4,ADAPTIVE,21.458243333299997,6.446
2020-08-29T17:23:51+00:00,31.3,32.0,205.6,ADAPTIVE,21.465225833299996,6.446
2020-08-29T17:23:55+00:00,31.3,32.0,205.5,ADAPTIVE,21.472245555599997,6.454
2020-08-29T17:23:59+00:00,31.2,32.0,205.4,ADAPTIVE,21.479228333299996,6.415
2020-08-29T17:24:03+00:00,31.4,32.0,205.6,ADAPTIVE,21.486239166700003,6.447
2020-08-29T17:24:07+00:00,31.3,32.0,205.7,ADAPTIVE,21.493221666700002,6.447
2020-08-29T17:24:11+00:00,31.2,32.0,205.5,ADAPTIVE,21.500208055599998,6.425999999999999
2020-08-29T17:24:15+00:00,31.2,32.0,205.5,ADAPTIVE,21.5071877778,6.425999999999999
2020-08-29T17:24:19+00:00,31.1,32.0,205.4,ADAPTIVE,21.514199722199997,6.396
2020-08-29T17:24:23+00:00,31.3,32.0,205.5,ADAPTIVE,21.5211825,6.4319999999999995
2020-08-29T17:24:27+00:00,31.2,32.0,205.6,ADAPTIVE,21.5281683333,6.43
2020-08-29T17:24:30+00:00,31.3,32.0,205.4,ADAPTIVE,21.5351761111,6.444
2020-08-29T17:24:34+00:00,31.1,32.0,205.6,ADAPTIVE,21.5421522222,6.403
2020-08-29T17:24:38+00:00,31.1,32.0,205.5,ADAPTIVE,21.5491613889,6.418
2020-08-29T17:24:42+00:00,31.3,32.0,205.5,ADAPTIVE,21.556145555599997,6.4479999999999995
2020-08-29T17:24:46+00:00,31.1,32.0,205.4,ADAPTIVE,21.5631269444,6.4079999999999995
2020-08-29T17:24:50+00:00,31.3,32.0,205.6,ADAPTIVE,21.5701369444,6.451
2020-08-29T17:24:54+00:00,31.3,32.0,205.6,ADAPTIVE,21.5771266667,6.431
2020-08-29T17:24:58+00:00,31.3,32.0,205.5,ADAPTIVE,21.584107222199997,6.4399999999999995
2020-08-29T17:25:02+00:00,31.3,32.0,205.5,ADAPTIVE,21.591123055599997,6.444
2020-08-29T17:25:06+00:00,31.2,32.0,205.3,ADAPTIVE,21.5981030556,6.423
2020-08-29T17:25:10+00:00,31.3,32.0,205.2,ADAPTIVE,21.6050766667,6.441
2020-08-29T17:25:14+00:00,31.2,32.0,205.3,ADAPTIVE,21.612083333299996,6.422
2020-08-29T17:25:18+00:00,31.2,32.0,205.6,ADAPTIVE,21.6190611111,6.427
2020-08-29T17:25:22+00:00,31.2,32.0,205.6,ADAPTIVE,21.626073333299995,6.417
2020-08-29T17:25:26+00:00,31.3,32.0,205.5,ADAPTIVE,21.633054722199997,6.444
2020-08-29T17:25:30+00:00,31.1,32.0,205.6,ADAPTIVE,21.6400283333,6.414
2020-08-29T17:25:34+00:00,31.1,32.0,205.7,ADAPTIVE,21.647031666700002,6.4079999999999995
2020-08-29T17:25:37+00:00,31.3,32.0,205.5,ADAPTIVE,21.6540208333,6.441
2020-08-29T17:25:41+00:00,31.2,32.0,205.7,ADAPTIVE,21.6610002778,6.43
2020-08-29T17:25:45+00:00,31.2,32.0,205.4,ADAPTIVE,21.668015,6.436
2020-08-29T17:25:49+00:00,31.3,32.0,205.6,ADAPTIVE,21.6750041667,6.4399999999999995
2020-08-29T17:25:53+00:00,31.2,32.0,205.5,ADAPTIVE,21.682015833299996,6.42
2020-08-29T17:25:57+00:00,31.1,32.0,206.3,ADAPTIVE,21.688993055599997,6.427
2020-08-29T17:26:01+00:00,31.3,32.0,206.5,ADAPTIVE,21.6960125,6.4879999999999995
2020-08-29T17:26:05+00:00,31.3,32.0,206.4,ADAPTIVE,21.7030763889,6.481
2020-08-29T17:26:09+00:00,31.3,32.0,206.1,ADAPTIVE,21.7101113889,6.4719999999999995
2020-08-29T17:26:13+00:00,31.4,32.0,206.4,ADAPTIVE,21.717175555599997,6.491
2020-08-29T17:26:17+00:00,31.4,32.0,206.4,ADAPTIVE,21.7242141667,6.492999999999999
2020-08-29T17:26:21+00:00,31.2,32.0,206.5,ADAPTIVE,21.731279722199996,6.46
2020-08-29T17:26:25+00:00,31.0,32.0,206.5,ADAPTIVE,21.7383094444,6.425
2020-08-29T17:26:29+00:00,31.2,32.0,206.6,ADAPTIVE,21.7453122222,6.46
2020-08-29T17:26:33+00:00,31.2,32.0,206.4,ADAPTIVE,21.7523269444,6.444999999999999
2020-08-29T17:26:37+00:00,31.1,32.0,206.4,ADAPTIVE,21.759313611099998,6.4399999999999995
2020-08-29T17:26:41+00:00,31.0,32.0,206.4,ADAPTIVE,21.766331111099998,6.409
2020-08-29T17:26:44+00:00,31.1,32.0,206.6,ADAPTIVE,21.7733186111,6.444
2020-08-29T17:26:48+00:00,31.1,32.0,206.5,ADAPTIVE,21.7803302778,6.443
2020-08-29T17:26:52+00:00,31.2,32.0,206.1,ADAPTIVE,21.7873133333,6.451
2020-08-29T17:26:56+00:00,31.4,32.0,206.4,ADAPTIVE,21.7943163889,6.492999999999999
2020-08-29T17:27:00+00:00,31.4,32.0,206.4,ADAPTIVE,21.8013777778,6.497999999999999
2020-08-29T17:27:04+00:00,31.4,32.0,206.3,ADAPTIVE,21.8084119444,6.4799999999999995
2020-08-29T17:27:08+00:00,31.4,32.0,206.5,ADAPTIVE,21.815474722199998,6.489
2020-08-29T17:27:12+00:00,31.0,32.0,206.7,ADAPTIVE,21.8224941667,6.427
2020-08-29T17:27:16+00:00,31.2,32.0,206.3,ADAPTIVE,21.8294852778,6.468999999999999
2020-08-29T17:27:20+00:00,31.1,32.0,206.6,ADAPTIVE,21.836506111099997,6.43
2020-08-29T17:27:24+00:00,31.3,32.0,206.2,ADAPTIVE,21.843488888899998,6.478
2020-08-29T17:27:28+00:00,31.3,32.0,206.5,ADAPTIVE,21.850546111099998,6.465999999999999
2020-08-29T17:27:32+00:00,31.3,32.0,206.5,ADAPTIVE,21.857577499999998,6.486
2020-08-29T17:27:36+00:00,31.3,32.0,206.6,ADAPTIVE,21.8646063889,6.476999999999999
2020-08-29T17:27:40+00:00,31.4,32.0,206.4,ADAPTIVE,21.8716672222,6.491
2020-08-29T17:27:44+00:00,31.2,32.0,206.8,ADAPTIVE,21.878698333299997,6.465999999999999
2020-08-29T17:27:48+00:00,31.4,32.0,206.4,ADAPTIVE,21.8857613889,6.505
2020-08-29T17:27:51+00:00,31.4,32.0,206.3,ADAPTIVE,21.892795,6.483
2020-08-29T17:27:55+00:00,31.0,32.0,206.3,ADAPTIVE,21.8998436111,6.415
2020-08-29T17:27:59+00:00,31.3,32.0,206.2,ADAPTIVE,21.9068294444,6.459
2020-08-29T17:28:03+00:00,31.0,32.0,206.3,ADAPTIVE,21.913815,6.4079999999999995
2020-08-29T17:28:07+00:00,31.0,32.0,206.1,ADAPTIVE,21.9208263889,6.411
2020-08-29T17:28:11+00:00,31.3,32.0,206.2,ADAPTIVE,21.9278541667,6.468
2020-08-29T17:28:15+00:00,31.3,32.0,206.4,ADAPTIVE,21.934918333299997,6.475
2020-08-29T17:28:19+00:00,31.3,32.0,206.2,ADAPTIVE,21.9419525,6.481999999999999
2020-08-29T17:28:23+00:00,31.2,32.0,206.5,ADAPTIVE,21.9489719444,6.460999999999999
2020-08-29T17:28:27+00:00,31.3,32.0,206.3,ADAPTIVE,21.955991111099998,6.462
2020-08-29T17:28:31+00:00,31.1,32.0,206.5,ADAPTIVE,21.9629838889,6.418
2020-08-29T17:28:35+00:00,31.2,32.0,206.4,ADAPTIVE,21.969970555599996,6.452
2020-08-29T17:28:39+00:00,31.4,32.0,206.2,ADAPTIVE,21.977014166700002,6.484999999999999
2020-08-29T17:28:43+00:00,31.3,32.0,206.1,ADAPTIVE,21.984043333299997,6.473999999999999
2020-08-29T17:28:47+00:00,31.3,32.0,206.1,ADAPTIVE,21.9911038889,6.478
2020-08-29T17:28:51+00:00,31.1,32.0,206.4,ADAPTIVE,21.9980925,6.427
2020-08-29T17:28:55+00:00,31.3,32.0,206.3,ADAPTIVE,22.0050822222,6.463
2020-08-29T17:28:58+00:00,31.1,32.0,206.3,ADAPTIVE,22.0120975,6.4399999999999995
2020-08-29T17:29:02+00:00,31.3,32.0,206.5,ADAPTIVE,22.0191297222,6.476
2020-08-29T17:29:06+00:00,31.3,32.0,206.2,ADAPTIVE,22.0261916667,6.47
2020-08-29T17:29:10+00:00,31.4,32.0,206.4,ADAPTIVE,22.0332219444,6.495
2020-08-29T17:29:14+00:00,31.3,32.0,206.5,ADAPTIVE,22.040250833299996,6.463
2020-08-29T17:29:18+00:00,31.3,32.0,206.4,ADAPTIVE,22.047311111099997,6.473
2020-08-29T17:29:22+00:00,31.3,32.0,206.0,ADAPTIVE,22.054341111099998,6.473999999999999
2020-08-29T17:29:26+00:00,31.1,32.0,206.4,ADAPTIVE,22.061374166700002,6.428
2020-08-29T17:29:30+00:00,31.3,32.0,206.2,ADAPTIVE,22.0683627778,6.467
2020-08-29T17:29:34+00:00,31.2,32.0,206.3,ADAPTIVE,22.075354166700002,6.447
2020-08-29T17:29:38+00:00,31.0,32.0,206.3,ADAPTIVE,22.082378333299996,6.4159999999999995
2020-08-29T17:29:42+00:00,31.2,32.0,206.3,ADAPTIVE,22.089367499999998,6.455
2020-08-29T17:29:46+00:00,31.3,32.0,206.3,ADAPTIVE,22.0963813889,6.468
2020-08-29T17:29:50+00:00,31.1,32.0,206.4,ADAPTIVE,22.103363611099997,6.433
2020-08-29T17:29:54+00:00,31.3,32.0,206.3,ADAPTIVE,22.1103769444,6.4639999999999995
2020-08-29T17:29:58+00:00,31.4,32.0,206.2,ADAPTIVE,22.117395555599998,6.481
2020-08-29T17:30:01+00:00,31.4,32.0,206.3,ADAPTIVE,22.124454999999998,6.489
2020-08-29T17:30:05+00:00,31.4,32.0,206.2,ADAPTIVE,22.1314863889,6.483
2020-08-29T17:30:09+00:00,31.3,32.0,206.4,ADAPTIVE,22.1385138889,6.467
2020-08-29T17:30:13+00:00,31.4,32.0,206.4,ADAPTIVE,22.145573055599996,6.492999999999999
2020-08-29T17:30:17+00:00,31.3,32.0,206.4,ADAPTIVE,22.152603055599997,6.486
2020-08-29T17:30:21+00:00,31.3,32.0,206.4,ADAPTIVE,22.159667499999998,6.4799999999999995
2020-08-29T17:30:25+00:00,31.2,32.0,206.4,ADAPTIVE,22.1666991667,6.4559999999999995
2020-08-29T17:30:29+00:00,31.2,32.0,206.5,ADAPTIVE,22.173753611099997,6.465999999999999
2020-08-29T17:30:33+00:00,31.3,32.0,206.4,ADAPTIVE,22.1807841667,6.484
2020-08-29T17:30:37+00:00,31.3,32.0,206.0,ADAPTIVE,22.1878452778,6.479
2020-08-29T17:30:41+00:00,31.4,32.0,206.0,ADAPTIVE,22.1948766667,6.484
2020-08-29T17:30:45+00:00,31.4,32.0,206.2,ADAPTIVE,22.201905833299996,6.491
2020-08-29T17:30:49+00:00,31.3,32.0,206.1,ADAPTIVE,22.208966111099997,6.478
2020-08-29T17:30:53+00:00,31.2,32.0,206.2,ADAPTIVE,22.2159677778,6.452
2020-08-29T17:30:57+00:00,31.1,32.0,206.6,ADAPTIVE,22.222984722199996,6.446
2020-08-29T17:31:01+00:00,31.0,32.0,206.3,ADAPTIVE,22.2299744444,6.411
2020-08-29T17:31:05+00:00,31.1,32.0,206.3,ADAPTIVE,22.2369925,6.43
2020-08-29T17:31:08+00:00,31.1,32.0,206.2,ADAPTIVE,22.2439788889,6.428999999999999
2020-08-29T17:31:12+00:00,31.3,32.0,206.3,ADAPTIVE,22.2509705556,6.481
2020-08-29T17:31:16+00:00,31.3,32.0,206.2,ADAPTIVE,22.2580325,6.4799999999999995
2020-08-29T17:31:20+00:00,31.4,32.0,206.5,ADAPTIVE,22.2650644444,6.487
2020-08-29T17:31:24+00:00,31.4,32.0,206.0,ADAPTIVE,22.2721236111,6.481999999999999
2020-08-29T17:31:28+00:00,31.4,32.0,206.2,ADAPTIVE,22.2791530556,6.492999999999999
2020-08-29T17:31:32+00:00,31.3,32.0,206.2,ADAPTIVE,22.2861811111,6.4639999999999995
2020-08-29T17:31:36+00:00,31.0,32.0,206.4,ADAPTIVE,22.2932277778,6.415
2020-08-29T17:31:40+00:00,31.2,32.0,206.2,ADAPTIVE,22.3002152778,6.462
2020-08-29T17:31:44+00:00,31.2,32.0,206.3,ADAPTIVE,22.3072358333,6.462
2020-08-29T17:31:48+00:00,31.1,32.0,206.4,ADAPTIVE,22.3142294444,6.422
2020-08-29T17:31:52+00:00,31.1,32.0,206.2,ADAPTIVE,22.321245833299997,6.43
2020-08-29T17:31:56+00:00,31.3,32.0,206.1,ADAPTIVE,22.3282372222,6.4639999999999995
2020-08-29T17:32:00+00:00,31.1,32.0,206.3,ADAPTIVE,22.3352263889,6.436999999999999
2020-08-29T17:32:04+00:00,31.1,32.0,206.2,ADAPTIVE,22.3422488889,6.439
2020-08-29T17:32:08+00:00,31.0,32.0,206.2,ADAPTIVE,22.3492344444,6.401
2020-08-29T17:32:12+00:00,31.1,32.0,206.0,ADAPTIVE,22.3562438889,6.4319999999999995
2020-08-29T17:32:15+00:00,31.2,32.0,206.1,ADAPTIVE,22.3632377778,6.451
2020-08-29T17:32:19+00:00,31.3,32.0,206.4,ADAPTIVE,22.3702694444,6.4799999999999995
2020-08-29T17:32:23+00:00,31.4,32.0,206.1,ADAPTIVE,22.377291388899998,6.487
2020-08-29T17:32:27+00:00,31.3,32.0,206.4,ADAPTIVE,22.3843466667,6.460999999999999
2020-08-29T17:32:31+00:00,31.3,32.0,206.1,ADAPTIVE,22.3913763889,6.4719999999999995
2020-08-29T17:32:35+00:00,31.4,32.0,206.1,ADAPTIVE,22.3984027778,6.4799999999999995
2020-08-29T17:32:39+00:00,31.3,32.0,206.6,ADAPTIVE,22.4054644444,6.484999999999999
2020-08-29T17:32:43+00:00,31.3,32.0,206.5,ADAPTIVE,22.4125025,6.479
2020-08-29T17:32:47+00:00,31.3,32.0,206.6,ADAPTIVE,22.4195727778,6.483
2020-08-29T17:32:51+00:00,31.1,32.0,206.4,ADAPTIVE,22.426569999999998,6.436
2020-08-29T17:32:55+00:00,31.1,32.0,206.6,ADAPTIVE,22.4335272222,6.441
2020-08-29T17:32:59+00:00,31.1,32.0,206.5,ADAPTIVE,22.4405441667,6.4319999999999995
2020-08-29T17:33:03+00:00,31.3,32.0,206.3,ADAPTIVE,22.447553055599997,6.47
2020-08-29T17:33:07+00:00,31.3,32.0,206.6,ADAPTIVE,22.4546202778,6.4879999999999995
2020-08-29T17:33:11+00:00,31.4,32.0,206.5,ADAPTIVE,22.4616563889,6.507
2020-08-29T17:33:15+00:00,31.3,32.0,206.4,ADAPTIVE,22.468720555599997,6.479
2020-08-29T17:33:19+00:00,31.4,32.0,206.3,ADAPTIVE,22.4757563889,6.484
2020-08-29T17:33:22+00:00,31.4,32.0,206.2,ADAPTIVE,22.4827877778,6.492999999999999
2020-08-29T17:33:26+00:00,31.4,32.0,206.2,ADAPTIVE,22.4898513889,6.492999999999999
2020-08-29T17:33:30+00:00,31.2,32.0,206.4,ADAPTIVE,22.4968794444,6.462
2020-08-29T17:33:34+00:00,31.1,32.0,206.4,ADAPTIVE,22.503900555599998,6.436999999999999
2020-08-29T17:33:38+00:00,31.1,32.0,206.6,ADAPTIVE,22.5108922222,6.428999999999999
2020-08-29T17:33:42+00:00,31.2,32.0,206.6,ADAPTIVE,22.517878055599997,6.468999999999999
2020-08-29T17:33:46+00:00,31.4,32.0,206.6,ADAPTIVE,22.524910555599998,6.499
2020-08-29T17:33:52+00:00,31.3,32.0,206.8,ADAPTIVE,22.531949722199997,6.468
2020-08-29T17:33:54+00:00,31.4,32.0,206.4,ADAPTIVE,22.539015,6.504
2020-08-29T17:33:58+00:00,31.4,32.0,206.4,ADAPTIVE,22.5460497222,6.5
2020-08-29T17:34:02+00:00,31.3,32.0,206.6,ADAPTIVE,22.553114722199997,6.481
2020-08-29T17:34:06+00:00,31.3,32.0,206.3,ADAPTIVE,22.5601491667,6.481999999999999
2020-08-29T17:34:10+00:00,31.2,32.0,206.6,ADAPTIVE,22.567183333299997,6.468999999999999
2020-08-29T17:34:14+00:00,31.4,32.0,206.2,ADAPTIVE,22.5742505556,6.5
2020-08-29T17:34:18+00:00,31.4,32.0,206.5,ADAPTIVE,22.581288055599998,6.5
2020-08-29T17:34:22+00:00,31.3,32.0,206.6,ADAPTIVE,22.588352222199997,6.484999999999999
2020-08-29T17:34:26+00:00,31.4,32.0,206.4,ADAPTIVE,22.5953916667,6.486
2020-08-29T17:34:29+00:00,31.4,32.0,206.5,ADAPTIVE,22.602460555599997,6.5009999999999994
2020-08-29T17:34:33+00:00,31.2,32.0,206.6,ADAPTIVE,22.609459166700002,6.449
2020-08-29T17:34:37+00:00,31.0,32.0,206.3,ADAPTIVE,22.616448333299996,6.4239999999999995
2020-08-29T17:34:41+00:00,31.0,32.0,206.5,ADAPTIVE,22.6234641667,6.4079999999999995
2020-08-29T17:34:45+00:00,31.1,32.0,206.6,ADAPTIVE,22.6304477778,6.443
2020-08-29T17:34:49+00:00,31.2,32.0,206.2,ADAPTIVE,22.6374597222,6.439
2020-08-29T17:34:53+00:00,31.2,32.0,206.2,ADAPTIVE,22.644455,6.449999999999999
2020-08-29T17:34:57+00:00,31.3,32.0,206.4,ADAPTIVE,22.6515166667,6.468999999999999
2020-08-29T17:35:01+00:00,31.3,32.0,206.4,ADAPTIVE,22.6585516667,6.491
2020-08-29T17:35:05+00:00,31.3,32.0,206.5,ADAPTIVE,22.665586111099998,6.473999999999999
2020-08-29T17:35:09+00:00,31.3,32.0,206.5,ADAPTIVE,22.6726527778,6.484
2020-08-29T17:35:13+00:00,31.3,32.0,206.5,ADAPTIVE,22.679688055599996,6.478
2020-08-29T17:35:17+00:00,31.4,32.0,206.5,ADAPTIVE,22.6867552778,6.497
2020-08-29T17:35:21+00:00,31.4,32.0,206.4,ADAPTIVE,22.693791111099998,6.4879999999999995
2020-08-29T17:35:25+00:00,31.3,32.0,206.4,ADAPTIVE,22.7008544444,6.483
2020-08-29T17:35:29+00:00,31.3,32.0,206.3,ADAPTIVE,22.70789,6.4719999999999995
2020-08-29T17:35:33+00:00,31.4,32.0,206.3,ADAPTIVE,22.714953611099997,6.502
2020-08-29T17:35:36+00:00,31.4,32.0,206.1,ADAPTIVE,22.7219866667,6.494
2020-08-29T17:35:40+00:00,31.4,32.0,206.2,ADAPTIVE,22.7290202778,6.495
2020-08-29T17:35:44+00:00,31.3,32.0,206.3,ADAPTIVE,22.7360866667,6.478
2020-08-29T17:35:48+00:00,31.1,32.0,206.3,ADAPTIVE,22.7430886111,6.449999999999999
2020-08-29T17:35:52+00:00,31.1,32.0,206.5,ADAPTIVE,22.7501086111,6.433999999999999
2020-08-29T17:35:56+00:00,31.2,32.0,206.6,ADAPTIVE,22.7570972222,6.449
2020-08-29T17:36:00+00:00,31.1,32.0,206.2,ADAPTIVE,22.7641125,6.446
2020-08-29T17:36:04+00:00,31.3,32.0,206.5,ADAPTIVE,22.7711069444,6.468
2020-08-29T17:36:08+00:00,31.2,32.0,206.4,ADAPTIVE,22.7781225,6.454
2020-08-29T17:36:12+00:00,31.1,32.0,206.5,ADAPTIVE,22.7851105556,6.423
2020-08-29T17:36:16+00:00,31.3,32.0,206.6,ADAPTIVE,22.7921608333,6.489
2020-08-29T17:36:20+00:00,31.3,32.0,206.7,ADAPTIVE,22.7991947222,6.484
2020-08-29T17:36:24+00:00,31.4,32.0,206.5,ADAPTIVE,22.806258333299997,6.4879999999999995
2020-08-29T17:36:28+00:00,31.4,32.0,206.0,ADAPTIVE,22.8132905556,6.497999999999999
2020-08-29T17:36:32+00:00,31.4,32.0,206.5,ADAPTIVE,22.820353333299998,6.494
2020-08-29T17:36:36+00:00,31.3,32.0,206.2,ADAPTIVE,22.8273794444,6.475
2020-08-29T17:36:40+00:00,31.3,32.0,206.5,ADAPTIVE,22.8344119444,6.473999999999999
2020-08-29T17:36:43+00:00,31.3,32.0,206.2,ADAPTIVE,22.8414744444,6.479
2020-08-29T17:36:47+00:00,31.3,32.0,206.4,ADAPTIVE,22.8485055556,6.4639999999999995
2020-08-29T17:36:51+00:00,31.3,32.0,206.5,ADAPTIVE,22.855563333299997,6.484999999999999
2020-08-29T17:36:55+00:00,31.3,32.0,206.0,ADAPTIVE,22.8625938889,6.476999999999999
2020-08-29T17:36:59+00:00,31.4,32.0,206.5,ADAPTIVE,22.869655833299998,6.4879999999999995
2020-08-29T17:37:03+00:00,31.4,32.0,206.6,ADAPTIVE,22.8766852778,6.492999999999999
2020-08-29T17:37:07+00:00,31.3,32.0,206.5,ADAPTIVE,22.88375,6.487
2020-08-29T17:37:11+00:00,31.3,32.0,206.5,ADAPTIVE,22.890758611099997,6.476
2020-08-29T17:37:15+00:00,30.9,32.0,206.2,ADAPTIVE,22.8977766667,6.3919999999999995
2020-08-29T17:37:19+00:00,31.1,32.0,206.5,ADAPTIVE,22.9047594444,6.441
2020-08-29T17:37:23+00:00,31.0,32.0,206.1,ADAPTIVE,22.911768333299996,6.418
2020-08-29T17:37:27+00:00,31.2,32.0,206.4,ADAPTIVE,22.9187491667,6.460999999999999
2020-08-29T17:37:31+00:00,31.3,32.0,206.6,ADAPTIVE,22.9257644444,6.465
2020-08-29T17:37:35+00:00,31.1,32.0,206.4,ADAPTIVE,22.9327505556,6.431
2020-08-29T17:37:39+00:00,31.1,32.0,206.6,ADAPTIVE,22.9397616667,6.436999999999999
2020-08-29T17:37:43+00:00,31.0,32.0,206.5,ADAPTIVE,22.946748333299997,6.409
2020-08-29T17:37:47+00:00,31.3,32.0,206.4,ADAPTIVE,22.9538097222,6.489
2020-08-29T17:37:50+00:00,31.3,32.0,206.5,ADAPTIVE,22.960840555599997,6.471
2020-08-29T17:37:54+00:00,31.3,32.0,206.4,ADAPTIVE,22.967902499999997,6.479
2020-08-29T17:37:58+00:00,31.3,32.0,206.4,ADAPTIVE,22.9749319444,6.475
2020-08-29T17:38:02+00:00,31.4,32.0,206.7,ADAPTIVE,22.9819913889,6.489
2020-08-29T17:38:06+00:00,31.3,32.0,206.5,ADAPTIVE,22.9890177778,6.484999999999999
2020-08-29T17:38:10+00:00,31.3,32.0,206.5,ADAPTIVE,22.996079722199998,6.479
2020-08-29T17:38:14+00:00,31.3,32.0,206.5,ADAPTIVE,23.003113333299996,6.471
2020-08-29T17:38:18+00:00,31.3,32.0,206.2,ADAPTIVE,23.0101452778,6.479
2020-08-29T17:38:22+00:00,31.2,32.0,206.5,ADAPTIVE,23.0172086111,6.473
2020-08-29T17:38:26+00:00,31.3,32.0,206.0,ADAPTIVE,23.024242222199998,6.4799999999999995
2020-08-29T17:38:30+00:00,31.3,32.0,206.5,ADAPTIVE,23.031296111099998,6.475
2020-08-29T17:38:34+00:00,31.3,32.0,206.8,ADAPTIVE,23.0383216667,6.481999999999999
2020-08-29T17:38:38+00:00,31.3,32.0,206.7,ADAPTIVE,23.045380833299998,6.478
2020-08-29T17:38:42+00:00,31.3,32.0,206.4,ADAPTIVE,23.0524127778,6.492
2020-08-29T17:38:46+00:00,31.4,32.0,206.4,ADAPTIVE,23.059470833299997,6.479
2020-08-29T17:38:50+00:00,31.4,32.0,206.4,ADAPTIVE,23.0664988889,6.487
2020-08-29T17:38:53+00:00,31.4,32.0,206.4,ADAPTIVE,23.0735594444,6.5009999999999994
2020-08-29T17:38:57+00:00,31.3,32.0,206.5,ADAPTIVE,23.0805894444,6.479
2020-08-29T17:39:01+00:00,31.3,32.0,206.4,ADAPTIVE,23.08765,6.468
2020-08-29T17:39:05+00:00,31.3,32.0,206.3,ADAPTIVE,23.0946813889,6.484999999999999
2020-08-29T17:39:09+00:00,31.2,32.0,206.6,ADAPTIVE,23.101734999999998,6.451
2020-08-29T17:39:13+00:00,31.2,32.0,206.1,ADAPTIVE,23.108715833299996,6.462
2020-08-29T17:39:17+00:00,31.2,32.0,206.7,ADAPTIVE,23.115724999999998,6.4479999999999995
2020-08-29T17:39:21+00:00,31.2,32.0,206.6,ADAPTIVE,23.122706111099998,6.460999999999999
2020-08-29T17:39:25+00:00,31.1,32.0,206.3,ADAPTIVE,23.1297241667,6.4399999999999995
2020-08-29T17:39:29+00:00,31.1,32.0,206.5,ADAPTIVE,23.136711666700002,6.441
2020-08-29T17:39:33+00:00,31.2,32.0,206.5,ADAPTIVE,23.1437047222,6.451
2020-08-29T17:39:37+00:00,31.2,32.0,206.5,ADAPTIVE,23.150717222199997,6.439
2020-08-29T17:39:41+00:00,31.2,32.0,206.4,ADAPTIVE,23.1577119444,6.454
2020-08-29T17:39:45+00:00,31.2,32.0,206.3,ADAPTIVE,23.1647344444,6.436999999999999
2020-08-29T17:39:49+00:00,31.1,32.0,206.3,ADAPTIVE,23.1717280556,6.438
2020-08-29T17:39:53+00:00,31.0,32.0,206.3,ADAPTIVE,23.1787441667,6.423
2020-08-29T17:39:57+00:00,31.2,32.0,206.5,ADAPTIVE,23.1857319444,6.452999999999999
2020-08-29T17:40:00+00:00,31.3,32.0,206.3,ADAPTIVE,23.1927491667,6.467
2020-08-29T17:40:04+00:00,31.0,32.0,206.1,ADAPTIVE,23.1997313889,6.3999999999999995
2020-08-29T17:40:08+00:00,31.4,32.0,206.2,ADAPTIVE,23.2067383333,6.481999999999999
2020-08-29T17:40:12+00:00,31.3,32.0,206.5,ADAPTIVE,23.2137961111,6.463
2020-08-29T17:40:16+00:00,31.4,32.0,206.3,ADAPTIVE,23.220825555599998,6.492
2020-08-29T17:40:20+00:00,31.0,32.0,206.1,ADAPTIVE,23.2278513889,6.411
2020-08-29T17:40:24+00:00,31.1,32.0,206.2,ADAPTIVE,23.2348311111,6.428999999999999
2020-08-29T17:40:28+00:00,31.1,32.0,206.2,ADAPTIVE,23.2418097222,6.428999999999999
2020-08-29T17:40:32+00:00,31.4,32.0,206.3,ADAPTIVE,23.248833611099997,6.487
2020-08-29T17:40:36+00:00,31.3,32.0,206.4,ADAPTIVE,23.255858333299997,6.481
2020-08-29T17:40:40+00:00,31.4,32.0,206.3,ADAPTIVE,23.2629136111,6.484999999999999
2020-08-29T17:40:44+00:00,31.4,32.0,206.0,ADAPTIVE,23.2699675,6.489999999999999
2020-08-29T17:40:48+00:00,31.0,32.0,205.9,ADAPTIVE,23.2769886111,6.420999999999999
2020-08-29T17:40:52+00:00,31.1,32.0,206.2,ADAPTIVE,23.2840008333,6.441
2020-08-29T17:40:56+00:00,31.1,32.0,206.4,ADAPTIVE,23.290981666700002,6.431
2020-08-29T17:41:00+00:00,31.2,32.0,206.5,ADAPTIVE,23.297965833299997,6.452
2020-08-29T17:41:04+00:00,31.3,32.0,206.2,ADAPTIVE,23.3049702778,6.468999999999999
2020-08-29T17:41:07+00:00,31.1,32.0,206.5,ADAPTIVE,23.3119561111,6.425999999999999
2020-08-29T17:41:11+00:00,31.2,32.0,206.2,ADAPTIVE,23.318967222199998,6.454
2020-08-29T17:41:15+00:00,31.1,32.0,206.3,ADAPTIVE,23.3259488889,6.427
2020-08-29T17:41:19+00:00,31.3,32.0,206.4,ADAPTIVE,23.332961111099998,6.465999999999999
2020-08-29T17:41:23+00:00,31.3,32.0,206.2,ADAPTIVE,23.339987222199998,6.479
2020-08-29T17:41:27+00:00,31.3,32.0,206.3,ADAPTIVE,23.3470441667,6.471
2020-08-29T17:41:31+00:00,31.4,32.0,206.0,ADAPTIVE,23.354074999999998,6.4799999999999995
2020-08-29T17:41:35+00:00,31.2,32.0,206.3,ADAPTIVE,23.361083055599998,6.444
2020-08-29T17:41:39+00:00,31.2,32.0,206.5,ADAPTIVE,23.368100833299998,6.446
2020-08-29T17:41:43+00:00,31.1,32.0,206.4,ADAPTIVE,23.3750894444,6.444
2020-08-29T17:41:47+00:00,31.2,32.0,206.3,ADAPTIVE,23.3820727778,6.446
2020-08-29T17:41:51+00:00,31.1,32.0,206.3,ADAPTIVE,23.389085555599998,6.439
2020-08-29T17:41:55+00:00,31.1,32.0,206.5,ADAPTIVE,23.3960777778,6.428
2020-08-29T17:41:59+00:00,31.0,32.0,206.1,ADAPTIVE,23.403089722199997,6.4079999999999995
2020-08-29T17:42:03+00:00,31.2,32.0,206.3,ADAPTIVE,23.4100894444,6.449
2020-08-29T17:42:07+00:00,31.3,32.0,206.4,ADAPTIVE,23.4171480556,6.478
2020-08-29T17:42:11+00:00,31.3,32.0,206.2,ADAPTIVE,23.4241813889,6.4799999999999995
2020-08-29T17:42:14+00:00,31.3,32.0,206.0,ADAPTIVE,23.43124,6.468999999999999
2020-08-29T17:42:18+00:00,31.4,32.0,206.2,ADAPTIVE,23.438238611099997,6.492
2020-08-29T17:42:22+00:00,31.4,32.0,206.1,ADAPTIVE,23.4452922222,6.487
2020-08-29T17:42:26+00:00,31.3,32.0,206.1,ADAPTIVE,23.452314722199997,6.473999999999999
2020-08-29T17:42:30+00:00,31.3,32.0,206.0,ADAPTIVE,23.4593402778,6.465999999999999
2020-08-29T17:42:34+00:00,31.1,32.0,206.2,ADAPTIVE,23.466359722199996,6.428
2020-08-29T17:42:38+00:00,31.2,32.0,206.2,ADAPTIVE,23.473348611099997,6.4559999999999995
2020-08-29T17:42:42+00:00,31.3,32.0,206.4,ADAPTIVE,23.480367222199998,6.465
2020-08-29T17:42:46+00:00,31.1,32.0,206.3,ADAPTIVE,23.4873516667,6.435
2020-08-29T17:42:50+00:00,31.2,32.0,206.3,ADAPTIVE,23.4943316667,6.447
2020-08-29T17:42:54+00:00,31.4,32.0,206.4,ADAPTIVE,23.501368055599997,6.4799999999999995
2020-08-29T17:42:58+00:00,31.3,32.0,206.2,ADAPTIVE,23.5083894444,6.478
2020-08-29T17:43:02+00:00,31.3,32.0,206.3,ADAPTIVE,23.5154386111,6.463
2020-08-29T17:43:06+00:00,31.3,32.0,206.2,ADAPTIVE,23.5224544444,6.457
2020-08-29T17:43:10+00:00,31.2,32.0,206.1,ADAPTIVE,23.529498333299998,6.441
2020-08-29T17:43:14+00:00,31.2,32.0,206.1,ADAPTIVE,23.5365125,6.452
2020-08-29T17:43:18+00:00,31.4,32.0,206.1,ADAPTIVE,23.543532499999998,6.484
2020-08-29T17:43:21+00:00,31.4,32.0,206.2,ADAPTIVE,23.5505752778,6.479
2020-08-29T17:43:25+00:00,31.2,32.0,206.2,ADAPTIVE,23.5575577778,6.443
2020-08-29T17:43:29+00:00,31.3,32.0,206.1,ADAPTIVE,23.5645891667,6.452
2020-08-29T17:43:33+00:00,31.3,32.0,206.0,ADAPTIVE,23.571605555599998,6.46
2020-08-29T17:43:37+00:00,31.3,32.0,206.1,ADAPTIVE,23.5786544444,6.465
2020-08-29T17:43:41+00:00,31.3,32.0,206.0,ADAPTIVE,23.5856738889,6.460999999999999
2020-08-29T17:43:45+00:00,31.3,32.0,206.0,ADAPTIVE,23.5927244444,6.467
2020-08-29T17:43:49+00:00,31.2,32.0,206.1,ADAPTIVE,23.5997130556,6.435
2020-08-29T17:43:53+00:00,31.0,32.0,206.1,ADAPTIVE,23.606694166700002,6.3919999999999995
2020-08-29T17:43:57+00:00,31.1,32.0,206.0,ADAPTIVE,23.6137094444,6.423
2020-08-29T17:44:01+00:00,31.2,32.0,206.0,ADAPTIVE,23.620693333299997,6.454
2020-08-29T17:44:05+00:00,31.3,32.0,206.1,ADAPTIVE,23.627707222199998,6.457
2020-08-29T17:44:09+00:00,31.0,32.0,206.0,ADAPTIVE,23.6346861111,6.3919999999999995
2020-08-29T17:44:13+00:00,31.2,32.0,205.9,ADAPTIVE,23.6416641667,6.441999999999999
2020-08-29T17:44:17+00:00,31.3,32.0,206.1,ADAPTIVE,23.6486933333,6.462
2020-08-29T17:44:21+00:00,31.3,32.0,205.5,ADAPTIVE,23.6557016667,6.452999999999999
2020-08-29T17:44:24+00:00,31.3,32.0,205.5,ADAPTIVE,23.66274,6.465
2020-08-29T17:44:28+00:00,31.3,32.0,205.8,ADAPTIVE,23.669744722199997,6.452999999999999
2020-08-29T17:44:32+00:00,31.4,32.0,205.8,ADAPTIVE,23.6767811111,6.4719999999999995
2020-08-29T17:44:36+00:00,31.4,32.0,205.4,ADAPTIVE,23.683782222199998,6.463
2020-08-29T17:44:40+00:00,31.3,32.0,205.7,ADAPTIVE,23.6908144444,6.452999999999999
2020-08-29T17:44:44+00:00,31.3,32.0,205.9,ADAPTIVE,23.697818611099997,6.449999999999999
2020-08-29T17:44:48+00:00,31.3,32.0,205.9,ADAPTIVE,23.704826111099997,6.465
2020-08-29T17:44:52+00:00,31.3,32.0,205.8,ADAPTIVE,23.7118516667,6.46
2020-08-29T17:44:56+00:00,31.1,32.0,205.7,ADAPTIVE,23.7188294444,6.420999999999999
2020-08-29T17:45:00+00:00,31.1,32.0,205.8,ADAPTIVE,23.725843611099997,6.415
2020-08-29T17:45:04+00:00,31.3,32.0,205.8,ADAPTIVE,23.732831111099998,6.457999999999999
2020-08-29T17:45:08+00:00,31.1,32.0,205.9,ADAPTIVE,23.7398138889,6.425
2020-08-29T17:45:12+00:00,31.3,32.0,205.8,ADAPTIVE,23.746828888899998,6.455
2020-08-29T17:45:16+00:00,31.3,32.0,206.1,ADAPTIVE,23.753843333299997,6.46
2020-08-29T17:45:20+00:00,31.3,32.0,205.8,ADAPTIVE,23.7608852778,6.457
2020-08-29T17:45:24+00:00,31.3,32.0,206.0,ADAPTIVE,23.7678930556,6.4639999999999995
2020-08-29T17:45:28+00:00,31.4,32.0,205.9,ADAPTIVE,23.7749311111,6.487
2020-08-29T17:45:31+00:00,31.3,32.0,205.7,ADAPTIVE,23.7819438889,6.467
2020-08-29T17:45:35+00:00,31.3,32.0,206.0,ADAPTIVE,23.7889852778,6.451
2020-08-29T17:45:39+00:00,31.3,32.0,205.9,ADAPTIVE,23.7959769444,6.46
2020-08-29T17:45:43+00:00,31.2,32.0,205.9,ADAPTIVE,23.8029891667,6.444999999999999
2020-08-29T17:45:47+00:00,31.2,32.0,206.0,ADAPTIVE,23.809965833299998,6.444999999999999
2020-08-29T17:45:51+00:00,31.1,32.0,206.0,ADAPTIVE,23.8169377778,6.4079999999999995
2020-08-29T17:45:55+00:00,31.1,32.0,205.6,ADAPTIVE,23.8239427778,6.409
2020-08-29T17:45:59+00:00,31.3,32.0,205.9,ADAPTIVE,23.830923055599996,6.4559999999999995
2020-08-29T17:46:03+00:00,31.3,32.0,205.9,ADAPTIVE,23.837956666700002,6.465999999999999
2020-08-29T17:46:07+00:00,31.4,32.0,205.6,ADAPTIVE,23.844965555599998,6.471
2020-08-29T17:46:11+00:00,31.3,32.0,205.9,ADAPTIVE,23.852006388899998,6.457999999999999
2020-08-29T17:46:15+00:00,31.1,32.0,205.7,ADAPTIVE,23.8589977778,6.420999999999999
2020-08-29T17:46:19+00:00,31.3,32.0,204.8,ADAPTIVE,23.8659766667,6.436
2020-08-29T17:46:23+00:00,31.3,32.0,204.6,ADAPTIVE,23.87298,6.419
2020-08-29T17:46:27+00:00,31.3,32.0,204.7,ADAPTIVE,23.8799555556,6.417
2020-08-29T17:46:31+00:00,31.4,32.0,204.8,ADAPTIVE,23.8869616667,6.428999999999999
2020-08-29T17:46:35+00:00,31.3,32.0,204.8,ADAPTIVE,23.8939363889,6.436
2020-08-29T17:46:38+00:00,31.3,32.0,204.7,ADAPTIVE,23.9009488889,6.436
2020-08-29T17:46:42+00:00,31.3,32.0,204.8,ADAPTIVE,23.907928333299996,6.419
2020-08-29T17:46:46+00:00,31.4,32.0,204.6,ADAPTIVE,23.9149369444,6.446
2020-08-29T17:46:50+00:00,31.3,32.0,204.8,ADAPTIVE,23.9219202778,6.43
2020-08-29T17:46:54+00:00,31.3,32.0,205.2,ADAPTIVE,23.928929999999998,6.428
2020-08-29T17:46:58+00:00,31.4,32.0,205.1,ADAPTIVE,23.9359119444,6.444
2020-08-29T17:47:02+00:00,31.3,32.0,204.9,ADAPTIVE,23.9429197222,6.435
2020-08-29T17:47:06+00:00,31.3,32.0,204.7,ADAPTIVE,23.9498944444,6.425
2020-08-29T17:47:10+00:00,31.3,32.0,204.8,ADAPTIVE,23.956897777800002,6.4319999999999995
2020-08-29T17:47:14+00:00,31.2,32.0,204.8,ADAPTIVE,23.963873333299997,6.422
2020-08-29T17:47:18+00:00,31.2,32.0,204.9,ADAPTIVE,23.9708802778,6.418
2020-08-29T17:47:22+00:00,31.2,32.0,205.1,ADAPTIVE,23.977850833299996,6.414
2020-08-29T17:47:26+00:00,31.4,32.0,205.0,ADAPTIVE,23.9848225,6.444999999999999
2020-08-29T17:47:30+00:00,31.3,32.0,205.0,ADAPTIVE,23.9918238889,6.433999999999999
2020-08-29T17:47:34+00:00,31.3,32.0,204.7,ADAPTIVE,23.9987991667,6.4319999999999995
2020-08-29T17:47:38+00:00,31.3,32.0,205.0,ADAPTIVE,24.0058069444,6.436999999999999
2020-08-29T17:47:42+00:00,31.2,32.0,205.0,ADAPTIVE,24.01279,6.409
2020-08-29T17:47:45+00:00,31.2,32.0,205.1,ADAPTIVE,24.0197952778,6.412999999999999
2020-08-29T17:47:49+00:00,31.4,32.0,204.8,ADAPTIVE,24.0267744444,6.459
2020-08-29T17:47:53+00:00,31.3,32.0,204.4,ADAPTIVE,24.033782499999997,6.4399999999999995
2020-08-29T17:47:57+00:00,31.4,32.0,205.1,ADAPTIVE,24.0407627778,6.447
2020-08-29T17:48:01+00:00,31.3,32.0,205.0,ADAPTIVE,24.0477761111,6.4319999999999995
2020-08-29T17:48:05+00:00,31.5,32.0,204.9,ADAPTIVE,24.0547563889,6.46
2020-08-29T17:48:09+00:00,31.4,32.0,204.9,ADAPTIVE,24.0617727778,6.443
2020-08-29T17:48:13+00:00,31.3,32.0,204.8,ADAPTIVE,24.0687536111,6.4159999999999995
2020-08-29T17:48:17+00:00,31.3,32.0,204.6,ADAPTIVE,24.0757638889,6.436999999999999
2020-08-29T17:48:21+00:00,31.2,32.0,204.7,ADAPTIVE,24.082741666700002,6.417
2020-08-29T17:48:25+00:00,31.3,32.0,204.8,ADAPTIVE,24.089743611099998,6.427
2020-08-29T17:48:29+00:00,31.4,32.0,204.9,ADAPTIVE,24.096724722199998,6.441999999999999
2020-08-29T17:48:33+00:00,31.3,32.0,205.0,ADAPTIVE,24.1037347222,6.431
2020-08-29T17:48:37+00:00,31.2,32.0,204.3,ADAPTIVE,24.110717222199998,6.411
2020-08-29T17:48:41+00:00,31.4,32.0,204.6,ADAPTIVE,24.1177025,6.444
2020-08-29T17:48:45+00:00,31.4,32.0,204.7,ADAPTIVE,24.124713333299997,6.441999999999999
2020-08-29T17:48:49+00:00,31.3,32.0,204.8,ADAPTIVE,24.131698055599998,6.441
2020-08-29T17:48:52+00:00,31.4,32.0,205.2,ADAPTIVE,24.138710555599996,6.4479999999999995
2020-08-29T17:48:56+00:00,31.4,32.0,204.7,ADAPTIVE,24.1456911111,6.435
2020-08-29T17:49:00+00:00,31.3,32.0,204.7,ADAPTIVE,24.1526983333,6.425
2020-08-29T17:49:04+00:00,31.4,32.0,204.9,ADAPTIVE,24.1596763889,6.4319999999999995
2020-08-29T17:49:08+00:00,31.3,32.0,204.7,ADAPTIVE,24.166680833299996,6.441
2020-08-29T17:49:12+00:00,31.3,32.0,204.5,ADAPTIVE,24.1736541667,6.4399999999999995
2020-08-29T17:49:16+00:00,31.3,32.0,204.5,ADAPTIVE,24.180658611099997,6.428999999999999
2020-08-29T17:49:20+00:00,31.4,32.0,204.8,ADAPTIVE,24.1876377778,6.436
2020-08-29T17:49:24+00:00,31.4,32.0,204.8,ADAPTIVE,24.1946413889,6.433
2020-08-29T17:49:28+00:00,31.2,32.0,204.8,ADAPTIVE,24.2016119444,6.4079999999999995
2020-08-29T17:49:32+00:00,31.3,32.0,204.8,ADAPTIVE,24.2086094444,6.414
2020-08-29T17:49:36+00:00,31.3,32.0,204.7,ADAPTIVE,24.2155802778,6.433
2020-08-29T17:49:40+00:00,31.4,32.0,204.5,ADAPTIVE,24.222582222199996,6.443
2020-08-29T17:49:44+00:00,31.3,32.0,204.4,ADAPTIVE,24.2295541667,6.422
2020-08-29T17:49:48+00:00,31.4,32.0,204.5,ADAPTIVE,24.236558611099998,6.444
2020-08-29T17:49:52+00:00,31.4,32.0,204.6,ADAPTIVE,24.2435338889,6.435
2020-08-29T17:49:56+00:00,31.4,32.0,204.7,ADAPTIVE,24.2505366667,6.443
2020-08-29T17:49:59+00:00,31.3,32.0,204.8,ADAPTIVE,24.2575116667,6.4159999999999995
2020-08-29T17:50:03+00:00,31.3,32.0,204.6,ADAPTIVE,24.264513888899998,6.42
2020-08-29T17:50:07+00:00,31.4,32.0,204.6,ADAPTIVE,24.2714844444,6.459
2020-08-29T17:50:11+00:00,31.4,32.0,204.8,ADAPTIVE,24.278456666700002,6.443
2020-08-29T17:50:15+00:00,31.2,32.0,204.7,ADAPTIVE,24.2854577778,6.404
2020-08-29T17:50:19+00:00,31.3,32.0,204.7,ADAPTIVE,24.2924269444,6.428999999999999
2020-08-29T17:50:23+00:00,31.4,32.0,204.5,ADAPTIVE,24.2994263889,6.444
2020-08-29T17:50:27+00:00,31.3,32.0,204.5,ADAPTIVE,24.3063997222,6.414
2020-08-29T17:50:31+00:00,31.3,32.0,204.5,ADAPTIVE,24.31337,6.417
2020-08-29T17:50:35+00:00,31.4,32.0,204.5,ADAPTIVE,24.3203719444,6.427
2020-08-29T17:50:39+00:00,31.4,32.0,204.9,ADAPTIVE,24.3273486111,6.447
2020-08-29T17:50:43+00:00,31.3,32.0,204.6,ADAPTIVE,24.3343541667,6.425999999999999
2020-08-29T17:50:47+00:00,31.3,32.0,204.7,ADAPTIVE,24.3413244444,6.4159999999999995
2020-08-29T17:50:51+00:00,31.4,32.0,204.7,ADAPTIVE,24.3482886111,6.422
2020-08-29T17:50:55+00:00,31.4,32.0,204.5,ADAPTIVE,24.355280555599997,6.441
2020-08-29T17:50:59+00:00,31.3,32.0,204.7,ADAPTIVE,24.3622475,6.428999999999999
2020-08-29T17:51:03+00:00,31.4,32.0,204.4,ADAPTIVE,24.3692472222,6.433
2020-08-29T17:51:06+00:00,31.4,32.0,204.3,ADAPTIVE,24.376218333299995,6.433
2020-08-29T17:51:10+00:00,31.3,32.0,204.9,ADAPTIVE,24.3831913889,6.419
2020-08-29T17:51:14+00:00,31.3,32.0,204.6,ADAPTIVE,24.3901911111,6.425
2020-08-29T17:51:18+00:00,31.3,32.0,204.5,ADAPTIVE,24.3971566667,6.425
2020-08-29T17:51:22+00:00,31.4,32.0,204.6,ADAPTIVE,24.404153888899998,6.4239999999999995
2020-08-29T17:51:26+00:00,31.3,32.0,204.7,ADAPTIVE,24.4111141667,6.4079999999999995
2020-08-29T17:51:30+00:00,31.3,32.0,204.5,ADAPTIVE,24.418103055599996,6.406
2020-08-29T17:51:34+00:00,31.3,32.0,204.5,ADAPTIVE,24.42506,6.4079999999999995
2020-08-29T17:51:38+00:00,31.3,32.0,204.5,ADAPTIVE,24.432025,6.42
2020-08-29T17:51:42+00:00,31.3,32.0,204.6,ADAPTIVE,24.438991111099998,6.4159999999999995
2020-08-29T17:51:46+00:00,31.4,32.0,204.5,ADAPTIVE,24.445954722199996,6.4319999999999995
2020-08-29T17:51:50+00:00,31.4,32.0,204.3,ADAPTIVE,24.4529527778,6.43
2020-08-29T17:51:54+00:00,31.3,32.0,204.5,ADAPTIVE,24.459915,6.412
2020-08-29T17:51:58+00:00,31.3,32.0,204.3,ADAPTIVE,24.466903055599996,6.418
2020-08-29T17:52:02+00:00,31.3,32.0,204.5,ADAPTIVE,24.4738666667,6.4239999999999995
2020-08-29T17:52:06+00:00,31.3,32.0,204.3,ADAPTIVE,24.4808613889,6.404
2020-08-29T17:52:09+00:00,31.4,32.0,204.7,ADAPTIVE,24.4878344444,6.4399999999999995
2020-08-29T17:52:13+00:00,31.1,32.0,205.8,ADAPTIVE,24.494827222199998,6.425
2020-08-29T17:52:17+00:00,31.1,32.0,205.4,ADAPTIVE,24.501845833299996,6.412999999999999
2020-08-29T17:52:21+00:00,31.3,32.0,205.7,ADAPTIVE,24.5088316667,6.4479999999999995
2020-08-29T17:52:25+00:00,31.3,32.0,205.7,ADAPTIVE,24.5158216667,6.462
2020-08-29T17:52:29+00:00,31.3,32.0,205.6,ADAPTIVE,24.5228619444,6.449999999999999
2020-08-29T17:52:33+00:00,31.3,32.0,205.8,ADAPTIVE,24.529861111099997,6.457
2020-08-29T17:52:37+00:00,31.3,32.0,205.5,ADAPTIVE,24.5368777778,6.467
2020-08-29T17:52:41+00:00,31.2,32.0,205.4,ADAPTIVE,24.543868055599997,6.4399999999999995
2020-08-29T17:52:45+00:00,31.3,32.0,205.6,ADAPTIVE,24.5508591667,6.444999999999999
2020-08-29T17:52:49+00:00,31.2,32.0,205.7,ADAPTIVE,24.557872222199997,6.4319999999999995
2020-08-29T17:52:53+00:00,31.4,32.0,205.7,ADAPTIVE,24.564881388899998,6.471
2020-08-29T17:52:57+00:00,31.3,32.0,205.9,ADAPTIVE,24.5718816667,6.452
2020-08-29T17:53:01+00:00,31.1,32.0,206.0,ADAPTIVE,24.5789011111,6.427
2020-08-29T17:53:05+00:00,31.3,32.0,205.9,ADAPTIVE,24.585895555599997,6.455
2020-08-29T17:53:09+00:00,31.3,32.0,205.8,ADAPTIVE,24.592913055599997,6.462
2020-08-29T17:53:13+00:00,31.1,32.0,206.0,ADAPTIVE,24.5998972222,6.409
2020-08-29T17:53:17+00:00,31.3,32.0,205.7,ADAPTIVE,24.6068897222,6.459
2020-08-29T17:53:20+00:00,31.3,32.0,206.0,ADAPTIVE,24.613933055599997,6.449
2020-08-29T17:53:24+00:00,31.4,32.0,205.9,ADAPTIVE,24.6209438889,6.473999999999999
2020-08-29T17:53:28+00:00,31.3,32.0,205.9,ADAPTIVE,24.627983333299998,6.446
2020-08-29T17:53:32+00:00,31.3,32.0,204.4,ADAPTIVE,24.6349727778,6.418
2020-08-29T17:53:36+00:00,31.4,32.0,204.4,ADAPTIVE,24.641963333299998,6.427
2020-08-29T17:53:40+00:00,31.3,32.0,204.4,ADAPTIVE,24.648925,6.415
2020-08-29T17:53:44+00:00,31.4,32.0,204.4,ADAPTIVE,24.6558913889,6.418
2020-08-29T17:53:48+00:00,31.3,32.0,204.1,ADAPTIVE,24.6628866667,6.4079999999999995
2020-08-29T17:53:52+00:00,31.4,32.0,204.3,ADAPTIVE,24.6698480556,6.433999999999999
2020-08-29T17:53:56+00:00,31.3,32.0,204.1,ADAPTIVE,24.676840833299998,6.404999999999999
2020-08-29T17:54:00+00:00,31.4,32.0,204.1,ADAPTIVE,24.6838016667,6.428999999999999
2020-08-29T17:54:04+00:00,31.3,32.0,204.3,ADAPTIVE,24.690761944400002,6.412
2020-08-29T17:54:08+00:00,31.3,32.0,204.3,ADAPTIVE,24.697751111099997,6.414
2020-08-29T17:54:12+00:00,31.3,32.0,204.4,ADAPTIVE,24.704716111099998,6.412
2020-08-29T17:54:16+00:00,31.3,32.0,204.7,ADAPTIVE,24.7117116667,6.412
2020-08-29T17:54:20+00:00,31.4,32.0,204.3,ADAPTIVE,24.71868,6.423
2020-08-29T17:54:24+00:00,31.3,32.0,204.5,ADAPTIVE,24.7256352778,6.411
2020-08-29T17:54:27+00:00,31.4,32.0,204.3,ADAPTIVE,24.7326319444,6.420999999999999
2020-08-29T17:54:31+00:00,31.3,32.0,204.4,ADAPTIVE,24.7395919444,6.422
2020-08-29T17:54:35+00:00,31.3,32.0,204.5,ADAPTIVE,24.7465819444,6.415
2020-08-29T17:54:39+00:00,31.3,32.0,204.4,ADAPTIVE,24.7535411111,6.418
2020-08-29T17:54:43+00:00,31.4,32.0,204.2,ADAPTIVE,24.7605280556,6.42
2020-08-29T17:54:47+00:00,31.4,32.0,204.2,ADAPTIVE,24.7674844444,6.428
2020-08-29T17:54:51+00:00,31.4,32.0,204.3,ADAPTIVE,24.774473055599998,6.417
2020-08-29T17:54:55+00:00,31.4,32.0,204.5,ADAPTIVE,24.7814369444,6.433
2020-08-29T17:54:59+00:00,31.3,32.0,204.2,ADAPTIVE,24.788429444400002,6.4079999999999995
2020-08-29T17:55:03+00:00,31.4,32.0,204.3,ADAPTIVE,24.7953936111,6.423
2020-08-29T17:55:07+00:00,31.1,32.0,204.3,ADAPTIVE,24.80235,6.375
2020-08-29T17:55:11+00:00,31.3,32.0,204.3,ADAPTIVE,24.809269166700002,6.411
2020-08-29T17:55:15+00:00,31.4,32.0,204.0,ADAPTIVE,24.816253333299997,6.411
2020-08-29T17:55:19+00:00,31.4,32.0,204.3,ADAPTIVE,24.8232083333,6.4239999999999995
2020-08-29T17:55:23+00:00,31.3,32.0,204.1,ADAPTIVE,24.830190833299998,6.396999999999999
2020-08-29T17:55:27+00:00,31.3,32.0,204.1,ADAPTIVE,24.8371452778,6.411
2020-08-29T17:55:30+00:00,31.4,32.0,204.0,ADAPTIVE,24.8441325,6.42
2020-08-29T17:55:34+00:00,31.3,32.0,204.2,ADAPTIVE,24.851086666700002,6.409
2020-08-29T17:55:38+00:00,31.3,32.0,203.9,ADAPTIVE,24.858039722199997,6.3999999999999995
2020-08-29T17:55:42+00:00,31.4,32.0,204.0,ADAPTIVE,24.865019999999998,6.4239999999999995
2020-08-29T17:55:46+00:00,31.3,32.0,204.1,ADAPTIVE,24.8719758333,6.402
2020-08-29T17:55:50+00:00,31.4,32.0,204.2,ADAPTIVE,24.8789622222,6.417
2020-08-29T17:55:54+00:00,31.2,32.0,203.9,ADAPTIVE,24.885908333299998,6.380999999999999
2020-08-29T17:55:58+00:00,31.4,32.0,204.3,ADAPTIVE,24.8928052778,6.42
2020-08-29T17:56:02+00:00,31.3,32.0,204.3,ADAPTIVE,24.8997963889,6.404999999999999
2020-08-29T17:56:06+00:00,31.3,32.0,204.3,ADAPTIVE,24.9067552778,6.402
2020-08-29T17:56:10+00:00,31.3,32.0,204.2,ADAPTIVE,24.913740555599997,6.406
2020-08-29T17:56:14+00:00,31.3,32.0,203.9,ADAPTIVE,24.920690555599997,6.4079999999999995
2020-08-29T17:56:18+00:00,31.3,32.0,204.2,ADAPTIVE,24.927668888899998,6.406
2020-08-29T17:56:22+00:00,31.3,32.0,204.3,ADAPTIVE,24.9346225,6.404999999999999
2020-08-29T17:56:26+00:00,31.4,32.0,204.3,ADAPTIVE,24.941580555599998,6.427
2020-08-29T17:56:30+00:00,31.3,32.0,204.4,ADAPTIVE,24.9485669444,6.401
2020-08-29T17:56:34+00:00,31.3,32.0,204.2,ADAPTIVE,24.9555213889,6.404999999999999
2020-08-29T17:56:37+00:00,31.3,32.0,204.4,ADAPTIVE,24.9625086111,6.414
2020-08-29T17:56:41+00:00,31.3,32.0,204.6,ADAPTIVE,24.969464722199998,6.409
2020-08-29T17:56:45+00:00,31.2,32.0,204.0,ADAPTIVE,24.976445555599998,6.402
2020-08-29T17:56:49+00:00,31.4,32.0,204.4,ADAPTIVE,24.983397222199997,6.4159999999999995
2020-08-29T17:56:53+00:00,31.3,32.0,204.3,ADAPTIVE,24.990379166700002,6.3999999999999995
2020-08-29T17:56:57+00:00,31.3,32.0,204.3,ADAPTIVE,24.9973330556,6.407
2020-08-29T17:57:01+00:00,31.4,32.0,204.2,ADAPTIVE,25.00431,6.4239999999999995
2020-08-29T17:57:05+00:00,31.3,32.0,204.4,ADAPTIVE,25.011264999999998,6.402
2020-08-29T17:57:09+00:00,31.3,32.0,204.2,ADAPTIVE,25.0182447222,6.409
2020-08-29T17:57:13+00:00,31.4,32.0,204.4,ADAPTIVE,25.0251972222,6.422
2020-08-29T17:57:17+00:00,31.3,32.0,204.2,ADAPTIVE,25.032152222199997,6.393
2020-08-29T17:57:21+00:00,31.4,32.0,203.7,ADAPTIVE,25.0391338889,6.412999999999999
2020-08-29T17:57:25+00:00,31.3,32.0,204.2,ADAPTIVE,25.046084166700002,6.404
2020-08-29T17:57:29+00:00,31.3,32.0,204.2,ADAPTIVE,25.053068333299997,6.41
2020-08-29T17:57:33+00:00,31.4,32.0,203.9,ADAPTIVE,25.0599886111,6.415
2020-08-29T17:57:37+00:00,31.3,32.0,203.9,ADAPTIVE,25.0669252778,6.39
2020-08-29T17:57:41+00:00,31.3,32.0,204.1,ADAPTIVE,25.073909722199996,6.412
2020-08-29T17:57:44+00:00,31.3,32.0,204.3,ADAPTIVE,25.0808630556,6.402
2020-08-29T17:57:48+00:00,31.3,32.0,203.9,ADAPTIVE,25.0878422222,6.399
2020-08-29T17:57:52+00:00,31.4,32.0,204.0,ADAPTIVE,25.094793055599997,6.406
2020-08-29T17:57:56+00:00,31.1,32.0,204.0,ADAPTIVE,25.101716388899998,6.3469999999999995
2020-08-29T17:58:00+00:00,31.1,32.0,203.7,ADAPTIVE,25.1086344444,6.356
2020-08-29T17:58:04+00:00,31.4,32.0,204.1,ADAPTIVE,25.1155816667,6.425
2020-08-29T17:58:08+00:00,31.4,32.0,203.9,ADAPTIVE,25.122525555599996,6.41
2020-08-29T17:58:12+00:00,31.3,32.0,203.7,ADAPTIVE,25.1295019444,6.391
2020-08-29T17:58:16+00:00,31.3,32.0,203.6,ADAPTIVE,25.1364336111,6.394
2020-08-29T17:58:20+00:00,31.2,32.0,203.9,ADAPTIVE,25.143347499999997,6.358
2020-08-29T17:58:24+00:00,31.3,32.0,203.8,ADAPTIVE,25.1502761111,6.406
2020-08-29T17:58:28+00:00,31.2,32.0,203.9,ADAPTIVE,25.157217499999998,6.369
2020-08-29T17:58:32+00:00,31.3,32.0,203.7,ADAPTIVE,25.1641863889,6.394
2020-08-29T17:58:36+00:00,31.4,32.0,203.7,ADAPTIVE,25.171127499999997,6.414
2020-08-29T17:58:40+00:00,31.0,32.0,203.8,ADAPTIVE,25.178012222199996,6.335
2020-08-29T17:58:44+00:00,31.0,32.0,203.9,ADAPTIVE,25.1849213889,6.335999999999999
2020-08-29T17:58:48+00:00,31.3,32.0,203.7,ADAPTIVE,25.1918494444,6.399
2020-08-29T17:58:51+00:00,31.3,32.0,204.0,ADAPTIVE,25.1988263889,6.391
2020-08-29T17:58:55+00:00,31.3,32.0,203.8,ADAPTIVE,25.205770833299997,6.393
2020-08-29T17:58:59+00:00,31.3,32.0,203.6,ADAPTIVE,25.2127155556,6.391
2020-08-29T17:59:03+00:00,31.4,32.0,203.8,ADAPTIVE,25.219692499999997,6.419
2020-08-29T17:59:07+00:00,31.1,32.0,203.8,ADAPTIVE,25.2266366667,6.354
2020-08-29T17:59:11+00:00,30.9,32.0,204.0,ADAPTIVE,25.2335544444,6.316
2020-08-29T17:59:15+00:00,31.3,32.0,203.8,ADAPTIVE,25.240463611099997,6.388
2020-08-29T17:59:19+00:00,31.4,32.0,203.8,ADAPTIVE,25.2474091667,6.404
2020-08-29T17:59:23+00:00,31.4,32.0,203.9,ADAPTIVE,25.254379999999998,6.4159999999999995
2020-08-29T17:59:27+00:00,31.3,32.0,203.9,ADAPTIVE,25.2613269444,6.3999999999999995
2020-08-29T17:59:31+00:00,30.9,32.0,203.8,ADAPTIVE,25.2682161111,6.322
2020-08-29T17:59:35+00:00,31.3,32.0,204.1,ADAPTIVE,25.275188333299997,6.419
2020-08-29T17:59:39+00:00,31.3,32.0,203.8,ADAPTIVE,25.282136111099998,6.406
2020-08-29T17:59:43+00:00,31.2,32.0,203.7,ADAPTIVE,25.2890738889,6.367
2020-08-29T17:59:47+00:00,31.3,32.0,203.2,ADAPTIVE,25.2959880556,6.396
2020-08-29T17:59:51+00:00,31.4,32.0,203.9,ADAPTIVE,25.3029316667,6.415
2020-08-29T17:59:55+00:00,31.0,32.0,203.9,ADAPTIVE,25.3098761111,6.338
2020-08-29T17:59:58+00:00,31.0,32.0,203.7,ADAPTIVE,25.316789999999997,6.322
2020-08-29T18:00:02+00:00,31.3,32.0,203.6,ADAPTIVE,25.323720555599998,6.380999999999999
2020-08-29T18:00:06+00:00,31.3,32.0,203.6,ADAPTIVE,25.330658055599997,6.391
2020-08-29T18:00:10+00:00,30.9,32.0,203.7,ADAPTIVE,25.3375652778,6.3149999999999995
2020-08-29T18:00:14+00:00,31.3,32.0,203.4,ADAPTIVE,25.3445125,6.387
2020-08-29T18:00:18+00:00,31.4,32.0,203.7,ADAPTIVE,25.3514480556,6.399
2020-08-29T18:00:22+00:00,31.1,32.0,203.8,ADAPTIVE,25.3583655556,6.335
2020-08-29T18:00:26+00:00,31.1,32.0,203.7,ADAPTIVE,25.365277222199996,6.342
2020-08-29T18:00:30+00:00,31.3,32.0,203.6,ADAPTIVE,25.372200833299996,6.394
2020-08-29T18:00:34+00:00,31.3,32.0,203.6,ADAPTIVE,25.379133055599997,6.403
2020-08-29T18:00:38+00:00,31.3,32.0,203.5,ADAPTIVE,25.3860916667,6.394
2020-08-29T18:00:42+00:00,31.0,32.0,203.8,ADAPTIVE,25.3930058333,6.3229999999999995
2020-08-29T18:00:46+00:00,31.0,32.0,203.4,ADAPTIVE,25.3999141667,6.319999999999999
2020-08-29T18:00:50+00:00,31.1,32.0,203.7,ADAPTIVE,25.4067952778,6.346
2020-08-29T18:00:54+00:00,31.4,32.0,203.5,ADAPTIVE,25.4136852778,6.398
2020-08-29T18:00:58+00:00,31.3,32.0,203.5,ADAPTIVE,25.420645555599997,6.374
2020-08-29T18:01:02+00:00,31.3,32.0,203.4,ADAPTIVE,25.4275791667,6.3759999999999994
2020-08-29T18:01:05+00:00,31.4,32.0,203.6,ADAPTIVE,25.4345466667,6.4079999999999995
2020-08-29T18:01:09+00:00,31.2,32.0,203.9,ADAPTIVE,25.4414463889,6.362
2020-08-29T18:01:13+00:00,31.1,32.0,203.6,ADAPTIVE,25.4483302778,6.342
2020-08-29T18:01:17+00:00,31.3,32.0,203.5,ADAPTIVE,25.455248611099996,6.3839999999999995
2020-08-29T18:01:21+00:00,31.3,32.0,203.6,ADAPTIVE,25.462184999999998,6.388
2020-08-29T18:01:25+00:00,31.3,32.0,203.7,ADAPTIVE,25.4691475,6.39
2020-08-29T18:01:29+00:00,31.3,32.0,203.6,ADAPTIVE,25.4760783333,6.396
2020-08-29T18:01:33+00:00,31.3,32.0,203.5,ADAPTIVE,25.4830119444,6.39
2020-08-29T18:01:37+00:00,31.4,32.0,203.6,ADAPTIVE,25.489978055599998,6.396
2020-08-29T18:01:41+00:00,31.4,32.0,203.6,ADAPTIVE,25.4969138889,6.393
2020-08-29T18:01:45+00:00,31.4,32.0,203.7,ADAPTIVE,25.5038805556,6.404
2020-08-29T18:01:49+00:00,31.4,32.0,203.6,ADAPTIVE,25.510818055599998,6.404999999999999
2020-08-29T18:01:53+00:00,31.3,32.0,203.6,ADAPTIVE,25.5177811111,6.38
2020-08-29T18:01:57+00:00,31.4,32.0,203.2,ADAPTIVE,25.5247116667,6.404
2020-08-29T18:02:01+00:00,31.3,32.0,203.5,ADAPTIVE,25.531669722199997,6.378
2020-08-29T18:02:05+00:00,31.3,32.0,203.4,ADAPTIVE,25.5385941667,6.374
2020-08-29T18:02:09+00:00,31.4,32.0,203.4,ADAPTIVE,25.5455519444,6.387
2020-08-29T18:02:12+00:00,31.4,32.0,203.5,ADAPTIVE,25.552478888899998,6.393
2020-08-29T18:02:16+00:00,31.2,32.0,203.6,ADAPTIVE,25.5594080556,6.364
2020-08-29T18:02:20+00:00,31.0,32.0,203.4,ADAPTIVE,25.566283055599996,6.327999999999999
2020-08-29T18:02:24+00:00,31.2,32.0,203.7,ADAPTIVE,25.5731841667,6.35
2020-08-29T18:02:28+00:00,31.0,32.0,203.6,ADAPTIVE,25.580057222199997,6.308999999999999
2020-08-29T18:02:32+00:00,31.0,32.0,203.4,ADAPTIVE,25.5869677778,6.308999999999999
2020-08-29T18:02:36+00:00,31.2,32.0,203.6,ADAPTIVE,25.5938480556,6.372
2020-08-29T18:02:40+00:00,31.1,32.0,203.6,ADAPTIVE,25.6007591667,6.338
2020-08-29T18:02:44+00:00,31.3,32.0,203.5,ADAPTIVE,25.607635555599998,6.364999999999999
2020-08-29T18:02:48+00:00,31.3,32.0,203.4,ADAPTIVE,25.6145525,6.375
2020-08-29T18:02:52+00:00,31.4,32.0,203.3,ADAPTIVE,25.62148,6.3919999999999995
2020-08-29T18:02:56+00:00,31.4,32.0,203.2,ADAPTIVE,25.6284352778,6.403
2020-08-29T18:03:00+00:00,31.3,32.0,203.4,ADAPTIVE,25.6353586111,6.380999999999999
2020-08-29T18:03:04+00:00,31.4,32.0,203.2,ADAPTIVE,25.6423111111,6.39
2020-08-29T18:03:08+00:00,31.4,32.0,203.3,ADAPTIVE,25.649236944400002,6.386
2020-08-29T18:03:12+00:00,31.3,32.0,203.1,ADAPTIVE,25.6561591667,6.380999999999999
2020-08-29T18:03:16+00:00,31.3,32.0,203.1,ADAPTIVE,25.663110555599996,6.372
2020-08-29T18:03:19+00:00,31.4,32.0,203.3,ADAPTIVE,25.6700316667,6.395
2020-08-29T18:03:23+00:00,31.3,32.0,203.1,ADAPTIVE,25.6769816667,6.379
2020-08-29T18:03:27+00:00,31.3,32.0,204.7,ADAPTIVE,25.683920833299997,6.433
2020-08-29T18:03:31+00:00,31.4,32.0,204.5,ADAPTIVE,25.6909169444,6.428
2020-08-29T18:03:35+00:00,31.3,32.0,204.7,ADAPTIVE,25.6978786111,6.419
2020-08-29T18:03:39+00:00,31.3,32.0,204.7,ADAPTIVE,25.704868611099997,6.42
2020-08-29T18:03:43+00:00,31.2,32.0,204.3,ADAPTIVE,25.711833055599996,6.401
2020-08-29T18:03:47+00:00,31.2,32.0,204.4,ADAPTIVE,25.718823055599998,6.388
2020-08-29T18:03:51+00:00,31.3,32.0,204.6,ADAPTIVE,25.725785833299998,6.4159999999999995
2020-08-29T18:03:55+00:00,31.3,32.0,204.3,ADAPTIVE,25.7327513889,6.425999999999999
2020-08-29T18:03:59+00:00,31.3,32.0,204.5,ADAPTIVE,25.739751944400002,6.417
2020-08-29T18:04:03+00:00,31.4,32.0,204.6,ADAPTIVE,25.746725833299998,6.428
2020-08-29T18:04:07+00:00,31.4,32.0,204.6,ADAPTIVE,25.7537291667,6.431
2020-08-29T18:04:11+00:00,31.3,32.0,204.8,ADAPTIVE,25.7607013889,6.4159999999999995
2020-08-29T18:04:15+00:00,31.3,32.0,204.6,ADAPTIVE,25.767671111099997,6.422
2020-08-29T18:04:19+00:00,31.2,32.0,204.1,ADAPTIVE,25.774662499999998,6.39
2020-08-29T18:04:23+00:00,31.3,32.0,204.7,ADAPTIVE,25.7816219444,6.41
2020-08-29T18:04:26+00:00,31.3,32.0,204.4,ADAPTIVE,25.7886166667,6.422
2020-08-29T18:04:30+00:00,31.3,32.0,204.7,ADAPTIVE,25.7955869444,6.420999999999999
2020-08-29T18:04:34+00:00,31.3,32.0,204.7,ADAPTIVE,25.8025619444,6.425
2020-08-29T18:04:38+00:00,31.2,32.0,204.8,ADAPTIVE,25.8095655556,6.411
2020-08-29T18:04:42+00:00,31.4,32.0,204.7,ADAPTIVE,25.8165380556,6.447
2020-08-29T18:04:46+00:00,31.3,32.0,204.8,ADAPTIVE,25.8235086111,6.422
2020-08-29T18:04:50+00:00,31.3,32.0,204.6,ADAPTIVE,25.8305097222,6.425999999999999
2020-08-29T18:04:54+00:00,31.3,32.0,204.7,ADAPTIVE,25.837483611099998,6.435
2020-08-29T18:04:58+00:00,31.3,32.0,204.8,ADAPTIVE,25.844492222199996,6.42
2020-08-29T18:05:02+00:00,31.3,32.0,204.7,ADAPTIVE,25.8514708333,6.420999999999999
2020-08-29T18:05:06+00:00,31.4,32.0,204.7,ADAPTIVE,25.8584477778,6.446
2020-08-29T18:05:10+00:00,31.4,32.0,204.8,ADAPTIVE,25.8654525,6.444
2020-08-29T18:05:14+00:00,31.3,32.0,204.9,ADAPTIVE,25.872425833299996,6.436
2020-08-29T18:05:18+00:00,31.2,32.0,204.8,ADAPTIVE,25.8794238889,6.412
2020-08-29T18:05:22+00:00,31.3,32.0,205.1,ADAPTIVE,25.8863944444,6.428999999999999
2020-08-29T18:05:26+00:00,31.2,32.0,204.8,ADAPTIVE,25.8933663889,6.404999999999999
2020-08-29T18:05:29+00:00,31.3,32.0,204.8,ADAPTIVE,25.9003719444,6.420999999999999
2020-08-29T18:05:33+00:00,31.3,32.0,205.0,ADAPTIVE,25.9073502778,6.423
2020-08-29T18:05:37+00:00,31.4,32.0,204.6,ADAPTIVE,25.9143586111,6.443
2020-08-29T18:05:41+00:00,31.3,32.0,204.8,ADAPTIVE,25.921333333299998,6.42
2020-08-29T18:05:45+00:00,31.3,32.0,204.9,ADAPTIVE,25.928304166700002,6.4399999999999995
2020-08-29T18:05:49+00:00,31.3,32.0,204.6,ADAPTIVE,25.9353075,6.427
2020-08-29T18:05:53+00:00,31.2,32.0,204.8,ADAPTIVE,25.942282499999997,6.409
2020-08-29T18:05:57+00:00,31.3,32.0,204.8,ADAPTIVE,25.9492875,6.449
2020-08-29T18:06:01+00:00,31.4,32.0,204.9,ADAPTIVE,25.956265833299998,6.439
2020-08-29T18:06:05+00:00,31.3,32.0,204.8,ADAPTIVE,25.9632447222,6.433999999999999
2020-08-29T18:06:09+00:00,31.3,32.0,204.8,ADAPTIVE,25.970255833299998,6.423
2020-08-29T18:06:13+00:00,31.4,32.0,204.9,ADAPTIVE,25.977239722199997,6.446
2020-08-29T18:06:17+00:00,31.4,32.0,204.9,ADAPTIVE,25.9842486111,6.4559999999999995
2020-08-29T18:06:21+00:00,31.3,32.0,204.9,ADAPTIVE,25.9912230556,6.422
2020-08-29T18:06:25+00:00,31.2,32.0,204.6,ADAPTIVE,25.998224722199996,6.404
2020-08-29T18:06:29+00:00,31.3,32.0,204.8,ADAPTIVE,26.005193055599996,6.431
2020-08-29T18:06:33+00:00,31.3,32.0,204.7,ADAPTIVE,26.012165,6.420999999999999
2020-08-29T18:06:36+00:00,31.3,32.0,204.5,ADAPTIVE,26.0191691667,6.422
2020-08-29T18:06:40+00:00,31.4,32.0,204.5,ADAPTIVE,26.026142222199997,6.438
2020-08-29T18:06:44+00:00,31.4,32.0,204.4,ADAPTIVE,26.0331427778,6.436
2020-08-29T18:06:48+00:00,31.4,32.0,204.6,ADAPTIVE,26.0401147222,6.436999999999999
2020-08-29T18:06:52+00:00,31.4,32.0,204.5,ADAPTIVE,26.0470863889,6.4319999999999995
2020-08-29T18:06:56+00:00,31.3,32.0,204.5,ADAPTIVE,26.0540866667,6.425999999999999
2020-08-29T18:07:00+00:00,31.4,32.0,204.5,ADAPTIVE,26.0610533333,6.43
2020-08-29T18:07:04+00:00,31.4,32.0,204.6,ADAPTIVE,26.068047222199997,6.433999999999999
2020-08-29T18:07:08+00:00,31.4,32.0,204.4,ADAPTIVE,26.0750166667,6.427
2020-08-29T18:07:12+00:00,31.3,32.0,204.7,ADAPTIVE,26.081983611099997,6.43
2020-08-29T18:07:16+00:00,31.3,32.0,204.7,ADAPTIVE,26.088978888899998,6.435
2020-08-29T18:07:20+00:00,31.3,32.0,204.6,ADAPTIVE,26.0959466667,6.43
2020-08-29T18:07:24+00:00,31.3,32.0,204.3,ADAPTIVE,26.1029422222,6.412
2020-08-29T18:07:28+00:00,31.3,32.0,204.7,ADAPTIVE,26.1099080556,6.43
2020-08-29T18:07:32+00:00,31.3,32.0,204.7,ADAPTIVE,26.116905833299995,6.43
2020-08-29T18:07:36+00:00,31.4,32.0,204.7,ADAPTIVE,26.1238769444,6.425999999999999
2020-08-29T18:07:40+00:00,31.4,32.0,204.5,ADAPTIVE,26.130876111099997,6.431
2020-08-29T18:07:43+00:00,31.2,32.0,204.7,ADAPTIVE,26.137838611099998,6.4239999999999995
2020-08-29T18:07:47+00:00,31.3,32.0,204.6,ADAPTIVE,26.1448361111,6.4319999999999995
2020-08-29T18:07:51+00:00,31.3,32.0,204.7,ADAPTIVE,26.151805833299996,6.419
2020-08-29T18:07:55+00:00,31.3,32.0,204.7,ADAPTIVE,26.1587794444,6.409
2020-08-29T18:07:59+00:00,31.3,32.0,204.8,ADAPTIVE,26.1657819444,6.4319999999999995
2020-08-29T18:08:03+00:00,31.4,32.0,204.5,ADAPTIVE,26.1727569444,6.439
2020-08-29T18:08:07+00:00,31.3,32.0,204.5,ADAPTIVE,26.179759166700002,6.423
2020-08-29T18:08:11+00:00,31.3,32.0,204.7,ADAPTIVE,26.186730833299997,6.412999999999999
2020-08-29T18:08:15+00:00,31.4,32.0,204.7,ADAPTIVE,26.1937338889,6.433
2020-08-29T18:08:19+00:00,31.3,32.0,204.1,ADAPTIVE,26.2007044444,6.4319999999999995
2020-08-29T18:08:23+00:00,31.4,32.0,204.7,ADAPTIVE,26.207698888899998,6.431
2020-08-29T18:08:27+00:00,31.3,32.0,204.5,ADAPTIVE,26.2146594444,6.419
2020-08-29T18:08:31+00:00,31.2,32.0,204.4,ADAPTIVE,26.2216441667,6.38
2020-08-29T18:08:35+00:00,31.3,32.0,204.5,ADAPTIVE,26.2286002778,6.406
2020-08-29T18:08:39+00:00,31.3,32.0,204.5,ADAPTIVE,26.2355844444,6.414
2020-08-29T18:08:43+00:00,31.3,32.0,204.4,ADAPTIVE,26.2425366667,6.404999999999999
2020-08-29T18:08:47+00:00,31.3,32.0,204.5,ADAPTIVE,26.2495275,6.420999999999999
2020-08-29T18:08:50+00:00,31.4,32.0,204.5,ADAPTIVE,26.2564866667,6.431
2020-08-29T18:08:54+00:00,31.3,32.0,204.6,ADAPTIVE,26.2634763889,6.4079999999999995
2020-08-29T18:08:58+00:00,31.3,32.0,204.1,ADAPTIVE,26.2704369444,6.414
2020-08-29T18:09:02+00:00,31.3,32.0,204.3,ADAPTIVE,26.2774263889,6.415
2020-08-29T18:09:06+00:00,31.4,32.0,204.4,ADAPTIVE,26.2843916667,6.427
2020-08-29T18:09:10+00:00,31.4,32.0,204.5,ADAPTIVE,26.2913894444,6.436
2020-08-29T18:09:14+00:00,31.3,32.0,204.2,ADAPTIVE,26.2983547222,6.407
2020-08-29T18:09:18+00:00,31.3,32.0,204.5,ADAPTIVE,26.3053163889,6.401
2020-08-29T18:09:22+00:00,31.4,32.0,204.7,ADAPTIVE,26.3123077778,6.427
2020-08-29T18:09:26+00:00,31.4,32.0,204.5,ADAPTIVE,26.319281111099997,6.441
2020-08-29T18:09:30+00:00,31.3,32.0,204.7,ADAPTIVE,26.3262866667,6.428
2020-08-29T18:09:34+00:00,31.4,32.0,204.2,ADAPTIVE,26.33326,6.447
2020-08-29T18:09:38+00:00,31.4,32.0,204.4,ADAPTIVE,26.340264722199997,6.433
2020-08-29T18:09:42+00:00,31.3,32.0,204.7,ADAPTIVE,26.347235833299997,6.422
2020-08-29T18:09:46+00:00,31.4,32.0,204.6,ADAPTIVE,26.3542369444,6.436
2020-08-29T18:09:50+00:00,31.3,32.0,204.6,ADAPTIVE,26.3612013889,6.4079999999999995
2020-08-29T18:09:54+00:00,31.4,32.0,204.7,ADAPTIVE,26.3681927778,6.438
2020-08-29T18:09:57+00:00,31.3,32.0,204.6,ADAPTIVE,26.3751555556,6.418
2020-08-29T18:10:01+00:00,31.3,32.0,204.8,ADAPTIVE,26.382153333299996,6.419
2020-08-29T18:10:05+00:00,31.2,32.0,204.7,ADAPTIVE,26.389126111099998,6.420999999999999
2020-08-29T18:10:09+00:00,31.4,32.0,204.7,ADAPTIVE,26.3961319444,6.435
2020-08-29T18:10:13+00:00,31.3,32.0,204.6,ADAPTIVE,26.403109999999998,6.425
2020-08-29T18:10:17+00:00,31.3,32.0,204.9,ADAPTIVE,26.4101186111,6.4239999999999995
2020-08-29T18:10:21+00:00,31.3,32.0,204.6,ADAPTIVE,26.4170933333,6.4079999999999995
2020-08-29T18:10:25+00:00,31.4,32.0,204.7,ADAPTIVE,26.424093611099998,6.433
2020-08-29T18:10:29+00:00,31.3,32.0,204.8,ADAPTIVE,26.431061388899998,6.428
2020-08-29T18:10:33+00:00,31.4,32.0,204.7,ADAPTIVE,26.4380591667,6.441
2020-08-29T18:10:37+00:00,31.3,32.0,204.8,ADAPTIVE,26.4450269444,6.425999999999999
2020-08-29T18:10:41+00:00,31.3,32.0,205.1,ADAPTIVE,26.4520275,6.419
2020-08-29T18:10:45+00:00,31.2,32.0,204.8,ADAPTIVE,26.4589983333,6.41
2020-08-29T18:10:49+00:00,31.3,32.0,204.7,ADAPTIVE,26.4659991667,6.42
2020-08-29T18:10:53+00:00,31.3,32.0,204.8,ADAPTIVE,26.4729688889,6.433
2020-08-29T18:10:57+00:00,31.3,32.0,204.7,ADAPTIVE,26.479968333299997,6.423
2020-08-29T18:11:00+00:00,31.3,32.0,204.8,ADAPTIVE,26.4869402778,6.425
2020-08-29T18:11:04+00:00,31.4,32.0,204.8,ADAPTIVE,26.4939444444,6.446
2020-08-29T18:11:08+00:00,31.3,32.0,204.4,ADAPTIVE,26.500921666700002,6.431
2020-08-29T18:11:12+00:00,31.4,32.0,204.5,ADAPTIVE,26.5079241667,6.444999999999999
2020-08-29T18:11:16+00:00,30.4,31.0,204.8,ADAPTIVE,26.514893888899998,6.2459999999999996
2020-08-29T18:11:20+00:00,30.4,31.0,204.8,ADAPTIVE,26.521680833299996,6.2379999999999995
2020-08-29T18:11:24+00:00,30.3,31.0,204.7,ADAPTIVE,26.528434166700002,6.226
2020-08-29T18:11:28+00:00,30.3,31.0,204.9,ADAPTIVE,26.535210833299995,6.221
2020-08-29T18:11:32+00:00,30.3,31.0,204.8,ADAPTIVE,26.5419583333,6.226999999999999
2020-08-29T18:11:36+00:00,30.3,31.0,204.8,ADAPTIVE,26.5487361111,6.221
2020-08-29T18:11:40+00:00,30.4,31.0,204.9,ADAPTIVE,26.5554919444,6.234999999999999
2020-08-29T18:11:44+00:00,30.4,31.0,204.9,ADAPTIVE,26.5622819444,6.2459999999999996
2020-08-29T18:11:48+00:00,30.3,31.0,204.8,ADAPTIVE,26.5690736111,6.239999999999999
2020-08-29T18:11:52+00:00,30.3,31.0,205.0,ADAPTIVE,26.5758336111,6.231
2020-08-29T18:11:56+00:00,30.4,31.0,204.7,ADAPTIVE,26.582618055599998,6.231
2020-08-29T18:12:00+00:00,30.4,31.0,204.6,ADAPTIVE,26.5893738889,6.25
2020-08-29T18:12:04+00:00,30.3,31.0,204.9,ADAPTIVE,26.5961577778,6.221
2020-08-29T18:12:07+00:00,30.4,31.0,204.9,ADAPTIVE,26.6029133333,6.233
2020-08-29T18:12:11+00:00,30.4,31.0,205.0,ADAPTIVE,26.6097,6.2379999999999995
2020-08-29T18:12:15+00:00,30.4,31.0,204.9,ADAPTIVE,26.6164602778,6.244
2020-08-29T18:12:19+00:00,30.3,31.0,204.8,ADAPTIVE,26.6232541667,6.228
2020-08-29T18:12:23+00:00,30.3,31.0,204.9,ADAPTIVE,26.6300202778,6.2219999999999995
2020-08-29T18:12:27+00:00,30.3,31.0,204.9,ADAPTIVE,26.6368102778,6.213
2020-08-29T18:12:31+00:00,30.4,31.0,205.0,ADAPTIVE,26.643574722199997,6.241
2020-08-29T18:12:35+00:00,30.4,31.0,204.8,ADAPTIVE,26.6503691667,6.253
2020-08-29T18:12:39+00:00,30.4,31.0,204.9,ADAPTIVE,26.657132222199998,6.239
2020-08-29T18:12:43+00:00,30.3,31.0,204.9,ADAPTIVE,26.663923055599998,6.2299999999999995
2020-08-29T18:12:47+00:00,30.3,31.0,204.8,ADAPTIVE,26.670680833299997,6.229
2020-08-29T18:12:51+00:00,30.4,31.0,204.9,ADAPTIVE,26.6774377778,6.233
2020-08-29T18:12:55+00:00,30.3,31.0,204.8,ADAPTIVE,26.68422,6.223999999999999
2020-08-29T18:12:59+00:00,30.4,31.0,204.9,ADAPTIVE,26.690973333299997,6.242
2020-08-29T18:13:03+00:00,30.4,31.0,204.8,ADAPTIVE,26.6977602778,6.231
2020-08-29T18:13:07+00:00,30.3,31.0,204.9,ADAPTIVE,26.704513333299996,6.241
2020-08-29T18:13:11+00:00,30.3,31.0,204.8,ADAPTIVE,26.711299722199996,6.225
2020-08-29T18:13:14+00:00,30.3,31.0,204.8,ADAPTIVE,26.718054722199998,6.223
2020-08-29T18:13:18+00:00,30.4,31.0,204.5,ADAPTIVE,26.7248397222,6.25
2020-08-29T18:13:22+00:00,30.3,31.0,204.8,ADAPTIVE,26.7316027778,6.229
2020-08-29T18:13:26+00:00,30.4,31.0,204.9,ADAPTIVE,26.7383969444,6.231
2020-08-29T18:13:30+00:00,30.3,31.0,204.9,ADAPTIVE,26.745185833299995,6.226999999999999
2020-08-29T18:13:34+00:00,30.3,31.0,205.0,ADAPTIVE,26.751943055599998,6.215
2020-08-29T18:13:38+00:00,30.3,31.0,204.8,ADAPTIVE,26.7587275,6.22
2020-08-29T18:13:42+00:00,30.3,31.0,204.9,ADAPTIVE,26.765482499999997,6.2219999999999995
2020-08-29T18:13:46+00:00,30.3,31.0,204.7,ADAPTIVE,26.7722702778,6.213
2020-08-29T18:13:50+00:00,30.4,31.0,204.6,ADAPTIVE,26.7790305556,6.225
2020-08-29T18:13:54+00:00,30.3,31.0,204.9,ADAPTIVE,26.7858202778,6.223
2020-08-29T18:13:58+00:00,30.3,31.0,204.3,ADAPTIVE,26.792585,6.225
2020-08-29T18:14:02+00:00,30.4,31.0,204.7,ADAPTIVE,26.7993794444,6.234
2020-08-29T18:14:06+00:00,30.4,31.0,204.8,ADAPTIVE,26.8061438889,6.244
2020-08-29T18:14:10+00:00,30.4,31.0,205.0,ADAPTIVE,26.812934722199998,6.247
2020-08-29T18:14:14+00:00,30.3,31.0,204.9,ADAPTIVE,26.8196919444,6.226
2020-08-29T18:14:18+00:00,30.3,31.0,204.8,ADAPTIVE,26.8264741667,6.225
2020-08-29T18:14:21+00:00,30.3,31.0,204.7,ADAPTIVE,26.833230833299996,6.215
2020-08-29T18:14:25+00:00,30.4,31.0,204.8,ADAPTIVE,26.840019722199997,6.237
2020-08-29T18:14:29+00:00,30.4,31.0,204.9,ADAPTIVE,26.846784999999997,6.234999999999999
2020-08-29T18:14:33+00:00,30.3,31.0,204.8,ADAPTIVE,26.8535752778,6.225
2020-08-29T18:14:37+00:00,30.2,31.0,205.0,ADAPTIVE,26.860331666700002,6.196
2020-08-29T18:14:41+00:00,30.3,31.0,205.0,ADAPTIVE,26.8671166667,6.2299999999999995
2020-08-29T18:14:45+00:00,30.4,31.0,204.8,ADAPTIVE,26.8739016667,6.242
2020-08-29T18:14:49+00:00,30.3,31.0,204.8,ADAPTIVE,26.880663333299996,6.226999999999999
2020-08-29T18:14:53+00:00,30.3,31.0,205.0,ADAPTIVE,26.8874575,6.233
2020-08-29T18:14:57+00:00,30.3,31.0,204.9,ADAPTIVE,26.894218333299996,6.223
2020-08-29T18:15:01+00:00,30.4,31.0,205.0,ADAPTIVE,26.901009722199998,6.236
2020-08-29T18:15:05+00:00,30.3,31.0,204.9,ADAPTIVE,26.9077675,6.218
2020-08-29T18:15:09+00:00,30.3,31.0,205.0,ADAPTIVE,26.914555,6.226
2020-08-29T18:15:13+00:00,30.3,31.0,204.9,ADAPTIVE,26.9213116667,6.236
2020-08-29T18:15:17+00:00,30.4,31.0,204.6,ADAPTIVE,26.928097222199998,6.249
2020-08-29T18:15:21+00:00,30.3,31.0,205.1,ADAPTIVE,26.9348538889,6.231
2020-08-29T18:15:24+00:00,30.4,31.0,205.0,ADAPTIVE,26.9416402778,6.234999999999999
2020-08-29T18:15:28+00:00,30.3,31.0,205.0,ADAPTIVE,26.9484013889,6.226999999999999
2020-08-29T18:15:32+00:00,30.3,31.0,204.8,ADAPTIVE,26.955189722199997,6.223
2020-08-29T18:15:36+00:00,30.4,31.0,204.7,ADAPTIVE,26.961955,6.2299999999999995
2020-08-29T18:15:40+00:00,30.3,31.0,204.8,ADAPTIVE,26.968750833299996,6.234
2020-08-29T18:15:44+00:00,30.4,31.0,204.8,ADAPTIVE,26.9755102778,6.229
2020-08-29T18:15:48+00:00,30.3,31.0,204.8,ADAPTIVE,26.9822969444,6.218
2020-08-29T18:15:52+00:00,30.3,31.0,204.7,ADAPTIVE,26.9890505556,6.215999999999999
2020-08-29T18:15:56+00:00,30.3,31.0,204.8,ADAPTIVE,26.9958325,6.221
2020-08-29T18:16:00+00:00,30.3,31.0,205.0,ADAPTIVE,27.0025888889,6.231999999999999
2020-08-29T18:16:04+00:00,30.4,31.0,204.7,ADAPTIVE,27.0093780556,6.255
2020-08-29T18:16:08+00:00,30.4,31.0,204.9,ADAPTIVE,27.016141111099998,6.26
2020-08-29T18:16:12+00:00,30.4,31.0,205.0,ADAPTIVE,27.022933055599996,6.233
2020-08-29T18:16:16+00:00,30.4,31.0,204.8,ADAPTIVE,27.0296919444,6.239
2020-08-29T18:16:20+00:00,30.4,31.0,204.9,ADAPTIVE,27.0364769444,6.245
2020-08-29T18:16:24+00:00,30.3,31.0,204.7,ADAPTIVE,27.043232222199997,6.226
2020-08-29T18:16:28+00:00,30.3,31.0,205.0,ADAPTIVE,27.0500166667,6.234999999999999
2020-08-29T18:16:32+00:00,30.2,31.0,204.5,ADAPTIVE,27.0567727778,6.202
2020-08-29T18:16:35+00:00,30.3,31.0,204.9,ADAPTIVE,27.0635619444,6.2299999999999995
2020-08-29T18:16:39+00:00,30.3,31.0,204.7,ADAPTIVE,27.070323333299996,6.226
2020-08-29T18:16:43+00:00,30.3,31.0,204.9,ADAPTIVE,27.0771169444,6.228
2020-08-29T18:16:47+00:00,30.4,31.0,204.9,ADAPTIVE,27.0838819444,6.239
2020-08-29T18:16:51+00:00,30.3,31.0,204.9,ADAPTIVE,27.0906727778,6.225
2020-08-29T18:16:55+00:00,30.3,31.0,204.9,ADAPTIVE,27.0974602778,6.217
2020-08-29T18:16:59+00:00,30.3,31.0,205.0,ADAPTIVE,27.104217499999997,6.217
2020-08-29T18:17:03+00:00,30.3,31.0,204.9,ADAPTIVE,27.111005,6.226
2020-08-29T18:17:07+00:00,30.3,31.0,204.9,ADAPTIVE,27.117770833299996,6.229
2020-08-29T18:17:11+00:00,30.3,31.0,205.0,ADAPTIVE,27.124565833299997,6.237
2020-08-29T18:17:15+00:00,30.4,31.0,205.0,ADAPTIVE,27.131332222199998,6.261
2020-08-29T18:17:19+00:00,30.3,31.0,205.0,ADAPTIVE,27.1381236111,6.234
2020-08-29T18:17:23+00:00,30.4,31.0,205.0,ADAPTIVE,27.144883333299997,6.263
2020-08-29T18:17:27+00:00,30.4,31.0,204.9,ADAPTIVE,27.151665555599998,6.239999999999999
2020-08-29T18:17:31+00:00,30.3,31.0,204.9,ADAPTIVE,27.1584222222,6.225
2020-08-29T18:17:35+00:00,30.4,31.0,205.0,ADAPTIVE,27.165211388899998,6.241
2020-08-29T18:17:39+00:00,30.3,31.0,205.0,ADAPTIVE,27.171973611099997,6.226999999999999
2020-08-29T18:17:42+00:00,30.3,31.0,205.1,ADAPTIVE,27.178768611099997,6.231
2020-08-29T18:17:46+00:00,30.2,31.0,205.0,ADAPTIVE,27.185535555599998,6.21
2020-08-29T18:17:50+00:00,30.3,31.0,205.0,ADAPTIVE,27.1923330556,6.223
2020-08-29T18:17:54+00:00,30.4,31.0,204.8,ADAPTIVE,27.1991069444,6.254
2020-08-29T18:17:58+00:00,30.4,31.0,205.0,ADAPTIVE,27.2059061111,6.247999999999999
2020-08-29T18:18:02+00:00,30.5,31.0,204.8,ADAPTIVE,27.212675555599997,6.255
2020-08-29T18:18:06+00:00,30.4,31.0,205.0,ADAPTIVE,27.219470555599997,6.239999999999999
2020-08-29T18:18:10+00:00,30.3,31.0,205.3,ADAPTIVE,27.2262391667,6.226
2020-08-29T18:18:14+00:00,30.4,31.0,204.9,ADAPTIVE,27.2330080556,6.254
2020-08-29T18:18:18+00:00,30.3,31.0,204.8,ADAPTIVE,27.2398041667,6.234999999999999
2020-08-29T18:18:22+00:00,30.3,31.0,205.0,ADAPTIVE,27.246568055599997,6.239999999999999
2020-08-29T18:18:26+00:00,30.4,31.0,205.0,ADAPTIVE,27.253371111099998,6.2459999999999996
2020-08-29T18:18:30+00:00,30.4,31.0,205.1,ADAPTIVE,27.2601436111,6.233
2020-08-29T18:18:34+00:00,30.3,31.0,205.0,ADAPTIVE,27.2669366667,6.223
2020-08-29T18:18:38+00:00,30.4,31.0,204.7,ADAPTIVE,27.2737027778,6.257
2020-08-29T18:18:42+00:00,30.4,31.0,205.2,ADAPTIVE,27.280503333299997,6.247999999999999
2020-08-29T18:18:46+00:00,30.4,31.0,204.9,ADAPTIVE,27.2872744444,6.257
2020-08-29T18:18:49+00:00,30.3,31.0,204.8,ADAPTIVE,27.2940725,6.241
2020-08-29T18:18:53+00:00,30.3,31.0,204.9,ADAPTIVE,27.300838055599996,6.234
2020-08-29T18:18:57+00:00,30.3,31.0,205.0,ADAPTIVE,27.307628611099997,6.236
2020-08-29T18:19:01+00:00,30.3,31.0,205.1,ADAPTIVE,27.3143891667,6.223999999999999
2020-08-29T18:19:05+00:00,30.3,31.0,205.1,ADAPTIVE,27.321178055599997,6.231
2020-08-29T18:19:09+00:00,30.3,31.0,204.9,ADAPTIVE,27.3279402778,6.237
2020-08-29T18:19:13+00:00,30.3,31.0,205.1,ADAPTIVE,27.334734722199997,6.2299999999999995
2020-08-29T18:19:17+00:00,30.4,31.0,205.0,ADAPTIVE,27.3415044444,6.239
2020-08-29T18:19:21+00:00,30.3,31.0,204.9,ADAPTIVE,27.348302222199997,6.233
2020-08-29T18:19:25+00:00,30.4,31.0,204.9,ADAPTIVE,27.3550641667,6.237
2020-08-29T18:19:29+00:00,30.3,31.0,204.2,ADAPTIVE,27.3618469444,6.199999999999999
2020-08-29T18:19:33+00:00,30.3,31.0,204.2,ADAPTIVE,27.3686075,6.2059999999999995
2020-08-29T18:19:37+00:00,30.3,31.0,204.9,ADAPTIVE,27.375353888899998,6.215
2020-08-29T18:19:41+00:00,30.4,31.0,204.8,ADAPTIVE,27.382144722199996,6.237
2020-08-29T18:19:45+00:00,30.4,31.0,204.7,ADAPTIVE,27.388877222199998,6.241
2020-08-29T18:19:49+00:00,30.3,31.0,204.9,ADAPTIVE,27.3956613889,6.236
2020-08-29T18:19:52+00:00,30.3,31.0,205.0,ADAPTIVE,27.4024191667,6.218
2020-08-29T18:19:56+00:00,30.4,31.0,204.6,ADAPTIVE,27.4092102778,6.2379999999999995
2020-08-29T18:20:00+00:00,30.3,31.0,204.9,ADAPTIVE,27.4159744444,6.225
2020-08-29T18:20:04+00:00,30.4,31.0,204.8,ADAPTIVE,27.422770833299996,6.234999999999999
2020-08-29T18:20:08+00:00,30.4,31.0,204.7,ADAPTIVE,27.429565,6.247999999999999
2020-08-29T18:20:12+00:00,30.2,31.0,204.6,ADAPTIVE,27.4363227778,6.215
2020-08-29T18:20:16+00:00,30.3,31.0,204.7,ADAPTIVE,27.443106111099997,6.226
2020-08-29T18:20:20+00:00,30.3,31.0,204.8,ADAPTIVE,27.4498677778,6.223999999999999
2020-08-29T18:20:24+00:00,30.4,31.0,204.7,ADAPTIVE,27.4566647222,6.2509999999999994
2020-08-29T18:20:28+00:00,30.3,31.0,204.7,ADAPTIVE,27.4634288889,6.223
2020-08-29T18:20:32+00:00,30.4,31.0,205.0,ADAPTIVE,27.470216111099997,6.233
2020-08-29T18:20:36+00:00,30.4,31.0,204.8,ADAPTIVE,27.4769725,6.234
2020-08-29T18:20:40+00:00,30.4,31.0,204.7,ADAPTIVE,27.483760555599996,6.236
2020-08-29T18:20:44+00:00,30.4,31.0,204.9,ADAPTIVE,27.4905213889,6.255999999999999
2020-08-29T18:20:48+00:00,30.4,31.0,204.6,ADAPTIVE,27.4973116667,6.236
2020-08-29T18:20:52+00:00,30.3,31.0,204.7,ADAPTIVE,27.504098611099998,6.207999999999999
2020-08-29T18:20:56+00:00,30.3,31.0,204.9,ADAPTIVE,27.5108566667,6.221
2020-08-29T18:21:00+00:00,30.3,31.0,204.7,ADAPTIVE,27.5176413889,6.207
2020-08-29T18:21:03+00:00,30.3,31.0,205.0,ADAPTIVE,27.524400555599996,6.2299999999999995
2020-08-29T18:21:07+00:00,30.4,31.0,204.8,ADAPTIVE,27.5311877778,6.242999999999999
2020-08-29T18:21:11+00:00,30.3,31.0,204.9,ADAPTIVE,27.5379491667,6.228
2020-08-29T18:21:15+00:00,30.4,31.0,205.0,ADAPTIVE,27.5447327778,6.242
2020-08-29T18:21:19+00:00,30.3,31.0,204.8,ADAPTIVE,27.551490833299997,6.218
2020-08-29T18:21:23+00:00,30.4,31.0,204.9,ADAPTIVE,27.558249999999997,6.245
2020-08-29T18:21:27+00:00,30.3,31.0,204.8,ADAPTIVE,27.5650366667,6.228
2020-08-29T18:21:31+00:00,30.4,31.0,204.8,ADAPTIVE,27.5717977778,6.257
2020-08-29T18:21:35+00:00,30.4,31.0,204.9,ADAPTIVE,27.5785894444,6.25
2020-08-29T18:21:39+00:00,30.2,31.0,204.7,ADAPTIVE,27.585350555599998,6.207999999999999
2020-08-29T18:21:43+00:00,30.4,31.0,204.7,ADAPTIVE,27.5921444444,6.2459999999999996
2020-08-29T18:21:47+00:00,30.3,31.0,204.9,ADAPTIVE,27.598914999999998,6.228
2020-08-29T18:21:51+00:00,30.3,31.0,204.8,ADAPTIVE,27.6057147222,6.2219999999999995
2020-08-29T18:21:55+00:00,30.2,31.0,205.0,ADAPTIVE,27.612483888899998,6.21
2020-08-29T18:21:59+00:00,30.3,31.0,204.8,ADAPTIVE,27.619275,6.225
2020-08-29T18:22:03+00:00,30.4,31.0,205.2,ADAPTIVE,27.626040555599996,6.255999999999999
2020-08-29T18:22:06+00:00,30.4,31.0,204.9,ADAPTIVE,27.63283,6.245
2020-08-29T18:22:10+00:00,30.4,31.0,204.8,ADAPTIVE,27.6395930556,6.249
2020-08-29T18:22:14+00:00,30.3,31.0,205.0,ADAPTIVE,27.6463819444,6.239999999999999
2020-08-29T18:22:18+00:00,30.2,31.0,204.8,ADAPTIVE,27.653145,6.21
2020-08-29T18:22:22+00:00,30.3,31.0,204.9,ADAPTIVE,27.6599363889,6.2299999999999995
2020-08-29T18:22:26+00:00,30.4,31.0,205.1,ADAPTIVE,27.666698055599998,6.237
2020-08-29T18:22:30+00:00,30.4,31.0,205.0,ADAPTIVE,27.6734872222,6.247999999999999
2020-08-29T18:22:34+00:00,30.4,31.0,204.8,ADAPTIVE,27.680252222199996,6.249
2020-08-29T18:22:38+00:00,30.3,31.0,205.2,ADAPTIVE,27.687043333299997,6.231
2020-08-29T18:22:42+00:00,30.3,31.0,204.7,ADAPTIVE,27.6938091667,6.233
2020-08-29T18:22:46+00:00,30.3,31.0,204.7,ADAPTIVE,27.700595555599996,6.215999999999999
2020-08-29T18:22:50+00:00,30.4,31.0,205.0,ADAPTIVE,27.707352222199997,6.245
2020-08-29T18:22:54+00:00,30.3,31.0,204.9,ADAPTIVE,27.7141436111,6.237
2020-08-29T18:22:58+00:00,30.4,31.0,204.9,ADAPTIVE,27.720907222199997,6.242999999999999
2020-08-29T18:23:02+00:00,30.3,31.0,204.8,ADAPTIVE,27.727694999999997,6.236
2020-08-29T18:23:06+00:00,30.4,31.0,205.0,ADAPTIVE,27.734457222199996,6.239
2020-08-29T18:23:10+00:00,30.4,31.0,204.8,ADAPTIVE,27.741253333299998,6.252
2020-08-29T18:23:13+00:00,30.3,31.0,204.1,ADAPTIVE,27.7479952778,6.202999999999999
2020-08-29T18:23:17+00:00,30.4,31.0,204.8,ADAPTIVE,27.7547713889,6.231999999999999
2020-08-29T18:23:21+00:00,30.3,31.0,205.1,ADAPTIVE,27.761536388899998,6.229
2020-08-29T18:23:25+00:00,30.4,31.0,204.9,ADAPTIVE,27.768327222199996,6.231
2020-08-29T18:23:29+00:00,30.2,31.0,205.0,ADAPTIVE,27.775085833299997,6.207999999999999
2020-08-29T18:23:33+00:00,30.2,31.0,204.8,ADAPTIVE,27.7818702778,6.21
2020-08-29T18:23:37+00:00,30.3,31.0,205.2,ADAPTIVE,27.788628055599997,6.228
2020-08-29T18:23:41+00:00,30.4,31.0,205.0,ADAPTIVE,27.795418611099997,6.2459999999999996
2020-08-29T18:23:45+00:00,30.3,31.0,205.0,ADAPTIVE,27.8021794444,6.228
2020-08-29T18:23:49+00:00,30.3,31.0,204.9,ADAPTIVE,27.8089647222,6.237
2020-08-29T18:23:53+00:00,30.3,31.0,204.8,ADAPTIVE,27.8157263889,6.221
2020-08-29T18:23:57+00:00,30.3,31.0,204.7,ADAPTIVE,27.8224844444,6.226
2020-08-29T18:24:01+00:00,30.3,31.0,204.5,ADAPTIVE,27.8292688889,6.231999999999999
2020-08-29T18:24:05+00:00,30.4,31.0,205.0,ADAPTIVE,27.8360241667,6.252
2020-08-29T18:24:09+00:00,30.4,31.0,204.6,ADAPTIVE,27.8428094444,6.239999999999999
2020-08-29T18:24:13+00:00,30.3,31.0,205.0,ADAPTIVE,27.849565833299998,6.218
2020-08-29T18:24:17+00:00,30.3,31.0,204.7,ADAPTIVE,27.8563513889,6.22
2020-08-29T18:24:20+00:00,30.3,31.0,204.7,ADAPTIVE,27.8631077778,6.225
2020-08-29T18:24:24+00:00,30.4,31.0,205.0,ADAPTIVE,27.8698930556,6.239999999999999
2020-08-29T18:24:28+00:00,30.3,31.0,204.8,ADAPTIVE,27.8766525,6.231
2020-08-29T18:24:32+00:00,30.4,31.0,205.0,ADAPTIVE,27.883444722199997,6.242
2020-08-29T18:24:36+00:00,30.4,31.0,204.8,ADAPTIVE,27.8902083333,6.237
2020-08-29T18:24:40+00:00,30.4,31.0,204.7,ADAPTIVE,27.8970016667,6.2459999999999996
2020-08-29T18:24:44+00:00,30.4,31.0,204.9,ADAPTIVE,27.903762222199997,6.252
2020-08-29T18:24:48+00:00,30.4,31.0,204.8,ADAPTIVE,27.9105511111,6.2379999999999995
2020-08-29T18:24:52+00:00,30.2,31.0,204.9,ADAPTIVE,27.917309999999997,6.217
2020-08-29T18:24:56+00:00,30.3,31.0,205.0,ADAPTIVE,27.924098333299998,6.2219999999999995
2020-08-29T18:25:00+00:00,30.3,31.0,204.6,ADAPTIVE,27.9308561111,6.226999999999999
2020-08-29T18:25:04+00:00,30.2,31.0,205.0,ADAPTIVE,27.937643333299995,6.199
2020-08-29T18:25:08+00:00,30.4,31.0,204.7,ADAPTIVE,27.944405555599996,6.258
2020-08-29T18:25:12+00:00,30.4,31.0,205.0,ADAPTIVE,27.951195833299998,6.242999999999999
2020-08-29T18:25:16+00:00,30.4,31.0,204.7,ADAPTIVE,27.9579627778,6.252
2020-08-29T18:25:20+00:00,30.4,31.0,204.9,ADAPTIVE,27.964755555599996,6.244
2020-08-29T18:25:24+00:00,30.3,31.0,205.0,ADAPTIVE,27.971518333299997,6.231999999999999
2020-08-29T18:25:27+00:00,30.3,31.0,205.0,ADAPTIVE,27.9783038889,6.223999999999999
2020-08-29T18:25:31+00:00,30.4,31.0,204.9,ADAPTIVE,27.9850566667,6.2459999999999996
2020-08-29T18:25:35+00:00,30.3,31.0,204.9,ADAPTIVE,27.9918380556,6.221
2020-08-29T18:25:39+00:00,30.3,31.0,204.9,ADAPTIVE,27.998594722199996,6.223
2020-08-29T18:25:43+00:00,30.3,31.0,204.7,ADAPTIVE,28.0053802778,6.2299999999999995
2020-08-29T18:25:47+00:00,30.3,31.0,205.0,ADAPTIVE,28.012137499999998,6.217
2020-08-29T18:25:51+00:00,30.4,31.0,205.0,ADAPTIVE,28.0189319444,6.233
2020-08-29T18:25:55+00:00,30.4,31.0,204.9,ADAPTIVE,28.0256997222,6.269
2020-08-29T18:25:59+00:00,30.4,31.0,204.8,ADAPTIVE,28.0324922222,6.239999999999999
2020-08-29T18:26:03+00:00,30.3,31.0,205.0,ADAPTIVE,28.039279999999998,6.221
2020-08-29T18:26:07+00:00,30.4,31.0,204.7,ADAPTIVE,28.0460366667,6.237
2020-08-29T18:26:11+00:00,30.2,31.0,204.9,ADAPTIVE,28.0528213889,6.207
2020-08-29T18:26:15+00:00,30.4,31.0,205.0,ADAPTIVE,28.0595797222,6.244
2020-08-29T18:26:19+00:00,30.3,31.0,204.9,ADAPTIVE,28.0663705556,6.213
2020-08-29T18:26:23+00:00,30.4,31.0,204.9,ADAPTIVE,28.0731313889,6.226999999999999
2020-08-29T18:26:27+00:00,30.2,31.0,204.7,ADAPTIVE,28.0799172222,6.207999999999999
2020-08-29T18:26:30+00:00,30.4,31.0,204.8,ADAPTIVE,28.0866725,6.242999999999999
2020-08-29T18:26:34+00:00,30.3,31.0,204.8,ADAPTIVE,28.093461111099998,6.215
2020-08-29T18:26:38+00:00,30.3,31.0,204.8,ADAPTIVE,28.1002569444,6.228
2020-08-29T18:26:42+00:00,30.3,31.0,204.9,ADAPTIVE,28.1070216667,6.226
2020-08-29T18:26:46+00:00,30.2,31.0,205.1,ADAPTIVE,28.1138052778,6.212
2020-08-29T18:26:50+00:00,30.2,31.0,205.0,ADAPTIVE,28.1205613889,6.2139999999999995
2020-08-29T18:26:54+00:00,30.4,31.0,205.1,ADAPTIVE,28.1273519444,6.239
2020-08-29T18:26:58+00:00,30.4,31.0,205.0,ADAPTIVE,28.134115555599998,6.245
2020-08-29T18:27:02+00:00,30.3,31.0,204.7,ADAPTIVE,28.1409063889,6.217
2020-08-29T18:27:06+00:00,30.4,31.0,205.0,ADAPTIVE,28.1476877778,6.234999999999999
2020-08-29T18:27:10+00:00,30.3,31.0,204.8,ADAPTIVE,28.1544402778,6.215
2020-08-29T18:27:14+00:00,30.4,31.0,204.6,ADAPTIVE,28.161226388899998,6.239
2020-08-29T18:27:18+00:00,30.3,31.0,204.6,ADAPTIVE,28.1679844444,6.22
2020-08-29T18:27:22+00:00,30.4,31.0,204.9,ADAPTIVE,28.174771111099997,6.233
2020-08-29T18:27:26+00:00,30.4,31.0,204.6,ADAPTIVE,28.181521111099997,6.231
2020-08-29T18:27:30+00:00,30.4,31.0,204.8,ADAPTIVE,28.188304722199998,6.2459999999999996
2020-08-29T18:27:34+00:00,30.3,31.0,204.7,ADAPTIVE,28.1950641667,6.223999999999999
2020-08-29T18:27:37+00:00,30.4,31.0,204.8,ADAPTIVE,28.2018516667,6.239999999999999
2020-08-29T18:27:41+00:00,30.3,31.0,205.0,ADAPTIVE,28.208635555599997,6.225
2020-08-29T18:27:45+00:00,30.4,31.0,205.1,ADAPTIVE,28.2153875,6.239999999999999
2020-08-29T18:27:49+00:00,30.3,31.0,204.9,ADAPTIVE,28.2221694444,6.233
2020-08-29T18:27:53+00:00,30.4,31.0,204.7,ADAPTIVE,28.2289266667,6.234999999999999
2020-08-29T18:27:57+00:00,30.3,31.0,204.3,ADAPTIVE,28.235713333299998,6.221
2020-08-29T18:28:01+00:00,30.4,31.0,204.8,ADAPTIVE,28.2424644444,6.234999999999999
2020-08-29T18:28:05+00:00,30.3,31.0,204.9,ADAPTIVE,28.249243333299997,6.2299999999999995
2020-08-29T18:28:09+00:00,30.4,31.0,204.9,ADAPTIVE,28.2560252778,6.233
2020-08-29T18:28:13+00:00,30.4,31.0,204.5,ADAPTIVE,28.262783611099998,6.221
2020-08-29T18:28:17+00:00,30.3,31.0,204.9,ADAPTIVE,28.269567499999997,6.215999999999999
2020-08-29T18:28:21+00:00,30.4,31.0,204.7,ADAPTIVE,28.276315,6.229
2020-08-29T18:28:25+00:00,30.3,31.0,204.7,ADAPTIVE,28.2830941667,6.21
2020-08-29T18:28:29+00:00,30.5,31.0,204.7,ADAPTIVE,28.289849999999998,6.255
2020-08-29T18:28:33+00:00,30.4,31.0,204.9,ADAPTIVE,28.2966452778,6.234
2020-08-29T18:28:37+00:00,30.4,31.0,204.7,ADAPTIVE,28.3034302778,6.226
2020-08-29T18:28:41+00:00,30.3,31.0,204.7,ADAPTIVE,28.310181111099997,6.2139999999999995
2020-08-29T18:28:44+00:00,30.3,31.0,204.8,ADAPTIVE,28.3169625,6.207999999999999
2020-08-29T18:28:48+00:00,30.4,31.0,204.6,ADAPTIVE,28.3237169444,6.226
2020-08-29T18:28:52+00:00,30.3,31.0,204.5,ADAPTIVE,28.330501666700002,6.217
2020-08-29T18:28:56+00:00,30.4,31.0,204.7,ADAPTIVE,28.337255,6.247
2020-08-29T18:29:00+00:00,30.3,31.0,204.3,ADAPTIVE,28.3440338889,6.2139999999999995
2020-08-29T18:29:04+00:00,30.3,31.0,204.6,ADAPTIVE,28.350787222199997,6.218999999999999
2020-08-29T18:29:08+00:00,30.3,31.0,204.7,ADAPTIVE,28.3575419444,6.225
2020-08-29T18:29:12+00:00,30.4,31.0,204.7,ADAPTIVE,28.364301111099998,6.2379999999999995
2020-08-29T18:29:16+00:00,30.3,31.0,204.6,ADAPTIVE,28.3710905556,6.236
2020-08-29T18:29:20+00:00,30.4,31.0,204.4,ADAPTIVE,28.3778769444,6.249
2020-08-29T18:29:24+00:00,30.3,31.0,204.6,ADAPTIVE,28.384630555599998,6.2139999999999995
2020-08-29T18:29:28+00:00,30.3,31.0,204.6,ADAPTIVE,28.39141,6.226999999999999
2020-08-29T18:29:32+00:00,30.4,31.0,204.6,ADAPTIVE,28.3981641667,6.242
2020-08-29T18:29:36+00:00,30.3,31.0,204.6,ADAPTIVE,28.4049477778,6.225
2020-08-29T18:29:40+00:00,30.3,31.0,205.0,ADAPTIVE,28.4117036111,6.226
2020-08-29T18:29:44+00:00,30.3,31.0,204.6,ADAPTIVE,28.4184819444,6.2139999999999995
2020-08-29T18:29:48+00:00,30.3,31.0,204.6,ADAPTIVE,28.4252286111,6.215
2020-08-29T18:29:52+00:00,30.3,31.0,204.4,ADAPTIVE,28.4320077778,6.207999999999999
2020-08-29T18:29:55+00:00,30.3,31.0,204.5,ADAPTIVE,28.438790555599997,6.218999999999999
2020-08-29T18:29:59+00:00,30.4,31.0,204.5,ADAPTIVE,28.4455375,6.2299999999999995
2020-08-29T18:30:03+00:00,30.3,31.0,204.7,ADAPTIVE,28.4523111111,6.209
2020-08-29T18:30:07+00:00,30.4,31.0,204.5,ADAPTIVE,28.4590597222,6.225
2020-08-29T18:30:11+00:00,30.3,31.0,204.6,ADAPTIVE,28.465841111099998,6.215
2020-08-29T18:30:15+00:00,30.3,31.0,204.6,ADAPTIVE,28.4725977778,6.204
2020-08-29T18:30:19+00:00,30.4,31.0,204.7,ADAPTIVE,28.4793777778,6.233
2020-08-29T18:30:23+00:00,30.3,31.0,204.7,ADAPTIVE,28.486123055599997,6.210999999999999
2020-08-29T18:30:27+00:00,30.3,31.0,204.8,ADAPTIVE,28.4928969444,6.210999999999999
2020-08-29T18:30:31+00:00,30.4,31.0,204.6,ADAPTIVE,28.4996744444,6.229
2020-08-29T18:30:35+00:00,30.4,31.0,204.5,ADAPTIVE,28.5064302778,6.245
2020-08-29T18:30:39+00:00,30.3,31.0,204.9,ADAPTIVE,28.513216111099997,6.22
2020-08-29T18:30:43+00:00,30.3,31.0,204.6,ADAPTIVE,28.519972499999998,6.215
2020-08-29T18:30:47+00:00,31.4,32.0,204.5,ADAPTIVE,28.52677,6.43
2020-08-29T18:30:51+00:00,31.3,32.0,204.5,ADAPTIVE,28.5337338889,6.417
2020-08-29T18:30:55+00:00,31.3,32.0,204.6,ADAPTIVE,28.5407277778,6.412
2020-08-29T18:30:58+00:00,31.4,32.0,204.5,ADAPTIVE,28.5476969444,6.419
2020-08-29T18:31:02+00:00,31.4,32.0,204.4,ADAPTIVE,28.5546941667,6.42
2020-08-29T18:31:06+00:00,31.3,32.0,204.4,ADAPTIVE,28.5616591667,6.418
2020-08-29T18:31:10+00:00,31.3,32.0,204.5,ADAPTIVE,28.5686494444,6.419
2020-08-29T18:31:14+00:00,31.3,32.0,203.8,ADAPTIVE,28.5756316667,6.412999999999999
2020-08-29T18:31:18+00:00,31.3,32.0,204.2,ADAPTIVE,28.582587222199997,6.423
2020-08-29T18:31:22+00:00,31.3,32.0,204.4,ADAPTIVE,28.5895766667,6.401
2020-08-29T18:31:26+00:00,31.4,32.0,204.1,ADAPTIVE,28.596539722199996,6.441999999999999
2020-08-29T18:31:30+00:00,31.4,32.0,204.4,ADAPTIVE,28.6035405556,6.4399999999999995
2020-08-29T18:31:34+00:00,31.4,32.0,204.5,ADAPTIVE,28.6105152778,6.428999999999999
2020-08-29T18:31:38+00:00,31.4,32.0,204.8,ADAPTIVE,28.6175144444,6.439
2020-08-29T18:31:42+00:00,31.4,32.0,204.7,ADAPTIVE,28.624473611099997,6.43
2020-08-29T18:31:46+00:00,31.3,32.0,204.1,ADAPTIVE,28.6314591667,6.42
2020-08-29T18:31:50+00:00,31.4,32.0,204.2,ADAPTIVE,28.638413333299997,6.4159999999999995
2020-08-29T18:31:54+00:00,31.4,32.0,204.6,ADAPTIVE,28.645401388899998,6.428999999999999
2020-08-29T18:31:58+00:00,31.4,32.0,204.1,ADAPTIVE,28.652360555599998,6.414
2020-08-29T18:32:02+00:00,31.4,32.0,204.4,ADAPTIVE,28.6593475,6.428999999999999
2020-08-29T18:32:05+00:00,31.3,32.0,204.4,ADAPTIVE,28.6663144444,6.412999999999999
2020-08-29T18:32:09+00:00,31.3,32.0,204.4,ADAPTIVE,28.673308055599996,6.431
2020-08-29T18:32:13+00:00,31.3,32.0,204.4,ADAPTIVE,28.6802694444,6.417
2020-08-29T18:32:17+00:00,31.4,32.0,204.2,ADAPTIVE,28.6872602778,6.417
2020-08-29T18:32:21+00:00,31.3,32.0,204.2,ADAPTIVE,28.6942188889,6.409
2020-08-29T18:32:25+00:00,31.3,32.0,204.3,ADAPTIVE,28.7012077778,6.412999999999999
2020-08-29T18:32:29+00:00,31.3,32.0,204.3,ADAPTIVE,28.7081652778,6.411
2020-08-29T18:32:33+00:00,31.3,32.0,204.2,ADAPTIVE,28.7151563889,6.418
2020-08-29T18:32:37+00:00,31.4,32.0,204.2,ADAPTIVE,28.722083611099997,6.419
2020-08-29T18:32:41+00:00,31.3,32.0,204.1,ADAPTIVE,28.729074166700002,6.418
2020-08-29T18:32:45+00:00,31.4,32.0,204.3,ADAPTIVE,28.7360319444,6.4159999999999995
2020-08-29T18:32:49+00:00,31.3,32.0,204.2,ADAPTIVE,28.743017499999997,6.394
2020-08-29T18:32:53+00:00,31.3,32.0,204.3,ADAPTIVE,28.749973888899998,6.399
2020-08-29T18:32:57+00:00,31.4,32.0,204.2,ADAPTIVE,28.756960833299996,6.428999999999999
2020-08-29T18:33:01+00:00,31.3,32.0,204.2,ADAPTIVE,28.7639169444,6.411
2020-08-29T18:33:05+00:00,31.4,32.0,204.5,ADAPTIVE,28.7709041667,6.427
2020-08-29T18:33:09+00:00,31.3,32.0,204.3,ADAPTIVE,28.777862222199996,6.420999999999999
2020-08-29T18:33:12+00:00,31.3,32.0,203.9,ADAPTIVE,28.7848502778,6.412
2020-08-29T18:33:16+00:00,31.4,32.0,204.0,ADAPTIVE,28.7918086111,6.414
2020-08-29T18:33:20+00:00,31.1,32.0,204.4,ADAPTIVE,28.7987563889,6.362
2020-08-29T18:33:24+00:00,30.9,32.0,204.5,ADAPTIVE,28.8056594444,6.322
2020-08-29T18:33:28+00:00,31.0,32.0,204.2,ADAPTIVE,28.812594722199997,6.3309999999999995
2020-08-29T18:33:32+00:00,31.3,32.0,204.1,ADAPTIVE,28.819532222199996,6.404
2020-08-29T18:33:36+00:00,31.3,32.0,204.1,ADAPTIVE,28.8265138889,6.404
2020-08-29T18:33:40+00:00,31.4,32.0,204.2,ADAPTIVE,28.8334652778,6.407
2020-08-29T18:33:44+00:00,31.3,32.0,203.9,ADAPTIVE,28.840448055599996,6.415
2020-08-29T18:33:48+00:00,31.3,32.0,204.2,ADAPTIVE,28.847398333299996,6.396999999999999
2020-08-29T18:33:52+00:00,31.3,32.0,203.9,ADAPTIVE,28.8543863889,6.403
2020-08-29T18:33:56+00:00,31.4,32.0,204.2,ADAPTIVE,28.8613477778,6.422
2020-08-29T18:34:00+00:00,31.3,32.0,204.2,ADAPTIVE,28.868333333299997,6.4159999999999995
2020-08-29T18:34:04+00:00,31.3,32.0,204.2,ADAPTIVE,28.87529,6.3999999999999995
2020-08-29T18:34:08+00:00,31.3,32.0,204.2,ADAPTIVE,28.8822769444,6.407
2020-08-29T18:34:12+00:00,31.3,32.0,204.1,ADAPTIVE,28.8892272222,6.402
2020-08-29T18:34:16+00:00,31.3,32.0,203.9,ADAPTIVE,28.8962091667,6.404999999999999
2020-08-29T18:34:19+00:00,31.3,32.0,204.1,ADAPTIVE,28.9031575,6.412999999999999
2020-08-29T18:34:23+00:00,31.2,32.0,204.3,ADAPTIVE,28.910108611099997,6.3709999999999996
2020-08-29T18:34:27+00:00,31.1,32.0,204.3,ADAPTIVE,28.917018611099998,6.364999999999999
2020-08-29T18:34:31+00:00,31.4,32.0,204.4,ADAPTIVE,28.9239913889,6.417
2020-08-29T18:34:35+00:00,31.4,32.0,204.5,ADAPTIVE,28.9309569444,6.427
2020-08-29T18:34:39+00:00,31.3,32.0,204.5,ADAPTIVE,28.9379472222,6.412
2020-08-29T18:34:43+00:00,31.3,32.0,204.4,ADAPTIVE,28.9449041667,6.41
2020-08-29T18:34:47+00:00,31.3,32.0,204.3,ADAPTIVE,28.9518919444,6.418
2020-08-29T18:34:51+00:00,31.4,32.0,204.4,ADAPTIVE,28.958852222199997,6.433999999999999
2020-08-29T18:34:55+00:00,31.4,32.0,204.0,ADAPTIVE,28.965843055599997,6.428
2020-08-29T18:34:59+00:00,31.3,32.0,203.8,ADAPTIVE,28.9728038889,6.402
2020-08-29T18:35:03+00:00,31.0,32.0,204.1,ADAPTIVE,28.979753055599996,6.3469999999999995
2020-08-29T18:35:07+00:00,31.3,32.0,203.9,ADAPTIVE,28.9866788889,6.411
2020-08-29T18:35:11+00:00,31.4,32.0,204.1,ADAPTIVE,28.993665,6.427
2020-08-29T18:35:15+00:00,31.3,32.0,204.4,ADAPTIVE,29.000629999999997,6.409
2020-08-29T18:35:19+00:00,31.3,32.0,203.9,ADAPTIVE,29.0076244444,6.403
2020-08-29T18:35:22+00:00,31.4,32.0,204.2,ADAPTIVE,29.014585,6.42
2020-08-29T18:35:26+00:00,31.4,32.0,204.0,ADAPTIVE,29.021574722199997,6.425999999999999
2020-08-29T18:35:30+00:00,31.4,32.0,204.0,ADAPTIVE,29.0285352778,6.420999999999999
2020-08-29T18:35:34+00:00,31.3,32.0,204.4,ADAPTIVE,29.0354969444,6.393
2020-08-29T18:35:38+00:00,31.4,32.0,204.4,ADAPTIVE,29.0424836111,6.422
2020-08-29T18:35:42+00:00,31.3,32.0,204.3,ADAPTIVE,29.0494441667,6.404999999999999
2020-08-29T18:35:46+00:00,31.3,32.0,204.1,ADAPTIVE,29.0564344444,6.409
2020-08-29T18:35:50+00:00,31.4,32.0,204.1,ADAPTIVE,29.0633919444,6.417
2020-08-29T18:35:54+00:00,31.3,32.0,204.0,ADAPTIVE,29.0703794444,6.403
2020-08-29T18:35:58+00:00,31.4,32.0,204.3,ADAPTIVE,29.0773352778,6.412999999999999
2020-08-29T18:36:02+00:00,31.4,32.0,203.8,ADAPTIVE,29.0843227778,6.425999999999999
2020-08-29T18:36:06+00:00,31.4,32.0,204.2,ADAPTIVE,29.0912775,6.425
2020-08-29T18:36:10+00:00,31.4,32.0,204.2,ADAPTIVE,29.0982644444,6.42
2020-08-29T18:36:14+00:00,31.3,32.0,204.3,ADAPTIVE,29.1052222222,6.414
2020-08-29T18:36:18+00:00,31.4,32.0,203.9,ADAPTIVE,29.112190555599998,6.412999999999999
2020-08-29T18:36:22+00:00,31.0,32.0,204.3,ADAPTIVE,29.119100555599996,6.343999999999999
2020-08-29T18:36:26+00:00,31.4,32.0,204.1,ADAPTIVE,29.1260291667,6.404
2020-08-29T18:36:29+00:00,31.3,32.0,204.1,ADAPTIVE,29.132970555599996,6.406
2020-08-29T18:36:33+00:00,31.4,32.0,204.2,ADAPTIVE,29.139960833299998,6.427
2020-08-29T18:36:37+00:00,31.3,32.0,204.1,ADAPTIVE,29.1469216667,6.402
2020-08-29T18:36:41+00:00,31.4,32.0,204.2,ADAPTIVE,29.15391,6.428
2020-08-29T18:36:45+00:00,31.4,32.0,204.1,ADAPTIVE,29.1608644444,6.404999999999999
2020-08-29T18:36:49+00:00,31.3,32.0,204.2,ADAPTIVE,29.1678502778,6.404
2020-08-29T18:36:53+00:00,31.4,32.0,203.9,ADAPTIVE,29.1748088889,6.427
2020-08-29T18:36:57+00:00,31.3,32.0,203.9,ADAPTIVE,29.1817963889,6.41
2020-08-29T18:37:01+00:00,31.3,32.0,204.2,ADAPTIVE,29.1887538889,6.396
2020-08-29T18:37:05+00:00,31.3,32.0,204.1,ADAPTIVE,29.1957394444,6.3999999999999995
2020-08-29T18:37:09+00:00,31.3,32.0,204.3,ADAPTIVE,29.2027027778,6.414
2020-08-29T18:37:13+00:00,31.3,32.0,204.1,ADAPTIVE,29.2096944444,6.4159999999999995
2020-08-29T18:37:17+00:00,31.4,32.0,204.2,ADAPTIVE,29.216656111099997,6.4239999999999995
2020-08-29T18:37:21+00:00,31.3,32.0,204.2,ADAPTIVE,29.223620555599997,6.407
2020-08-29T18:37:25+00:00,31.4,32.0,204.3,ADAPTIVE,29.230568611099997,6.428999999999999
2020-08-29T18:37:29+00:00,30.9,32.0,204.1,ADAPTIVE,29.2374844444,6.332999999999999
2020-08-29T18:37:33+00:00,31.4,32.0,204.1,ADAPTIVE,29.2444455556,6.415
2020-08-29T18:37:36+00:00,31.4,32.0,204.3,ADAPTIVE,29.2514094444,6.407
2020-08-29T18:37:40+00:00,31.4,32.0,204.4,ADAPTIVE,29.2584016667,6.414
2020-08-29T18:37:44+00:00,31.4,32.0,204.2,ADAPTIVE,29.265362222199997,6.423
2020-08-29T18:37:48+00:00,31.4,32.0,204.2,ADAPTIVE,29.272347222199997,6.42
2020-08-29T18:37:52+00:00,31.4,32.0,203.8,ADAPTIVE,29.279307499999998,6.418
2020-08-29T18:37:56+00:00,31.4,32.0,204.1,ADAPTIVE,29.286292222199997,6.4159999999999995
2020-08-29T18:38:00+00:00,31.3,32.0,204.0,ADAPTIVE,29.2932491667,6.4079999999999995
2020-08-29T18:38:04+00:00,31.3,32.0,204.3,ADAPTIVE,29.3002344444,6.4079999999999995
2020-08-29T18:38:08+00:00,31.3,32.0,203.9,ADAPTIVE,29.3071861111,6.394
2020-08-29T18:38:12+00:00,31.3,32.0,203.8,ADAPTIVE,29.3141691667,6.41
2020-08-29T18:38:16+00:00,31.3,32.0,204.2,ADAPTIVE,29.3211266667,6.399
2020-08-29T18:38:20+00:00,31.3,32.0,203.9,ADAPTIVE,29.3281119444,6.399
2020-08-29T18:38:24+00:00,31.4,32.0,204.1,ADAPTIVE,29.3350641667,6.418
2020-08-29T18:38:28+00:00,31.3,32.0,204.2,ADAPTIVE,29.342048333299996,6.418
2020-08-29T18:38:32+00:00,31.3,32.0,204.2,ADAPTIVE,29.349003333299997,6.403
2020-08-29T18:38:36+00:00,31.4,32.0,203.9,ADAPTIVE,29.3559575,6.418
2020-08-29T18:38:40+00:00,31.4,32.0,203.9,ADAPTIVE,29.362941388899998,6.420999999999999
2020-08-29T18:38:44+00:00,31.4,32.0,203.8,ADAPTIVE,29.3698952778,6.418
2020-08-29T18:38:47+00:00,31.3,32.0,204.0,ADAPTIVE,29.376877222199997,6.401
2020-08-29T18:38:51+00:00,31.4,32.0,204.2,ADAPTIVE,29.3838302778,6.414
2020-08-29T18:38:55+00:00,31.4,32.0,203.9,ADAPTIVE,29.390815833299996,6.427
2020-08-29T18:38:59+00:00,31.4,32.0,204.0,ADAPTIVE,29.3977741667,6.4079999999999995
2020-08-29T18:39:03+00:00,31.4,32.0,203.9,ADAPTIVE,29.4047583333,6.412
2020-08-29T18:39:07+00:00,31.3,32.0,204.2,ADAPTIVE,29.4117116667,6.419
2020-08-29T18:39:11+00:00,31.3,32.0,204.1,ADAPTIVE,29.418695555599996,6.404
2020-08-29T18:39:18+00:00,31.3,32.0,204.0,ADAPTIVE,29.4256513889,6.3999999999999995
2020-08-29T18:39:19+00:00,31.4,32.0,204.3,ADAPTIVE,29.4326094444,6.420999999999999
2020-08-29T18:39:23+00:00,31.4,32.0,204.1,ADAPTIVE,29.4396016667,6.43
2020-08-29T18:39:27+00:00,31.4,32.0,204.2,ADAPTIVE,29.4465630556,6.420999999999999
2020-08-29T18:39:31+00:00,31.4,32.0,203.9,ADAPTIVE,29.4535477778,6.428
2020-08-29T18:39:35+00:00,31.3,32.0,203.8,ADAPTIVE,29.460503333299997,6.3999999999999995
2020-08-29T18:39:39+00:00,31.4,32.0,203.9,ADAPTIVE,29.467490555599998,6.404
2020-08-29T18:39:43+00:00,31.4,32.0,204.1,ADAPTIVE,29.4744513889,6.420999999999999
2020-08-29T18:39:47+00:00,30.9,32.0,204.1,ADAPTIVE,29.4814341667,6.329
2020-08-29T18:39:50+00:00,31.1,32.0,204.2,ADAPTIVE,29.4883458333,6.364999999999999
2020-08-29T18:39:54+00:00,31.1,32.0,204.2,ADAPTIVE,29.4952452778,6.3629999999999995
2020-08-29T18:39:58+00:00,31.0,32.0,204.2,ADAPTIVE,29.5021691667,6.340999999999999
2020-08-29T18:40:02+00:00,30.9,32.0,204.2,ADAPTIVE,29.5090641667,6.324999999999999
2020-08-29T18:40:06+00:00,30.9,32.0,204.2,ADAPTIVE,29.516004722199998,6.316
2020-08-29T18:40:10+00:00,31.1,32.0,203.9,ADAPTIVE,29.5229036111,6.358
2020-08-29T18:40:14+00:00,31.4,32.0,204.2,ADAPTIVE,29.529832499999998,6.414
2020-08-29T18:40:18+00:00,31.4,32.0,203.9,ADAPTIVE,29.5367816667,6.436999999999999
2020-08-29T18:40:22+00:00,31.4,32.0,204.0,ADAPTIVE,29.5437644444,6.409
2020-08-29T18:40:26+00:00,31.3,32.0,204.1,ADAPTIVE,29.5507141667,6.402
2020-08-29T18:40:30+00:00,31.4,32.0,204.2,ADAPTIVE,29.557695,6.422
2020-08-29T18:40:34+00:00,31.3,32.0,204.2,ADAPTIVE,29.5646411111,6.402
2020-08-29T18:40:38+00:00,31.4,32.0,203.9,ADAPTIVE,29.5716177778,6.4239999999999995
2020-08-29T18:40:42+00:00,31.3,32.0,203.6,ADAPTIVE,29.578567222199997,6.406
2020-08-29T18:40:46+00:00,31.4,32.0,204.1,ADAPTIVE,29.585545833299996,6.403
2020-08-29T18:40:50+00:00,31.3,32.0,204.1,ADAPTIVE,29.5924994444,6.404
2020-08-29T18:40:54+00:00,31.4,32.0,203.9,ADAPTIVE,29.599480833299996,6.425999999999999
2020-08-29T18:40:57+00:00,31.4,32.0,203.9,ADAPTIVE,29.6064236111,6.423
2020-08-29T18:41:01+00:00,31.4,32.0,204.0,ADAPTIVE,29.613367222199997,6.419
2020-08-29T18:41:05+00:00,31.4,32.0,203.9,ADAPTIVE,29.6203061111,6.403
2020-08-29T18:41:09+00:00,31.4,32.0,203.8,ADAPTIVE,29.6272905556,6.418
2020-08-29T18:41:13+00:00,31.3,32.0,203.9,ADAPTIVE,29.634245833299996,6.41
2020-08-29T18:41:17+00:00,31.3,32.0,203.7,ADAPTIVE,29.641202222199997,6.401
2020-08-29T18:41:21+00:00,31.3,32.0,204.1,ADAPTIVE,29.6481888889,6.387
2020-08-29T18:41:25+00:00,31.4,32.0,204.1,ADAPTIVE,29.655145555599997,6.415
2020-08-29T18:41:29+00:00,31.4,32.0,203.7,ADAPTIVE,29.662128611099998,6.411
2020-08-29T18:41:33+00:00,31.4,32.0,204.0,ADAPTIVE,29.669078611099998,6.402
2020-08-29T18:41:37+00:00,31.1,32.0,204.1,ADAPTIVE,29.6760025,6.362
2020-08-29T18:41:41+00:00,31.1,32.0,203.9,ADAPTIVE,29.682920833299995,6.362
2020-08-29T18:41:45+00:00,31.4,32.0,204.0,ADAPTIVE,29.6898444444,6.415
2020-08-29T18:41:49+00:00,31.4,32.0,204.3,ADAPTIVE,29.6968305556,6.428999999999999
2020-08-29T18:41:53+00:00,31.3,32.0,204.0,ADAPTIVE,29.7037827778,6.402
2020-08-29T18:41:57+00:00,31.3,32.0,203.9,ADAPTIVE,29.710758333299996,6.396999999999999
2020-08-29T18:42:01+00:00,31.3,32.0,204.0,ADAPTIVE,29.7177119444,6.411
2020-08-29T18:42:04+00:00,31.3,32.0,204.2,ADAPTIVE,29.724665833299998,6.415
2020-08-29T18:42:08+00:00,31.3,32.0,204.0,ADAPTIVE,29.7316391667,6.386
2020-08-29T18:42:12+00:00,31.3,32.0,204.3,ADAPTIVE,29.73859,6.401
2020-08-29T18:42:16+00:00,31.4,32.0,204.1,ADAPTIVE,29.7455752778,6.422
2020-08-29T18:42:20+00:00,31.3,32.0,203.9,ADAPTIVE,29.752526111099996,6.404999999999999
2020-08-29T18:42:24+00:00,31.4,32.0,203.9,ADAPTIVE,29.759506666700002,6.425999999999999
2020-08-29T18:42:28+00:00,31.3,32.0,204.2,ADAPTIVE,29.7664605556,6.398
2020-08-29T18:42:32+00:00,31.2,32.0,204.0,ADAPTIVE,29.773444722199997,6.396
2020-08-29T18:42:36+00:00,31.3,32.0,204.0,ADAPTIVE,29.780392222199996,6.403
2020-08-29T18:42:40+00:00,31.4,32.0,204.1,ADAPTIVE,29.7873722222,6.4079999999999995
2020-08-29T18:42:44+00:00,31.3,32.0,204.2,ADAPTIVE,29.7943241667,6.418
2020-08-29T18:42:48+00:00,31.3,32.0,204.2,ADAPTIVE,29.8012741667,6.393
2020-08-29T18:42:52+00:00,31.3,32.0,204.2,ADAPTIVE,29.8082563889,6.4079999999999995
2020-08-29T18:42:56+00:00,31.3,32.0,204.0,ADAPTIVE,29.815208055599996,6.401
2020-08-29T18:43:00+00:00,31.4,32.0,204.1,ADAPTIVE,29.8221894444,6.4079999999999995
2020-08-29T18:43:04+00:00,31.3,32.0,203.8,ADAPTIVE,29.8291419444,6.404
2020-08-29T18:43:08+00:00,31.3,32.0,204.3,ADAPTIVE,29.8361269444,6.4159999999999995
2020-08-29T18:43:11+00:00,31.3,32.0,204.2,ADAPTIVE,29.8430827778,6.401
2020-08-29T18:43:15+00:00,31.4,32.0,204.3,ADAPTIVE,29.850063055599996,6.425999999999999
2020-08-29T18:43:19+00:00,31.3,32.0,204.0,ADAPTIVE,29.85701,6.402
2020-08-29T18:43:23+00:00,31.3,32.0,204.1,ADAPTIVE,29.8639588889,6.402
2020-08-29T18:43:27+00:00,31.3,32.0,203.7,ADAPTIVE,29.8709344444,6.3919999999999995
2020-08-29T18:43:31+00:00,31.3,32.0,203.9,ADAPTIVE,29.877882222199997,6.399
2020-08-29T18:43:35+00:00,31.1,32.0,204.0,ADAPTIVE,29.884836111099997,6.364
2020-08-29T18:43:39+00:00,31.0,32.0,203.9,ADAPTIVE,29.8917202778,6.332
2020-08-29T18:43:43+00:00,31.4,32.0,204.0,ADAPTIVE,29.8986661111,6.417
2020-08-29T18:43:47+00:00,31.3,32.0,204.0,ADAPTIVE,29.9056463889,6.398
2020-08-29T18:43:51+00:00,31.3,32.0,204.0,ADAPTIVE,29.9125988889,6.41
2020-08-29T18:43:55+00:00,31.4,32.0,204.1,ADAPTIVE,29.919582499999997,6.407
2020-08-29T18:43:59+00:00,31.2,32.0,203.9,ADAPTIVE,29.9265177778,6.388
2020-08-29T18:44:03+00:00,30.9,32.0,204.0,ADAPTIVE,29.9334194444,6.324999999999999
2020-08-29T18:44:07+00:00,30.9,32.0,204.0,ADAPTIVE,29.940340833299995,6.321
2020-08-29T18:44:11+00:00,31.4,32.0,204.0,ADAPTIVE,29.9472594444,6.412999999999999
2020-08-29T18:44:14+00:00,31.3,32.0,203.9,ADAPTIVE,29.9542261111,6.404999999999999
2020-08-29T18:44:18+00:00,31.4,32.0,203.9,ADAPTIVE,29.961178333299998,6.423
2020-08-29T18:44:22+00:00,31.3,32.0,204.2,ADAPTIVE,29.968159999999997,6.398
2020-08-29T18:44:26+00:00,31.4,32.0,203.9,ADAPTIVE,29.975112499999998,6.412999999999999
2020-08-29T18:44:30+00:00,31.4,32.0,203.9,ADAPTIVE,29.9820875,6.41
2020-08-29T18:44:34+00:00,31.4,32.0,204.1,ADAPTIVE,29.989039722199998,6.422
2020-08-29T18:44:38+00:00,31.3,32.0,203.9,ADAPTIVE,29.9959941667,6.404
2020-08-29T18:44:42+00:00,31.4,32.0,204.0,ADAPTIVE,30.0029755556,6.428
2020-08-29T18:44:46+00:00,31.4,32.0,203.9,ADAPTIVE,30.009930833299997,6.425
2020-08-29T18:44:50+00:00,31.3,32.0,204.1,ADAPTIVE,30.0168891667,6.398
2020-08-29T18:44:54+00:00,31.2,32.0,204.1,ADAPTIVE,30.0237938889,6.3759999999999994
2020-08-29T18:44:58+00:00,31.1,32.0,203.9,ADAPTIVE,30.03073,6.369
2020-08-29T18:45:02+00:00,31.3,32.0,203.9,ADAPTIVE,30.037679166700002,6.398
2020-08-29T18:45:06+00:00,31.4,32.0,204.0,ADAPTIVE,30.0446636111,6.433999999999999
2020-08-29T18:45:10+00:00,31.4,32.0,204.1,ADAPTIVE,30.0516188889,6.4159999999999995
2020-08-29T18:45:14+00:00,31.3,32.0,204.1,ADAPTIVE,30.058601388899998,6.406
2020-08-29T18:45:18+00:00,31.3,32.0,204.0,ADAPTIVE,30.0655516667,6.391
2020-08-29T18:45:22+00:00,31.4,32.0,204.2,ADAPTIVE,30.0725313889,6.420999999999999
2020-08-29T18:45:25+00:00,31.4,32.0,203.8,ADAPTIVE,30.079482222199996,6.411
2020-08-29T18:45:29+00:00,31.4,32.0,204.3,ADAPTIVE,30.0864627778,6.419
2020-08-29T18:45:33+00:00,31.3,32.0,204.0,ADAPTIVE,30.0934152778,6.4079999999999995
2020-08-29T18:45:37+00:00,31.3,32.0,204.0,ADAPTIVE,30.100395,6.393
2020-08-29T18:45:41+00:00,31.3,32.0,203.9,ADAPTIVE,30.107344722199997,6.394
2020-08-29T18:45:45+00:00,31.4,32.0,204.0,ADAPTIVE,30.1143252778,6.409
2020-08-29T18:45:49+00:00,31.4,32.0,204.2,ADAPTIVE,30.1212777778,6.42
2020-08-29T18:45:53+00:00,31.3,32.0,203.9,ADAPTIVE,30.128262499999998,6.414
2020-08-29T18:45:57+00:00,31.3,32.0,204.1,ADAPTIVE,30.135217222199998,6.407
2020-08-29T18:46:01+00:00,31.0,32.0,204.0,ADAPTIVE,30.1421719444,6.34
2020-08-29T18:46:05+00:00,31.4,32.0,203.9,ADAPTIVE,30.149089722199996,6.433
2020-08-29T18:46:09+00:00,31.3,32.0,204.1,ADAPTIVE,30.1560741667,6.409
2020-08-29T18:46:13+00:00,31.3,32.0,203.9,ADAPTIVE,30.1630263889,6.414
2020-08-29T18:46:17+00:00,31.3,32.0,204.0,ADAPTIVE,30.1700030556,6.399
2020-08-29T18:46:21+00:00,31.3,32.0,203.2,ADAPTIVE,30.1769438889,6.404
2020-08-29T18:46:25+00:00,31.4,32.0,203.7,ADAPTIVE,30.183912499999998,6.407
2020-08-29T18:46:28+00:00,31.4,32.0,204.0,ADAPTIVE,30.190850833299997,6.401
2020-08-29T18:46:32+00:00,31.3,32.0,204.0,ADAPTIVE,30.197824999999998,6.396
2020-08-29T18:46:36+00:00,31.3,32.0,203.9,ADAPTIVE,30.2047697222,6.402
2020-08-29T18:46:40+00:00,31.0,32.0,203.9,ADAPTIVE,30.2117236111,6.332
2020-08-29T18:46:44+00:00,31.0,32.0,203.9,ADAPTIVE,30.218612222199997,6.340999999999999
2020-08-29T18:46:48+00:00,31.2,32.0,204.2,ADAPTIVE,30.2255344444,6.364999999999999
2020-08-29T18:46:52+00:00,31.2,32.0,204.1,ADAPTIVE,30.232439999999997,6.374
2020-08-29T18:46:56+00:00,31.3,32.0,204.2,ADAPTIVE,30.2394177778,6.414
2020-08-29T18:47:00+00:00,31.4,32.0,204.2,ADAPTIVE,30.2463705556,6.4159999999999995
2020-08-29T18:47:04+00:00,31.4,32.0,204.2,ADAPTIVE,30.253349999999998,6.414
2020-08-29T18:47:08+00:00,31.3,32.0,204.1,ADAPTIVE,30.2602972222,6.396999999999999
2020-08-29T18:47:12+00:00,31.3,32.0,204.2,ADAPTIVE,30.2672775,6.401
2020-08-29T18:47:16+00:00,31.3,32.0,203.8,ADAPTIVE,30.2742322222,6.4079999999999995
2020-08-29T18:47:20+00:00,31.4,32.0,204.1,ADAPTIVE,30.281214722199998,6.417
2020-08-29T18:47:24+00:00,31.5,32.0,204.3,ADAPTIVE,30.288163611099996,6.446
2020-08-29T18:47:28+00:00,31.0,32.0,204.1,ADAPTIVE,30.295110833299997,6.342
2020-08-29T18:47:32+00:00,31.3,32.0,204.0,ADAPTIVE,30.302067222199998,6.401
2020-08-29T18:47:35+00:00,31.3,32.0,203.9,ADAPTIVE,30.3090477778,6.4159999999999995
2020-08-29T18:47:39+00:00,31.3,32.0,203.9,ADAPTIVE,30.316023611099997,6.402
2020-08-29T18:47:43+00:00,31.4,32.0,203.8,ADAPTIVE,30.322972222199997,6.42
2020-08-29T18:47:47+00:00,31.0,32.0,204.1,ADAPTIVE,30.3299441667,6.340999999999999
2020-08-29T18:47:51+00:00,31.2,32.0,204.0,ADAPTIVE,30.336832222199998,6.378
2020-08-29T18:47:55+00:00,31.1,32.0,204.1,ADAPTIVE,30.3437538889,6.3549999999999995
2020-08-29T18:47:59+00:00,31.4,32.0,203.7,ADAPTIVE,30.3506991667,6.422
2020-08-29T18:48:03+00:00,31.3,32.0,203.9,ADAPTIVE,30.357676111099998,6.4079999999999995
2020-08-29T18:48:07+00:00,31.3,32.0,204.0,ADAPTIVE,30.3646202778,6.396
2020-08-29T18:48:11+00:00,31.4,32.0,203.8,ADAPTIVE,30.3715969444,6.403
2020-08-29T18:48:15+00:00,31.2,32.0,203.9,ADAPTIVE,30.3785413889,6.382
2020-08-29T18:48:19+00:00,31.4,32.0,204.0,ADAPTIVE,30.385515833299998,6.414
2020-08-29T18:48:23+00:00,31.3,32.0,203.9,ADAPTIVE,30.392460833299996,6.396
2020-08-29T18:48:27+00:00,31.3,32.0,203.7,ADAPTIVE,30.399423611099998,6.407
2020-08-29T18:48:31+00:00,31.0,32.0,204.1,ADAPTIVE,30.406309722199996,6.335999999999999
2020-08-29T18:48:35+00:00,31.0,32.0,203.9,ADAPTIVE,30.413222222199998,6.34
2020-08-29T18:48:39+00:00,31.2,32.0,204.2,ADAPTIVE,30.420114722199997,6.386
2020-08-29T18:48:42+00:00,31.2,32.0,203.9,ADAPTIVE,30.427059999999997,6.374
2020-08-29T18:48:46+00:00,31.0,32.0,203.8,ADAPTIVE,30.433975555599996,6.3389999999999995
2020-08-29T18:48:50+00:00,31.0,32.0,203.9,ADAPTIVE,30.4409141667,6.332
2020-08-29T18:48:54+00:00,31.3,32.0,203.9,ADAPTIVE,30.447775833299996,6.402
2020-08-29T18:48:58+00:00,31.1,32.0,204.0,ADAPTIVE,30.454668055599996,6.359
2020-08-29T18:49:02+00:00,31.2,32.0,203.8,ADAPTIVE,30.461590833299997,6.367999999999999
2020-08-29T18:49:06+00:00,31.0,32.0,203.9,ADAPTIVE,30.4684894444,6.329
2020-08-29T18:49:10+00:00,31.4,32.0,204.1,ADAPTIVE,30.475424722199996,6.4079999999999995
2020-08-29T18:49:14+00:00,31.3,32.0,204.1,ADAPTIVE,30.4823738889,6.403
2020-08-29T18:49:18+00:00,31.4,32.0,204.1,ADAPTIVE,30.489353611099997,6.420999999999999
2020-08-29T18:49:22+00:00,31.4,32.0,203.9,ADAPTIVE,30.4963019444,6.4239999999999995
2020-08-29T18:49:26+00:00,31.4,32.0,204.1,ADAPTIVE,30.503276388899998,6.41
2020-08-29T18:49:30+00:00,31.4,32.0,204.1,ADAPTIVE,30.5102241667,6.42
2020-08-29T18:49:34+00:00,31.3,32.0,203.8,ADAPTIVE,30.5172016667,6.399
2020-08-29T18:49:38+00:00,31.4,32.0,203.8,ADAPTIVE,30.5241552778,6.414
2020-08-29T18:49:42+00:00,31.4,32.0,204.1,ADAPTIVE,30.5311388889,6.4159999999999995
2020-08-29T18:49:46+00:00,31.4,32.0,204.1,ADAPTIVE,30.5380866667,6.423
2020-08-29T18:49:49+00:00,31.5,32.0,204.2,ADAPTIVE,30.5450719444,6.438
2020-08-29T18:49:53+00:00,31.3,32.0,204.0,ADAPTIVE,30.552024999999997,6.398
2020-08-29T18:49:57+00:00,31.0,32.0,204.1,ADAPTIVE,30.558964999999997,6.356999999999999
2020-08-29T18:50:01+00:00,31.0,32.0,204.1,ADAPTIVE,30.565851666700002,6.346
2020-08-29T18:50:05+00:00,31.1,32.0,204.1,ADAPTIVE,30.5727786111,6.35
2020-08-29T18:50:09+00:00,31.4,32.0,203.8,ADAPTIVE,30.5797186111,6.436
2020-08-29T18:50:13+00:00,31.3,32.0,203.9,ADAPTIVE,30.5866991667,6.396
2020-08-29T18:50:17+00:00,31.4,32.0,204.1,ADAPTIVE,30.593648333299996,6.412
2020-08-29T18:50:21+00:00,31.3,32.0,203.9,ADAPTIVE,30.6006286111,6.385
2020-08-29T18:50:25+00:00,31.3,32.0,203.9,ADAPTIVE,30.6075763889,6.393
2020-08-29T18:50:29+00:00,31.4,32.0,204.0,ADAPTIVE,30.6145541667,6.417
2020-08-29T18:50:33+00:00,31.4,32.0,204.1,ADAPTIVE,30.621500555599997,6.417
2020-08-29T18:50:37+00:00,31.3,32.0,203.7,ADAPTIVE,30.628473333299997,6.378
2020-08-29T18:50:41+00:00,31.3,32.0,203.8,ADAPTIVE,30.6354166667,6.398
2020-08-29T18:50:45+00:00,31.4,32.0,203.8,ADAPTIVE,30.6423902778,6.4159999999999995
2020-08-29T18:50:49+00:00,31.3,32.0,204.8,ADAPTIVE,30.6493452778,6.420999999999999
2020-08-29T18:50:53+00:00,31.3,32.0,204.8,ADAPTIVE,30.6563436111,6.412999999999999
2020-08-29T18:50:56+00:00,31.4,32.0,204.7,ADAPTIVE,30.6633141667,6.428
2020-08-29T18:51:00+00:00,31.3,32.0,204.1,ADAPTIVE,30.670308333299996,6.419
2020-08-29T18:51:04+00:00,31.3,32.0,204.6,ADAPTIVE,30.6772794444,6.418
2020-08-29T18:51:08+00:00,31.4,32.0,204.7,ADAPTIVE,30.684279722199996,6.446
2020-08-29T18:51:12+00:00,31.4,32.0,204.6,ADAPTIVE,30.691254166700002,6.444
2020-08-29T18:51:16+00:00,31.4,32.0,204.3,ADAPTIVE,30.698258055599997,6.433
2020-08-29T18:51:20+00:00,31.4,32.0,204.5,ADAPTIVE,30.705228611099997,6.420999999999999
2020-08-29T18:51:24+00:00,31.3,32.0,204.5,ADAPTIVE,30.712225,6.4159999999999995
2020-08-29T18:51:28+00:00,31.2,32.0,204.6,ADAPTIVE,30.719189722199996,6.401
2020-08-29T18:51:32+00:00,31.4,32.0,204.5,ADAPTIVE,30.726180833299995,6.4319999999999995
2020-08-29T18:51:36+00:00,31.3,32.0,204.5,ADAPTIVE,30.733143611099997,6.420999999999999
2020-08-29T18:51:40+00:00,31.3,32.0,204.6,ADAPTIVE,30.7401369444,6.422
2020-08-29T18:51:44+00:00,31.3,32.0,204.2,ADAPTIVE,30.7471022222,6.411
2020-08-29T18:51:48+00:00,31.4,32.0,204.7,ADAPTIVE,30.7540941667,6.431
2020-08-29T18:51:52+00:00,31.3,32.0,204.6,ADAPTIVE,30.7610597222,6.415
2020-08-29T18:51:56+00:00,31.2,32.0,204.4,ADAPTIVE,30.7680194444,6.4079999999999995
2020-08-29T18:52:00+00:00,31.3,32.0,204.6,ADAPTIVE,30.775010555599998,6.411
2020-08-29T18:52:03+00:00,31.4,32.0,204.6,ADAPTIVE,30.781977777799998,6.435
2020-08-29T18:52:07+00:00,31.4,32.0,204.6,ADAPTIVE,30.7889747222,6.431
2020-08-29T18:52:11+00:00,31.3,32.0,204.7,ADAPTIVE,30.7959425,6.43
2020-08-29T18:52:15+00:00,31.3,32.0,204.7,ADAPTIVE,30.802941111099997,6.425
2020-08-29T18:52:19+00:00,31.4,32.0,204.5,ADAPTIVE,30.809911111099996,6.4319999999999995
2020-08-29T18:52:23+00:00,31.4,32.0,204.3,ADAPTIVE,30.8169094444,6.436999999999999
2020-08-29T18:52:27+00:00,31.4,32.0,204.5,ADAPTIVE,30.8238825,6.433999999999999
2020-08-29T18:52:31+00:00,31.4,32.0,204.6,ADAPTIVE,30.8308527778,6.42
2020-08-29T18:52:35+00:00,31.4,32.0,204.4,ADAPTIVE,30.8378544444,6.433
2020-08-29T18:52:39+00:00,31.3,32.0,204.4,ADAPTIVE,30.8448263889,6.43
2020-08-29T18:52:43+00:00,31.4,32.0,204.4,ADAPTIVE,30.851827222199997,6.433
2020-08-29T18:52:47+00:00,31.3,32.0,204.3,ADAPTIVE,30.8587988889,6.422
2020-08-29T18:52:51+00:00,31.3,32.0,204.5,ADAPTIVE,30.8658036111,6.412
2020-08-29T18:52:55+00:00,31.3,32.0,204.3,ADAPTIVE,30.872775555599997,6.418
2020-08-29T18:52:59+00:00,31.4,32.0,204.7,ADAPTIVE,30.879746111099998,6.428999999999999
2020-08-29T18:53:03+00:00,31.4,32.0,204.3,ADAPTIVE,30.8867452778,6.43
2020-08-29T18:53:07+00:00,31.4,32.0,204.5,ADAPTIVE,30.893712222199998,6.425999999999999
2020-08-29T18:53:10+00:00,31.4,32.0,204.3,ADAPTIVE,30.9007097222,6.435
2020-08-29T18:53:14+00:00,31.4,32.0,204.4,ADAPTIVE,30.9076766667,6.433999999999999
2020-08-29T18:53:18+00:00,31.4,32.0,204.2,ADAPTIVE,30.914643611099997,6.425999999999999
2020-08-29T18:53:22+00:00,31.4,32.0,204.3,ADAPTIVE,30.921643333299997,6.420999999999999
2020-08-29T18:53:26+00:00,31.4,32.0,204.5,ADAPTIVE,30.9286169444,6.425
2020-08-29T18:53:30+00:00,31.3,32.0,204.3,ADAPTIVE,30.935618611099997,6.417
2020-08-29T18:53:34+00:00,31.4,32.0,204.3,ADAPTIVE,30.9425666667,6.422
2020-08-29T18:53:38+00:00,31.3,32.0,204.4,ADAPTIVE,30.949563333299995,6.422
2020-08-29T18:53:42+00:00,31.4,32.0,204.4,ADAPTIVE,30.9565341667,6.422
2020-08-29T18:53:46+00:00,31.3,32.0,204.4,ADAPTIVE,30.963502499999997,6.420999999999999
2020-08-29T18:53:50+00:00,31.3,32.0,204.1,ADAPTIVE,30.970489999999998,6.402
2020-08-29T18:53:54+00:00,31.4,32.0,204.5,ADAPTIVE,30.9774469444,6.425999999999999
2020-08-29T18:53:58+00:00,31.4,32.0,204.6,ADAPTIVE,30.9844416667,6.428999999999999
2020-08-29T18:54:02+00:00,31.4,32.0,204.3,ADAPTIVE,30.991410833299998,6.428
2020-08-29T18:54:06+00:00,31.4,32.0,204.5,ADAPTIVE,30.9983836111,6.435
2020-08-29T18:54:10+00:00,31.3,32.0,204.3,ADAPTIVE,31.0053869444,6.415
2020-08-29T18:54:13+00:00,31.4,32.0,204.6,ADAPTIVE,31.012358333299996,6.428
2020-08-29T18:54:17+00:00,31.4,32.0,204.4,ADAPTIVE,31.019357222199996,6.43
2020-08-29T18:54:21+00:00,31.4,32.0,204.3,ADAPTIVE,31.0263225,6.427
2020-08-29T18:54:25+00:00,31.3,32.0,204.6,ADAPTIVE,31.0332866667,6.4159999999999995
2020-08-29T18:54:29+00:00,31.3,32.0,204.1,ADAPTIVE,31.040279722199998,6.419
2020-08-29T18:54:33+00:00,31.3,32.0,204.2,ADAPTIVE,31.047242222199998,6.411
2020-08-29T18:54:37+00:00,31.5,32.0,204.3,ADAPTIVE,31.054240555599996,6.436999999999999
2020-08-29T18:54:41+00:00,31.3,32.0,204.5,ADAPTIVE,31.0612027778,6.422
2020-08-29T18:54:45+00:00,31.2,32.0,204.5,ADAPTIVE,31.068193888899998,6.402
2020-08-29T18:54:49+00:00,31.3,32.0,204.7,ADAPTIVE,31.075154722199997,6.404999999999999
2020-08-29T18:54:53+00:00,31.4,32.0,204.2,ADAPTIVE,31.0821461111,6.43
2020-08-29T18:54:57+00:00,31.4,32.0,204.4,ADAPTIVE,31.0891116667,6.428
2020-08-29T18:55:01+00:00,31.4,32.0,204.5,ADAPTIVE,31.096080833299997,6.4319999999999995
2020-08-29T18:55:05+00:00,31.3,32.0,204.4,ADAPTIVE,31.103080833299998,6.412
2020-08-29T18:55:09+00:00,31.4,32.0,204.3,ADAPTIVE,31.110050555599997,6.42
2020-08-29T18:55:13+00:00,31.4,32.0,204.4,ADAPTIVE,31.117049722199997,6.427
2020-08-29T18:55:17+00:00,31.4,32.0,204.3,ADAPTIVE,31.1240211111,6.42
2020-08-29T18:55:20+00:00,31.4,32.0,204.5,ADAPTIVE,31.131023055599996,6.417
2020-08-29T18:55:24+00:00,31.4,32.0,204.0,ADAPTIVE,31.137975833299997,6.414
2020-08-29T18:55:28+00:00,31.2,32.0,204.1,ADAPTIVE,31.1449302778,6.396999999999999
2020-08-29T18:55:32+00:00,31.4,32.0,204.2,ADAPTIVE,31.1518513889,6.428999999999999
2020-08-29T18:55:36+00:00,31.4,32.0,204.2,ADAPTIVE,31.1587688889,6.42
2020-08-29T18:55:40+00:00,31.4,32.0,204.3,ADAPTIVE,31.165759722199997,6.423
2020-08-29T18:55:44+00:00,31.3,32.0,204.2,ADAPTIVE,31.1727277778,6.417
2020-08-29T18:55:48+00:00,31.3,32.0,204.4,ADAPTIVE,31.1797222222,6.404
2020-08-29T18:55:52+00:00,31.4,32.0,204.2,ADAPTIVE,31.186685833299997,6.425999999999999
2020-08-29T18:55:56+00:00,31.4,32.0,203.9,ADAPTIVE,31.193645833299996,6.427
2020-08-29T18:56:00+00:00,31.3,32.0,204.3,ADAPTIVE,31.2006366667,6.4159999999999995
2020-08-29T18:56:04+00:00,31.2,32.0,204.3,ADAPTIVE,31.2075938889,6.383
2020-08-29T18:56:08+00:00,31.4,32.0,204.2,ADAPTIVE,31.214569722199997,6.403
2020-08-29T18:56:12+00:00,31.4,32.0,204.1,ADAPTIVE,31.2215169444,6.411
2020-08-29T18:56:16+00:00,31.3,32.0,203.9,ADAPTIVE,31.2284963889,6.398
2020-08-29T18:56:20+00:00,31.4,32.0,204.3,ADAPTIVE,31.235452222199996,6.427
2020-08-29T18:56:24+00:00,31.4,32.0,204.1,ADAPTIVE,31.242437222199996,6.415
2020-08-29T18:56:27+00:00,31.3,32.0,204.1,ADAPTIVE,31.249372222199998,6.386
2020-08-29T18:56:31+00:00,31.0,32.0,204.3,ADAPTIVE,31.256313333299996,6.340999999999999
2020-08-29T18:56:35+00:00,31.1,32.0,204.2,ADAPTIVE,31.2632391667,6.372
2020-08-29T18:56:39+00:00,31.1,32.0,204.3,ADAPTIVE,31.2701713889,6.364999999999999
2020-08-29T18:56:43+00:00,31.4,32.0,204.3,ADAPTIVE,31.277108055599996,6.423
2020-08-29T18:56:47+00:00,31.4,32.0,204.3,ADAPTIVE,31.2840977778,6.425999999999999
2020-08-29T18:56:51+00:00,31.3,32.0,204.5,ADAPTIVE,31.2910627778,6.412
2020-08-29T18:56:55+00:00,31.4,32.0,204.1,ADAPTIVE,31.298058888899998,6.431
2020-08-29T18:56:59+00:00,31.4,32.0,204.4,ADAPTIVE,31.3050288889,6.42
2020-08-29T18:57:03+00:00,31.3,32.0,204.3,ADAPTIVE,31.311998055599997,6.419
2020-08-29T18:57:07+00:00,31.4,32.0,204.3,ADAPTIVE,31.318995555599997,6.422
2020-08-29T18:57:11+00:00,31.4,32.0,204.5,ADAPTIVE,31.325965,6.422
2020-08-29T18:57:15+00:00,30.9,32.0,204.3,ADAPTIVE,31.332934722199997,6.3229999999999995
2020-08-29T18:57:19+00:00,31.4,32.0,204.5,ADAPTIVE,31.3398891667,6.4159999999999995
2020-08-29T18:57:23+00:00,31.4,32.0,204.3,ADAPTIVE,31.346886111099998,6.423
2020-08-29T18:57:27+00:00,31.4,32.0,204.4,ADAPTIVE,31.353850555599998,6.436
2020-08-29T18:57:30+00:00,31.4,32.0,204.4,ADAPTIVE,31.3608419444,6.422
2020-08-29T18:57:34+00:00,31.4,32.0,204.2,ADAPTIVE,31.3678327778,6.419
2020-08-29T18:57:38+00:00,31.4,32.0,204.4,ADAPTIVE,31.3747952778,6.425999999999999
2020-08-29T18:57:42+00:00,31.4,32.0,204.4,ADAPTIVE,31.3817852778,6.425
2020-08-29T18:57:46+00:00,31.1,32.0,204.2,ADAPTIVE,31.3887488889,6.364
2020-08-29T18:57:50+00:00,31.4,32.0,204.3,ADAPTIVE,31.395727222199998,6.427
2020-08-29T18:57:54+00:00,31.3,32.0,204.3,ADAPTIVE,31.4026902778,6.4159999999999995
2020-08-29T18:57:58+00:00,31.4,32.0,204.3,ADAPTIVE,31.4096852778,6.431
2020-08-29T18:58:02+00:00,31.4,32.0,204.1,ADAPTIVE,31.416648611099998,6.417
2020-08-29T18:58:06+00:00,31.3,32.0,204.0,ADAPTIVE,31.4236377778,6.398
2020-08-29T18:58:10+00:00,31.3,32.0,204.2,ADAPTIVE,31.430598055599997,6.409
2020-08-29T18:58:14+00:00,31.3,32.0,204.4,ADAPTIVE,31.4375816667,6.404999999999999
2020-08-29T18:58:18+00:00,31.3,32.0,204.3,ADAPTIVE,31.4445375,6.411
2020-08-29T18:58:22+00:00,31.4,32.0,204.2,ADAPTIVE,31.4514991667,6.423
2020-08-29T18:58:26+00:00,31.3,32.0,204.3,ADAPTIVE,31.4584852778,6.41
2020-08-29T18:58:30+00:00,31.4,32.0,204.4,ADAPTIVE,31.465444722199997,6.425
2020-08-29T18:58:34+00:00,31.3,32.0,204.2,ADAPTIVE,31.472428888899998,6.411
2020-08-29T18:58:38+00:00,31.3,32.0,204.3,ADAPTIVE,31.4793802778,6.412
2020-08-29T18:58:41+00:00,31.3,32.0,203.9,ADAPTIVE,31.486365833299995,6.412999999999999
2020-08-29T18:58:45+00:00,31.3,32.0,204.2,ADAPTIVE,31.4933219444,6.404999999999999
2020-08-29T18:58:49+00:00,31.4,32.0,204.0,ADAPTIVE,31.500310833299995,6.425999999999999
2020-08-29T18:58:53+00:00,31.4,32.0,204.2,ADAPTIVE,31.5072688889,6.420999999999999
2020-08-29T18:58:57+00:00,31.3,32.0,204.1,ADAPTIVE,31.514230833299997,6.404999999999999
2020-08-29T18:59:01+00:00,31.1,32.0,204.1,ADAPTIVE,31.5211897222,6.35
2020-08-29T18:59:05+00:00,31.0,32.0,203.7,ADAPTIVE,31.528085555599997,6.346
2020-08-29T18:59:09+00:00,31.3,32.0,204.2,ADAPTIVE,31.535059999999998,6.41
2020-08-29T18:59:13+00:00,31.3,32.0,204.3,ADAPTIVE,31.5420166667,6.407
2020-08-29T18:59:17+00:00,31.4,32.0,204.0,ADAPTIVE,31.5489713889,6.404999999999999
2020-08-29T18:59:21+00:00,31.3,32.0,204.1,ADAPTIVE,31.5559552778,6.407
2020-08-29T18:59:25+00:00,31.3,32.0,204.2,ADAPTIVE,31.5629116667,6.407
2020-08-29T18:59:29+00:00,31.3,32.0,203.8,ADAPTIVE,31.569898333299996,6.414
2020-08-29T18:59:33+00:00,31.1,32.0,203.9,ADAPTIVE,31.576803333299996,6.3629999999999995
2020-08-29T18:59:37+00:00,31.3,32.0,204.4,ADAPTIVE,31.583703333299997,6.407
2020-08-29T18:59:41+00:00,31.0,32.0,204.1,ADAPTIVE,31.5906366667,6.348999999999999
2020-08-29T18:59:45+00:00,31.0,32.0,204.0,ADAPTIVE,31.597541388899998,6.351
2020-08-29T18:59:48+00:00,30.9,32.0,204.1,ADAPTIVE,31.6044916667,6.324
2020-08-29T18:59:52+00:00,31.3,32.0,204.2,ADAPTIVE,31.611392222199996,6.3999999999999995
2020-08-29T18:59:56+00:00,31.3,32.0,204.5,ADAPTIVE,31.618388333299997,6.414
2020-08-29T19:00:00+00:00,31.4,32.0,204.3,ADAPTIVE,31.6253555556,6.433
2020-08-29T19:00:04+00:00,31.3,32.0,204.5,ADAPTIVE,31.632359722199997,6.425999999999999
2020-08-29T19:00:08+00:00,31.4,32.0,204.5,ADAPTIVE,31.6393311111,6.431
2020-08-29T19:00:12+00:00,31.3,32.0,204.9,ADAPTIVE,31.646311111099998,6.415
2020-08-29T19:00:16+00:00,31.3,32.0,204.9,ADAPTIVE,31.653324722199997,6.431
2020-08-29T19:00:20+00:00,31.4,32.0,204.8,ADAPTIVE,31.6603113889,6.441
2020-08-29T19:00:24+00:00,31.3,32.0,205.0,ADAPTIVE,31.6672969444,6.423
2020-08-29T19:00:28+00:00,31.2,32.0,204.8,ADAPTIVE,31.674305555599997,6.427
2020-08-29T19:00:32+00:00,31.4,32.0,204.9,ADAPTIVE,31.6812866667,6.443
2020-08-29T19:00:36+00:00,31.3,32.0,204.9,ADAPTIVE,31.6882966667,6.425
2020-08-29T19:00:40+00:00,31.3,32.0,204.8,ADAPTIVE,31.695277222199998,6.441
2020-08-29T19:00:44+00:00,31.4,32.0,205.0,ADAPTIVE,31.7022863889,6.46
2020-08-29T19:00:48+00:00,31.3,32.0,204.9,ADAPTIVE,31.7092619444,6.444
2020-08-29T19:00:51+00:00,31.3,32.0,204.9,ADAPTIVE,31.7162647222,6.4319999999999995
2020-08-29T19:00:55+00:00,31.4,32.0,204.8,ADAPTIVE,31.723238333299996,6.441999999999999
2020-08-29T19:00:59+00:00,31.4,32.0,205.0,ADAPTIVE,31.7302416667,6.439
2020-08-29T19:01:03+00:00,31.3,32.0,204.8,ADAPTIVE,31.7372177778,6.436999999999999
2020-08-29T19:01:07+00:00,31.2,32.0,204.8,ADAPTIVE,31.744223611099997,6.411
2020-08-29T19:01:11+00:00,31.4,32.0,204.9,ADAPTIVE,31.7511991667,6.444
2020-08-29T19:01:15+00:00,31.4,32.0,204.9,ADAPTIVE,31.7582063889,6.4479999999999995
2020-08-29T19:01:19+00:00,31.3,32.0,205.1,ADAPTIVE,31.765181666700002,6.431
2020-08-29T19:01:23+00:00,31.2,32.0,204.9,ADAPTIVE,31.772188055599997,6.419
2020-08-29T19:01:27+00:00,31.3,32.0,204.9,ADAPTIVE,31.7791652778,6.439
2020-08-29T19:01:31+00:00,31.3,32.0,205.0,ADAPTIVE,31.7861747222,6.4399999999999995
2020-08-29T19:01:35+00:00,31.4,32.0,205.1,ADAPTIVE,31.7931602778,6.459
2020-08-29T19:01:39+00:00,31.3,32.0,205.1,ADAPTIVE,31.8001405556,6.435
2020-08-29T19:01:43+00:00,31.2,32.0,205.0,ADAPTIVE,31.8071475,6.414
2020-08-29T19:01:47+00:00,31.2,32.0,205.2,ADAPTIVE,31.8141213889,6.417
2020-08-29T19:01:51+00:00,31.1,32.0,204.8,ADAPTIVE,31.8211269444,6.402
2020-08-29T19:01:55+00:00,31.4,32.0,204.8,ADAPTIVE,31.8281038889,6.460999999999999
2020-08-29T19:01:58+00:00,31.3,32.0,205.0,ADAPTIVE,31.8351136111,6.436999999999999
2020-08-29T19:02:02+00:00,31.4,32.0,204.7,ADAPTIVE,31.8420925,6.452
2020-08-29T19:02:06+00:00,31.3,32.0,205.0,ADAPTIVE,31.8491077778,6.438
2020-08-29T19:02:10+00:00,31.4,32.0,205.0,ADAPTIVE,31.856092222199997,6.444
2020-08-29T19:02:14+00:00,31.4,32.0,205.0,ADAPTIVE,31.863108055599998,6.446
2020-08-29T19:02:18+00:00,31.3,32.0,205.0,ADAPTIVE,31.8700963889,6.425
2020-08-29T19:02:22+00:00,31.3,32.0,205.1,ADAPTIVE,31.8771127778,6.420999999999999
2020-08-29T19:02:26+00:00,31.3,32.0,205.1,ADAPTIVE,31.884093333299997,6.43
2020-08-29T19:02:30+00:00,31.2,32.0,205.3,ADAPTIVE,31.891100555599998,6.41
2020-08-29T19:02:34+00:00,31.3,32.0,204.8,ADAPTIVE,31.898078611099997,6.439
2020-08-29T19:02:38+00:00,31.3,32.0,205.0,ADAPTIVE,31.9050830556,6.444
2020-08-29T19:02:42+00:00,31.3,32.0,204.9,ADAPTIVE,31.912062499999998,6.444
2020-08-29T19:02:46+00:00,31.4,32.0,205.0,ADAPTIVE,31.919068055599997,6.439
2020-08-29T19:02:50+00:00,31.3,32.0,205.1,ADAPTIVE,31.926045,6.425999999999999
2020-08-29T19:02:54+00:00,31.4,32.0,204.9,ADAPTIVE,31.933054722199998,6.449999999999999
2020-08-29T19:02:58+00:00,31.2,32.0,205.0,ADAPTIVE,31.940033333299997,6.403
2020-08-29T19:03:02+00:00,31.3,32.0,204.6,ADAPTIVE,31.9470430556,6.431
2020-08-29T19:03:05+00:00,31.4,32.0,204.8,ADAPTIVE,31.9540222222,6.447
2020-08-29T19:03:09+00:00,31.4,32.0,204.8,ADAPTIVE,31.9610327778,6.449
2020-08-29T19:03:13+00:00,31.3,32.0,204.9,ADAPTIVE,31.968008611099997,6.435
2020-08-29T19:03:17+00:00,31.2,32.0,204.7,ADAPTIVE,31.975013055599998,6.409
2020-08-29T19:03:21+00:00,31.3,32.0,204.8,ADAPTIVE,31.981990833299996,6.4319999999999995
2020-08-29T19:03:25+00:00,31.3,32.0,205.1,ADAPTIVE,31.9889686111,6.43
2020-08-29T19:03:29+00:00,31.3,32.0,204.8,ADAPTIVE,31.9959775,6.427
2020-08-29T19:03:33+00:00,31.4,32.0,204.7,ADAPTIVE,32.0029577778,6.451
2020-08-29T19:03:37+00:00,31.3,32.0,204.8,ADAPTIVE,32.0099711111,6.43
2020-08-29T19:03:41+00:00,31.3,32.0,204.9,ADAPTIVE,32.0169522222,6.444999999999999
2020-08-29T19:03:45+00:00,31.4,32.0,204.9,ADAPTIVE,32.023960833299995,6.433999999999999
2020-08-29T19:03:49+00:00,31.4,32.0,204.5,ADAPTIVE,32.0309386111,6.449
2020-08-29T19:03:53+00:00,31.4,32.0,205.2,ADAPTIVE,32.0379444444,6.441
2020-08-29T19:03:57+00:00,31.3,32.0,204.6,ADAPTIVE,32.0449188889,6.412
2020-08-29T19:04:01+00:00,31.3,32.0,204.8,ADAPTIVE,32.0519247222,6.43
2020-08-29T19:04:05+00:00,31.4,32.0,204.9,ADAPTIVE,32.0589013889,6.444999999999999
2020-08-29T19:04:09+00:00,31.4,32.0,204.9,ADAPTIVE,32.0658811111,6.438
2020-08-29T19:04:12+00:00,31.4,32.0,204.8,ADAPTIVE,32.0728877778,6.449
2020-08-29T19:04:16+00:00,31.3,32.0,204.6,ADAPTIVE,32.0798641667,6.420999999999999
2020-08-29T19:04:20+00:00,31.3,32.0,204.7,ADAPTIVE,32.0868694444,6.441
2020-08-29T19:04:24+00:00,31.3,32.0,204.8,ADAPTIVE,32.0938477778,6.446
2020-08-29T19:04:28+00:00,31.3,32.0,204.9,ADAPTIVE,32.1008458333,6.422
2020-08-29T19:04:32+00:00,31.3,32.0,204.9,ADAPTIVE,32.107823611099995,6.4239999999999995
2020-08-29T19:04:36+00:00,31.3,32.0,205.0,ADAPTIVE,32.114830555599994,6.436999999999999
2020-08-29T19:04:40+00:00,31.1,32.0,205.0,ADAPTIVE,32.121809166700004,6.3919999999999995
2020-08-29T19:04:44+00:00,31.3,32.0,204.9,ADAPTIVE,32.1288152778,6.43
2020-08-29T19:04:48+00:00,31.3,32.0,204.9,ADAPTIVE,32.135791388899996,6.435
2020-08-29T19:04:52+00:00,31.3,32.0,204.8,ADAPTIVE,32.1427969444,6.427
2020-08-29T19:04:56+00:00,31.3,32.0,204.9,ADAPTIVE,32.149773611099995,6.441
2020-08-29T19:05:00+00:00,31.3,32.0,204.9,ADAPTIVE,32.1567527778,6.4319999999999995
2020-08-29T19:05:04+00:00,31.2,32.0,204.6,ADAPTIVE,32.1637594444,6.412999999999999
2020-08-29T19:05:08+00:00,31.4,32.0,204.9,ADAPTIVE,32.170734722199995,6.449999999999999
2020-08-29T19:05:12+00:00,31.4,32.0,204.9,ADAPTIVE,32.1777463889,6.444
2020-08-29T19:05:16+00:00,31.4,32.0,205.1,ADAPTIVE,32.1847277778,6.4559999999999995
2020-08-29T19:05:19+00:00,31.3,32.0,204.9,ADAPTIVE,32.1917416667,6.4399999999999995
2020-08-29T19:05:23+00:00,31.4,32.0,205.1,ADAPTIVE,32.1987266667,6.443
2020-08-29T19:05:27+00:00,31.3,32.0,204.9,ADAPTIVE,32.205746388899996,6.4399999999999995
2020-08-29T19:05:31+00:00,31.3,32.0,205.0,ADAPTIVE,32.2127294444,6.446
2020-08-29T19:05:35+00:00,31.3,32.0,204.8,ADAPTIVE,32.2197391667,6.428999999999999
2020-08-29T19:05:39+00:00,31.4,32.0,204.6,ADAPTIVE,32.226715555599995,6.457999999999999
2020-08-29T19:05:43+00:00,31.3,32.0,204.9,ADAPTIVE,32.2337175,6.433999999999999
2020-08-29T19:05:47+00:00,31.3,32.0,205.0,ADAPTIVE,32.2406911111,6.420999999999999
2020-08-29T19:05:51+00:00,31.3,32.0,205.0,ADAPTIVE,32.2477002778,6.420999999999999
2020-08-29T19:05:55+00:00,31.3,32.0,204.7,ADAPTIVE,32.2546775,6.419
2020-08-29T19:05:59+00:00,31.3,32.0,205.0,ADAPTIVE,32.2616530556,6.425999999999999
2020-08-29T19:06:03+00:00,31.3,32.0,204.7,ADAPTIVE,32.2686586111,6.428
2020-08-29T19:06:07+00:00,31.2,32.0,204.8,ADAPTIVE,32.2756363889,6.417
2020-08-29T19:06:11+00:00,31.3,32.0,205.0,ADAPTIVE,32.2826452778,6.428
2020-08-29T19:06:15+00:00,31.4,32.0,204.9,ADAPTIVE,32.2896255556,6.452
2020-08-29T19:06:19+00:00,31.4,32.0,204.7,ADAPTIVE,32.2966372222,6.4399999999999995
2020-08-29T19:06:23+00:00,31.3,32.0,204.7,ADAPTIVE,32.303622499999996,6.420999999999999
2020-08-29T19:06:26+00:00,31.4,32.0,205.3,ADAPTIVE,32.3106069444,6.436999999999999
2020-08-29T19:06:30+00:00,31.4,32.0,204.4,ADAPTIVE,32.3176197222,6.443
2020-08-29T19:06:34+00:00,31.3,32.0,204.8,ADAPTIVE,32.3246025,6.427
2020-08-29T19:06:38+00:00,31.4,32.0,204.5,ADAPTIVE,32.331605833299996,6.439
2020-08-29T19:06:42+00:00,31.4,32.0,204.8,ADAPTIVE,32.3385855556,6.441
2020-08-29T19:06:46+00:00,31.3,32.0,204.7,ADAPTIVE,32.3455955556,6.419
2020-08-29T19:06:50+00:00,31.4,32.0,204.5,ADAPTIVE,32.352572222199996,6.4319999999999995
2020-08-29T19:06:54+00:00,31.3,32.0,204.7,ADAPTIVE,32.3595472222,6.418
2020-08-29T19:06:58+00:00,31.3,32.0,204.8,ADAPTIVE,32.3665516667,6.420999999999999
2020-08-29T19:07:02+00:00,31.3,32.0,204.7,ADAPTIVE,32.3735236111,6.423
2020-08-29T19:07:06+00:00,31.4,32.0,204.6,ADAPTIVE,32.3805238889,6.433999999999999
2020-08-29T19:07:10+00:00,31.3,32.0,204.7,ADAPTIVE,32.3874952778,6.418
2020-08-29T19:07:14+00:00,31.3,32.0,205.0,ADAPTIVE,32.3944952778,6.414
2020-08-29T19:07:18+00:00,31.3,32.0,204.7,ADAPTIVE,32.401465,6.427
2020-08-29T19:07:22+00:00,31.3,32.0,204.5,ADAPTIVE,32.4084297222,6.428999999999999
2020-08-29T19:07:26+00:00,31.4,32.0,204.5,ADAPTIVE,32.415429722199995,6.43
2020-08-29T19:07:30+00:00,30.3,31.0,204.8,ADAPTIVE,32.4223252778,6.231
2020-08-29T19:07:33+00:00,30.2,31.0,205.0,ADAPTIVE,32.429121111099995,6.215
2020-08-29T19:07:37+00:00,30.4,31.0,205.0,ADAPTIVE,32.4358916667,6.255999999999999
2020-08-29T19:07:41+00:00,30.4,31.0,205.1,ADAPTIVE,32.4426633333,6.254
2020-08-29T19:07:45+00:00,30.2,31.0,205.0,ADAPTIVE,32.4494269444,6.210999999999999
2020-08-29T19:07:49+00:00,30.4,31.0,204.9,ADAPTIVE,32.4561891667,6.2459999999999996
2020-08-29T19:07:53+00:00,30.4,31.0,205.0,ADAPTIVE,32.4629797222,6.239999999999999
2020-08-29T19:07:57+00:00,30.2,31.0,204.8,ADAPTIVE,32.46973833329999,6.207
2020-08-29T19:08:01+00:00,30.3,31.0,205.0,ADAPTIVE,32.4765302778,6.237
2020-08-29T19:08:05+00:00,30.4,31.0,204.9,ADAPTIVE,32.483296111099996,6.242999999999999
2020-08-29T19:08:09+00:00,30.4,31.0,204.9,ADAPTIVE,32.4900697222,6.233
2020-08-29T19:08:13+00:00,30.4,31.0,204.9,ADAPTIVE,32.496869722199996,6.244
2020-08-29T19:08:17+00:00,30.4,31.0,204.9,ADAPTIVE,32.5036361111,6.247
2020-08-29T19:08:21+00:00,30.3,31.0,204.7,ADAPTIVE,32.5104294444,6.234
2020-08-29T19:08:25+00:00,30.4,31.0,204.9,ADAPTIVE,32.5171936111,6.242
2020-08-29T19:08:29+00:00,30.4,31.0,205.1,ADAPTIVE,32.5239533333,6.242999999999999
2020-08-29T19:08:33+00:00,30.4,31.0,205.0,ADAPTIVE,32.530743333299995,6.244
2020-08-29T19:08:37+00:00,30.4,31.0,204.9,ADAPTIVE,32.5375002778,6.2379999999999995
2020-08-29T19:08:40+00:00,30.3,31.0,204.8,ADAPTIVE,32.5442922222,6.213
2020-08-29T19:08:44+00:00,30.3,31.0,204.9,ADAPTIVE,32.5510602778,6.231999999999999
2020-08-29T19:08:48+00:00,30.3,31.0,205.0,ADAPTIVE,32.557828333299994,6.22
2020-08-29T19:08:52+00:00,30.3,31.0,205.0,ADAPTIVE,32.5646244444,6.2219999999999995
2020-08-29T19:08:56+00:00,30.4,31.0,205.1,ADAPTIVE,32.5713902778,6.239999999999999
2020-08-29T19:09:00+00:00,30.4,31.0,204.9,ADAPTIVE,32.5781825,6.239
2020-08-29T19:09:04+00:00,30.2,31.0,204.8,ADAPTIVE,32.584945555599994,6.1979999999999995
2020-08-29T19:09:08+00:00,30.3,31.0,205.0,ADAPTIVE,32.591706111099995,6.221
2020-08-29T19:09:12+00:00,30.3,31.0,205.0,ADAPTIVE,32.598495555599996,6.233
2020-08-29T19:09:16+00:00,30.2,31.0,205.1,ADAPTIVE,32.6052602778,6.213
2020-08-29T19:09:20+00:00,30.4,31.0,204.7,ADAPTIVE,32.612055,6.239
2020-08-29T19:09:24+00:00,30.4,31.0,204.9,ADAPTIVE,32.618825833299994,6.245
2020-08-29T19:09:28+00:00,30.4,31.0,204.8,ADAPTIVE,32.6256233333,6.249
2020-08-29T19:09:32+00:00,30.4,31.0,204.9,ADAPTIVE,32.6323969444,6.2459999999999996
2020-08-29T19:09:36+00:00,30.3,31.0,205.3,ADAPTIVE,32.6391711111,6.231999999999999
2020-08-29T19:09:40+00:00,30.4,31.0,205.1,ADAPTIVE,32.645971111099996,6.244
2020-08-29T19:09:43+00:00,30.4,31.0,204.9,ADAPTIVE,32.6527366667,6.239999999999999
2020-08-29T19:09:47+00:00,30.3,31.0,205.2,ADAPTIVE,32.6595277778,6.226999999999999
2020-08-29T19:09:51+00:00,30.3,31.0,205.1,ADAPTIVE,32.6662866667,6.217
2020-08-29T19:09:55+00:00,30.4,31.0,204.9,ADAPTIVE,32.6730463889,6.247
2020-08-29T19:09:59+00:00,30.3,31.0,205.1,ADAPTIVE,32.6798416667,6.226
2020-08-29T19:10:03+00:00,30.3,31.0,205.0,ADAPTIVE,32.6866113889,6.226999999999999
2020-08-29T19:10:07+00:00,30.4,31.0,205.1,ADAPTIVE,32.6934108333,6.2379999999999995
2020-08-29T19:10:11+00:00,30.3,31.0,204.9,ADAPTIVE,32.7001769444,6.225
2020-08-29T19:10:15+00:00,30.3,31.0,205.2,ADAPTIVE,32.7069430556,6.2219999999999995
2020-08-29T19:10:19+00:00,30.4,31.0,205.3,ADAPTIVE,32.713736388899996,6.247999999999999
2020-08-29T19:10:23+00:00,30.4,31.0,205.5,ADAPTIVE,32.7205038889,6.242999999999999
2020-08-29T19:10:27+00:00,30.3,31.0,205.2,ADAPTIVE,32.7273002778,6.237
2020-08-29T19:10:31+00:00,30.3,31.0,205.2,ADAPTIVE,32.7340691667,6.2299999999999995
2020-08-29T19:10:35+00:00,30.4,31.0,205.3,ADAPTIVE,32.740843055599996,6.255
2020-08-29T19:10:39+00:00,30.4,31.0,204.9,ADAPTIVE,32.7476475,6.247999999999999
2020-08-29T19:10:43+00:00,30.2,31.0,204.9,ADAPTIVE,32.7544247222,6.205
2020-08-29T19:10:47+00:00,30.3,31.0,205.2,ADAPTIVE,32.7612252778,6.234999999999999
2020-08-29T19:10:51+00:00,30.3,31.0,205.3,ADAPTIVE,32.767993611099996,6.229
2020-08-29T19:10:54+00:00,30.2,31.0,205.1,ADAPTIVE,32.7747575,6.2139999999999995
2020-08-29T19:10:58+00:00,30.4,31.0,205.2,ADAPTIVE,32.7815563889,6.2509999999999994
2020-08-29T19:11:02+00:00,30.3,31.0,205.3,ADAPTIVE,32.788330833299995,6.244
2020-08-29T19:11:06+00:00,30.4,31.0,205.0,ADAPTIVE,32.795105555599996,6.2509999999999994
2020-08-29T19:11:10+00:00,30.3,31.0,205.3,ADAPTIVE,32.8019041667,6.239
2020-08-29T19:11:14+00:00,30.2,31.0,205.2,ADAPTIVE,32.808669722199994,6.221
2020-08-29T19:11:18+00:00,30.2,31.0,205.1,ADAPTIVE,32.8154661111,6.218999999999999
2020-08-29T19:11:22+00:00,30.3,31.0,205.1,ADAPTIVE,32.8222405556,6.244
2020-08-29T19:11:26+00:00,30.3,31.0,205.5,ADAPTIVE,32.8290177778,6.247999999999999
2020-08-29T19:11:30+00:00,30.2,31.0,205.3,ADAPTIVE,32.835824722199995,6.22
2020-08-29T19:11:34+00:00,30.4,31.0,205.1,ADAPTIVE,32.8426002778,6.26
2020-08-29T19:11:38+00:00,30.4,31.0,205.2,ADAPTIVE,32.8493980556,6.25
2020-08-29T19:11:42+00:00,30.3,31.0,205.0,ADAPTIVE,32.8561644444,6.229
2020-08-29T19:11:46+00:00,30.4,31.0,205.2,ADAPTIVE,32.8629294444,6.2379999999999995
2020-08-29T19:11:50+00:00,30.3,31.0,205.1,ADAPTIVE,32.86972083329999,6.229
2020-08-29T19:11:54+00:00,30.3,31.0,205.1,ADAPTIVE,32.8764802778,6.229
2020-08-29T19:11:57+00:00,30.3,31.0,205.2,ADAPTIVE,32.8832688889,6.245
2020-08-29T19:12:01+00:00,30.3,31.0,205.0,ADAPTIVE,32.8900302778,6.223999999999999
2020-08-29T19:12:05+00:00,30.3,31.0,205.1,ADAPTIVE,32.896824444399996,6.226999999999999
2020-08-29T19:12:09+00:00,30.4,31.0,205.2,ADAPTIVE,32.9035952778,6.247
2020-08-29T19:12:13+00:00,30.3,31.0,205.3,ADAPTIVE,32.9103663889,6.226999999999999
2020-08-29T19:12:17+00:00,30.4,31.0,205.1,ADAPTIVE,32.9171694444,6.239999999999999
2020-08-29T19:12:21+00:00,30.4,31.0,205.1,ADAPTIVE,32.9239402778,6.242
2020-08-29T19:12:25+00:00,30.4,31.0,204.9,ADAPTIVE,32.9307363889,6.239
2020-08-29T19:12:29+00:00,30.3,31.0,205.1,ADAPTIVE,32.9375072222,6.2299999999999995
2020-08-29T19:12:33+00:00,30.2,31.0,205.4,ADAPTIVE,32.9443027778,6.22
2020-08-29T19:12:37+00:00,30.3,31.0,205.0,ADAPTIVE,32.9510705556,6.239999999999999
2020-08-29T19:12:41+00:00,30.4,31.0,205.0,ADAPTIVE,32.9578708333,6.252
2020-08-29T19:12:45+00:00,30.4,31.0,205.1,ADAPTIVE,32.9646422222,6.257
2020-08-29T19:12:49+00:00,30.4,31.0,205.2,ADAPTIVE,32.971443333299995,6.239999999999999
2020-08-29T19:12:53+00:00,30.4,31.0,205.4,ADAPTIVE,32.978213611099996,6.265
2020-08-29T19:12:57+00:00,30.4,31.0,205.1,ADAPTIVE,32.985011666700004,6.241
2020-08-29T19:13:01+00:00,30.3,31.0,205.1,ADAPTIVE,32.9917808333,6.231
2020-08-29T19:13:04+00:00,30.4,31.0,205.0,ADAPTIVE,32.9985477778,6.2459999999999996
2020-08-29T19:13:08+00:00,30.4,31.0,205.4,ADAPTIVE,33.005347222199994,6.247
2020-08-29T19:13:12+00:00,30.4,31.0,205.3,ADAPTIVE,33.0121116667,6.244
2020-08-29T19:13:16+00:00,30.5,31.0,205.2,ADAPTIVE,33.0189041667,6.2589999999999995
2020-08-29T19:13:20+00:00,30.3,31.0,205.3,ADAPTIVE,33.025668611099995,6.231
2020-08-29T19:13:24+00:00,30.3,31.0,205.1,ADAPTIVE,33.0324594444,6.226999999999999
2020-08-29T19:13:28+00:00,30.2,31.0,205.2,ADAPTIVE,33.0392127778,6.212
2020-08-29T19:13:32+00:00,30.3,31.0,205.2,ADAPTIVE,33.0460027778,6.226999999999999
2020-08-29T19:13:36+00:00,30.3,31.0,205.2,ADAPTIVE,33.0527680556,6.236
2020-08-29T19:13:40+00:00,30.3,31.0,205.1,ADAPTIVE,33.059561111099995,6.231999999999999
2020-08-29T19:13:44+00:00,30.3,31.0,205.2,ADAPTIVE,33.0663327778,6.234
2020-08-29T19:13:48+00:00,30.4,31.0,205.2,ADAPTIVE,33.073105277799996,6.258
2020-08-29T19:13:52+00:00,30.3,31.0,205.2,ADAPTIVE,33.0799069444,6.234999999999999
2020-08-29T19:13:56+00:00,30.4,31.0,205.2,ADAPTIVE,33.08668,6.258
2020-08-29T19:14:00+00:00,30.3,31.0,205.2,ADAPTIVE,33.0934827778,6.237
2020-08-29T19:14:04+00:00,30.4,31.0,205.0,ADAPTIVE,33.1002563889,6.254
2020-08-29T19:14:08+00:00,30.3,31.0,205.3,ADAPTIVE,33.1070591667,6.237
2020-08-29T19:14:11+00:00,30.4,31.0,205.2,ADAPTIVE,33.1138308333,6.252
2020-08-29T19:14:15+00:00,30.4,31.0,205.5,ADAPTIVE,33.120632222199994,6.249
2020-08-29T19:14:19+00:00,30.4,31.0,205.2,ADAPTIVE,33.1274044444,6.2509999999999994
2020-08-29T19:14:23+00:00,30.3,31.0,205.4,ADAPTIVE,33.1342069444,6.228
2020-08-29T19:14:27+00:00,30.4,31.0,205.2,ADAPTIVE,33.1409791667,6.2379999999999995
2020-08-29T19:14:31+00:00,30.5,31.0,205.1,ADAPTIVE,33.1477516667,6.265
2020-08-29T19:14:35+00:00,30.5,31.0,205.2,ADAPTIVE,33.1545552778,6.261
2020-08-29T19:14:39+00:00,30.4,31.0,205.2,ADAPTIVE,33.1613283333,6.255
2020-08-29T19:14:43+00:00,30.4,31.0,205.1,ADAPTIVE,33.1681280556,6.2509999999999994
2020-08-29T19:14:47+00:00,30.3,31.0,205.2,ADAPTIVE,33.1748994444,6.221
2020-08-29T19:14:51+00:00,30.2,31.0,205.0,ADAPTIVE,33.1817016667,6.213
2020-08-29T19:14:55+00:00,30.3,31.0,205.3,ADAPTIVE,33.188469999999995,6.231999999999999
2020-08-29T19:14:59+00:00,30.3,31.0,205.2,ADAPTIVE,33.1952663889,6.237
2020-08-29T19:15:03+00:00,30.3,31.0,205.0,ADAPTIVE,33.20203083329999,6.229
2020-08-29T19:15:07+00:00,30.4,31.0,204.9,ADAPTIVE,33.2087911111,6.242
2020-08-29T19:15:11+00:00,30.4,31.0,204.9,ADAPTIVE,33.2155819444,6.245
2020-08-29T19:15:14+00:00,30.3,31.0,204.8,ADAPTIVE,33.2223458333,6.218
2020-08-29T19:15:18+00:00,30.3,31.0,205.2,ADAPTIVE,33.229137222199995,6.225
2020-08-29T19:15:22+00:00,30.3,31.0,205.0,ADAPTIVE,33.2358958333,6.223999999999999
2020-08-29T19:15:26+00:00,30.3,31.0,205.3,ADAPTIVE,33.2426891667,6.210999999999999
2020-08-29T19:15:30+00:00,30.4,31.0,205.2,ADAPTIVE,33.2494513889,6.234
2020-08-29T19:15:34+00:00,30.4,31.0,204.7,ADAPTIVE,33.2562436111,6.2379999999999995
2020-08-29T19:15:38+00:00,30.4,31.0,205.1,ADAPTIVE,33.2630075,6.2509999999999994
2020-08-29T19:15:42+00:00,30.4,31.0,205.1,ADAPTIVE,33.2698002778,6.247
2020-08-29T19:15:46+00:00,30.3,31.0,204.9,ADAPTIVE,33.2765688889,6.225
2020-08-29T19:15:50+00:00,30.3,31.0,204.8,ADAPTIVE,33.2833580556,6.2299999999999995
2020-08-29T19:15:54+00:00,30.4,31.0,205.0,ADAPTIVE,33.290116388899996,6.239
2020-08-29T19:15:58+00:00,30.3,31.0,205.0,ADAPTIVE,33.296913055599994,6.234
2020-08-29T19:16:02+00:00,30.4,31.0,204.9,ADAPTIVE,33.303680555599996,6.242
2020-08-29T19:16:06+00:00,30.3,31.0,204.9,ADAPTIVE,33.3104438889,6.226999999999999
2020-08-29T19:16:10+00:00,30.3,31.0,204.9,ADAPTIVE,33.3172355556,6.221
2020-08-29T19:16:14+00:00,30.4,31.0,204.8,ADAPTIVE,33.3239975,6.247999999999999
2020-08-29T19:16:18+00:00,30.3,31.0,205.1,ADAPTIVE,33.330765,6.221
2020-08-29T19:16:21+00:00,30.3,31.0,205.1,ADAPTIVE,33.337566111099996,6.215
2020-08-29T19:16:25+00:00,30.4,31.0,205.1,ADAPTIVE,33.3443344444,6.25
2020-08-29T19:16:29+00:00,30.4,31.0,204.7,ADAPTIVE,33.3511263889,6.2459999999999996
2020-08-29T19:16:33+00:00,30.4,31.0,205.0,ADAPTIVE,33.3578875,6.241
2020-08-29T19:16:37+00:00,30.4,31.0,205.1,ADAPTIVE,33.364675277799996,6.239999999999999
2020-08-29T19:16:41+00:00,30.2,31.0,205.0,ADAPTIVE,33.3714358333,6.218
2020-08-29T19:16:45+00:00,30.4,31.0,204.9,ADAPTIVE,33.3782236111,6.2379999999999995
2020-08-29T19:16:49+00:00,30.4,31.0,205.1,ADAPTIVE,33.3849838889,6.2459999999999996
2020-08-29T19:16:53+00:00,30.3,31.0,204.4,ADAPTIVE,33.3917730556,6.221
2020-08-29T19:16:57+00:00,30.3,31.0,204.8,ADAPTIVE,33.3985311111,6.223
2020-08-29T19:17:01+00:00,30.4,31.0,204.6,ADAPTIVE,33.405317499999995,6.229
2020-08-29T19:17:05+00:00,30.3,31.0,204.9,ADAPTIVE,33.4120486111,6.207999999999999
2020-08-29T19:17:09+00:00,30.3,31.0,204.9,ADAPTIVE,33.418837499999995,6.218999999999999
2020-08-29T19:17:13+00:00,30.3,31.0,205.0,ADAPTIVE,33.425600833299995,6.234999999999999
2020-08-29T19:17:17+00:00,30.3,31.0,204.9,ADAPTIVE,33.4323688889,6.229
2020-08-29T19:17:21+00:00,30.3,31.0,205.0,ADAPTIVE,33.4391688889,6.233
2020-08-29T19:17:25+00:00,30.3,31.0,204.9,ADAPTIVE,33.445941388899996,6.234999999999999
2020-08-29T19:17:28+00:00,30.2,31.0,204.8,ADAPTIVE,33.4527319444,6.1979999999999995
2020-08-29T19:17:32+00:00,30.4,31.0,205.0,ADAPTIVE,33.4594955556,6.25
2020-08-29T19:17:36+00:00,30.5,31.0,204.8,ADAPTIVE,33.466285555599995,6.255999999999999
2020-08-29T19:17:40+00:00,30.4,31.0,204.9,ADAPTIVE,33.473047222199995,6.2509999999999994
2020-08-29T19:17:44+00:00,30.4,31.0,204.7,ADAPTIVE,33.4798330556,6.2459999999999996
2020-08-29T19:17:48+00:00,30.2,31.0,205.0,ADAPTIVE,33.4865911111,6.218999999999999
2020-08-29T19:17:52+00:00,30.3,31.0,205.1,ADAPTIVE,33.4933813889,6.229
2020-08-29T19:17:56+00:00,30.3,31.0,204.7,ADAPTIVE,33.5001455556,6.2139999999999995
2020-08-29T19:18:00+00:00,30.3,31.0,204.8,ADAPTIVE,33.5069125,6.2219999999999995
2020-08-29T19:18:04+00:00,30.3,31.0,204.8,ADAPTIVE,33.5137125,6.221
2020-08-29T19:18:08+00:00,30.4,31.0,205.0,ADAPTIVE,33.5204827778,6.2589999999999995
2020-08-29T19:18:12+00:00,30.3,31.0,204.9,ADAPTIVE,33.5272763889,6.234
2020-08-29T19:18:16+00:00,30.2,31.0,205.4,ADAPTIVE,33.5340394444,6.215
2020-08-29T19:18:20+00:00,30.4,31.0,204.7,ADAPTIVE,33.540798333299996,6.2459999999999996
2020-08-29T19:18:24+00:00,30.3,31.0,204.9,ADAPTIVE,33.5475872222,6.218999999999999
2020-08-29T19:18:28+00:00,30.4,31.0,204.5,ADAPTIVE,33.554353888899996,6.236
2020-08-29T19:18:32+00:00,30.4,31.0,204.9,ADAPTIVE,33.5611486111,6.2379999999999995
2020-08-29T19:18:35+00:00,30.4,31.0,204.6,ADAPTIVE,33.5679155556,6.2459999999999996
2020-08-29T19:18:39+00:00,30.4,31.0,204.9,ADAPTIVE,33.574678888899996,6.247
2020-08-29T19:18:43+00:00,30.4,31.0,205.0,ADAPTIVE,33.5814708333,6.25
2020-08-29T19:18:47+00:00,30.3,31.0,205.1,ADAPTIVE,33.5882355556,6.234999999999999
2020-08-29T19:18:51+00:00,30.4,31.0,204.8,ADAPTIVE,33.5949997222,6.239
2020-08-29T19:18:55+00:00,30.4,31.0,204.9,ADAPTIVE,33.6017963889,6.2459999999999996
2020-08-29T19:18:59+00:00,30.5,31.0,205.0,ADAPTIVE,33.608567222199994,6.2509999999999994
2020-08-29T19:19:03+00:00,30.3,31.0,204.9,ADAPTIVE,33.6153655556,6.233
2020-08-29T19:19:07+00:00,30.3,31.0,204.8,ADAPTIVE,33.622129444399995,6.228
2020-08-29T19:19:11+00:00,30.3,31.0,204.8,ADAPTIVE,33.6288916667,6.225
2020-08-29T19:19:15+00:00,30.4,31.0,204.7,ADAPTIVE,33.635678888899996,6.233
2020-08-29T19:19:19+00:00,30.3,31.0,204.8,ADAPTIVE,33.642436388899995,6.2139999999999995
2020-08-29T19:19:23+00:00,30.4,31.0,204.7,ADAPTIVE,33.649227499999995,6.241
2020-08-29T19:19:27+00:00,30.4,31.0,204.7,ADAPTIVE,33.6559941667,6.247
2020-08-29T19:19:31+00:00,30.4,31.0,204.8,ADAPTIVE,33.6627661111,6.242999999999999
2020-08-29T19:19:35+00:00,30.5,31.0,204.9,ADAPTIVE,33.6695616667,6.255
2020-08-29T19:19:39+00:00,30.3,31.0,204.9,ADAPTIVE,33.6763261111,6.221
2020-08-29T19:19:42+00:00,30.4,31.0,204.9,ADAPTIVE,33.683119166699996,6.234
2020-08-29T19:19:46+00:00,30.4,32.0,204.8,ADAPTIVE,33.6898813889,6.237
2020-08-29T19:19:50+00:00,31.3,32.0,204.7,ADAPTIVE,33.696841666699996,6.414
2020-08-29T19:19:54+00:00,31.4,32.0,205.0,ADAPTIVE,33.703844722199996,6.444
2020-08-29T19:19:58+00:00,31.3,32.0,204.7,ADAPTIVE,33.7108233333,6.43
2020-08-29T19:20:02+00:00,31.4,32.0,204.4,ADAPTIVE,33.7178327778,6.436
2020-08-29T19:20:06+00:00,31.3,32.0,204.5,ADAPTIVE,33.724815,6.409
2020-08-29T19:20:10+00:00,31.3,32.0,204.6,ADAPTIVE,33.731791944399994,6.43
2020-08-29T19:20:14+00:00,31.3,32.0,204.6,ADAPTIVE,33.7387913889,6.42
2020-08-29T19:20:18+00:00,31.3,32.0,204.6,ADAPTIVE,33.745766388899995,6.4239999999999995
2020-08-29T19:20:22+00:00,31.4,32.0,204.6,ADAPTIVE,33.7527466667,6.443
2020-08-29T19:20:26+00:00,31.3,32.0,204.6,ADAPTIVE,33.7597580556,6.431
2020-08-29T19:20:30+00:00,31.3,32.0,204.9,ADAPTIVE,33.7667375,6.427
2020-08-29T19:20:34+00:00,31.3,32.0,204.7,ADAPTIVE,33.7737405556,6.42
2020-08-29T19:20:38+00:00,31.4,32.0,204.8,ADAPTIVE,33.7807127778,6.439
2020-08-29T19:20:42+00:00,31.3,32.0,204.5,ADAPTIVE,33.787689444399994,6.420999999999999
2020-08-29T19:20:46+00:00,31.4,32.0,204.8,ADAPTIVE,33.7946991667,6.433
2020-08-29T19:20:49+00:00,31.4,32.0,204.7,ADAPTIVE,33.8016811111,6.441
2020-08-29T19:20:53+00:00,31.4,32.0,204.6,ADAPTIVE,33.8086877778,6.4399999999999995
2020-08-29T19:20:57+00:00,31.3,32.0,204.7,ADAPTIVE,33.815661666699995,6.422
2020-08-29T19:21:01+00:00,31.4,32.0,204.7,ADAPTIVE,33.8226305556,6.436
2020-08-29T19:21:05+00:00,31.3,32.0,204.6,ADAPTIVE,33.8296302778,6.42
2020-08-29T19:21:09+00:00,31.3,32.0,204.7,ADAPTIVE,33.8366016667,6.414
2020-08-29T19:21:13+00:00,31.4,32.0,204.7,ADAPTIVE,33.8435788889,6.438
2020-08-29T19:21:17+00:00,31.3,32.0,204.7,ADAPTIVE,33.8505902778,6.4239999999999995
2020-08-29T19:21:21+00:00,31.4,32.0,204.7,ADAPTIVE,33.8575713889,6.4399999999999995
2020-08-29T19:21:25+00:00,31.4,32.0,204.5,ADAPTIVE,33.8645772222,6.431
2020-08-29T19:21:29+00:00,31.3,32.0,205.0,ADAPTIVE,33.8715508333,6.42
2020-08-29T19:21:33+00:00,31.4,32.0,204.9,ADAPTIVE,33.878524999999996,6.4399999999999995
2020-08-29T19:21:37+00:00,31.4,32.0,204.6,ADAPTIVE,33.8855308333,6.439
2020-08-29T19:21:41+00:00,31.4,32.0,204.7,ADAPTIVE,33.8925136111,6.433
2020-08-29T19:21:45+00:00,31.4,32.0,204.7,ADAPTIVE,33.8994986111,6.436
2020-08-29T19:21:49+00:00,31.4,32.0,204.6,ADAPTIVE,33.9065055556,6.441
2020-08-29T19:21:53+00:00,31.2,32.0,204.6,ADAPTIVE,33.913481666699994,6.412999999999999
2020-08-29T19:21:56+00:00,31.3,32.0,204.7,ADAPTIVE,33.9204825,6.414
2020-08-29T19:22:00+00:00,31.4,32.0,204.6,ADAPTIVE,33.9274544444,6.436
2020-08-29T19:22:04+00:00,31.3,32.0,204.5,ADAPTIVE,33.9344305556,6.425
2020-08-29T19:22:08+00:00,31.3,32.0,204.4,ADAPTIVE,33.941438888899995,6.412
2020-08-29T19:22:12+00:00,31.4,32.0,204.4,ADAPTIVE,33.9484177778,6.4399999999999995
2020-08-29T19:22:16+00:00,31.4,32.0,204.7,ADAPTIVE,33.955426388899994,6.457
2020-08-29T19:22:20+00:00,31.4,32.0,204.6,ADAPTIVE,33.9624002778,6.436
2020-08-29T19:22:24+00:00,31.4,32.0,204.5,ADAPTIVE,33.9693736111,6.4399999999999995
2020-08-29T19:22:28+00:00,31.3,32.0,204.8,ADAPTIVE,33.9763752778,6.419
2020-08-29T19:22:32+00:00,31.3,32.0,204.4,ADAPTIVE,33.9833483333,6.419
2020-08-29T19:22:36+00:00,31.3,32.0,204.4,ADAPTIVE,33.99035,6.412999999999999
2020-08-29T19:22:40+00:00,31.4,32.0,204.6,ADAPTIVE,33.9973272222,6.431
2020-08-29T19:22:44+00:00,31.3,32.0,204.5,ADAPTIVE,34.004301666699995,6.425
2020-08-29T19:22:48+00:00,31.3,32.0,204.4,ADAPTIVE,34.011304722199995,6.415
2020-08-29T19:22:52+00:00,31.3,32.0,204.6,ADAPTIVE,34.0182727778,6.43
2020-08-29T19:22:56+00:00,31.2,32.0,204.5,ADAPTIVE,34.0252719444,6.404
2020-08-29T19:23:00+00:00,31.4,32.0,204.4,ADAPTIVE,34.03224638889999,6.431
2020-08-29T19:23:03+00:00,31.4,32.0,204.5,ADAPTIVE,34.0392233333,6.4239999999999995
2020-08-29T19:23:07+00:00,31.3,32.0,204.6,ADAPTIVE,34.0462319444,6.415
2020-08-29T19:23:11+00:00,31.3,32.0,204.8,ADAPTIVE,34.0532077778,6.422
2020-08-29T19:23:15+00:00,31.3,32.0,204.4,ADAPTIVE,34.0601808333,6.422
2020-08-29T19:23:19+00:00,31.3,32.0,204.9,ADAPTIVE,34.0671825,6.428999999999999
2020-08-29T19:23:23+00:00,31.4,32.0,204.7,ADAPTIVE,34.0741541667,6.425
2020-08-29T19:23:27+00:00,31.3,32.0,204.5,ADAPTIVE,34.081154999999995,6.4239999999999995
2020-08-29T19:23:31+00:00,31.4,32.0,204.7,ADAPTIVE,34.088128888899995,6.436999999999999
2020-08-29T19:23:35+00:00,31.4,32.0,204.6,ADAPTIVE,34.0951333333,6.425999999999999
2020-08-29T19:23:39+00:00,31.4,32.0,204.7,ADAPTIVE,34.1021072222,6.43
2020-08-29T19:23:43+00:00,31.4,32.0,204.8,ADAPTIVE,34.1090825,6.436999999999999
2020-08-29T19:23:47+00:00,31.4,32.0,204.5,ADAPTIVE,34.1160902778,6.4319999999999995
2020-08-29T19:23:51+00:00,31.4,32.0,204.5,ADAPTIVE,34.123062499999996,6.435
2020-08-29T19:23:55+00:00,31.5,32.0,204.6,ADAPTIVE,34.1300658333,6.4479999999999995
2020-08-29T19:23:59+00:00,31.3,32.0,204.6,ADAPTIVE,34.137038888899994,6.425
2020-08-29T19:24:03+00:00,31.3,32.0,204.5,ADAPTIVE,34.144040833300004,6.411
2020-08-29T19:24:07+00:00,31.3,32.0,204.4,ADAPTIVE,34.151011111100004,6.4239999999999995
2020-08-29T19:24:10+00:00,31.3,32.0,204.5,ADAPTIVE,34.157974722199995,6.4159999999999995
2020-08-29T19:24:14+00:00,31.4,32.0,204.7,ADAPTIVE,34.1649702778,6.43
2020-08-29T19:24:18+00:00,31.3,32.0,204.5,ADAPTIVE,34.1719430556,6.42
2020-08-29T19:24:22+00:00,31.3,32.0,204.7,ADAPTIVE,34.178949166699994,6.418
2020-08-29T19:24:26+00:00,31.4,32.0,204.6,ADAPTIVE,34.1859286111,6.433
2020-08-29T19:24:30+00:00,31.4,32.0,204.8,ADAPTIVE,34.192908333300004,6.441
2020-08-29T19:24:34+00:00,31.4,32.0,204.7,ADAPTIVE,34.1999141667,6.435
2020-08-29T19:24:38+00:00,31.3,32.0,204.7,ADAPTIVE,34.2068886111,6.425999999999999
2020-08-29T19:24:42+00:00,31.3,32.0,204.4,ADAPTIVE,34.2138875,6.412999999999999
2020-08-29T19:24:46+00:00,31.3,32.0,204.7,ADAPTIVE,34.220858055600004,6.436
2020-08-29T19:24:50+00:00,31.3,32.0,204.4,ADAPTIVE,34.2278305556,6.4159999999999995
2020-08-29T19:24:54+00:00,31.3,32.0,204.5,ADAPTIVE,34.2348305556,6.428999999999999
2020-08-29T19:24:58+00:00,31.4,32.0,204.3,ADAPTIVE,34.2417977778,6.433999999999999
2020-08-29T19:25:02+00:00,31.4,32.0,204.3,ADAPTIVE,34.2488008333,6.438
2020-08-29T19:25:06+00:00,31.4,32.0,204.7,ADAPTIVE,34.2557783333,6.441999999999999
2020-08-29T19:25:10+00:00,31.4,32.0,204.9,ADAPTIVE,34.2627619444,6.449
2020-08-29T19:25:13+00:00,31.3,32.0,204.4,ADAPTIVE,34.269767222199995,6.4159999999999995
2020-08-29T19:25:17+00:00,31.4,32.0,204.5,ADAPTIVE,34.27674,6.438
2020-08-29T19:25:21+00:00,31.4,32.0,204.6,ADAPTIVE,34.283739722199996,6.43
2020-08-29T19:25:25+00:00,31.3,32.0,204.6,ADAPTIVE,34.290711944399995,6.423
2020-08-29T19:25:29+00:00,31.4,32.0,204.5,ADAPTIVE,34.2976869444,6.433999999999999
2020-08-29T19:25:33+00:00,31.3,32.0,204.4,ADAPTIVE,34.3046930556,6.42
2020-08-29T19:25:37+00:00,31.3,32.0,204.2,ADAPTIVE,34.311669722199994,6.399
2020-08-29T19:25:41+00:00,31.3,32.0,204.3,ADAPTIVE,34.3186708333,6.422
2020-08-29T19:25:45+00:00,31.3,32.0,204.3,ADAPTIVE,34.325641666699994,6.412
2020-08-29T19:25:49+00:00,31.3,32.0,204.4,ADAPTIVE,34.3326111111,6.420999999999999
2020-08-29T19:25:53+00:00,31.3,32.0,204.4,ADAPTIVE,34.3396138889,6.4079999999999995
2020-08-29T19:25:57+00:00,31.3,32.0,204.5,ADAPTIVE,34.3465780556,6.4159999999999995
2020-08-29T19:26:01+00:00,31.4,32.0,204.3,ADAPTIVE,34.3535466667,6.4399999999999995
2020-08-29T19:26:05+00:00,31.3,32.0,204.4,ADAPTIVE,34.3605436111,6.415
2020-08-29T19:26:09+00:00,31.3,32.0,204.4,ADAPTIVE,34.367519444399996,6.425999999999999
2020-08-29T19:26:13+00:00,31.4,32.0,204.4,ADAPTIVE,34.37449444439999,6.438
2020-08-29T19:26:17+00:00,31.4,32.0,204.4,ADAPTIVE,34.3814958333,6.43
2020-08-29T19:26:20+00:00,31.3,32.0,204.5,ADAPTIVE,34.3884655556,6.412999999999999
2020-08-29T19:26:24+00:00,31.4,32.0,204.5,ADAPTIVE,34.395409444399995,6.436
2020-08-29T19:26:28+00:00,31.4,32.0,204.2,ADAPTIVE,34.4024083333,6.423
2020-08-29T19:26:32+00:00,31.4,32.0,204.2,ADAPTIVE,34.4093766667,6.422
2020-08-29T19:26:36+00:00,31.3,32.0,204.3,ADAPTIVE,34.4163458333,6.4239999999999995
2020-08-29T19:26:40+00:00,31.4,32.0,204.2,ADAPTIVE,34.4233477778,6.4319999999999995
2020-08-29T19:26:44+00:00,31.3,32.0,204.2,ADAPTIVE,34.4303127778,6.4159999999999995
2020-08-29T19:26:48+00:00,31.4,32.0,204.6,ADAPTIVE,34.4372813889,6.433
2020-08-29T19:26:52+00:00,31.4,32.0,204.6,ADAPTIVE,34.4442786111,6.439
2020-08-29T19:26:56+00:00,31.3,32.0,204.5,ADAPTIVE,34.4512577778,6.422
2020-08-29T19:27:00+00:00,31.4,32.0,204.7,ADAPTIVE,34.4582402778,6.438
2020-08-29T19:27:04+00:00,31.3,32.0,204.5,ADAPTIVE,34.4652502778,6.412
2020-08-29T19:27:08+00:00,31.4,32.0,204.6,ADAPTIVE,34.4722247222,6.438
2020-08-29T19:27:12+00:00,31.4,32.0,204.4,ADAPTIVE,34.4792,6.428999999999999
2020-08-29T19:27:16+00:00,31.4,32.0,204.4,ADAPTIVE,34.48620916669999,6.435
2020-08-29T19:27:20+00:00,31.3,32.0,204.6,ADAPTIVE,34.493185,6.428
2020-08-29T19:27:24+00:00,31.3,32.0,204.4,ADAPTIVE,34.5001569444,6.422
2020-08-29T19:27:27+00:00,31.3,32.0,204.5,ADAPTIVE,34.5071652778,6.415
2020-08-29T19:27:31+00:00,31.4,32.0,204.5,ADAPTIVE,34.5141469444,6.4239999999999995
2020-08-29T19:27:35+00:00,31.4,32.0,204.6,ADAPTIVE,34.5211211111,6.436
2020-08-29T19:27:39+00:00,31.3,32.0,204.8,ADAPTIVE,34.5281183333,6.418
2020-08-29T19:27:43+00:00,31.3,32.0,204.7,ADAPTIVE,34.53509,6.42
2020-08-29T19:27:47+00:00,31.4,32.0,204.6,ADAPTIVE,34.5420955556,6.444999999999999
2020-08-29T19:27:51+00:00,31.3,32.0,204.5,ADAPTIVE,34.5490736111,6.428
2020-08-29T19:27:55+00:00,31.4,32.0,204.5,ADAPTIVE,34.5560519444,6.443
2020-08-29T19:27:59+00:00,31.3,32.0,204.5,ADAPTIVE,34.563056388899994,6.423
2020-08-29T19:28:03+00:00,31.3,32.0,204.4,ADAPTIVE,34.5700283333,6.417
2020-08-29T19:28:07+00:00,31.4,32.0,204.7,ADAPTIVE,34.5770011111,6.4319999999999995
2020-08-29T19:28:11+00:00,31.4,32.0,204.7,ADAPTIVE,34.5840080556,6.431
2020-08-29T19:28:15+00:00,31.3,32.0,204.3,ADAPTIVE,34.590986944399994,6.427
2020-08-29T19:28:19+00:00,31.3,32.0,204.6,ADAPTIVE,34.5979594444,6.425999999999999
2020-08-29T19:28:23+00:00,31.4,32.0,204.4,ADAPTIVE,34.604955833300004,6.4319999999999995
2020-08-29T19:28:27+00:00,31.3,32.0,204.1,ADAPTIVE,34.6119227778,6.412999999999999
2020-08-29T19:28:31+00:00,31.5,32.0,204.5,ADAPTIVE,34.6189261111,6.452999999999999
2020-08-29T19:28:34+00:00,31.3,32.0,204.5,ADAPTIVE,34.6259052778,6.417
2020-08-29T19:28:38+00:00,31.4,32.0,204.6,ADAPTIVE,34.6328808333,6.443
2020-08-29T19:28:42+00:00,31.4,32.0,204.5,ADAPTIVE,34.6398894444,6.447
2020-08-29T19:28:46+00:00,31.3,32.0,204.3,ADAPTIVE,34.6468625,6.425999999999999
2020-08-29T19:28:50+00:00,31.4,32.0,204.4,ADAPTIVE,34.6538638889,6.428999999999999
2020-08-29T19:28:54+00:00,31.3,32.0,204.6,ADAPTIVE,34.6608327778,6.418
2020-08-29T19:28:58+00:00,31.4,32.0,204.7,ADAPTIVE,34.6678033333,6.4239999999999995
2020-08-29T19:29:02+00:00,31.4,32.0,204.4,ADAPTIVE,34.6748111111,6.433999999999999
2020-08-29T19:29:06+00:00,31.3,32.0,204.3,ADAPTIVE,34.68179,6.411
2020-08-29T19:29:10+00:00,31.3,32.0,204.5,ADAPTIVE,34.68876444439999,6.422
2020-08-29T19:29:14+00:00,31.3,32.0,204.4,ADAPTIVE,34.695762222199996,6.412999999999999
2020-08-29T19:29:18+00:00,31.3,32.0,204.4,ADAPTIVE,34.7027322222,6.422
2020-08-29T19:29:22+00:00,31.3,32.0,204.4,ADAPTIVE,34.709706388899995,6.422
2020-08-29T19:29:26+00:00,31.3,32.0,204.5,ADAPTIVE,34.7167105556,6.419
2020-08-29T19:29:30+00:00,31.3,32.0,204.5,ADAPTIVE,34.723679722199996,6.3999999999999995
2020-08-29T19:29:34+00:00,31.2,32.0,204.5,ADAPTIVE,34.7306758333,6.3999999999999995
2020-08-29T19:29:38+00:00,31.4,32.0,204.4,ADAPTIVE,34.7376461111,6.435
2020-08-29T19:29:41+00:00,31.5,32.0,204.4,ADAPTIVE,34.7446230556,6.451
2020-08-29T19:29:45+00:00,31.3,32.0,204.5,ADAPTIVE,34.751631388899995,6.417
2020-08-29T19:29:49+00:00,31.4,32.0,204.4,ADAPTIVE,34.7586022222,6.433999999999999
2020-08-29T19:29:53+00:00,31.3,32.0,204.2,ADAPTIVE,34.7655697222,6.417
2020-08-29T19:29:57+00:00,31.3,32.0,204.3,ADAPTIVE,34.7725702778,6.42
2020-08-29T19:30:01+00:00,31.4,32.0,204.4,ADAPTIVE,34.779542777799996,6.4319999999999995
2020-08-29T19:30:05+00:00,31.3,32.0,204.3,ADAPTIVE,34.7865144444,6.4159999999999995
2020-08-29T19:30:09+00:00,31.3,32.0,204.6,ADAPTIVE,34.793516388899995,6.423
2020-08-29T19:30:13+00:00,31.4,32.0,204.5,ADAPTIVE,34.8004947222,6.449
2020-08-29T19:30:17+00:00,31.2,32.0,204.4,ADAPTIVE,34.8074669444,6.394
2020-08-29T19:30:21+00:00,31.3,32.0,204.4,ADAPTIVE,34.8144647222,6.419
2020-08-29T19:30:25+00:00,31.4,32.0,204.5,ADAPTIVE,34.8214369444,6.427
2020-08-29T19:30:29+00:00,31.4,32.0,204.6,ADAPTIVE,34.8284125,6.436999999999999
2020-08-29T19:30:33+00:00,31.4,32.0,204.1,ADAPTIVE,34.8354122222,6.428
2020-08-29T19:30:37+00:00,31.4,32.0,204.4,ADAPTIVE,34.8423786111,6.423
2020-08-29T19:30:41+00:00,31.4,32.0,204.3,ADAPTIVE,34.8493486111,6.425
2020-08-29T19:30:45+00:00,31.4,32.0,204.3,ADAPTIVE,34.85632916669999,6.43
2020-08-29T19:30:48+00:00,31.3,32.0,204.2,ADAPTIVE,34.8632961111,6.417
2020-08-29T19:30:52+00:00,31.4,32.0,204.4,ADAPTIVE,34.8702586111,6.427
2020-08-29T19:30:56+00:00,31.4,32.0,204.3,ADAPTIVE,34.8772561111,6.449
2020-08-29T19:31:00+00:00,31.4,32.0,204.4,ADAPTIVE,34.8842308333,6.425
2020-08-29T19:31:04+00:00,31.3,32.0,204.6,ADAPTIVE,34.8911997222,6.407
2020-08-29T19:31:08+00:00,31.4,32.0,204.2,ADAPTIVE,34.8981955556,6.422
2020-08-29T19:31:12+00:00,31.4,32.0,204.4,ADAPTIVE,34.9051680556,6.427
2020-08-29T19:31:16+00:00,31.4,32.0,204.2,ADAPTIVE,34.91212638889999,6.433
2020-08-29T19:31:20+00:00,31.3,32.0,204.3,ADAPTIVE,34.919123888899996,6.419
2020-08-29T19:31:24+00:00,31.3,32.0,204.2,ADAPTIVE,34.926089999999995,6.402
2020-08-29T19:31:28+00:00,31.4,32.0,204.2,ADAPTIVE,34.9330597222,6.427
2020-08-29T19:31:32+00:00,31.4,32.0,204.3,ADAPTIVE,34.9400636111,6.428
2020-08-29T19:31:36+00:00,31.3,32.0,204.3,ADAPTIVE,34.9470327778,6.412
2020-08-29T19:31:40+00:00,31.4,32.0,204.4,ADAPTIVE,34.953999722199995,6.431
2020-08-29T19:31:44+00:00,31.4,32.0,204.4,ADAPTIVE,34.9610005556,6.428
2020-08-29T19:31:48+00:00,31.3,32.0,204.3,ADAPTIVE,34.9679572222,6.420999999999999
2020-08-29T19:31:52+00:00,31.3,32.0,204.2,ADAPTIVE,34.974923888899994,6.3999999999999995
2020-08-29T19:31:55+00:00,31.4,32.0,204.3,ADAPTIVE,34.9819163889,6.43
2020-08-29T19:31:59+00:00,31.3,32.0,204.4,ADAPTIVE,34.9888836111,6.409
2020-08-29T19:32:03+00:00,31.4,32.0,204.3,ADAPTIVE,34.995854444399995,6.4239999999999995
2020-08-29T19:32:07+00:00,31.4,32.0,204.3,ADAPTIVE,35.0028561111,6.43
2020-08-29T19:32:11+00:00,31.4,32.0,204.5,ADAPTIVE,35.0098216667,6.4239999999999995
2020-08-29T19:32:15+00:00,31.3,32.0,204.2,ADAPTIVE,35.0167847222,6.415
2020-08-29T19:32:19+00:00,31.4,32.0,204.3,ADAPTIVE,35.0237797222,6.425999999999999
2020-08-29T19:32:23+00:00,31.4,32.0,204.1,ADAPTIVE,35.0307177778,6.422
2020-08-29T19:32:27+00:00,31.3,32.0,204.2,ADAPTIVE,35.0376755556,6.396
2020-08-29T19:32:31+00:00,31.3,32.0,204.4,ADAPTIVE,35.0446658333,6.411
2020-08-29T19:32:35+00:00,30.9,32.0,204.3,ADAPTIVE,35.051619722199995,6.324999999999999
2020-08-29T19:32:39+00:00,31.4,32.0,204.1,ADAPTIVE,35.0585722222,6.415
2020-08-29T19:32:43+00:00,31.3,32.0,204.2,ADAPTIVE,35.0655591667,6.395
2020-08-29T19:32:47+00:00,31.4,32.0,204.3,ADAPTIVE,35.0725255556,6.420999999999999
2020-08-29T19:32:51+00:00,31.3,32.0,204.4,ADAPTIVE,35.0794772222,6.422
2020-08-29T19:32:55+00:00,31.4,32.0,204.2,ADAPTIVE,35.08647416669999,6.414
2020-08-29T19:32:59+00:00,31.4,32.0,204.3,ADAPTIVE,35.093439722199996,6.427
2020-08-29T19:33:02+00:00,31.0,32.0,204.4,ADAPTIVE,35.1004030556,6.340999999999999
2020-08-29T19:33:06+00:00,31.3,32.0,204.2,ADAPTIVE,35.1073980556,6.418
2020-08-29T19:33:10+00:00,31.4,32.0,204.1,ADAPTIVE,35.1143633333,6.407
2020-08-29T19:33:14+00:00,31.3,32.0,204.1,ADAPTIVE,35.121326944399996,6.4079999999999995
2020-08-29T19:33:18+00:00,31.3,32.0,204.2,ADAPTIVE,35.12832444439999,6.427
2020-08-29T19:33:22+00:00,31.3,32.0,204.1,ADAPTIVE,35.1352775,6.4079999999999995
2020-08-29T19:33:26+00:00,31.3,32.0,204.1,ADAPTIVE,35.1422427778,6.407
2020-08-29T19:33:30+00:00,31.3,32.0,204.3,ADAPTIVE,35.149236944399995,6.412
2020-08-29T19:33:34+00:00,31.1,32.0,204.2,ADAPTIVE,35.156199444399995,6.3629999999999995
2020-08-29T19:33:38+00:00,31.3,32.0,204.0,ADAPTIVE,35.1631555556,6.4079999999999995
2020-08-29T19:33:42+00:00,31.3,32.0,204.2,ADAPTIVE,35.1701186111,6.411
2020-08-29T19:33:46+00:00,31.0,32.0,204.0,ADAPTIVE,35.1771075,6.332999999999999
2020-08-29T19:33:50+00:00,31.3,32.0,204.1,ADAPTIVE,35.184051111100004,6.420999999999999
2020-08-29T19:33:54+00:00,31.4,32.0,204.2,ADAPTIVE,35.191011388899994,6.420999999999999
2020-08-29T19:33:58+00:00,31.3,32.0,204.2,ADAPTIVE,35.1980077778,6.417
2020-08-29T19:34:02+00:00,31.4,32.0,204.1,ADAPTIVE,35.2049525,6.425
2020-08-29T19:34:06+00:00,31.4,32.0,204.1,ADAPTIVE,35.2119186111,6.420999999999999
2020-08-29T19:34:09+00:00,31.4,32.0,204.3,ADAPTIVE,35.218914166699996,6.423
2020-08-29T19:34:13+00:00,31.4,32.0,204.0,ADAPTIVE,35.2258816667,6.417
2020-08-29T19:34:17+00:00,31.4,32.0,204.1,ADAPTIVE,35.232804444399996,6.404999999999999
2020-08-29T19:34:21+00:00,31.4,32.0,204.2,ADAPTIVE,35.239792222199995,6.412999999999999
2020-08-29T19:34:25+00:00,31.4,32.0,204.3,ADAPTIVE,35.246757222199996,6.427
2020-08-29T19:34:29+00:00,31.4,32.0,204.2,ADAPTIVE,35.2537097222,6.427
2020-08-29T19:34:33+00:00,31.3,32.0,204.4,ADAPTIVE,35.2607069444,6.422
2020-08-29T19:34:37+00:00,31.4,32.0,204.3,ADAPTIVE,35.267674444399994,6.420999999999999
2020-08-29T19:34:41+00:00,31.3,32.0,204.3,ADAPTIVE,35.274643888899995,6.42
2020-08-29T19:34:45+00:00,31.4,32.0,204.4,ADAPTIVE,35.2816011111,6.431
2020-08-29T19:34:49+00:00,31.4,32.0,204.1,ADAPTIVE,35.2885661111,6.412999999999999
2020-08-29T19:34:53+00:00,31.3,32.0,204.2,ADAPTIVE,35.295531111100004,6.409
2020-08-29T19:34:57+00:00,31.4,32.0,204.1,ADAPTIVE,35.3025308333,6.435
2020-08-29T19:35:01+00:00,31.4,32.0,204.2,ADAPTIVE,35.3094930556,6.420999999999999
2020-08-29T19:35:05+00:00,31.3,32.0,204.3,ADAPTIVE,35.316459444399996,6.4079999999999995
2020-08-29T19:35:09+00:00,31.3,32.0,204.3,ADAPTIVE,35.3234536111,6.403
2020-08-29T19:35:13+00:00,31.4,32.0,204.4,ADAPTIVE,35.3304258333,6.418
2020-08-29T19:35:16+00:00,31.4,32.0,204.4,ADAPTIVE,35.337373055600004,6.422
2020-08-29T19:35:20+00:00,31.3,32.0,204.4,ADAPTIVE,35.344364999999996,6.41
2020-08-29T19:35:24+00:00,31.4,32.0,204.3,ADAPTIVE,35.3513266667,6.425999999999999
2020-08-29T19:35:28+00:00,30.9,32.0,204.5,ADAPTIVE,35.3582702778,6.324
2020-08-29T19:35:32+00:00,31.4,32.0,204.0,ADAPTIVE,35.3652291667,6.425
2020-08-29T19:35:36+00:00,31.4,32.0,204.1,ADAPTIVE,35.3722191667,6.414
2020-08-29T19:35:40+00:00,31.4,32.0,204.1,ADAPTIVE,35.3791758333,6.417
2020-08-29T19:35:44+00:00,31.4,32.0,204.1,ADAPTIVE,35.386089999999996,6.419
2020-08-29T19:35:48+00:00,31.3,32.0,204.3,ADAPTIVE,35.3930527778,6.404999999999999
2020-08-29T19:35:52+00:00,31.3,32.0,204.1,ADAPTIVE,35.4000130556,6.404
2020-08-29T19:35:56+00:00,31.3,32.0,204.2,ADAPTIVE,35.407005,6.402
2020-08-29T19:36:00+00:00,31.0,32.0,204.2,ADAPTIVE,35.4139552778,6.35
2020-08-29T19:36:04+00:00,31.4,32.0,204.2,ADAPTIVE,35.420914166699994,6.412999999999999
2020-08-29T19:36:08+00:00,31.3,32.0,204.3,ADAPTIVE,35.4279055556,6.417
2020-08-29T19:36:12+00:00,31.4,32.0,204.3,ADAPTIVE,35.4348672222,6.427
2020-08-29T19:36:16+00:00,31.4,32.0,204.2,ADAPTIVE,35.44183138889999,6.428
2020-08-29T19:36:19+00:00,31.1,32.0,204.0,ADAPTIVE,35.448801944399996,6.348999999999999
2020-08-29T19:36:23+00:00,31.4,32.0,204.4,ADAPTIVE,35.4557402778,6.427
2020-08-29T19:36:27+00:00,31.4,32.0,204.3,ADAPTIVE,35.4626983333,6.423
2020-08-29T19:36:31+00:00,31.4,32.0,204.2,ADAPTIVE,35.4696875,6.436999999999999
2020-08-29T19:36:35+00:00,31.4,32.0,204.1,ADAPTIVE,35.4766530556,6.427
2020-08-29T19:36:39+00:00,31.3,32.0,204.2,ADAPTIVE,35.4835905556,6.407
2020-08-29T19:36:43+00:00,31.4,32.0,204.4,ADAPTIVE,35.490584166699996,6.42
2020-08-29T19:36:47+00:00,31.4,32.0,203.9,ADAPTIVE,35.4975461111,6.422
2020-08-29T19:36:51+00:00,31.3,32.0,204.1,ADAPTIVE,35.5045019444,6.403
2020-08-29T19:36:55+00:00,31.4,32.0,204.0,ADAPTIVE,35.5114608333,6.4159999999999995
2020-08-29T19:36:59+00:00,31.3,32.0,204.1,ADAPTIVE,35.5184208333,6.412
2020-08-29T19:37:03+00:00,31.4,32.0,203.9,ADAPTIVE,35.5253833333,6.433
2020-08-29T19:37:07+00:00,31.4,32.0,203.9,ADAPTIVE,35.5323530556,6.427
2020-08-29T19:37:11+00:00,31.4,32.0,204.3,ADAPTIVE,35.539314166699995,6.431
2020-08-29T19:37:15+00:00,31.4,32.0,204.3,ADAPTIVE,35.5462744444,6.419
2020-08-29T19:37:19+00:00,31.3,32.0,203.8,ADAPTIVE,35.5532258333,6.396
2020-08-29T19:37:23+00:00,31.3,32.0,204.1,ADAPTIVE,35.5601847222,6.398
2020-08-29T19:37:26+00:00,31.3,32.0,204.2,ADAPTIVE,35.567141666699996,6.399
2020-08-29T19:37:30+00:00,31.3,32.0,204.0,ADAPTIVE,35.5740636111,6.417
2020-08-29T19:37:34+00:00,31.3,32.0,204.4,ADAPTIVE,35.581056111100004,6.412999999999999
2020-08-29T19:37:38+00:00,31.4,32.0,204.3,ADAPTIVE,35.5880177778,6.418
2020-08-29T19:37:42+00:00,31.0,32.0,204.3,ADAPTIVE,35.5949658333,6.33
2020-08-29T19:37:46+00:00,31.3,32.0,204.5,ADAPTIVE,35.6019497222,6.412
2020-08-29T19:37:50+00:00,31.4,32.0,204.3,ADAPTIVE,35.608908055600004,6.423
2020-08-29T19:37:54+00:00,31.3,32.0,204.0,ADAPTIVE,35.615869166699994,6.409
2020-08-29T19:37:58+00:00,31.3,32.0,204.2,ADAPTIVE,35.6228372222,6.4079999999999995
2020-08-29T19:38:02+00:00,31.3,32.0,204.3,ADAPTIVE,35.6297969444,6.41
2020-08-29T19:38:06+00:00,31.4,32.0,204.0,ADAPTIVE,35.636755555600004,6.411
2020-08-29T19:38:10+00:00,30.9,32.0,204.1,ADAPTIVE,35.6437083333,6.324
2020-08-29T19:38:14+00:00,31.4,32.0,204.1,ADAPTIVE,35.6506586111,6.411
2020-08-29T19:38:18+00:00,31.4,32.0,204.3,ADAPTIVE,35.657613888899995,6.423
2020-08-29T19:38:22+00:00,31.1,32.0,204.1,ADAPTIVE,35.6645652778,6.343999999999999
2020-08-29T19:38:26+00:00,31.3,32.0,204.1,ADAPTIVE,35.6715097222,6.4079999999999995
2020-08-29T19:38:30+00:00,31.3,32.0,204.0,ADAPTIVE,35.6784680556,6.41
2020-08-29T19:38:33+00:00,31.4,32.0,204.1,ADAPTIVE,35.6854530556,6.409
2020-08-29T19:38:37+00:00,31.4,32.0,204.2,ADAPTIVE,35.692409166699996,6.423
2020-08-29T19:38:41+00:00,31.1,32.0,204.3,ADAPTIVE,35.699341388899995,6.372999999999999
2020-08-29T19:38:45+00:00,31.4,32.0,204.4,ADAPTIVE,35.7062855556,6.418
2020-08-29T19:38:49+00:00,31.3,32.0,204.1,ADAPTIVE,35.7132405556,6.41
2020-08-29T19:38:53+00:00,31.3,32.0,203.9,ADAPTIVE,35.7201941667,6.399
2020-08-29T19:38:57+00:00,31.1,32.0,204.1,ADAPTIVE,35.7271758333,6.356
2020-08-29T19:39:01+00:00,31.3,32.0,204.1,ADAPTIVE,35.7340975,6.409
2020-08-29T19:39:05+00:00,31.4,32.0,204.0,ADAPTIVE,35.7410536111,6.420999999999999
2020-08-29T19:39:09+00:00,31.4,32.0,204.0,ADAPTIVE,35.748039999999996,6.42
2020-08-29T19:39:13+00:00,31.0,32.0,204.1,ADAPTIVE,35.754989444399996,6.34
2020-08-29T19:39:17+00:00,31.2,32.0,204.2,ADAPTIVE,35.76188666669999,6.367999999999999
2020-08-29T19:39:21+00:00,31.4,32.0,204.1,ADAPTIVE,35.7688702778,6.422
2020-08-29T19:39:25+00:00,31.3,32.0,204.1,ADAPTIVE,35.7758247222,6.412
2020-08-29T19:39:29+00:00,31.4,32.0,204.2,ADAPTIVE,35.7827786111,6.428
2020-08-29T19:39:33+00:00,31.4,32.0,204.1,ADAPTIVE,35.789764166699996,6.409
2020-08-29T19:39:37+00:00,31.4,32.0,204.3,ADAPTIVE,35.7967227778,6.428999999999999
2020-08-29T19:39:42+00:00,31.0,32.0,204.1,ADAPTIVE,35.8036727778,6.340999999999999
2020-08-29T19:39:44+00:00,31.4,32.0,204.2,ADAPTIVE,35.810597222199995,6.423
2020-08-29T19:39:48+00:00,31.4,32.0,204.2,ADAPTIVE,35.8175547222,6.415
2020-08-29T19:39:52+00:00,31.3,32.0,203.9,ADAPTIVE,35.824539722199994,6.3999999999999995
2020-08-29T19:39:56+00:00,31.0,32.0,204.1,ADAPTIVE,35.8314930556,6.3229999999999995
2020-08-29T19:40:00+00:00,31.1,32.0,203.9,ADAPTIVE,35.8383886111,6.353
2020-08-29T19:40:04+00:00,31.3,32.0,204.0,ADAPTIVE,35.8453575,6.407
2020-08-29T19:40:08+00:00,31.4,32.0,204.0,ADAPTIVE,35.8523097222,6.414
2020-08-29T19:40:12+00:00,31.3,32.0,204.2,ADAPTIVE,35.8592958333,6.399
2020-08-29T19:40:16+00:00,31.4,32.0,204.0,ADAPTIVE,35.866247222199995,6.407
2020-08-29T19:40:20+00:00,31.3,32.0,203.9,ADAPTIVE,35.87319888889999,6.4079999999999995
2020-08-29T19:40:24+00:00,31.3,32.0,204.0,ADAPTIVE,35.880174722199996,6.402
2020-08-29T19:40:28+00:00,31.3,32.0,203.9,ADAPTIVE,35.8871225,6.402
2020-08-29T19:40:32+00:00,31.4,32.0,203.8,ADAPTIVE,35.8940969444,6.412999999999999
2020-08-29T19:40:36+00:00,31.4,32.0,203.9,ADAPTIVE,35.9010452778,6.404999999999999
2020-08-29T19:40:40+00:00,31.3,32.0,203.7,ADAPTIVE,35.908024999999995,6.399
2020-08-29T19:40:44+00:00,31.1,32.0,204.0,ADAPTIVE,35.9149241667,6.348999999999999
2020-08-29T19:40:47+00:00,31.4,32.0,204.0,ADAPTIVE,35.921817499999996,6.409
2020-08-29T19:40:51+00:00,31.3,32.0,203.9,ADAPTIVE,35.928796666699995,6.391
2020-08-29T19:40:55+00:00,31.4,32.0,203.8,ADAPTIVE,35.9357411111,6.407
2020-08-29T19:40:59+00:00,31.4,32.0,203.8,ADAPTIVE,35.9427169444,6.404
2020-08-29T19:41:03+00:00,31.1,32.0,203.8,ADAPTIVE,35.9496633333,6.346
2020-08-29T19:41:07+00:00,31.2,32.0,203.9,ADAPTIVE,35.9565580556,6.375
2020-08-29T19:41:11+00:00,31.2,32.0,204.1,ADAPTIVE,35.9634811111,6.364999999999999
2020-08-29T19:41:15+00:00,31.3,32.0,203.6,ADAPTIVE,35.97043,6.391
2020-08-29T19:41:19+00:00,31.4,32.0,203.6,ADAPTIVE,35.977374999999995,6.41
2020-08-29T19:41:23+00:00,30.3,31.0,204.0,ADAPTIVE,35.984174166699994,6.194999999999999
2020-08-29T19:41:27+00:00,30.4,31.0,203.9,ADAPTIVE,35.990914722199996,6.218
2020-08-29T19:41:31+00:00,30.4,31.0,204.0,ADAPTIVE,35.9976730556,6.205
2020-08-29T19:41:35+00:00,30.4,31.0,203.8,ADAPTIVE,36.004368055600004,6.207999999999999
2020-08-29T19:41:39+00:00,30.3,31.0,204.2,ADAPTIVE,36.0111141667,6.197
2020-08-29T19:41:43+00:00,30.4,31.0,204.2,ADAPTIVE,36.0178858333,6.213
2020-08-29T19:41:47+00:00,30.4,31.0,204.2,ADAPTIVE,36.024631666699996,6.2299999999999995
2020-08-29T19:41:51+00:00,30.2,31.0,204.0,ADAPTIVE,36.0313477778,6.173
2020-08-29T19:41:54+00:00,30.5,31.0,204.3,ADAPTIVE,36.03810944439999,6.234999999999999
2020-08-29T19:41:58+00:00,30.4,31.0,204.0,ADAPTIVE,36.0448547222,6.212
2020-08-29T19:42:02+00:00,30.4,31.0,204.2,ADAPTIVE,36.051600555600004,6.2139999999999995
2020-08-29T19:42:06+00:00,30.4,31.0,204.3,ADAPTIVE,36.0583819444,6.21
2020-08-29T19:42:10+00:00,30.4,31.0,204.0,ADAPTIVE,36.0651227778,6.218999999999999
2020-08-29T19:42:14+00:00,30.4,31.0,204.0,ADAPTIVE,36.071871944399994,6.223999999999999
2020-08-29T19:42:18+00:00,30.4,31.0,204.4,ADAPTIVE,36.0786488889,6.231
2020-08-29T19:42:22+00:00,30.5,31.0,204.0,ADAPTIVE,36.085401388899996,6.233
2020-08-29T19:42:26+00:00,30.3,31.0,204.3,ADAPTIVE,36.092117222199995,6.193
2020-08-29T19:42:30+00:00,30.4,31.0,204.2,ADAPTIVE,36.098893888899994,6.213
2020-08-29T19:42:34+00:00,30.4,31.0,204.3,ADAPTIVE,36.1056427778,6.223999999999999
2020-08-29T19:42:38+00:00,30.4,31.0,204.1,ADAPTIVE,36.11238888889999,6.229
2020-08-29T19:42:42+00:00,30.4,31.0,204.3,ADAPTIVE,36.1191711111,6.234
2020-08-29T19:42:46+00:00,30.4,31.0,204.2,ADAPTIVE,36.1259219444,6.221
2020-08-29T19:42:50+00:00,30.4,31.0,204.3,ADAPTIVE,36.1327005556,6.212
2020-08-29T19:42:54+00:00,30.4,31.0,204.2,ADAPTIVE,36.1394488889,6.225
2020-08-29T19:42:57+00:00,30.4,31.0,204.3,ADAPTIVE,36.146196388899995,6.215999999999999
2020-08-29T19:43:01+00:00,30.3,31.0,204.1,ADAPTIVE,36.1529736111,6.212
2020-08-29T19:43:05+00:00,30.3,31.0,204.2,ADAPTIVE,36.1596847222,6.2059999999999995
2020-08-29T19:43:09+00:00,30.4,31.0,204.1,ADAPTIVE,36.1664205556,6.209
2020-08-29T19:43:13+00:00,30.3,31.0,204.1,ADAPTIVE,36.173192222199994,6.199999999999999
2020-08-29T19:43:17+00:00,30.4,31.0,204.2,ADAPTIVE,36.179937222199996,6.212
2020-08-29T19:43:21+00:00,30.4,31.0,204.3,ADAPTIVE,36.186686944399995,6.213
2020-08-29T19:43:25+00:00,31.2,32.0,204.1,ADAPTIVE,36.1935627778,6.37
2020-08-29T19:43:29+00:00,31.3,32.0,203.8,ADAPTIVE,36.200485,6.399
2020-08-29T19:43:33+00:00,31.4,32.0,203.7,ADAPTIVE,36.2074641667,6.4159999999999995
2020-08-29T19:43:37+00:00,31.3,32.0,203.8,ADAPTIVE,36.2144147222,6.395
2020-08-29T19:43:41+00:00,31.3,32.0,203.9,ADAPTIVE,36.2213658333,6.39
2020-08-29T19:43:45+00:00,31.1,32.0,204.2,ADAPTIVE,36.228339999999996,6.3629999999999995
2020-08-29T19:43:49+00:00,31.1,32.0,204.1,ADAPTIVE,36.23523694439999,6.358
2020-08-29T19:43:53+00:00,31.1,32.0,203.9,ADAPTIVE,36.24216,6.351999999999999
2020-08-29T19:43:57+00:00,31.0,32.0,204.0,ADAPTIVE,36.2490575,6.324
2020-08-29T19:44:01+00:00,31.5,32.0,203.9,ADAPTIVE,36.2559983333,6.425
2020-08-29T19:44:05+00:00,31.3,32.0,203.9,ADAPTIVE,36.262976944399995,6.385
2020-08-29T19:44:08+00:00,31.4,32.0,203.7,ADAPTIVE,36.2699261111,6.41
2020-08-29T19:44:12+00:00,31.3,32.0,203.8,ADAPTIVE,36.276904722199994,6.3999999999999995
2020-08-29T19:44:16+00:00,31.0,32.0,203.7,ADAPTIVE,36.2838308333,6.343
2020-08-29T19:44:20+00:00,31.2,32.0,204.0,ADAPTIVE,36.290725,6.369
2020-08-29T19:44:24+00:00,31.4,32.0,203.7,ADAPTIVE,36.297681388899996,6.4079999999999995
2020-08-29T19:44:28+00:00,31.3,32.0,203.5,ADAPTIVE,36.3046244444,6.395
2020-08-29T19:44:32+00:00,31.4,32.0,203.4,ADAPTIVE,36.3115705556,6.402
2020-08-29T19:44:36+00:00,31.2,32.0,203.7,ADAPTIVE,36.3185255556,6.361
2020-08-29T19:44:40+00:00,31.0,32.0,203.8,ADAPTIVE,36.325419166699994,6.327
2020-08-29T19:44:44+00:00,31.4,32.0,203.5,ADAPTIVE,36.3323222222,6.393
2020-08-29T19:44:48+00:00,31.4,32.0,203.5,ADAPTIVE,36.3392955556,6.404
2020-08-29T19:44:52+00:00,31.4,32.0,203.8,ADAPTIVE,36.346236666699994,6.407
2020-08-29T19:44:56+00:00,31.4,32.0,203.7,ADAPTIVE,36.3532141667,6.415
2020-08-29T19:45:00+00:00,31.1,32.0,203.7,ADAPTIVE,36.3601466667,6.340999999999999
2020-08-29T19:45:04+00:00,31.1,32.0,203.9,ADAPTIVE,36.367039166699996,6.3469999999999995
2020-08-29T19:45:08+00:00,31.4,32.0,203.8,ADAPTIVE,36.3739738889,6.414
2020-08-29T19:45:12+00:00,31.4,32.0,203.8,ADAPTIVE,36.380894999999995,6.404
2020-08-29T19:45:15+00:00,31.3,32.0,203.8,ADAPTIVE,36.3878736111,6.403
2020-08-29T19:45:19+00:00,31.3,32.0,203.7,ADAPTIVE,36.3948211111,6.393
2020-08-29T19:45:23+00:00,31.4,32.0,204.0,ADAPTIVE,36.401771111100004,6.411
2020-08-29T19:45:27+00:00,31.3,32.0,203.6,ADAPTIVE,36.4087480556,6.391
2020-08-29T19:45:31+00:00,31.1,32.0,203.7,ADAPTIVE,36.415675555600004,6.346
2020-08-29T19:45:35+00:00,31.2,32.0,203.6,ADAPTIVE,36.4226022222,6.366
2020-08-29T19:45:39+00:00,31.0,32.0,203.5,ADAPTIVE,36.4294958333,6.3309999999999995
2020-08-29T19:45:43+00:00,31.4,32.0,203.5,ADAPTIVE,36.436432499999995,6.409
2020-08-29T19:45:47+00:00,31.4,32.0,203.7,ADAPTIVE,36.4434055556,6.419
2020-08-29T19:45:51+00:00,31.1,32.0,203.8,ADAPTIVE,36.450346388899995,6.342
2020-08-29T19:45:55+00:00,31.2,32.0,203.7,ADAPTIVE,36.457241388899995,6.369
2020-08-29T19:45:59+00:00,31.4,32.0,203.5,ADAPTIVE,36.4641761111,6.411
2020-08-29T19:46:03+00:00,31.4,32.0,203.5,ADAPTIVE,36.471121388899995,6.401
2020-08-29T19:46:07+00:00,31.4,32.0,203.2,ADAPTIVE,36.4780630556,6.4079999999999995
2020-08-29T19:46:11+00:00,31.4,32.0,203.7,ADAPTIVE,36.4850375,6.407
2020-08-29T19:46:15+00:00,31.2,32.0,203.6,ADAPTIVE,36.4919530556,6.367
2020-08-29T19:46:18+00:00,31.2,32.0,203.3,ADAPTIVE,36.498878611100004,6.3629999999999995
2020-08-29T19:46:22+00:00,31.4,32.0,203.6,ADAPTIVE,36.5057755556,6.411
2020-08-29T19:46:26+00:00,31.3,32.0,203.1,ADAPTIVE,36.512716111100005,6.380999999999999
2020-08-29T19:46:30+00:00,31.3,32.0,203.4,ADAPTIVE,36.5196758333,6.379
2020-08-29T19:46:34+00:00,31.1,32.0,203.4,ADAPTIVE,36.526610277799996,6.345
2020-08-29T19:46:38+00:00,31.2,32.0,203.3,ADAPTIVE,36.5334986111,6.3629999999999995
2020-08-29T19:46:42+00:00,31.2,32.0,203.2,ADAPTIVE,36.5404191667,6.3549999999999995
2020-08-29T19:46:46+00:00,31.4,32.0,203.4,ADAPTIVE,36.5473130556,6.393
2020-08-29T19:46:50+00:00,31.4,32.0,203.3,ADAPTIVE,36.554274444399994,6.3919999999999995
2020-08-29T19:46:54+00:00,31.2,32.0,206.0,ADAPTIVE,36.5612680556,6.443
2020-08-29T19:46:58+00:00,31.2,32.0,206.1,ADAPTIVE,36.568266944399994,6.449
2020-08-29T19:47:02+00:00,31.2,32.0,206.0,ADAPTIVE,36.5753,6.449999999999999
2020-08-29T19:47:06+00:00,31.2,32.0,206.4,ADAPTIVE,36.582306388899994,6.452999999999999
2020-08-29T19:47:10+00:00,31.4,32.0,207.1,ADAPTIVE,36.5893483333,6.513999999999999
2020-08-29T19:47:14+00:00,31.3,32.0,207.4,ADAPTIVE,36.5964436111,6.512
2020-08-29T19:47:18+00:00,31.4,32.0,207.4,ADAPTIVE,36.603506944399996,6.526
2020-08-29T19:47:22+00:00,31.2,32.0,206.5,ADAPTIVE,36.6106030556,6.473999999999999
2020-08-29T19:47:25+00:00,31.4,32.0,204.6,ADAPTIVE,36.6175866667,6.449999999999999
2020-08-29T19:47:29+00:00,31.4,32.0,204.6,ADAPTIVE,36.6245697222,6.452
2020-08-29T19:47:33+00:00,31.3,32.0,204.7,ADAPTIVE,36.6315805556,6.420999999999999
2020-08-29T19:47:37+00:00,31.4,32.0,204.6,ADAPTIVE,36.638556944399994,6.4319999999999995
2020-08-29T19:47:41+00:00,31.3,32.0,204.8,ADAPTIVE,36.645565,6.415
2020-08-29T19:47:45+00:00,31.3,32.0,204.8,ADAPTIVE,36.6525413889,6.42
2020-08-29T19:47:49+00:00,31.4,32.0,204.8,ADAPTIVE,36.6595202778,6.441999999999999
2020-08-29T19:47:53+00:00,31.4,32.0,204.7,ADAPTIVE,36.6665288889,6.427
2020-08-29T19:47:57+00:00,31.3,32.0,204.7,ADAPTIVE,36.673509722199995,6.420999999999999
2020-08-29T19:48:01+00:00,31.3,32.0,204.6,ADAPTIVE,36.6805233333,6.425999999999999
2020-08-29T19:48:05+00:00,31.3,32.0,204.7,ADAPTIVE,36.6875061111,6.423
2020-08-29T19:48:09+00:00,31.3,32.0,204.7,ADAPTIVE,36.6944830556,6.4319999999999995
2020-08-29T19:48:13+00:00,31.3,32.0,204.5,ADAPTIVE,36.70148388889999,6.42
2020-08-29T19:48:17+00:00,31.4,32.0,204.4,ADAPTIVE,36.708454166699994,6.43
2020-08-29T19:48:21+00:00,31.3,32.0,204.5,ADAPTIVE,36.715457222199994,6.435
2020-08-29T19:48:25+00:00,31.3,32.0,204.4,ADAPTIVE,36.7224383333,6.427
2020-08-29T19:48:28+00:00,31.4,32.0,204.7,ADAPTIVE,36.7294202778,6.454
2020-08-29T19:48:32+00:00,31.3,32.0,204.8,ADAPTIVE,36.7364277778,6.422
2020-08-29T19:48:36+00:00,31.3,32.0,204.6,ADAPTIVE,36.7434027778,6.4239999999999995
2020-08-29T19:48:40+00:00,31.3,32.0,204.4,ADAPTIVE,36.7504027778,6.418
2020-08-29T19:48:44+00:00,31.4,32.0,204.5,ADAPTIVE,36.7573727778,6.431
2020-08-29T19:48:48+00:00,31.3,32.0,204.4,ADAPTIVE,36.7643455556,6.412
2020-08-29T19:48:52+00:00,31.4,32.0,204.7,ADAPTIVE,36.7713486111,6.436
2020-08-29T19:48:56+00:00,31.4,32.0,204.6,ADAPTIVE,36.7783280556,6.433999999999999
2020-08-29T19:49:00+00:00,31.4,32.0,204.6,ADAPTIVE,36.785309999999996,6.4479999999999995
2020-08-29T19:49:04+00:00,31.4,32.0,204.6,ADAPTIVE,36.7923177778,6.438
2020-08-29T19:49:08+00:00,31.3,32.0,204.6,ADAPTIVE,36.799293888899996,6.418
2020-08-29T19:49:12+00:00,31.3,32.0,204.6,ADAPTIVE,36.8063011111,6.419
2020-08-29T19:49:16+00:00,31.3,32.0,204.7,ADAPTIVE,36.8132833333,6.436999999999999
2020-08-29T19:49:20+00:00,31.3,32.0,204.7,ADAPTIVE,36.8202658333,6.427
2020-08-29T19:49:24+00:00,31.3,32.0,204.6,ADAPTIVE,36.827273888899995,6.4239999999999995
2020-08-29T19:49:28+00:00,31.4,32.0,204.7,ADAPTIVE,36.8342463889,6.428999999999999
2020-08-29T19:49:32+00:00,31.4,32.0,204.5,ADAPTIVE,36.841247222199996,6.428
2020-08-29T19:49:35+00:00,31.3,32.0,204.5,ADAPTIVE,36.84821888889999,6.42
2020-08-29T19:49:39+00:00,31.3,32.0,204.5,ADAPTIVE,36.855189722199995,6.420999999999999
2020-08-29T19:49:43+00:00,31.4,32.0,204.5,ADAPTIVE,36.862195,6.433
2020-08-29T19:49:47+00:00,31.4,32.0,204.4,ADAPTIVE,36.8691672222,6.438
2020-08-29T19:49:51+00:00,31.4,32.0,204.6,ADAPTIVE,36.876169999999995,6.43
2020-08-29T19:49:55+00:00,31.4,32.0,204.6,ADAPTIVE,36.8831502778,6.4479999999999995
2020-08-29T19:49:59+00:00,31.3,32.0,204.5,ADAPTIVE,36.8901608333,6.415
2020-08-29T19:50:03+00:00,31.4,32.0,204.5,ADAPTIVE,36.8971427778,6.427
2020-08-29T19:50:07+00:00,31.4,32.0,204.8,ADAPTIVE,36.9041252778,6.446
2020-08-29T19:50:11+00:00,31.3,32.0,204.5,ADAPTIVE,36.9111333333,6.420999999999999
2020-08-29T19:50:15+00:00,31.4,32.0,204.8,ADAPTIVE,36.9181086111,6.446
2020-08-29T19:50:19+00:00,31.4,32.0,204.7,ADAPTIVE,36.925082499999995,6.425999999999999
2020-08-29T19:50:23+00:00,31.3,32.0,204.7,ADAPTIVE,36.93208166669999,6.404999999999999
2020-08-29T19:50:27+00:00,31.3,32.0,204.6,ADAPTIVE,36.93905444439999,6.428999999999999
2020-08-29T19:50:31+00:00,31.4,32.0,204.4,ADAPTIVE,36.9460561111,6.435
2020-08-29T19:50:35+00:00,31.4,32.0,204.5,ADAPTIVE,36.9530308333,6.433
2020-08-29T19:50:39+00:00,31.3,32.0,204.6,ADAPTIVE,36.9600336111,6.435
2020-08-29T19:50:42+00:00,31.5,32.0,204.5,ADAPTIVE,36.9670108333,6.4559999999999995
2020-08-29T19:50:46+00:00,31.3,32.0,204.6,ADAPTIVE,36.974016666699995,6.436
2020-08-29T19:50:50+00:00,31.4,32.0,204.7,ADAPTIVE,36.9809930556,6.439
2020-08-29T19:50:54+00:00,31.3,32.0,204.5,ADAPTIVE,36.98797138889999,6.428
2020-08-29T19:50:58+00:00,31.4,32.0,204.6,ADAPTIVE,36.9949755556,6.433999999999999
2020-08-29T19:51:02+00:00,31.4,32.0,204.4,ADAPTIVE,37.0019533333,6.4399999999999995
2020-08-29T19:51:06+00:00,31.3,32.0,204.5,ADAPTIVE,37.0089588889,6.419
2020-08-29T19:51:10+00:00,31.3,32.0,204.4,ADAPTIVE,37.015932777799996,6.418
2020-08-29T19:51:14+00:00,31.3,32.0,204.4,ADAPTIVE,37.0229352778,6.418
2020-08-29T19:51:18+00:00,31.3,32.0,204.7,ADAPTIVE,37.0299016667,6.42
2020-08-29T19:51:22+00:00,31.3,32.0,204.3,ADAPTIVE,37.036866944399996,6.4079999999999995
2020-08-29T19:51:26+00:00,31.3,32.0,204.6,ADAPTIVE,37.043866944399994,6.42
2020-08-29T19:51:30+00:00,31.4,32.0,204.3,ADAPTIVE,37.05084,6.438
2020-08-29T19:51:34+00:00,31.4,32.0,204.7,ADAPTIVE,37.057846388899996,6.428
2020-08-29T19:51:38+00:00,31.4,32.0,204.3,ADAPTIVE,37.0648225,6.428
2020-08-29T19:51:42+00:00,31.3,32.0,204.3,ADAPTIVE,37.0717938889,6.419
2020-08-29T19:51:46+00:00,31.4,32.0,204.3,ADAPTIVE,37.0787925,6.438
2020-08-29T19:51:49+00:00,31.3,32.0,204.4,ADAPTIVE,37.085759722199995,6.418
2020-08-29T19:51:53+00:00,31.4,32.0,204.5,ADAPTIVE,37.092727499999995,6.43
2020-08-29T19:51:57+00:00,31.4,32.0,204.6,ADAPTIVE,37.099729166699994,6.444
2020-08-29T19:52:01+00:00,31.4,32.0,204.4,ADAPTIVE,37.106705,6.439
2020-08-29T19:52:05+00:00,31.4,32.0,204.3,ADAPTIVE,37.11371,6.417
2020-08-29T19:52:09+00:00,31.4,32.0,204.4,ADAPTIVE,37.1206872222,6.4319999999999995
2020-08-29T19:52:13+00:00,31.4,32.0,204.4,ADAPTIVE,37.127686666699994,6.423
2020-08-29T19:52:17+00:00,31.4,32.0,204.4,ADAPTIVE,37.1346538889,6.419
2020-08-29T19:52:21+00:00,31.4,32.0,204.2,ADAPTIVE,37.14161944439999,6.4159999999999995
2020-08-29T19:52:25+00:00,31.4,32.0,204.4,ADAPTIVE,37.1486105556,6.415
2020-08-29T19:52:29+00:00,31.3,32.0,204.6,ADAPTIVE,37.155571944399995,6.43
2020-08-29T19:52:33+00:00,31.4,32.0,204.2,ADAPTIVE,37.162565,6.439
2020-08-29T19:52:37+00:00,31.4,32.0,204.5,ADAPTIVE,37.169526666699994,6.425
2020-08-29T19:52:41+00:00,31.3,32.0,204.7,ADAPTIVE,37.1765188889,6.412999999999999
2020-08-29T19:52:45+00:00,31.3,32.0,204.4,ADAPTIVE,37.18348194439999,6.4079999999999995
2020-08-29T19:52:49+00:00,31.4,32.0,204.4,ADAPTIVE,37.1904452778,6.41
2020-08-29T19:52:53+00:00,31.4,32.0,204.2,ADAPTIVE,37.1974347222,6.420999999999999
2020-08-29T19:52:56+00:00,31.0,32.0,204.2,ADAPTIVE,37.2043733333,6.3549999999999995
2020-08-29T19:53:00+00:00,31.3,32.0,204.6,ADAPTIVE,37.2113427778,6.420999999999999
2020-08-29T19:53:04+00:00,31.4,32.0,204.2,ADAPTIVE,37.218341388899994,6.407
2020-08-29T19:53:08+00:00,31.3,32.0,204.3,ADAPTIVE,37.2253083333,6.409
2020-08-29T19:53:12+00:00,31.3,32.0,204.2,ADAPTIVE,37.2322994444,6.418
2020-08-29T19:53:16+00:00,31.3,32.0,204.5,ADAPTIVE,37.2392622222,6.4159999999999995
2020-08-29T19:53:20+00:00,31.3,32.0,204.7,ADAPTIVE,37.2462591667,6.4159999999999995
2020-08-29T19:53:24+00:00,31.3,32.0,204.4,ADAPTIVE,37.2532313889,6.419
2020-08-29T19:53:28+00:00,31.4,32.0,204.4,ADAPTIVE,37.2602041667,6.433999999999999
2020-08-29T19:53:32+00:00,31.3,32.0,204.4,ADAPTIVE,37.2672008333,6.414
2020-08-29T19:53:36+00:00,30.4,31.0,204.4,ADAPTIVE,37.2740158333,6.2459999999999996
2020-08-29T19:53:40+00:00,30.3,31.0,204.5,ADAPTIVE,37.2808033333,6.218
2020-08-29T19:53:44+00:00,30.4,31.0,204.6,ADAPTIVE,37.287565555600004,6.2299999999999995
2020-08-29T19:53:48+00:00,30.4,31.0,204.7,ADAPTIVE,37.2943280556,6.231999999999999
2020-08-29T19:53:52+00:00,30.4,31.0,204.5,ADAPTIVE,37.301124722199994,6.233
2020-08-29T19:53:56+00:00,30.4,31.0,204.6,ADAPTIVE,37.307891666699994,6.233
2020-08-29T19:54:00+00:00,30.4,31.0,204.6,ADAPTIVE,37.314654166699995,6.226
2020-08-29T19:54:03+00:00,30.3,31.0,204.6,ADAPTIVE,37.321439999999996,6.207
2020-08-29T19:54:07+00:00,30.4,31.0,204.6,ADAPTIVE,37.3281994444,6.233
2020-08-29T19:54:11+00:00,30.3,31.0,204.7,ADAPTIVE,37.334961666699996,6.2139999999999995
2020-08-29T19:54:15+00:00,30.3,31.0,204.6,ADAPTIVE,37.341754444399996,6.218999999999999
2020-08-29T19:54:19+00:00,30.3,31.0,204.8,ADAPTIVE,37.3485175,6.226999999999999
2020-08-29T19:54:23+00:00,30.4,31.0,204.6,ADAPTIVE,37.3553097222,6.236
2020-08-29T19:54:27+00:00,30.3,31.0,204.8,ADAPTIVE,37.36207388889999,6.231
2020-08-29T19:54:31+00:00,30.3,31.0,204.9,ADAPTIVE,37.368837777799996,6.217
2020-08-29T19:54:35+00:00,30.4,31.0,204.8,ADAPTIVE,37.3756016667,6.2459999999999996
2020-08-29T19:54:39+00:00,30.3,31.0,204.9,ADAPTIVE,37.3823633333,6.215
2020-08-29T19:54:43+00:00,30.3,31.0,204.8,ADAPTIVE,37.3891547222,6.215999999999999
2020-08-29T19:54:47+00:00,30.4,31.0,205.1,ADAPTIVE,37.3959225,6.242999999999999
2020-08-29T19:54:51+00:00,30.5,31.0,205.0,ADAPTIVE,37.4027236111,6.253
2020-08-29T19:54:55+00:00,30.4,31.0,204.8,ADAPTIVE,37.409494444399996,6.245
2020-08-29T19:54:59+00:00,30.4,31.0,204.8,ADAPTIVE,37.4162611111,6.2379999999999995
2020-08-29T19:55:03+00:00,30.3,31.0,205.0,ADAPTIVE,37.4230486111,6.225
2020-08-29T19:55:07+00:00,30.4,31.0,204.9,ADAPTIVE,37.4298086111,6.244
2020-08-29T19:55:10+00:00,30.4,31.0,204.9,ADAPTIVE,37.4365766667,6.233
2020-08-29T19:55:14+00:00,30.3,31.0,205.1,ADAPTIVE,37.4433761111,6.207
2020-08-29T19:55:18+00:00,30.4,31.0,204.7,ADAPTIVE,37.4501422222,6.239999999999999
2020-08-29T19:55:22+00:00,30.4,31.0,205.1,ADAPTIVE,37.4569077778,6.234
2020-08-29T19:55:26+00:00,30.3,31.0,204.9,ADAPTIVE,37.463699166699996,6.2219999999999995
2020-08-29T19:55:30+00:00,30.4,31.0,204.9,ADAPTIVE,37.4704633333,6.252
2020-08-29T19:55:34+00:00,30.4,31.0,204.9,ADAPTIVE,37.4772594444,6.239999999999999
2020-08-29T19:55:38+00:00,31.4,32.0,204.7,ADAPTIVE,37.4841630556,6.4399999999999995
2020-08-29T19:55:42+00:00,31.3,32.0,204.6,ADAPTIVE,37.4911491667,6.433999999999999
2020-08-29T19:55:46+00:00,31.4,32.0,204.3,ADAPTIVE,37.4981644444,6.4559999999999995
2020-08-29T19:55:50+00:00,31.3,32.0,204.7,ADAPTIVE,37.505142777799996,6.427
2020-08-29T19:55:54+00:00,31.3,32.0,204.7,ADAPTIVE,37.5121477778,6.433
2020-08-29T19:55:58+00:00,31.3,32.0,204.7,ADAPTIVE,37.519119166699994,6.418
2020-08-29T19:56:02+00:00,31.4,32.0,204.4,ADAPTIVE,37.5260905556,6.435
2020-08-29T19:56:06+00:00,31.3,32.0,204.6,ADAPTIVE,37.5330961111,6.43
2020-08-29T19:56:10+00:00,31.3,32.0,204.4,ADAPTIVE,37.5400744444,6.43
2020-08-29T19:56:14+00:00,31.4,32.0,204.6,ADAPTIVE,37.547084999999996,6.444999999999999
2020-08-29T19:56:17+00:00,31.3,32.0,204.5,ADAPTIVE,37.554063055600004,6.412
2020-08-29T19:56:21+00:00,31.3,32.0,204.4,ADAPTIVE,37.56103638889999,6.4239999999999995
2020-08-29T19:56:25+00:00,31.4,32.0,204.6,ADAPTIVE,37.5680388889,6.433
2020-08-29T19:56:29+00:00,31.4,32.0,204.6,ADAPTIVE,37.575015555600004,6.436999999999999
2020-08-29T19:56:33+00:00,31.4,32.0,204.7,ADAPTIVE,37.5819975,6.428999999999999
2020-08-29T19:56:37+00:00,31.4,32.0,204.5,ADAPTIVE,37.589011666699996,6.433
2020-08-29T19:56:41+00:00,31.4,32.0,204.7,ADAPTIVE,37.595988611100005,6.436
2020-08-29T19:56:45+00:00,31.3,32.0,204.7,ADAPTIVE,37.6029927778,6.425999999999999
2020-08-29T19:56:49+00:00,31.3,32.0,204.5,ADAPTIVE,37.6099644444,6.412999999999999
2020-08-29T19:56:53+00:00,31.3,32.0,204.7,ADAPTIVE,37.6169333333,6.4239999999999995
2020-08-29T19:56:57+00:00,31.4,32.0,204.6,ADAPTIVE,37.6239386111,6.436
2020-08-29T19:57:01+00:00,31.4,32.0,204.6,ADAPTIVE,37.6309183333,6.4319999999999995
2020-08-29T19:57:05+00:00,31.3,32.0,204.7,ADAPTIVE,37.6379263889,6.425999999999999
2020-08-29T19:57:09+00:00,31.4,32.0,204.5,ADAPTIVE,37.644905,6.441
2020-08-29T19:57:13+00:00,31.3,32.0,204.5,ADAPTIVE,37.6518827778,6.4239999999999995
2020-08-29T19:57:17+00:00,31.4,32.0,204.7,ADAPTIVE,37.6588833333,6.4399999999999995
2020-08-29T19:57:21+00:00,31.4,32.0,204.8,ADAPTIVE,37.6658575,6.435
2020-08-29T19:57:24+00:00,31.4,32.0,204.7,ADAPTIVE,37.6728652778,6.441999999999999
2020-08-29T19:57:28+00:00,31.3,32.0,204.8,ADAPTIVE,37.6798480556,6.428999999999999
2020-08-29T19:57:32+00:00,31.4,32.0,205.1,ADAPTIVE,37.686837499999996,6.444
2020-08-29T19:57:36+00:00,31.4,32.0,204.9,ADAPTIVE,37.693851944399995,6.451
2020-08-29T19:57:40+00:00,30.3,31.0,205.0,ADAPTIVE,37.7006747222,6.229
2020-08-29T19:57:44+00:00,30.3,31.0,205.0,ADAPTIVE,37.7074433333,6.234
2020-08-29T19:57:48+00:00,30.5,31.0,205.1,ADAPTIVE,37.714245,6.258
2020-08-29T19:57:52+00:00,30.3,31.0,205.2,ADAPTIVE,37.7210211111,6.234
2020-08-29T19:57:56+00:00,30.3,31.0,205.3,ADAPTIVE,37.7278272222,6.239999999999999
2020-08-29T19:58:00+00:00,30.3,31.0,205.1,ADAPTIVE,37.7346033333,6.242
2020-08-29T19:58:04+00:00,30.3,31.0,205.2,ADAPTIVE,37.741374444399995,6.233
2020-08-29T19:58:08+00:00,30.4,31.0,205.3,ADAPTIVE,37.7481727778,6.247999999999999
2020-08-29T19:58:12+00:00,30.4,31.0,205.2,ADAPTIVE,37.754947222199995,6.253
2020-08-29T19:58:16+00:00,30.5,31.0,205.1,ADAPTIVE,37.7617266667,6.263999999999999
2020-08-29T19:58:20+00:00,30.4,31.0,205.3,ADAPTIVE,37.7685280556,6.249
2020-08-29T19:58:24+00:00,30.2,31.0,205.2,ADAPTIVE,37.7752988889,6.210999999999999
2020-08-29T19:58:28+00:00,30.4,31.0,205.1,ADAPTIVE,37.7820666667,6.255
2020-08-29T19:58:31+00:00,30.4,31.0,205.2,ADAPTIVE,37.7888680556,6.249
2020-08-29T19:58:35+00:00,30.4,31.0,205.5,ADAPTIVE,37.7956483333,6.25
2020-08-29T19:58:39+00:00,31.4,32.0,205.0,ADAPTIVE,37.8024611111,6.454
2020-08-29T19:58:43+00:00,31.3,32.0,205.1,ADAPTIVE,37.8094472222,6.435
2020-08-29T19:58:47+00:00,31.4,32.0,205.0,ADAPTIVE,37.8164333333,6.465
2020-08-29T19:58:51+00:00,31.4,32.0,205.1,ADAPTIVE,37.8234533333,6.47
2020-08-29T19:58:55+00:00,31.2,32.0,205.1,ADAPTIVE,37.830451111100004,6.417
2020-08-29T19:58:59+00:00,31.3,32.0,205.1,ADAPTIVE,37.8374438889,6.452
2020-08-29T19:59:03+00:00,31.4,32.0,205.2,ADAPTIVE,37.84445888889999,6.46
2020-08-29T19:59:07+00:00,31.2,32.0,205.2,ADAPTIVE,37.85143944439999,6.428
2020-08-29T19:59:11+00:00,31.3,32.0,205.1,ADAPTIVE,37.8584272222,6.443
2020-08-29T19:59:15+00:00,31.3,32.0,205.3,ADAPTIVE,37.8654472222,6.444
2020-08-29T19:59:19+00:00,31.3,32.0,205.0,ADAPTIVE,37.872439444399994,6.439
2020-08-29T19:59:23+00:00,31.4,32.0,205.2,ADAPTIVE,37.8794583333,6.4559999999999995
2020-08-29T19:59:27+00:00,31.3,32.0,205.2,ADAPTIVE,37.886444999999995,6.433999999999999
2020-08-29T19:59:31+00:00,31.3,32.0,205.3,ADAPTIVE,37.893431666699996,6.43
2020-08-29T19:59:34+00:00,31.3,32.0,205.4,ADAPTIVE,37.900446944399995,6.439
2020-08-29T19:59:38+00:00,31.3,32.0,205.2,ADAPTIVE,37.907435,6.4479999999999995
2020-08-29T19:59:42+00:00,31.3,32.0,205.3,ADAPTIVE,37.91446,6.444
2020-08-29T19:59:46+00:00,31.3,32.0,205.3,ADAPTIVE,37.9214555556,6.4479999999999995
2020-08-29T19:59:50+00:00,31.4,32.0,205.3,ADAPTIVE,37.928454444399996,6.462
2020-08-29T19:59:54+00:00,31.3,32.0,205.3,ADAPTIVE,37.9354766667,6.444999999999999
2020-08-29T19:59:58+00:00,31.3,32.0,205.2,ADAPTIVE,37.9424705556,6.433999999999999
2020-08-29T20:00:02+00:00,31.3,32.0,205.2,ADAPTIVE,37.9494883333,6.436999999999999
2020-08-29T20:00:06+00:00,31.3,32.0,205.1,ADAPTIVE,37.9564716667,6.4399999999999995
2020-08-29T20:00:10+00:00,31.3,32.0,205.2,ADAPTIVE,37.9634827778,6.435
2020-08-29T20:00:14+00:00,31.2,32.0,205.2,ADAPTIVE,37.9704608333,6.422
2020-08-29T20:00:18+00:00,31.3,32.0,205.0,ADAPTIVE,37.9774413889,6.444999999999999
2020-08-29T20:00:22+00:00,31.4,32.0,205.4,ADAPTIVE,37.98446,6.460999999999999
2020-08-29T20:00:26+00:00,31.2,32.0,205.3,ADAPTIVE,37.9914494444,6.412999999999999
2020-08-29T20:00:30+00:00,31.2,32.0,205.3,ADAPTIVE,37.9984697222,6.428999999999999
2020-08-29T20:00:34+00:00,31.4,32.0,205.3,ADAPTIVE,38.0054605556,6.465999999999999
2020-08-29T20:00:38+00:00,31.4,32.0,205.2,ADAPTIVE,38.0124836111,6.457999999999999
2020-08-29T20:00:41+00:00,30.3,31.0,205.5,ADAPTIVE,38.0194483333,6.239999999999999
2020-08-29T20:00:45+00:00,30.3,31.0,205.6,ADAPTIVE,38.0262266667,6.239
2020-08-29T20:00:49+00:00,30.4,31.0,205.5,ADAPTIVE,38.0330302778,6.265
2020-08-29T20:00:53+00:00,30.2,31.0,205.5,ADAPTIVE,38.039802222199995,6.231
2020-08-29T20:00:57+00:00,30.2,31.0,205.4,ADAPTIVE,38.046601944399995,6.218
2020-08-29T20:01:01+00:00,30.4,31.0,205.5,ADAPTIVE,38.0533738889,6.252
2020-08-29T20:01:05+00:00,30.2,31.0,205.3,ADAPTIVE,38.0601547222,6.234999999999999
2020-08-29T20:01:09+00:00,30.1,31.0,205.9,ADAPTIVE,38.0669675,6.201
2020-08-29T20:01:13+00:00,30.4,31.0,205.6,ADAPTIVE,38.073744999999995,6.266
2020-08-29T20:01:17+00:00,30.2,31.0,205.6,ADAPTIVE,38.080518611100004,6.2219999999999995
2020-08-29T20:01:21+00:00,30.2,31.0,205.7,ADAPTIVE,38.087316944399994,6.225
2020-08-29T20:01:25+00:00,30.3,31.0,205.3,ADAPTIVE,38.0940905556,6.242
2020-08-29T20:01:29+00:00,30.4,31.0,205.8,ADAPTIVE,38.100891666699994,6.255
2020-08-29T20:01:33+00:00,30.3,31.0,205.5,ADAPTIVE,38.1076675,6.2379999999999995
2020-08-29T20:01:37+00:00,30.4,31.0,205.4,ADAPTIVE,38.11444444439999,6.269
2020-08-29T20:01:41+00:00,30.3,31.0,205.7,ADAPTIVE,38.121251944399994,6.234
2020-08-29T20:01:45+00:00,31.3,32.0,205.2,ADAPTIVE,38.128133611100004,6.438
2020-08-29T20:01:48+00:00,31.2,32.0,205.3,ADAPTIVE,38.135157777799996,6.420999999999999
2020-08-29T20:01:52+00:00,31.4,32.0,205.6,ADAPTIVE,38.1421480556,6.459
2020-08-29T20:01:56+00:00,31.2,32.0,205.4,ADAPTIVE,38.1491361111,6.4159999999999995
2020-08-29T20:02:00+00:00,31.2,32.0,205.3,ADAPTIVE,38.1561527778,6.425999999999999
2020-08-29T20:02:04+00:00,31.4,32.0,205.4,ADAPTIVE,38.163141944399996,6.46
2020-08-29T20:02:08+00:00,31.4,32.0,205.4,ADAPTIVE,38.170167777799996,6.459
2020-08-29T20:02:12+00:00,31.2,32.0,205.5,ADAPTIVE,38.1771638889,6.436
2020-08-29T20:02:16+00:00,31.3,32.0,205.5,ADAPTIVE,38.1841513889,6.441
2020-08-29T20:02:20+00:00,31.2,32.0,205.5,ADAPTIVE,38.1911630556,6.423
2020-08-29T20:02:24+00:00,31.2,32.0,205.5,ADAPTIVE,38.1981427778,6.425
2020-08-29T20:02:28+00:00,31.4,32.0,205.2,ADAPTIVE,38.2051272222,6.449999999999999
2020-08-29T20:02:32+00:00,31.4,32.0,205.3,ADAPTIVE,38.212141388899994,6.463
2020-08-29T20:02:36+00:00,31.3,32.0,205.4,ADAPTIVE,38.219131111100005,6.433
2020-08-29T20:02:40+00:00,31.3,32.0,205.3,ADAPTIVE,38.226156388899994,6.4399999999999995
2020-08-29T20:02:44+00:00,31.4,32.0,205.5,ADAPTIVE,38.2331461111,6.455
2020-08-29T20:02:48+00:00,30.2,31.0,205.4,ADAPTIVE,38.2399841667,6.218
2020-08-29T20:02:52+00:00,30.4,31.0,205.5,ADAPTIVE,38.2467813889,6.261
2020-08-29T20:02:55+00:00,30.3,31.0,205.6,ADAPTIVE,38.2535516667,6.2379999999999995
2020-08-29T20:02:59+00:00,30.3,31.0,205.4,ADAPTIVE,38.2603516667,6.247999999999999
2020-08-29T20:03:03+00:00,30.3,31.0,205.4,ADAPTIVE,38.2671275,6.247
2020-08-29T20:03:07+00:00,30.2,31.0,205.8,ADAPTIVE,38.273904722199994,6.226
2020-08-29T20:03:11+00:00,30.2,31.0,205.6,ADAPTIVE,38.28070138889999,6.221
2020-08-29T20:03:15+00:00,30.2,31.0,205.6,ADAPTIVE,38.287469444399996,6.217
2020-08-29T20:03:19+00:00,30.3,31.0,205.5,ADAPTIVE,38.2942594444,6.239999999999999
2020-08-29T20:03:23+00:00,30.3,31.0,205.8,ADAPTIVE,38.3010213889,6.233
2020-08-29T20:03:27+00:00,30.2,31.0,205.6,ADAPTIVE,38.307789444399994,6.234
2020-08-29T20:03:31+00:00,30.3,31.0,205.7,ADAPTIVE,38.3145902778,6.247999999999999
2020-08-29T20:03:35+00:00,30.3,31.0,205.7,ADAPTIVE,38.3213683333,6.239999999999999
2020-08-29T20:03:39+00:00,30.2,31.0,205.6,ADAPTIVE,38.3281738889,6.217
2020-08-29T20:03:43+00:00,30.4,31.0,205.5,ADAPTIVE,38.334946944399995,6.263
2020-08-29T20:03:47+00:00,31.3,32.0,205.5,ADAPTIVE,38.34173416669999,6.436
2020-08-29T20:03:51+00:00,31.1,32.0,205.5,ADAPTIVE,38.3487505556,6.4159999999999995
2020-08-29T20:03:55+00:00,31.4,32.0,205.3,ADAPTIVE,38.355705555600004,6.463
2020-08-29T20:03:59+00:00,31.4,32.0,205.4,ADAPTIVE,38.3627258333,6.457
2020-08-29T20:04:02+00:00,31.2,32.0,205.5,ADAPTIVE,38.3697177778,6.420999999999999
2020-08-29T20:04:06+00:00,31.3,32.0,205.4,ADAPTIVE,38.37671194439999,6.441999999999999
2020-08-29T20:04:10+00:00,31.4,32.0,205.6,ADAPTIVE,38.3837388889,6.463
2020-08-29T20:04:14+00:00,31.2,32.0,205.5,ADAPTIVE,38.3907322222,6.4319999999999995
2020-08-29T20:04:18+00:00,31.1,32.0,205.6,ADAPTIVE,38.397751666699996,6.420999999999999
2020-08-29T20:04:22+00:00,31.3,32.0,205.6,ADAPTIVE,38.4047430556,6.459
2020-08-29T20:04:26+00:00,31.2,32.0,205.7,ADAPTIVE,38.4117422222,6.436999999999999
2020-08-29T20:04:30+00:00,31.2,32.0,205.5,ADAPTIVE,38.418769999999995,6.431
2020-08-29T20:04:34+00:00,31.3,32.0,205.6,ADAPTIVE,38.4257719444,6.467
2020-08-29T20:04:38+00:00,31.2,32.0,205.6,ADAPTIVE,38.4327680556,6.438
2020-08-29T20:04:42+00:00,31.2,32.0,205.8,ADAPTIVE,38.4397913889,6.428999999999999
2020-08-29T20:04:46+00:00,31.4,32.0,205.6,ADAPTIVE,38.4468016667,6.467
2020-08-29T20:04:50+00:00,31.4,32.0,205.4,ADAPTIVE,38.4538463889,6.475
2020-08-29T20:04:54+00:00,31.1,32.0,205.8,ADAPTIVE,38.460844722199994,6.414
2020-08-29T20:04:58+00:00,31.3,32.0,206.0,ADAPTIVE,38.4678377778,6.465
2020-08-29T20:05:02+00:00,31.3,32.0,205.8,ADAPTIVE,38.4748669444,6.465999999999999
2020-08-29T20:05:06+00:00,31.1,32.0,206.1,ADAPTIVE,38.481866111100004,6.415
2020-08-29T20:05:09+00:00,31.1,32.0,206.0,ADAPTIVE,38.48888888889999,6.419
2020-08-29T20:05:13+00:00,31.3,32.0,206.2,ADAPTIVE,38.495876944399996,6.465
2020-08-29T20:05:17+00:00,31.3,32.0,205.8,ADAPTIVE,38.502886388899995,6.465
2020-08-29T20:05:21+00:00,31.4,32.0,206.0,ADAPTIVE,38.5099380556,6.476
2020-08-29T20:05:25+00:00,31.4,32.0,206.1,ADAPTIVE,38.5169602778,6.483
2020-08-29T20:05:29+00:00,31.3,32.0,206.0,ADAPTIVE,38.524013888899994,6.471
2020-08-29T20:05:33+00:00,31.4,32.0,205.8,ADAPTIVE,38.531034166699996,6.4799999999999995
2020-08-29T20:05:37+00:00,31.2,32.0,206.3,ADAPTIVE,38.5380577778,6.428999999999999
2020-08-29T20:05:41+00:00,31.3,32.0,206.1,ADAPTIVE,38.5450516667,6.4639999999999995
2020-08-29T20:05:45+00:00,31.3,32.0,205.9,ADAPTIVE,38.552046388899996,6.463
2020-08-29T20:05:49+00:00,31.3,32.0,205.7,ADAPTIVE,38.5590716667,6.452
2020-08-29T20:05:53+00:00,31.1,32.0,205.9,ADAPTIVE,38.5660697222,6.425
2020-08-29T20:05:57+00:00,31.2,32.0,206.0,ADAPTIVE,38.5730963889,6.428999999999999
2020-08-29T20:06:01+00:00,31.2,32.0,206.2,ADAPTIVE,38.5800908333,6.443
2020-08-29T20:06:05+00:00,31.3,32.0,206.0,ADAPTIVE,38.587112499999996,6.465999999999999
2020-08-29T20:06:09+00:00,31.2,32.0,206.1,ADAPTIVE,38.594101944399995,6.43
2020-08-29T20:06:13+00:00,31.3,32.0,206.1,ADAPTIVE,38.60109,6.460999999999999
2020-08-29T20:06:16+00:00,31.4,32.0,205.8,ADAPTIVE,38.6081191667,6.484
2020-08-29T20:06:20+00:00,31.3,32.0,205.9,ADAPTIVE,38.615137499999996,6.468
2020-08-29T20:06:24+00:00,31.4,32.0,205.9,ADAPTIVE,38.6221908333,6.467
2020-08-29T20:06:28+00:00,31.3,32.0,206.1,ADAPTIVE,38.6292119444,6.465999999999999
2020-08-29T20:06:32+00:00,31.3,32.0,206.0,ADAPTIVE,38.636242222199996,6.46
2020-08-29T20:06:36+00:00,31.2,32.0,206.0,ADAPTIVE,38.6432383333,6.4479999999999995
2020-08-29T20:06:40+00:00,31.1,32.0,206.4,ADAPTIVE,38.6502294444,6.422
2020-08-29T20:06:44+00:00,31.3,32.0,206.1,ADAPTIVE,38.6572580556,6.451
2020-08-29T20:06:48+00:00,31.3,32.0,205.9,ADAPTIVE,38.6642497222,6.467
2020-08-29T20:06:52+00:00,31.2,32.0,205.9,ADAPTIVE,38.6712761111,6.436
2020-08-29T20:06:56+00:00,31.2,32.0,206.4,ADAPTIVE,38.6782666667,6.4479999999999995
2020-08-29T20:07:00+00:00,31.2,32.0,206.4,ADAPTIVE,38.68529194439999,6.457999999999999
2020-08-29T20:07:04+00:00,31.1,32.0,206.4,ADAPTIVE,38.69228388889999,6.4319999999999995
2020-08-29T20:07:08+00:00,31.2,32.0,206.2,ADAPTIVE,38.699311944399994,6.452999999999999
2020-08-29T20:07:12+00:00,31.3,32.0,206.1,ADAPTIVE,38.7063136111,6.475
2020-08-29T20:07:16+00:00,31.1,32.0,206.5,ADAPTIVE,38.713312222199995,6.433
2020-08-29T20:07:19+00:00,31.2,32.0,206.2,ADAPTIVE,38.720345,6.4479999999999995
2020-08-29T20:07:23+00:00,31.3,32.0,206.3,ADAPTIVE,38.7273527778,6.4719999999999995
2020-08-29T20:07:27+00:00,31.3,32.0,206.2,ADAPTIVE,38.7343941667,6.473999999999999
2020-08-29T20:07:31+00:00,31.4,32.0,206.3,ADAPTIVE,38.74139388889999,6.47
2020-08-29T20:07:35+00:00,31.3,32.0,206.2,ADAPTIVE,38.7484280556,6.462
2020-08-29T20:07:39+00:00,31.1,32.0,206.2,ADAPTIVE,38.7554244444,6.423
2020-08-29T20:07:43+00:00,31.2,32.0,206.6,ADAPTIVE,38.7624475,6.439
2020-08-29T20:07:47+00:00,31.3,32.0,206.4,ADAPTIVE,38.7694397222,6.467
2020-08-29T20:07:51+00:00,31.4,32.0,206.3,ADAPTIVE,38.7764625,6.483
2020-08-29T20:07:55+00:00,31.4,32.0,206.2,ADAPTIVE,38.78352388889999,6.486
2020-08-29T20:07:59+00:00,31.3,32.0,206.2,ADAPTIVE,38.7905552778,6.484
2020-08-29T20:08:03+00:00,31.4,32.0,206.3,ADAPTIVE,38.7976177778,6.492999999999999
2020-08-29T20:08:07+00:00,31.1,32.0,206.6,ADAPTIVE,38.80463638889999,6.433
2020-08-29T20:08:11+00:00,31.3,32.0,206.7,ADAPTIVE,38.8116352778,6.479
2020-08-29T20:08:15+00:00,31.3,32.0,206.2,ADAPTIVE,38.8186630556,6.481
2020-08-29T20:08:19+00:00,31.1,32.0,206.6,ADAPTIVE,38.8256663889,6.436
2020-08-29T20:08:23+00:00,31.1,32.0,206.2,ADAPTIVE,38.8326972222,6.439
2020-08-29T20:08:26+00:00,31.2,32.0,206.5,ADAPTIVE,38.8396955556,6.444
2020-08-29T20:08:30+00:00,31.2,32.0,206.4,ADAPTIVE,38.8467241667,6.449999999999999
2020-08-29T20:08:34+00:00,31.3,32.0,206.4,ADAPTIVE,38.853719166699996,6.463
2020-08-29T20:08:38+00:00,31.3,32.0,206.1,ADAPTIVE,38.860746666699995,6.473
2020-08-29T20:08:42+00:00,31.1,32.0,206.3,ADAPTIVE,38.8677430556,6.4319999999999995
2020-08-29T20:08:46+00:00,31.4,32.0,206.2,ADAPTIVE,38.87474388889999,6.487
2020-08-29T20:08:50+00:00,31.4,32.0,206.3,ADAPTIVE,38.8818086111,6.491
2020-08-29T20:08:54+00:00,31.4,32.0,206.3,ADAPTIVE,38.8888472222,6.486
2020-08-29T20:08:58+00:00,31.1,32.0,206.3,ADAPTIVE,38.8959102778,6.423
2020-08-29T20:09:02+00:00,31.4,32.0,206.3,ADAPTIVE,38.90291,6.492999999999999
2020-08-29T20:09:06+00:00,31.1,32.0,206.6,ADAPTIVE,38.9099141667,6.428999999999999
2020-08-29T20:09:10+00:00,31.2,32.0,206.3,ADAPTIVE,38.9169425,6.452
2020-08-29T20:09:14+00:00,31.3,32.0,206.2,ADAPTIVE,38.923950277799996,6.479
2020-08-29T20:09:18+00:00,31.4,32.0,206.2,ADAPTIVE,38.930987222199995,6.487
2020-08-29T20:09:22+00:00,31.4,32.0,206.4,ADAPTIVE,38.9380508333,6.486
2020-08-29T20:09:26+00:00,31.3,32.0,206.5,ADAPTIVE,38.945088611100005,6.4799999999999995
2020-08-29T20:09:30+00:00,31.4,32.0,206.5,ADAPTIVE,38.9521580556,6.484999999999999
2020-08-29T20:09:33+00:00,31.3,32.0,206.5,ADAPTIVE,38.9591786111,6.4799999999999995
2020-08-29T20:09:37+00:00,31.1,32.0,206.4,ADAPTIVE,38.9662288889,6.438
2020-08-29T20:09:41+00:00,31.3,32.0,206.5,ADAPTIVE,38.9732225,6.4639999999999995
2020-08-29T20:09:45+00:00,31.2,32.0,206.5,ADAPTIVE,38.980245,6.444
2020-08-29T20:09:49+00:00,31.2,32.0,206.5,ADAPTIVE,38.9872377778,6.460999999999999
2020-08-29T20:09:53+00:00,31.1,32.0,206.3,ADAPTIVE,38.9942297222,6.431
2020-08-29T20:09:57+00:00,31.1,32.0,206.7,ADAPTIVE,39.001261666699996,6.446
2020-08-29T20:10:01+00:00,31.2,32.0,206.5,ADAPTIVE,39.0082605556,6.457
2020-08-29T20:10:05+00:00,31.2,32.0,206.5,ADAPTIVE,39.0152855556,6.468999999999999
2020-08-29T20:10:09+00:00,31.2,32.0,206.5,ADAPTIVE,39.0222858333,6.46
2020-08-29T20:10:13+00:00,31.1,32.0,206.5,ADAPTIVE,39.029322222199994,6.441999999999999
2020-08-29T20:10:17+00:00,31.1,32.0,206.4,ADAPTIVE,39.036311666699994,6.425999999999999
2020-08-29T20:10:21+00:00,31.1,32.0,206.7,ADAPTIVE,39.0433302778,6.441
2020-08-29T20:10:25+00:00,31.4,32.0,206.5,ADAPTIVE,39.050327222199996,6.487
2020-08-29T20:10:29+00:00,31.1,32.0,206.4,ADAPTIVE,39.0573275,6.451
2020-08-29T20:10:33+00:00,31.2,32.0,206.6,ADAPTIVE,39.0643555556,6.441
2020-08-29T20:10:37+00:00,31.0,32.0,206.5,ADAPTIVE,39.071355,6.422
2020-08-29T20:10:40+00:00,31.1,32.0,206.5,ADAPTIVE,39.0783816667,6.419
2020-08-29T20:10:44+00:00,31.4,32.0,206.1,ADAPTIVE,39.0853838889,6.4959999999999996
2020-08-29T20:10:48+00:00,31.4,32.0,206.2,ADAPTIVE,39.0924505556,6.484
2020-08-29T20:10:52+00:00,31.4,32.0,206.3,ADAPTIVE,39.0994925,6.489999999999999
2020-08-29T20:10:56+00:00,31.4,32.0,206.6,ADAPTIVE,39.1065677778,6.489999999999999
2020-08-29T20:11:00+00:00,31.4,32.0,206.6,ADAPTIVE,39.1136127778,6.507
2020-08-29T20:11:04+00:00,31.3,32.0,206.4,ADAPTIVE,39.120681666699994,6.475
2020-08-29T20:11:08+00:00,31.3,32.0,206.6,ADAPTIVE,39.1276911111,6.468
2020-08-29T20:11:12+00:00,31.2,32.0,206.3,ADAPTIVE,39.134719722199996,6.465999999999999
2020-08-29T20:11:16+00:00,31.2,32.0,206.5,ADAPTIVE,39.1417175,6.452
2020-08-29T20:11:20+00:00,31.2,32.0,206.4,ADAPTIVE,39.1487447222,6.462
2020-08-29T20:11:24+00:00,31.1,32.0,206.2,ADAPTIVE,39.15574,6.428
2020-08-29T20:11:28+00:00,31.3,32.0,206.5,ADAPTIVE,39.162738888899995,6.4719999999999995
2020-08-29T20:11:32+00:00,31.2,32.0,206.4,ADAPTIVE,39.1697683333,6.473999999999999
2020-08-29T20:11:36+00:00,31.1,32.0,206.3,ADAPTIVE,39.1767636111,6.418
2020-08-29T20:11:40+00:00,31.0,32.0,206.3,ADAPTIVE,39.1837877778,6.415
2020-08-29T20:11:44+00:00,31.4,32.0,206.4,ADAPTIVE,39.190791388899996,6.492
2020-08-29T20:11:47+00:00,31.4,32.0,206.4,ADAPTIVE,39.1978255556,6.492
2020-08-29T20:11:51+00:00,31.4,32.0,206.4,ADAPTIVE,39.2048925,6.484
2020-08-29T20:11:55+00:00,31.4,32.0,206.5,ADAPTIVE,39.2119305556,6.486
2020-08-29T20:11:59+00:00,30.4,31.0,206.5,ADAPTIVE,39.2189777778,6.2909999999999995
2020-08-29T20:12:03+00:00,30.1,31.0,206.4,ADAPTIVE,39.2257602778,6.225
2020-08-29T20:12:07+00:00,30.1,31.0,206.4,ADAPTIVE,39.2325713889,6.239
2020-08-29T20:12:11+00:00,30.2,31.0,206.4,ADAPTIVE,39.2393558333,6.269
2020-08-29T20:12:15+00:00,30.3,31.0,206.7,ADAPTIVE,39.2461441667,6.2669999999999995
2020-08-29T20:12:19+00:00,30.1,31.0,206.6,ADAPTIVE,39.252956388899996,6.247
2020-08-29T20:12:23+00:00,30.1,31.0,206.4,ADAPTIVE,39.2597375,6.233
2020-08-29T20:12:27+00:00,30.2,31.0,206.3,ADAPTIVE,39.2665444444,6.242999999999999
2020-08-29T20:12:31+00:00,30.4,31.0,206.4,ADAPTIVE,39.2733366667,6.286
2020-08-29T20:12:35+00:00,30.4,31.0,206.5,ADAPTIVE,39.2801569444,6.279
2020-08-29T20:12:39+00:00,30.4,31.0,206.6,ADAPTIVE,39.287006666699995,6.289
2020-08-29T20:12:43+00:00,30.1,31.0,206.5,ADAPTIVE,39.29382,6.237
2020-08-29T20:12:47+00:00,30.2,31.0,206.6,ADAPTIVE,39.3006272222,6.252
2020-08-29T20:12:51+00:00,30.2,31.0,206.3,ADAPTIVE,39.3074083333,6.2459999999999996
2020-08-29T20:12:54+00:00,30.3,31.0,206.3,ADAPTIVE,39.3141863889,6.27
2020-08-29T20:12:58+00:00,30.4,31.0,206.6,ADAPTIVE,39.3210336111,6.279999999999999
2020-08-29T20:13:02+00:00,30.6,32.0,206.4,ADAPTIVE,39.327853888899995,6.3149999999999995
2020-08-29T20:13:06+00:00,31.1,32.0,206.2,ADAPTIVE,39.3348380556,6.433
2020-08-29T20:13:10+00:00,31.2,32.0,206.2,ADAPTIVE,39.3418711111,6.444
2020-08-29T20:13:14+00:00,31.3,32.0,206.4,ADAPTIVE,39.3488677778,6.460999999999999
2020-08-29T20:13:18+00:00,31.4,32.0,206.3,ADAPTIVE,39.3559155556,6.476999999999999
2020-08-29T20:13:22+00:00,31.2,32.0,206.2,ADAPTIVE,39.362946944399994,6.452999999999999
2020-08-29T20:13:26+00:00,31.2,32.0,206.2,ADAPTIVE,39.3699455556,6.451
2020-08-29T20:13:30+00:00,31.1,32.0,206.4,ADAPTIVE,39.3769761111,6.415
2020-08-29T20:13:34+00:00,31.3,32.0,206.2,ADAPTIVE,39.38397222219999,6.468
2020-08-29T20:13:38+00:00,31.3,32.0,206.3,ADAPTIVE,39.3910027778,6.471
2020-08-29T20:13:42+00:00,31.2,32.0,206.0,ADAPTIVE,39.3980608333,6.436
2020-08-29T20:13:46+00:00,31.3,32.0,206.4,ADAPTIVE,39.4050580556,6.468
2020-08-29T20:13:50+00:00,31.1,32.0,206.3,ADAPTIVE,39.4120605556,6.439
2020-08-29T20:13:54+00:00,31.2,32.0,206.2,ADAPTIVE,39.41908694439999,6.447
2020-08-29T20:13:57+00:00,31.3,32.0,206.2,ADAPTIVE,39.426089999999995,6.468
2020-08-29T20:14:01+00:00,31.3,32.0,206.3,ADAPTIVE,39.433151944399995,6.462
2020-08-29T20:14:05+00:00,31.3,32.0,206.5,ADAPTIVE,39.4401825,6.4719999999999995
2020-08-29T20:14:09+00:00,31.1,32.0,206.3,ADAPTIVE,39.4471786111,6.435
2020-08-29T20:14:13+00:00,31.2,32.0,206.4,ADAPTIVE,39.4542088889,6.441999999999999
2020-08-29T20:14:17+00:00,31.2,32.0,206.6,ADAPTIVE,39.461203611100004,6.457999999999999
2020-08-29T20:14:21+00:00,31.4,32.0,206.5,ADAPTIVE,39.4681783333,6.487
2020-08-29T20:14:25+00:00,31.4,32.0,206.3,ADAPTIVE,39.475241111100004,6.489
2020-08-29T20:14:29+00:00,31.3,32.0,206.3,ADAPTIVE,39.4822733333,6.479
2020-08-29T20:14:33+00:00,31.4,32.0,206.2,ADAPTIVE,39.4893375,6.473
2020-08-29T20:14:37+00:00,31.2,32.0,206.6,ADAPTIVE,39.49634388889999,6.4559999999999995
2020-08-29T20:14:41+00:00,31.1,32.0,206.4,ADAPTIVE,39.5033702778,6.428999999999999
2020-08-29T20:14:45+00:00,31.1,32.0,206.0,ADAPTIVE,39.510366388899996,6.436
2020-08-29T20:14:49+00:00,31.3,32.0,206.3,ADAPTIVE,39.517365,6.473999999999999
2020-08-29T20:14:53+00:00,31.3,32.0,206.2,ADAPTIVE,39.5243966667,6.471
2020-08-29T20:14:57+00:00,31.1,32.0,206.3,ADAPTIVE,39.5313958333,6.422
2020-08-29T20:15:01+00:00,31.3,32.0,206.3,ADAPTIVE,39.5384177778,6.459
2020-08-29T20:15:04+00:00,31.4,32.0,206.1,ADAPTIVE,39.5454366667,6.476
2020-08-29T20:15:08+00:00,31.3,32.0,206.0,ADAPTIVE,39.5524547222,6.467
2020-08-29T20:15:12+00:00,31.3,32.0,206.1,ADAPTIVE,39.559486666699996,6.471
2020-08-29T20:15:16+00:00,31.1,32.0,206.2,ADAPTIVE,39.5664844444,6.427
2020-08-29T20:15:20+00:00,31.4,32.0,206.1,ADAPTIVE,39.57351,6.489
2020-08-29T20:15:24+00:00,31.2,32.0,206.1,ADAPTIVE,39.5805655556,6.4479999999999995
2020-08-29T20:15:28+00:00,31.3,32.0,206.1,ADAPTIVE,39.587564444399995,6.465
2020-08-29T20:15:32+00:00,31.2,32.0,206.1,ADAPTIVE,39.5945666667,6.441
2020-08-29T20:15:36+00:00,31.1,32.0,206.0,ADAPTIVE,39.60159,6.4319999999999995
2020-08-29T20:15:40+00:00,31.4,32.0,206.0,ADAPTIVE,39.6085988889,6.476
2020-08-29T20:15:44+00:00,31.4,32.0,206.3,ADAPTIVE,39.6156255556,6.484999999999999
2020-08-29T20:15:48+00:00,31.2,32.0,206.2,ADAPTIVE,39.6226622222,6.439
2020-08-29T20:15:52+00:00,31.2,32.0,206.1,ADAPTIVE,39.6296622222,6.451
2020-08-29T20:15:56+00:00,31.3,32.0,206.2,ADAPTIVE,39.6366919444,6.460999999999999
2020-08-29T20:16:00+00:00,31.1,32.0,206.3,ADAPTIVE,39.6436875,6.427
2020-08-29T20:16:04+00:00,31.3,32.0,206.0,ADAPTIVE,39.6506808333,6.455
2020-08-29T20:16:08+00:00,31.2,32.0,206.2,ADAPTIVE,39.65770416669999,6.439
2020-08-29T20:16:11+00:00,30.2,31.0,206.4,ADAPTIVE,39.6645011111,6.247999999999999
2020-08-29T20:16:15+00:00,30.3,31.0,206.3,ADAPTIVE,39.6713027778,6.257
2020-08-29T20:16:19+00:00,30.1,31.0,206.4,ADAPTIVE,39.67808,6.231
2020-08-29T20:16:23+00:00,30.4,31.0,206.4,ADAPTIVE,39.6848930556,6.27
2020-08-29T20:16:27+00:00,30.4,31.0,206.0,ADAPTIVE,39.6917080556,6.262
2020-08-29T20:16:31+00:00,30.4,31.0,206.2,ADAPTIVE,39.6985208333,6.276
2020-08-29T20:16:35+00:00,30.2,31.0,206.1,ADAPTIVE,39.70534,6.25
2020-08-29T20:16:39+00:00,30.3,31.0,206.2,ADAPTIVE,39.7121277778,6.261
2020-08-29T20:16:43+00:00,30.2,31.0,206.4,ADAPTIVE,39.718937499999996,6.233
2020-08-29T20:16:47+00:00,30.3,31.0,206.3,ADAPTIVE,39.7257133333,6.2589999999999995
2020-08-29T20:16:51+00:00,30.4,31.0,206.0,ADAPTIVE,39.7325211111,6.277
2020-08-29T20:16:55+00:00,30.2,31.0,206.3,ADAPTIVE,39.7393558333,6.252
2020-08-29T20:16:59+00:00,30.3,31.0,206.1,ADAPTIVE,39.7461372222,6.253
2020-08-29T20:17:03+00:00,30.3,31.0,206.1,ADAPTIVE,39.7529461111,6.258
2020-08-29T20:17:07+00:00,30.1,31.0,206.5,ADAPTIVE,39.7597266667,6.217
2020-08-29T20:17:11+00:00,30.4,31.0,206.1,ADAPTIVE,39.766518611100004,6.278
2020-08-29T20:17:15+00:00,30.4,31.0,206.3,ADAPTIVE,39.77335944439999,6.279
2020-08-29T20:17:18+00:00,30.2,31.0,206.0,ADAPTIVE,39.780151111100004,6.25
2020-08-29T20:17:22+00:00,30.3,31.0,206.1,ADAPTIVE,39.786935,6.253
2020-08-29T20:17:26+00:00,30.2,31.0,206.0,ADAPTIVE,39.7937427778,6.2299999999999995
2020-08-29T20:17:30+00:00,30.4,31.0,206.2,ADAPTIVE,39.80053444439999,6.287
2020-08-29T20:17:34+00:00,30.3,31.0,205.9,ADAPTIVE,39.807339999999996,6.253
2020-08-29T20:17:38+00:00,30.1,31.0,205.8,ADAPTIVE,39.8141555556,6.2219999999999995
2020-08-29T20:17:42+00:00,30.3,31.0,206.3,ADAPTIVE,39.8209366667,6.2459999999999996
2020-08-29T20:17:46+00:00,30.2,31.0,206.0,ADAPTIVE,39.8277166667,6.234999999999999
2020-08-29T20:17:50+00:00,30.2,31.0,206.1,ADAPTIVE,39.8345233333,6.234999999999999
2020-08-29T20:17:54+00:00,30.3,31.0,205.9,ADAPTIVE,39.84129694439999,6.261
2020-08-29T20:17:58+00:00,30.4,31.0,206.0,ADAPTIVE,39.848105,6.287999999999999
2020-08-29T20:18:02+00:00,30.3,31.0,206.0,ADAPTIVE,39.8549080556,6.269
2020-08-29T20:18:06+00:00,30.4,31.0,205.9,ADAPTIVE,39.8617452778,6.279999999999999
2020-08-29T20:18:10+00:00,30.4,31.0,206.1,ADAPTIVE,39.8685544444,6.287
2020-08-29T20:18:14+00:00,31.3,32.0,205.8,ADAPTIVE,39.8753697222,6.46
2020-08-29T20:18:18+00:00,31.3,32.0,205.8,ADAPTIVE,39.8824127778,6.462
2020-08-29T20:18:22+00:00,31.1,32.0,205.7,ADAPTIVE,39.8894072222,6.425
2020-08-29T20:18:25+00:00,31.4,32.0,205.8,ADAPTIVE,39.8964352778,6.465
2020-08-29T20:18:29+00:00,31.2,32.0,206.0,ADAPTIVE,39.9034347222,6.444
2020-08-29T20:18:33+00:00,31.2,32.0,205.9,ADAPTIVE,39.9104291667,6.436
2020-08-29T20:18:37+00:00,31.2,32.0,206.1,ADAPTIVE,39.9174505556,6.441
2020-08-29T20:18:41+00:00,31.3,32.0,205.8,ADAPTIVE,39.9244377778,6.47
2020-08-29T20:18:45+00:00,31.3,32.0,205.6,ADAPTIVE,39.9314647222,6.457
2020-08-29T20:18:49+00:00,31.3,32.0,205.7,ADAPTIVE,39.9384741667,6.460999999999999
2020-08-29T20:18:53+00:00,31.4,32.0,205.6,ADAPTIVE,39.945522499999996,6.481
2020-08-29T20:18:57+00:00,31.4,32.0,205.8,ADAPTIVE,39.952539444399996,6.476
2020-08-29T20:19:01+00:00,31.3,32.0,205.7,ADAPTIVE,39.9595788889,6.462
2020-08-29T20:19:05+00:00,31.3,32.0,206.0,ADAPTIVE,39.9665916667,6.462
2020-08-29T20:19:09+00:00,31.3,32.0,205.9,ADAPTIVE,39.9736052778,6.4559999999999995
2020-08-29T20:19:13+00:00,31.3,32.0,205.8,ADAPTIVE,39.980649444399994,6.457
2020-08-29T20:19:17+00:00,31.3,32.0,205.8,ADAPTIVE,39.9876522222,6.460999999999999
2020-08-29T20:19:21+00:00,31.2,32.0,205.9,ADAPTIVE,39.9946733333,6.454
2020-08-29T20:19:25+00:00,31.3,32.0,205.8,ADAPTIVE,40.001658055600004,6.4479999999999995
2020-08-29T20:19:29+00:00,31.2,32.0,205.9,ADAPTIVE,40.0086702778,6.441999999999999
2020-08-29T20:19:32+00:00,31.1,32.0,205.6,ADAPTIVE,40.015657499999996,6.418
2020-08-29T20:19:36+00:00,31.1,32.0,205.5,ADAPTIVE,40.0226697222,6.412
2020-08-29T20:19:40+00:00,31.3,32.0,205.8,ADAPTIVE,40.0296644444,6.452999999999999
2020-08-29T20:19:44+00:00,31.3,32.0,205.8,ADAPTIVE,40.0367058333,6.467
2020-08-29T20:19:48+00:00,31.3,32.0,205.6,ADAPTIVE,40.043713888899994,6.4319999999999995
2020-08-29T20:19:52+00:00,31.3,32.0,205.5,ADAPTIVE,40.0507063889,6.4399999999999995
2020-08-29T20:19:56+00:00,31.3,32.0,205.6,ADAPTIVE,40.057732222199995,6.465999999999999
2020-08-29T20:20:00+00:00,31.1,32.0,205.8,ADAPTIVE,40.0647283333,6.4159999999999995
2020-08-29T20:20:04+00:00,31.3,32.0,205.9,ADAPTIVE,40.07171638889999,6.4559999999999995
2020-08-29T20:20:08+00:00,31.4,32.0,205.8,ADAPTIVE,40.0787597222,6.476
2020-08-29T20:20:12+00:00,31.2,32.0,205.7,ADAPTIVE,40.0857511111,6.4239999999999995
2020-08-29T20:20:16+00:00,31.4,32.0,205.8,ADAPTIVE,40.092779444399994,6.462
2020-08-29T20:20:20+00:00,31.3,32.0,205.9,ADAPTIVE,40.0997811111,6.455
2020-08-29T20:20:24+00:00,31.2,32.0,205.9,ADAPTIVE,40.106776111100004,6.425
2020-08-29T20:20:28+00:00,31.2,32.0,205.9,ADAPTIVE,40.1137933333,6.436
2020-08-29T20:20:32+00:00,31.2,32.0,205.7,ADAPTIVE,40.1207822222,6.441
2020-08-29T20:20:36+00:00,31.4,32.0,205.8,ADAPTIVE,40.127799166699994,6.478
2020-08-29T20:20:39+00:00,31.2,32.0,205.9,ADAPTIVE,40.134784166699994,6.425999999999999
2020-08-29T20:20:43+00:00,31.1,32.0,205.8,ADAPTIVE,40.1418008333,6.425999999999999
2020-08-29T20:20:47+00:00,31.3,32.0,205.7,ADAPTIVE,40.1487891667,6.454
2020-08-29T20:20:51+00:00,31.2,32.0,205.7,ADAPTIVE,40.1557886111,6.436
2020-08-29T20:20:55+00:00,31.2,32.0,205.6,ADAPTIVE,40.162809166699994,6.422
2020-08-29T20:20:59+00:00,31.4,32.0,205.6,ADAPTIVE,40.1698047222,6.476999999999999
2020-08-29T20:21:03+00:00,31.2,32.0,205.7,ADAPTIVE,40.1768030556,6.431
2020-08-29T20:21:07+00:00,31.2,32.0,205.7,ADAPTIVE,40.1838258333,6.425999999999999
2020-08-29T20:21:11+00:00,31.3,32.0,205.8,ADAPTIVE,40.1908358333,6.455
2020-08-29T20:21:15+00:00,31.3,32.0,205.8,ADAPTIVE,40.1978625,6.449999999999999
2020-08-29T20:21:19+00:00,31.3,32.0,205.7,ADAPTIVE,40.204857499999996,6.4479999999999995
2020-08-29T20:21:23+00:00,31.3,32.0,205.7,ADAPTIVE,40.211857222199995,6.449999999999999
2020-08-29T20:21:27+00:00,31.3,32.0,205.5,ADAPTIVE,40.2188877778,6.462
2020-08-29T20:21:31+00:00,31.2,32.0,205.6,ADAPTIVE,40.2258805556,6.436999999999999
2020-08-29T20:21:35+00:00,31.3,32.0,205.6,ADAPTIVE,40.232869444399995,6.443
2020-08-29T20:21:39+00:00,31.4,32.0,205.5,ADAPTIVE,40.2399025,6.465999999999999
2020-08-29T20:21:43+00:00,31.3,32.0,205.7,ADAPTIVE,40.2468958333,6.449999999999999
2020-08-29T20:21:46+00:00,31.4,32.0,205.5,ADAPTIVE,40.2539238889,6.460999999999999
2020-08-29T20:21:50+00:00,31.1,32.0,205.9,ADAPTIVE,40.2609208333,6.41
2020-08-29T20:21:54+00:00,31.2,32.0,205.3,ADAPTIVE,40.267911666699995,6.435
2020-08-29T20:21:58+00:00,31.3,32.0,205.7,ADAPTIVE,40.2749355556,6.4399999999999995
2020-08-29T20:22:02+00:00,31.3,32.0,205.3,ADAPTIVE,40.281935,6.4479999999999995
2020-08-29T20:22:06+00:00,31.2,32.0,205.3,ADAPTIVE,40.2889313889,6.417
2020-08-29T20:22:10+00:00,31.2,32.0,205.6,ADAPTIVE,40.295949444399994,6.436
2020-08-29T20:22:14+00:00,31.4,32.0,205.6,ADAPTIVE,40.3029425,6.463
2020-08-29T20:22:18+00:00,0.3,32.0,210.7,IDLE,40.3097175,0.006
2020-08-29T20:22:22+00:00,0.0,31.0,210.4,NOT CHARGING,40.3097180556,0.0
2020-08-29T20:22:26+00:00,0.0,31.0,210.5,NOT CHARGING,40.3097180556,0.0
2020-08-29T20:22:30+00:00,0.0,31.0,210.6,NOT CHARGING,40.3097180556,0.0
2020-08-29T20:22:34+00:00,0.0,31.0,210.5,NOT CHARGING,40.3097180556,0.0
2020-08-29T20:22:38+00:00,0.0,31.0,210.3,NOT CHARGING,40.3097180556,0.0
2020-08-29T20:22:42+00:00,0.0,31.0,210.4,NOT CHARGING,40.3097180556,0.0
2020-08-29T20:22:46+00:00,0.0,31.0,210.5,NOT CHARGING,40.3097180556,0.0
2020-08-29T20:22:49+00:00,0.0,31.0,210.4,NOT CHARGING,40.3097180556,0.0
2020-08-29T20:22:53+00:00,0.0,31.0,210.4,NOT CHARGING,40.3097180556,0.0
2020-08-29T20:22:57+00:00,0.0,31.0,210.2,NOT CHARGING,40.3097180556,0.0
2020-08-29T20:23:01+00:00,0.0,31.0,210.4,NOT CHARGING,40.3097180556,0.0
2020-08-29T20:23:05+00:00,0.0,31.0,210.4,NOT CHARGING,40.3097180556,0.0
2020-08-29T20:23:09+00:00,0.0,31.0,210.4,NOT CHARGING,40.3097180556,0.0
2020-08-29T20:23:13+00:00,0.0,31.0,210.2,NOT CHARGING,40.3097180556,0.0
2020-08-29T20:23:17+00:00,0.0,31.0,210.5,NOT CHARGING,40.3097180556,0.0
2020-08-29T20:23:21+00:00,0.0,31.0,210.6,NOT CHARGING,40.3097180556,0.0
2020-08-29T20:23:25+00:00,0.0,32.0,210.4,NOT CHARGING,40.3097180556,0.0
2020-08-29T20:23:29+00:00,0.0,32.0,210.3,NOT CHARGING,40.3097180556,0.0
2020-08-29T20:23:33+00:00,0.0,32.0,210.6,NOT CHARGING,40.3097180556,0.0
2020-08-29T20:23:37+00:00,0.0,32.0,210.6,NOT CHARGING,40.3097180556,0.0
2020-08-29T20:23:41+00:00,0.0,32.0,210.1,NOT CHARGING,40.3097180556,0.0
2020-08-29T20:23:45+00:00,0.0,32.0,210.5,NOT CHARGING,40.3097180556,0.0
2020-08-29T20:23:49+00:00,0.0,32.0,210.3,NOT CHARGING,40.3097180556,0.0
2020-08-29T20:23:53+00:00,0.0,32.0,210.4,NOT CHARGING,40.3097180556,0.0
2020-08-29T20:23:56+00:00,0.0,32.0,210.4,NOT CHARGING,40.3097180556,0.0
2020-08-29T20:24:00+00:00,0.0,32.0,210.3,NOT CHARGING,40.3097180556,0.0
2020-08-29T20:24:04+00:00,0.0,32.0,210.7,NOT CHARGING,40.3097180556,0.0
2020-08-29T20:24:08+00:00,0.0,32.0,210.6,NOT CHARGING,40.3097180556,0.0
2020-08-29T20:24:12+00:00,0.0,32.0,210.3,NOT CHARGING,40.3097180556,0.0
2020-08-29T20:24:16+00:00,0.0,32.0,210.4,NOT CHARGING,40.3097180556,0.0
2020-08-29T20:24:20+00:00,0.0,32.0,210.3,NOT CHARGING,40.3097180556,0.0
2020-08-29T20:24:24+00:00,0.0,32.0,210.5,NOT CHARGING,40.3097180556,0.0
2020-08-29T20:24:28+00:00,0.0,32.0,210.4,NOT CHARGING,40.3097180556,0.0
2020-08-29T20:24:32+00:00,0.0,32.0,210.5,NOT CHARGING,40.3097180556,0.0
2020-08-29T20:24:36+00:00,0.0,32.0,210.3,NOT CHARGING,40.3097180556,0.0
2020-08-29T20:24:40+00:00,0.0,32.0,210.3,NOT CHARGING,40.3097180556,0.0
2020-08-29T20:24:44+00:00,0.0,32.0,210.1,NOT CHARGING,40.3097180556,0.0
2020-08-29T20:24:48+00:00,0.0,32.0,210.0,NOT CHARGING,40.3097180556,0.0
2020-08-29T20:24:52+00:00,0.0,32.0,210.4,NOT CHARGING,40.3097180556,0.0
2020-08-29T20:24:56+00:00,0.0,32.0,210.3,NOT CHARGING,40.3097180556,0.0
2020-08-29T20:25:00+00:00,0.0,32.0,210.3,NOT CHARGING,40.3097180556,0.0
2020-08-29T20:25:03+00:00,0.0,32.0,210.4,NOT CHARGING,40.3097180556,0.0
2020-08-29T20:25:07+00:00,0.0,32.0,210.5,NOT CHARGING,40.3097180556,0.0
2020-08-29T20:25:11+00:00,0.0,32.0,210.4,NOT CHARGING,40.3097180556,0.0
2020-08-29T20:25:15+00:00,0.0,32.0,210.4,NOT CHARGING,40.3097180556,0.0
2020-08-29T20:25:19+00:00,0.0,32.0,210.6,NOT CHARGING,40.3097180556,0.0
2020-08-29T20:25:23+00:00,0.0,32.0,210.4,NOT CHARGING,40.3097180556,0.0
2020-08-29T20:25:27+00:00,0.0,32.0,210.3,NOT CHARGING,40.3097180556,0.0
2020-08-29T20:25:31+00:00,0.0,32.0,210.4,NOT CHARGING,40.3097180556,0.0
2020-08-29T20:25:35+00:00,0.0,32.0,210.3,NOT CHARGING,40.3097180556,0.0
2020-08-29T20:25:39+00:00,0.0,32.0,210.5,NOT CHARGING,40.3097180556,0.0
2020-08-29T20:25:43+00:00,0.0,32.0,210.2,NOT CHARGING,40.3097180556,0.0
2020-08-29T20:25:47+00:00,0.0,32.0,210.3,NOT CHARGING,40.3097180556,0.0
2020-08-29T20:25:51+00:00,0.0,32.0,210.3,NOT CHARGING,40.3097180556,0.0
2020-08-29T20:25:55+00:00,0.0,32.0,210.5,NOT CHARGING,40.3097180556,0.0
2020-08-29T20:25:59+00:00,0.0,32.0,210.1,NOT CHARGING,40.3097180556,0.0
2020-08-29T20:26:03+00:00,0.0,32.0,210.1,NOT CHARGING,40.3097180556,0.0
2020-08-29T20:26:07+00:00,0.0,32.0,210.1,NOT CHARGING,40.3097180556,0.0
2020-08-29T20:26:10+00:00,0.0,32.0,210.1,NOT CHARGING,40.3097180556,0.0
2020-08-29T20:26:14+00:00,0.0,32.0,210.3,NOT CHARGING,40.3097180556,0.0
2020-08-29T20:26:18+00:00,0.0,32.0,210.2,NOT CHARGING,40.3097180556,0.0
2020-08-29T20:26:22+00:00,0.0,32.0,210.4,NOT CHARGING,40.3097180556,0.0
2020-08-29T20:26:26+00:00,0.0,8.0,210.3,NOT CHARGING,40.3097180556,0.0
2020-08-29T20:26:30+00:00,0.0,8.0,210.4,NOT CHARGING,40.3097180556,0.0
2020-08-29T20:26:34+00:00,0.0,8.0,210.4,NOT CHARGING,40.3097180556,0.0
2020-08-29T20:26:38+00:00,0.0,8.0,210.4,NOT CHARGING,40.3097180556,0.0
2020-08-29T20:26:42+00:00,0.0,8.0,210.2,NOT CHARGING,40.3097180556,0.0
2020-08-29T20:26:46+00:00,0.0,8.0,210.2,NOT CHARGING,40.3097180556,0.0
2020-08-29T20:26:50+00:00,0.0,8.0,210.1,NOT CHARGING,40.3097180556,0.0
2020-08-29T20:26:54+00:00,0.0,8.0,210.0,NOT CHARGING,40.3097180556,0.0
2020-08-29T20:26:58+00:00,0.0,8.0,210.1,NOT CHARGING,40.3097180556,0.0
2020-08-29T20:27:02+00:00,0.0,8.0,210.0,NOT CHARGING,40.3097180556,0.0
2020-08-29T20:27:06+00:00,0.0,8.0,210.1,NOT CHARGING,40.3097180556,0.0
2020-08-29T20:27:10+00:00,0.0,8.0,209.9,NOT CHARGING,40.3097180556,0.0
2020-08-29T20:27:13+00:00,0.0,8.0,210.1,NOT CHARGING,40.3097180556,0.0
2020-08-29T20:27:17+00:00,0.0,8.0,210.0,NOT CHARGING,40.3097180556,0.0
2020-08-29T20:27:21+00:00,0.0,8.0,210.0,NOT CHARGING,40.3097180556,0.0
2020-08-29T20:27:25+00:00,0.0,8.0,209.9,NOT CHARGING,40.3097180556,0.0
2020-08-29T20:27:29+00:00,0.0,8.0,210.3,NOT CHARGING,40.3097180556,0.0
2020-08-29T20:27:33+00:00,0.0,8.0,210.1,NOT CHARGING,40.3097180556,0.0
2020-08-29T20:27:37+00:00,0.0,8.0,209.9,NOT CHARGING,40.3097180556,0.0
2020-08-29T20:27:41+00:00,0.0,8.0,210.4,NOT CHARGING,40.3097180556,0.0
2020-08-29T20:27:45+00:00,0.0,8.0,210.0,NOT CHARGING,40.3097180556,0.0
2020-08-29T20:27:49+00:00,0.0,8.0,210.2,NOT CHARGING,40.3097180556,0.0
2020-08-29T20:27:53+00:00,0.0,8.0,210.1,NOT CHARGING,40.3097180556,0.0
2020-08-29T20:27:57+00:00,0.0,8.0,210.0,NOT CHARGING,40.3097180556,0.0
2020-08-29T20:28:01+00:00,0.0,8.0,210.1,NOT CHARGING,40.3097180556,0.0
2020-08-29T20:28:05+00:00,0.0,8.0,210.0,NOT CHARGING,40.3097180556,0.0
2020-08-29T20:28:09+00:00,0.0,8.0,210.0,NOT CHARGING,40.3097180556,0.0
2020-08-29T20:28:13+00:00,0.0,8.0,210.1,NOT CHARGING,40.3097180556,0.0
2020-08-29T20:28:17+00:00,0.0,8.0,210.0,NOT CHARGING,40.3097180556,0.0
2020-08-29T20:28:21+00:00,0.0,8.0,210.1,NOT CHARGING,40.3097180556,0.0
2020-08-29T20:28:24+00:00,0.0,8.0,210.0,NOT CHARGING,40.3097180556,0.0
2020-08-29T20:28:28+00:00,0.0,8.0,209.9,NOT CHARGING,40.3097180556,0.0
2020-08-29T20:28:32+00:00,0.0,8.0,210.0,NOT CHARGING,40.3097180556,0.0
2020-08-29T20:28:36+00:00,0.0,8.0,210.2,NOT CHARGING,40.3097180556,0.0
2020-08-29T20:28:40+00:00,0.0,8.0,210.1,NOT CHARGING,40.3097180556,0.0
2020-08-29T20:28:44+00:00,0.0,8.0,210.0,NOT CHARGING,40.3097180556,0.0
2020-08-29T20:28:48+00:00,0.0,8.0,210.2,NOT CHARGING,40.3097180556,0.0
2020-08-29T20:28:52+00:00,0.0,8.0,210.1,NOT CHARGING,40.3097180556,0.0
2020-08-29T20:28:56+00:00,0.0,8.0,210.0,NOT CHARGING,40.3097180556,0.0
2020-08-29T20:29:00+00:00,0.0,8.0,209.9,NOT CHARGING,40.3097180556,0.0
2020-08-29T20:29:04+00:00,0.0,8.0,209.8,NOT CHARGING,40.3097180556,0.0
2020-08-29T20:29:08+00:00,0.0,8.0,210.0,NOT CHARGING,40.3097180556,0.0
2020-08-29T20:29:12+00:00,0.0,8.0,210.1,NOT CHARGING,40.3097180556,0.0
2020-08-29T20:29:16+00:00,0.0,8.0,209.8,NOT CHARGING,40.3097180556,0.0
2020-08-29T20:29:20+00:00,0.0,8.0,210.0,NOT CHARGING,40.3097180556,0.0
2020-08-29T20:29:24+00:00,0.0,8.0,210.2,NOT CHARGING,40.3097180556,0.0
2020-08-29T20:29:28+00:00,0.0,8.0,209.8,NOT CHARGING,40.3097180556,0.0
2020-08-29T20:29:31+00:00,0.0,8.0,209.9,NOT CHARGING,40.3097180556,0.0
2020-08-29T20:29:35+00:00,0.0,8.0,210.1,NOT CHARGING,40.3097180556,0.0
2020-08-29T20:29:39+00:00,0.0,8.0,210.0,NOT CHARGING,40.3097180556,0.0
2020-08-29T20:29:43+00:00,0.0,8.0,210.0,NOT CHARGING,40.3097180556,0.0
2020-08-29T20:29:47+00:00,0.0,8.0,210.0,NOT CHARGING,40.3097180556,0.0
2020-08-29T20:29:51+00:00,0.0,8.0,209.8,NOT CHARGING,40.3097180556,0.0
2020-08-29T20:29:55+00:00,0.0,8.0,209.7,NOT CHARGING,40.3097180556,0.0
2020-08-29T20:29:59+00:00,0.0,8.0,209.9,NOT CHARGING,40.3097180556,0.0
2020-08-29T20:30:03+00:00,0.0,8.0,209.8,NOT CHARGING,40.3097180556,0.0
2020-08-29T20:30:07+00:00,0.0,8.0,209.8,NOT CHARGING,40.3097180556,0.0
2020-08-29T20:30:11+00:00,0.0,8.0,210.0,NOT CHARGING,40.3097180556,0.0
2020-08-29T20:30:15+00:00,0.0,8.0,210.0,NOT CHARGING,40.3097180556,0.0
2020-08-29T20:30:19+00:00,0.0,8.0,210.1,NOT CHARGING,40.3097180556,0.0
2020-08-29T20:30:23+00:00,0.0,8.0,210.0,NOT CHARGING,40.3097180556,0.0
2020-08-29T20:30:27+00:00,0.0,8.0,210.0,NOT CHARGING,40.3097180556,0.0
2020-08-29T20:30:31+00:00,0.0,8.0,209.8,NOT CHARGING,40.3097180556,0.0
2020-08-29T20:30:35+00:00,0.0,8.0,210.6,NOT CHARGING,40.3097180556,0.0
2020-08-29T20:30:38+00:00,0.0,8.0,210.8,NOT CHARGING,40.3097180556,0.0
2020-08-29T20:30:42+00:00,0.0,8.0,210.7,NOT CHARGING,40.3097180556,0.0
2020-08-29T20:30:46+00:00,0.0,8.0,210.8,NOT CHARGING,40.3097180556,0.0
2020-08-29T20:30:50+00:00,0.0,8.0,210.5,NOT CHARGING,40.3097180556,0.0
2020-08-29T20:30:54+00:00,0.0,8.0,210.8,NOT CHARGING,40.3097180556,0.0
2020-08-29T20:30:58+00:00,0.0,8.0,210.7,NOT CHARGING,40.3097180556,0.0
2020-08-29T20:31:02+00:00,0.0,8.0,210.7,NOT CHARGING,40.3097180556,0.0
2020-08-29T20:31:06+00:00,0.0,8.0,210.6,NOT CHARGING,40.3097180556,0.0
2020-08-29T20:31:10+00:00,0.0,8.0,210.9,NOT CHARGING,40.3097180556,0.0
2020-08-29T20:31:14+00:00,0.0,8.0,210.8,NOT CHARGING,40.3097180556,0.0
2020-08-29T20:31:18+00:00,0.0,8.0,210.8,NOT CHARGING,40.3097180556,0.0
2020-08-29T20:31:22+00:00,0.0,8.0,210.8,NOT CHARGING,40.3097180556,0.0
2020-08-29T20:31:26+00:00,0.0,8.0,210.7,NOT CHARGING,40.3097180556,0.0
2020-08-29T20:31:30+00:00,0.0,8.0,211.0,NOT CHARGING,40.3097180556,0.0
2020-08-29T20:31:34+00:00,0.0,8.0,210.5,NOT CHARGING,40.3097180556,0.0
2020-08-29T20:31:38+00:00,0.0,8.0,210.7,NOT CHARGING,40.3097180556,0.0
2020-08-29T20:31:41+00:00,0.0,8.0,210.6,NOT CHARGING,40.3097180556,0.0
2020-08-29T20:31:45+00:00,0.0,8.0,211.0,NOT CHARGING,40.3097180556,0.0
2020-08-29T20:31:49+00:00,0.0,8.0,210.7,NOT CHARGING,40.3097180556,0.0
2020-08-29T20:31:53+00:00,0.0,8.0,210.9,NOT CHARGING,40.3097180556,0.0
2020-08-29T20:31:57+00:00,0.0,8.0,210.8,NOT CHARGING,40.3097180556,0.0
2020-08-29T20:32:01+00:00,0.0,8.0,210.5,NOT CHARGING,40.3097180556,0.0
2020-08-29T20:32:05+00:00,0.0,8.0,210.7,NOT CHARGING,40.3097180556,0.0
2020-08-29T20:32:09+00:00,0.0,8.0,210.8,NOT CHARGING,40.3097180556,0.0
2020-08-29T20:32:13+00:00,0.0,8.0,210.8,NOT CHARGING,40.3097180556,0.0
2020-08-29T20:32:17+00:00,0.0,8.0,210.9,NOT CHARGING,40.3097180556,0.0
2020-08-29T20:32:21+00:00,0.0,8.0,210.7,NOT CHARGING,40.3097180556,0.0
2020-08-29T20:32:25+00:00,0.0,8.0,210.2,NOT CHARGING,40.3097180556,0.0
2020-08-29T20:32:29+00:00,0.0,8.0,210.6,NOT CHARGING,40.3097180556,0.0
2020-08-29T20:32:33+00:00,0.0,8.0,210.8,NOT CHARGING,40.3097180556,0.0
2020-08-29T20:32:37+00:00,0.0,8.0,210.6,NOT CHARGING,40.3097180556,0.0
2020-08-29T20:32:41+00:00,0.0,8.0,210.8,NOT CHARGING,40.3097180556,0.0
2020-08-29T20:32:45+00:00,0.0,8.0,210.2,NOT CHARGING,40.3097180556,0.0
2020-08-29T20:32:48+00:00,0.0,8.0,210.3,NOT CHARGING,40.3097180556,0.0
2020-08-29T20:32:52+00:00,0.0,8.0,210.3,NOT CHARGING,40.3097180556,0.0
2020-08-29T20:32:56+00:00,0.0,8.0,210.7,NOT CHARGING,40.3097180556,0.0
2020-08-29T20:33:00+00:00,0.0,8.0,210.7,NOT CHARGING,40.3097180556,0.0
2020-08-29T20:33:04+00:00,0.0,8.0,210.7,NOT CHARGING,40.3097180556,0.0
2020-08-29T20:33:08+00:00,0.0,8.0,210.6,NOT CHARGING,40.3097180556,0.0
2020-08-29T20:33:12+00:00,0.0,8.0,210.8,NOT CHARGING,40.3097180556,0.0
2020-08-29T20:33:16+00:00,0.0,8.0,211.0,NOT CHARGING,40.3097180556,0.0
2020-08-29T20:33:20+00:00,0.0,8.0,210.9,NOT CHARGING,40.3097180556,0.0
2020-08-29T20:33:24+00:00,0.0,8.0,210.5,NOT CHARGING,40.3097180556,0.0
2020-08-29T20:33:28+00:00,0.0,8.0,210.6,NOT CHARGING,40.3097180556,0.0
2020-08-29T20:33:32+00:00,0.0,8.0,210.4,NOT CHARGING,40.3097180556,0.0
2020-08-29T20:33:36+00:00,0.0,8.0,210.8,NOT CHARGING,40.3097180556,0.0
2020-08-29T20:33:40+00:00,0.0,8.0,210.5,NOT CHARGING,40.3097180556,0.0
2020-08-29T20:33:44+00:00,0.0,8.0,210.6,NOT CHARGING,40.3097180556,0.0
2020-08-29T20:33:48+00:00,0.0,8.0,210.8,NOT CHARGING,40.3097180556,0.0
2020-08-29T20:33:52+00:00,0.0,8.0,210.5,NOT CHARGING,40.3097180556,0.0
2020-08-29T20:33:55+00:00,0.0,8.0,210.6,NOT CHARGING,40.3097180556,0.0
2020-08-29T20:33:59+00:00,0.0,8.0,210.8,NOT CHARGING,40.3097180556,0.0
2020-08-29T20:34:03+00:00,0.0,8.0,210.6,NOT CHARGING,40.3097180556,0.0
2020-08-29T20:34:07+00:00,0.0,8.0,210.5,NOT CHARGING,40.3097180556,0.0
2020-08-29T20:34:11+00:00,0.0,8.0,210.8,NOT CHARGING,40.3097180556,0.0
2020-08-29T20:34:15+00:00,0.0,8.0,210.7,NOT CHARGING,40.3097180556,0.0
2020-08-29T20:34:19+00:00,0.0,8.0,210.6,NOT CHARGING,40.3097180556,0.0
2020-08-29T20:34:23+00:00,0.0,8.0,210.7,NOT CHARGING,40.3097180556,0.0
2020-08-29T20:34:27+00:00,0.0,8.0,210.8,NOT CHARGING,40.3097180556,0.0
2020-08-29T20:34:31+00:00,0.0,8.0,210.7,NOT CHARGING,40.3097180556,0.0
2020-08-29T20:34:35+00:00,0.0,8.0,211.0,NOT CHARGING,40.3097180556,0.0
2020-08-29T20:34:39+00:00,0.0,8.0,210.9,NOT CHARGING,40.3097180556,0.0
2020-08-29T20:34:43+00:00,0.0,8.0,210.8,NOT CHARGING,40.3097180556,0.0
2020-08-29T20:34:47+00:00,0.0,8.0,210.9,NOT CHARGING,40.3097180556,0.0
2020-08-29T20:34:51+00:00,0.0,8.0,210.8,NOT CHARGING,40.3097180556,0.0
2020-08-29T20:34:55+00:00,0.0,8.0,210.8,NOT CHARGING,40.3097180556,0.0
2020-08-29T20:34:59+00:00,0.0,8.0,210.7,NOT CHARGING,40.3097180556,0.0
2020-08-29T20:35:02+00:00,0.0,8.0,210.9,NOT CHARGING,40.3097180556,0.0
2020-08-29T20:35:06+00:00,0.0,8.0,210.8,NOT CHARGING,40.3097180556,0.0
2020-08-29T20:35:10+00:00,0.0,8.0,211.0,NOT CHARGING,40.3097180556,0.0
2020-08-29T20:35:14+00:00,0.0,8.0,210.5,NOT CHARGING,40.3097180556,0.0
2020-08-29T20:35:18+00:00,0.0,8.0,210.6,NOT CHARGING,40.3097180556,0.0
2020-08-29T20:35:22+00:00,0.0,8.0,210.6,NOT CHARGING,40.3097180556,0.0
2020-08-29T20:35:26+00:00,0.0,8.0,210.8,NOT CHARGING,40.3097180556,0.0
2020-08-29T20:35:30+00:00,0.0,8.0,210.9,NOT CHARGING,40.3097180556,0.0
2020-08-29T20:35:34+00:00,0.0,8.0,210.6,NOT CHARGING,40.3097180556,0.0
2020-08-29T20:35:38+00:00,0.0,8.0,210.7,NOT CHARGING,40.3097180556,0.0
2020-08-29T20:35:42+00:00,0.0,8.0,210.8,NOT CHARGING,40.3097180556,0.0
2020-08-29T20:35:46+00:00,0.0,8.0,210.7,NOT CHARGING,40.3097180556,0.0
2020-08-29T20:35:50+00:00,0.0,8.0,210.9,NOT CHARGING,40.3097180556,0.0
2020-08-29T20:35:54+00:00,0.0,8.0,210.5,NOT CHARGING,40.3097180556,0.0
2020-08-29T20:35:58+00:00,0.0,8.0,210.7,NOT CHARGING,40.3097180556,0.0
2020-08-29T20:36:02+00:00,0.0,8.0,210.6,NOT CHARGING,40.3097180556,0.0
2020-08-29T20:36:06+00:00,0.0,8.0,210.6,NOT CHARGING,40.3097180556,0.0
2020-08-29T20:36:09+00:00,0.0,8.0,210.5,NOT CHARGING,40.3097180556,0.0
2020-08-29T20:36:13+00:00,0.0,8.0,210.7,NOT CHARGING,40.3097180556,0.0
2020-08-29T20:36:17+00:00,0.0,8.0,210.5,NOT CHARGING,40.3097180556,0.0
2020-08-29T20:36:21+00:00,0.0,8.0,210.6,NOT CHARGING,40.3097180556,0.0
2020-08-29T20:36:25+00:00,0.0,8.0,210.8,NOT CHARGING,40.3097180556,0.0
2020-08-29T20:36:29+00:00,0.0,8.0,210.8,NOT CHARGING,40.3097180556,0.0
2020-08-29T20:36:33+00:00,0.0,8.0,210.6,NOT CHARGING,40.3097180556,0.0
2020-08-29T20:36:37+00:00,0.0,8.0,210.9,NOT CHARGING,40.3097180556,0.0
2020-08-29T20:36:41+00:00,0.0,8.0,210.8,NOT CHARGING,40.3097180556,0.0
2020-08-29T20:36:45+00:00,0.0,8.0,210.7,NOT CHARGING,40.3097180556,0.0
2020-08-29T20:36:49+00:00,0.0,8.0,210.4,NOT CHARGING,40.3097180556,0.0
2020-08-29T20:36:53+00:00,0.0,8.0,210.6,NOT CHARGING,40.3097180556,0.0
2020-08-29T20:36:57+00:00,0.0,8.0,210.6,NOT CHARGING,40.3097180556,0.0
2020-08-29T20:37:01+00:00,0.0,8.0,210.6,NOT CHARGING,40.3097180556,0.0
2020-08-29T20:37:05+00:00,0.0,8.0,210.5,NOT CHARGING,40.3097180556,0.0
2020-08-29T20:37:09+00:00,0.0,8.0,210.2,NOT CHARGING,40.3097180556,0.0
2020-08-29T20:37:12+00:00,0.0,8.0,210.8,NOT CHARGING,40.3097180556,0.0
2020-08-29T20:37:16+00:00,0.0,8.0,210.5,NOT CHARGING,40.3097180556,0.0
2020-08-29T20:37:20+00:00,0.0,8.0,210.6,NOT CHARGING,40.3097180556,0.0
2020-08-29T20:37:24+00:00,0.0,8.0,210.7,NOT CHARGING,40.3097180556,0.0
2020-08-29T20:37:28+00:00,0.0,8.0,210.4,NOT CHARGING,40.3097180556,0.0
2020-08-29T20:37:32+00:00,0.0,8.0,210.8,NOT CHARGING,40.3097180556,0.0
2020-08-29T20:37:36+00:00,0.0,8.0,210.5,NOT CHARGING,40.3097180556,0.0
2020-08-29T20:37:40+00:00,0.0,8.0,210.7,NOT CHARGING,40.3097180556,0.0
2020-08-29T20:37:44+00:00,0.0,8.0,210.9,NOT CHARGING,40.3097180556,0.0
2020-08-29T20:37:48+00:00,0.0,8.0,210.7,NOT CHARGING,40.3097180556,0.0
2020-08-29T20:37:52+00:00,0.0,8.0,210.5,NOT CHARGING,40.3097180556,0.0
2020-08-29T20:37:56+00:00,0.0,8.0,210.5,NOT CHARGING,40.3097180556,0.0
2020-08-29T20:38:00+00:00,0.0,8.0,210.8,NOT CHARGING,40.3097180556,0.0
2020-08-29T20:38:04+00:00,0.0,8.0,210.7,NOT CHARGING,40.3097180556,0.0
2020-08-29T20:38:08+00:00,0.0,8.0,210.8,NOT CHARGING,40.3097180556,0.0
2020-08-29T20:38:12+00:00,0.0,8.0,210.6,NOT CHARGING,40.3097180556,0.0
2020-08-29T20:38:16+00:00,0.0,8.0,210.7,NOT CHARGING,40.3097180556,0.0
2020-08-29T20:38:20+00:00,0.0,8.0,210.7,NOT CHARGING,40.3097180556,0.0
2020-08-29T20:38:23+00:00,0.0,8.0,210.7,NOT CHARGING,40.3097180556,0.0
2020-08-29T20:38:27+00:00,0.0,8.0,210.9,NOT CHARGING,40.3097180556,0.0
2020-08-29T20:38:31+00:00,0.0,8.0,210.9,NOT CHARGING,40.3097180556,0.0
2020-08-29T20:38:35+00:00,0.0,8.0,210.7,NOT CHARGING,40.3097180556,0.0
2020-08-29T20:38:39+00:00,0.0,8.0,210.3,NOT CHARGING,40.3097180556,0.0
2020-08-29T20:38:43+00:00,0.0,8.0,210.5,NOT CHARGING,40.3097180556,0.0
2020-08-29T20:38:47+00:00,0.0,8.0,210.6,NOT CHARGING,40.3097180556,0.0
2020-08-29T20:38:51+00:00,0.0,8.0,210.6,NOT CHARGING,40.3097180556,0.0
2020-08-29T20:38:55+00:00,0.0,8.0,210.4,NOT CHARGING,40.3097180556,0.0
2020-08-29T20:38:59+00:00,0.0,8.0,210.6,NOT CHARGING,40.3097180556,0.0
2020-08-29T20:39:03+00:00,0.0,8.0,210.6,NOT CHARGING,40.3097180556,0.0
2020-08-29T20:39:07+00:00,0.0,8.0,210.7,NOT CHARGING,40.3097180556,0.0
2020-08-29T20:39:11+00:00,0.0,8.0,210.4,NOT CHARGING,40.3097180556,0.0
2020-08-29T20:39:15+00:00,0.0,8.0,210.6,NOT CHARGING,40.3097180556,0.0
2020-08-29T20:39:19+00:00,0.0,8.0,210.8,NOT CHARGING,40.3097180556,0.0
2020-08-29T20:39:23+00:00,0.0,8.0,210.5,NOT CHARGING,40.3097180556,0.0
2020-08-29T20:39:27+00:00,0.0,8.0,210.5,NOT CHARGING,40.3097180556,0.0
2020-08-29T20:39:30+00:00,0.0,8.0,210.7,NOT CHARGING,40.3097180556,0.0
2020-08-29T20:39:34+00:00,0.0,8.0,210.7,NOT CHARGING,40.3097180556,0.0
2020-08-29T20:39:38+00:00,0.0,8.0,210.5,NOT CHARGING,40.3097180556,0.0
2020-08-29T20:39:42+00:00,0.0,8.0,210.7,NOT CHARGING,40.3097180556,0.0
2020-08-29T20:39:46+00:00,0.0,8.0,210.6,NOT CHARGING,40.3097180556,0.0
2020-08-29T20:39:50+00:00,0.0,8.0,210.5,NOT CHARGING,40.3097180556,0.0
2020-08-29T20:39:54+00:00,0.0,8.0,210.6,NOT CHARGING,40.3097180556,0.0
2020-08-29T20:39:58+00:00,0.0,8.0,210.6,NOT CHARGING,40.3097180556,0.0
2020-08-29T20:40:02+00:00,0.0,8.0,210.3,NOT CHARGING,40.3097180556,0.0
2020-08-29T20:40:06+00:00,0.0,8.0,210.4,NOT CHARGING,40.3097180556,0.0
2020-08-29T20:40:10+00:00,0.0,8.0,210.6,NOT CHARGING,40.3097180556,0.0
2020-08-29T20:40:14+00:00,0.0,8.0,210.6,NOT CHARGING,40.3097180556,0.0
2020-08-29T20:40:18+00:00,0.0,8.0,210.7,NOT CHARGING,40.3097180556,0.0
2020-08-29T20:40:22+00:00,0.0,8.0,210.5,NOT CHARGING,40.3097180556,0.0
2020-08-29T20:40:26+00:00,0.0,8.0,210.8,NOT CHARGING,40.3097180556,0.0
2020-08-29T20:40:30+00:00,0.0,8.0,210.4,NOT CHARGING,40.3097180556,0.0
2020-08-29T20:40:33+00:00,0.0,8.0,210.6,NOT CHARGING,40.3097180556,0.0
2020-08-29T20:40:37+00:00,0.0,8.0,210.5,NOT CHARGING,40.3097180556,0.0
2020-08-29T20:40:41+00:00,0.0,8.0,210.6,NOT CHARGING,40.3097180556,0.0
2020-08-29T20:40:45+00:00,0.0,8.0,210.5,NOT CHARGING,40.3097180556,0.0
2020-08-29T20:40:49+00:00,0.0,8.0,210.3,NOT CHARGING,40.3097180556,0.0
2020-08-29T20:40:53+00:00,0.0,8.0,210.4,NOT CHARGING,40.3097180556,0.0
2020-08-29T20:40:57+00:00,0.0,8.0,210.5,NOT CHARGING,40.3097180556,0.0
2020-08-29T20:41:01+00:00,0.0,8.0,210.1,NOT CHARGING,40.3097180556,0.0
2020-08-29T20:41:05+00:00,0.0,8.0,210.1,NOT CHARGING,40.3097180556,0.0
2020-08-29T20:41:09+00:00,0.0,8.0,210.5,NOT CHARGING,40.3097180556,0.0
2020-08-29T20:41:13+00:00,0.0,8.0,210.3,NOT CHARGING,40.3097180556,0.0
2020-08-29T20:41:17+00:00,0.0,8.0,210.2,NOT CHARGING,40.3097180556,0.0
2020-08-29T20:41:21+00:00,0.0,8.0,210.5,NOT CHARGING,40.3097180556,0.0
2020-08-29T20:41:25+00:00,0.0,8.0,210.4,NOT CHARGING,40.3097180556,0.0
2020-08-29T20:41:29+00:00,0.0,8.0,210.6,NOT CHARGING,40.3097180556,0.0
2020-08-29T20:41:33+00:00,0.0,8.0,210.3,NOT CHARGING,40.3097180556,0.0
2020-08-29T20:41:37+00:00,0.0,8.0,210.6,NOT CHARGING,40.3097180556,0.0
2020-08-29T20:41:40+00:00,0.0,8.0,210.3,NOT CHARGING,40.3097180556,0.0
2020-08-29T20:41:44+00:00,0.0,8.0,210.4,NOT CHARGING,40.3097180556,0.0
2020-08-29T20:41:48+00:00,0.0,8.0,210.1,NOT CHARGING,40.3097180556,0.0
2020-08-29T20:41:52+00:00,0.0,8.0,210.2,NOT CHARGING,40.3097180556,0.0
2020-08-29T20:41:56+00:00,0.0,8.0,210.4,NOT CHARGING,40.3097180556,0.0
2020-08-29T20:42:00+00:00,0.0,8.0,210.2,NOT CHARGING,40.3097180556,0.0
2020-08-29T20:42:04+00:00,0.0,8.0,210.1,NOT CHARGING,40.3097180556,0.0
2020-08-29T20:42:08+00:00,0.0,8.0,210.2,NOT CHARGING,40.3097180556,0.0
2020-08-29T20:42:12+00:00,0.0,8.0,210.3,NOT CHARGING,40.3097180556,0.0
2020-08-29T20:42:16+00:00,0.0,8.0,210.3,NOT CHARGING,40.3097180556,0.0
2020-08-29T20:42:20+00:00,0.0,8.0,210.2,NOT CHARGING,40.3097180556,0.0
2020-08-29T20:42:24+00:00,0.0,8.0,210.3,NOT CHARGING,40.3097180556,0.0
2020-08-29T20:42:28+00:00,0.0,8.0,210.3,NOT CHARGING,40.3097180556,0.0
2020-08-29T20:42:32+00:00,0.0,8.0,210.0,NOT CHARGING,40.3097180556,0.0
2020-08-29T20:42:36+00:00,0.0,8.0,210.1,NOT CHARGING,40.3097180556,0.0
2020-08-29T20:42:40+00:00,0.0,8.0,210.2,NOT CHARGING,40.3097180556,0.0
2020-08-29T20:42:44+00:00,0.0,8.0,210.2,NOT CHARGING,40.3097180556,0.0
2020-08-29T20:42:47+00:00,0.0,8.0,210.5,NOT CHARGING,40.3097180556,0.0
2020-08-29T20:42:51+00:00,0.0,8.0,210.3,NOT CHARGING,40.3097180556,0.0
2020-08-29T20:42:55+00:00,0.0,8.0,210.3,NOT CHARGING,40.3097180556,0.0
2020-08-29T20:42:59+00:00,0.0,8.0,210.3,NOT CHARGING,40.3097180556,0.0
2020-08-29T20:43:03+00:00,0.0,8.0,210.4,NOT CHARGING,40.3097180556,0.0
2020-08-29T20:43:07+00:00,0.0,8.0,210.2,NOT CHARGING,40.3097180556,0.0
2020-08-29T20:43:11+00:00,0.0,8.0,210.1,NOT CHARGING,40.3097180556,0.0
2020-08-29T20:43:15+00:00,0.0,8.0,210.1,NOT CHARGING,40.3097180556,0.0
2020-08-29T20:43:19+00:00,0.0,8.0,210.1,NOT CHARGING,40.3097180556,0.0
2020-08-29T20:43:23+00:00,0.0,8.0,210.0,NOT CHARGING,40.3097180556,0.0
2020-08-29T20:43:27+00:00,0.0,8.0,210.0,NOT CHARGING,40.3097180556,0.0
2020-08-29T20:43:31+00:00,0.0,8.0,210.1,NOT CHARGING,40.3097180556,0.0
2020-08-29T20:43:35+00:00,0.0,8.0,210.2,NOT CHARGING,40.3097180556,0.0
2020-08-29T20:43:39+00:00,0.0,8.0,210.4,NOT CHARGING,40.3097180556,0.0
2020-08-29T20:43:43+00:00,0.0,8.0,210.4,NOT CHARGING,40.3097180556,0.0
2020-08-29T20:43:47+00:00,0.0,8.0,210.3,NOT CHARGING,40.3097180556,0.0
2020-08-29T20:43:51+00:00,0.0,8.0,210.2,NOT CHARGING,40.3097180556,0.0
2020-08-29T20:43:54+00:00,0.0,8.0,210.3,NOT CHARGING,40.3097180556,0.0
2020-08-29T20:43:58+00:00,0.0,8.0,210.3,NOT CHARGING,40.3097180556,0.0
2020-08-29T20:44:02+00:00,0.0,8.0,210.1,NOT CHARGING,40.3097180556,0.0
2020-08-29T20:44:06+00:00,0.0,8.0,210.1,NOT CHARGING,40.3097180556,0.0
2020-08-29T20:44:10+00:00,0.0,8.0,210.3,NOT CHARGING,40.3097180556,0.0
2020-08-29T20:44:14+00:00,0.0,8.0,210.0,NOT CHARGING,40.3097180556,0.0
2020-08-29T20:44:18+00:00,0.0,8.0,209.7,NOT CHARGING,40.3097180556,0.0
2020-08-29T20:44:22+00:00,0.0,8.0,209.8,NOT CHARGING,40.3097180556,0.0
2020-08-29T20:44:26+00:00,0.0,8.0,209.8,NOT CHARGING,40.3097180556,0.0
2020-08-29T20:44:30+00:00,0.0,8.0,210.1,NOT CHARGING,40.3097180556,0.0
2020-08-29T20:44:34+00:00,0.0,8.0,210.0,NOT CHARGING,40.3097180556,0.0
2020-08-29T20:44:38+00:00,0.0,8.0,210.0,NOT CHARGING,40.3097180556,0.0
2020-08-29T20:44:42+00:00,0.0,8.0,209.7,NOT CHARGING,40.3097180556,0.0
2020-08-29T20:44:46+00:00,0.0,8.0,210.1,NOT CHARGING,40.3097180556,0.0
2020-08-29T20:44:50+00:00,0.0,8.0,209.9,NOT CHARGING,40.3097180556,0.0
2020-08-29T20:44:54+00:00,0.0,8.0,209.9,NOT CHARGING,40.3097180556,0.0
2020-08-29T20:44:57+00:00,0.0,8.0,210.1,NOT CHARGING,40.3097180556,0.0
2020-08-29T20:45:01+00:00,0.0,8.0,209.9,NOT CHARGING,40.3097180556,0.0
2020-08-29T20:45:05+00:00,0.0,8.0,210.1,NOT CHARGING,40.3097180556,0.0
2020-08-29T20:45:09+00:00,0.0,8.0,209.8,NOT CHARGING,40.3097180556,0.0
2020-08-29T20:45:13+00:00,0.0,8.0,210.0,NOT CHARGING,40.3097180556,0.0
2020-08-29T20:45:17+00:00,0.0,8.0,210.2,NOT CHARGING,40.3097180556,0.0
2020-08-29T20:45:21+00:00,0.0,8.0,209.8,NOT CHARGING,40.3097180556,0.0
2020-08-29T20:45:25+00:00,0.0,8.0,209.8,NOT CHARGING,40.3097180556,0.0
2020-08-29T20:45:29+00:00,0.0,8.0,210.1,NOT CHARGING,40.3097180556,0.0
2020-08-29T20:45:33+00:00,0.0,8.0,210.1,NOT CHARGING,40.3097180556,0.0
2020-08-29T20:45:37+00:00,0.0,8.0,209.9,NOT CHARGING,40.3097180556,0.0
2020-08-29T20:45:41+00:00,0.0,8.0,209.9,NOT CHARGING,40.3097180556,0.0
2020-08-29T20:45:45+00:00,0.0,8.0,209.8,NOT CHARGING,40.3097180556,0.0
2020-08-29T20:45:49+00:00,0.0,8.0,209.8,NOT CHARGING,40.3097180556,0.0
2020-08-29T20:45:53+00:00,0.0,8.0,209.9,NOT CHARGING,40.3097180556,0.0
2020-08-29T20:45:57+00:00,0.0,8.0,210.0,NOT CHARGING,40.3097180556,0.0
2020-08-29T20:46:01+00:00,0.0,8.0,209.8,NOT CHARGING,40.3097180556,0.0
2020-08-29T20:46:05+00:00,0.0,8.0,209.6,NOT CHARGING,40.3097180556,0.0
2020-08-29T20:46:08+00:00,0.0,8.0,209.8,NOT CHARGING,40.3097180556,0.0
2020-08-29T20:46:12+00:00,0.0,8.0,210.0,NOT CHARGING,40.3097180556,0.0
2020-08-29T20:46:16+00:00,0.0,8.0,209.7,NOT CHARGING,40.3097180556,0.0
2020-08-29T20:46:20+00:00,0.0,8.0,209.8,NOT CHARGING,40.3097180556,0.0
2020-08-29T20:46:24+00:00,0.0,8.0,209.7,NOT CHARGING,40.3097180556,0.0
2020-08-29T20:46:28+00:00,0.0,8.0,209.9,NOT CHARGING,40.3097180556,0.0
2020-08-29T20:46:32+00:00,0.0,8.0,210.1,NOT CHARGING,40.3097180556,0.0
2020-08-29T20:46:36+00:00,0.0,8.0,210.0,NOT CHARGING,40.3097180556,0.0
2020-08-29T20:46:40+00:00,0.0,8.0,210.2,NOT CHARGING,40.3097180556,0.0
2020-08-29T20:46:44+00:00,0.0,8.0,211.2,NOT CHARGING,40.3097180556,0.0
2020-08-29T20:46:48+00:00,0.0,8.0,211.2,NOT CHARGING,40.3097180556,0.0
2020-08-29T20:46:52+00:00,0.0,8.0,211.0,NOT CHARGING,40.3097180556,0.0
2020-08-29T20:46:56+00:00,0.0,8.0,210.9,NOT CHARGING,40.3097180556,0.0
2020-08-29T20:47:00+00:00,0.0,8.0,211.0,NOT CHARGING,40.3097180556,0.0
2020-08-29T20:47:04+00:00,0.0,8.0,210.9,NOT CHARGING,40.3097180556,0.0
2020-08-29T20:47:08+00:00,0.0,8.0,210.7,NOT CHARGING,40.3097180556,0.0
2020-08-29T20:47:12+00:00,0.0,8.0,210.8,NOT CHARGING,40.3097180556,0.0
2020-08-29T20:47:15+00:00,0.0,8.0,211.0,NOT CHARGING,40.3097180556,0.0
2020-08-29T20:47:19+00:00,0.0,8.0,210.8,NOT CHARGING,40.3097180556,0.0
2020-08-29T20:47:23+00:00,0.0,8.0,210.8,NOT CHARGING,40.3097180556,0.0
2020-08-29T20:47:27+00:00,0.0,8.0,211.0,NOT CHARGING,40.3097180556,0.0
2020-08-29T20:47:31+00:00,0.0,8.0,210.7,NOT CHARGING,40.3097180556,0.0
2020-08-29T20:47:35+00:00,0.0,8.0,210.8,NOT CHARGING,40.3097180556,0.0
2020-08-29T20:47:39+00:00,0.0,8.0,210.9,NOT CHARGING,40.3097180556,0.0
2020-08-29T20:47:43+00:00,0.0,8.0,210.7,NOT CHARGING,40.3097180556,0.0
2020-08-29T20:47:47+00:00,0.0,8.0,210.9,NOT CHARGING,40.3097180556,0.0
2020-08-29T20:47:51+00:00,0.0,8.0,210.8,NOT CHARGING,40.3097180556,0.0
2020-08-29T20:47:55+00:00,0.0,8.0,210.7,NOT CHARGING,40.3097180556,0.0
2020-08-29T20:47:59+00:00,0.0,8.0,210.8,NOT CHARGING,40.3097180556,0.0
2020-08-29T20:48:03+00:00,0.0,8.0,210.7,NOT CHARGING,40.3097180556,0.0
2020-08-29T20:48:07+00:00,0.0,8.0,210.9,NOT CHARGING,40.3097180556,0.0
2020-08-29T20:48:11+00:00,0.0,8.0,211.0,NOT CHARGING,40.3097180556,0.0
2020-08-29T20:48:15+00:00,0.0,8.0,211.0,NOT CHARGING,40.3097180556,0.0
2020-08-29T20:48:18+00:00,0.0,8.0,211.1,NOT CHARGING,40.3097180556,0.0
2020-08-29T20:48:22+00:00,0.0,8.0,210.9,NOT CHARGING,40.3097180556,0.0
2020-08-29T20:48:26+00:00,0.0,8.0,210.8,NOT CHARGING,40.3097180556,0.0
2020-08-29T20:48:30+00:00,0.0,8.0,211.0,NOT CHARGING,40.3097180556,0.0
2020-08-29T20:48:34+00:00,0.0,8.0,210.8,NOT CHARGING,40.3097180556,0.0
2020-08-29T20:48:38+00:00,0.0,8.0,210.8,NOT CHARGING,40.3097180556,0.0
2020-08-29T20:48:42+00:00,0.0,8.0,211.0,NOT CHARGING,40.3097180556,0.0
2020-08-29T20:48:46+00:00,0.0,8.0,210.8,NOT CHARGING,40.3097180556,0.0
2020-08-29T20:48:50+00:00,0.0,8.0,210.8,NOT CHARGING,40.3097180556,0.0
2020-08-29T20:48:54+00:00,0.0,8.0,210.8,NOT CHARGING,40.3097180556,0.0
2020-08-29T20:48:58+00:00,0.0,8.0,210.6,NOT CHARGING,40.3097180556,0.0
2020-08-29T20:49:02+00:00,0.0,8.0,210.6,NOT CHARGING,40.3097180556,0.0
2020-08-29T20:49:06+00:00,0.0,8.0,210.7,NOT CHARGING,40.3097180556,0.0
2020-08-29T20:49:10+00:00,0.0,8.0,210.9,NOT CHARGING,40.3097180556,0.0
2020-08-29T20:49:14+00:00,0.0,8.0,210.7,NOT CHARGING,40.3097180556,0.0
2020-08-29T20:49:18+00:00,0.0,8.0,210.8,NOT CHARGING,40.3097180556,0.0
2020-08-29T20:49:22+00:00,0.0,8.0,210.7,NOT CHARGING,40.3097180556,0.0
2020-08-29T20:49:25+00:00,0.0,8.0,210.7,NOT CHARGING,40.3097180556,0.0
2020-08-29T20:49:29+00:00,0.0,8.0,210.6,NOT CHARGING,40.3097180556,0.0
2020-08-29T20:49:33+00:00,0.0,8.0,210.7,NOT CHARGING,40.3097180556,0.0
2020-08-29T20:49:37+00:00,0.0,8.0,210.7,NOT CHARGING,40.3097180556,0.0
2020-08-29T20:49:41+00:00,0.0,8.0,210.8,NOT CHARGING,40.3097180556,0.0
2020-08-29T20:49:45+00:00,0.0,8.0,210.6,NOT CHARGING,40.3097180556,0.0
2020-08-29T20:49:49+00:00,0.0,8.0,210.7,NOT CHARGING,40.3097180556,0.0
2020-08-29T20:49:53+00:00,0.0,8.0,210.8,NOT CHARGING,40.3097180556,0.0
2020-08-29T20:49:57+00:00,0.0,8.0,210.7,NOT CHARGING,40.3097180556,0.0
2020-08-29T20:50:01+00:00,0.0,8.0,210.7,NOT CHARGING,40.3097180556,0.0
2020-08-29T20:50:05+00:00,0.0,8.0,210.6,NOT CHARGING,40.3097180556,0.0
2020-08-29T20:50:09+00:00,0.0,8.0,210.7,NOT CHARGING,40.3097180556,0.0
2020-08-29T20:50:13+00:00,0.0,8.0,210.9,NOT CHARGING,40.3097180556,0.0
2020-08-29T20:50:17+00:00,0.0,8.0,210.8,NOT CHARGING,40.3097180556,0.0
2020-08-29T20:50:21+00:00,0.0,8.0,210.8,NOT CHARGING,40.3097180556,0.0
2020-08-29T20:50:25+00:00,0.0,8.0,210.9,NOT CHARGING,40.3097180556,0.0
2020-08-29T20:50:29+00:00,0.0,8.0,210.6,NOT CHARGING,40.3097180556,0.0
2020-08-29T20:50:32+00:00,0.0,8.0,210.8,NOT CHARGING,40.3097180556,0.0
2020-08-29T20:50:36+00:00,0.0,8.0,210.7,NOT CHARGING,40.3097180556,0.0
2020-08-29T20:50:40+00:00,0.0,8.0,210.8,NOT CHARGING,40.3097180556,0.0
2020-08-29T20:50:44+00:00,0.0,8.0,210.9,NOT CHARGING,40.3097180556,0.0
2020-08-29T20:50:48+00:00,0.0,8.0,210.8,NOT CHARGING,40.3097180556,0.0
2020-08-29T20:50:52+00:00,0.0,8.0,210.7,NOT CHARGING,40.3097180556,0.0
2020-08-29T20:50:56+00:00,0.0,8.0,210.8,NOT CHARGING,40.3097180556,0.0
2020-08-29T20:51:00+00:00,0.0,8.0,210.6,NOT CHARGING,40.3097180556,0.0
2020-08-29T20:51:04+00:00,0.0,8.0,210.7,NOT CHARGING,40.3097180556,0.0
2020-08-29T20:51:08+00:00,0.0,8.0,210.3,NOT CHARGING,40.3097180556,0.0
2020-08-29T20:51:12+00:00,0.0,8.0,210.7,NOT CHARGING,40.3097180556,0.0
2020-08-29T20:51:16+00:00,0.0,8.0,210.7,NOT CHARGING,40.3097180556,0.0
2020-08-29T20:51:20+00:00,0.0,8.0,210.6,NOT CHARGING,40.3097180556,0.0
2020-08-29T20:51:24+00:00,0.0,8.0,210.5,NOT CHARGING,40.3097180556,0.0
2020-08-29T20:51:28+00:00,0.0,8.0,210.5,NOT CHARGING,40.3097180556,0.0
2020-08-29T20:51:32+00:00,0.0,8.0,210.5,NOT CHARGING,40.3097180556,0.0
2020-08-29T20:51:36+00:00,0.0,8.0,210.7,NOT CHARGING,40.3097180556,0.0
2020-08-29T20:51:39+00:00,0.0,8.0,210.4,NOT CHARGING,40.3097180556,0.0
2020-08-29T20:51:43+00:00,0.0,8.0,210.5,NOT CHARGING,40.3097180556,0.0
2020-08-29T20:51:47+00:00,0.0,8.0,210.8,NOT CHARGING,40.3097180556,0.0
2020-08-29T20:51:51+00:00,0.0,8.0,210.8,NOT CHARGING,40.3097180556,0.0
2020-08-29T20:51:55+00:00,0.0,8.0,210.6,NOT CHARGING,40.3097180556,0.0
2020-08-29T20:51:59+00:00,0.0,8.0,210.3,NOT CHARGING,40.3097180556,0.0
2020-08-29T20:52:03+00:00,0.0,8.0,210.9,NOT CHARGING,40.3097180556,0.0
2020-08-29T20:52:07+00:00,0.0,8.0,210.7,NOT CHARGING,40.3097180556,0.0
2020-08-29T20:52:11+00:00,0.0,8.0,210.6,NOT CHARGING,40.3097180556,0.0
2020-08-29T20:52:15+00:00,0.0,8.0,210.8,NOT CHARGING,40.3097180556,0.0
2020-08-29T20:52:19+00:00,0.0,8.0,210.7,NOT CHARGING,40.3097180556,0.0
2020-08-29T20:52:23+00:00,0.0,8.0,210.7,NOT CHARGING,40.3097180556,0.0
2020-08-29T20:52:27+00:00,0.0,8.0,210.7,NOT CHARGING,40.3097180556,0.0
2020-08-29T20:52:31+00:00,0.0,8.0,210.7,NOT CHARGING,40.3097180556,0.0
2020-08-29T20:52:35+00:00,0.0,8.0,210.6,NOT CHARGING,40.3097180556,0.0
2020-08-29T20:52:39+00:00,0.0,8.0,210.8,NOT CHARGING,40.3097180556,0.0
2020-08-29T20:52:43+00:00,0.0,8.0,210.7,NOT CHARGING,40.3097180556,0.0
2020-08-29T20:52:46+00:00,0.0,8.0,210.6,NOT CHARGING,40.3097180556,0.0
2020-08-29T20:52:50+00:00,0.0,8.0,210.5,NOT CHARGING,40.3097180556,0.0
2020-08-29T20:52:54+00:00,0.0,8.0,210.3,NOT CHARGING,40.3097180556,0.0
2020-08-29T20:52:58+00:00,0.0,8.0,210.3,NOT CHARGING,40.3097180556,0.0
2020-08-29T20:53:02+00:00,0.0,8.0,210.6,NOT CHARGING,40.3097180556,0.0
2020-08-29T20:53:06+00:00,0.0,8.0,210.6,NOT CHARGING,40.3097180556,0.0
2020-08-29T20:53:10+00:00,0.0,8.0,210.8,NOT CHARGING,40.3097180556,0.0
2020-08-29T20:53:14+00:00,0.0,8.0,210.6,NOT CHARGING,40.3097180556,0.0
2020-08-29T20:53:18+00:00,0.0,8.0,210.6,NOT CHARGING,40.3097180556,0.0
2020-08-29T20:53:22+00:00,0.0,8.0,210.4,NOT CHARGING,40.3097180556,0.0
2020-08-29T20:53:26+00:00,0.0,8.0,210.7,NOT CHARGING,40.3097180556,0.0
2020-08-29T20:53:30+00:00,0.0,8.0,210.6,NOT CHARGING,40.3097180556,0.0
2020-08-29T20:53:34+00:00,0.0,8.0,210.7,NOT CHARGING,40.3097180556,0.0
2020-08-29T20:53:38+00:00,0.0,8.0,210.7,NOT CHARGING,40.3097180556,0.0
2020-08-29T20:53:42+00:00,0.0,8.0,210.6,NOT CHARGING,40.3097180556,0.0
2020-08-29T20:53:46+00:00,0.0,8.0,210.5,NOT CHARGING,40.3097180556,0.0
2020-08-29T20:53:50+00:00,0.0,8.0,210.5,NOT CHARGING,40.3097180556,0.0
2020-08-29T20:53:53+00:00,0.0,8.0,210.2,NOT CHARGING,40.3097180556,0.0
2020-08-29T20:53:57+00:00,0.0,8.0,210.3,NOT CHARGING,40.3097180556,0.0
2020-08-29T20:54:01+00:00,0.0,8.0,210.7,NOT CHARGING,40.3097180556,0.0
2020-08-29T20:54:05+00:00,0.0,8.0,210.4,NOT CHARGING,40.3097180556,0.0
2020-08-29T20:54:09+00:00,0.0,8.0,210.1,NOT CHARGING,40.3097180556,0.0
2020-08-29T20:54:13+00:00,0.0,8.0,210.4,NOT CHARGING,40.3097180556,0.0
2020-08-29T20:54:17+00:00,0.0,8.0,210.7,NOT CHARGING,40.3097180556,0.0
2020-08-29T20:54:21+00:00,0.0,8.0,210.4,NOT CHARGING,40.3097180556,0.0
2020-08-29T20:54:25+00:00,0.0,8.0,210.6,NOT CHARGING,40.3097180556,0.0
2020-08-29T20:54:29+00:00,0.0,8.0,210.5,NOT CHARGING,40.3097180556,0.0
2020-08-29T20:54:33+00:00,0.0,8.0,210.4,NOT CHARGING,40.3097180556,0.0
2020-08-29T20:54:37+00:00,0.0,8.0,210.6,NOT CHARGING,40.3097180556,0.0
2020-08-29T20:54:41+00:00,0.0,8.0,210.5,NOT CHARGING,40.3097180556,0.0
2020-08-29T20:54:45+00:00,0.0,8.0,210.5,NOT CHARGING,40.3097180556,0.0
2020-08-29T20:54:49+00:00,0.0,8.0,210.4,NOT CHARGING,40.3097180556,0.0
2020-08-29T20:54:53+00:00,0.0,8.0,210.6,NOT CHARGING,40.3097180556,0.0
2020-08-29T20:54:56+00:00,0.0,8.0,210.8,NOT CHARGING,40.3097180556,0.0
2020-08-29T20:55:00+00:00,0.0,8.0,210.7,NOT CHARGING,40.3097180556,0.0
2020-08-29T20:55:04+00:00,0.0,8.0,210.5,NOT CHARGING,40.3097180556,0.0
2020-08-29T20:55:08+00:00,0.0,8.0,210.6,NOT CHARGING,40.3097180556,0.0
2020-08-29T20:55:12+00:00,0.0,8.0,210.7,NOT CHARGING,40.3097180556,0.0
2020-08-29T20:55:16+00:00,0.0,8.0,210.7,NOT CHARGING,40.3097180556,0.0
2020-08-29T20:55:20+00:00,0.0,8.0,210.3,NOT CHARGING,40.3097180556,0.0
2020-08-29T20:55:24+00:00,0.0,8.0,210.6,NOT CHARGING,40.3097180556,0.0
2020-08-29T20:55:28+00:00,0.0,8.0,210.5,NOT CHARGING,40.3097180556,0.0
2020-08-29T20:55:32+00:00,0.0,8.0,210.5,NOT CHARGING,40.3097180556,0.0
2020-08-29T20:55:36+00:00,0.0,8.0,210.5,NOT CHARGING,40.3097180556,0.0
2020-08-29T20:55:40+00:00,0.0,8.0,210.6,NOT CHARGING,40.3097180556,0.0
2020-08-29T20:55:44+00:00,0.0,8.0,210.6,NOT CHARGING,40.3097180556,0.0
2020-08-29T20:55:48+00:00,0.0,8.0,210.2,NOT CHARGING,40.3097180556,0.0
2020-08-29T20:55:52+00:00,0.0,8.0,210.3,NOT CHARGING,40.3097180556,0.0
2020-08-29T20:55:56+00:00,0.0,8.0,210.4,NOT CHARGING,40.3097180556,0.0
2020-08-29T20:56:00+00:00,0.0,8.0,210.6,NOT CHARGING,40.3097180556,0.0
2020-08-29T20:56:04+00:00,0.0,8.0,210.7,NOT CHARGING,40.3097180556,0.0
2020-08-29T20:56:07+00:00,0.0,8.0,210.4,NOT CHARGING,40.3097180556,0.0
2020-08-29T20:56:11+00:00,0.0,8.0,210.5,NOT CHARGING,40.3097180556,0.0
2020-08-29T20:56:15+00:00,0.0,8.0,210.6,NOT CHARGING,40.3097180556,0.0
2020-08-29T20:56:19+00:00,0.0,8.0,210.5,NOT CHARGING,40.3097180556,0.0
2020-08-29T20:56:23+00:00,0.0,8.0,210.5,NOT CHARGING,40.3097180556,0.0
2020-08-29T20:56:27+00:00,0.0,8.0,210.3,NOT CHARGING,40.3097180556,0.0
2020-08-29T20:56:31+00:00,0.0,8.0,210.5,NOT CHARGING,40.3097180556,0.0
2020-08-29T20:56:35+00:00,0.0,8.0,210.4,NOT CHARGING,40.3097180556,0.0
2020-08-29T20:56:39+00:00,0.0,8.0,210.6,NOT CHARGING,40.3097180556,0.0
2020-08-29T20:56:43+00:00,0.0,8.0,210.4,NOT CHARGING,40.3097180556,0.0
2020-08-29T20:56:47+00:00,0.0,8.0,210.6,NOT CHARGING,40.3097180556,0.0
2020-08-29T20:56:51+00:00,0.0,8.0,210.1,NOT CHARGING,40.3097180556,0.0
2020-08-29T20:56:55+00:00,0.0,8.0,210.6,NOT CHARGING,40.3097180556,0.0
2020-08-29T20:56:59+00:00,0.0,8.0,210.6,NOT CHARGING,40.3097180556,0.0
2020-08-29T20:57:03+00:00,0.0,8.0,210.6,NOT CHARGING,40.3097180556,0.0
2020-08-29T20:57:07+00:00,0.0,8.0,210.7,NOT CHARGING,40.3097180556,0.0
2020-08-29T20:57:11+00:00,0.0,8.0,210.6,NOT CHARGING,40.3097180556,0.0
2020-08-29T20:57:14+00:00,0.0,8.0,210.5,NOT CHARGING,40.3097180556,0.0
2020-08-29T20:57:18+00:00,0.0,8.0,210.5,NOT CHARGING,40.3097180556,0.0
2020-08-29T20:57:22+00:00,0.0,8.0,210.6,NOT CHARGING,40.3097180556,0.0
2020-08-29T20:57:26+00:00,0.0,8.0,210.7,NOT CHARGING,40.3097180556,0.0
2020-08-29T20:57:30+00:00,0.0,8.0,210.5,NOT CHARGING,40.3097180556,0.0
2020-08-29T20:57:34+00:00,0.0,8.0,210.1,NOT CHARGING,40.3097180556,0.0
2020-08-29T20:57:38+00:00,0.0,8.0,210.5,NOT CHARGING,40.3097180556,0.0
2020-08-29T20:57:42+00:00,0.0,8.0,210.4,NOT CHARGING,40.3097180556,0.0
2020-08-29T20:57:46+00:00,0.0,8.0,210.4,NOT CHARGING,40.3097180556,0.0
2020-08-29T20:57:50+00:00,0.0,8.0,210.3,NOT CHARGING,40.3097180556,0.0
2020-08-29T20:57:54+00:00,0.0,8.0,210.5,NOT CHARGING,40.3097180556,0.0
2020-08-29T20:57:58+00:00,0.0,8.0,210.4,NOT CHARGING,40.3097180556,0.0
2020-08-29T20:58:02+00:00,0.0,8.0,210.2,NOT CHARGING,40.3097180556,0.0
2020-08-29T20:58:06+00:00,0.0,8.0,210.6,NOT CHARGING,40.3097180556,0.0
2020-08-29T20:58:10+00:00,0.0,8.0,210.5,NOT CHARGING,40.3097180556,0.0
2020-08-29T20:58:14+00:00,0.0,8.0,210.3,NOT CHARGING,40.3097180556,0.0
2020-08-29T20:58:17+00:00,0.0,8.0,210.4,NOT CHARGING,40.3097180556,0.0
2020-08-29T20:58:21+00:00,0.0,8.0,210.2,NOT CHARGING,40.3097180556,0.0
2020-08-29T20:58:25+00:00,0.0,8.0,210.4,NOT CHARGING,40.3097180556,0.0
2020-08-29T20:58:29+00:00,0.0,8.0,210.5,NOT CHARGING,40.3097180556,0.0
2020-08-29T20:58:33+00:00,0.0,8.0,210.5,NOT CHARGING,40.3097180556,0.0
2020-08-29T20:58:37+00:00,0.0,8.0,210.2,NOT CHARGING,40.3097180556,0.0
2020-08-29T20:58:41+00:00,0.0,8.0,210.6,NOT CHARGING,40.3097180556,0.0
2020-08-29T20:58:45+00:00,0.0,8.0,210.6,NOT CHARGING,40.3097180556,0.0
2020-08-29T20:58:49+00:00,0.0,8.0,210.4,NOT CHARGING,40.3097180556,0.0
2020-08-29T20:58:53+00:00,0.0,8.0,210.5,NOT CHARGING,40.3097180556,0.0
2020-08-29T20:58:57+00:00,0.0,8.0,210.5,NOT CHARGING,40.3097180556,0.0
2020-08-29T20:59:01+00:00,0.0,8.0,210.6,NOT CHARGING,40.3097180556,0.0
2020-08-29T20:59:05+00:00,0.0,8.0,210.4,NOT CHARGING,40.3097180556,0.0
2020-08-29T20:59:09+00:00,0.0,8.0,211.7,NOT CHARGING,40.3097180556,0.0
2020-08-29T20:59:13+00:00,0.0,8.0,211.7,NOT CHARGING,40.3097180556,0.0
2020-08-29T20:59:17+00:00,0.0,8.0,211.9,NOT CHARGING,40.3097180556,0.0
2020-08-29T20:59:21+00:00,0.0,8.0,211.6,NOT CHARGING,40.3097180556,0.0
2020-08-29T20:59:24+00:00,0.0,8.0,212.1,NOT CHARGING,40.3097180556,0.0
2020-08-29T20:59:28+00:00,0.0,8.0,212.1,NOT CHARGING,40.3097180556,0.0
2020-08-29T20:59:32+00:00,0.0,8.0,211.9,NOT CHARGING,40.3097180556,0.0
2020-08-29T20:59:36+00:00,0.0,8.0,211.8,NOT CHARGING,40.3097180556,0.0
2020-08-29T20:59:40+00:00,0.0,8.0,211.6,NOT CHARGING,40.3097180556,0.0
2020-08-29T20:59:44+00:00,0.0,8.0,211.7,NOT CHARGING,40.3097180556,0.0
2020-08-29T20:59:48+00:00,0.0,8.0,211.8,NOT CHARGING,40.3097180556,0.0
2020-08-29T20:59:52+00:00,0.0,8.0,211.7,NOT CHARGING,40.3097180556,0.0
2020-08-29T20:59:56+00:00,0.0,8.0,211.7,NOT CHARGING,40.3097180556,0.0
2020-08-29T21:00:00+00:00,0.0,8.0,211.7,NOT CHARGING,40.3097180556,0.0
2020-08-29T21:00:04+00:00,0.0,8.0,212.0,NOT CHARGING,40.3097180556,0.0
2020-08-29T21:00:08+00:00,0.0,8.0,211.8,NOT CHARGING,40.3097180556,0.0
2020-08-29T21:00:12+00:00,0.0,8.0,212.0,NOT CHARGING,40.3097180556,0.0
2020-08-29T21:00:16+00:00,0.0,8.0,212.1,NOT CHARGING,40.3097180556,0.0
2020-08-29T21:00:20+00:00,0.0,8.0,211.8,NOT CHARGING,40.3097180556,0.0
2020-08-29T21:00:24+00:00,0.0,8.0,212.1,NOT CHARGING,40.3097180556,0.0
2020-08-29T21:00:28+00:00,0.0,8.0,211.9,NOT CHARGING,40.3097180556,0.0
2020-08-29T21:00:31+00:00,0.0,8.0,212.2,NOT CHARGING,40.3097180556,0.0
2020-08-29T21:00:35+00:00,0.0,8.0,212.0,NOT CHARGING,40.3097180556,0.0
2020-08-29T21:00:39+00:00,0.0,8.0,212.3,NOT CHARGING,40.3097180556,0.0
2020-08-29T21:00:43+00:00,0.0,8.0,212.0,NOT CHARGING,40.3097180556,0.0
2020-08-29T21:00:47+00:00,0.0,8.0,212.1,NOT CHARGING,40.3097180556,0.0
2020-08-29T21:00:51+00:00,0.0,8.0,212.1,NOT CHARGING,40.3097180556,0.0
2020-08-29T21:00:55+00:00,0.0,8.0,212.2,NOT CHARGING,40.3097180556,0.0
2020-08-29T21:00:59+00:00,0.0,8.0,212.3,NOT CHARGING,40.3097180556,0.0
2020-08-29T21:01:03+00:00,0.0,8.0,212.1,NOT CHARGING,40.3097180556,0.0
2020-08-29T21:01:07+00:00,0.0,8.0,212.2,NOT CHARGING,40.3097180556,0.0
2020-08-29T21:01:11+00:00,0.0,8.0,212.0,NOT CHARGING,40.3097180556,0.0
2020-08-29T21:01:15+00:00,0.0,8.0,212.1,NOT CHARGING,40.3097180556,0.0
2020-08-29T21:01:19+00:00,0.0,8.0,212.1,NOT CHARGING,40.3097180556,0.0
2020-08-29T21:01:23+00:00,0.0,8.0,212.0,NOT CHARGING,40.3097180556,0.0
2020-08-29T21:01:27+00:00,0.0,8.0,211.0,NOT CHARGING,40.3097180556,0.0
2020-08-29T21:01:31+00:00,0.0,8.0,210.7,NOT CHARGING,40.3097180556,0.0
2020-08-29T21:01:35+00:00,0.0,8.0,210.8,NOT CHARGING,40.3097180556,0.0
2020-08-29T21:01:38+00:00,0.0,8.0,211.0,NOT CHARGING,40.3097180556,0.0
2020-08-29T21:01:42+00:00,0.0,8.0,211.1,NOT CHARGING,40.3097180556,0.0
2020-08-29T21:01:46+00:00,0.0,8.0,210.8,NOT CHARGING,40.3097180556,0.0
2020-08-29T21:01:50+00:00,0.0,8.0,210.8,NOT CHARGING,40.3097180556,0.0
2020-08-29T21:01:54+00:00,0.0,8.0,211.0,NOT CHARGING,40.3097180556,0.0
2020-08-29T21:01:58+00:00,0.0,8.0,211.1,NOT CHARGING,40.3097180556,0.0
2020-08-29T21:02:02+00:00,0.0,8.0,211.0,NOT CHARGING,40.3097180556,0.0
2020-08-29T21:02:06+00:00,0.0,8.0,211.0,NOT CHARGING,40.3097180556,0.0
2020-08-29T21:02:10+00:00,0.0,8.0,210.8,NOT CHARGING,40.3097180556,0.0
2020-08-29T21:02:14+00:00,0.0,8.0,210.9,NOT CHARGING,40.3097180556,0.0
2020-08-29T21:02:18+00:00,0.0,8.0,210.8,NOT CHARGING,40.3097180556,0.0
2020-08-29T21:02:22+00:00,0.0,8.0,211.0,NOT CHARGING,40.3097180556,0.0
2020-08-29T21:02:26+00:00,0.0,8.0,211.0,NOT CHARGING,40.3097180556,0.0
2020-08-29T21:02:30+00:00,0.0,8.0,211.0,NOT CHARGING,40.3097180556,0.0
2020-08-29T21:02:34+00:00,0.0,8.0,210.9,NOT CHARGING,40.3097180556,0.0
2020-08-29T21:02:38+00:00,0.0,8.0,211.1,NOT CHARGING,40.3097180556,0.0
2020-08-29T21:02:41+00:00,0.0,8.0,211.3,NOT CHARGING,40.3097180556,0.0
2020-08-29T21:02:45+00:00,0.0,8.0,211.1,NOT CHARGING,40.3097180556,0.0
2020-08-29T21:02:49+00:00,0.0,8.0,210.7,NOT CHARGING,40.3097180556,0.0
2020-08-29T21:02:53+00:00,0.0,8.0,211.1,NOT CHARGING,40.3097180556,0.0
2020-08-29T21:02:57+00:00,0.0,8.0,211.1,NOT CHARGING,40.3097180556,0.0
2020-08-29T21:03:01+00:00,0.0,8.0,211.1,NOT CHARGING,40.3097180556,0.0
2020-08-29T21:03:05+00:00,0.0,8.0,211.3,NOT CHARGING,40.3097180556,0.0
2020-08-29T21:03:09+00:00,0.0,8.0,211.0,NOT CHARGING,40.3097180556,0.0
2020-08-29T21:03:13+00:00,0.0,8.0,211.0,NOT CHARGING,40.3097180556,0.0
2020-08-29T21:03:17+00:00,0.0,8.0,211.3,NOT CHARGING,40.3097180556,0.0
2020-08-29T21:03:21+00:00,0.0,8.0,211.1,NOT CHARGING,40.3097180556,0.0
2020-08-29T21:03:25+00:00,0.0,8.0,211.1,NOT CHARGING,40.3097180556,0.0
2020-08-29T21:03:29+00:00,0.0,8.0,211.2,NOT CHARGING,40.3097180556,0.0
2020-08-29T21:03:33+00:00,0.0,8.0,211.2,NOT CHARGING,40.3097180556,0.0
2020-08-29T21:03:37+00:00,0.0,8.0,211.2,NOT CHARGING,40.3097180556,0.0
2020-08-29T21:03:41+00:00,0.0,8.0,210.9,NOT CHARGING,40.3097180556,0.0
2020-08-29T21:03:45+00:00,0.0,8.0,211.0,NOT CHARGING,40.3097180556,0.0
2020-08-29T21:03:48+00:00,0.0,8.0,211.1,NOT CHARGING,40.3097180556,0.0
2020-08-29T21:03:52+00:00,0.0,8.0,211.3,NOT CHARGING,40.3097180556,0.0
2020-08-29T21:03:56+00:00,0.0,8.0,211.1,NOT CHARGING,40.3097180556,0.0
2020-08-29T21:04:00+00:00,0.0,8.0,211.1,NOT CHARGING,40.3097180556,0.0
2020-08-29T21:04:04+00:00,0.0,8.0,211.3,NOT CHARGING,40.3097180556,0.0
2020-08-29T21:04:08+00:00,0.0,8.0,211.2,NOT CHARGING,40.3097180556,0.0
2020-08-29T21:04:12+00:00,0.0,8.0,211.3,NOT CHARGING,40.3097180556,0.0
2020-08-29T21:04:16+00:00,0.0,8.0,211.2,NOT CHARGING,40.3097180556,0.0
2020-08-29T21:04:20+00:00,0.0,8.0,211.1,NOT CHARGING,40.3097180556,0.0
2020-08-29T21:04:24+00:00,0.0,8.0,211.2,NOT CHARGING,40.3097180556,0.0
2020-08-29T21:04:28+00:00,0.0,8.0,211.1,NOT CHARGING,40.3097180556,0.0
2020-08-29T21:04:32+00:00,0.0,8.0,211.1,NOT CHARGING,40.3097180556,0.0
2020-08-29T21:04:36+00:00,0.0,8.0,211.0,NOT CHARGING,40.3097180556,0.0
2020-08-29T21:04:40+00:00,0.0,8.0,210.9,NOT CHARGING,40.3097180556,0.0
2020-08-29T21:04:44+00:00,0.0,8.0,211.1,NOT CHARGING,40.3097180556,0.0
2020-08-29T21:04:48+00:00,0.0,8.0,211.1,NOT CHARGING,40.3097180556,0.0
2020-08-29T21:04:52+00:00,0.0,8.0,211.0,NOT CHARGING,40.3097180556,0.0
2020-08-29T21:04:55+00:00,0.0,8.0,211.3,NOT CHARGING,40.3097180556,0.0
2020-08-29T21:04:59+00:00,0.0,8.0,211.3,NOT CHARGING,40.3097180556,0.0
2020-08-29T21:05:03+00:00,0.0,8.0,211.2,NOT CHARGING,40.3097180556,0.0
2020-08-29T21:05:07+00:00,0.0,8.0,211.3,NOT CHARGING,40.3097180556,0.0
2020-08-29T21:05:11+00:00,0.0,8.0,211.4,NOT CHARGING,40.3097180556,0.0
2020-08-29T21:05:15+00:00,0.0,8.0,211.3,NOT CHARGING,40.3097180556,0.0
2020-08-29T21:05:19+00:00,0.0,8.0,211.3,NOT CHARGING,40.3097180556,0.0
2020-08-29T21:05:23+00:00,0.0,8.0,211.8,NOT CHARGING,40.3097180556,0.0
2020-08-29T21:05:27+00:00,0.0,8.0,211.5,NOT CHARGING,40.3097180556,0.0
2020-08-29T21:05:31+00:00,0.0,8.0,211.8,NOT CHARGING,40.3097180556,0.0
2020-08-29T21:05:35+00:00,0.0,8.0,211.6,NOT CHARGING,40.3097180556,0.0
2020-08-29T21:05:39+00:00,0.0,8.0,211.6,NOT CHARGING,40.3097180556,0.0
2020-08-29T21:05:43+00:00,0.0,8.0,211.7,NOT CHARGING,40.3097180556,0.0
2020-08-29T21:05:47+00:00,0.0,8.0,211.8,NOT CHARGING,40.3097180556,0.0
2020-08-29T21:05:51+00:00,0.0,8.0,211.6,NOT CHARGING,40.3097180556,0.0
2020-08-29T21:05:55+00:00,0.0,8.0,211.7,NOT CHARGING,40.3097180556,0.0
2020-08-29T21:05:59+00:00,0.0,8.0,211.7,NOT CHARGING,40.3097180556,0.0
2020-08-29T21:06:02+00:00,0.0,8.0,211.8,NOT CHARGING,40.3097180556,0.0
2020-08-29T21:06:06+00:00,0.0,8.0,211.9,NOT CHARGING,40.3097180556,0.0
2020-08-29T21:06:10+00:00,0.0,8.0,211.5,NOT CHARGING,40.3097180556,0.0
2020-08-29T21:06:14+00:00,0.0,8.0,211.8,NOT CHARGING,40.3097180556,0.0
2020-08-29T21:06:18+00:00,0.0,8.0,211.5,NOT CHARGING,40.3097180556,0.0
2020-08-29T21:06:22+00:00,0.0,8.0,211.5,NOT CHARGING,40.3097180556,0.0
2020-08-29T21:06:26+00:00,0.0,8.0,211.6,NOT CHARGING,40.3097180556,0.0
2020-08-29T21:06:30+00:00,0.0,8.0,211.7,NOT CHARGING,40.3097180556,0.0
2020-08-29T21:06:34+00:00,0.0,8.0,211.7,NOT CHARGING,40.3097180556,0.0
2020-08-29T21:06:38+00:00,0.0,8.0,211.6,NOT CHARGING,40.3097180556,0.0
2020-08-29T21:06:42+00:00,0.0,8.0,211.7,NOT CHARGING,40.3097180556,0.0
2020-08-29T21:06:46+00:00,0.0,8.0,211.7,NOT CHARGING,40.3097180556,0.0
2020-08-29T21:06:50+00:00,0.0,8.0,211.6,NOT CHARGING,40.3097180556,0.0
2020-08-29T21:06:54+00:00,0.0,8.0,211.7,NOT CHARGING,40.3097180556,0.0
2020-08-29T21:06:58+00:00,0.0,8.0,211.8,NOT CHARGING,40.3097180556,0.0
2020-08-29T21:07:02+00:00,0.0,8.0,211.5,NOT CHARGING,40.3097180556,0.0
2020-08-29T21:07:06+00:00,0.0,8.0,211.5,NOT CHARGING,40.3097180556,0.0
2020-08-29T21:07:09+00:00,0.0,8.0,211.3,NOT CHARGING,40.3097180556,0.0
2020-08-29T21:07:13+00:00,0.0,8.0,211.4,NOT CHARGING,40.3097180556,0.0
2020-08-29T21:07:17+00:00,0.0,8.0,211.5,NOT CHARGING,40.3097180556,0.0
2020-08-29T21:07:21+00:00,0.0,8.0,211.5,NOT CHARGING,40.3097180556,0.0
2020-08-29T21:07:25+00:00,0.0,8.0,211.5,NOT CHARGING,40.3097180556,0.0
2020-08-29T21:07:29+00:00,0.0,8.0,211.8,NOT CHARGING,40.3097180556,0.0
2020-08-29T21:07:33+00:00,0.0,8.0,211.6,NOT CHARGING,40.3097180556,0.0
2020-08-29T21:07:37+00:00,0.0,8.0,211.6,NOT CHARGING,40.3097180556,0.0
2020-08-29T21:07:41+00:00,0.0,8.0,211.7,NOT CHARGING,40.3097180556,0.0
2020-08-29T21:07:45+00:00,0.0,8.0,211.6,NOT CHARGING,40.3097180556,0.0
2020-08-29T21:07:49+00:00,0.0,8.0,211.5,NOT CHARGING,40.3097180556,0.0
2020-08-29T21:07:53+00:00,0.0,8.0,211.4,NOT CHARGING,40.3097180556,0.0
2020-08-29T21:07:57+00:00,0.0,8.0,211.5,NOT CHARGING,40.3097180556,0.0
2020-08-29T21:08:01+00:00,0.0,8.0,211.6,NOT CHARGING,40.3097180556,0.0
2020-08-29T21:08:05+00:00,0.0,8.0,211.6,NOT CHARGING,40.3097180556,0.0
2020-08-29T21:08:09+00:00,0.0,8.0,211.4,NOT CHARGING,40.3097180556,0.0
2020-08-29T21:08:13+00:00,0.0,8.0,211.6,NOT CHARGING,40.3097180556,0.0
2020-08-29T21:08:16+00:00,0.0,8.0,211.6,NOT CHARGING,40.3097180556,0.0
2020-08-29T21:08:20+00:00,0.0,8.0,211.7,NOT CHARGING,40.3097180556,0.0
2020-08-29T21:08:24+00:00,0.0,8.0,211.7,NOT CHARGING,40.3097180556,0.0
2020-08-29T21:08:28+00:00,0.0,8.0,211.7,NOT CHARGING,40.3097180556,0.0
2020-08-29T21:08:32+00:00,0.0,8.0,211.3,NOT CHARGING,40.3097180556,0.0
2020-08-29T21:08:36+00:00,0.0,8.0,211.6,NOT CHARGING,40.3097180556,0.0
2020-08-29T21:08:40+00:00,0.0,8.0,211.5,NOT CHARGING,40.3097180556,0.0
2020-08-29T21:08:44+00:00,0.0,8.0,211.6,NOT CHARGING,40.3097180556,0.0
2020-08-29T21:08:48+00:00,0.0,8.0,211.3,NOT CHARGING,40.3097180556,0.0
2020-08-29T21:08:52+00:00,0.0,8.0,211.3,NOT CHARGING,40.3097180556,0.0
2020-08-29T21:08:56+00:00,0.0,8.0,211.4,NOT CHARGING,40.3097180556,0.0
2020-08-29T21:09:00+00:00,0.0,8.0,211.5,NOT CHARGING,40.3097180556,0.0
2020-08-29T21:09:04+00:00,0.0,8.0,211.4,NOT CHARGING,40.3097180556,0.0
2020-08-29T21:09:08+00:00,0.0,8.0,211.4,NOT CHARGING,40.3097180556,0.0
2020-08-29T21:09:12+00:00,0.0,8.0,211.4,NOT CHARGING,40.3097180556,0.0
2020-08-29T21:09:16+00:00,0.0,8.0,211.2,NOT CHARGING,40.3097180556,0.0
2020-08-29T21:09:20+00:00,0.0,8.0,211.3,NOT CHARGING,40.3097180556,0.0
2020-08-29T21:09:23+00:00,0.0,8.0,211.4,NOT CHARGING,40.3097180556,0.0
2020-08-29T21:09:27+00:00,0.0,8.0,211.6,NOT CHARGING,40.3097180556,0.0
2020-08-29T21:09:31+00:00,0.0,8.0,211.5,NOT CHARGING,40.3097180556,0.0
2020-08-29T21:09:35+00:00,0.0,8.0,211.4,NOT CHARGING,40.3097180556,0.0
2020-08-29T21:09:39+00:00,0.0,8.0,211.5,NOT CHARGING,40.3097180556,0.0
2020-08-29T21:09:43+00:00,0.0,8.0,211.5,NOT CHARGING,40.3097180556,0.0
2020-08-29T21:09:47+00:00,0.0,8.0,211.5,NOT CHARGING,40.3097180556,0.0
2020-08-29T21:09:51+00:00,0.0,8.0,211.5,NOT CHARGING,40.3097180556,0.0
2020-08-29T21:09:55+00:00,0.0,8.0,211.4,NOT CHARGING,40.3097180556,0.0
2020-08-29T21:09:59+00:00,0.0,8.0,211.6,NOT CHARGING,40.3097180556,0.0
2020-08-29T21:10:03+00:00,0.0,8.0,211.3,NOT CHARGING,40.3097180556,0.0
2020-08-29T21:10:07+00:00,0.0,8.0,211.4,NOT CHARGING,40.3097180556,0.0
2020-08-29T21:10:11+00:00,0.0,8.0,211.5,NOT CHARGING,40.3097180556,0.0
2020-08-29T21:10:15+00:00,0.0,8.0,211.3,NOT CHARGING,40.3097180556,0.0
2020-08-29T21:10:19+00:00,0.0,8.0,211.1,NOT CHARGING,40.3097180556,0.0
2020-08-29T21:10:23+00:00,0.0,8.0,211.3,NOT CHARGING,40.3097180556,0.0
2020-08-29T21:10:27+00:00,0.0,8.0,211.1,NOT CHARGING,40.3097180556,0.0
2020-08-29T21:10:30+00:00,0.0,8.0,211.2,NOT CHARGING,40.3097180556,0.0
2020-08-29T21:10:34+00:00,0.0,8.0,211.5,NOT CHARGING,40.3097180556,0.0
2020-08-29T21:10:38+00:00,0.0,8.0,211.5,NOT CHARGING,40.3097180556,0.0
2020-08-29T21:10:42+00:00,0.0,8.0,211.5,NOT CHARGING,40.3097180556,0.0
2020-08-29T21:10:46+00:00,0.0,8.0,211.4,NOT CHARGING,40.3097180556,0.0
2020-08-29T21:10:50+00:00,0.0,8.0,211.5,NOT CHARGING,40.3097180556,0.0
2020-08-29T21:10:54+00:00,0.0,8.0,211.3,NOT CHARGING,40.3097180556,0.0
2020-08-29T21:10:58+00:00,0.0,8.0,211.4,NOT CHARGING,40.3097180556,0.0
2020-08-29T21:11:02+00:00,0.0,8.0,211.6,NOT CHARGING,40.3097180556,0.0
2020-08-29T21:11:06+00:00,0.0,8.0,211.4,NOT CHARGING,40.3097180556,0.0
2020-08-29T21:11:10+00:00,0.0,8.0,211.4,NOT CHARGING,40.3097180556,0.0
2020-08-29T21:11:14+00:00,0.0,8.0,211.4,NOT CHARGING,40.3097180556,0.0
2020-08-29T21:11:18+00:00,0.0,8.0,211.3,NOT CHARGING,40.3097180556,0.0
2020-08-29T21:11:22+00:00,0.0,8.0,211.6,NOT CHARGING,40.3097180556,0.0
2020-08-29T21:11:26+00:00,0.0,8.0,211.3,NOT CHARGING,40.3097180556,0.0
2020-08-29T21:11:30+00:00,0.0,8.0,211.4,NOT CHARGING,40.3097180556,0.0
2020-08-29T21:11:33+00:00,0.0,8.0,211.4,NOT CHARGING,40.3097180556,0.0
2020-08-29T21:11:37+00:00,0.0,8.0,211.4,NOT CHARGING,40.3097180556,0.0
2020-08-29T21:11:41+00:00,0.0,8.0,210.9,NOT CHARGING,40.3097180556,0.0
2020-08-29T21:11:45+00:00,0.0,8.0,211.5,NOT CHARGING,40.3097180556,0.0
2020-08-29T21:11:49+00:00,0.0,8.0,211.5,NOT CHARGING,40.3097180556,0.0
2020-08-29T21:11:53+00:00,0.0,8.0,211.3,NOT CHARGING,40.3097180556,0.0
2020-08-29T21:11:57+00:00,0.0,8.0,211.2,NOT CHARGING,40.3097180556,0.0
2020-08-29T21:12:01+00:00,0.0,8.0,211.3,NOT CHARGING,40.3097180556,0.0
2020-08-29T21:12:05+00:00,0.0,8.0,211.3,NOT CHARGING,40.3097180556,0.0
2020-08-29T21:12:09+00:00,0.0,8.0,211.6,NOT CHARGING,40.3097180556,0.0
2020-08-29T21:12:13+00:00,0.0,8.0,211.5,NOT CHARGING,40.3097180556,0.0
2020-08-29T21:12:17+00:00,0.0,8.0,211.3,NOT CHARGING,40.3097180556,0.0
2020-08-29T21:12:21+00:00,0.0,8.0,210.9,NOT CHARGING,40.3097180556,0.0
2020-08-29T21:12:25+00:00,0.0,8.0,211.2,NOT CHARGING,40.3097180556,0.0
2020-08-29T21:12:29+00:00,0.0,8.0,211.3,NOT CHARGING,40.3097180556,0.0
2020-08-29T21:12:33+00:00,0.0,8.0,211.3,NOT CHARGING,40.3097180556,0.0
2020-08-29T21:12:37+00:00,0.0,8.0,211.4,NOT CHARGING,40.3097180556,0.0
2020-08-29T21:12:40+00:00,0.0,8.0,211.4,NOT CHARGING,40.3097180556,0.0
2020-08-29T21:12:44+00:00,0.0,8.0,211.4,NOT CHARGING,40.3097180556,0.0
2020-08-29T21:12:48+00:00,0.0,8.0,211.5,NOT CHARGING,40.3097180556,0.0
2020-08-29T21:12:52+00:00,0.0,8.0,211.5,NOT CHARGING,40.3097180556,0.0
2020-08-29T21:12:56+00:00,0.0,8.0,210.9,NOT CHARGING,40.3097180556,0.0
2020-08-29T21:13:00+00:00,0.0,8.0,211.4,NOT CHARGING,40.3097180556,0.0
2020-08-29T21:13:04+00:00,0.0,8.0,211.0,NOT CHARGING,40.3097180556,0.0
2020-08-29T21:13:08+00:00,0.0,8.0,211.2,NOT CHARGING,40.3097180556,0.0
2020-08-29T21:13:12+00:00,0.0,8.0,211.3,NOT CHARGING,40.3097180556,0.0
2020-08-29T21:13:16+00:00,0.0,8.0,211.2,NOT CHARGING,40.3097180556,0.0
2020-08-29T21:13:20+00:00,0.0,8.0,211.0,NOT CHARGING,40.3097180556,0.0
2020-08-29T21:13:24+00:00,0.0,8.0,211.2,NOT CHARGING,40.3097180556,0.0
2020-08-29T21:13:28+00:00,0.0,8.0,211.2,NOT CHARGING,40.3097180556,0.0
2020-08-29T21:13:32+00:00,0.0,8.0,211.2,NOT CHARGING,40.3097180556,0.0
2020-08-29T21:13:36+00:00,0.0,8.0,211.2,NOT CHARGING,40.3097180556,0.0
2020-08-29T21:13:40+00:00,0.0,8.0,211.0,NOT CHARGING,40.3097180556,0.0
2020-08-29T21:13:44+00:00,0.0,8.0,211.2,NOT CHARGING,40.3097180556,0.0
2020-08-29T21:13:47+00:00,0.0,8.0,211.3,NOT CHARGING,40.3097180556,0.0
2020-08-29T21:13:51+00:00,0.0,8.0,211.1,NOT CHARGING,40.3097180556,0.0
2020-08-29T21:13:55+00:00,0.0,8.0,211.0,NOT CHARGING,40.3097180556,0.0
2020-08-29T21:13:59+00:00,0.0,8.0,211.3,NOT CHARGING,40.3097180556,0.0
2020-08-29T21:14:03+00:00,0.0,8.0,211.2,NOT CHARGING,40.3097180556,0.0
2020-08-29T21:14:07+00:00,0.0,8.0,211.1,NOT CHARGING,40.3097180556,0.0
2020-08-29T21:14:11+00:00,0.0,8.0,211.2,NOT CHARGING,40.3097180556,0.0
2020-08-29T21:14:15+00:00,0.0,8.0,211.1,NOT CHARGING,40.3097180556,0.0
2020-08-29T21:14:19+00:00,0.0,8.0,211.4,NOT CHARGING,40.3097180556,0.0
2020-08-29T21:14:23+00:00,0.0,8.0,211.1,NOT CHARGING,40.3097180556,0.0
2020-08-29T21:14:27+00:00,0.0,8.0,211.1,NOT CHARGING,40.3097180556,0.0
2020-08-29T21:14:31+00:00,0.0,8.0,211.2,NOT CHARGING,40.3097180556,0.0
2020-08-29T21:14:35+00:00,0.0,8.0,211.4,NOT CHARGING,40.3097180556,0.0
2020-08-29T21:14:39+00:00,0.0,8.0,211.2,NOT CHARGING,40.3097180556,0.0
2020-08-29T21:14:43+00:00,0.0,8.0,211.1,NOT CHARGING,40.3097180556,0.0
2020-08-29T21:14:47+00:00,0.0,8.0,211.1,NOT CHARGING,40.3097180556,0.0
2020-08-29T21:14:51+00:00,0.0,8.0,211.3,NOT CHARGING,40.3097180556,0.0
2020-08-29T21:14:54+00:00,0.0,8.0,211.3,NOT CHARGING,40.3097180556,0.0
2020-08-29T21:14:58+00:00,0.0,8.0,211.2,NOT CHARGING,40.3097180556,0.0
2020-08-29T21:15:02+00:00,0.0,8.0,211.1,NOT CHARGING,40.3097180556,0.0
2020-08-29T21:15:06+00:00,0.0,8.0,210.7,NOT CHARGING,40.3097180556,0.0
2020-08-29T21:15:10+00:00,0.0,8.0,211.3,NOT CHARGING,40.3097180556,0.0
2020-08-29T21:15:14+00:00,0.0,8.0,211.3,NOT CHARGING,40.3097180556,0.0
2020-08-29T21:15:18+00:00,0.0,8.0,211.1,NOT CHARGING,40.3097180556,0.0
2020-08-29T21:15:22+00:00,0.0,8.0,211.2,NOT CHARGING,40.3097180556,0.0
2020-08-29T21:15:26+00:00,0.0,8.0,211.1,NOT CHARGING,40.3097180556,0.0
2020-08-29T21:15:30+00:00,0.0,8.0,211.3,NOT CHARGING,40.3097180556,0.0
2020-08-29T21:15:34+00:00,0.0,8.0,211.1,NOT CHARGING,40.3097180556,0.0
2020-08-29T21:15:38+00:00,0.0,8.0,211.1,NOT CHARGING,40.3097180556,0.0
2020-08-29T21:15:42+00:00,0.0,8.0,211.2,NOT CHARGING,40.3097180556,0.0
2020-08-29T21:15:46+00:00,0.0,8.0,211.1,NOT CHARGING,40.3097180556,0.0
2020-08-29T21:15:50+00:00,0.0,8.0,211.3,NOT CHARGING,40.3097180556,0.0
2020-08-29T21:15:54+00:00,0.0,8.0,211.1,NOT CHARGING,40.3097180556,0.0
2020-08-29T21:15:58+00:00,0.0,8.0,211.3,NOT CHARGING,40.3097180556,0.0
2020-08-29T21:16:01+00:00,0.0,8.0,211.2,NOT CHARGING,40.3097180556,0.0
2020-08-29T21:16:05+00:00,0.0,8.0,211.3,NOT CHARGING,40.3097180556,0.0
2020-08-29T21:16:09+00:00,0.0,8.0,211.2,NOT CHARGING,40.3097180556,0.0
2020-08-29T21:16:13+00:00,0.0,8.0,211.2,NOT CHARGING,40.3097180556,0.0
2020-08-29T21:16:17+00:00,0.0,8.0,211.1,NOT CHARGING,40.3097180556,0.0
2020-08-29T21:16:21+00:00,0.0,8.0,211.0,NOT CHARGING,40.3097180556,0.0
2020-08-29T21:16:25+00:00,0.0,8.0,211.0,NOT CHARGING,40.3097180556,0.0
2020-08-29T21:16:29+00:00,0.0,8.0,211.1,NOT CHARGING,40.3097180556,0.0
2020-08-29T21:16:33+00:00,0.0,8.0,211.3,NOT CHARGING,40.3097180556,0.0
2020-08-29T21:16:37+00:00,0.0,8.0,211.3,NOT CHARGING,40.3097180556,0.0
2020-08-29T21:16:41+00:00,0.0,8.0,211.1,NOT CHARGING,40.3097180556,0.0
2020-08-29T21:16:45+00:00,0.0,8.0,211.2,NOT CHARGING,40.3097180556,0.0
2020-08-29T21:16:49+00:00,0.0,8.0,211.1,NOT CHARGING,40.3097180556,0.0
2020-08-29T21:16:53+00:00,0.0,8.0,211.1,NOT CHARGING,40.3097180556,0.0
2020-08-29T21:16:57+00:00,0.0,8.0,210.9,NOT CHARGING,40.3097180556,0.0
2020-08-29T21:17:01+00:00,0.0,8.0,211.3,NOT CHARGING,40.3097180556,0.0
2020-08-29T21:17:05+00:00,0.0,8.0,211.2,NOT CHARGING,40.3097180556,0.0
2020-08-29T21:17:08+00:00,0.0,8.0,211.2,NOT CHARGING,40.3097180556,0.0
2020-08-29T21:17:12+00:00,0.0,8.0,211.2,NOT CHARGING,40.3097180556,0.0
2020-08-29T21:17:16+00:00,0.0,8.0,210.8,NOT CHARGING,40.3097180556,0.0
2020-08-29T21:17:20+00:00,0.0,8.0,210.9,NOT CHARGING,40.3097180556,0.0
2020-08-29T21:17:24+00:00,0.0,8.0,211.3,NOT CHARGING,40.3097180556,0.0
2020-08-29T21:17:28+00:00,0.0,8.0,211.0,NOT CHARGING,40.3097180556,0.0
2020-08-29T21:17:32+00:00,0.0,8.0,211.0,NOT CHARGING,40.3097180556,0.0
2020-08-29T21:17:36+00:00,0.0,8.0,211.0,NOT CHARGING,40.3097180556,0.0
2020-08-29T21:17:40+00:00,0.0,8.0,210.9,NOT CHARGING,40.3097180556,0.0
2020-08-29T21:17:44+00:00,0.0,8.0,211.1,NOT CHARGING,40.3097180556,0.0
2020-08-29T21:17:48+00:00,0.0,8.0,210.9,NOT CHARGING,40.3097180556,0.0
2020-08-29T21:17:52+00:00,0.0,8.0,210.9,NOT CHARGING,40.3097180556,0.0
2020-08-29T21:17:56+00:00,0.0,8.0,211.0,NOT CHARGING,40.3097180556,0.0
2020-08-29T21:18:00+00:00,0.0,8.0,211.1,NOT CHARGING,40.3097180556,0.0
2020-08-29T21:18:04+00:00,0.0,8.0,211.4,NOT CHARGING,40.3097180556,0.0
2020-08-29T21:18:08+00:00,0.3,8.0,211.1,READY,40.30972,0.009
2020-08-29T21:18:12+00:00,1.1,8.0,211.0,ADAPTIVE,40.309726388899996,0.018
2020-08-29T21:18:15+00:00,5.2,8.0,210.2,ADAPTIVE,40.3099705556,1.1019999999999999
2020-08-29T21:18:19+00:00,7.9,8.0,209.9,ADAPTIVE,40.3117305556,1.665
2020-08-29T21:18:23+00:00,7.9,8.0,209.9,ADAPTIVE,40.313539999999996,1.657
2020-08-29T21:18:27+00:00,7.9,8.0,209.8,ADAPTIVE,40.31535638889999,1.664
2020-08-29T21:18:31+00:00,7.9,8.0,209.8,ADAPTIVE,40.3171647222,1.659
2020-08-29T21:18:35+00:00,7.9,8.0,209.6,ADAPTIVE,40.3189805556,1.657
2020-08-29T21:18:39+00:00,7.9,8.0,209.6,ADAPTIVE,40.3207966667,1.661
2020-08-29T21:18:43+00:00,7.9,8.0,209.9,ADAPTIVE,40.3226058333,1.664
2020-08-29T21:18:47+00:00,7.8,8.0,209.6,ADAPTIVE,40.3244222222,1.652
2020-08-29T21:18:51+00:00,7.8,8.0,209.7,ADAPTIVE,40.326229999999995,1.657
2020-08-29T21:18:55+00:00,7.9,8.0,210.0,ADAPTIVE,40.32804694439999,1.659
2020-08-29T21:18:59+00:00,7.9,8.0,209.7,ADAPTIVE,40.329854999999995,1.663
2020-08-29T21:19:03+00:00,7.9,8.0,209.8,ADAPTIVE,40.3316711111,1.658
2020-08-29T21:19:07+00:00,7.9,8.0,209.9,ADAPTIVE,40.333479722199996,1.657
2020-08-29T21:19:11+00:00,7.9,8.0,209.9,ADAPTIVE,40.3352961111,1.66
2020-08-29T21:19:15+00:00,7.9,8.0,209.7,ADAPTIVE,40.337104722199996,1.659
2020-08-29T21:19:19+00:00,8.1,11.0,210.0,ADAPTIVE,40.338921666699996,1.708
2020-08-29T21:19:22+00:00,10.7,11.0,209.5,ADAPTIVE,40.34134194439999,2.26
2020-08-29T21:19:26+00:00,10.7,11.0,209.3,ADAPTIVE,40.3438261111,2.2609999999999997
2020-08-29T21:19:30+00:00,10.7,11.0,209.3,ADAPTIVE,40.3462983333,2.262
2020-08-29T21:19:34+00:00,10.8,11.0,209.5,ADAPTIVE,40.348780277799996,2.2649999999999997
2020-08-29T21:19:38+00:00,10.8,11.0,209.5,ADAPTIVE,40.35126388889999,2.266
2020-08-29T21:19:42+00:00,10.7,11.0,209.4,ADAPTIVE,40.3537266667,2.2649999999999997
2020-08-29T21:19:46+00:00,10.8,11.0,209.6,ADAPTIVE,40.3562102778,2.266
2020-08-29T21:19:50+00:00,10.8,11.0,209.5,ADAPTIVE,40.3586825,2.268
2020-08-29T21:19:54+00:00,10.8,11.0,209.4,ADAPTIVE,40.3611655556,2.268
2020-08-29T21:19:58+00:00,10.7,11.0,209.4,ADAPTIVE,40.3636386111,2.251
2020-08-29T21:20:02+00:00,10.8,11.0,209.6,ADAPTIVE,40.3661230556,2.266
2020-08-29T21:20:06+00:00,10.8,11.0,209.6,ADAPTIVE,40.3685980556,2.267
2020-08-29T21:20:10+00:00,10.8,11.0,209.5,ADAPTIVE,40.3710836111,2.2689999999999997
2020-08-29T21:20:14+00:00,10.8,11.0,209.6,ADAPTIVE,40.3735577778,2.275
2020-08-29T21:20:19+00:00,10.8,11.0,209.6,ADAPTIVE,40.37604138889999,2.262
2020-08-29T21:20:22+00:00,10.8,11.0,209.5,ADAPTIVE,40.3785155556,2.2689999999999997
2020-08-29T21:20:26+00:00,10.8,11.0,209.5,ADAPTIVE,40.3809983333,2.279
2020-08-29T21:20:29+00:00,10.8,11.0,209.1,ADAPTIVE,40.383481944399996,2.275
2020-08-29T21:20:33+00:00,10.8,11.0,209.2,ADAPTIVE,40.38595444439999,2.28
2020-08-29T21:20:37+00:00,10.8,11.0,209.5,ADAPTIVE,40.388428611100004,2.27
2020-08-29T21:20:41+00:00,10.8,11.0,209.4,ADAPTIVE,40.390913611100004,2.267
2020-08-29T21:20:45+00:00,10.8,11.0,209.3,ADAPTIVE,40.39339916669999,2.267
2020-08-29T21:20:49+00:00,10.7,11.0,209.3,ADAPTIVE,40.3958733333,2.267
2020-08-29T21:20:53+00:00,10.8,11.0,209.2,ADAPTIVE,40.3983572222,2.276
2020-08-29T21:20:57+00:00,10.8,11.0,209.5,ADAPTIVE,40.4008283333,2.264
2020-08-29T21:21:01+00:00,10.8,11.0,209.5,ADAPTIVE,40.4033111111,2.2649999999999997
2020-08-29T21:21:05+00:00,10.7,11.0,209.2,ADAPTIVE,40.4057838889,2.26
2020-08-29T21:21:09+00:00,10.8,11.0,209.3,ADAPTIVE,40.4082658333,2.2769999999999997
2020-08-29T21:21:13+00:00,10.7,11.0,209.5,ADAPTIVE,40.41073888889999,2.259
2020-08-29T21:21:17+00:00,10.7,11.0,209.6,ADAPTIVE,40.413222499999996,2.255
2020-08-29T21:21:21+00:00,10.8,11.0,209.4,ADAPTIVE,40.4156958333,2.267
2020-08-29T21:21:25+00:00,10.7,11.0,209.3,ADAPTIVE,40.418179444399996,2.253
2020-08-29T21:21:29+00:00,10.8,11.0,209.1,ADAPTIVE,40.4206530556,2.283
2020-08-29T21:21:32+00:00,10.8,11.0,209.4,ADAPTIVE,40.4231347222,2.263
2020-08-29T21:21:36+00:00,10.8,11.0,209.3,ADAPTIVE,40.4256080556,2.272
2020-08-29T21:21:40+00:00,10.8,11.0,209.5,ADAPTIVE,40.4280930556,2.2729999999999997
2020-08-29T21:21:44+00:00,10.8,11.0,209.4,ADAPTIVE,40.4305680556,2.2729999999999997
2020-08-29T21:21:48+00:00,10.8,11.0,209.6,ADAPTIVE,40.4330519444,2.275
2020-08-29T21:21:52+00:00,10.8,11.0,209.3,ADAPTIVE,40.4355358333,2.275
2020-08-29T21:21:56+00:00,10.8,11.0,209.5,ADAPTIVE,40.4380077778,2.274
2020-08-29T21:22:00+00:00,10.8,11.0,209.4,ADAPTIVE,40.4404905556,2.2609999999999997
2020-08-29T21:22:04+00:00,10.8,11.0,209.4,ADAPTIVE,40.4429619444,2.275
2020-08-29T21:22:08+00:00,10.8,11.0,209.0,ADAPTIVE,40.4454361111,2.263
2020-08-29T21:22:12+00:00,10.8,11.0,209.5,ADAPTIVE,40.44792138889999,2.2689999999999997
2020-08-29T21:22:16+00:00,10.8,11.0,209.4,ADAPTIVE,40.4503933333,2.268
2020-08-29T21:22:20+00:00,10.8,11.0,209.2,ADAPTIVE,40.45287666669999,2.2769999999999997
2020-08-29T21:22:24+00:00,10.8,11.0,209.3,ADAPTIVE,40.4553502778,2.263
2020-08-29T21:22:28+00:00,10.8,11.0,209.3,ADAPTIVE,40.457834166699996,2.2769999999999997
2020-08-29T21:22:32+00:00,10.7,11.0,209.5,ADAPTIVE,40.4603075,2.251
2020-08-29T21:22:36+00:00,10.8,11.0,209.4,ADAPTIVE,40.4627916667,2.275
2020-08-29T21:22:39+00:00,10.8,11.0,209.1,ADAPTIVE,40.4652647222,2.2689999999999997
2020-08-29T21:22:43+00:00,10.7,11.0,209.2,ADAPTIVE,40.4677477778,2.256
2020-08-29T21:22:47+00:00,10.8,11.0,209.1,ADAPTIVE,40.4702205556,2.272
2020-08-29T21:22:51+00:00,10.8,11.0,208.8,ADAPTIVE,40.4727008333,2.262
2020-08-29T21:22:55+00:00,10.8,11.0,209.0,ADAPTIVE,40.47517,2.271
2020-08-29T21:22:59+00:00,10.8,11.0,208.8,ADAPTIVE,40.4776486111,2.274
2020-08-29T21:23:03+00:00,10.8,11.0,209.2,ADAPTIVE,40.4801286111,2.272
2020-08-29T21:23:07+00:00,10.8,11.0,209.2,ADAPTIVE,40.482601388899994,2.268
2020-08-29T21:23:11+00:00,10.8,11.0,209.2,ADAPTIVE,40.4850858333,2.2689999999999997
2020-08-29T21:23:15+00:00,10.8,11.0,209.3,ADAPTIVE,40.487559166699995,2.271
2020-08-29T21:23:19+00:00,10.8,11.0,209.2,ADAPTIVE,40.4900425,2.264
2020-08-29T21:23:23+00:00,10.8,11.0,209.1,ADAPTIVE,40.4925147222,2.275
2020-08-29T21:23:27+00:00,10.8,11.0,209.1,ADAPTIVE,40.4949977778,2.268
2020-08-29T21:23:31+00:00,10.8,11.0,209.1,ADAPTIVE,40.4974708333,2.2649999999999997
2020-08-29T21:23:35+00:00,10.8,11.0,209.1,ADAPTIVE,40.499954722199995,2.2609999999999997
2020-08-29T21:23:39+00:00,10.8,11.0,209.2,ADAPTIVE,40.50242888889999,2.268
2020-08-29T21:23:43+00:00,10.8,11.0,209.1,ADAPTIVE,40.5049133333,2.274
2020-08-29T21:23:46+00:00,10.8,11.0,209.1,ADAPTIVE,40.5073877778,2.267
2020-08-29T21:23:50+00:00,10.8,11.0,209.2,ADAPTIVE,40.509872222199995,2.267
2020-08-29T21:23:54+00:00,10.8,11.0,209.3,ADAPTIVE,40.5123452778,2.272
2020-08-29T21:23:58+00:00,10.8,11.0,209.2,ADAPTIVE,40.5148277778,2.267
2020-08-29T21:24:02+00:00,10.8,11.0,209.1,ADAPTIVE,40.5173,2.259
2020-08-29T21:24:06+00:00,10.8,11.0,209.2,ADAPTIVE,40.5197727778,2.275
2020-08-29T21:24:10+00:00,10.8,11.0,209.2,ADAPTIVE,40.5222552778,2.268
2020-08-29T21:24:14+00:00,10.7,11.0,209.3,ADAPTIVE,40.5247280556,2.257
2020-08-29T21:24:18+00:00,10.8,11.0,209.3,ADAPTIVE,40.52721138889999,2.2689999999999997
2020-08-29T21:24:22+00:00,10.8,11.0,209.2,ADAPTIVE,40.529684166699994,2.272
2020-08-29T21:24:26+00:00,11.7,12.0,208.9,ADAPTIVE,40.5322058333,2.461
2020-08-29T21:24:30+00:00,11.8,12.0,208.9,ADAPTIVE,40.5348958333,2.467
2020-08-29T21:24:34+00:00,11.8,12.0,209.1,ADAPTIVE,40.5375977778,2.476
2020-08-29T21:24:38+00:00,11.8,12.0,208.8,ADAPTIVE,40.5402891667,2.469
2020-08-29T21:24:42+00:00,11.8,12.0,208.9,ADAPTIVE,40.5429916667,2.477
2020-08-29T21:24:46+00:00,11.8,12.0,209.1,ADAPTIVE,40.54568138889999,2.469
2020-08-29T21:24:50+00:00,11.7,12.0,209.1,ADAPTIVE,40.5483836111,2.459
2020-08-29T21:24:53+00:00,11.8,12.0,209.0,ADAPTIVE,40.551074444399994,2.4739999999999998
2020-08-29T21:24:57+00:00,11.7,12.0,209.0,ADAPTIVE,40.5537763889,2.465
2020-08-29T21:25:01+00:00,11.8,12.0,208.9,ADAPTIVE,40.5564655556,2.473
2020-08-29T21:25:05+00:00,11.7,12.0,208.8,ADAPTIVE,40.5591561111,2.46
2020-08-29T21:25:09+00:00,11.7,12.0,208.9,ADAPTIVE,40.5618572222,2.461
2020-08-29T21:25:13+00:00,11.8,12.0,209.2,ADAPTIVE,40.5645477778,2.476
2020-08-29T21:25:17+00:00,11.7,12.0,208.6,ADAPTIVE,40.567248055600004,2.463
2020-08-29T21:25:21+00:00,11.8,12.0,208.8,ADAPTIVE,40.5699372222,2.472
2020-08-29T21:25:25+00:00,11.8,12.0,209.2,ADAPTIVE,40.5726380556,2.4739999999999998
2020-08-29T21:25:29+00:00,10.8,11.0,209.2,ADAPTIVE,40.575146388899995,2.267
2020-08-29T21:25:33+00:00,10.8,11.0,208.8,ADAPTIVE,40.577628888899994,2.2689999999999997
2020-08-29T21:25:37+00:00,10.8,11.0,208.9,ADAPTIVE,40.5801,2.2649999999999997
2020-08-29T21:25:41+00:00,10.8,11.0,209.2,ADAPTIVE,40.5825825,2.2729999999999997
2020-08-29T21:25:45+00:00,10.8,11.0,209.1,ADAPTIVE,40.5850536111,2.264
2020-08-29T21:25:49+00:00,10.8,11.0,209.0,ADAPTIVE,40.5875358333,2.27
2020-08-29T21:25:53+00:00,10.8,11.0,209.0,ADAPTIVE,40.59000722219999,2.27
2020-08-29T21:25:56+00:00,10.8,11.0,209.2,ADAPTIVE,40.5924877778,2.274
2020-08-29T21:26:00+00:00,10.8,11.0,208.9,ADAPTIVE,40.594958888899995,2.27
2020-08-29T21:26:04+00:00,10.8,11.0,209.1,ADAPTIVE,40.597429999999996,2.2689999999999997
2020-08-29T21:26:08+00:00,10.8,11.0,209.0,ADAPTIVE,40.5999119444,2.272
2020-08-29T21:26:12+00:00,10.8,11.0,209.1,ADAPTIVE,40.6023825,2.271
2020-08-29T21:26:16+00:00,10.8,11.0,209.0,ADAPTIVE,40.6048636111,2.274
2020-08-29T21:26:20+00:00,10.8,11.0,209.0,ADAPTIVE,40.607333888899994,2.259
2020-08-29T21:26:24+00:00,10.8,11.0,208.8,ADAPTIVE,40.609814444399994,2.257
2020-08-29T21:26:28+00:00,13.8,16.0,208.4,ADAPTIVE,40.612349444399996,2.891
2020-08-29T21:26:32+00:00,15.7,16.0,207.9,ADAPTIVE,40.6158958333,3.276
2020-08-29T21:26:36+00:00,15.6,16.0,207.9,ADAPTIVE,40.6193655556,3.258
2020-08-29T21:26:40+00:00,15.6,16.0,208.0,ADAPTIVE,40.622918611100005,3.251
2020-08-29T21:26:44+00:00,15.5,16.0,208.1,ADAPTIVE,40.6264555556,3.239
2020-08-29T21:26:48+00:00,15.6,16.0,208.2,ADAPTIVE,40.6299927778,3.251
2020-08-29T21:26:52+00:00,15.6,16.0,207.9,ADAPTIVE,40.6335447222,3.252
2020-08-29T21:26:56+00:00,15.5,16.0,208.0,ADAPTIVE,40.6370805556,3.23
2020-08-29T21:27:00+00:00,15.6,16.0,208.0,ADAPTIVE,40.6406327778,3.2529999999999997
2020-08-29T21:27:04+00:00,15.6,16.0,208.1,ADAPTIVE,40.6441686111,3.258
2020-08-29T21:27:07+00:00,15.6,16.0,208.0,ADAPTIVE,40.647719444399996,3.2609999999999997
2020-08-29T21:27:11+00:00,15.6,16.0,208.0,ADAPTIVE,40.651254722199994,3.25
2020-08-29T21:27:15+00:00,15.6,16.0,208.1,ADAPTIVE,40.65478888889999,3.25
2020-08-29T21:27:19+00:00,15.5,16.0,208.2,ADAPTIVE,40.658333888899996,3.2369999999999997
2020-08-29T21:27:23+00:00,15.6,16.0,207.8,ADAPTIVE,40.6618702778,3.251
2020-08-29T21:27:27+00:00,15.6,16.0,208.2,ADAPTIVE,40.665419444399994,3.26
2020-08-29T21:27:31+00:00,15.5,16.0,208.1,ADAPTIVE,40.6689536111,3.2449999999999997
2020-08-29T21:27:35+00:00,15.5,16.0,208.2,ADAPTIVE,40.6725036111,3.2249999999999996
2020-08-29T21:27:39+00:00,15.6,16.0,208.0,ADAPTIVE,40.67604,3.254
2020-08-29T21:27:43+00:00,15.6,16.0,208.1,ADAPTIVE,40.6795911111,3.262
2020-08-29T21:27:47+00:00,15.5,16.0,208.0,ADAPTIVE,40.6831275,3.2319999999999998
2020-08-29T21:27:51+00:00,15.5,16.0,208.2,ADAPTIVE,40.6866786111,3.235
2020-08-29T21:27:55+00:00,15.6,16.0,208.1,ADAPTIVE,40.6902147222,3.2529999999999997
2020-08-29T21:27:59+00:00,15.6,16.0,208.2,ADAPTIVE,40.6937519444,3.259
2020-08-29T21:28:03+00:00,15.6,16.0,208.2,ADAPTIVE,40.6973033333,3.2689999999999997
2020-08-29T21:28:07+00:00,15.5,16.0,208.3,ADAPTIVE,40.700839722199994,3.25
2020-08-29T21:28:10+00:00,15.5,16.0,208.4,ADAPTIVE,40.704391944399994,3.2489999999999997
2020-08-29T21:28:14+00:00,15.6,16.0,208.4,ADAPTIVE,40.7079302778,3.264
2020-08-29T21:28:18+00:00,15.6,16.0,208.3,ADAPTIVE,40.71148444439999,3.251
2020-08-29T21:28:22+00:00,15.5,16.0,208.2,ADAPTIVE,40.71502194439999,3.231
2020-08-29T21:28:26+00:00,15.6,16.0,208.2,ADAPTIVE,40.7185558333,3.256
2020-08-29T21:28:30+00:00,15.6,16.0,208.2,ADAPTIVE,40.7221055556,3.2529999999999997
2020-08-29T21:28:34+00:00,15.5,16.0,208.4,ADAPTIVE,40.7256380556,3.2399999999999998
2020-08-29T21:28:38+00:00,15.5,16.0,208.3,ADAPTIVE,40.7291855556,3.2369999999999997
2020-08-29T21:28:42+00:00,15.5,16.0,208.4,ADAPTIVE,40.732720555600004,3.2479999999999998
2020-08-29T21:28:46+00:00,15.6,16.0,208.5,ADAPTIVE,40.73626888889999,3.25
2020-08-29T21:28:50+00:00,15.6,16.0,208.3,ADAPTIVE,40.739802499999996,3.256
2020-08-29T21:28:54+00:00,15.5,16.0,208.3,ADAPTIVE,40.7433386111,3.234
2020-08-29T21:28:58+00:00,15.5,16.0,208.4,ADAPTIVE,40.7468875,3.2409999999999997
2020-08-29T21:29:02+00:00,15.6,16.0,208.1,ADAPTIVE,40.750425,3.255
2020-08-29T21:29:06+00:00,15.5,16.0,208.0,ADAPTIVE,40.753977777799996,3.2479999999999998
2020-08-29T21:29:10+00:00,15.5,16.0,208.3,ADAPTIVE,40.7575161111,3.238
2020-08-29T21:29:14+00:00,15.6,16.0,208.1,ADAPTIVE,40.7610516667,3.262
2020-08-29T21:29:17+00:00,15.5,16.0,208.2,ADAPTIVE,40.7646019444,3.2439999999999998
2020-08-29T21:29:21+00:00,15.5,16.0,208.2,ADAPTIVE,40.7681369444,3.235
2020-08-29T21:29:25+00:00,15.6,16.0,208.2,ADAPTIVE,40.771688611100004,3.2489999999999997
2020-08-29T21:29:29+00:00,15.5,16.0,208.1,ADAPTIVE,40.775227222199995,3.25
2020-08-29T21:29:33+00:00,15.5,16.0,208.5,ADAPTIVE,40.7787652778,3.2399999999999998
2020-08-29T21:29:37+00:00,15.5,16.0,208.3,ADAPTIVE,40.7823158333,3.2399999999999998
2020-08-29T21:29:41+00:00,15.5,16.0,208.4,ADAPTIVE,40.7858497222,3.2409999999999997
2020-08-29T21:29:45+00:00,15.5,16.0,208.1,ADAPTIVE,40.789399166699994,3.251
2020-08-29T21:29:49+00:00,15.5,16.0,208.3,ADAPTIVE,40.7929330556,3.2439999999999998
2020-08-29T21:29:53+00:00,15.6,16.0,208.2,ADAPTIVE,40.7964672222,3.254
2020-08-29T21:29:57+00:00,15.6,16.0,208.3,ADAPTIVE,40.8000158333,3.2529999999999997
2020-08-29T21:30:01+00:00,15.5,16.0,208.1,ADAPTIVE,40.803548055600004,3.235
2020-08-29T21:30:05+00:00,15.5,16.0,208.1,ADAPTIVE,40.807095833300004,3.247
2020-08-29T21:30:09+00:00,15.6,16.0,208.2,ADAPTIVE,40.8106302778,3.2569999999999997
2020-08-29T21:30:13+00:00,15.6,16.0,208.0,ADAPTIVE,40.814179722199995,3.2529999999999997
2020-08-29T21:30:17+00:00,15.5,16.0,208.1,ADAPTIVE,40.8177158333,3.242
2020-08-29T21:30:21+00:00,15.6,16.0,208.1,ADAPTIVE,40.8212508333,3.268
2020-08-29T21:30:24+00:00,15.6,16.0,208.2,ADAPTIVE,40.8247986111,3.2529999999999997
2020-08-29T21:30:28+00:00,15.5,16.0,208.1,ADAPTIVE,40.8283294444,3.2249999999999996
2020-08-29T21:30:32+00:00,16.4,20.0,207.9,ADAPTIVE,40.8318669444,3.417
2020-08-29T21:30:36+00:00,19.4,20.0,207.5,ADAPTIVE,40.836205,4.039
2020-08-29T21:30:40+00:00,19.4,20.0,207.5,ADAPTIVE,40.84060194439999,4.035
2020-08-29T21:30:44+00:00,19.5,20.0,207.6,ADAPTIVE,40.8450177778,4.066
2020-08-29T21:30:48+00:00,19.6,20.0,207.5,ADAPTIVE,40.849456944399996,4.076
2020-08-29T21:30:52+00:00,19.6,20.0,207.3,ADAPTIVE,40.853894722199996,4.076
2020-08-29T21:30:56+00:00,19.4,20.0,207.7,ADAPTIVE,40.8583191667,4.043
2020-08-29T21:31:00+00:00,19.5,20.0,207.5,ADAPTIVE,40.8627133333,4.055
2020-08-29T21:31:04+00:00,19.4,20.0,207.6,ADAPTIVE,40.8671258333,4.039
2020-08-29T21:31:08+00:00,19.4,20.0,207.5,ADAPTIVE,40.87151944439999,4.048
2020-08-29T21:31:12+00:00,19.4,20.0,207.5,ADAPTIVE,40.8759136111,4.036
2020-08-29T21:31:16+00:00,19.6,20.0,207.5,ADAPTIVE,40.8803402778,4.076
2020-08-29T21:31:20+00:00,19.6,20.0,207.4,ADAPTIVE,40.8847766667,4.075
2020-08-29T21:31:24+00:00,19.5,20.0,207.3,ADAPTIVE,40.8892311111,4.069999999999999
2020-08-29T21:31:28+00:00,19.4,20.0,207.5,ADAPTIVE,40.8936308333,4.031
2020-08-29T21:31:31+00:00,19.5,20.0,207.0,ADAPTIVE,40.8980258333,4.061
2020-08-29T21:31:35+00:00,19.4,20.0,207.3,ADAPTIVE,40.902439444399995,4.047
2020-08-29T21:31:39+00:00,19.6,20.0,207.6,ADAPTIVE,40.9068369444,4.084
2020-08-29T21:31:43+00:00,19.6,20.0,207.6,ADAPTIVE,40.9112747222,4.075
2020-08-29T21:31:47+00:00,19.6,20.0,207.4,ADAPTIVE,40.9157302778,4.083
2020-08-29T21:31:51+00:00,19.4,20.0,207.3,ADAPTIVE,40.9201588889,4.036
2020-08-29T21:31:55+00:00,19.3,20.0,207.4,ADAPTIVE,40.9245736111,4.029
2020-08-29T21:31:59+00:00,19.4,20.0,207.2,ADAPTIVE,40.9289655556,4.045
2020-08-29T21:32:03+00:00,19.4,20.0,207.2,ADAPTIVE,40.9333611111,4.042
2020-08-29T21:32:07+00:00,19.4,20.0,207.1,ADAPTIVE,40.9377736111,4.036
2020-08-29T21:32:11+00:00,19.6,20.0,207.1,ADAPTIVE,40.9421927778,4.069999999999999
2020-08-29T21:32:15+00:00,19.3,20.0,207.5,ADAPTIVE,40.94660916669999,4.027
2020-08-29T21:32:19+00:00,19.5,20.0,206.9,ADAPTIVE,40.951022222199995,4.0489999999999995
2020-08-29T21:32:23+00:00,19.4,20.0,207.2,ADAPTIVE,40.9554163889,4.037
2020-08-29T21:32:27+00:00,19.6,20.0,206.9,ADAPTIVE,40.959827499999996,4.076
2020-08-29T21:32:31+00:00,19.4,20.0,207.2,ADAPTIVE,40.9642625,4.044
2020-08-29T21:32:35+00:00,19.4,20.0,207.2,ADAPTIVE,40.9686575,4.037
2020-08-29T21:32:38+00:00,19.4,20.0,207.3,ADAPTIVE,40.9730702778,4.047
2020-08-29T21:32:42+00:00,19.6,20.0,207.0,ADAPTIVE,40.9774725,4.076
2020-08-29T21:32:46+00:00,19.6,20.0,207.0,ADAPTIVE,40.98190638889999,4.082
2020-08-29T21:32:50+00:00,19.5,20.0,207.2,ADAPTIVE,40.9863352778,4.05
2020-08-29T21:32:54+00:00,19.4,20.0,207.3,ADAPTIVE,40.990731388899995,4.029
2020-08-29T21:32:58+00:00,19.4,20.0,207.1,ADAPTIVE,40.9951277778,4.047
2020-08-29T21:33:02+00:00,19.4,20.0,207.1,ADAPTIVE,40.9995430556,4.042
2020-08-29T21:33:06+00:00,19.4,20.0,207.2,ADAPTIVE,41.0039708333,4.035
2020-08-29T21:33:10+00:00,19.4,20.0,207.3,ADAPTIVE,41.0083686111,4.035
2020-08-29T21:33:14+00:00,19.4,20.0,207.3,ADAPTIVE,41.012786666699995,4.034
2020-08-29T21:33:18+00:00,19.6,20.0,207.3,ADAPTIVE,41.0172027778,4.077999999999999
2020-08-29T21:33:22+00:00,19.3,20.0,207.4,ADAPTIVE,41.0216211111,4.023
2020-08-29T21:33:26+00:00,19.5,20.0,207.2,ADAPTIVE,41.026037222199996,4.045999999999999
2020-08-29T21:33:30+00:00,19.3,20.0,207.1,ADAPTIVE,41.0304358333,4.018
2020-08-29T21:33:34+00:00,19.6,20.0,207.3,ADAPTIVE,41.0348472222,4.074
2020-08-29T21:33:38+00:00,19.5,20.0,207.3,ADAPTIVE,41.039281388899994,4.045999999999999
2020-08-29T21:33:41+00:00,19.4,20.0,207.1,ADAPTIVE,41.0436786111,4.04
2020-08-29T21:33:45+00:00,19.4,20.0,206.9,ADAPTIVE,41.0480775,4.029
2020-08-29T21:33:49+00:00,19.6,20.0,207.2,ADAPTIVE,41.0525111111,4.075
2020-08-29T21:33:53+00:00,19.5,20.0,207.0,ADAPTIVE,41.056931666699995,4.0489999999999995
2020-08-29T21:33:57+00:00,19.4,20.0,207.3,ADAPTIVE,41.0613283333,4.042
2020-08-29T21:34:01+00:00,19.4,20.0,207.0,ADAPTIVE,41.0657433333,4.042
2020-08-29T21:34:05+00:00,19.4,20.0,207.0,ADAPTIVE,41.0701433333,4.034
2020-08-29T21:34:09+00:00,19.5,20.0,207.1,ADAPTIVE,41.0745586111,4.048
2020-08-29T21:34:13+00:00,19.5,20.0,207.1,ADAPTIVE,41.0789730556,4.055
2020-08-29T21:34:17+00:00,19.4,20.0,207.1,ADAPTIVE,41.0833675,4.04
2020-08-29T21:34:21+00:00,19.5,20.0,207.0,ADAPTIVE,41.0877616667,4.058
2020-08-29T21:34:25+00:00,19.5,20.0,206.8,ADAPTIVE,41.0921913889,4.058
2020-08-29T21:34:29+00:00,19.4,20.0,207.3,ADAPTIVE,41.0965858333,4.04
2020-08-29T21:34:33+00:00,19.4,20.0,206.9,ADAPTIVE,41.100983055600004,4.04
2020-08-29T21:34:37+00:00,20.1,24.0,207.1,ADAPTIVE,41.1054016667,4.184
2020-08-29T21:34:41+00:00,23.5,24.0,206.5,ADAPTIVE,41.110624722199994,4.878
2020-08-29T21:34:45+00:00,23.2,24.0,206.7,ADAPTIVE,41.1159033333,4.808
2020-08-29T21:34:48+00:00,23.3,24.0,206.8,ADAPTIVE,41.1211833333,4.8309999999999995
2020-08-29T21:34:52+00:00,23.2,24.0,206.5,ADAPTIVE,41.12644194439999,4.816
2020-08-29T21:34:56+00:00,23.5,24.0,206.8,ADAPTIVE,41.1317652778,4.872
2020-08-29T21:35:00+00:00,23.4,24.0,206.6,ADAPTIVE,41.137066388899996,4.853
2020-08-29T21:35:04+00:00,23.3,24.0,206.6,ADAPTIVE,41.1423230556,4.818
2020-08-29T21:35:08+00:00,23.4,24.0,206.7,ADAPTIVE,41.1475816667,4.848
2020-08-29T21:35:12+00:00,23.6,24.0,206.5,ADAPTIVE,41.152904444399994,4.883
2020-08-29T21:35:16+00:00,23.4,24.0,206.6,ADAPTIVE,41.158173888899995,4.851
2020-08-29T21:35:20+00:00,23.5,24.0,206.8,ADAPTIVE,41.163433888899995,4.875
2020-08-29T21:35:27+00:00,23.5,24.0,206.7,ADAPTIVE,41.1687591667,4.8759999999999994
2020-08-29T21:35:28+00:00,23.3,24.0,206.7,ADAPTIVE,41.1740433333,4.8309999999999995
2020-08-29T21:35:32+00:00,23.4,24.0,206.8,ADAPTIVE,41.1793041667,4.842
2020-08-29T21:35:36+00:00,23.5,24.0,206.6,ADAPTIVE,41.18461166669999,4.866
2020-08-29T21:35:40+00:00,23.3,24.0,206.8,ADAPTIVE,41.1899036111,4.833
2020-08-29T21:35:44+00:00,23.2,24.0,206.9,ADAPTIVE,41.1951627778,4.822
2020-08-29T21:35:48+00:00,23.6,24.0,206.7,ADAPTIVE,41.2004677778,4.886
2020-08-29T21:35:52+00:00,23.3,24.0,206.6,ADAPTIVE,41.2057713889,4.83
2020-08-29T21:35:55+00:00,23.4,24.0,206.7,ADAPTIVE,41.2110311111,4.842
2020-08-29T21:35:59+00:00,23.5,24.0,206.5,ADAPTIVE,41.2163133333,4.869
2020-08-29T21:36:03+00:00,23.5,24.0,206.5,ADAPTIVE,41.221616666699994,4.869
2020-08-29T21:36:07+00:00,23.3,24.0,206.7,ADAPTIVE,41.2268955556,4.834
2020-08-29T21:36:11+00:00,23.4,24.0,206.3,ADAPTIVE,41.2321555556,4.8549999999999995
2020-08-29T21:36:15+00:00,23.5,24.0,206.6,ADAPTIVE,41.23745388889999,4.873
2020-08-29T21:36:19+00:00,23.3,24.0,206.6,ADAPTIVE,41.2427427778,4.833
2020-08-29T21:36:23+00:00,23.3,24.0,206.6,ADAPTIVE,41.248004444399996,4.827999999999999
2020-08-29T21:36:27+00:00,23.5,24.0,206.5,ADAPTIVE,41.2532997222,4.866
2020-08-29T21:36:31+00:00,23.4,24.0,206.3,ADAPTIVE,41.2585883333,4.835999999999999
2020-08-29T21:36:35+00:00,23.4,24.0,206.6,ADAPTIVE,41.2638480556,4.853
2020-08-29T21:36:39+00:00,23.5,24.0,206.6,ADAPTIVE,41.2691452778,4.874
2020-08-29T21:36:43+00:00,23.4,24.0,206.4,ADAPTIVE,41.274438888899994,4.837
2020-08-29T21:36:47+00:00,23.4,24.0,206.4,ADAPTIVE,41.279699444399995,4.849
2020-08-29T21:36:51+00:00,23.6,24.0,206.7,ADAPTIVE,41.284967222199995,4.882
2020-08-29T21:36:55+00:00,23.4,24.0,206.5,ADAPTIVE,41.2902836111,4.85
2020-08-29T21:36:59+00:00,23.4,24.0,206.7,ADAPTIVE,41.2955416667,4.848
2020-08-29T21:37:03+00:00,23.6,24.0,206.6,ADAPTIVE,41.30081,4.887
2020-08-29T21:37:06+00:00,23.2,24.0,206.5,ADAPTIVE,41.30612944439999,4.808
2020-08-29T21:37:10+00:00,23.4,24.0,206.3,ADAPTIVE,41.3113886111,4.842
2020-08-29T21:37:14+00:00,23.3,24.0,206.4,ADAPTIVE,41.3166488889,4.835
2020-08-29T21:37:18+00:00,23.6,24.0,206.5,ADAPTIVE,41.32196138889999,4.8839999999999995
2020-08-29T21:37:22+00:00,23.3,24.0,206.3,ADAPTIVE,41.327241944399994,4.83
2020-08-29T21:37:26+00:00,23.4,24.0,206.3,ADAPTIVE,41.3325011111,4.843999999999999
2020-08-29T21:37:30+00:00,23.6,24.0,206.4,ADAPTIVE,41.337804166699996,4.882
2020-08-29T21:37:34+00:00,23.4,24.0,206.5,ADAPTIVE,41.343080555600004,4.856
2020-08-29T21:37:38+00:00,23.4,24.0,206.6,ADAPTIVE,41.348340555600004,4.835999999999999
2020-08-29T21:37:42+00:00,23.6,24.0,206.6,ADAPTIVE,41.3536283333,4.885
2020-08-29T21:37:46+00:00,23.2,24.0,206.7,ADAPTIVE,41.358952222199996,4.817
2020-08-29T21:37:50+00:00,23.4,24.0,206.5,ADAPTIVE,41.3642108333,4.845
2020-08-29T21:37:54+00:00,23.3,24.0,206.6,ADAPTIVE,41.369469722199995,4.821
2020-08-29T21:37:58+00:00,23.5,24.0,206.5,ADAPTIVE,41.3747561111,4.877
2020-08-29T21:38:02+00:00,23.5,24.0,206.4,ADAPTIVE,41.3800555556,4.864
2020-08-29T21:38:06+00:00,23.4,24.0,206.5,ADAPTIVE,41.3853194444,4.8469999999999995
2020-08-29T21:38:09+00:00,23.4,24.0,206.5,ADAPTIVE,41.3906033333,4.8549999999999995
2020-08-29T21:38:13+00:00,23.6,24.0,206.5,ADAPTIVE,41.3958966667,4.8759999999999994
2020-08-29T21:38:17+00:00,23.4,24.0,206.5,ADAPTIVE,41.4011622222,4.8389999999999995
2020-08-29T21:38:21+00:00,23.3,24.0,206.6,ADAPTIVE,41.406444444399995,4.827999999999999
2020-08-29T21:38:25+00:00,23.6,24.0,206.8,ADAPTIVE,41.4117380556,4.88
2020-08-29T21:38:29+00:00,23.4,24.0,206.7,ADAPTIVE,41.4169872222,4.851
2020-08-29T21:38:33+00:00,23.5,24.0,206.7,ADAPTIVE,41.4222708333,4.869
2020-08-29T21:38:37+00:00,23.6,24.0,206.6,ADAPTIVE,41.4275433333,4.891
2020-08-29T21:38:41+00:00,23.6,24.0,206.7,ADAPTIVE,41.432845,4.882
2020-08-29T21:38:45+00:00,27.5,28.0,205.6,ADAPTIVE,41.4388336111,5.681
2020-08-29T21:38:49+00:00,27.4,28.0,206.0,ADAPTIVE,41.4448475,5.641
2020-08-29T21:38:53+00:00,27.3,28.0,205.7,ADAPTIVE,41.450951944399996,5.627
2020-08-29T21:38:57+00:00,27.4,28.0,205.7,ADAPTIVE,41.4570869444,5.646
2020-08-29T21:39:01+00:00,27.4,28.0,205.5,ADAPTIVE,41.4632002778,5.645
2020-08-29T21:39:05+00:00,27.2,28.0,205.7,ADAPTIVE,41.4693108333,5.601999999999999
2020-08-29T21:39:09+00:00,27.2,28.0,205.6,ADAPTIVE,41.475441111100004,5.606999999999999
2020-08-29T21:39:13+00:00,27.4,28.0,205.9,ADAPTIVE,41.481557222199996,5.646999999999999
2020-08-29T21:39:16+00:00,27.3,28.0,205.6,ADAPTIVE,41.4876669444,5.628
2020-08-29T21:39:20+00:00,27.4,28.0,206.0,ADAPTIVE,41.493801666699994,5.648
2020-08-29T21:39:24+00:00,27.1,28.0,205.6,ADAPTIVE,41.49990916669999,5.592
2020-08-29T21:39:28+00:00,27.4,28.0,205.8,ADAPTIVE,41.5060155556,5.654
2020-08-29T21:39:32+00:00,27.2,28.0,206.2,ADAPTIVE,41.5121691667,5.6129999999999995
2020-08-29T21:39:36+00:00,27.3,28.0,206.0,ADAPTIVE,41.5182786111,5.64
2020-08-29T21:39:40+00:00,27.3,28.0,206.1,ADAPTIVE,41.5243886111,5.63
2020-08-29T21:39:44+00:00,27.4,28.0,205.8,ADAPTIVE,41.5305197222,5.6579999999999995
2020-08-29T21:39:48+00:00,27.4,28.0,206.1,ADAPTIVE,41.5366522222,5.6579999999999995
2020-08-29T21:39:52+00:00,27.2,28.0,206.0,ADAPTIVE,41.5427558333,5.603
2020-08-29T21:39:56+00:00,27.2,28.0,205.9,ADAPTIVE,41.54889,5.622999999999999
2020-08-29T21:40:00+00:00,27.2,28.0,205.7,ADAPTIVE,41.554996944399996,5.6129999999999995
2020-08-29T21:40:04+00:00,27.3,28.0,206.0,ADAPTIVE,41.56110138889999,5.6339999999999995
2020-08-29T21:40:08+00:00,27.4,28.0,205.7,ADAPTIVE,41.5672488889,5.648
2020-08-29T21:40:12+00:00,27.2,28.0,205.8,ADAPTIVE,41.573359166699994,5.609999999999999
2020-08-29T21:40:16+00:00,27.3,28.0,205.9,ADAPTIVE,41.579467222199995,5.62
2020-08-29T21:40:20+00:00,27.2,28.0,205.7,ADAPTIVE,41.5856077778,5.62
2020-08-29T21:40:23+00:00,27.4,28.0,205.6,ADAPTIVE,41.591712222199995,5.638999999999999
2020-08-29T21:40:27+00:00,27.1,28.0,205.9,ADAPTIVE,41.5978183333,5.595
2020-08-29T21:40:31+00:00,27.4,28.0,205.6,ADAPTIVE,41.60394888889999,5.6499999999999995
2020-08-29T21:40:35+00:00,27.2,28.0,205.7,ADAPTIVE,41.6100580556,5.601
2020-08-29T21:40:39+00:00,27.3,28.0,205.7,ADAPTIVE,41.6161697222,5.6419999999999995
2020-08-29T21:40:43+00:00,27.2,28.0,205.9,ADAPTIVE,41.6223030556,5.617999999999999
2020-08-29T21:40:47+00:00,27.2,28.0,205.8,ADAPTIVE,41.6284130556,5.6129999999999995
2020-08-29T21:40:51+00:00,27.4,28.0,205.7,ADAPTIVE,41.6345205556,5.649
2020-08-29T21:40:55+00:00,27.2,28.0,205.7,ADAPTIVE,41.6406561111,5.603
2020-08-29T21:40:59+00:00,27.4,28.0,207.1,ADAPTIVE,41.64677,5.683
2020-08-29T21:41:03+00:00,27.3,28.0,206.9,ADAPTIVE,41.6529333333,5.654999999999999
2020-08-29T21:41:07+00:00,27.2,28.0,206.6,ADAPTIVE,41.6590891667,5.638
2020-08-29T21:41:11+00:00,27.4,28.0,206.8,ADAPTIVE,41.6652191667,5.667
2020-08-29T21:41:15+00:00,27.3,28.0,206.9,ADAPTIVE,41.6713805556,5.670999999999999
2020-08-29T21:41:19+00:00,27.0,28.0,207.0,ADAPTIVE,41.677529444399994,5.6049999999999995
2020-08-29T21:41:23+00:00,27.3,28.0,206.9,ADAPTIVE,41.6836802778,5.664
2020-08-29T21:41:27+00:00,27.3,28.0,206.7,ADAPTIVE,41.6898430556,5.672
2020-08-29T21:41:30+00:00,27.2,28.0,206.6,ADAPTIVE,41.6959830556,5.630999999999999
2020-08-29T21:41:34+00:00,27.4,28.0,207.1,ADAPTIVE,41.702116388899995,5.684
2020-08-29T21:41:38+00:00,27.3,28.0,206.6,ADAPTIVE,41.708275555600004,5.665
2020-08-29T21:41:42+00:00,27.1,28.0,206.8,ADAPTIVE,41.7144338889,5.62
2020-08-29T21:41:46+00:00,27.1,28.0,206.6,ADAPTIVE,41.7205663889,5.619
2020-08-29T21:41:50+00:00,27.3,28.0,206.8,ADAPTIVE,41.726701666699995,5.657
2020-08-29T21:41:54+00:00,27.3,28.0,206.8,ADAPTIVE,41.7328602778,5.657
2020-08-29T21:41:58+00:00,27.2,28.0,206.7,ADAPTIVE,41.7390102778,5.641
2020-08-29T21:42:02+00:00,27.4,28.0,206.4,ADAPTIVE,41.7451327778,5.678
2020-08-29T21:42:06+00:00,27.4,28.0,206.7,ADAPTIVE,41.7512916667,5.676
2020-08-29T21:42:10+00:00,27.2,28.0,206.8,ADAPTIVE,41.7574216667,5.629
2020-08-29T21:42:14+00:00,27.4,28.0,206.8,ADAPTIVE,41.763566388899996,5.672
2020-08-29T21:42:18+00:00,27.3,28.0,206.7,ADAPTIVE,41.7697263889,5.659
2020-08-29T21:42:22+00:00,27.0,28.0,207.0,ADAPTIVE,41.7758588889,5.6049999999999995
2020-08-29T21:42:26+00:00,27.1,28.0,206.8,ADAPTIVE,41.7819947222,5.614999999999999
2020-08-29T21:42:30+00:00,27.4,28.0,206.7,ADAPTIVE,41.7881558333,5.669
2020-08-29T21:42:34+00:00,27.4,28.0,206.8,ADAPTIVE,41.7943186111,5.675
2020-08-29T21:42:37+00:00,27.1,28.0,207.1,ADAPTIVE,41.8004683333,5.629
2020-08-29T21:42:41+00:00,27.3,28.0,206.9,ADAPTIVE,41.8066061111,5.667
2020-08-29T21:42:45+00:00,27.4,31.0,206.9,ADAPTIVE,41.812770555600004,5.686999999999999
2020-08-29T21:42:49+00:00,30.0,31.0,206.1,ADAPTIVE,41.819456388899994,6.210999999999999
2020-08-29T21:42:53+00:00,30.1,31.0,206.4,ADAPTIVE,41.8262136111,6.226
2020-08-29T21:42:57+00:00,30.3,31.0,206.4,ADAPTIVE,41.8330127778,6.254
2020-08-29T21:43:01+00:00,30.0,31.0,206.4,ADAPTIVE,41.839797499999996,6.210999999999999
2020-08-29T21:43:05+00:00,30.3,31.0,206.2,ADAPTIVE,41.8465905556,6.261
2020-08-29T21:43:09+00:00,30.2,31.0,206.4,ADAPTIVE,41.8533941667,6.253
2020-08-29T21:43:13+00:00,30.1,31.0,206.5,ADAPTIVE,41.8601819444,6.217
2020-08-29T21:43:17+00:00,30.2,31.0,206.4,ADAPTIVE,41.8669694444,6.245
2020-08-29T21:43:21+00:00,30.2,31.0,206.1,ADAPTIVE,41.8737711111,6.2509999999999994
2020-08-29T21:43:25+00:00,30.0,31.0,206.3,ADAPTIVE,41.8805519444,6.207
2020-08-29T21:43:29+00:00,30.3,31.0,206.5,ADAPTIVE,41.8873402778,6.257
2020-08-29T21:43:33+00:00,30.3,31.0,206.3,ADAPTIVE,41.894142222199996,6.2669999999999995
2020-08-29T21:43:37+00:00,30.2,31.0,206.5,ADAPTIVE,41.900925,6.234
2020-08-29T21:43:41+00:00,30.0,31.0,206.2,ADAPTIVE,41.907683888899996,6.199
2020-08-29T21:43:44+00:00,30.3,31.0,206.3,ADAPTIVE,41.9144938889,6.261
2020-08-29T21:43:48+00:00,30.3,31.0,206.2,ADAPTIVE,41.9212952778,6.262
2020-08-29T21:43:52+00:00,30.2,31.0,206.3,ADAPTIVE,41.928051944399996,6.223999999999999
2020-08-29T21:43:56+00:00,30.3,31.0,206.1,ADAPTIVE,41.934853888899994,6.255999999999999
2020-08-29T21:44:00+00:00,30.3,31.0,206.2,ADAPTIVE,41.9416527778,6.253
2020-08-29T21:44:04+00:00,30.2,31.0,206.4,ADAPTIVE,41.9484186111,6.237
2020-08-29T21:44:08+00:00,30.4,31.0,206.3,ADAPTIVE,41.95521,6.2749999999999995
2020-08-29T21:44:12+00:00,30.3,31.0,206.3,ADAPTIVE,41.9620091667,6.258
2020-08-29T21:44:16+00:00,30.0,31.0,206.2,ADAPTIVE,41.96879,6.202
2020-08-29T21:44:20+00:00,30.1,31.0,206.6,ADAPTIVE,41.975577222199995,6.22
2020-08-29T21:44:24+00:00,30.3,31.0,206.2,ADAPTIVE,41.9823627778,6.265
2020-08-29T21:44:28+00:00,30.3,31.0,206.2,ADAPTIVE,41.9891611111,6.2589999999999995
2020-08-29T21:44:32+00:00,30.1,31.0,206.1,ADAPTIVE,41.9959633333,6.226999999999999
2020-08-29T21:44:36+00:00,30.1,31.0,206.1,ADAPTIVE,42.002725,6.2219999999999995
2020-08-29T21:44:40+00:00,30.3,31.0,206.1,ADAPTIVE,42.009499166699996,6.245
2020-08-29T21:44:44+00:00,0.0,31.0,210.8,NOT CHARGING,42.012469166699994,0.0
2020-08-29T21:44:48+00:00,0.0,31.0,210.6,NOT CHARGING,42.012469166699994,0.0
2020-08-29T21:44:51+00:00,0.0,32.0,211.0,NOT CHARGING,42.012469166699994,0.0
2020-08-29T21:44:55+00:00,0.0,32.0,210.7,NOT CHARGING,42.012469166699994,0.0
2020-08-29T21:44:59+00:00,0.0,32.0,210.7,NOT CHARGING,42.012469166699994,0.0
2020-08-29T21:45:03+00:00,0.0,32.0,210.9,NOT CHARGING,42.012469166699994,0.0
2020-08-29T21:45:07+00:00,0.0,32.0,210.9,NOT CHARGING,42.012469166699994,0.0
2020-08-29T21:45:11+00:00,0.0,32.0,211.0,NOT CHARGING,42.012469166699994,0.0
2020-08-29T21:45:15+00:00,0.0,32.0,210.9,NOT CHARGING,42.012469166699994,0.0
2020-08-29T21:45:19+00:00,0.0,32.0,210.8,NOT CHARGING,42.012469166699994,0.0
2020-08-29T21:45:23+00:00,0.0,32.0,210.9,NOT CHARGING,42.012469166699994,0.0
2020-08-29T21:45:27+00:00,0.0,32.0,210.8,NOT CHARGING,42.012469166699994,0.0
2020-08-29T21:45:31+00:00,0.0,32.0,210.9,NOT CHARGING,42.012469166699994,0.0
2020-08-29T21:45:35+00:00,0.0,32.0,210.9,NOT CHARGING,42.012469166699994,0.0
2020-08-29T21:45:39+00:00,0.0,32.0,211.1,NOT CHARGING,42.012469166699994,0.0
2020-08-29T21:45:43+00:00,0.0,32.0,210.9,NOT CHARGING,42.012469166699994,0.0
2020-08-29T21:45:47+00:00,0.0,32.0,210.5,NOT CHARGING,42.012469166699994,0.0
2020-08-29T21:45:51+00:00,0.0,32.0,210.8,NOT CHARGING,42.012469166699994,0.0
2020-08-29T21:45:54+00:00,0.0,32.0,210.7,NOT CHARGING,42.012469166699994,0.0
2020-08-29T21:45:58+00:00,0.0,32.0,210.7,NOT CHARGING,42.012469166699994,0.0
2020-08-29T21:46:02+00:00,0.0,32.0,210.8,NOT CHARGING,42.012469166699994,0.0
2020-08-29T21:46:06+00:00,0.0,32.0,210.7,NOT CHARGING,42.012469166699994,0.0
2020-08-29T21:46:10+00:00,0.0,32.0,210.9,NOT CHARGING,42.012469166699994,0.0
2020-08-29T21:46:14+00:00,0.0,32.0,210.6,NOT CHARGING,42.012469166699994,0.0
2020-08-29T21:46:18+00:00,0.0,32.0,210.8,NOT CHARGING,42.012469166699994,0.0
2020-08-29T21:46:22+00:00,0.0,32.0,210.7,NOT CHARGING,42.012469166699994,0.0
2020-08-29T21:46:26+00:00,0.0,32.0,210.7,NOT CHARGING,42.012469166699994,0.0
2020-08-29T21:46:30+00:00,0.0,32.0,210.8,NOT CHARGING,42.012469166699994,0.0
2020-08-29T21:46:34+00:00,0.0,32.0,210.9,NOT CHARGING,42.012469166699994,0.0
2020-08-29T21:46:38+00:00,0.0,32.0,210.5,NOT CHARGING,42.012469166699994,0.0
2020-08-29T21:46:42+00:00,0.0,32.0,210.7,NOT CHARGING,42.012469166699994,0.0
2020-08-29T21:46:46+00:00,0.0,32.0,210.6,NOT CHARGING,42.012469166699994,0.0
2020-08-29T21:46:50+00:00,0.0,32.0,210.6,NOT CHARGING,42.012469166699994,0.0
2020-08-29T21:46:54+00:00,0.0,32.0,210.6,NOT CHARGING,42.012469166699994,0.0
2020-08-29T21:46:58+00:00,0.0,32.0,210.5,NOT CHARGING,42.012469166699994,0.0
2020-08-29T21:47:01+00:00,0.0,32.0,210.4,NOT CHARGING,42.012469166699994,0.0
2020-08-29T21:47:05+00:00,0.0,32.0,211.2,NOT CHARGING,42.012469166699994,0.0
2020-08-29T21:47:09+00:00,0.0,32.0,211.5,NOT CHARGING,42.012469166699994,0.0
2020-08-29T21:47:13+00:00,0.0,32.0,211.4,NOT CHARGING,42.012469166699994,0.0
2020-08-29T21:47:17+00:00,0.0,32.0,211.4,NOT CHARGING,42.012469166699994,0.0
2020-08-29T21:47:21+00:00,0.0,32.0,211.5,NOT CHARGING,42.012469166699994,0.0
2020-08-29T21:47:25+00:00,0.0,32.0,211.1,NOT CHARGING,42.012469166699994,0.0
2020-08-29T21:47:29+00:00,0.0,32.0,211.3,NOT CHARGING,42.012469166699994,0.0
2020-08-29T21:47:33+00:00,0.0,32.0,211.5,NOT CHARGING,42.012469166699994,0.0
2020-08-29T21:47:37+00:00,0.0,32.0,211.0,NOT CHARGING,42.012469166699994,0.0
2020-08-29T21:47:41+00:00,0.0,32.0,211.5,NOT CHARGING,42.012469166699994,0.0
2020-08-29T21:47:45+00:00,0.0,32.0,211.3,NOT CHARGING,42.012469166699994,0.0
2020-08-29T21:47:49+00:00,0.0,32.0,211.1,NOT CHARGING,42.012469166699994,0.0
2020-08-29T21:47:53+00:00,0.0,32.0,211.4,NOT CHARGING,42.012469166699994,0.0
2020-08-29T21:47:57+00:00,0.0,32.0,211.2,NOT CHARGING,42.012469166699994,0.0
2020-08-29T21:48:01+00:00,0.0,32.0,211.3,NOT CHARGING,42.012469166699994,0.0
2020-08-29T21:48:05+00:00,0.0,32.0,211.3,NOT CHARGING,42.012469166699994,0.0
2020-08-29T21:48:08+00:00,0.0,32.0,211.4,NOT CHARGING,42.012469166699994,0.0
2020-08-29T21:48:12+00:00,0.0,32.0,211.4,NOT CHARGING,42.012469166699994,0.0
2020-08-29T21:48:16+00:00,0.0,32.0,211.2,NOT CHARGING,42.012469166699994,0.0
2020-08-29T21:48:20+00:00,0.0,32.0,211.3,NOT CHARGING,42.012469166699994,0.0
2020-08-29T21:48:24+00:00,0.0,32.0,211.3,NOT CHARGING,42.012469166699994,0.0
2020-08-29T21:48:28+00:00,0.0,32.0,211.2,NOT CHARGING,42.012469166699994,0.0
2020-08-29T21:48:32+00:00,0.0,32.0,211.2,NOT CHARGING,42.012469166699994,0.0
2020-08-29T21:48:36+00:00,0.0,32.0,211.2,NOT CHARGING,42.012469166699994,0.0
2020-08-29T21:48:40+00:00,0.0,32.0,211.1,NOT CHARGING,42.012469166699994,0.0
2020-08-29T21:48:44+00:00,0.0,32.0,211.2,NOT CHARGING,42.012469166699994,0.0
2020-08-29T21:48:48+00:00,0.0,32.0,211.3,NOT CHARGING,42.012469166699994,0.0
2020-08-29T21:48:52+00:00,0.0,32.0,211.2,NOT CHARGING,42.012469166699994,0.0
2020-08-29T21:48:56+00:00,0.0,32.0,211.3,NOT CHARGING,42.012469166699994,0.0
2020-08-29T21:49:00+00:00,0.0,32.0,211.2,NOT CHARGING,42.012469166699994,0.0
2020-08-29T21:49:04+00:00,0.0,32.0,211.2,NOT CHARGING,42.012469166699994,0.0
2020-08-29T21:49:08+00:00,0.0,32.0,211.4,NOT CHARGING,42.012469166699994,0.0
2020-08-29T21:49:12+00:00,0.0,32.0,211.2,NOT CHARGING,42.012469166699994,0.0
2020-08-29T21:49:15+00:00,0.0,32.0,211.3,NOT CHARGING,42.012469166699994,0.0
2020-08-29T21:49:19+00:00,0.0,32.0,211.3,NOT CHARGING,42.012469166699994,0.0
2020-08-29T21:49:23+00:00,0.0,32.0,211.2,NOT CHARGING,42.012469166699994,0.0
2020-08-29T21:49:27+00:00,0.0,32.0,211.3,NOT CHARGING,42.012469166699994,0.0
2020-08-29T21:49:31+00:00,0.0,32.0,211.2,NOT CHARGING,42.012469166699994,0.0
2020-08-29T21:49:35+00:00,0.0,32.0,211.3,NOT CHARGING,42.012469166699994,0.0
2020-08-29T21:49:39+00:00,0.0,32.0,210.9,NOT CHARGING,42.012469166699994,0.0
2020-08-29T21:49:43+00:00,0.0,32.0,211.4,NOT CHARGING,42.012469166699994,0.0
2020-08-29T21:49:47+00:00,0.0,32.0,211.3,NOT CHARGING,42.012469166699994,0.0
2020-08-29T21:49:51+00:00,0.0,32.0,211.3,NOT CHARGING,42.012469166699994,0.0
2020-08-29T21:49:55+00:00,0.0,32.0,211.4,NOT CHARGING,42.012469166699994,0.0
2020-08-29T21:49:59+00:00,0.0,32.0,211.3,NOT CHARGING,42.012469166699994,0.0
2020-08-29T21:50:03+00:00,0.0,32.0,211.7,NOT CHARGING,42.012469166699994,0.0
2020-08-29T21:50:07+00:00,0.0,32.0,211.5,NOT CHARGING,42.012469166699994,0.0
2020-08-29T21:50:11+00:00,0.0,32.0,211.7,NOT CHARGING,42.012469166699994,0.0
2020-08-29T21:50:15+00:00,0.0,32.0,211.7,NOT CHARGING,42.012469166699994,0.0
2020-08-29T21:50:18+00:00,0.0,32.0,211.4,NOT CHARGING,42.012469166699994,0.0
2020-08-29T21:50:22+00:00,0.0,32.0,211.7,NOT CHARGING,42.012469166699994,0.0
2020-08-29T21:50:26+00:00,0.0,32.0,211.5,NOT CHARGING,42.012469166699994,0.0
2020-08-29T21:50:30+00:00,0.0,32.0,211.4,NOT CHARGING,42.012469166699994,0.0
2020-08-29T21:50:34+00:00,0.0,32.0,211.4,NOT CHARGING,42.012469166699994,0.0
2020-08-29T21:50:38+00:00,0.0,32.0,211.5,NOT CHARGING,42.012469166699994,0.0
2020-08-29T21:50:42+00:00,0.0,32.0,211.7,NOT CHARGING,42.012469166699994,0.0
2020-08-29T21:50:46+00:00,0.0,32.0,211.8,NOT CHARGING,42.012469166699994,0.0
2020-08-29T21:50:50+00:00,0.0,32.0,211.8,NOT CHARGING,42.012469166699994,0.0
2020-08-29T21:50:54+00:00,0.0,32.0,211.5,NOT CHARGING,42.012469166699994,0.0
2020-08-29T21:50:58+00:00,0.0,8.0,211.6,NOT CHARGING,42.012469166699994,0.0
2020-08-29T21:51:02+00:00,0.0,8.0,211.8,NOT CHARGING,42.012469166699994,0.0
2020-08-29T21:51:06+00:00,0.0,8.0,211.8,NOT CHARGING,42.012469166699994,0.0
2020-08-29T21:51:10+00:00,0.0,8.0,211.8,NOT CHARGING,42.012469166699994,0.0
2020-08-29T21:51:14+00:00,0.0,8.0,211.8,NOT CHARGING,42.012469166699994,0.0
2020-08-29T21:51:18+00:00,0.0,8.0,211.7,NOT CHARGING,42.012469166699994,0.0
2020-08-29T21:51:22+00:00,0.0,8.0,211.7,NOT CHARGING,42.012469166699994,0.0
2020-08-29T21:51:26+00:00,0.0,8.0,211.3,NOT CHARGING,42.012469166699994,0.0
2020-08-29T21:51:29+00:00,0.0,8.0,211.4,NOT CHARGING,42.012469166699994,0.0
2020-08-29T21:51:33+00:00,0.0,8.0,211.7,NOT CHARGING,42.012469166699994,0.0
2020-08-29T21:51:37+00:00,0.0,8.0,211.5,NOT CHARGING,42.012469166699994,0.0
2020-08-29T21:51:41+00:00,0.0,8.0,211.5,NOT CHARGING,42.012469166699994,0.0
2020-08-29T21:51:45+00:00,0.0,8.0,211.6,NOT CHARGING,42.012469166699994,0.0
2020-08-29T21:51:49+00:00,0.0,8.0,211.4,NOT CHARGING,42.012469166699994,0.0
2020-08-29T21:51:53+00:00,0.0,8.0,211.8,NOT CHARGING,42.012469166699994,0.0
2020-08-29T21:51:57+00:00,0.0,8.0,211.5,NOT CHARGING,42.012469166699994,0.0
2020-08-29T21:52:01+00:00,0.0,8.0,211.7,NOT CHARGING,42.012469166699994,0.0
2020-08-29T21:52:05+00:00,0.0,8.0,211.9,NOT CHARGING,42.012469166699994,0.0
2020-08-29T21:52:09+00:00,0.0,8.0,211.7,NOT CHARGING,42.012469166699994,0.0
2020-08-29T21:52:13+00:00,0.0,8.0,211.6,NOT CHARGING,42.012469166699994,0.0
2020-08-29T21:52:17+00:00,0.0,8.0,211.5,NOT CHARGING,42.012469166699994,0.0
2020-08-29T21:52:21+00:00,0.0,8.0,211.6,NOT CHARGING,42.012469166699994,0.0
2020-08-29T21:52:25+00:00,0.0,8.0,211.7,NOT CHARGING,42.012469166699994,0.0
2020-08-29T21:52:29+00:00,0.0,8.0,211.6,NOT CHARGING,42.012469166699994,0.0
2020-08-29T21:52:33+00:00,0.0,8.0,211.6,NOT CHARGING,42.012469166699994,0.0
2020-08-29T21:52:36+00:00,0.0,8.0,211.3,NOT CHARGING,42.012469166699994,0.0
2020-08-29T21:52:40+00:00,0.0,8.0,211.6,NOT CHARGING,42.012469166699994,0.0
2020-08-29T21:52:44+00:00,0.0,8.0,211.8,NOT CHARGING,42.012469166699994,0.0
2020-08-29T21:52:48+00:00,0.0,8.0,211.7,NOT CHARGING,42.012469166699994,0.0
2020-08-29T21:52:52+00:00,0.0,8.0,211.4,NOT CHARGING,42.012469166699994,0.0
2020-08-29T21:52:56+00:00,0.0,8.0,211.6,NOT CHARGING,42.012469166699994,0.0
2020-08-29T21:53:00+00:00,0.0,8.0,211.9,NOT CHARGING,42.012469166699994,0.0
2020-08-29T21:53:04+00:00,0.0,8.0,211.6,NOT CHARGING,42.012469166699994,0.0
2020-08-29T21:53:08+00:00,0.0,8.0,211.6,NOT CHARGING,42.012469166699994,0.0
2020-08-29T21:53:12+00:00,0.0,8.0,211.5,NOT CHARGING,42.012469166699994,0.0
2020-08-29T21:53:16+00:00,0.0,8.0,211.8,NOT CHARGING,42.012469166699994,0.0
2020-08-29T21:53:20+00:00,0.0,8.0,211.9,NOT CHARGING,42.012469166699994,0.0
2020-08-29T21:53:24+00:00,0.0,8.0,211.8,NOT CHARGING,42.012469166699994,0.0
2020-08-29T21:53:28+00:00,0.0,8.0,211.5,NOT CHARGING,42.012469166699994,0.0
2020-08-29T21:53:32+00:00,0.0,8.0,211.8,NOT CHARGING,42.012469166699994,0.0
2020-08-29T21:53:36+00:00,0.0,8.0,211.9,NOT CHARGING,42.012469166699994,0.0
2020-08-29T21:53:39+00:00,0.0,8.0,211.6,NOT CHARGING,42.012469166699994,0.0
2020-08-29T21:53:43+00:00,0.0,8.0,211.7,NOT CHARGING,42.012469166699994,0.0
2020-08-29T21:53:47+00:00,0.0,8.0,211.8,NOT CHARGING,42.012469166699994,0.0
2020-08-29T21:53:51+00:00,0.0,8.0,212.0,NOT CHARGING,42.012469166699994,0.0
2020-08-29T21:53:55+00:00,0.0,8.0,211.6,NOT CHARGING,42.012469166699994,0.0
2020-08-29T21:53:59+00:00,0.0,8.0,211.2,NOT CHARGING,42.012469166699994,0.0
2020-08-29T21:54:03+00:00,0.0,8.0,211.9,NOT CHARGING,42.012469166699994,0.0
2020-08-29T21:54:07+00:00,0.0,8.0,211.5,NOT CHARGING,42.012469166699994,0.0
2020-08-29T21:54:11+00:00,0.0,8.0,211.5,NOT CHARGING,42.012469166699994,0.0
2020-08-29T21:54:15+00:00,0.0,8.0,211.5,NOT CHARGING,42.012469166699994,0.0
2020-08-29T21:54:19+00:00,0.0,8.0,211.4,NOT CHARGING,42.012469166699994,0.0
2020-08-29T21:54:23+00:00,0.0,8.0,211.6,NOT CHARGING,42.012469166699994,0.0
2020-08-29T21:54:27+00:00,0.0,8.0,211.6,NOT CHARGING,42.012469166699994,0.0
2020-08-29T21:54:31+00:00,0.0,8.0,211.7,NOT CHARGING,42.012469166699994,0.0
2020-08-29T21:54:35+00:00,0.0,8.0,211.5,NOT CHARGING,42.012469166699994,0.0
2020-08-29T21:54:39+00:00,0.0,8.0,211.6,NOT CHARGING,42.012469166699994,0.0
2020-08-29T21:54:43+00:00,0.0,8.0,211.7,NOT CHARGING,42.012469166699994,0.0
2020-08-29T21:54:46+00:00,0.0,8.0,211.7,NOT CHARGING,42.012469166699994,0.0
2020-08-29T21:54:50+00:00,0.0,8.0,211.5,NOT CHARGING,42.012469166699994,0.0
2020-08-29T21:54:54+00:00,0.0,8.0,211.5,NOT CHARGING,42.012469166699994,0.0
2020-08-29T21:54:58+00:00,0.0,8.0,211.4,NOT CHARGING,42.012469166699994,0.0
2020-08-29T21:55:02+00:00,0.0,8.0,211.6,NOT CHARGING,42.012469166699994,0.0
2020-08-29T21:55:06+00:00,0.0,8.0,211.6,NOT CHARGING,42.012469166699994,0.0
2020-08-29T21:55:10+00:00,0.0,8.0,211.7,NOT CHARGING,42.012469166699994,0.0
2020-08-29T21:55:14+00:00,0.0,8.0,211.6,NOT CHARGING,42.012469166699994,0.0
2020-08-29T21:55:18+00:00,0.0,8.0,211.7,NOT CHARGING,42.012469166699994,0.0
2020-08-29T21:55:22+00:00,0.0,8.0,211.8,NOT CHARGING,42.012469166699994,0.0
2020-08-29T21:55:26+00:00,0.0,8.0,211.7,NOT CHARGING,42.012469166699994,0.0
2020-08-29T21:55:30+00:00,0.0,8.0,211.7,NOT CHARGING,42.012469166699994,0.0
2020-08-29T21:55:37+00:00,0.0,8.0,211.5,NOT CHARGING,42.012469166699994,0.0
2020-08-29T21:55:38+00:00,0.0,8.0,211.5,NOT CHARGING,42.012469166699994,0.0
2020-08-29T21:55:42+00:00,0.0,8.0,211.7,NOT CHARGING,42.012469166699994,0.0
2020-08-29T21:55:46+00:00,0.0,8.0,211.5,NOT CHARGING,42.012469166699994,0.0
2020-08-29T21:55:50+00:00,0.0,8.0,211.5,NOT CHARGING,42.012469166699994,0.0
2020-08-29T21:55:53+00:00,0.0,8.0,211.7,NOT CHARGING,42.012469166699994,0.0
2020-08-29T21:55:57+00:00,0.0,8.0,211.5,NOT CHARGING,42.012469166699994,0.0
2020-08-29T21:56:01+00:00,0.0,8.0,211.6,NOT CHARGING,42.012469166699994,0.0
2020-08-29T21:56:05+00:00,0.0,8.0,211.6,NOT CHARGING,42.012469166699994,0.0
2020-08-29T21:56:09+00:00,0.0,8.0,211.5,NOT CHARGING,42.012469166699994,0.0
2020-08-29T21:56:13+00:00,0.0,8.0,211.4,NOT CHARGING,42.012469166699994,0.0
2020-08-29T21:56:17+00:00,0.0,8.0,211.4,NOT CHARGING,42.012469166699994,0.0
2020-08-29T21:56:21+00:00,0.0,8.0,211.8,NOT CHARGING,42.012469166699994,0.0
2020-08-29T21:56:25+00:00,0.0,8.0,211.6,NOT CHARGING,42.012469166699994,0.0
2020-08-29T21:56:29+00:00,0.0,8.0,211.7,NOT CHARGING,42.012469166699994,0.0
2020-08-29T21:56:33+00:00,0.0,8.0,211.3,NOT CHARGING,42.012469166699994,0.0
2020-08-29T21:56:37+00:00,0.0,8.0,211.6,NOT CHARGING,42.012469166699994,0.0
2020-08-29T21:56:41+00:00,0.0,8.0,211.6,NOT CHARGING,42.012469166699994,0.0
2020-08-29T21:56:45+00:00,0.0,8.0,211.8,NOT CHARGING,42.012469166699994,0.0
2020-08-29T21:56:49+00:00,0.0,8.0,211.6,NOT CHARGING,42.012469166699994,0.0
2020-08-29T21:56:53+00:00,0.0,8.0,211.2,NOT CHARGING,42.012469166699994,0.0
2020-08-29T21:56:57+00:00,0.0,8.0,211.5,NOT CHARGING,42.012469166699994,0.0
2020-08-29T21:57:00+00:00,0.0,8.0,211.4,NOT CHARGING,42.012469166699994,0.0
2020-08-29T21:57:04+00:00,0.0,8.0,211.7,NOT CHARGING,42.012469166699994,0.0
2020-08-29T21:57:08+00:00,0.0,8.0,211.5,NOT CHARGING,42.012469166699994,0.0
2020-08-29T21:57:12+00:00,0.0,8.0,211.6,NOT CHARGING,42.012469166699994,0.0
2020-08-29T21:57:16+00:00,0.0,8.0,211.8,NOT CHARGING,42.012469166699994,0.0
2020-08-29T21:57:20+00:00,0.0,8.0,211.5,NOT CHARGING,42.012469166699994,0.0
2020-08-29T21:57:24+00:00,0.0,8.0,211.9,NOT CHARGING,42.012469166699994,0.0
2020-08-29T21:57:28+00:00,0.0,8.0,211.9,NOT CHARGING,42.012469166699994,0.0
2020-08-29T21:57:32+00:00,0.0,8.0,211.5,NOT CHARGING,42.012469166699994,0.0
2020-08-29T21:57:36+00:00,0.0,8.0,211.7,NOT CHARGING,42.012469166699994,0.0
2020-08-29T21:57:40+00:00,0.0,8.0,211.7,NOT CHARGING,42.012469166699994,0.0
2020-08-29T21:57:44+00:00,0.0,8.0,211.8,NOT CHARGING,42.012469166699994,0.0
2020-08-29T21:57:48+00:00,0.0,8.0,211.5,NOT CHARGING,42.012469166699994,0.0
2020-08-29T21:57:52+00:00,0.0,8.0,211.3,NOT CHARGING,42.012469166699994,0.0
2020-08-29T21:57:56+00:00,0.0,8.0,211.7,NOT CHARGING,42.012469166699994,0.0
2020-08-29T21:58:00+00:00,0.0,8.0,211.4,NOT CHARGING,42.012469166699994,0.0
2020-08-29T21:58:04+00:00,0.0,8.0,211.6,NOT CHARGING,42.012469166699994,0.0
2020-08-29T21:58:07+00:00,0.0,8.0,211.6,NOT CHARGING,42.012469166699994,0.0
2020-08-29T21:58:11+00:00,0.0,8.0,211.5,NOT CHARGING,42.012469166699994,0.0
2020-08-29T21:58:15+00:00,0.0,8.0,211.5,NOT CHARGING,42.012469166699994,0.0
2020-08-29T21:58:19+00:00,0.0,8.0,211.0,NOT CHARGING,42.012469166699994,0.0
2020-08-29T21:58:23+00:00,0.0,8.0,211.6,NOT CHARGING,42.012469166699994,0.0
2020-08-29T21:58:27+00:00,0.0,8.0,211.5,NOT CHARGING,42.012469166699994,0.0
2020-08-29T21:58:31+00:00,0.0,8.0,211.4,NOT CHARGING,42.012469166699994,0.0
2020-08-29T21:58:35+00:00,0.0,8.0,211.4,NOT CHARGING,42.012469166699994,0.0
2020-08-29T21:58:39+00:00,0.0,8.0,211.4,NOT CHARGING,42.012469166699994,0.0
2020-08-29T21:58:43+00:00,0.0,8.0,211.6,NOT CHARGING,42.012469166699994,0.0
2020-08-29T21:58:47+00:00,0.0,8.0,211.7,NOT CHARGING,42.012469166699994,0.0
2020-08-29T21:58:51+00:00,0.0,8.0,211.5,NOT CHARGING,42.012469166699994,0.0
2020-08-29T21:58:55+00:00,0.0,8.0,211.5,NOT CHARGING,42.012469166699994,0.0
2020-08-29T21:58:59+00:00,0.0,8.0,211.5,NOT CHARGING,42.012469166699994,0.0
2020-08-29T21:59:03+00:00,0.0,8.0,211.2,NOT CHARGING,42.012469166699994,0.0
2020-08-29T21:59:07+00:00,0.0,8.0,211.3,NOT CHARGING,42.012469166699994,0.0
2020-08-29T21:59:11+00:00,0.0,8.0,211.7,NOT CHARGING,42.012469166699994,0.0
2020-08-29T21:59:14+00:00,0.0,8.0,211.5,NOT CHARGING,42.012469166699994,0.0
2020-08-29T21:59:18+00:00,0.0,8.0,211.6,NOT CHARGING,42.012469166699994,0.0
2020-08-29T21:59:22+00:00,0.0,8.0,211.5,NOT CHARGING,42.012469166699994,0.0
2020-08-29T21:59:26+00:00,0.0,8.0,211.5,NOT CHARGING,42.012469166699994,0.0
2020-08-29T21:59:30+00:00,0.0,8.0,211.5,NOT CHARGING,42.012469166699994,0.0
2020-08-29T21:59:34+00:00,0.0,8.0,211.4,NOT CHARGING,42.012469166699994,0.0
2020-08-29T21:59:38+00:00,0.0,8.0,211.6,NOT CHARGING,42.012469166699994,0.0
2020-08-29T21:59:42+00:00,0.0,8.0,211.3,NOT CHARGING,42.012469166699994,0.0
2020-08-29T21:59:46+00:00,0.0,8.0,211.3,NOT CHARGING,42.012469166699994,0.0
2020-08-29T21:59:50+00:00,0.0,8.0,211.4,NOT CHARGING,42.012469166699994,0.0
2020-08-29T21:59:54+00:00,0.0,8.0,211.4,NOT CHARGING,42.012469166699994,0.0
2020-08-29T21:59:58+00:00,0.0,8.0,211.5,NOT CHARGING,42.012469166699994,0.0
2020-08-29T22:00:02+00:00,0.0,8.0,211.4,NOT CHARGING,42.012469166699994,0.0
2020-08-29T22:00:06+00:00,0.0,8.0,211.4,NOT CHARGING,42.012469166699994,0.0
2020-08-29T22:00:10+00:00,0.0,8.0,211.5,NOT CHARGING,42.012469166699994,0.0
2020-08-29T22:00:14+00:00,0.0,8.0,211.5,NOT CHARGING,42.012469166699994,0.0
2020-08-29T22:00:18+00:00,0.0,8.0,211.3,NOT CHARGING,42.012469166699994,0.0
2020-08-29T22:00:21+00:00,0.0,8.0,211.5,NOT CHARGING,42.012469166699994,0.0
2020-08-29T22:00:25+00:00,0.0,8.0,211.6,NOT CHARGING,42.012469166699994,0.0
2020-08-29T22:00:29+00:00,0.0,8.0,211.6,NOT CHARGING,42.012469166699994,0.0
2020-08-29T22:00:33+00:00,0.0,8.0,211.2,NOT CHARGING,42.012469166699994,0.0
2020-08-29T22:00:37+00:00,0.0,8.0,211.0,NOT CHARGING,42.012469166699994,0.0
2020-08-29T22:00:41+00:00,0.0,8.0,211.3,NOT CHARGING,42.012469166699994,0.0
2020-08-29T22:00:45+00:00,0.0,8.0,211.3,NOT CHARGING,42.012469166699994,0.0
2020-08-29T22:00:49+00:00,0.0,8.0,211.3,NOT CHARGING,42.012469166699994,0.0
2020-08-29T22:00:53+00:00,0.0,8.0,211.5,NOT CHARGING,42.012469166699994,0.0
2020-08-29T22:00:57+00:00,0.0,8.0,211.3,NOT CHARGING,42.012469166699994,0.0
2020-08-29T22:01:01+00:00,0.0,8.0,211.5,NOT CHARGING,42.012469166699994,0.0
2020-08-29T22:01:05+00:00,0.0,8.0,211.4,NOT CHARGING,42.012469166699994,0.0
2020-08-29T22:01:09+00:00,0.0,8.0,211.4,NOT CHARGING,42.012469166699994,0.0
2020-08-29T22:01:13+00:00,0.0,8.0,211.6,NOT CHARGING,42.012469166699994,0.0
2020-08-29T22:01:17+00:00,0.0,8.0,211.5,NOT CHARGING,42.012469166699994,0.0
2020-08-29T22:01:21+00:00,0.0,8.0,211.4,NOT CHARGING,42.012469166699994,0.0
2020-08-29T22:01:24+00:00,0.0,8.0,211.2,NOT CHARGING,42.012469166699994,0.0
2020-08-29T22:01:28+00:00,0.0,8.0,211.4,NOT CHARGING,42.012469166699994,0.0
2020-08-29T22:01:32+00:00,0.0,8.0,211.5,NOT CHARGING,42.012469166699994,0.0
2020-08-29T22:01:36+00:00,0.0,8.0,211.2,NOT CHARGING,42.012469166699994,0.0
2020-08-29T22:01:40+00:00,0.0,8.0,211.1,NOT CHARGING,42.012469166699994,0.0
2020-08-29T22:01:44+00:00,0.0,8.0,211.5,NOT CHARGING,42.012469166699994,0.0
2020-08-29T22:01:48+00:00,0.0,8.0,211.2,NOT CHARGING,42.012469166699994,0.0
2020-08-29T22:01:52+00:00,0.0,8.0,211.3,NOT CHARGING,42.012469166699994,0.0
2020-08-29T22:01:56+00:00,0.0,8.0,211.3,NOT CHARGING,42.012469166699994,0.0
2020-08-29T22:02:00+00:00,0.0,8.0,211.2,NOT CHARGING,42.012469166699994,0.0
2020-08-29T22:02:04+00:00,0.0,8.0,211.4,NOT CHARGING,42.012469166699994,0.0
2020-08-29T22:02:08+00:00,0.0,8.0,211.2,NOT CHARGING,42.012469166699994,0.0
2020-08-29T22:02:12+00:00,0.0,8.0,211.5,NOT CHARGING,42.012469166699994,0.0
2020-08-29T22:02:16+00:00,0.0,8.0,211.5,NOT CHARGING,42.012469166699994,0.0
2020-08-29T22:02:20+00:00,0.0,8.0,211.5,NOT CHARGING,42.012469166699994,0.0
2020-08-29T22:02:24+00:00,0.0,8.0,211.4,NOT CHARGING,42.012469166699994,0.0
2020-08-29T22:02:28+00:00,0.0,8.0,211.2,NOT CHARGING,42.012469166699994,0.0
2020-08-29T22:02:31+00:00,0.0,8.0,211.2,NOT CHARGING,42.012469166699994,0.0
2020-08-29T22:02:35+00:00,0.0,8.0,210.9,NOT CHARGING,42.012469166699994,0.0
2020-08-29T22:02:39+00:00,0.0,8.0,211.3,NOT CHARGING,42.012469166699994,0.0
2020-08-29T22:02:43+00:00,0.0,8.0,211.4,NOT CHARGING,42.012469166699994,0.0
2020-08-29T22:02:47+00:00,0.0,8.0,211.2,NOT CHARGING,42.012469166699994,0.0
2020-08-29T22:02:51+00:00,0.0,8.0,211.5,NOT CHARGING,42.012469166699994,0.0
2020-08-29T22:02:55+00:00,0.0,8.0,211.3,NOT CHARGING,42.012469166699994,0.0
2020-08-29T22:02:59+00:00,0.0,8.0,211.2,NOT CHARGING,42.012469166699994,0.0
2020-08-29T22:03:03+00:00,0.0,8.0,211.3,NOT CHARGING,42.012469166699994,0.0
2020-08-29T22:03:07+00:00,0.0,8.0,211.2,NOT CHARGING,42.012469166699994,0.0
2020-08-29T22:03:11+00:00,0.0,8.0,211.3,NOT CHARGING,42.012469166699994,0.0
2020-08-29T22:03:15+00:00,0.0,8.0,211.2,NOT CHARGING,42.012469166699994,0.0
2020-08-29T22:03:19+00:00,0.0,8.0,211.2,NOT CHARGING,42.012469166699994,0.0
2020-08-29T22:03:23+00:00,0.0,8.0,211.1,NOT CHARGING,42.012469166699994,0.0
2020-08-29T22:03:27+00:00,0.0,8.0,211.4,NOT CHARGING,42.012469166699994,0.0
2020-08-29T22:03:31+00:00,0.0,8.0,211.3,NOT CHARGING,42.012469166699994,0.0
2020-08-29T22:03:35+00:00,0.0,8.0,211.3,NOT CHARGING,42.012469166699994,0.0
2020-08-29T22:03:38+00:00,0.0,8.0,211.3,NOT CHARGING,42.012469166699994,0.0
2020-08-29T22:03:42+00:00,0.0,8.0,211.5,NOT CHARGING,42.012469166699994,0.0
2020-08-29T22:03:46+00:00,0.0,8.0,211.0,NOT CHARGING,42.012469166699994,0.0
2020-08-29T22:03:50+00:00,0.0,8.0,211.3,NOT CHARGING,42.012469166699994,0.0
2020-08-29T22:03:54+00:00,0.0,8.0,211.3,NOT CHARGING,42.012469166699994,0.0
2020-08-29T22:03:58+00:00,0.0,8.0,211.3,NOT CHARGING,42.012469166699994,0.0
2020-08-29T22:04:02+00:00,0.0,8.0,211.1,NOT CHARGING,42.012469166699994,0.0
2020-08-29T22:04:06+00:00,0.0,8.0,211.3,NOT CHARGING,42.012469166699994,0.0
2020-08-29T22:04:10+00:00,0.0,8.0,211.4,NOT CHARGING,42.012469166699994,0.0
2020-08-29T22:04:14+00:00,0.0,8.0,211.2,NOT CHARGING,42.012469166699994,0.0
2020-08-29T22:04:18+00:00,0.0,8.0,211.4,NOT CHARGING,42.012469166699994,0.0
2020-08-29T22:04:22+00:00,0.0,8.0,211.3,NOT CHARGING,42.012469166699994,0.0
2020-08-29T22:04:26+00:00,0.0,8.0,211.3,NOT CHARGING,42.012469166699994,0.0
2020-08-29T22:04:30+00:00,0.0,8.0,211.5,NOT CHARGING,42.012469166699994,0.0
2020-08-29T22:04:34+00:00,0.0,8.0,211.4,NOT CHARGING,42.012469166699994,0.0
2020-08-29T22:04:38+00:00,0.0,8.0,211.7,NOT CHARGING,42.012469166699994,0.0
2020-08-29T22:04:41+00:00,0.0,8.0,211.6,NOT CHARGING,42.012469166699994,0.0
2020-08-29T22:04:45+00:00,0.0,8.0,211.6,NOT CHARGING,42.012469166699994,0.0
2020-08-29T22:04:49+00:00,0.0,8.0,211.5,NOT CHARGING,42.012469166699994,0.0
2020-08-29T22:04:53+00:00,0.0,8.0,211.5,NOT CHARGING,42.012469166699994,0.0
2020-08-29T22:04:57+00:00,0.0,8.0,211.5,NOT CHARGING,42.012469166699994,0.0
2020-08-29T22:05:01+00:00,0.0,8.0,211.3,NOT CHARGING,42.012469166699994,0.0
2020-08-29T22:05:05+00:00,0.0,8.0,211.5,NOT CHARGING,42.012469166699994,0.0
2020-08-29T22:05:09+00:00,0.0,8.0,211.4,NOT CHARGING,42.012469166699994,0.0
2020-08-29T22:05:13+00:00,0.0,8.0,211.4,NOT CHARGING,42.012469166699994,0.0
2020-08-29T22:05:17+00:00,0.0,8.0,211.4,NOT CHARGING,42.012469166699994,0.0
2020-08-29T22:05:21+00:00,0.0,8.0,211.3,NOT CHARGING,42.012469166699994,0.0
2020-08-29T22:05:25+00:00,0.0,8.0,211.3,NOT CHARGING,42.012469166699994,0.0
2020-08-29T22:05:29+00:00,0.0,8.0,211.3,NOT CHARGING,42.012469166699994,0.0
2020-08-29T22:05:33+00:00,0.0,8.0,211.4,NOT CHARGING,42.012469166699994,0.0
2020-08-29T22:05:37+00:00,0.0,8.0,211.5,NOT CHARGING,42.012469166699994,0.0
2020-08-29T22:05:41+00:00,0.0,8.0,211.3,NOT CHARGING,42.012469166699994,0.0
2020-08-29T22:05:45+00:00,0.0,8.0,211.6,NOT CHARGING,42.012469166699994,0.0
2020-08-29T22:05:49+00:00,0.0,8.0,211.6,NOT CHARGING,42.012469166699994,0.0
2020-08-29T22:05:52+00:00,0.0,8.0,211.2,NOT CHARGING,42.012469166699994,0.0
2020-08-29T22:05:56+00:00,0.0,8.0,211.3,NOT CHARGING,42.012469166699994,0.0
2020-08-29T22:06:00+00:00,0.0,8.0,211.6,NOT CHARGING,42.012469166699994,0.0
2020-08-29T22:06:04+00:00,0.0,8.0,211.5,NOT CHARGING,42.012469166699994,0.0
2020-08-29T22:06:08+00:00,0.0,8.0,211.3,NOT CHARGING,42.012469166699994,0.0
2020-08-29T22:06:12+00:00,0.0,8.0,211.4,NOT CHARGING,42.012469166699994,0.0
2020-08-29T22:06:16+00:00,0.0,8.0,211.5,NOT CHARGING,42.012469166699994,0.0
2020-08-29T22:06:20+00:00,0.0,8.0,211.5,NOT CHARGING,42.012469166699994,0.0
2020-08-29T22:06:24+00:00,0.0,8.0,211.5,NOT CHARGING,42.012469166699994,0.0
2020-08-29T22:06:28+00:00,0.0,8.0,211.4,NOT CHARGING,42.012469166699994,0.0
2020-08-29T22:06:32+00:00,0.0,8.0,211.5,NOT CHARGING,42.012469166699994,0.0
2020-08-29T22:06:36+00:00,0.0,8.0,211.5,NOT CHARGING,42.012469166699994,0.0
2020-08-29T22:06:40+00:00,0.0,8.0,211.5,NOT CHARGING,42.012469166699994,0.0
2020-08-29T22:06:44+00:00,0.0,8.0,211.7,NOT CHARGING,42.012469166699994,0.0
2020-08-29T22:06:48+00:00,0.0,8.0,211.5,NOT CHARGING,42.012469166699994,0.0
2020-08-29T22:06:52+00:00,0.0,8.0,211.5,NOT CHARGING,42.012469166699994,0.0
2020-08-29T22:06:55+00:00,0.0,8.0,211.4,NOT CHARGING,42.012469166699994,0.0
2020-08-29T22:06:59+00:00,0.0,8.0,211.5,NOT CHARGING,42.012469166699994,0.0
2020-08-29T22:07:03+00:00,0.0,8.0,211.5,NOT CHARGING,42.012469166699994,0.0
2020-08-29T22:07:07+00:00,0.0,8.0,211.4,NOT CHARGING,42.012469166699994,0.0
2020-08-29T22:07:11+00:00,0.0,8.0,211.3,NOT CHARGING,42.012469166699994,0.0
2020-08-29T22:07:15+00:00,0.0,8.0,211.5,NOT CHARGING,42.012469166699994,0.0
2020-08-29T22:07:19+00:00,0.0,8.0,211.6,NOT CHARGING,42.012469166699994,0.0
2020-08-29T22:07:23+00:00,0.0,8.0,211.7,NOT CHARGING,42.012469166699994,0.0
2020-08-29T22:07:27+00:00,0.0,8.0,211.7,NOT CHARGING,42.012469166699994,0.0
2020-08-29T22:07:31+00:00,0.0,8.0,211.7,NOT CHARGING,42.012469166699994,0.0
2020-08-29T22:07:35+00:00,0.0,8.0,211.6,NOT CHARGING,42.012469166699994,0.0
2020-08-29T22:07:39+00:00,0.0,8.0,211.3,NOT CHARGING,42.012469166699994,0.0
2020-08-29T22:07:43+00:00,0.0,8.0,211.7,NOT CHARGING,42.012469166699994,0.0
2020-08-29T22:07:47+00:00,0.0,8.0,211.6,NOT CHARGING,42.012469166699994,0.0
2020-08-29T22:07:51+00:00,0.0,8.0,211.6,NOT CHARGING,42.012469166699994,0.0
2020-08-29T22:07:55+00:00,0.0,8.0,211.8,NOT CHARGING,42.012469166699994,0.0
2020-08-29T22:07:59+00:00,0.0,8.0,211.4,NOT CHARGING,42.012469166699994,0.0
2020-08-29T22:08:03+00:00,0.0,8.0,211.7,NOT CHARGING,42.012469166699994,0.0
2020-08-29T22:08:06+00:00,0.0,8.0,211.9,NOT CHARGING,42.012469166699994,0.0
2020-08-29T22:08:10+00:00,0.0,8.0,211.5,NOT CHARGING,42.012469166699994,0.0
2020-08-29T22:08:14+00:00,0.0,8.0,211.8,NOT CHARGING,42.012469166699994,0.0
2020-08-29T22:08:18+00:00,0.0,8.0,211.5,NOT CHARGING,42.012469166699994,0.0
2020-08-29T22:08:22+00:00,0.0,8.0,211.7,NOT CHARGING,42.012469166699994,0.0
2020-08-29T22:08:26+00:00,0.0,8.0,211.4,NOT CHARGING,42.012469166699994,0.0
2020-08-29T22:08:30+00:00,0.0,8.0,211.5,NOT CHARGING,42.012469166699994,0.0
2020-08-29T22:08:34+00:00,0.0,8.0,211.7,NOT CHARGING,42.012469166699994,0.0
2020-08-29T22:08:38+00:00,0.0,8.0,211.8,NOT CHARGING,42.012469166699994,0.0
2020-08-29T22:08:42+00:00,0.0,8.0,211.6,NOT CHARGING,42.012469166699994,0.0
2020-08-29T22:08:46+00:00,0.0,8.0,211.5,NOT CHARGING,42.012469166699994,0.0
2020-08-29T22:08:50+00:00,0.0,8.0,211.7,NOT CHARGING,42.012469166699994,0.0
2020-08-29T22:08:54+00:00,0.0,8.0,211.7,NOT CHARGING,42.012469166699994,0.0
2020-08-29T22:08:58+00:00,0.0,8.0,211.6,NOT CHARGING,42.012469166699994,0.0
2020-08-29T22:09:02+00:00,0.0,8.0,211.7,NOT CHARGING,42.012469166699994,0.0
2020-08-29T22:09:06+00:00,0.0,8.0,211.7,NOT CHARGING,42.012469166699994,0.0
2020-08-29T22:09:09+00:00,0.0,8.0,211.8,NOT CHARGING,42.012469166699994,0.0
2020-08-29T22:09:13+00:00,0.0,8.0,211.8,NOT CHARGING,42.012469166699994,0.0
2020-08-29T22:09:17+00:00,0.0,8.0,211.6,NOT CHARGING,42.012469166699994,0.0
2020-08-29T22:09:21+00:00,0.0,8.0,211.7,NOT CHARGING,42.012469166699994,0.0
2020-08-29T22:09:25+00:00,0.0,8.0,211.7,NOT CHARGING,42.012469166699994,0.0
2020-08-29T22:09:29+00:00,0.0,8.0,211.8,NOT CHARGING,42.012469166699994,0.0
2020-08-29T22:09:33+00:00,0.0,8.0,211.7,NOT CHARGING,42.012469166699994,0.0
2020-08-29T22:09:37+00:00,0.0,8.0,211.9,NOT CHARGING,42.012469166699994,0.0
2020-08-29T22:09:41+00:00,0.0,8.0,211.8,NOT CHARGING,42.012469166699994,0.0
2020-08-29T22:09:45+00:00,0.0,8.0,211.9,NOT CHARGING,42.012469166699994,0.0
2020-08-29T22:09:49+00:00,0.0,8.0,212.0,NOT CHARGING,42.012469166699994,0.0
2020-08-29T22:09:53+00:00,0.0,8.0,211.8,NOT CHARGING,42.012469166699994,0.0
2020-08-29T22:09:57+00:00,0.0,8.0,211.7,NOT CHARGING,42.012469166699994,0.0
2020-08-29T22:10:01+00:00,0.0,8.0,211.9,NOT CHARGING,42.012469166699994,0.0
2020-08-29T22:10:05+00:00,0.0,8.0,211.9,NOT CHARGING,42.012469166699994,0.0
2020-08-29T22:10:09+00:00,0.0,8.0,212.0,NOT CHARGING,42.012469166699994,0.0
2020-08-29T22:10:13+00:00,0.0,8.0,211.9,NOT CHARGING,42.012469166699994,0.0
2020-08-29T22:10:16+00:00,0.0,8.0,211.6,NOT CHARGING,42.012469166699994,0.0
2020-08-29T22:10:20+00:00,0.0,8.0,211.7,NOT CHARGING,42.012469166699994,0.0
2020-08-29T22:10:24+00:00,0.0,8.0,211.8,NOT CHARGING,42.012469166699994,0.0
2020-08-29T22:10:28+00:00,0.0,8.0,211.7,NOT CHARGING,42.012469166699994,0.0
2020-08-29T22:10:32+00:00,0.0,8.0,211.8,NOT CHARGING,42.012469166699994,0.0
2020-08-29T22:10:36+00:00,0.0,8.0,212.1,NOT CHARGING,42.012469166699994,0.0
2020-08-29T22:10:40+00:00,0.0,8.0,212.0,NOT CHARGING,42.012469166699994,0.0
2020-08-29T22:10:44+00:00,0.0,8.0,211.9,NOT CHARGING,42.012469166699994,0.0
2020-08-29T22:10:48+00:00,0.0,8.0,211.7,NOT CHARGING,42.012469166699994,0.0
2020-08-29T22:10:52+00:00,0.0,8.0,211.8,NOT CHARGING,42.012469166699994,0.0
2020-08-29T22:10:56+00:00,0.0,8.0,211.8,NOT CHARGING,42.012469166699994,0.0
2020-08-29T22:11:00+00:00,0.0,8.0,211.8,NOT CHARGING,42.012469166699994,0.0
2020-08-29T22:11:04+00:00,0.0,8.0,211.6,NOT CHARGING,42.012469166699994,0.0
2020-08-29T22:11:08+00:00,0.0,8.0,211.6,NOT CHARGING,42.012469166699994,0.0
2020-08-29T22:11:12+00:00,0.0,8.0,211.9,NOT CHARGING,42.012469166699994,0.0
2020-08-29T22:11:16+00:00,0.0,8.0,211.8,NOT CHARGING,42.012469166699994,0.0
2020-08-29T22:11:20+00:00,0.0,8.0,212.0,NOT CHARGING,42.012469166699994,0.0
2020-08-29T22:11:23+00:00,0.0,8.0,211.9,NOT CHARGING,42.012469166699994,0.0
2020-08-29T22:11:27+00:00,0.0,8.0,211.9,NOT CHARGING,42.012469166699994,0.0
2020-08-29T22:11:31+00:00,0.0,8.0,211.8,NOT CHARGING,42.012469166699994,0.0
2020-08-29T22:11:35+00:00,0.0,8.0,211.9,NOT CHARGING,42.012469166699994,0.0
2020-08-29T22:11:39+00:00,0.0,8.0,211.9,NOT CHARGING,42.012469166699994,0.0
2020-08-29T22:11:43+00:00,0.0,8.0,211.8,NOT CHARGING,42.012469166699994,0.0
2020-08-29T22:11:47+00:00,0.0,8.0,211.9,NOT CHARGING,42.012469166699994,0.0
2020-08-29T22:11:51+00:00,0.0,8.0,211.9,NOT CHARGING,42.012469166699994,0.0
2020-08-29T22:11:55+00:00,0.0,8.0,211.8,NOT CHARGING,42.012469166699994,0.0
2020-08-29T22:11:59+00:00,0.0,8.0,212.0,NOT CHARGING,42.012469166699994,0.0
2020-08-29T22:12:03+00:00,0.0,8.0,211.7,NOT CHARGING,42.012469166699994,0.0
2020-08-29T22:12:07+00:00,0.0,8.0,211.7,NOT CHARGING,42.012469166699994,0.0
2020-08-29T22:12:11+00:00,0.0,8.0,211.8,NOT CHARGING,42.012469166699994,0.0
2020-08-29T22:12:15+00:00,0.0,8.0,211.6,NOT CHARGING,42.012469166699994,0.0
2020-08-29T22:12:19+00:00,0.0,8.0,211.9,NOT CHARGING,42.012469166699994,0.0
2020-08-29T22:12:23+00:00,0.0,8.0,212.0,NOT CHARGING,42.012469166699994,0.0
2020-08-29T22:12:27+00:00,0.0,8.0,211.7,NOT CHARGING,42.012469166699994,0.0
2020-08-29T22:12:30+00:00,0.0,8.0,211.6,NOT CHARGING,42.012469166699994,0.0
2020-08-29T22:12:34+00:00,0.0,8.0,211.8,NOT CHARGING,42.012469166699994,0.0
2020-08-29T22:12:38+00:00,0.0,8.0,211.2,NOT CHARGING,42.012469166699994,0.0
2020-08-29T22:12:42+00:00,0.0,8.0,212.0,NOT CHARGING,42.012469166699994,0.0
2020-08-29T22:12:46+00:00,0.0,8.0,212.0,NOT CHARGING,42.012469166699994,0.0
2020-08-29T22:12:50+00:00,0.0,8.0,211.5,NOT CHARGING,42.012469166699994,0.0
2020-08-29T22:12:54+00:00,0.0,8.0,211.8,NOT CHARGING,42.012469166699994,0.0
2020-08-29T22:12:58+00:00,0.0,8.0,212.0,NOT CHARGING,42.012469166699994,0.0
2020-08-29T22:13:02+00:00,0.0,8.0,211.6,NOT CHARGING,42.012469166699994,0.0
2020-08-29T22:13:06+00:00,0.0,8.0,211.9,NOT CHARGING,42.012469166699994,0.0
2020-08-29T22:13:10+00:00,0.0,8.0,211.8,NOT CHARGING,42.012469166699994,0.0
2020-08-29T22:13:14+00:00,0.0,8.0,211.8,NOT CHARGING,42.012469166699994,0.0
2020-08-29T22:13:18+00:00,0.0,8.0,211.6,NOT CHARGING,42.012469166699994,0.0
2020-08-29T22:13:22+00:00,0.0,8.0,211.7,NOT CHARGING,42.012469166699994,0.0
2020-08-29T22:13:26+00:00,0.0,8.0,211.7,NOT CHARGING,42.012469166699994,0.0
2020-08-29T22:13:30+00:00,0.0,8.0,211.8,NOT CHARGING,42.012469166699994,0.0
2020-08-29T22:13:34+00:00,0.0,8.0,211.8,NOT CHARGING,42.012469166699994,0.0
2020-08-29T22:13:37+00:00,0.0,8.0,211.9,NOT CHARGING,42.012469166699994,0.0
2020-08-29T22:13:41+00:00,0.0,8.0,211.3,NOT CHARGING,42.012469166699994,0.0
2020-08-29T22:13:45+00:00,0.0,8.0,211.8,NOT CHARGING,42.012469166699994,0.0
2020-08-29T22:13:49+00:00,0.0,8.0,212.0,NOT CHARGING,42.012469166699994,0.0
2020-08-29T22:13:53+00:00,0.0,8.0,211.8,NOT CHARGING,42.012469166699994,0.0
2020-08-29T22:13:57+00:00,0.0,8.0,212.0,NOT CHARGING,42.012469166699994,0.0
2020-08-29T22:14:01+00:00,0.0,8.0,211.6,NOT CHARGING,42.012469166699994,0.0
2020-08-29T22:14:05+00:00,0.0,8.0,211.6,NOT CHARGING,42.012469166699994,0.0
2020-08-29T22:14:09+00:00,0.0,8.0,211.7,NOT CHARGING,42.012469166699994,0.0
2020-08-29T22:14:13+00:00,0.0,8.0,211.7,NOT CHARGING,42.012469166699994,0.0
2020-08-29T22:14:17+00:00,0.0,8.0,211.5,NOT CHARGING,42.012469166699994,0.0
2020-08-29T22:14:21+00:00,0.0,8.0,211.7,NOT CHARGING,42.012469166699994,0.0
2020-08-29T22:14:25+00:00,0.0,8.0,211.9,NOT CHARGING,42.012469166699994,0.0
2020-08-29T22:14:29+00:00,0.0,8.0,211.5,NOT CHARGING,42.012469166699994,0.0
2020-08-29T22:14:33+00:00,0.0,8.0,211.8,NOT CHARGING,42.012469166699994,0.0
2020-08-29T22:14:37+00:00,0.0,8.0,211.5,NOT CHARGING,42.012469166699994,0.0
2020-08-29T22:14:40+00:00,0.0,8.0,211.7,NOT CHARGING,42.012469166699994,0.0
2020-08-29T22:14:44+00:00,0.0,8.0,211.7,NOT CHARGING,42.012469166699994,0.0
2020-08-29T22:14:48+00:00,0.0,8.0,211.9,NOT CHARGING,42.012469166699994,0.0
2020-08-29T22:14:52+00:00,0.0,8.0,211.8,NOT CHARGING,42.012469166699994,0.0
2020-08-29T22:14:56+00:00,0.0,8.0,211.6,NOT CHARGING,42.012469166699994,0.0
2020-08-29T22:15:00+00:00,0.0,8.0,211.6,NOT CHARGING,42.012469166699994,0.0
2020-08-29T22:15:04+00:00,0.0,8.0,211.6,NOT CHARGING,42.012469166699994,0.0
2020-08-29T22:15:08+00:00,0.0,8.0,211.8,NOT CHARGING,42.012469166699994,0.0
2020-08-29T22:15:12+00:00,0.0,8.0,211.6,NOT CHARGING,42.012469166699994,0.0
2020-08-29T22:15:16+00:00,0.0,8.0,211.8,NOT CHARGING,42.012469166699994,0.0
2020-08-29T22:15:20+00:00,0.0,8.0,211.6,NOT CHARGING,42.012469166699994,0.0
2020-08-29T22:15:24+00:00,0.0,8.0,211.6,NOT CHARGING,42.012469166699994,0.0
2020-08-29T22:15:28+00:00,0.0,8.0,211.6,NOT CHARGING,42.012469166699994,0.0
2020-08-29T22:15:32+00:00,0.0,8.0,211.5,NOT CHARGING,42.012469166699994,0.0
2020-08-29T22:15:36+00:00,0.0,8.0,211.5,NOT CHARGING,42.012469166699994,0.0
2020-08-29T22:15:40+00:00,0.0,8.0,211.5,NOT CHARGING,42.012469166699994,0.0
2020-08-29T22:15:44+00:00,0.0,8.0,211.5,NOT CHARGING,42.012469166699994,0.0
2020-08-29T22:15:47+00:00,0.0,8.0,211.7,NOT CHARGING,42.012469166699994,0.0
2020-08-29T22:15:51+00:00,0.0,8.0,211.6,NOT CHARGING,42.012469166699994,0.0
2020-08-29T22:15:55+00:00,0.0,8.0,211.6,NOT CHARGING,42.012469166699994,0.0
2020-08-29T22:15:59+00:00,0.0,8.0,211.4,NOT CHARGING,42.012469166699994,0.0
2020-08-29T22:16:03+00:00,0.0,8.0,211.5,NOT CHARGING,42.012469166699994,0.0
2020-08-29T22:16:07+00:00,0.0,8.0,211.6,NOT CHARGING,42.012469166699994,0.0
2020-08-29T22:16:11+00:00,0.0,8.0,211.7,NOT CHARGING,42.012469166699994,0.0
2020-08-29T22:16:15+00:00,0.0,8.0,211.5,NOT CHARGING,42.012469166699994,0.0
2020-08-29T22:16:19+00:00,0.0,8.0,211.5,NOT CHARGING,42.012469166699994,0.0
2020-08-29T22:16:23+00:00,0.0,8.0,211.5,NOT CHARGING,42.012469166699994,0.0
2020-08-29T22:16:27+00:00,0.0,8.0,211.1,NOT CHARGING,42.012469166699994,0.0
2020-08-29T22:16:31+00:00,0.0,8.0,211.2,NOT CHARGING,42.012469166699994,0.0
2020-08-29T22:16:35+00:00,0.0,8.0,211.6,NOT CHARGING,42.012469166699994,0.0
2020-08-29T22:16:39+00:00,0.0,8.0,211.7,NOT CHARGING,42.012469166699994,0.0
2020-08-29T22:16:43+00:00,0.0,8.0,211.4,NOT CHARGING,42.012469166699994,0.0
2020-08-29T22:16:47+00:00,0.0,8.0,211.5,NOT CHARGING,42.012469166699994,0.0
2020-08-29T22:16:51+00:00,0.0,8.0,211.6,NOT CHARGING,42.012469166699994,0.0
2020-08-29T22:16:54+00:00,0.0,8.0,211.5,NOT CHARGING,42.012469166699994,0.0
2020-08-29T22:16:58+00:00,0.0,8.0,211.6,NOT CHARGING,42.012469166699994,0.0
2020-08-29T22:17:02+00:00,0.0,8.0,211.3,NOT CHARGING,42.012469166699994,0.0
2020-08-29T22:17:06+00:00,0.0,8.0,211.3,NOT CHARGING,42.012469166699994,0.0
2020-08-29T22:17:10+00:00,0.0,8.0,211.4,NOT CHARGING,42.012469166699994,0.0
2020-08-29T22:17:14+00:00,0.0,8.0,211.4,NOT CHARGING,42.012469166699994,0.0
2020-08-29T22:17:18+00:00,0.0,8.0,211.4,NOT CHARGING,42.012469166699994,0.0
2020-08-29T22:17:22+00:00,0.0,8.0,211.2,NOT CHARGING,42.012469166699994,0.0
2020-08-29T22:17:26+00:00,0.0,8.0,211.7,NOT CHARGING,42.012469166699994,0.0
2020-08-29T22:17:30+00:00,0.0,8.0,211.6,NOT CHARGING,42.012469166699994,0.0
2020-08-29T22:17:34+00:00,0.0,8.0,211.2,NOT CHARGING,42.012469166699994,0.0
2020-08-29T22:17:38+00:00,0.0,8.0,211.3,NOT CHARGING,42.012469166699994,0.0
2020-08-29T22:17:42+00:00,0.0,8.0,211.5,NOT CHARGING,42.012469166699994,0.0
2020-08-29T22:17:46+00:00,0.0,8.0,211.6,NOT CHARGING,42.012469166699994,0.0
2020-08-29T22:17:50+00:00,0.0,8.0,211.1,NOT CHARGING,42.012469166699994,0.0
2020-08-29T22:17:54+00:00,0.0,8.0,211.3,NOT CHARGING,42.012469166699994,0.0
2020-08-29T22:17:58+00:00,0.0,8.0,211.2,NOT CHARGING,42.012469166699994,0.0
2020-08-29T22:18:01+00:00,0.0,8.0,211.5,NOT CHARGING,42.012469166699994,0.0
2020-08-29T22:18:05+00:00,0.0,8.0,211.5,NOT CHARGING,42.012469166699994,0.0
2020-08-29T22:18:09+00:00,0.0,8.0,211.6,NOT CHARGING,42.012469166699994,0.0
2020-08-29T22:18:13+00:00,0.0,8.0,211.2,NOT CHARGING,42.012469166699994,0.0
2020-08-29T22:18:17+00:00,0.0,8.0,211.5,NOT CHARGING,42.012469166699994,0.0
2020-08-29T22:18:21+00:00,0.0,8.0,211.4,NOT CHARGING,42.012469166699994,0.0
2020-08-29T22:18:25+00:00,0.0,8.0,211.6,NOT CHARGING,42.012469166699994,0.0
2020-08-29T22:18:29+00:00,0.0,8.0,211.4,NOT CHARGING,42.012469166699994,0.0
2020-08-29T22:18:33+00:00,0.0,8.0,211.6,NOT CHARGING,42.012469166699994,0.0
2020-08-29T22:18:37+00:00,0.0,8.0,211.4,NOT CHARGING,42.012469166699994,0.0
2020-08-29T22:18:41+00:00,0.0,8.0,211.5,NOT CHARGING,42.012469166699994,0.0
2020-08-29T22:18:45+00:00,0.0,8.0,211.3,NOT CHARGING,42.012469166699994,0.0
2020-08-29T22:18:49+00:00,0.0,8.0,211.3,NOT CHARGING,42.012469166699994,0.0
2020-08-29T22:18:53+00:00,0.0,8.0,211.3,NOT CHARGING,42.012469166699994,0.0
2020-08-29T22:18:57+00:00,0.0,8.0,211.3,NOT CHARGING,42.012469166699994,0.0
2020-08-29T22:19:01+00:00,0.0,8.0,211.3,NOT CHARGING,42.012469166699994,0.0
2020-08-29T22:19:05+00:00,0.0,8.0,211.5,NOT CHARGING,42.012469166699994,0.0
2020-08-29T22:19:08+00:00,0.0,8.0,211.5,NOT CHARGING,42.012469166699994,0.0
2020-08-29T22:19:12+00:00,0.0,8.0,211.6,NOT CHARGING,42.012469166699994,0.0
2020-08-29T22:19:16+00:00,0.0,8.0,211.4,NOT CHARGING,42.012469166699994,0.0
2020-08-29T22:19:20+00:00,0.0,8.0,211.6,NOT CHARGING,42.012469166699994,0.0
2020-08-29T22:19:24+00:00,0.0,8.0,211.4,NOT CHARGING,42.012469166699994,0.0
2020-08-29T22:19:28+00:00,0.0,8.0,211.8,NOT CHARGING,42.012469166699994,0.0
2020-08-29T22:19:32+00:00,0.0,8.0,211.3,NOT CHARGING,42.012469166699994,0.0
2020-08-29T22:19:36+00:00,0.0,8.0,211.6,NOT CHARGING,42.012469166699994,0.0
2020-08-29T22:19:40+00:00,0.0,8.0,211.4,NOT CHARGING,42.012469166699994,0.0
2020-08-29T22:19:44+00:00,0.0,8.0,211.4,NOT CHARGING,42.012469166699994,0.0
2020-08-29T22:19:48+00:00,0.0,8.0,211.4,NOT CHARGING,42.012469166699994,0.0
2020-08-29T22:19:52+00:00,0.0,8.0,211.4,NOT CHARGING,42.012469166699994,0.0
2020-08-29T22:19:56+00:00,0.0,8.0,211.5,NOT CHARGING,42.012469166699994,0.0
2020-08-29T22:20:00+00:00,0.0,8.0,211.3,NOT CHARGING,42.012469166699994,0.0
2020-08-29T22:20:04+00:00,0.0,8.0,211.5,NOT CHARGING,42.012469166699994,0.0
2020-08-29T22:20:08+00:00,0.0,8.0,211.6,NOT CHARGING,42.012469166699994,0.0
2020-08-29T22:20:12+00:00,0.0,8.0,211.5,NOT CHARGING,42.012469166699994,0.0
2020-08-29T22:20:15+00:00,0.0,8.0,211.5,NOT CHARGING,42.012469166699994,0.0
2020-08-29T22:20:19+00:00,0.0,8.0,211.5,NOT CHARGING,42.012469166699994,0.0
2020-08-29T22:20:23+00:00,0.0,8.0,211.3,NOT CHARGING,42.012469166699994,0.0
2020-08-29T22:20:27+00:00,0.0,8.0,211.2,NOT CHARGING,42.012469166699994,0.0
2020-08-29T22:20:31+00:00,0.0,8.0,211.3,NOT CHARGING,42.012469166699994,0.0
2020-08-29T22:20:35+00:00,0.0,8.0,211.6,NOT CHARGING,42.012469166699994,0.0
2020-08-29T22:20:39+00:00,0.0,8.0,211.3,NOT CHARGING,42.012469166699994,0.0
2020-08-29T22:20:43+00:00,0.0,8.0,211.6,NOT CHARGING,42.012469166699994,0.0
2020-08-29T22:20:47+00:00,0.0,8.0,211.6,NOT CHARGING,42.012469166699994,0.0
2020-08-29T22:20:51+00:00,0.0,8.0,211.5,NOT CHARGING,42.012469166699994,0.0
2020-08-29T22:20:55+00:00,0.0,8.0,211.5,NOT CHARGING,42.012469166699994,0.0
2020-08-29T22:20:59+00:00,0.0,8.0,211.5,NOT CHARGING,42.012469166699994,0.0
2020-08-29T22:21:03+00:00,0.0,8.0,211.3,NOT CHARGING,42.012469166699994,0.0
2020-08-29T22:21:07+00:00,0.0,8.0,211.5,NOT CHARGING,42.012469166699994,0.0
2020-08-29T22:21:11+00:00,0.0,8.0,211.4,NOT CHARGING,42.012469166699994,0.0
2020-08-29T22:21:15+00:00,0.0,8.0,211.5,NOT CHARGING,42.012469166699994,0.0
2020-08-29T22:21:19+00:00,0.0,8.0,211.7,NOT CHARGING,42.012469166699994,0.0
2020-08-29T22:21:22+00:00,0.0,8.0,211.5,NOT CHARGING,42.012469166699994,0.0
2020-08-29T22:21:26+00:00,0.0,8.0,211.5,NOT CHARGING,42.012469166699994,0.0
2020-08-29T22:21:30+00:00,0.0,8.0,211.7,NOT CHARGING,42.012469166699994,0.0
2020-08-29T22:21:34+00:00,0.0,8.0,211.4,NOT CHARGING,42.012469166699994,0.0
2020-08-29T22:21:38+00:00,0.0,8.0,211.6,NOT CHARGING,42.012469166699994,0.0
2020-08-29T22:21:42+00:00,0.0,8.0,211.5,NOT CHARGING,42.012469166699994,0.0
2020-08-29T22:21:46+00:00,0.0,8.0,211.1,NOT CHARGING,42.012469166699994,0.0
2020-08-29T22:21:50+00:00,0.0,8.0,211.6,NOT CHARGING,42.012469166699994,0.0
2020-08-29T22:21:54+00:00,0.0,8.0,211.6,NOT CHARGING,42.012469166699994,0.0
2020-08-29T22:21:58+00:00,0.0,8.0,211.5,NOT CHARGING,42.012469166699994,0.0
2020-08-29T22:22:02+00:00,0.0,8.0,211.6,NOT CHARGING,42.012469166699994,0.0
2020-08-29T22:22:06+00:00,0.0,8.0,211.2,NOT CHARGING,42.012469166699994,0.0
2020-08-29T22:22:10+00:00,0.0,8.0,211.7,NOT CHARGING,42.012469166699994,0.0
2020-08-29T22:22:14+00:00,0.0,8.0,211.4,NOT CHARGING,42.012469166699994,0.0
2020-08-29T22:22:18+00:00,0.0,8.0,211.6,NOT CHARGING,42.012469166699994,0.0
2020-08-29T22:22:22+00:00,0.0,8.0,211.8,NOT CHARGING,42.012469166699994,0.0
2020-08-29T22:22:25+00:00,0.0,8.0,211.7,NOT CHARGING,42.012469166699994,0.0
2020-08-29T22:22:29+00:00,0.0,8.0,211.5,NOT CHARGING,42.012469166699994,0.0
2020-08-29T22:22:33+00:00,0.0,8.0,211.5,NOT CHARGING,42.012469166699994,0.0
2020-08-29T22:22:37+00:00,0.0,8.0,211.4,NOT CHARGING,42.012469166699994,0.0
2020-08-29T22:22:41+00:00,0.0,8.0,211.4,NOT CHARGING,42.012469166699994,0.0
2020-08-29T22:22:45+00:00,0.0,8.0,211.2,NOT CHARGING,42.012469166699994,0.0
2020-08-29T22:22:49+00:00,0.0,8.0,211.2,NOT CHARGING,42.012469166699994,0.0
2020-08-29T22:22:53+00:00,0.0,8.0,211.6,NOT CHARGING,42.012469166699994,0.0
2020-08-29T22:22:57+00:00,0.0,8.0,211.6,NOT CHARGING,42.012469166699994,0.0
2020-08-29T22:23:01+00:00,0.0,8.0,211.5,NOT CHARGING,42.012469166699994,0.0
2020-08-29T22:23:05+00:00,0.0,8.0,211.6,NOT CHARGING,42.012469166699994,0.0
2020-08-29T22:23:09+00:00,0.0,8.0,211.6,NOT CHARGING,42.012469166699994,0.0
2020-08-29T22:23:13+00:00,0.0,8.0,211.7,NOT CHARGING,42.012469166699994,0.0
2020-08-29T22:23:17+00:00,0.0,8.0,211.6,NOT CHARGING,42.012469166699994,0.0
2020-08-29T22:23:21+00:00,0.0,8.0,211.5,NOT CHARGING,42.012469166699994,0.0
2020-08-29T22:23:25+00:00,0.0,8.0,211.6,NOT CHARGING,42.012469166699994,0.0
2020-08-29T22:23:29+00:00,0.0,8.0,211.6,NOT CHARGING,42.012469166699994,0.0
2020-08-29T22:23:32+00:00,0.0,8.0,211.5,NOT CHARGING,42.012469166699994,0.0
2020-08-29T22:23:36+00:00,0.0,8.0,211.6,NOT CHARGING,42.012469166699994,0.0
2020-08-29T22:23:40+00:00,0.0,8.0,211.5,NOT CHARGING,42.012469166699994,0.0
2020-08-29T22:23:44+00:00,0.0,8.0,211.2,NOT CHARGING,42.012469166699994,0.0
2020-08-29T22:23:48+00:00,0.0,8.0,211.6,NOT CHARGING,42.012469166699994,0.0
2020-08-29T22:23:52+00:00,0.0,8.0,211.4,NOT CHARGING,42.012469166699994,0.0
2020-08-29T22:23:56+00:00,0.0,8.0,211.6,NOT CHARGING,42.012469166699994,0.0
2020-08-29T22:24:00+00:00,0.0,8.0,211.0,NOT CHARGING,42.012469166699994,0.0
2020-08-29T22:24:04+00:00,0.0,8.0,211.5,NOT CHARGING,42.012469166699994,0.0
2020-08-29T22:24:08+00:00,0.0,8.0,211.4,NOT CHARGING,42.012469166699994,0.0
2020-08-29T22:24:12+00:00,0.0,8.0,211.5,NOT CHARGING,42.012469166699994,0.0
2020-08-29T22:24:16+00:00,0.0,8.0,211.4,NOT CHARGING,42.012469166699994,0.0
2020-08-29T22:24:20+00:00,0.0,8.0,211.5,NOT CHARGING,42.012469166699994,0.0
2020-08-29T22:24:24+00:00,0.0,8.0,211.4,NOT CHARGING,42.012469166699994,0.0
2020-08-29T22:24:28+00:00,0.0,8.0,211.1,NOT CHARGING,42.012469166699994,0.0
2020-08-29T22:24:32+00:00,0.0,8.0,211.2,NOT CHARGING,42.012469166699994,0.0
2020-08-29T22:24:36+00:00,0.0,8.0,211.4,NOT CHARGING,42.012469166699994,0.0
2020-08-29T22:24:39+00:00,0.0,8.0,211.2,NOT CHARGING,42.012469166699994,0.0
2020-08-29T22:24:43+00:00,0.0,8.0,211.2,NOT CHARGING,42.012469166699994,0.0
2020-08-29T22:24:47+00:00,0.0,8.0,211.2,NOT CHARGING,42.012469166699994,0.0
2020-08-29T22:24:51+00:00,0.0,8.0,211.3,NOT CHARGING,42.012469166699994,0.0
2020-08-29T22:24:55+00:00,0.0,8.0,211.2,NOT CHARGING,42.012469166699994,0.0
2020-08-29T22:24:59+00:00,0.0,8.0,211.6,NOT CHARGING,42.012469166699994,0.0
2020-08-29T22:25:03+00:00,0.0,8.0,211.5,NOT CHARGING,42.012469166699994,0.0
2020-08-29T22:25:07+00:00,0.0,8.0,211.4,NOT CHARGING,42.012469166699994,0.0
2020-08-29T22:25:11+00:00,0.0,8.0,211.4,NOT CHARGING,42.012469166699994,0.0
2020-08-29T22:25:15+00:00,0.0,8.0,211.1,NOT CHARGING,42.012469166699994,0.0
2020-08-29T22:25:19+00:00,0.0,8.0,211.5,NOT CHARGING,42.012469166699994,0.0
2020-08-29T22:25:23+00:00,0.0,8.0,211.3,NOT CHARGING,42.012469166699994,0.0
2020-08-29T22:25:27+00:00,0.0,8.0,211.4,NOT CHARGING,42.012469166699994,0.0
2020-08-29T22:25:31+00:00,0.0,8.0,211.3,NOT CHARGING,42.012469166699994,0.0
2020-08-29T22:25:35+00:00,0.0,8.0,211.2,NOT CHARGING,42.012469166699994,0.0
2020-08-29T22:25:39+00:00,0.0,8.0,210.6,NOT CHARGING,42.012469166699994,0.0
2020-08-29T22:25:43+00:00,0.0,8.0,211.3,NOT CHARGING,42.012469166699994,0.0
2020-08-29T22:25:46+00:00,0.0,8.0,211.2,NOT CHARGING,42.012469166699994,0.0
2020-08-29T22:25:50+00:00,0.0,8.0,211.2,NOT CHARGING,42.012469166699994,0.0
2020-08-29T22:25:54+00:00,0.0,8.0,211.7,NOT CHARGING,42.012469166699994,0.0
2020-08-29T22:25:58+00:00,0.0,8.0,211.5,NOT CHARGING,42.012469166699994,0.0
2020-08-29T22:26:02+00:00,0.0,8.0,211.4,NOT CHARGING,42.012469166699994,0.0
2020-08-29T22:26:06+00:00,0.0,8.0,211.4,NOT CHARGING,42.012469166699994,0.0
2020-08-29T22:26:10+00:00,0.0,8.0,211.3,NOT CHARGING,42.012469166699994,0.0
2020-08-29T22:26:14+00:00,0.0,8.0,211.4,NOT CHARGING,42.012469166699994,0.0
2020-08-29T22:26:18+00:00,0.0,8.0,211.3,NOT CHARGING,42.012469166699994,0.0
2020-08-29T22:26:22+00:00,0.0,8.0,211.4,NOT CHARGING,42.012469166699994,0.0
2020-08-29T22:26:26+00:00,0.0,8.0,211.4,NOT CHARGING,42.012469166699994,0.0
2020-08-29T22:26:30+00:00,0.0,8.0,211.3,NOT CHARGING,42.012469166699994,0.0
2020-08-29T22:26:34+00:00,0.0,8.0,211.2,NOT CHARGING,42.012469166699994,0.0
2020-08-29T22:26:38+00:00,0.0,8.0,211.3,NOT CHARGING,42.012469166699994,0.0
2020-08-29T22:26:42+00:00,0.0,8.0,211.4,NOT CHARGING,42.012469166699994,0.0
2020-08-29T22:26:46+00:00,0.0,8.0,211.3,NOT CHARGING,42.012469166699994,0.0
2020-08-29T22:26:50+00:00,0.0,8.0,211.0,NOT CHARGING,42.012469166699994,0.0
2020-08-29T22:26:53+00:00,0.0,8.0,210.8,NOT CHARGING,42.012469166699994,0.0
2020-08-29T22:26:57+00:00,0.0,8.0,211.2,NOT CHARGING,42.012469166699994,0.0
2020-08-29T22:27:01+00:00,0.0,8.0,211.3,NOT CHARGING,42.012469166699994,0.0
2020-08-29T22:27:05+00:00,0.0,8.0,211.5,NOT CHARGING,42.012469166699994,0.0
2020-08-29T22:27:09+00:00,0.0,8.0,211.2,NOT CHARGING,42.012469166699994,0.0
2020-08-29T22:27:13+00:00,0.0,8.0,211.2,NOT CHARGING,42.012469166699994,0.0
2020-08-29T22:27:17+00:00,0.0,8.0,211.2,NOT CHARGING,42.012469166699994,0.0
2020-08-29T22:27:21+00:00,0.0,8.0,211.0,NOT CHARGING,42.012469166699994,0.0
2020-08-29T22:27:25+00:00,0.0,8.0,211.3,NOT CHARGING,42.012469166699994,0.0
2020-08-29T22:27:29+00:00,0.0,8.0,211.3,NOT CHARGING,42.012469166699994,0.0
2020-08-29T22:27:33+00:00,0.0,8.0,211.2,NOT CHARGING,42.012469166699994,0.0
2020-08-29T22:27:37+00:00,0.0,8.0,211.6,NOT CHARGING,42.012469166699994,0.0
2020-08-29T22:27:41+00:00,0.0,8.0,211.3,NOT CHARGING,42.012469166699994,0.0
2020-08-29T22:27:45+00:00,0.0,8.0,211.3,NOT CHARGING,42.012469166699994,0.0
2020-08-29T22:27:49+00:00,0.0,8.0,211.4,NOT CHARGING,42.012469166699994,0.0
2020-08-29T22:27:53+00:00,0.0,8.0,211.3,NOT CHARGING,42.012469166699994,0.0
2020-08-29T22:27:57+00:00,0.0,8.0,211.3,NOT CHARGING,42.012469166699994,0.0
2020-08-29T22:28:00+00:00,0.0,8.0,211.1,NOT CHARGING,42.012469166699994,0.0
2020-08-29T22:28:04+00:00,0.0,8.0,211.1,NOT CHARGING,42.012469166699994,0.0
2020-08-29T22:28:08+00:00,0.0,8.0,211.3,NOT CHARGING,42.012469166699994,0.0
2020-08-29T22:28:12+00:00,0.0,8.0,211.3,NOT CHARGING,42.012469166699994,0.0
2020-08-29T22:28:16+00:00,0.0,8.0,211.4,NOT CHARGING,42.012469166699994,0.0
2020-08-29T22:28:20+00:00,0.0,8.0,211.2,NOT CHARGING,42.012469166699994,0.0
2020-08-29T22:28:24+00:00,0.0,8.0,211.2,NOT CHARGING,42.012469166699994,0.0
2020-08-29T22:28:28+00:00,0.0,8.0,211.3,NOT CHARGING,42.012469166699994,0.0
2020-08-29T22:28:32+00:00,0.0,8.0,211.0,NOT CHARGING,42.012469166699994,0.0
2020-08-29T22:28:36+00:00,0.0,8.0,210.9,NOT CHARGING,42.012469166699994,0.0
2020-08-29T22:28:40+00:00,0.0,8.0,211.2,NOT CHARGING,42.012469166699994,0.0
2020-08-29T22:28:44+00:00,0.0,8.0,211.0,NOT CHARGING,42.012469166699994,0.0
2020-08-29T22:28:48+00:00,0.0,8.0,211.3,NOT CHARGING,42.012469166699994,0.0
2020-08-29T22:28:52+00:00,0.0,8.0,210.9,NOT CHARGING,42.012469166699994,0.0
2020-08-29T22:28:56+00:00,0.0,8.0,211.3,NOT CHARGING,42.012469166699994,0.0
2020-08-29T22:29:00+00:00,0.0,8.0,211.0,NOT CHARGING,42.012469166699994,0.0
2020-08-29T22:29:04+00:00,0.0,8.0,211.3,NOT CHARGING,42.012469166699994,0.0
2020-08-29T22:29:07+00:00,0.0,8.0,211.3,NOT CHARGING,42.012469166699994,0.0
2020-08-29T22:29:11+00:00,0.0,8.0,211.2,NOT CHARGING,42.012469166699994,0.0
2020-08-29T22:29:15+00:00,0.0,8.0,211.4,NOT CHARGING,42.012469166699994,0.0
2020-08-29T22:29:19+00:00,0.0,8.0,211.4,NOT CHARGING,42.012469166699994,0.0
2020-08-29T22:29:23+00:00,0.0,8.0,211.1,NOT CHARGING,42.012469166699994,0.0
2020-08-29T22:29:27+00:00,0.0,8.0,211.1,NOT CHARGING,42.012469166699994,0.0
2020-08-29T22:29:31+00:00,0.0,8.0,211.3,NOT CHARGING,42.012469166699994,0.0
2020-08-29T22:29:35+00:00,0.0,8.0,211.1,NOT CHARGING,42.012469166699994,0.0
2020-08-29T22:29:39+00:00,0.0,8.0,211.2,NOT CHARGING,42.012469166699994,0.0
2020-08-29T22:29:43+00:00,0.0,8.0,211.1,NOT CHARGING,42.012469166699994,0.0
2020-08-29T22:29:47+00:00,0.0,8.0,211.2,NOT CHARGING,42.012469166699994,0.0
2020-08-29T22:29:51+00:00,0.0,8.0,211.2,NOT CHARGING,42.012469166699994,0.0
2020-08-29T22:29:55+00:00,0.0,8.0,210.9,NOT CHARGING,42.012469166699994,0.0
2020-08-29T22:29:59+00:00,0.0,8.0,211.3,NOT CHARGING,42.012469166699994,0.0
2020-08-29T22:30:03+00:00,0.0,8.0,211.2,NOT CHARGING,42.012469166699994,0.0
2020-08-29T22:30:07+00:00,0.0,8.0,211.2,NOT CHARGING,42.012469166699994,0.0
2020-08-29T22:30:10+00:00,0.0,8.0,211.1,NOT CHARGING,42.012469166699994,0.0
2020-08-29T22:30:14+00:00,0.0,8.0,211.1,NOT CHARGING,42.012469166699994,0.0
2020-08-29T22:30:18+00:00,0.0,8.0,211.5,NOT CHARGING,42.012469166699994,0.0
2020-08-29T22:30:22+00:00,0.0,8.0,211.3,NOT CHARGING,42.012469166699994,0.0
2020-08-29T22:30:26+00:00,0.0,8.0,211.3,NOT CHARGING,42.012469166699994,0.0
2020-08-29T22:30:30+00:00,0.0,8.0,211.1,NOT CHARGING,42.012469166699994,0.0
2020-08-29T22:30:34+00:00,0.0,8.0,211.0,NOT CHARGING,42.012469166699994,0.0
2020-08-29T22:30:38+00:00,0.0,8.0,211.1,NOT CHARGING,42.012469166699994,0.0
2020-08-29T22:30:42+00:00,0.0,8.0,211.3,NOT CHARGING,42.012469166699994,0.0
2020-08-29T22:30:46+00:00,0.0,8.0,210.7,NOT CHARGING,42.012469166699994,0.0
2020-08-29T22:30:50+00:00,0.0,8.0,211.0,NOT CHARGING,42.012469166699994,0.0
2020-08-29T22:30:54+00:00,0.0,8.0,211.4,NOT CHARGING,42.012469166699994,0.0
2020-08-29T22:30:58+00:00,0.0,8.0,211.4,NOT CHARGING,42.012469166699994,0.0
2020-08-29T22:31:02+00:00,0.0,8.0,211.1,NOT CHARGING,42.012469166699994,0.0
2020-08-29T22:31:06+00:00,0.0,8.0,211.1,NOT CHARGING,42.012469166699994,0.0
2020-08-29T22:31:10+00:00,0.0,8.0,211.0,NOT CHARGING,42.012469166699994,0.0
2020-08-29T22:31:14+00:00,0.0,8.0,210.9,NOT CHARGING,42.012469166699994,0.0
2020-08-29T22:31:17+00:00,0.0,8.0,210.9,NOT CHARGING,42.012469166699994,0.0
2020-08-29T22:31:21+00:00,0.0,8.0,211.1,NOT CHARGING,42.012469166699994,0.0
2020-08-29T22:31:25+00:00,0.0,8.0,210.9,NOT CHARGING,42.012469166699994,0.0
2020-08-29T22:31:29+00:00,0.0,8.0,211.2,NOT CHARGING,42.012469166699994,0.0
2020-08-29T22:31:33+00:00,0.0,8.0,211.1,NOT CHARGING,42.012469166699994,0.0
2020-08-29T22:31:37+00:00,0.0,8.0,211.1,NOT CHARGING,42.012469166699994,0.0
2020-08-29T22:31:41+00:00,0.0,8.0,211.1,NOT CHARGING,42.012469166699994,0.0
2020-08-29T22:31:45+00:00,0.0,8.0,211.2,NOT CHARGING,42.012469166699994,0.0
2020-08-29T22:31:49+00:00,0.0,8.0,210.8,NOT CHARGING,42.012469166699994,0.0
2020-08-29T22:31:53+00:00,0.0,8.0,211.4,NOT CHARGING,42.012469166699994,0.0
2020-08-29T22:31:57+00:00,0.0,8.0,210.8,NOT CHARGING,42.012469166699994,0.0
2020-08-29T22:32:01+00:00,0.0,8.0,211.2,NOT CHARGING,42.012469166699994,0.0
2020-08-29T22:32:05+00:00,0.0,8.0,211.2,NOT CHARGING,42.012469166699994,0.0
2020-08-29T22:32:09+00:00,0.0,8.0,211.4,NOT CHARGING,42.012469166699994,0.0
2020-08-29T22:32:13+00:00,0.0,8.0,211.0,NOT CHARGING,42.012469166699994,0.0
2020-08-29T22:32:17+00:00,0.0,8.0,211.2,NOT CHARGING,42.012469166699994,0.0
2020-08-29T22:32:21+00:00,0.0,8.0,210.9,NOT CHARGING,42.012469166699994,0.0
2020-08-29T22:32:24+00:00,0.0,8.0,211.3,NOT CHARGING,42.012469166699994,0.0
2020-08-29T22:32:28+00:00,0.0,8.0,211.1,NOT CHARGING,42.012469166699994,0.0
2020-08-29T22:32:32+00:00,0.0,8.0,211.3,NOT CHARGING,42.012469166699994,0.0
2020-08-29T22:32:36+00:00,0.0,8.0,210.9,NOT CHARGING,42.012469166699994,0.0
2020-08-29T22:32:40+00:00,0.0,8.0,211.1,NOT CHARGING,42.012469166699994,0.0
2020-08-29T22:32:44+00:00,0.0,8.0,211.0,NOT CHARGING,42.012469166699994,0.0
2020-08-29T22:32:48+00:00,0.0,8.0,211.2,NOT CHARGING,42.012469166699994,0.0
2020-08-29T22:32:52+00:00,0.0,8.0,211.1,NOT CHARGING,42.012469166699994,0.0
2020-08-29T22:32:56+00:00,0.0,8.0,211.2,NOT CHARGING,42.012469166699994,0.0
2020-08-29T22:33:00+00:00,0.0,8.0,211.1,NOT CHARGING,42.012469166699994,0.0
2020-08-29T22:33:04+00:00,0.0,8.0,211.0,NOT CHARGING,42.012469166699994,0.0
2020-08-29T22:33:08+00:00,0.0,8.0,211.0,NOT CHARGING,42.012469166699994,0.0
2020-08-29T22:33:12+00:00,0.0,8.0,211.0,NOT CHARGING,42.012469166699994,0.0
2020-08-29T22:33:16+00:00,0.0,8.0,211.0,NOT CHARGING,42.012469166699994,0.0
2020-08-29T22:33:20+00:00,0.0,8.0,211.1,NOT CHARGING,42.012469166699994,0.0
2020-08-29T22:33:24+00:00,0.0,8.0,211.0,NOT CHARGING,42.012469166699994,0.0
2020-08-29T22:33:28+00:00,0.0,8.0,210.9,NOT CHARGING,42.012469166699994,0.0
2020-08-29T22:33:31+00:00,0.0,8.0,210.9,NOT CHARGING,42.012469166699994,0.0
2020-08-29T22:33:35+00:00,0.0,8.0,211.0,NOT CHARGING,42.012469166699994,0.0
2020-08-29T22:33:39+00:00,0.0,8.0,211.0,NOT CHARGING,42.012469166699994,0.0
2020-08-29T22:33:43+00:00,0.0,8.0,211.3,NOT CHARGING,42.012469166699994,0.0
2020-08-29T22:33:47+00:00,0.0,8.0,211.5,NOT CHARGING,42.012469166699994,0.0
2020-08-29T22:33:51+00:00,0.0,8.0,211.0,NOT CHARGING,42.012469166699994,0.0
2020-08-29T22:33:55+00:00,0.0,8.0,211.0,NOT CHARGING,42.012469166699994,0.0
2020-08-29T22:33:59+00:00,0.0,8.0,211.0,NOT CHARGING,42.012469166699994,0.0
2020-08-29T22:34:03+00:00,0.0,8.0,211.3,NOT CHARGING,42.012469166699994,0.0
2020-08-29T22:34:07+00:00,0.0,8.0,211.3,NOT CHARGING,42.012469166699994,0.0
2020-08-29T22:34:11+00:00,0.0,8.0,211.3,NOT CHARGING,42.012469166699994,0.0
2020-08-29T22:34:15+00:00,0.0,8.0,211.0,NOT CHARGING,42.012469166699994,0.0
2020-08-29T22:34:19+00:00,0.0,8.0,211.4,NOT CHARGING,42.012469166699994,0.0
2020-08-29T22:34:23+00:00,0.0,8.0,211.2,NOT CHARGING,42.012469166699994,0.0
2020-08-29T22:34:27+00:00,0.0,8.0,211.4,NOT CHARGING,42.012469166699994,0.0
2020-08-29T22:34:31+00:00,0.0,8.0,211.2,NOT CHARGING,42.012469166699994,0.0
2020-08-29T22:34:35+00:00,0.0,8.0,211.1,NOT CHARGING,42.012469166699994,0.0
2020-08-29T22:34:39+00:00,0.0,8.0,211.3,NOT CHARGING,42.012469166699994,0.0
2020-08-29T22:34:42+00:00,0.0,8.0,211.6,NOT CHARGING,42.012469166699994,0.0
2020-08-29T22:34:46+00:00,0.0,8.0,211.5,NOT CHARGING,42.012469166699994,0.0
2020-08-29T22:34:50+00:00,0.0,8.0,211.3,NOT CHARGING,42.012469166699994,0.0
2020-08-29T22:34:54+00:00,0.0,8.0,211.1,NOT CHARGING,42.012469166699994,0.0
2020-08-29T22:34:58+00:00,0.0,8.0,210.8,NOT CHARGING,42.012469166699994,0.0
2020-08-29T22:35:02+00:00,0.0,8.0,211.2,NOT CHARGING,42.012469166699994,0.0
2020-08-29T22:35:06+00:00,0.0,8.0,211.3,NOT CHARGING,42.012469166699994,0.0
2020-08-29T22:35:10+00:00,0.0,8.0,211.2,NOT CHARGING,42.012469166699994,0.0
2020-08-29T22:35:14+00:00,0.0,8.0,211.3,NOT CHARGING,42.012469166699994,0.0
2020-08-29T22:35:18+00:00,0.0,8.0,211.3,NOT CHARGING,42.012469166699994,0.0
2020-08-29T22:35:22+00:00,0.0,8.0,211.4,NOT CHARGING,42.012469166699994,0.0
2020-08-29T22:35:26+00:00,0.0,8.0,211.4,NOT CHARGING,42.012469166699994,0.0
2020-08-29T22:35:30+00:00,0.0,8.0,211.2,NOT CHARGING,42.012469166699994,0.0
2020-08-29T22:35:34+00:00,0.0,8.0,211.3,NOT CHARGING,42.012469166699994,0.0
2020-08-29T22:35:38+00:00,0.0,8.0,211.1,NOT CHARGING,42.012469166699994,0.0
2020-08-29T22:35:42+00:00,0.0,8.0,211.1,NOT CHARGING,42.012469166699994,0.0
2020-08-29T22:35:45+00:00,0.0,8.0,211.3,NOT CHARGING,42.012469166699994,0.0
2020-08-29T22:35:49+00:00,0.0,8.0,211.1,NOT CHARGING,42.012469166699994,0.0
2020-08-29T22:35:53+00:00,0.0,8.0,211.1,NOT CHARGING,42.012469166699994,0.0
2020-08-29T22:35:57+00:00,0.0,8.0,211.1,NOT CHARGING,42.012469166699994,0.0
2020-08-29T22:36:01+00:00,0.0,8.0,211.1,NOT CHARGING,42.012469166699994,0.0
2020-08-29T22:36:05+00:00,0.0,8.0,211.2,NOT CHARGING,42.012469166699994,0.0
2020-08-29T22:36:09+00:00,0.0,8.0,211.3,NOT CHARGING,42.012469166699994,0.0
2020-08-29T22:36:13+00:00,0.0,8.0,211.1,NOT CHARGING,42.012469166699994,0.0
2020-08-29T22:36:17+00:00,0.0,8.0,210.8,NOT CHARGING,42.012469166699994,0.0
2020-08-29T22:36:21+00:00,0.0,8.0,210.6,NOT CHARGING,42.012469166699994,0.0
2020-08-29T22:36:25+00:00,0.0,8.0,211.4,NOT CHARGING,42.012469166699994,0.0
2020-08-29T22:36:29+00:00,0.0,8.0,211.2,NOT CHARGING,42.012469166699994,0.0
2020-08-29T22:36:33+00:00,0.0,8.0,211.3,NOT CHARGING,42.012469166699994,0.0
2020-08-29T22:36:37+00:00,0.0,8.0,211.3,NOT CHARGING,42.012469166699994,0.0
2020-08-29T22:36:41+00:00,0.0,8.0,211.2,NOT CHARGING,42.012469166699994,0.0
2020-08-29T22:36:45+00:00,0.0,8.0,211.3,NOT CHARGING,42.012469166699994,0.0
2020-08-29T22:36:49+00:00,0.0,8.0,211.3,NOT CHARGING,42.012469166699994,0.0
2020-08-29T22:36:52+00:00,0.0,8.0,211.1,NOT CHARGING,42.012469166699994,0.0
2020-08-29T22:36:56+00:00,0.0,8.0,211.4,NOT CHARGING,42.012469166699994,0.0
2020-08-29T22:37:00+00:00,0.0,8.0,211.6,NOT CHARGING,42.012469166699994,0.0
2020-08-29T22:37:04+00:00,0.0,8.0,211.5,NOT CHARGING,42.012469166699994,0.0
2020-08-29T22:37:08+00:00,0.0,8.0,210.9,NOT CHARGING,42.012469166699994,0.0
2020-08-29T22:37:12+00:00,0.0,8.0,211.4,NOT CHARGING,42.012469166699994,0.0
2020-08-29T22:37:16+00:00,0.0,8.0,211.3,NOT CHARGING,42.012469166699994,0.0
2020-08-29T22:37:20+00:00,0.0,8.0,211.4,NOT CHARGING,42.012469166699994,0.0
2020-08-29T22:37:24+00:00,0.0,8.0,211.4,NOT CHARGING,42.012469166699994,0.0
2020-08-29T22:37:28+00:00,0.0,8.0,211.4,NOT CHARGING,42.012469166699994,0.0
2020-08-29T22:37:32+00:00,0.0,8.0,211.5,NOT CHARGING,42.012469166699994,0.0
2020-08-29T22:37:36+00:00,0.0,8.0,211.4,NOT CHARGING,42.012469166699994,0.0
2020-08-29T22:37:40+00:00,0.0,8.0,211.2,NOT CHARGING,42.012469166699994,0.0
2020-08-29T22:37:44+00:00,0.0,8.0,211.2,NOT CHARGING,42.012469166699994,0.0
2020-08-29T22:37:48+00:00,0.0,8.0,211.3,NOT CHARGING,42.012469166699994,0.0
2020-08-29T22:37:52+00:00,0.0,8.0,211.1,NOT CHARGING,42.012469166699994,0.0
2020-08-29T22:37:56+00:00,0.0,8.0,211.3,NOT CHARGING,42.012469166699994,0.0
2020-08-29T22:37:59+00:00,0.0,8.0,211.2,NOT CHARGING,42.012469166699994,0.0
2020-08-29T22:38:03+00:00,0.0,8.0,211.2,NOT CHARGING,42.012469166699994,0.0
2020-08-29T22:38:07+00:00,0.0,8.0,211.3,NOT CHARGING,42.012469166699994,0.0
2020-08-29T22:38:11+00:00,0.0,8.0,211.2,NOT CHARGING,42.012469166699994,0.0
2020-08-29T22:38:15+00:00,0.0,8.0,211.1,NOT CHARGING,42.012469166699994,0.0
2020-08-29T22:38:19+00:00,0.0,8.0,211.2,NOT CHARGING,42.012469166699994,0.0
2020-08-29T22:38:23+00:00,0.0,8.0,211.2,NOT CHARGING,42.012469166699994,0.0
2020-08-29T22:38:27+00:00,0.0,8.0,211.2,NOT CHARGING,42.012469166699994,0.0
2020-08-29T22:38:31+00:00,0.0,8.0,211.0,NOT CHARGING,42.012469166699994,0.0
2020-08-29T22:38:35+00:00,0.0,8.0,211.4,NOT CHARGING,42.012469166699994,0.0
2020-08-29T22:38:39+00:00,0.0,8.0,210.9,NOT CHARGING,42.012469166699994,0.0
2020-08-29T22:38:43+00:00,0.0,8.0,211.0,NOT CHARGING,42.012469166699994,0.0
2020-08-29T22:38:47+00:00,0.0,8.0,211.2,NOT CHARGING,42.012469166699994,0.0
2020-08-29T22:38:51+00:00,0.0,8.0,211.4,NOT CHARGING,42.012469166699994,0.0
2020-08-29T22:38:55+00:00,0.0,8.0,211.0,NOT CHARGING,42.012469166699994,0.0
2020-08-29T22:38:59+00:00,0.0,8.0,211.2,NOT CHARGING,42.012469166699994,0.0
2020-08-29T22:39:03+00:00,0.0,8.0,211.2,NOT CHARGING,42.012469166699994,0.0
2020-08-29T22:39:06+00:00,0.0,8.0,211.2,NOT CHARGING,42.012469166699994,0.0
2020-08-29T22:39:10+00:00,0.0,8.0,211.4,NOT CHARGING,42.012469166699994,0.0
2020-08-29T22:39:14+00:00,0.0,8.0,211.2,NOT CHARGING,42.012469166699994,0.0
2020-08-29T22:39:18+00:00,0.0,8.0,211.5,NOT CHARGING,42.012469166699994,0.0
2020-08-29T22:39:22+00:00,0.0,8.0,211.5,NOT CHARGING,42.012469166699994,0.0
2020-08-29T22:39:26+00:00,0.0,8.0,211.3,NOT CHARGING,42.012469166699994,0.0
2020-08-29T22:39:30+00:00,0.0,8.0,211.4,NOT CHARGING,42.012469166699994,0.0
2020-08-29T22:39:34+00:00,0.0,8.0,211.5,NOT CHARGING,42.012469166699994,0.0
2020-08-29T22:39:38+00:00,0.0,8.0,211.3,NOT CHARGING,42.012469166699994,0.0
2020-08-29T22:39:42+00:00,0.0,8.0,211.3,NOT CHARGING,42.012469166699994,0.0
2020-08-29T22:39:46+00:00,0.0,8.0,211.4,NOT CHARGING,42.012469166699994,0.0
2020-08-29T22:39:50+00:00,0.0,8.0,211.4,NOT CHARGING,42.012469166699994,0.0
2020-08-29T22:39:54+00:00,0.0,8.0,211.4,NOT CHARGING,42.012469166699994,0.0
2020-08-29T22:39:58+00:00,0.0,8.0,211.4,NOT CHARGING,42.012469166699994,0.0
2020-08-29T22:40:02+00:00,0.0,8.0,211.3,NOT CHARGING,42.012469166699994,0.0
2020-08-29T22:40:06+00:00,0.0,8.0,211.5,NOT CHARGING,42.012469166699994,0.0
2020-08-29T22:40:10+00:00,0.0,8.0,211.4,NOT CHARGING,42.012469166699994,0.0
2020-08-29T22:40:13+00:00,0.0,8.0,211.4,NOT CHARGING,42.012469166699994,0.0
2020-08-29T22:40:17+00:00,0.0,8.0,211.3,NOT CHARGING,42.012469166699994,0.0
2020-08-29T22:40:21+00:00,0.0,8.0,211.2,NOT CHARGING,42.012469166699994,0.0
2020-08-29T22:40:25+00:00,0.0,8.0,211.2,NOT CHARGING,42.012469166699994,0.0
2020-08-29T22:40:29+00:00,0.0,8.0,211.2,NOT CHARGING,42.012469166699994,0.0
2020-08-29T22:40:33+00:00,0.0,8.0,211.6,NOT CHARGING,42.012469166699994,0.0
2020-08-29T22:40:37+00:00,0.0,8.0,211.1,NOT CHARGING,42.012469166699994,0.0
2020-08-29T22:40:41+00:00,0.0,8.0,211.2,NOT CHARGING,42.012469166699994,0.0
2020-08-29T22:40:45+00:00,0.0,8.0,211.4,NOT CHARGING,42.012469166699994,0.0
2020-08-29T22:40:49+00:00,0.0,8.0,211.3,NOT CHARGING,42.012469166699994,0.0
2020-08-29T22:40:53+00:00,0.0,8.0,211.2,NOT CHARGING,42.012469166699994,0.0
2020-08-29T22:40:57+00:00,0.0,8.0,211.2,NOT CHARGING,42.012469166699994,0.0
2020-08-29T22:41:01+00:00,0.0,8.0,211.1,NOT CHARGING,42.012469166699994,0.0
2020-08-29T22:41:05+00:00,0.0,8.0,210.9,NOT CHARGING,42.012469166699994,0.0
2020-08-29T22:41:09+00:00,0.0,8.0,211.0,NOT CHARGING,42.012469166699994,0.0
2020-08-29T22:41:13+00:00,0.0,8.0,211.1,READY,42.012469166699994,0.0
2020-08-29T22:41:17+00:00,0.6,8.0,211.3,READY,42.0124725,0.006999999999999999
2020-08-29T22:41:20+00:00,0.6,8.0,211.1,READY,42.0125005556,0.028999999999999998
2020-08-29T22:41:24+00:00,7.9,8.0,209.7,ADAPTIVE,42.0134255556,1.656
2020-08-29T22:41:28+00:00,7.9,8.0,210.0,ADAPTIVE,42.0152402778,1.657
2020-08-29T22:41:32+00:00,7.8,8.0,210.2,ADAPTIVE,42.0170477778,1.653
2020-08-29T22:41:36+00:00,7.9,8.0,209.7,ADAPTIVE,42.0188547222,1.659
2020-08-29T22:41:40+00:00,7.9,8.0,210.0,ADAPTIVE,42.02066944439999,1.657
2020-08-29T22:41:44+00:00,7.9,8.0,209.9,ADAPTIVE,42.022477222199996,1.659
2020-08-29T22:41:48+00:00,7.9,8.0,210.0,ADAPTIVE,42.024291666699995,1.656
2020-08-29T22:41:52+00:00,7.8,8.0,210.1,ADAPTIVE,42.02609916669999,1.649
2020-08-29T22:41:56+00:00,7.8,8.0,209.9,ADAPTIVE,42.027906944399994,1.652
2020-08-29T22:42:00+00:00,7.9,8.0,209.8,ADAPTIVE,42.029721944399995,1.655
2020-08-29T22:42:04+00:00,7.9,8.0,210.0,ADAPTIVE,42.03152888889999,1.657
2020-08-29T22:42:08+00:00,7.9,8.0,209.7,ADAPTIVE,42.0333430556,1.661
2020-08-29T22:42:12+00:00,7.9,8.0,209.8,ADAPTIVE,42.0351502778,1.657
2020-08-29T22:42:16+00:00,7.8,8.0,209.7,ADAPTIVE,42.0369652778,1.652
2020-08-29T22:42:20+00:00,7.8,8.0,210.0,ADAPTIVE,42.0387727778,1.654
2020-08-29T22:42:23+00:00,7.9,8.0,209.9,ADAPTIVE,42.04058,1.657
2020-08-29T22:42:27+00:00,7.9,8.0,210.0,ADAPTIVE,42.0423952778,1.656
2020-08-29T22:42:31+00:00,7.9,8.0,210.2,ADAPTIVE,42.0442027778,1.657
2020-08-29T22:42:35+00:00,7.8,8.0,210.0,ADAPTIVE,42.0460175,1.652
2020-08-29T22:42:39+00:00,7.9,8.0,209.6,ADAPTIVE,42.04782444439999,1.661
2020-08-29T22:42:43+00:00,7.9,8.0,209.8,ADAPTIVE,42.049632222199996,1.657
2020-08-29T22:42:47+00:00,7.9,8.0,210.0,ADAPTIVE,42.0514469444,1.659
2020-08-29T22:42:51+00:00,7.9,8.0,209.6,ADAPTIVE,42.053254722199995,1.656
2020-08-29T22:42:55+00:00,7.9,8.0,209.7,ADAPTIVE,42.05506138889999,1.656
2020-08-29T22:42:59+00:00,7.8,8.0,209.7,ADAPTIVE,42.0568758333,1.653
2020-08-29T22:43:03+00:00,7.9,8.0,210.0,ADAPTIVE,42.0586830556,1.655
2020-08-29T22:43:07+00:00,7.9,8.0,209.9,ADAPTIVE,42.0604905556,1.656
2020-08-29T22:43:11+00:00,7.9,8.0,209.6,ADAPTIVE,42.0623058333,1.655
2020-08-29T22:43:15+00:00,7.8,8.0,210.1,ADAPTIVE,42.0641127778,1.655
2020-08-29T22:43:19+00:00,7.9,8.0,209.9,ADAPTIVE,42.0659286111,1.658
2020-08-29T22:43:23+00:00,11.7,12.0,209.2,ADAPTIVE,42.0679791667,2.4619999999999997
2020-08-29T22:43:27+00:00,11.7,12.0,209.3,ADAPTIVE,42.0706680556,2.471
2020-08-29T22:43:30+00:00,11.8,12.0,209.3,ADAPTIVE,42.073369444399994,2.471
2020-08-29T22:43:34+00:00,11.7,12.0,209.4,ADAPTIVE,42.07606,2.456
2020-08-29T22:43:38+00:00,11.7,12.0,209.2,ADAPTIVE,42.0787611111,2.464
2020-08-29T22:43:42+00:00,11.8,12.0,209.0,ADAPTIVE,42.0814525,2.477
2020-08-29T22:43:46+00:00,11.7,12.0,209.2,ADAPTIVE,42.08414416669999,2.461
2020-08-29T22:43:50+00:00,11.7,12.0,209.5,ADAPTIVE,42.0868452778,2.465
2020-08-29T22:43:54+00:00,11.7,12.0,209.4,ADAPTIVE,42.0895361111,2.463
2020-08-29T22:43:58+00:00,11.7,12.0,209.1,ADAPTIVE,42.092228888899996,2.465
2020-08-29T22:44:02+00:00,11.8,12.0,209.4,ADAPTIVE,42.094931944399995,2.476
2020-08-29T22:44:06+00:00,11.7,12.0,209.2,ADAPTIVE,42.0976227778,2.4539999999999997
2020-08-29T22:44:10+00:00,11.8,12.0,209.2,ADAPTIVE,42.100314999999995,2.484
2020-08-29T22:44:14+00:00,11.7,12.0,209.4,ADAPTIVE,42.1030186111,2.461
2020-08-29T22:44:18+00:00,11.8,12.0,209.2,ADAPTIVE,42.1057105556,2.476
2020-08-29T22:44:22+00:00,11.7,12.0,209.4,ADAPTIVE,42.1084016667,2.46
2020-08-29T22:44:26+00:00,11.7,12.0,209.2,ADAPTIVE,42.1111052778,2.464
2020-08-29T22:44:30+00:00,11.8,12.0,209.3,ADAPTIVE,42.1137972222,2.476
2020-08-29T22:44:34+00:00,11.7,12.0,209.4,ADAPTIVE,42.116488888899994,2.464
2020-08-29T22:44:38+00:00,11.8,12.0,209.2,ADAPTIVE,42.119191944399994,2.479
2020-08-29T22:44:41+00:00,11.7,12.0,209.2,ADAPTIVE,42.121884444399996,2.4579999999999997
2020-08-29T22:44:45+00:00,11.8,12.0,209.2,ADAPTIVE,42.124577222199996,2.4739999999999998
2020-08-29T22:44:49+00:00,11.8,12.0,209.2,ADAPTIVE,42.1272802778,2.468
2020-08-29T22:44:53+00:00,11.7,12.0,209.2,ADAPTIVE,42.129971388899996,2.4699999999999998
2020-08-29T22:44:57+00:00,11.7,12.0,209.2,ADAPTIVE,42.13266444439999,2.468
2020-08-29T22:45:01+00:00,11.7,12.0,209.3,ADAPTIVE,42.1353677778,2.457
2020-08-29T22:45:05+00:00,11.7,12.0,209.2,ADAPTIVE,42.1380577778,2.471
2020-08-29T22:45:09+00:00,11.7,12.0,209.1,ADAPTIVE,42.1407480556,2.4579999999999997
2020-08-29T22:45:13+00:00,11.8,12.0,209.3,ADAPTIVE,42.1434502778,2.477
2020-08-29T22:45:17+00:00,11.7,12.0,209.3,ADAPTIVE,42.146142499999996,2.461
2020-08-29T22:45:21+00:00,11.7,12.0,209.1,ADAPTIVE,42.1488333333,2.464
2020-08-29T22:45:25+00:00,11.7,12.0,209.3,ADAPTIVE,42.1515361111,2.468
2020-08-29T22:45:29+00:00,11.8,12.0,209.2,ADAPTIVE,42.154226944399994,2.472
2020-08-29T22:45:33+00:00,11.7,12.0,209.5,ADAPTIVE,42.1569280556,2.463
2020-08-29T22:45:37+00:00,11.8,12.0,209.1,ADAPTIVE,42.1596197222,2.4779999999999998
2020-08-29T22:45:41+00:00,11.7,12.0,209.4,ADAPTIVE,42.1623116667,2.4579999999999997
2020-08-29T22:45:44+00:00,11.7,12.0,209.1,ADAPTIVE,42.16501388889999,2.4619999999999997
2020-08-29T22:45:48+00:00,11.8,12.0,209.1,ADAPTIVE,42.1677041667,2.4699999999999998
2020-08-29T22:45:52+00:00,11.7,12.0,209.1,ADAPTIVE,42.170395,2.4619999999999997
2020-08-29T22:45:56+00:00,11.8,12.0,209.3,ADAPTIVE,42.1730980556,2.483
2020-08-29T22:46:00+00:00,11.7,12.0,209.2,ADAPTIVE,42.1757905556,2.467
2020-08-29T22:46:04+00:00,11.7,12.0,209.1,ADAPTIVE,42.1784947222,2.464
2020-08-29T22:46:08+00:00,11.8,12.0,209.0,ADAPTIVE,42.1811855556,2.481
2020-08-29T22:46:12+00:00,11.7,12.0,208.9,ADAPTIVE,42.1838769444,2.46
2020-08-29T22:46:16+00:00,11.7,12.0,208.8,ADAPTIVE,42.186578888899994,2.46
2020-08-29T22:46:20+00:00,11.7,12.0,209.1,ADAPTIVE,42.1892702778,2.46
2020-08-29T22:46:24+00:00,11.7,12.0,209.2,ADAPTIVE,42.1919619444,2.456
2020-08-29T22:46:28+00:00,10.7,11.0,210.2,ADAPTIVE,42.19455,2.264
2020-08-29T22:46:32+00:00,10.8,11.0,210.0,ADAPTIVE,42.197025,2.276
2020-08-29T22:46:36+00:00,10.8,11.0,209.9,ADAPTIVE,42.1995011111,2.279
2020-08-29T22:46:40+00:00,10.8,11.0,210.1,ADAPTIVE,42.2019883333,2.271
2020-08-29T22:46:44+00:00,10.7,11.0,210.1,ADAPTIVE,42.204463888899994,2.256
2020-08-29T22:46:48+00:00,10.7,11.0,211.2,ADAPTIVE,42.206951388899995,2.268
2020-08-29T22:46:51+00:00,10.7,11.0,211.6,ADAPTIVE,42.2094255556,2.276
2020-08-29T22:46:55+00:00,10.7,11.0,211.6,ADAPTIVE,42.211901388899996,2.268
2020-08-29T22:46:59+00:00,10.7,11.0,211.7,ADAPTIVE,42.2143880556,2.282
2020-08-29T22:47:03+00:00,10.7,11.0,211.4,ADAPTIVE,42.2168641667,2.267
2020-08-29T22:47:07+00:00,10.7,11.0,211.4,ADAPTIVE,42.2193405556,2.2809999999999997
2020-08-29T22:47:11+00:00,10.7,11.0,211.4,ADAPTIVE,42.22182694439999,2.275
2020-08-29T22:47:15+00:00,10.7,11.0,210.4,ADAPTIVE,42.224303055600004,2.27
2020-08-29T22:47:19+00:00,10.8,11.0,210.4,ADAPTIVE,42.226780277799996,2.279
2020-08-29T22:47:23+00:00,10.7,11.0,210.5,ADAPTIVE,42.2292661111,2.268
2020-08-29T22:47:27+00:00,10.8,11.0,210.5,ADAPTIVE,42.2317413889,2.279
2020-08-29T22:47:31+00:00,14.5,15.0,210.1,ADAPTIVE,42.2345061111,3.058
2020-08-29T22:47:35+00:00,15.0,15.0,209.9,ADAPTIVE,42.237872499999995,3.133
2020-08-29T22:47:39+00:00,14.5,15.0,210.0,ADAPTIVE,42.241125,3.052
2020-08-29T22:47:43+00:00,14.7,15.0,210.0,ADAPTIVE,42.2445011111,3.0989999999999998
2020-08-29T22:47:47+00:00,14.6,15.0,209.9,ADAPTIVE,42.247872222199994,3.0869999999999997
2020-08-29T22:47:51+00:00,14.7,15.0,210.0,ADAPTIVE,42.2512433333,3.101
2020-08-29T22:47:55+00:00,14.5,15.0,210.1,ADAPTIVE,42.25462138889999,3.06
2020-08-29T22:47:58+00:00,14.4,15.0,209.9,ADAPTIVE,42.2579397222,3.036
2020-08-29T22:48:02+00:00,14.6,15.0,209.8,ADAPTIVE,42.26125916669999,3.068
2020-08-29T22:48:06+00:00,14.6,15.0,209.8,ADAPTIVE,42.2646247222,3.086
2020-08-29T22:48:10+00:00,14.7,15.0,210.0,ADAPTIVE,42.2679941667,3.088
2020-08-29T22:48:14+00:00,14.5,15.0,208.5,ADAPTIVE,42.271312222199995,3.034
2020-08-29T22:48:18+00:00,14.5,15.0,208.5,ADAPTIVE,42.274645,3.03
2020-08-29T22:48:22+00:00,14.6,15.0,208.4,ADAPTIVE,42.2779611111,3.0549999999999997
2020-08-29T22:48:26+00:00,14.6,15.0,208.5,ADAPTIVE,42.281279166699996,3.042
2020-08-29T22:48:30+00:00,14.6,15.0,207.9,ADAPTIVE,42.2846130556,3.052
2020-08-29T22:48:34+00:00,14.6,15.0,207.7,ADAPTIVE,42.2879311111,3.04
2020-08-29T22:48:38+00:00,14.7,15.0,207.4,ADAPTIVE,42.2912491667,3.05
2020-08-29T22:48:42+00:00,14.6,15.0,207.5,ADAPTIVE,42.294581944399994,3.045
2020-08-29T22:48:46+00:00,14.7,15.0,207.5,ADAPTIVE,42.2979,3.0589999999999997
2020-08-29T22:48:50+00:00,14.6,15.0,207.4,ADAPTIVE,42.3012169444,3.037
2020-08-29T22:48:54+00:00,14.6,15.0,207.5,ADAPTIVE,42.3045475,3.03
2020-08-29T22:48:58+00:00,14.8,15.0,207.6,ADAPTIVE,42.3078652778,3.086
2020-08-29T22:49:02+00:00,14.5,15.0,208.9,ADAPTIVE,42.3111836111,3.0389999999999997
2020-08-29T22:49:05+00:00,14.4,15.0,209.0,ADAPTIVE,42.3145155556,3.025
2020-08-29T22:49:09+00:00,14.5,15.0,209.0,ADAPTIVE,42.3178311111,3.036
2020-08-29T22:49:13+00:00,14.4,15.0,208.9,ADAPTIVE,42.32116166669999,3.026
2020-08-29T22:49:17+00:00,14.5,15.0,209.0,ADAPTIVE,42.324477222199995,3.045
2020-08-29T22:49:21+00:00,14.5,15.0,209.0,ADAPTIVE,42.3277944444,3.045
2020-08-29T22:49:25+00:00,14.6,15.0,208.5,ADAPTIVE,42.3311252778,3.0469999999999997
2020-08-29T22:49:29+00:00,14.5,15.0,208.6,ADAPTIVE,42.33444,3.041
2020-08-29T22:49:33+00:00,14.6,15.0,208.7,ADAPTIVE,42.3377583333,3.05
2020-08-29T22:49:37+00:00,14.5,15.0,208.8,ADAPTIVE,42.341075,3.0309999999999997
2020-08-29T22:49:41+00:00,14.6,15.0,208.4,ADAPTIVE,42.344404166699995,3.046
2020-08-29T22:49:45+00:00,14.5,15.0,208.6,ADAPTIVE,42.3477208333,3.0429999999999997
2020-08-29T22:49:49+00:00,14.6,15.0,208.7,ADAPTIVE,42.3510383333,3.058
2020-08-29T22:49:53+00:00,14.5,15.0,208.5,ADAPTIVE,42.3543680556,3.0389999999999997
2020-08-29T22:49:57+00:00,14.5,15.0,208.7,ADAPTIVE,42.357685,3.045
2020-08-29T22:50:01+00:00,14.5,15.0,208.4,ADAPTIVE,42.3610016667,3.033
2020-08-29T22:50:05+00:00,14.6,15.0,208.6,ADAPTIVE,42.364318888899994,3.046
2020-08-29T22:50:09+00:00,14.6,15.0,208.6,ADAPTIVE,42.3676361111,3.0549999999999997
2020-08-29T22:50:12+00:00,14.6,15.0,208.8,ADAPTIVE,42.3709538889,3.0629999999999997
2020-08-29T22:50:16+00:00,14.5,15.0,208.7,ADAPTIVE,42.374269999999996,3.032
2020-08-29T22:50:20+00:00,14.6,15.0,208.3,ADAPTIVE,42.3776008333,3.052
2020-08-29T22:50:24+00:00,14.6,15.0,208.5,ADAPTIVE,42.3809197222,3.0469999999999997
2020-08-29T22:50:28+00:00,14.6,15.0,208.4,ADAPTIVE,42.3842352778,3.0589999999999997
2020-08-29T22:50:32+00:00,14.5,15.0,208.5,ADAPTIVE,42.3875672222,3.0349999999999997
2020-08-29T22:50:36+00:00,19.1,20.0,207.9,ADAPTIVE,42.3910508333,3.9789999999999996
2020-08-29T22:50:40+00:00,19.6,20.0,207.8,ADAPTIVE,42.3954913889,4.083
2020-08-29T22:50:44+00:00,19.4,20.0,208.0,ADAPTIVE,42.3999013889,4.045999999999999
2020-08-29T22:50:48+00:00,19.6,20.0,207.8,ADAPTIVE,42.40431194439999,4.0729999999999995
2020-08-29T22:50:52+00:00,19.6,20.0,207.7,ADAPTIVE,42.408754722199994,4.08
2020-08-29T22:50:56+00:00,19.3,20.0,208.1,ADAPTIVE,42.4131911111,4.0249999999999995
2020-08-29T22:51:00+00:00,19.4,20.0,207.8,ADAPTIVE,42.4176002778,4.0329999999999995
2020-08-29T22:51:04+00:00,19.6,20.0,207.6,ADAPTIVE,42.4220147222,4.088
2020-08-29T22:51:08+00:00,19.6,20.0,207.9,ADAPTIVE,42.4264572222,4.08
2020-08-29T22:51:12+00:00,19.4,20.0,207.9,ADAPTIVE,42.4308730556,4.035
2020-08-29T22:51:15+00:00,19.6,20.0,207.8,ADAPTIVE,42.435274444399994,4.091
2020-08-29T22:51:19+00:00,19.6,20.0,207.7,ADAPTIVE,42.439716666699994,4.076
2020-08-29T22:51:23+00:00,19.3,20.0,207.9,ADAPTIVE,42.444167222199994,4.016
2020-08-29T22:51:27+00:00,19.4,20.0,207.8,ADAPTIVE,42.448558611100005,4.039
2020-08-29T22:51:31+00:00,19.6,20.0,207.9,ADAPTIVE,42.4529683333,4.076
2020-08-29T22:51:35+00:00,19.6,20.0,207.9,ADAPTIVE,42.4574286111,4.087
2020-08-29T22:51:39+00:00,18.3,19.0,207.8,ADAPTIVE,42.461766666699994,3.82
2020-08-29T22:51:43+00:00,18.4,19.0,208.0,ADAPTIVE,42.4659422222,3.844
2020-08-29T22:51:47+00:00,0.0,19.0,210.6,NOT CHARGING,42.4675694444,0.0
2020-08-29T22:51:51+00:00,0.0,19.0,210.4,NOT CHARGING,42.4675694444,0.0
2020-08-29T22:51:55+00:00,0.0,19.0,210.8,NOT CHARGING,42.4675694444,0.0
2020-08-29T22:51:59+00:00,0.0,19.0,210.7,NOT CHARGING,42.4675694444,0.0
2020-08-29T22:52:03+00:00,0.0,19.0,210.7,NOT CHARGING,42.4675694444,0.0
2020-08-29T22:52:07+00:00,0.0,19.0,210.6,NOT CHARGING,42.4675694444,0.0
2020-08-29T22:52:11+00:00,0.0,19.0,210.6,NOT CHARGING,42.4675694444,0.0
2020-08-29T22:52:15+00:00,0.0,19.0,210.8,NOT CHARGING,42.4675694444,0.0
2020-08-29T22:52:19+00:00,0.0,19.0,210.8,NOT CHARGING,42.4675694444,0.0
2020-08-29T22:52:22+00:00,0.0,19.0,210.5,NOT CHARGING,42.4675694444,0.0
2020-08-29T22:52:26+00:00,0.0,19.0,210.7,NOT CHARGING,42.4675694444,0.0
2020-08-29T22:52:30+00:00,0.0,19.0,210.5,NOT CHARGING,42.4675694444,0.0
2020-08-29T22:52:34+00:00,0.0,19.0,210.5,NOT CHARGING,42.4675694444,0.0
2020-08-29T22:52:38+00:00,0.0,19.0,210.4,NOT CHARGING,42.4675694444,0.0
2020-08-29T22:52:42+00:00,0.0,19.0,210.6,NOT CHARGING,42.4675694444,0.0
2020-08-29T22:52:46+00:00,0.0,19.0,210.6,NOT CHARGING,42.4675694444,0.0
2020-08-29T22:52:50+00:00,0.0,19.0,210.6,NOT CHARGING,42.4675694444,0.0
2020-08-29T22:52:54+00:00,0.0,19.0,211.0,NOT CHARGING,42.4675694444,0.0
2020-08-29T22:52:58+00:00,0.0,19.0,210.7,NOT CHARGING,42.4675694444,0.0
2020-08-29T22:53:02+00:00,0.0,19.0,210.7,NOT CHARGING,42.4675694444,0.0
2020-08-29T22:53:06+00:00,0.0,19.0,210.8,NOT CHARGING,42.4675694444,0.0
2020-08-29T22:53:10+00:00,0.0,19.0,210.6,NOT CHARGING,42.4675694444,0.0
2020-08-29T22:53:14+00:00,0.0,19.0,210.8,NOT CHARGING,42.4675694444,0.0
2020-08-29T22:53:18+00:00,0.0,19.0,210.6,NOT CHARGING,42.4675694444,0.0
2020-08-29T22:53:22+00:00,0.0,19.0,210.8,NOT CHARGING,42.4675694444,0.0
2020-08-29T22:53:26+00:00,0.0,19.0,210.7,NOT CHARGING,42.4675694444,0.0
2020-08-29T22:53:29+00:00,0.0,19.0,210.9,NOT CHARGING,42.4675694444,0.0
2020-08-29T22:53:33+00:00,0.0,19.0,210.9,NOT CHARGING,42.4675694444,0.0
2020-08-29T22:53:37+00:00,0.0,19.0,210.8,NOT CHARGING,42.4675694444,0.0
2020-08-29T22:53:41+00:00,0.0,19.0,210.9,NOT CHARGING,42.4675694444,0.0
2020-08-29T22:53:45+00:00,0.0,19.0,211.1,NOT CHARGING,42.4675694444,0.0
2020-08-29T22:53:49+00:00,0.0,19.0,211.1,NOT CHARGING,42.4675694444,0.0
2020-08-29T22:53:53+00:00,0.0,19.0,210.9,NOT CHARGING,42.4675694444,0.0
2020-08-29T22:53:57+00:00,0.0,19.0,210.9,NOT CHARGING,42.4675694444,0.0
2020-08-29T22:54:01+00:00,0.0,19.0,210.7,NOT CHARGING,42.4675694444,0.0
2020-08-29T22:54:05+00:00,0.0,19.0,210.7,NOT CHARGING,42.4675694444,0.0
2020-08-29T22:54:09+00:00,0.0,19.0,211.0,NOT CHARGING,42.4675694444,0.0
2020-08-29T22:54:13+00:00,0.0,19.0,210.8,NOT CHARGING,42.4675694444,0.0
2020-08-29T22:54:17+00:00,0.0,19.0,211.2,NOT CHARGING,42.4675694444,0.0
2020-08-29T22:54:21+00:00,0.0,19.0,210.9,NOT CHARGING,42.4675694444,0.0
2020-08-29T22:54:25+00:00,0.0,19.0,210.8,NOT CHARGING,42.4675694444,0.0
2020-08-29T22:54:29+00:00,0.0,19.0,210.6,NOT CHARGING,42.4675694444,0.0
2020-08-29T22:54:33+00:00,0.0,19.0,210.7,NOT CHARGING,42.4675694444,0.0
2020-08-29T22:54:36+00:00,0.0,19.0,210.7,NOT CHARGING,42.4675694444,0.0
2020-08-29T22:54:40+00:00,0.0,19.0,211.0,NOT CHARGING,42.4675694444,0.0
2020-08-29T22:54:44+00:00,0.0,24.0,210.8,NOT CHARGING,42.4675694444,0.0
2020-08-29T22:54:48+00:00,0.0,24.0,210.9,NOT CHARGING,42.4675694444,0.0
2020-08-29T22:54:52+00:00,0.0,24.0,210.7,NOT CHARGING,42.4675694444,0.0
2020-08-29T22:54:56+00:00,0.0,24.0,210.9,NOT CHARGING,42.4675694444,0.0
2020-08-29T22:55:00+00:00,0.0,24.0,210.6,NOT CHARGING,42.4675694444,0.0
2020-08-29T22:55:04+00:00,0.0,24.0,210.9,NOT CHARGING,42.4675694444,0.0
2020-08-29T22:55:08+00:00,0.0,24.0,210.9,NOT CHARGING,42.4675694444,0.0
2020-08-29T22:55:12+00:00,0.0,24.0,211.0,NOT CHARGING,42.4675694444,0.0
2020-08-29T22:55:16+00:00,0.0,24.0,211.0,NOT CHARGING,42.4675694444,0.0
2020-08-29T22:55:20+00:00,0.0,24.0,211.2,NOT CHARGING,42.4675694444,0.0
2020-08-29T22:55:24+00:00,0.0,24.0,211.4,NOT CHARGING,42.4675694444,0.0
2020-08-29T22:55:28+00:00,0.0,24.0,211.4,NOT CHARGING,42.4675694444,0.0
2020-08-29T22:55:32+00:00,0.0,24.0,211.2,NOT CHARGING,42.4675694444,0.0
2020-08-29T22:55:36+00:00,0.0,24.0,211.3,NOT CHARGING,42.4675694444,0.0
2020-08-29T22:55:39+00:00,0.0,24.0,211.2,NOT CHARGING,42.4675694444,0.0
2020-08-29T22:55:43+00:00,0.0,24.0,211.3,NOT CHARGING,42.4675694444,0.0
2020-08-29T22:55:47+00:00,0.0,24.0,211.3,NOT CHARGING,42.4675694444,0.0
2020-08-29T22:55:51+00:00,0.0,24.0,211.2,NOT CHARGING,42.4675694444,0.0
2020-08-29T22:55:55+00:00,0.0,24.0,211.0,NOT CHARGING,42.4675694444,0.0
2020-08-29T22:55:59+00:00,0.0,24.0,211.2,NOT CHARGING,42.4675694444,0.0
2020-08-29T22:56:03+00:00,0.0,24.0,211.1,NOT CHARGING,42.4675694444,0.0
2020-08-29T22:56:07+00:00,0.0,24.0,211.4,NOT CHARGING,42.4675694444,0.0
2020-08-29T22:56:11+00:00,0.0,24.0,211.2,NOT CHARGING,42.4675694444,0.0
2020-08-29T22:56:15+00:00,0.0,24.0,211.4,NOT CHARGING,42.4675694444,0.0
2020-08-29T22:56:19+00:00,0.0,24.0,211.1,NOT CHARGING,42.4675694444,0.0
2020-08-29T22:56:23+00:00,0.0,24.0,211.2,NOT CHARGING,42.4675694444,0.0
2020-08-29T22:56:27+00:00,0.0,24.0,211.0,NOT CHARGING,42.4675694444,0.0
2020-08-29T22:56:31+00:00,0.0,24.0,211.1,NOT CHARGING,42.4675694444,0.0
2020-08-29T22:56:35+00:00,0.0,24.0,211.2,NOT CHARGING,42.4675694444,0.0
2020-08-29T22:56:39+00:00,0.0,24.0,211.2,NOT CHARGING,42.4675694444,0.0
2020-08-29T22:56:43+00:00,0.0,24.0,211.3,NOT CHARGING,42.4675694444,0.0
2020-08-29T22:56:46+00:00,0.0,24.0,211.3,NOT CHARGING,42.4675694444,0.0
2020-08-29T22:56:50+00:00,0.0,24.0,211.2,NOT CHARGING,42.4675694444,0.0
2020-08-29T22:56:54+00:00,0.0,24.0,211.1,NOT CHARGING,42.4675694444,0.0
2020-08-29T22:56:58+00:00,0.0,24.0,211.4,NOT CHARGING,42.4675694444,0.0
2020-08-29T22:57:02+00:00,0.0,24.0,211.0,NOT CHARGING,42.4675694444,0.0
2020-08-29T22:57:06+00:00,0.0,24.0,211.1,NOT CHARGING,42.4675694444,0.0
2020-08-29T22:57:10+00:00,0.0,24.0,211.4,NOT CHARGING,42.4675694444,0.0
2020-08-29T22:57:14+00:00,0.0,24.0,211.3,NOT CHARGING,42.4675694444,0.0
2020-08-29T22:57:18+00:00,0.0,24.0,211.2,NOT CHARGING,42.4675694444,0.0
2020-08-29T22:57:22+00:00,0.0,24.0,211.3,NOT CHARGING,42.4675694444,0.0
2020-08-29T22:57:26+00:00,0.0,24.0,211.4,NOT CHARGING,42.4675694444,0.0
2020-08-29T22:57:30+00:00,0.0,24.0,211.5,NOT CHARGING,42.4675694444,0.0
2020-08-29T22:57:34+00:00,0.0,24.0,211.5,NOT CHARGING,42.4675694444,0.0
2020-08-29T22:57:38+00:00,0.0,24.0,211.5,NOT CHARGING,42.4675694444,0.0
2020-08-29T22:57:42+00:00,0.0,24.0,211.3,NOT CHARGING,42.4675694444,0.0
2020-08-29T22:57:46+00:00,0.0,24.0,211.5,NOT CHARGING,42.4675694444,0.0
2020-08-29T22:57:50+00:00,0.0,24.0,211.2,NOT CHARGING,42.4675694444,0.0
2020-08-29T22:57:54+00:00,0.0,24.0,211.2,NOT CHARGING,42.4675694444,0.0
2020-08-29T22:57:57+00:00,0.0,24.0,211.1,NOT CHARGING,42.4675694444,0.0
2020-08-29T22:58:01+00:00,0.0,24.0,210.8,NOT CHARGING,42.4675694444,0.0
2020-08-29T22:58:05+00:00,0.0,24.0,211.1,NOT CHARGING,42.4675694444,0.0
2020-08-29T22:58:09+00:00,0.0,24.0,211.0,NOT CHARGING,42.4675694444,0.0
2020-08-29T22:58:13+00:00,0.0,24.0,211.0,NOT CHARGING,42.4675694444,0.0
2020-08-29T22:58:17+00:00,0.0,24.0,211.2,NOT CHARGING,42.4675694444,0.0
2020-08-29T22:58:21+00:00,0.0,24.0,211.0,NOT CHARGING,42.4675694444,0.0
2020-08-29T22:58:25+00:00,0.0,24.0,211.2,NOT CHARGING,42.4675694444,0.0
2020-08-29T22:58:29+00:00,0.0,24.0,211.2,NOT CHARGING,42.4675694444,0.0
2020-08-29T22:58:33+00:00,0.0,24.0,211.4,NOT CHARGING,42.4675694444,0.0
2020-08-29T22:58:37+00:00,0.0,24.0,211.6,NOT CHARGING,42.4675694444,0.0
2020-08-29T22:58:41+00:00,0.0,24.0,211.2,NOT CHARGING,42.4675694444,0.0
2020-08-29T22:58:45+00:00,0.0,24.0,211.4,NOT CHARGING,42.4675694444,0.0
2020-08-29T22:58:49+00:00,0.0,24.0,211.4,NOT CHARGING,42.4675694444,0.0
2020-08-29T22:58:53+00:00,0.0,8.0,211.5,NOT CHARGING,42.4675694444,0.0
2020-08-29T22:58:57+00:00,0.0,8.0,211.5,NOT CHARGING,42.4675694444,0.0
2020-08-29T22:59:00+00:00,0.0,8.0,211.4,NOT CHARGING,42.4675694444,0.0
2020-08-29T22:59:04+00:00,0.0,8.0,211.5,NOT CHARGING,42.4675694444,0.0
2020-08-29T22:59:08+00:00,0.0,8.0,211.0,NOT CHARGING,42.4675694444,0.0
2020-08-29T22:59:12+00:00,0.0,8.0,211.3,NOT CHARGING,42.4675694444,0.0
2020-08-29T22:59:16+00:00,0.0,8.0,211.5,NOT CHARGING,42.4675694444,0.0
2020-08-29T22:59:20+00:00,0.0,8.0,211.7,NOT CHARGING,42.4675694444,0.0
2020-08-29T22:59:24+00:00,0.0,8.0,211.5,NOT CHARGING,42.4675694444,0.0
2020-08-29T22:59:28+00:00,0.0,8.0,211.7,NOT CHARGING,42.4675694444,0.0
2020-08-29T22:59:32+00:00,0.0,8.0,211.2,NOT CHARGING,42.4675694444,0.0
2020-08-29T22:59:36+00:00,0.0,8.0,211.6,NOT CHARGING,42.4675694444,0.0
2020-08-29T22:59:40+00:00,0.0,8.0,211.4,NOT CHARGING,42.4675694444,0.0
2020-08-29T22:59:44+00:00,0.0,8.0,211.4,NOT CHARGING,42.4675694444,0.0
2020-08-29T22:59:48+00:00,0.0,8.0,211.2,NOT CHARGING,42.4675694444,0.0
2020-08-29T22:59:52+00:00,0.0,8.0,211.3,NOT CHARGING,42.4675694444,0.0
2020-08-29T22:59:56+00:00,0.0,8.0,211.3,NOT CHARGING,42.4675694444,0.0
2020-08-29T23:00:00+00:00,0.0,8.0,211.3,NOT CHARGING,42.4675694444,0.0
2020-08-29T23:00:04+00:00,0.0,8.0,211.1,NOT CHARGING,42.4675694444,0.0
2020-08-29T23:00:08+00:00,0.0,8.0,211.4,NOT CHARGING,42.4675694444,0.0
2020-08-29T23:00:11+00:00,0.0,8.0,211.4,NOT CHARGING,42.4675694444,0.0
2020-08-29T23:00:15+00:00,0.0,8.0,211.4,NOT CHARGING,42.4675694444,0.0
2020-08-29T23:00:19+00:00,0.0,8.0,211.5,NOT CHARGING,42.4675694444,0.0
2020-08-29T23:00:23+00:00,0.0,8.0,211.4,NOT CHARGING,42.4675694444,0.0
2020-08-29T23:00:27+00:00,0.0,8.0,211.6,NOT CHARGING,42.4675694444,0.0
2020-08-29T23:00:31+00:00,0.0,8.0,211.4,NOT CHARGING,42.4675694444,0.0
2020-08-29T23:00:35+00:00,0.0,8.0,211.5,NOT CHARGING,42.4675694444,0.0
2020-08-29T23:00:39+00:00,0.0,8.0,211.4,NOT CHARGING,42.4675694444,0.0
2020-08-29T23:00:43+00:00,0.0,8.0,211.6,NOT CHARGING,42.4675694444,0.0
2020-08-29T23:00:47+00:00,0.0,8.0,211.6,NOT CHARGING,42.4675694444,0.0
2020-08-29T23:00:51+00:00,0.0,8.0,211.6,NOT CHARGING,42.4675694444,0.0
2020-08-29T23:00:55+00:00,0.0,8.0,211.6,NOT CHARGING,42.4675694444,0.0
2020-08-29T23:00:59+00:00,0.0,8.0,211.4,NOT CHARGING,42.4675694444,0.0
2020-08-29T23:01:03+00:00,0.0,8.0,211.4,NOT CHARGING,42.4675694444,0.0
2020-08-29T23:01:07+00:00,0.0,8.0,211.2,NOT CHARGING,42.4675694444,0.0
2020-08-29T23:01:11+00:00,0.0,8.0,211.5,NOT CHARGING,42.4675694444,0.0
2020-08-29T23:01:14+00:00,0.0,8.0,211.4,NOT CHARGING,42.4675694444,0.0
2020-08-29T23:01:18+00:00,0.0,8.0,211.2,NOT CHARGING,42.4675694444,0.0
2020-08-29T23:01:22+00:00,0.0,8.0,211.3,NOT CHARGING,42.4675694444,0.0
2020-08-29T23:01:26+00:00,0.0,8.0,211.4,NOT CHARGING,42.4675694444,0.0
2020-08-29T23:01:30+00:00,0.0,8.0,211.4,NOT CHARGING,42.4675694444,0.0
2020-08-29T23:01:34+00:00,0.0,8.0,211.7,NOT CHARGING,42.4675694444,0.0
2020-08-29T23:01:38+00:00,0.0,8.0,211.5,NOT CHARGING,42.4675694444,0.0
2020-08-29T23:01:42+00:00,0.0,8.0,211.4,NOT CHARGING,42.4675694444,0.0
2020-08-29T23:01:46+00:00,0.0,8.0,211.6,NOT CHARGING,42.4675694444,0.0
2020-08-29T23:01:50+00:00,0.0,8.0,211.5,NOT CHARGING,42.4675694444,0.0
2020-08-29T23:01:54+00:00,0.0,8.0,211.3,NOT CHARGING,42.4675694444,0.0
2020-08-29T23:01:58+00:00,0.0,8.0,211.7,NOT CHARGING,42.4675694444,0.0
2020-08-29T23:02:02+00:00,0.0,8.0,211.8,NOT CHARGING,42.4675694444,0.0
2020-08-29T23:02:06+00:00,0.0,8.0,211.4,NOT CHARGING,42.4675694444,0.0
2020-08-29T23:02:10+00:00,0.0,8.0,211.6,NOT CHARGING,42.4675694444,0.0
2020-08-29T23:02:14+00:00,0.0,8.0,211.6,NOT CHARGING,42.4675694444,0.0
2020-08-29T23:02:18+00:00,0.0,8.0,211.7,NOT CHARGING,42.4675694444,0.0
2020-08-29T23:02:21+00:00,0.0,8.0,211.6,NOT CHARGING,42.4675694444,0.0
2020-08-29T23:02:25+00:00,0.0,8.0,211.4,NOT CHARGING,42.4675694444,0.0
2020-08-29T23:02:29+00:00,0.0,8.0,211.2,NOT CHARGING,42.4675694444,0.0
2020-08-29T23:02:33+00:00,0.0,8.0,211.3,NOT CHARGING,42.4675694444,0.0
2020-08-29T23:02:37+00:00,0.0,8.0,211.5,NOT CHARGING,42.4675694444,0.0
2020-08-29T23:02:41+00:00,0.0,8.0,211.6,NOT CHARGING,42.4675694444,0.0
2020-08-29T23:02:45+00:00,0.0,8.0,211.3,NOT CHARGING,42.4675694444,0.0
2020-08-29T23:02:49+00:00,0.0,8.0,211.5,NOT CHARGING,42.4675694444,0.0
2020-08-29T23:02:53+00:00,0.0,8.0,211.5,NOT CHARGING,42.4675694444,0.0
2020-08-29T23:02:57+00:00,0.0,8.0,211.6,NOT CHARGING,42.4675694444,0.0
2020-08-29T23:03:01+00:00,0.0,8.0,211.5,NOT CHARGING,42.4675694444,0.0
2020-08-29T23:03:05+00:00,0.0,8.0,211.7,NOT CHARGING,42.4675694444,0.0
2020-08-29T23:03:09+00:00,0.0,8.0,211.4,NOT CHARGING,42.4675694444,0.0
2020-08-29T23:03:13+00:00,0.0,8.0,211.6,NOT CHARGING,42.4675694444,0.0
2020-08-29T23:03:17+00:00,0.0,8.0,211.5,NOT CHARGING,42.4675694444,0.0
2020-08-29T23:03:21+00:00,0.0,8.0,211.7,NOT CHARGING,42.4675694444,0.0
2020-08-29T23:03:25+00:00,0.0,8.0,211.7,NOT CHARGING,42.4675694444,0.0
2020-08-29T23:03:28+00:00,0.0,8.0,211.4,NOT CHARGING,42.4675694444,0.0
2020-08-29T23:03:32+00:00,0.0,8.0,211.5,NOT CHARGING,42.4675694444,0.0
2020-08-29T23:03:36+00:00,0.0,8.0,211.5,NOT CHARGING,42.4675694444,0.0
2020-08-29T23:03:40+00:00,0.0,8.0,211.6,NOT CHARGING,42.4675694444,0.0
2020-08-29T23:03:44+00:00,0.0,8.0,211.7,NOT CHARGING,42.4675694444,0.0
2020-08-29T23:03:48+00:00,0.0,8.0,211.8,NOT CHARGING,42.4675694444,0.0
2020-08-29T23:03:52+00:00,0.0,8.0,211.7,NOT CHARGING,42.4675694444,0.0
2020-08-29T23:03:56+00:00,0.0,8.0,211.7,NOT CHARGING,42.4675694444,0.0
2020-08-29T23:04:00+00:00,0.0,8.0,211.6,NOT CHARGING,42.4675694444,0.0
2020-08-29T23:04:04+00:00,0.0,8.0,211.7,NOT CHARGING,42.4675694444,0.0
2020-08-29T23:04:09+00:00,0.0,8.0,211.8,NOT CHARGING,42.4675694444,0.0
2020-08-29T23:04:12+00:00,0.0,8.0,211.9,NOT CHARGING,42.4675694444,0.0
2020-08-29T23:04:16+00:00,0.0,8.0,211.7,NOT CHARGING,42.4675694444,0.0
2020-08-29T23:04:20+00:00,0.0,8.0,211.6,NOT CHARGING,42.4675694444,0.0
2020-08-29T23:04:24+00:00,0.0,8.0,211.8,NOT CHARGING,42.4675694444,0.0
2020-08-29T23:04:28+00:00,0.0,8.0,211.7,NOT CHARGING,42.4675694444,0.0
2020-08-29T23:04:32+00:00,0.0,8.0,211.7,NOT CHARGING,42.4675694444,0.0
2020-08-29T23:04:35+00:00,0.0,8.0,211.7,NOT CHARGING,42.4675694444,0.0
2020-08-29T23:04:39+00:00,0.0,8.0,211.7,NOT CHARGING,42.4675694444,0.0
2020-08-29T23:04:43+00:00,0.0,8.0,211.7,NOT CHARGING,42.4675694444,0.0
2020-08-29T23:04:47+00:00,0.0,8.0,211.5,NOT CHARGING,42.4675694444,0.0
2020-08-29T23:04:51+00:00,0.0,8.0,211.8,NOT CHARGING,42.4675694444,0.0
2020-08-29T23:04:55+00:00,0.0,8.0,211.7,NOT CHARGING,42.4675694444,0.0
2020-08-29T23:04:59+00:00,0.0,8.0,211.7,NOT CHARGING,42.4675694444,0.0
2020-08-29T23:05:03+00:00,0.0,8.0,211.7,NOT CHARGING,42.4675694444,0.0
2020-08-29T23:05:07+00:00,0.0,8.0,212.1,NOT CHARGING,42.4675694444,0.0
2020-08-29T23:05:11+00:00,0.0,8.0,211.8,NOT CHARGING,42.4675694444,0.0
2020-08-29T23:05:15+00:00,0.0,8.0,211.8,NOT CHARGING,42.4675694444,0.0
2020-08-29T23:05:19+00:00,0.0,8.0,211.7,NOT CHARGING,42.4675694444,0.0
2020-08-29T23:05:23+00:00,0.0,8.0,211.6,NOT CHARGING,42.4675694444,0.0
2020-08-29T23:05:27+00:00,0.0,8.0,211.7,NOT CHARGING,42.4675694444,0.0
2020-08-29T23:05:31+00:00,0.0,8.0,211.8,NOT CHARGING,42.4675694444,0.0
2020-08-29T23:05:35+00:00,0.0,8.0,211.8,NOT CHARGING,42.4675694444,0.0
2020-08-29T23:05:38+00:00,0.0,8.0,211.8,NOT CHARGING,42.4675694444,0.0
2020-08-29T23:05:42+00:00,0.0,8.0,210.2,NOT CHARGING,42.4675694444,0.0
2020-08-29T23:05:46+00:00,0.0,8.0,210.1,NOT CHARGING,42.4675694444,0.0
2020-08-29T23:05:50+00:00,0.0,8.0,210.6,NOT CHARGING,42.4675694444,0.0
2020-08-29T23:05:54+00:00,0.0,8.0,210.1,NOT CHARGING,42.4675694444,0.0
2020-08-29T23:05:58+00:00,0.0,8.0,210.3,NOT CHARGING,42.4675694444,0.0
2020-08-29T23:06:02+00:00,0.0,8.0,210.4,NOT CHARGING,42.4675694444,0.0
2020-08-29T23:06:06+00:00,0.0,8.0,210.9,NOT CHARGING,42.4675694444,0.0
2020-08-29T23:06:10+00:00,0.0,8.0,211.1,NOT CHARGING,42.4675694444,0.0
2020-08-29T23:06:14+00:00,0.0,8.0,211.0,NOT CHARGING,42.4675694444,0.0
2020-08-29T23:06:18+00:00,0.0,8.0,211.1,NOT CHARGING,42.4675694444,0.0
2020-08-29T23:06:22+00:00,0.0,8.0,210.9,NOT CHARGING,42.4675694444,0.0
2020-08-29T23:06:26+00:00,0.0,8.0,210.9,NOT CHARGING,42.4675694444,0.0
2020-08-29T23:06:30+00:00,0.0,8.0,211.2,NOT CHARGING,42.4675694444,0.0
2020-08-29T23:06:34+00:00,0.0,8.0,211.0,NOT CHARGING,42.4675694444,0.0
2020-08-29T23:06:38+00:00,0.0,8.0,211.0,NOT CHARGING,42.4675694444,0.0
2020-08-29T23:06:42+00:00,0.0,8.0,211.0,NOT CHARGING,42.4675694444,0.0
2020-08-29T23:06:45+00:00,0.0,8.0,211.0,NOT CHARGING,42.4675694444,0.0
2020-08-29T23:06:49+00:00,0.0,8.0,211.1,NOT CHARGING,42.4675694444,0.0
2020-08-29T23:06:53+00:00,0.0,8.0,211.1,NOT CHARGING,42.4675694444,0.0
2020-08-29T23:06:57+00:00,0.0,8.0,211.0,NOT CHARGING,42.4675694444,0.0
2020-08-29T23:07:01+00:00,0.0,8.0,210.7,NOT CHARGING,42.4675694444,0.0
2020-08-29T23:07:05+00:00,0.0,8.0,211.3,NOT CHARGING,42.4675694444,0.0
2020-08-29T23:07:09+00:00,0.0,8.0,211.1,NOT CHARGING,42.4675694444,0.0
2020-08-29T23:07:13+00:00,0.0,8.0,211.0,NOT CHARGING,42.4675694444,0.0
2020-08-29T23:07:17+00:00,0.0,8.0,211.0,NOT CHARGING,42.4675694444,0.0
2020-08-29T23:07:21+00:00,0.0,8.0,211.2,NOT CHARGING,42.4675694444,0.0
2020-08-29T23:07:25+00:00,0.0,8.0,211.2,NOT CHARGING,42.4675694444,0.0
2020-08-29T23:07:29+00:00,0.0,8.0,211.4,NOT CHARGING,42.4675694444,0.0
2020-08-29T23:07:33+00:00,0.0,8.0,211.2,NOT CHARGING,42.4675694444,0.0
2020-08-29T23:07:37+00:00,0.0,8.0,211.0,NOT CHARGING,42.4675694444,0.0
2020-08-29T23:07:41+00:00,0.0,8.0,211.1,NOT CHARGING,42.4675694444,0.0
2020-08-29T23:07:45+00:00,0.0,8.0,211.2,NOT CHARGING,42.4675694444,0.0
2020-08-29T23:07:49+00:00,0.0,8.0,211.3,NOT CHARGING,42.4675694444,0.0
2020-08-29T23:07:52+00:00,0.0,8.0,211.2,NOT CHARGING,42.4675694444,0.0
2020-08-29T23:07:56+00:00,0.0,8.0,211.2,NOT CHARGING,42.4675694444,0.0
2020-08-29T23:08:00+00:00,0.0,8.0,211.0,NOT CHARGING,42.4675694444,0.0
2020-08-29T23:08:04+00:00,0.0,8.0,211.2,NOT CHARGING,42.4675694444,0.0
2020-08-29T23:08:08+00:00,0.0,8.0,211.0,NOT CHARGING,42.4675694444,0.0
2020-08-29T23:08:12+00:00,0.0,8.0,211.2,NOT CHARGING,42.4675694444,0.0
2020-08-29T23:08:16+00:00,0.0,8.0,211.2,NOT CHARGING,42.4675694444,0.0
2020-08-29T23:08:20+00:00,0.0,8.0,211.0,NOT CHARGING,42.4675694444,0.0
2020-08-29T23:08:24+00:00,0.0,8.0,211.2,NOT CHARGING,42.4675694444,0.0
2020-08-29T23:08:28+00:00,0.0,8.0,210.9,NOT CHARGING,42.4675694444,0.0
2020-08-29T23:08:32+00:00,0.0,8.0,210.8,NOT CHARGING,42.4675694444,0.0
2020-08-29T23:08:36+00:00,0.0,8.0,211.2,NOT CHARGING,42.4675694444,0.0
2020-08-29T23:08:40+00:00,0.0,8.0,211.0,NOT CHARGING,42.4675694444,0.0
2020-08-29T23:08:44+00:00,0.0,8.0,210.9,NOT CHARGING,42.4675694444,0.0
2020-08-29T23:08:48+00:00,0.0,8.0,211.1,NOT CHARGING,42.4675694444,0.0
2020-08-29T23:08:52+00:00,0.0,8.0,211.3,NOT CHARGING,42.4675694444,0.0
2020-08-29T23:08:56+00:00,0.0,8.0,211.1,NOT CHARGING,42.4675694444,0.0
2020-08-29T23:08:59+00:00,0.0,8.0,211.2,NOT CHARGING,42.4675694444,0.0
2020-08-29T23:09:04+00:00,0.0,8.0,211.0,NOT CHARGING,42.4675694444,0.0
2020-08-29T23:09:07+00:00,0.0,8.0,211.3,NOT CHARGING,42.4675694444,0.0
2020-08-29T23:09:11+00:00,0.0,8.0,210.8,NOT CHARGING,42.4675694444,0.0
2020-08-29T23:09:15+00:00,0.0,8.0,210.9,NOT CHARGING,42.4675694444,0.0
2020-08-29T23:09:19+00:00,0.0,8.0,210.8,NOT CHARGING,42.4675694444,0.0
2020-08-29T23:09:23+00:00,0.0,8.0,210.7,NOT CHARGING,42.4675694444,0.0
2020-08-29T23:09:27+00:00,0.0,8.0,210.9,NOT CHARGING,42.4675694444,0.0
2020-08-29T23:09:31+00:00,0.0,8.0,211.0,NOT CHARGING,42.4675694444,0.0
2020-08-29T23:09:35+00:00,0.0,8.0,210.9,NOT CHARGING,42.4675694444,0.0
2020-08-29T23:09:39+00:00,0.0,8.0,210.9,NOT CHARGING,42.4675694444,0.0
2020-08-29T23:09:43+00:00,0.0,8.0,210.8,NOT CHARGING,42.4675694444,0.0
2020-08-29T23:09:47+00:00,0.0,8.0,210.8,NOT CHARGING,42.4675694444,0.0
2020-08-29T23:09:51+00:00,0.0,8.0,211.1,NOT CHARGING,42.4675694444,0.0
2020-08-29T23:09:55+00:00,0.0,8.0,211.1,NOT CHARGING,42.4675694444,0.0
2020-08-29T23:09:59+00:00,0.0,8.0,211.1,NOT CHARGING,42.4675694444,0.0
2020-08-29T23:10:03+00:00,0.0,8.0,211.0,NOT CHARGING,42.4675694444,0.0
2020-08-29T23:10:06+00:00,0.0,8.0,210.8,NOT CHARGING,42.4675694444,0.0
2020-08-29T23:10:10+00:00,0.0,8.0,210.7,NOT CHARGING,42.4675694444,0.0
2020-08-29T23:10:14+00:00,0.0,8.0,210.8,NOT CHARGING,42.4675694444,0.0
2020-08-29T23:10:18+00:00,0.0,8.0,210.8,NOT CHARGING,42.4675694444,0.0
2020-08-29T23:10:22+00:00,0.0,8.0,211.0,NOT CHARGING,42.4675694444,0.0
2020-08-29T23:10:26+00:00,0.0,8.0,210.7,NOT CHARGING,42.4675694444,0.0
2020-08-29T23:10:30+00:00,0.0,8.0,210.9,NOT CHARGING,42.4675694444,0.0
2020-08-29T23:10:34+00:00,0.0,8.0,210.7,NOT CHARGING,42.4675694444,0.0
2020-08-29T23:10:38+00:00,0.0,8.0,211.0,NOT CHARGING,42.4675694444,0.0
2020-08-29T23:10:42+00:00,0.0,8.0,210.9,NOT CHARGING,42.4675694444,0.0
2020-08-29T23:10:46+00:00,0.0,8.0,210.7,NOT CHARGING,42.4675694444,0.0
2020-08-29T23:10:50+00:00,0.0,8.0,210.9,NOT CHARGING,42.4675694444,0.0
2020-08-29T23:10:54+00:00,0.0,8.0,210.7,NOT CHARGING,42.4675694444,0.0
2020-08-29T23:10:58+00:00,0.0,8.0,210.9,NOT CHARGING,42.4675694444,0.0
2020-08-29T23:11:02+00:00,0.0,8.0,210.8,NOT CHARGING,42.4675694444,0.0
2020-08-29T23:11:06+00:00,0.0,8.0,210.5,NOT CHARGING,42.4675694444,0.0
2020-08-29T23:11:10+00:00,0.0,8.0,210.9,NOT CHARGING,42.4675694444,0.0
2020-08-29T23:11:13+00:00,0.0,8.0,211.0,NOT CHARGING,42.4675694444,0.0
2020-08-29T23:11:17+00:00,0.0,8.0,210.7,NOT CHARGING,42.4675694444,0.0
2020-08-29T23:11:21+00:00,0.0,8.0,210.9,NOT CHARGING,42.4675694444,0.0
2020-08-29T23:11:25+00:00,0.0,8.0,210.7,NOT CHARGING,42.4675694444,0.0
2020-08-29T23:11:29+00:00,0.0,8.0,210.9,NOT CHARGING,42.4675694444,0.0
2020-08-29T23:11:33+00:00,0.0,8.0,210.9,NOT CHARGING,42.4675694444,0.0
2020-08-29T23:11:37+00:00,0.0,8.0,210.9,NOT CHARGING,42.4675694444,0.0
2020-08-29T23:11:41+00:00,0.0,8.0,210.7,NOT CHARGING,42.4675694444,0.0
2020-08-29T23:11:45+00:00,0.0,8.0,210.8,NOT CHARGING,42.4675694444,0.0
2020-08-29T23:11:49+00:00,0.0,8.0,210.9,NOT CHARGING,42.4675694444,0.0
2020-08-29T23:11:53+00:00,0.0,8.0,210.7,NOT CHARGING,42.4675694444,0.0
2020-08-29T23:11:57+00:00,0.0,8.0,211.0,NOT CHARGING,42.4675694444,0.0
2020-08-29T23:12:01+00:00,0.0,8.0,210.9,NOT CHARGING,42.4675694444,0.0
2020-08-29T23:12:05+00:00,0.0,8.0,210.9,NOT CHARGING,42.4675694444,0.0
2020-08-29T23:12:09+00:00,0.0,8.0,210.8,NOT CHARGING,42.4675694444,0.0
2020-08-29T23:12:13+00:00,0.0,8.0,210.6,NOT CHARGING,42.4675694444,0.0
2020-08-29T23:12:16+00:00,0.0,8.0,210.8,NOT CHARGING,42.4675694444,0.0
2020-08-29T23:12:20+00:00,0.0,8.0,210.9,NOT CHARGING,42.4675694444,0.0
2020-08-29T23:12:24+00:00,0.0,8.0,210.7,NOT CHARGING,42.4675694444,0.0
2020-08-29T23:12:28+00:00,0.0,8.0,210.7,NOT CHARGING,42.4675694444,0.0
2020-08-29T23:12:32+00:00,0.0,8.0,210.6,NOT CHARGING,42.4675694444,0.0
2020-08-29T23:12:36+00:00,0.0,8.0,210.8,NOT CHARGING,42.4675694444,0.0
2020-08-29T23:12:40+00:00,0.0,8.0,210.6,NOT CHARGING,42.4675694444,0.0
2020-08-29T23:12:44+00:00,0.0,8.0,210.9,NOT CHARGING,42.4675694444,0.0
2020-08-29T23:12:48+00:00,0.0,8.0,210.5,NOT CHARGING,42.4675694444,0.0
2020-08-29T23:12:52+00:00,0.0,8.0,210.7,NOT CHARGING,42.4675694444,0.0
2020-08-29T23:12:56+00:00,0.0,8.0,210.3,NOT CHARGING,42.4675694444,0.0
2020-08-29T23:13:00+00:00,0.0,8.0,210.5,NOT CHARGING,42.4675694444,0.0
2020-08-29T23:13:04+00:00,0.0,8.0,210.6,NOT CHARGING,42.4675694444,0.0
2020-08-29T23:13:08+00:00,0.0,8.0,210.7,NOT CHARGING,42.4675694444,0.0
2020-08-29T23:13:12+00:00,0.0,8.0,210.8,NOT CHARGING,42.4675694444,0.0
2020-08-29T23:13:16+00:00,0.0,8.0,210.6,NOT CHARGING,42.4675694444,0.0
2020-08-29T23:13:20+00:00,0.0,8.0,210.6,NOT CHARGING,42.4675694444,0.0
2020-08-29T23:13:23+00:00,0.0,8.0,210.6,NOT CHARGING,42.4675694444,0.0
2020-08-29T23:13:27+00:00,0.0,8.0,210.7,NOT CHARGING,42.4675694444,0.0
2020-08-29T23:13:31+00:00,0.0,8.0,210.5,NOT CHARGING,42.4675694444,0.0
2020-08-29T23:13:35+00:00,0.0,8.0,210.5,NOT CHARGING,42.4675694444,0.0
2020-08-29T23:13:39+00:00,0.0,8.0,210.8,NOT CHARGING,42.4675694444,0.0
2020-08-29T23:13:43+00:00,0.0,8.0,210.6,NOT CHARGING,42.4675694444,0.0
2020-08-29T23:13:47+00:00,0.0,8.0,210.4,NOT CHARGING,42.4675694444,0.0
2020-08-29T23:13:51+00:00,0.0,8.0,210.4,NOT CHARGING,42.4675694444,0.0
2020-08-29T23:13:55+00:00,0.0,8.0,210.5,NOT CHARGING,42.4675694444,0.0
2020-08-29T23:13:59+00:00,0.0,8.0,210.6,NOT CHARGING,42.4675694444,0.0
2020-08-29T23:14:03+00:00,0.0,8.0,210.2,NOT CHARGING,42.4675694444,0.0
2020-08-29T23:14:07+00:00,0.0,8.0,210.6,NOT CHARGING,42.4675694444,0.0
2020-08-29T23:14:11+00:00,0.0,8.0,210.3,NOT CHARGING,42.4675694444,0.0
2020-08-29T23:14:15+00:00,0.0,8.0,210.4,NOT CHARGING,42.4675694444,0.0
2020-08-29T23:14:19+00:00,0.0,8.0,210.3,NOT CHARGING,42.4675694444,0.0
2020-08-29T23:14:23+00:00,0.0,8.0,210.5,NOT CHARGING,42.4675694444,0.0
2020-08-29T23:14:27+00:00,0.0,8.0,210.3,NOT CHARGING,42.4675694444,0.0
2020-08-29T23:14:30+00:00,0.0,8.0,210.5,NOT CHARGING,42.4675694444,0.0
2020-08-29T23:14:34+00:00,0.0,8.0,210.3,NOT CHARGING,42.4675694444,0.0
2020-08-29T23:14:38+00:00,0.0,8.0,210.5,NOT CHARGING,42.4675694444,0.0
2020-08-29T23:14:42+00:00,0.0,8.0,210.3,NOT CHARGING,42.4675694444,0.0
2020-08-29T23:14:46+00:00,0.0,8.0,210.3,NOT CHARGING,42.4675694444,0.0
2020-08-29T23:14:50+00:00,0.0,8.0,210.3,NOT CHARGING,42.4675694444,0.0
2020-08-29T23:14:54+00:00,0.0,8.0,210.4,NOT CHARGING,42.4675694444,0.0
2020-08-29T23:14:58+00:00,0.0,8.0,210.2,NOT CHARGING,42.4675694444,0.0
2020-08-29T23:15:02+00:00,0.0,8.0,210.2,NOT CHARGING,42.4675694444,0.0
2020-08-29T23:15:06+00:00,0.0,8.0,210.3,NOT CHARGING,42.4675694444,0.0
2020-08-29T23:15:10+00:00,0.0,8.0,210.2,NOT CHARGING,42.4675694444,0.0
2020-08-29T23:15:14+00:00,0.0,8.0,210.3,NOT CHARGING,42.4675694444,0.0
2020-08-29T23:15:18+00:00,0.0,8.0,210.6,NOT CHARGING,42.4675694444,0.0
2020-08-29T23:15:22+00:00,0.0,8.0,210.3,NOT CHARGING,42.4675694444,0.0
2020-08-29T23:15:26+00:00,0.0,8.0,210.3,NOT CHARGING,42.4675694444,0.0
2020-08-29T23:15:30+00:00,0.0,8.0,210.3,NOT CHARGING,42.4675694444,0.0
2020-08-29T23:15:34+00:00,0.0,8.0,210.5,NOT CHARGING,42.4675694444,0.0
2020-08-29T23:15:37+00:00,0.0,8.0,210.5,NOT CHARGING,42.4675694444,0.0
2020-08-29T23:15:41+00:00,0.0,8.0,210.5,NOT CHARGING,42.4675694444,0.0
2020-08-29T23:15:45+00:00,0.0,8.0,210.5,NOT CHARGING,42.4675694444,0.0
2020-08-29T23:15:49+00:00,0.0,8.0,210.1,NOT CHARGING,42.4675694444,0.0
2020-08-29T23:15:53+00:00,0.0,8.0,210.2,NOT CHARGING,42.4675694444,0.0
2020-08-29T23:15:57+00:00,0.0,8.0,210.3,NOT CHARGING,42.4675694444,0.0
2020-08-29T23:16:01+00:00,0.0,8.0,210.4,NOT CHARGING,42.4675694444,0.0
2020-08-29T23:16:05+00:00,0.0,8.0,210.5,NOT CHARGING,42.4675694444,0.0
2020-08-29T23:16:09+00:00,0.0,8.0,210.3,NOT CHARGING,42.4675694444,0.0
2020-08-29T23:16:13+00:00,0.0,8.0,210.4,NOT CHARGING,42.4675694444,0.0
2020-08-29T23:16:17+00:00,0.0,8.0,210.0,NOT CHARGING,42.4675694444,0.0
2020-08-29T23:16:21+00:00,0.0,8.0,210.4,NOT CHARGING,42.4675694444,0.0
2020-08-29T23:16:25+00:00,0.0,8.0,210.0,NOT CHARGING,42.4675694444,0.0
2020-08-29T23:16:29+00:00,0.0,8.0,209.9,NOT CHARGING,42.4675694444,0.0
2020-08-29T23:16:33+00:00,0.0,8.0,210.1,NOT CHARGING,42.4675694444,0.0
2020-08-29T23:16:37+00:00,0.0,8.0,210.1,NOT CHARGING,42.4675694444,0.0
2020-08-29T23:16:41+00:00,0.0,8.0,209.7,NOT CHARGING,42.4675694444,0.0
2020-08-29T23:16:44+00:00,0.0,8.0,210.2,NOT CHARGING,42.4675694444,0.0
2020-08-29T23:16:48+00:00,0.0,8.0,210.2,NOT CHARGING,42.4675694444,0.0
2020-08-29T23:16:52+00:00,0.0,8.0,210.3,NOT CHARGING,42.4675694444,0.0
2020-08-29T23:16:56+00:00,0.0,8.0,210.1,NOT CHARGING,42.4675694444,0.0
2020-08-29T23:17:00+00:00,0.0,8.0,209.7,NOT CHARGING,42.4675694444,0.0
2020-08-29T23:17:04+00:00,0.0,8.0,209.9,NOT CHARGING,42.4675694444,0.0
2020-08-29T23:17:08+00:00,0.0,8.0,210.0,NOT CHARGING,42.4675694444,0.0
2020-08-29T23:17:12+00:00,0.0,8.0,210.3,NOT CHARGING,42.4675694444,0.0
2020-08-29T23:17:16+00:00,0.0,8.0,210.3,NOT CHARGING,42.4675694444,0.0
2020-08-29T23:17:20+00:00,0.0,8.0,209.8,NOT CHARGING,42.4675694444,0.0
2020-08-29T23:17:24+00:00,0.0,8.0,210.2,NOT CHARGING,42.4675694444,0.0
2020-08-29T23:17:28+00:00,0.0,8.0,210.2,NOT CHARGING,42.4675694444,0.0
2020-08-29T23:17:32+00:00,0.0,8.0,210.0,NOT CHARGING,42.4675694444,0.0
2020-08-29T23:17:36+00:00,0.0,8.0,210.3,NOT CHARGING,42.4675694444,0.0
2020-08-29T23:17:40+00:00,0.0,8.0,210.1,NOT CHARGING,42.4675694444,0.0
2020-08-29T23:17:44+00:00,0.0,8.0,210.0,NOT CHARGING,42.4675694444,0.0
2020-08-29T23:17:48+00:00,0.0,8.0,210.1,NOT CHARGING,42.4675694444,0.0
2020-08-29T23:17:51+00:00,0.0,8.0,210.0,NOT CHARGING,42.4675694444,0.0
2020-08-29T23:17:55+00:00,0.0,8.0,210.1,NOT CHARGING,42.4675694444,0.0
2020-08-29T23:17:59+00:00,0.0,8.0,210.1,NOT CHARGING,42.4675694444,0.0
2020-08-29T23:18:03+00:00,0.0,8.0,210.1,NOT CHARGING,42.4675694444,0.0
2020-08-29T23:18:07+00:00,0.0,8.0,209.8,NOT CHARGING,42.4675694444,0.0
2020-08-29T23:18:11+00:00,0.0,8.0,209.9,NOT CHARGING,42.4675694444,0.0
2020-08-29T23:18:15+00:00,0.0,8.0,210.3,NOT CHARGING,42.4675694444,0.0
2020-08-29T23:18:19+00:00,0.0,8.0,209.6,NOT CHARGING,42.4675694444,0.0
2020-08-29T23:18:23+00:00,0.0,8.0,210.0,NOT CHARGING,42.4675694444,0.0
2020-08-29T23:18:27+00:00,0.0,8.0,210.0,NOT CHARGING,42.4675694444,0.0
2020-08-29T23:18:31+00:00,0.0,8.0,209.7,NOT CHARGING,42.4675694444,0.0
2020-08-29T23:18:35+00:00,0.0,8.0,210.3,NOT CHARGING,42.4675694444,0.0
2020-08-29T23:18:39+00:00,0.0,8.0,209.7,NOT CHARGING,42.4675694444,0.0
2020-08-29T23:18:43+00:00,0.0,8.0,209.9,NOT CHARGING,42.4675694444,0.0
2020-08-29T23:18:47+00:00,0.0,8.0,210.1,NOT CHARGING,42.4675694444,0.0
2020-08-29T23:18:51+00:00,0.0,8.0,209.3,NOT CHARGING,42.4675694444,0.0
2020-08-29T23:18:54+00:00,0.0,8.0,210.1,NOT CHARGING,42.4675694444,0.0
2020-08-29T23:18:58+00:00,0.0,8.0,210.1,NOT CHARGING,42.4675694444,0.0
2020-08-29T23:19:02+00:00,0.0,8.0,210.3,NOT CHARGING,42.4675694444,0.0
2020-08-29T23:19:06+00:00,0.0,8.0,210.1,NOT CHARGING,42.4675694444,0.0
2020-08-29T23:19:10+00:00,0.0,8.0,210.2,NOT CHARGING,42.4675694444,0.0
2020-08-29T23:19:14+00:00,0.0,8.0,210.0,NOT CHARGING,42.4675694444,0.0
2020-08-29T23:19:18+00:00,0.0,8.0,209.9,NOT CHARGING,42.4675694444,0.0
2020-08-29T23:19:22+00:00,0.0,8.0,209.8,NOT CHARGING,42.4675694444,0.0
2020-08-29T23:19:26+00:00,0.0,8.0,210.0,NOT CHARGING,42.4675694444,0.0
2020-08-29T23:19:30+00:00,0.0,8.0,210.1,NOT CHARGING,42.4675694444,0.0
2020-08-29T23:19:34+00:00,0.0,8.0,210.1,NOT CHARGING,42.4675694444,0.0
2020-08-29T23:19:38+00:00,0.0,8.0,210.0,NOT CHARGING,42.4675694444,0.0
2020-08-29T23:19:42+00:00,0.0,8.0,210.2,NOT CHARGING,42.4675694444,0.0
2020-08-29T23:19:46+00:00,0.0,8.0,210.0,NOT CHARGING,42.4675694444,0.0
2020-08-29T23:19:50+00:00,0.0,8.0,210.2,NOT CHARGING,42.4675694444,0.0
2020-08-29T23:19:54+00:00,0.0,8.0,210.1,NOT CHARGING,42.4675694444,0.0
2020-08-29T23:19:58+00:00,0.0,8.0,210.1,NOT CHARGING,42.4675694444,0.0
2020-08-29T23:20:01+00:00,0.0,8.0,210.1,NOT CHARGING,42.4675694444,0.0
2020-08-29T23:20:05+00:00,0.0,8.0,210.0,NOT CHARGING,42.4675694444,0.0
2020-08-29T23:20:09+00:00,0.0,8.0,210.0,NOT CHARGING,42.4675694444,0.0
2020-08-29T23:20:13+00:00,0.0,8.0,210.1,NOT CHARGING,42.4675694444,0.0
2020-08-29T23:20:17+00:00,0.0,8.0,209.9,NOT CHARGING,42.4675694444,0.0
2020-08-29T23:20:21+00:00,0.0,8.0,210.1,NOT CHARGING,42.4675694444,0.0
2020-08-29T23:20:25+00:00,0.0,8.0,210.0,NOT CHARGING,42.4675694444,0.0
2020-08-29T23:20:29+00:00,0.0,8.0,209.9,NOT CHARGING,42.4675694444,0.0
2020-08-29T23:20:33+00:00,0.0,8.0,209.9,NOT CHARGING,42.4675694444,0.0
2020-08-29T23:20:37+00:00,0.0,8.0,210.1,NOT CHARGING,42.4675694444,0.0
2020-08-29T23:20:41+00:00,0.0,8.0,209.9,NOT CHARGING,42.4675694444,0.0
2020-08-29T23:20:45+00:00,0.0,8.0,209.7,NOT CHARGING,42.4675694444,0.0
2020-08-29T23:20:49+00:00,0.0,8.0,209.9,NOT CHARGING,42.4675694444,0.0
2020-08-29T23:20:53+00:00,0.0,8.0,210.1,NOT CHARGING,42.4675694444,0.0
2020-08-29T23:20:57+00:00,0.0,8.0,209.8,NOT CHARGING,42.4675694444,0.0
2020-08-29T23:21:01+00:00,0.0,8.0,210.1,NOT CHARGING,42.4675694444,0.0
2020-08-29T23:21:05+00:00,0.0,8.0,210.2,NOT CHARGING,42.4675694444,0.0
2020-08-29T23:21:09+00:00,0.0,8.0,210.3,NOT CHARGING,42.4675694444,0.0
2020-08-29T23:21:12+00:00,0.0,8.0,210.1,NOT CHARGING,42.4675694444,0.0
2020-08-29T23:21:16+00:00,0.0,8.0,211.3,NOT CHARGING,42.4675694444,0.0
2020-08-29T23:21:20+00:00,0.0,8.0,211.3,NOT CHARGING,42.4675694444,0.0
2020-08-29T23:21:24+00:00,0.0,8.0,211.4,NOT CHARGING,42.4675694444,0.0
2020-08-29T23:21:28+00:00,0.0,8.0,210.8,NOT CHARGING,42.4675694444,0.0
2020-08-29T23:21:32+00:00,0.0,8.0,211.1,NOT CHARGING,42.4675694444,0.0
2020-08-29T23:21:36+00:00,0.0,8.0,211.2,NOT CHARGING,42.4675694444,0.0
2020-08-29T23:21:40+00:00,0.0,8.0,210.6,NOT CHARGING,42.4675694444,0.0
2020-08-29T23:21:44+00:00,0.0,8.0,211.2,NOT CHARGING,42.4675694444,0.0
2020-08-29T23:21:48+00:00,0.0,8.0,211.0,NOT CHARGING,42.4675694444,0.0
2020-08-29T23:21:52+00:00,0.0,8.0,211.0,NOT CHARGING,42.4675694444,0.0
2020-08-29T23:21:56+00:00,0.0,8.0,211.0,NOT CHARGING,42.4675694444,0.0
2020-08-29T23:22:00+00:00,0.0,8.0,211.1,NOT CHARGING,42.4675694444,0.0
2020-08-29T23:22:04+00:00,0.0,8.0,210.8,NOT CHARGING,42.4675694444,0.0
2020-08-29T23:22:08+00:00,0.0,8.0,211.1,NOT CHARGING,42.4675694444,0.0
2020-08-29T23:22:12+00:00,0.0,8.0,210.9,NOT CHARGING,42.4675694444,0.0
2020-08-29T23:22:16+00:00,0.0,8.0,211.0,NOT CHARGING,42.4675694444,0.0
2020-08-29T23:22:19+00:00,0.0,8.0,211.0,NOT CHARGING,42.4675694444,0.0
2020-08-29T23:22:23+00:00,0.0,8.0,211.0,NOT CHARGING,42.4675694444,0.0
2020-08-29T23:22:27+00:00,0.0,8.0,210.9,NOT CHARGING,42.4675694444,0.0
2020-08-29T23:22:31+00:00,0.0,8.0,210.7,NOT CHARGING,42.4675694444,0.0
2020-08-29T23:22:35+00:00,0.0,8.0,210.8,NOT CHARGING,42.4675694444,0.0
2020-08-29T23:22:39+00:00,0.0,8.0,210.9,NOT CHARGING,42.4675694444,0.0
2020-08-29T23:22:43+00:00,0.0,8.0,210.8,NOT CHARGING,42.4675694444,0.0
2020-08-29T23:22:47+00:00,0.0,8.0,211.1,NOT CHARGING,42.4675694444,0.0
2020-08-29T23:22:51+00:00,0.0,8.0,211.0,NOT CHARGING,42.4675694444,0.0
2020-08-29T23:22:55+00:00,0.0,8.0,211.0,NOT CHARGING,42.4675694444,0.0
2020-08-29T23:22:59+00:00,0.0,8.0,211.0,NOT CHARGING,42.4675694444,0.0
2020-08-29T23:23:03+00:00,0.0,8.0,211.0,NOT CHARGING,42.4675694444,0.0
2020-08-29T23:23:07+00:00,0.0,8.0,211.1,NOT CHARGING,42.4675694444,0.0
2020-08-29T23:23:11+00:00,0.0,8.0,210.8,NOT CHARGING,42.4675694444,0.0
2020-08-29T23:23:15+00:00,0.0,8.0,210.8,NOT CHARGING,42.4675694444,0.0
2020-08-29T23:23:19+00:00,0.0,8.0,210.8,NOT CHARGING,42.4675694444,0.0
2020-08-29T23:23:22+00:00,0.0,8.0,210.9,NOT CHARGING,42.4675694444,0.0
2020-08-29T23:23:26+00:00,0.0,8.0,210.8,NOT CHARGING,42.4675694444,0.0
2020-08-29T23:23:30+00:00,0.0,8.0,210.8,NOT CHARGING,42.4675694444,0.0
2020-08-29T23:23:34+00:00,0.0,8.0,210.8,NOT CHARGING,42.4675694444,0.0
2020-08-29T23:23:38+00:00,0.0,8.0,210.8,NOT CHARGING,42.4675694444,0.0
2020-08-29T23:23:42+00:00,0.0,8.0,210.5,NOT CHARGING,42.4675694444,0.0
2020-08-29T23:23:46+00:00,0.0,8.0,210.7,NOT CHARGING,42.4675694444,0.0
2020-08-29T23:23:50+00:00,0.0,8.0,210.8,NOT CHARGING,42.4675694444,0.0
2020-08-29T23:23:54+00:00,0.0,8.0,210.7,NOT CHARGING,42.4675694444,0.0
2020-08-29T23:23:58+00:00,0.0,8.0,210.8,NOT CHARGING,42.4675694444,0.0
2020-08-29T23:24:02+00:00,0.0,8.0,210.6,NOT CHARGING,42.4675694444,0.0
2020-08-29T23:24:06+00:00,0.0,8.0,210.6,NOT CHARGING,42.4675694444,0.0
2020-08-29T23:24:10+00:00,0.0,8.0,210.6,NOT CHARGING,42.4675694444,0.0
2020-08-29T23:24:14+00:00,0.0,8.0,210.6,NOT CHARGING,42.4675694444,0.0
2020-08-29T23:24:18+00:00,0.0,8.0,210.6,NOT CHARGING,42.4675694444,0.0
2020-08-29T23:24:22+00:00,0.0,8.0,210.6,NOT CHARGING,42.4675694444,0.0
2020-08-29T23:24:26+00:00,0.0,8.0,210.6,NOT CHARGING,42.4675694444,0.0
2020-08-29T23:24:29+00:00,0.0,8.0,210.4,NOT CHARGING,42.4675694444,0.0
2020-08-29T23:24:33+00:00,0.0,8.0,210.8,NOT CHARGING,42.4675694444,0.0
2020-08-29T23:24:37+00:00,0.0,8.0,210.7,NOT CHARGING,42.4675694444,0.0
2020-08-29T23:24:41+00:00,0.0,8.0,210.8,NOT CHARGING,42.4675694444,0.0
2020-08-29T23:24:45+00:00,0.0,8.0,210.7,NOT CHARGING,42.4675694444,0.0
2020-08-29T23:24:49+00:00,0.0,8.0,210.8,NOT CHARGING,42.4675694444,0.0
2020-08-29T23:24:53+00:00,0.0,8.0,210.9,NOT CHARGING,42.4675694444,0.0
2020-08-29T23:24:57+00:00,0.0,8.0,210.8,NOT CHARGING,42.4675694444,0.0
2020-08-29T23:25:01+00:00,0.0,8.0,210.7,NOT CHARGING,42.4675694444,0.0
2020-08-29T23:25:05+00:00,0.0,8.0,210.5,NOT CHARGING,42.4675694444,0.0
2020-08-29T23:25:09+00:00,0.0,8.0,210.7,NOT CHARGING,42.4675694444,0.0
2020-08-29T23:25:13+00:00,0.0,8.0,210.7,NOT CHARGING,42.4675694444,0.0
2020-08-29T23:25:17+00:00,0.0,8.0,210.8,NOT CHARGING,42.4675694444,0.0
2020-08-29T23:25:21+00:00,0.0,8.0,210.7,NOT CHARGING,42.4675694444,0.0
2020-08-29T23:25:25+00:00,0.0,8.0,210.7,NOT CHARGING,42.4675694444,0.0
2020-08-29T23:25:29+00:00,0.0,8.0,210.8,NOT CHARGING,42.4675694444,0.0
2020-08-29T23:25:32+00:00,0.0,8.0,210.7,NOT CHARGING,42.4675694444,0.0
2020-08-29T23:25:36+00:00,0.0,8.0,210.7,NOT CHARGING,42.4675694444,0.0
2020-08-29T23:25:40+00:00,0.0,8.0,210.9,NOT CHARGING,42.4675694444,0.0
2020-08-29T23:25:44+00:00,0.0,8.0,210.8,NOT CHARGING,42.4675694444,0.0
2020-08-29T23:25:48+00:00,0.0,8.0,210.6,NOT CHARGING,42.4675694444,0.0
2020-08-29T23:25:52+00:00,0.0,8.0,210.7,NOT CHARGING,42.4675694444,0.0
2020-08-29T23:25:56+00:00,0.0,8.0,210.8,NOT CHARGING,42.4675694444,0.0
2020-08-29T23:26:00+00:00,0.0,8.0,210.8,NOT CHARGING,42.4675694444,0.0
2020-08-29T23:26:04+00:00,0.0,8.0,210.7,NOT CHARGING,42.4675694444,0.0
2020-08-29T23:26:08+00:00,0.0,8.0,210.7,NOT CHARGING,42.4675694444,0.0
2020-08-29T23:26:12+00:00,0.0,8.0,210.6,NOT CHARGING,42.4675694444,0.0
2020-08-29T23:26:16+00:00,0.0,8.0,210.8,NOT CHARGING,42.4675694444,0.0
2020-08-29T23:26:20+00:00,0.0,8.0,210.7,NOT CHARGING,42.4675694444,0.0
2020-08-29T23:26:24+00:00,0.0,8.0,210.8,NOT CHARGING,42.4675694444,0.0
2020-08-29T23:26:28+00:00,0.0,8.0,210.7,NOT CHARGING,42.4675694444,0.0
2020-08-29T23:26:32+00:00,0.0,0.0,,UNPLUGGED,0.0,0.0
