,Charging Current (A),Actual Pilot (A),Voltage (V),Charging State,Energy Delivered (kWh),Power (kW)
2020-02-19T16:09:57+00:00,2.3,8.0,213.8,ADAPTIVE,0.000263055555556,0.489
2020-02-19T16:10:01+00:00,8.1,32.0,213.1,ADAPTIVE,0.0015975,1.7369999999999999
2020-02-19T16:10:05+00:00,8.2,32.0,213.1,ADAPTIVE,0.00340861111111,1.7329999999999999
2020-02-19T16:10:09+00:00,8.0,32.0,213.2,ADAPTIVE,0.00521138888889,1.706
2020-02-19T16:10:13+00:00,8.2,32.0,213.1,ADAPTIVE,0.00702138888889,1.74
2020-02-19T16:10:17+00:00,8.1,32.0,213.2,ADAPTIVE,0.00882805555556,1.736
2020-02-19T16:10:21+00:00,8.0,32.0,213.3,ADAPTIVE,0.0106316666667,1.714
2020-02-19T16:10:25+00:00,8.2,32.0,213.2,ADAPTIVE,0.0124480555556,1.742
2020-02-19T16:10:29+00:00,8.1,32.0,213.3,ADAPTIVE,0.014255833333299998,1.726
2020-02-19T16:10:33+00:00,8.0,32.0,213.2,ADAPTIVE,0.0160583333333,1.71
2020-02-19T16:10:37+00:00,8.2,32.0,213.1,ADAPTIVE,0.0178727777778,1.736
2020-02-19T16:10:41+00:00,8.1,32.0,213.2,ADAPTIVE,0.019677777777800002,1.71
2020-02-19T16:10:45+00:00,8.2,32.0,213.1,ADAPTIVE,0.0214880555556,1.7289999999999999
2020-02-19T16:10:48+00:00,8.1,32.0,213.1,ADAPTIVE,0.023289722222199997,1.724
2020-02-19T16:10:52+00:00,8.1,32.0,213.1,ADAPTIVE,0.0251025,1.7289999999999999
2020-02-19T16:10:56+00:00,8.1,32.0,213.1,ADAPTIVE,0.026913055555599998,1.7349999999999999
2020-02-19T16:11:00+00:00,8.0,32.0,213.1,ADAPTIVE,0.028712222222199997,1.71
2020-02-19T16:11:04+00:00,8.1,32.0,213.1,ADAPTIVE,0.030523611111099996,1.7249999999999999
2020-02-19T16:11:08+00:00,8.1,32.0,213.1,ADAPTIVE,0.032324722222199995,1.716
2020-02-19T16:11:12+00:00,8.1,32.0,213.1,ADAPTIVE,0.03413694444439999,1.726
2020-02-19T16:11:16+00:00,8.1,32.0,212.9,ADAPTIVE,0.03594194444439999,1.7089999999999999
2020-02-19T16:11:20+00:00,8.1,32.0,213.1,ADAPTIVE,0.037751111111099994,1.728
2020-02-19T16:11:24+00:00,8.1,32.0,213.1,ADAPTIVE,0.0395566666667,1.726
2020-02-19T16:11:28+00:00,8.2,32.0,213.1,ADAPTIVE,0.0413697222222,1.7309999999999999
2020-02-19T16:11:32+00:00,8.1,32.0,213.2,ADAPTIVE,0.0431752777778,1.7209999999999999
2020-02-19T16:11:36+00:00,8.1,32.0,213.1,ADAPTIVE,0.0449838888889,1.7229999999999999
2020-02-19T16:11:40+00:00,8.2,32.0,213.0,ADAPTIVE,0.046791111111099994,1.7329999999999999
2020-02-19T16:11:44+00:00,8.1,32.0,213.1,ADAPTIVE,0.0486027777778,1.7109999999999999
2020-02-19T16:11:48+00:00,8.2,32.0,213.1,ADAPTIVE,0.050405,1.7309999999999999
2020-02-19T16:11:52+00:00,8.1,32.0,213.1,ADAPTIVE,0.0522122222222,1.714
2020-02-19T16:11:55+00:00,8.2,32.0,213.1,ADAPTIVE,0.0540186111111,1.738
2020-02-19T16:11:59+00:00,8.1,32.0,213.0,ADAPTIVE,0.0558316666667,1.7109999999999999
2020-02-19T16:12:03+00:00,8.2,32.0,213.1,ADAPTIVE,0.0576355555556,1.744
2020-02-19T16:12:07+00:00,8.0,32.0,213.1,ADAPTIVE,0.0594516666667,1.708
2020-02-19T16:12:11+00:00,8.2,32.0,213.0,ADAPTIVE,0.061259999999999995,1.748
2020-02-19T16:12:15+00:00,8.0,32.0,213.0,ADAPTIVE,0.0630638888889,1.7129999999999999
2020-02-19T16:12:19+00:00,8.1,32.0,213.1,ADAPTIVE,0.0648791666667,1.7249999999999999
2020-02-19T16:12:23+00:00,8.1,32.0,213.1,ADAPTIVE,0.0666886111111,1.7149999999999999
2020-02-19T16:12:27+00:00,8.1,32.0,213.1,ADAPTIVE,0.0685055555556,1.7209999999999999
2020-02-19T16:12:31+00:00,8.1,32.0,213.1,ADAPTIVE,0.0703108333333,1.7249999999999999
2020-02-19T16:12:35+00:00,8.1,32.0,213.1,ADAPTIVE,0.07211972222219999,1.7129999999999999
2020-02-19T16:12:39+00:00,8.2,32.0,213.1,ADAPTIVE,0.0739294444444,1.7409999999999999
2020-02-19T16:12:43+00:00,8.0,32.0,213.1,ADAPTIVE,0.0757427777778,1.704
2020-02-19T16:12:47+00:00,8.2,32.0,213.1,ADAPTIVE,0.07754666666669999,1.7349999999999999
2020-02-19T16:12:51+00:00,8.0,32.0,213.1,ADAPTIVE,0.0793602777778,1.7129999999999999
2020-02-19T16:12:55+00:00,8.2,32.0,213.0,ADAPTIVE,0.08116638888889999,1.7409999999999999
2020-02-19T16:12:58+00:00,8.0,32.0,213.1,ADAPTIVE,0.0829775,1.7089999999999999
2020-02-19T16:13:02+00:00,8.2,32.0,213.1,ADAPTIVE,0.0847830555556,1.744
2020-02-19T16:13:06+00:00,8.1,32.0,213.1,ADAPTIVE,0.0865980555556,1.7129999999999999
2020-02-19T16:13:10+00:00,8.2,32.0,213.1,ADAPTIVE,0.0884019444444,1.736
2020-02-19T16:13:14+00:00,8.0,32.0,213.1,ADAPTIVE,0.09021138888889998,1.708
2020-02-19T16:13:18+00:00,8.2,32.0,213.1,ADAPTIVE,0.0920141666667,1.7409999999999999
2020-02-19T16:13:22+00:00,8.2,32.0,213.1,ADAPTIVE,0.09383,1.734
2020-02-19T16:13:26+00:00,8.1,32.0,213.0,ADAPTIVE,0.0956338888889,1.724
2020-02-19T16:13:30+00:00,8.2,32.0,213.1,ADAPTIVE,0.09745027777779999,1.7429999999999999
2020-02-19T16:13:34+00:00,8.0,32.0,212.9,ADAPTIVE,0.0992505555556,1.712
2020-02-19T16:13:38+00:00,8.1,32.0,213.1,ADAPTIVE,0.101055555556,1.7349999999999999
2020-02-19T16:13:42+00:00,8.0,32.0,213.1,ADAPTIVE,0.10286694444399999,1.7089999999999999
2020-02-19T16:13:46+00:00,8.2,32.0,213.3,ADAPTIVE,0.104675833333,1.7429999999999999
2020-02-19T16:13:50+00:00,8.1,32.0,213.1,ADAPTIVE,0.106491111111,1.7169999999999999
2020-02-19T16:13:54+00:00,8.1,32.0,213.2,ADAPTIVE,0.10829749999999999,1.73
2020-02-19T16:13:58+00:00,8.1,32.0,213.2,ADAPTIVE,0.11011,1.718
2020-02-19T16:14:02+00:00,8.2,32.0,213.2,ADAPTIVE,0.11191749999999999,1.748
2020-02-19T16:14:05+00:00,8.0,32.0,213.1,ADAPTIVE,0.113734722222,1.7089999999999999
2020-02-19T16:14:09+00:00,8.2,32.0,213.1,ADAPTIVE,0.11554833333299999,1.738
2020-02-19T16:14:13+00:00,8.1,32.0,213.1,ADAPTIVE,0.1173525,1.7129999999999999
2020-02-19T16:14:17+00:00,8.2,32.0,213.1,ADAPTIVE,0.11916249999999999,1.7389999999999999
2020-02-19T16:14:21+00:00,8.1,32.0,213.0,ADAPTIVE,0.12097333333299999,1.7229999999999999
2020-02-19T16:14:25+00:00,8.1,32.0,213.1,ADAPTIVE,0.122786111111,1.7269999999999999
2020-02-19T16:14:29+00:00,8.1,32.0,213.1,ADAPTIVE,0.124591111111,1.7269999999999999
2020-02-19T16:14:33+00:00,8.1,32.0,213.1,ADAPTIVE,0.126404166667,1.7229999999999999
2020-02-19T16:14:37+00:00,8.0,32.0,213.1,ADAPTIVE,0.128205555556,1.7049999999999998
2020-02-19T16:14:41+00:00,8.2,32.0,213.1,ADAPTIVE,0.130016944444,1.734
2020-02-19T16:14:45+00:00,8.1,32.0,213.0,ADAPTIVE,0.13182777777799998,1.7089999999999999
2020-02-19T16:14:49+00:00,8.1,32.0,213.0,ADAPTIVE,0.133638333333,1.722
2020-02-19T16:14:53+00:00,8.1,32.0,213.2,ADAPTIVE,0.13544083333299997,1.7069999999999999
2020-02-19T16:14:57+00:00,8.2,32.0,213.1,ADAPTIVE,0.1372525,1.7449999999999999
2020-02-19T16:15:01+00:00,8.1,32.0,213.1,ADAPTIVE,0.139063055556,1.7169999999999999
2020-02-19T16:15:05+00:00,8.1,32.0,213.1,ADAPTIVE,0.140866111111,1.7349999999999999
2020-02-19T16:15:09+00:00,8.0,32.0,213.1,ADAPTIVE,0.142680277778,1.71
2020-02-19T16:15:12+00:00,8.1,32.0,213.0,ADAPTIVE,0.14448694444399998,1.726
2020-02-19T16:15:16+00:00,8.2,32.0,213.1,ADAPTIVE,0.146298888889,1.734
2020-02-19T16:15:20+00:00,8.1,32.0,213.1,ADAPTIVE,0.148104722222,1.7169999999999999
2020-02-19T16:15:24+00:00,8.1,32.0,213.1,ADAPTIVE,0.149911666667,1.7289999999999999
2020-02-19T16:15:28+00:00,8.1,32.0,213.1,ADAPTIVE,0.151725277778,1.72
2020-02-19T16:15:32+00:00,8.2,32.0,213.1,ADAPTIVE,0.153536666667,1.738
2020-02-19T16:15:36+00:00,8.1,32.0,213.0,ADAPTIVE,0.155351944444,1.714
2020-02-19T16:15:40+00:00,8.1,32.0,213.1,ADAPTIVE,0.15715583333299998,1.7289999999999999
2020-02-19T16:15:44+00:00,8.0,32.0,213.0,ADAPTIVE,0.1589625,1.712
2020-02-19T16:15:48+00:00,8.2,32.0,213.0,ADAPTIVE,0.16078138888899998,1.738
2020-02-19T16:15:52+00:00,8.1,32.0,213.1,ADAPTIVE,0.16258638888899998,1.716
2020-02-19T16:15:56+00:00,8.1,32.0,213.1,ADAPTIVE,0.164399166667,1.732
2020-02-19T16:16:00+00:00,8.1,32.0,213.0,ADAPTIVE,0.16620583333299999,1.718
2020-02-19T16:16:04+00:00,8.1,32.0,213.1,ADAPTIVE,0.16802,1.734
2020-02-19T16:16:08+00:00,8.1,32.0,213.1,ADAPTIVE,0.1698225,1.7189999999999999
2020-02-19T16:16:12+00:00,8.2,32.0,213.2,ADAPTIVE,0.171637222222,1.7349999999999999
2020-02-19T16:16:16+00:00,8.1,32.0,213.2,ADAPTIVE,0.173455,1.716
2020-02-19T16:16:19+00:00,8.2,32.0,213.1,ADAPTIVE,0.175258888889,1.746
2020-02-19T16:16:23+00:00,8.1,32.0,213.1,ADAPTIVE,0.17707861111099998,1.7129999999999999
2020-02-19T16:16:27+00:00,8.2,32.0,213.1,ADAPTIVE,0.178886388889,1.74
2020-02-19T16:16:31+00:00,8.1,32.0,213.2,ADAPTIVE,0.18070194444399998,1.7069999999999999
2020-02-19T16:16:35+00:00,8.2,32.0,213.1,ADAPTIVE,0.182508055556,1.738
2020-02-19T16:16:39+00:00,8.1,32.0,213.1,ADAPTIVE,0.18432527777799998,1.7149999999999999
2020-02-19T16:16:43+00:00,8.2,32.0,213.2,ADAPTIVE,0.186129722222,1.7409999999999999
2020-02-19T16:16:47+00:00,8.0,32.0,213.2,ADAPTIVE,0.18794194444399998,1.714
2020-02-19T16:16:51+00:00,8.1,32.0,213.1,ADAPTIVE,0.18975638888899998,1.728
2020-02-19T16:16:55+00:00,8.1,32.0,213.1,ADAPTIVE,0.191566388889,1.712
2020-02-19T16:16:59+00:00,8.1,32.0,213.1,ADAPTIVE,0.193384444444,1.73
2020-02-19T16:17:03+00:00,8.1,32.0,213.2,ADAPTIVE,0.195185555556,1.7229999999999999
2020-02-19T16:17:07+00:00,8.2,32.0,213.1,ADAPTIVE,0.19699638888899998,1.7329999999999999
2020-02-19T16:17:11+00:00,8.1,32.0,213.4,ADAPTIVE,0.19879833333299998,1.716
2020-02-19T16:17:15+00:00,8.2,32.0,213.1,ADAPTIVE,0.20061833333299997,1.738
2020-02-19T16:17:19+00:00,8.1,32.0,213.1,ADAPTIVE,0.202424166667,1.714
2020-02-19T16:17:23+00:00,8.2,32.0,213.1,ADAPTIVE,0.204238611111,1.7389999999999999
2020-02-19T16:17:26+00:00,8.1,32.0,213.1,ADAPTIVE,0.20603694444399998,1.7189999999999999
2020-02-19T16:17:30+00:00,8.2,32.0,213.1,ADAPTIVE,0.20785861111099999,1.734
2020-02-19T16:17:34+00:00,8.1,32.0,213.1,ADAPTIVE,0.209660555556,1.722
2020-02-19T16:17:38+00:00,8.2,32.0,213.1,ADAPTIVE,0.21147194444399997,1.7309999999999999
2020-02-19T16:17:42+00:00,8.2,32.0,213.1,ADAPTIVE,0.21328333333299998,1.734
2020-02-19T16:17:46+00:00,8.1,32.0,213.0,ADAPTIVE,0.215098055556,1.7189999999999999
2020-02-19T16:17:50+00:00,8.1,32.0,213.1,ADAPTIVE,0.216898888889,1.73
2020-02-19T16:17:54+00:00,8.0,32.0,213.1,ADAPTIVE,0.218705555556,1.716
2020-02-19T16:17:58+00:00,8.2,32.0,213.1,ADAPTIVE,0.22051888888899998,1.7369999999999999
2020-02-19T16:18:02+00:00,8.0,32.0,213.0,ADAPTIVE,0.22232638888899997,1.7069999999999999
2020-02-19T16:18:06+00:00,8.2,32.0,213.1,ADAPTIVE,0.224138888889,1.7309999999999999
2020-02-19T16:18:10+00:00,8.1,32.0,213.1,ADAPTIVE,0.225948611111,1.71
2020-02-19T16:18:14+00:00,8.2,32.0,213.2,ADAPTIVE,0.22775944444399998,1.7309999999999999
2020-02-19T16:18:18+00:00,8.1,32.0,213.1,ADAPTIVE,0.229566111111,1.7129999999999999
2020-02-19T16:18:22+00:00,8.2,32.0,213.1,ADAPTIVE,0.23138194444399998,1.746
2020-02-19T16:18:26+00:00,8.0,32.0,213.1,ADAPTIVE,0.233188333333,1.6989999999999998
2020-02-19T16:18:30+00:00,8.2,32.0,212.9,ADAPTIVE,0.234994722222,1.7429999999999999
2020-02-19T16:18:33+00:00,8.1,32.0,213.1,ADAPTIVE,0.23680777777799997,1.716
2020-02-19T16:18:37+00:00,8.1,32.0,213.0,ADAPTIVE,0.23861888888899999,1.728
2020-02-19T16:18:41+00:00,8.1,32.0,213.2,ADAPTIVE,0.24042611111099998,1.7169999999999999
2020-02-19T16:18:45+00:00,8.2,32.0,213.1,ADAPTIVE,0.24223583333299997,1.734
2020-02-19T16:18:49+00:00,8.1,32.0,213.2,ADAPTIVE,0.2440425,1.72
2020-02-19T16:18:53+00:00,8.1,32.0,213.2,ADAPTIVE,0.24586,1.728
2020-02-19T16:18:57+00:00,8.2,32.0,213.3,ADAPTIVE,0.24766388888899998,1.7409999999999999
2020-02-19T16:19:01+00:00,8.2,32.0,213.1,ADAPTIVE,0.249481944444,1.7289999999999999
2020-02-19T16:19:05+00:00,8.1,32.0,213.3,ADAPTIVE,0.251295277778,1.732
2020-02-19T16:19:09+00:00,8.1,32.0,213.2,ADAPTIVE,0.253104444444,1.7209999999999999
2020-02-19T16:19:13+00:00,8.2,32.0,213.2,ADAPTIVE,0.254916388889,1.7449999999999999
2020-02-19T16:19:17+00:00,8.1,32.0,213.2,ADAPTIVE,0.256724444444,1.712
2020-02-19T16:19:21+00:00,8.2,32.0,213.3,ADAPTIVE,0.258539722222,1.7389999999999999
2020-02-19T16:19:25+00:00,8.0,32.0,213.1,ADAPTIVE,0.260347777778,1.7149999999999999
2020-02-19T16:19:29+00:00,8.1,32.0,213.3,ADAPTIVE,0.262154444444,1.7309999999999999
2020-02-19T16:19:33+00:00,8.1,32.0,213.3,ADAPTIVE,0.26397138888899996,1.7249999999999999
2020-02-19T16:19:37+00:00,8.1,32.0,213.3,ADAPTIVE,0.265783333333,1.716
2020-02-19T16:19:40+00:00,8.2,32.0,213.2,ADAPTIVE,0.267591111111,1.7409999999999999
2020-02-19T16:19:44+00:00,8.0,32.0,213.4,ADAPTIVE,0.269408333333,1.7129999999999999
2020-02-19T16:19:48+00:00,8.2,32.0,213.3,ADAPTIVE,0.27121999999999996,1.742
2020-02-19T16:19:52+00:00,8.2,32.0,213.3,ADAPTIVE,0.273034166667,1.736
2020-02-19T16:19:56+00:00,8.1,32.0,213.2,ADAPTIVE,0.274845,1.72
2020-02-19T16:20:00+00:00,8.1,32.0,213.2,ADAPTIVE,0.276653333333,1.72
2020-02-19T16:20:04+00:00,8.1,32.0,213.1,ADAPTIVE,0.278470555556,1.7329999999999999
2020-02-19T16:20:08+00:00,8.2,32.0,213.3,ADAPTIVE,0.2802825,1.7369999999999999
2020-02-19T16:20:12+00:00,8.1,32.0,213.3,ADAPTIVE,0.282096944444,1.716
2020-02-19T16:20:16+00:00,8.2,32.0,213.3,ADAPTIVE,0.283908611111,1.7409999999999999
2020-02-19T16:20:20+00:00,8.1,32.0,213.3,ADAPTIVE,0.285718611111,1.73
2020-02-19T16:20:24+00:00,8.1,32.0,213.3,ADAPTIVE,0.28753611111099997,1.724
2020-02-19T16:20:28+00:00,8.2,32.0,213.4,ADAPTIVE,0.28934138888899996,1.7349999999999999
2020-02-19T16:20:32+00:00,8.1,32.0,213.4,ADAPTIVE,0.29116027777799997,1.7149999999999999
2020-02-19T16:20:36+00:00,8.1,32.0,213.3,ADAPTIVE,0.292970555556,1.7209999999999999
2020-02-19T16:20:40+00:00,8.1,32.0,213.3,ADAPTIVE,0.29478555555599995,1.72
2020-02-19T16:20:44+00:00,8.2,32.0,213.1,ADAPTIVE,0.29659305555599996,1.7409999999999999
2020-02-19T16:20:47+00:00,8.1,32.0,213.2,ADAPTIVE,0.298411111111,1.7269999999999999
2020-02-19T16:20:51+00:00,8.0,32.0,213.3,ADAPTIVE,0.300216388889,1.7109999999999999
2020-02-19T16:20:55+00:00,8.2,32.0,213.2,ADAPTIVE,0.302032777778,1.7389999999999999
2020-02-19T16:20:59+00:00,8.1,32.0,213.2,ADAPTIVE,0.303841111111,1.722
2020-02-19T16:21:03+00:00,8.1,32.0,213.1,ADAPTIVE,0.305659166667,1.7229999999999999
2020-02-19T16:21:07+00:00,8.1,32.0,213.3,ADAPTIVE,0.30746277777799996,1.7149999999999999
2020-02-19T16:21:11+00:00,8.0,32.0,213.2,ADAPTIVE,0.309277222222,1.716
2020-02-19T16:21:15+00:00,8.2,32.0,213.2,ADAPTIVE,0.311088611111,1.7429999999999999
2020-02-19T16:21:19+00:00,8.1,32.0,213.4,ADAPTIVE,0.312900833333,1.7189999999999999
2020-02-19T16:21:23+00:00,8.1,32.0,213.5,ADAPTIVE,0.31470805555599995,1.726
2020-02-19T16:21:27+00:00,8.2,32.0,213.4,ADAPTIVE,0.31652305555599997,1.7369999999999999
2020-02-19T16:21:31+00:00,8.0,32.0,213.4,ADAPTIVE,0.318333611111,1.7109999999999999
2020-02-19T16:21:35+00:00,8.2,32.0,213.4,ADAPTIVE,0.32014555555599994,1.736
2020-02-19T16:21:39+00:00,8.1,32.0,213.4,ADAPTIVE,0.321951944444,1.7329999999999999
2020-02-19T16:21:43+00:00,8.1,32.0,213.4,ADAPTIVE,0.323771388889,1.714
2020-02-19T16:21:47+00:00,8.2,32.0,213.4,ADAPTIVE,0.325579166667,1.7389999999999999
2020-02-19T16:21:51+00:00,8.1,32.0,213.4,ADAPTIVE,0.327396944444,1.722
2020-02-19T16:21:54+00:00,8.2,32.0,213.4,ADAPTIVE,0.329206944444,1.746
2020-02-19T16:21:58+00:00,8.1,32.0,213.4,ADAPTIVE,0.33102138888899996,1.7289999999999999
2020-02-19T16:22:02+00:00,8.0,32.0,213.4,ADAPTIVE,0.332833333333,1.7149999999999999
2020-02-19T16:22:06+00:00,8.1,32.0,213.5,ADAPTIVE,0.334644166667,1.74
2020-02-19T16:22:10+00:00,8.1,32.0,213.4,ADAPTIVE,0.336460833333,1.7229999999999999
2020-02-19T16:22:14+00:00,8.1,32.0,213.4,ADAPTIVE,0.33827027777799995,1.718
2020-02-19T16:22:18+00:00,8.1,32.0,213.5,ADAPTIVE,0.34008861111099997,1.736
2020-02-19T16:22:22+00:00,8.1,32.0,213.4,ADAPTIVE,0.34189805555599995,1.736
2020-02-19T16:22:26+00:00,8.0,32.0,213.4,ADAPTIVE,0.34371416666699994,1.7149999999999999
2020-02-19T16:22:30+00:00,8.1,32.0,213.5,ADAPTIVE,0.345523333333,1.742
2020-02-19T16:22:34+00:00,8.2,32.0,213.5,ADAPTIVE,0.34734,1.7389999999999999
2020-02-19T16:22:38+00:00,8.1,32.0,213.6,ADAPTIVE,0.34915277777799997,1.7209999999999999
2020-02-19T16:22:42+00:00,8.2,32.0,213.6,ADAPTIVE,0.350973888889,1.74
2020-02-19T16:22:46+00:00,8.1,32.0,213.5,ADAPTIVE,0.3527825,1.7289999999999999
2020-02-19T16:22:50+00:00,8.1,32.0,213.6,ADAPTIVE,0.35460361111099997,1.728
2020-02-19T16:22:54+00:00,8.2,32.0,213.6,ADAPTIVE,0.356415,1.742
2020-02-19T16:22:58+00:00,8.1,32.0,213.5,ADAPTIVE,0.358228611111,1.73
2020-02-19T16:23:01+00:00,8.0,32.0,213.4,ADAPTIVE,0.360038888889,1.7149999999999999
2020-02-19T16:23:05+00:00,8.1,32.0,213.5,ADAPTIVE,0.36185305555599995,1.7369999999999999
2020-02-19T16:23:09+00:00,8.1,32.0,213.6,ADAPTIVE,0.363670277778,1.73
2020-02-19T16:23:13+00:00,8.1,32.0,213.5,ADAPTIVE,0.365480833333,1.7149999999999999
2020-02-19T16:23:17+00:00,8.1,32.0,213.6,ADAPTIVE,0.367298888889,1.7209999999999999
2020-02-19T16:23:21+00:00,8.2,32.0,213.4,ADAPTIVE,0.369103333333,1.7389999999999999
2020-02-19T16:23:25+00:00,8.1,32.0,213.6,ADAPTIVE,0.370921111111,1.724
2020-02-19T16:23:29+00:00,8.1,32.0,213.6,ADAPTIVE,0.372733333333,1.724
2020-02-19T16:23:33+00:00,8.2,32.0,213.6,ADAPTIVE,0.374546944444,1.7409999999999999
2020-02-19T16:23:37+00:00,8.2,32.0,213.6,ADAPTIVE,0.37635805555599994,1.738
2020-02-19T16:23:41+00:00,8.1,32.0,213.6,ADAPTIVE,0.37818055555599994,1.728
2020-02-19T16:23:45+00:00,8.2,32.0,213.6,ADAPTIVE,0.379990277778,1.7369999999999999
2020-02-19T16:23:49+00:00,8.1,32.0,213.6,ADAPTIVE,0.381809166667,1.7329999999999999
2020-02-19T16:23:53+00:00,8.1,32.0,213.6,ADAPTIVE,0.383621111111,1.718
2020-02-19T16:23:57+00:00,8.2,32.0,213.6,ADAPTIVE,0.38544,1.74
2020-02-19T16:24:01+00:00,8.2,32.0,213.6,ADAPTIVE,0.38725527777799995,1.746
2020-02-19T16:24:05+00:00,8.1,32.0,213.6,ADAPTIVE,0.389076944444,1.7149999999999999
2020-02-19T16:24:08+00:00,8.1,32.0,213.6,ADAPTIVE,0.390891666667,1.74
2020-02-19T16:24:12+00:00,8.1,32.0,213.6,ADAPTIVE,0.39270277777799995,1.7409999999999999
2020-02-19T16:24:16+00:00,8.1,32.0,213.6,ADAPTIVE,0.394521944444,1.7329999999999999
2020-02-19T16:24:20+00:00,8.1,32.0,213.6,ADAPTIVE,0.39633638888899997,1.7209999999999999
2020-02-19T16:24:24+00:00,8.2,32.0,213.6,ADAPTIVE,0.39816027777799995,1.734
2020-02-19T16:24:28+00:00,8.2,32.0,213.6,ADAPTIVE,0.399970555556,1.748
2020-02-19T16:24:32+00:00,8.0,32.0,213.6,ADAPTIVE,0.4017925,1.712
2020-02-19T16:24:36+00:00,8.0,32.0,213.6,ADAPTIVE,0.403601944444,1.7149999999999999
2020-02-19T16:24:40+00:00,8.2,32.0,213.5,ADAPTIVE,0.405413333333,1.753
2020-02-19T16:24:44+00:00,8.1,32.0,213.6,ADAPTIVE,0.407232777778,1.7169999999999999
2020-02-19T16:24:48+00:00,8.1,32.0,213.8,ADAPTIVE,0.409038055556,1.7129999999999999
2020-02-19T16:24:52+00:00,8.2,32.0,213.5,ADAPTIVE,0.4108575,1.7389999999999999
2020-02-19T16:24:56+00:00,8.1,32.0,213.6,ADAPTIVE,0.412666388889,1.7309999999999999
2020-02-19T16:25:00+00:00,8.1,32.0,213.7,ADAPTIVE,0.41447611111099997,1.7209999999999999
2020-02-19T16:25:04+00:00,8.0,32.0,213.7,ADAPTIVE,0.41629527777799996,1.714
2020-02-19T16:25:08+00:00,8.2,32.0,213.6,ADAPTIVE,0.41810777777799996,1.7449999999999999
2020-02-19T16:25:12+00:00,8.2,32.0,213.6,ADAPTIVE,0.41992666666699996,1.7429999999999999
2020-02-19T16:25:15+00:00,8.1,32.0,213.6,ADAPTIVE,0.42173916666699995,1.7169999999999999
2020-02-19T16:25:19+00:00,8.1,32.0,213.6,ADAPTIVE,0.423557222222,1.712
2020-02-19T16:25:23+00:00,8.2,32.0,213.6,ADAPTIVE,0.42536999999999997,1.74
2020-02-19T16:25:27+00:00,8.1,32.0,213.8,ADAPTIVE,0.42718611111099997,1.7349999999999999
2020-02-19T16:25:31+00:00,8.1,32.0,213.7,ADAPTIVE,0.428992777778,1.7209999999999999
2020-02-19T16:25:35+00:00,8.1,32.0,213.6,ADAPTIVE,0.430813333333,1.732
2020-02-19T16:25:39+00:00,8.2,32.0,213.8,ADAPTIVE,0.43262277777799996,1.742
2020-02-19T16:25:43+00:00,8.1,32.0,213.8,ADAPTIVE,0.43443499999999996,1.7409999999999999
2020-02-19T16:25:47+00:00,8.0,32.0,213.7,ADAPTIVE,0.43625388888899996,1.716
2020-02-19T16:25:51+00:00,0.0,32.0,215.1,NOT CHARGING,0.43753555555599993,0.0
2020-02-19T16:25:55+00:00,0.0,32.0,215.1,NOT CHARGING,0.43753555555599993,0.0
2020-02-19T16:25:59+00:00,0.0,32.0,215.0,NOT CHARGING,0.43753555555599993,0.0
2020-02-19T16:26:03+00:00,0.0,32.0,215.0,NOT CHARGING,0.43753555555599993,0.0
2020-02-19T16:26:07+00:00,0.0,32.0,215.0,NOT CHARGING,0.43753555555599993,0.0
2020-02-19T16:26:11+00:00,0.0,32.0,215.0,NOT CHARGING,0.43753555555599993,0.0
2020-02-19T16:26:15+00:00,0.0,32.0,215.0,NOT CHARGING,0.43753555555599993,0.0
2020-02-19T16:26:19+00:00,0.0,32.0,215.0,NOT CHARGING,0.43753555555599993,0.0
2020-02-19T16:26:22+00:00,0.0,32.0,215.1,NOT CHARGING,0.43753555555599993,0.0
2020-02-19T16:26:26+00:00,0.0,32.0,215.0,NOT CHARGING,0.43753555555599993,0.0
2020-02-19T16:26:30+00:00,0.0,32.0,215.0,NOT CHARGING,0.43753555555599993,0.0
2020-02-19T16:26:34+00:00,0.0,32.0,215.1,NOT CHARGING,0.43753555555599993,0.0
2020-02-19T16:26:38+00:00,0.0,32.0,215.0,NOT CHARGING,0.43753555555599993,0.0
2020-02-19T16:26:42+00:00,0.0,32.0,215.0,NOT CHARGING,0.43753555555599993,0.0
2020-02-19T16:26:46+00:00,0.0,32.0,215.0,NOT CHARGING,0.43753555555599993,0.0
2020-02-19T16:26:50+00:00,0.0,32.0,215.0,NOT CHARGING,0.43753555555599993,0.0
2020-02-19T16:26:54+00:00,0.0,32.0,215.0,NOT CHARGING,0.43753555555599993,0.0
2020-02-19T16:26:58+00:00,0.0,32.0,215.0,NOT CHARGING,0.43753555555599993,0.0
2020-02-19T16:27:02+00:00,0.0,32.0,215.0,NOT CHARGING,0.43753555555599993,0.0
2020-02-19T16:27:06+00:00,0.0,32.0,215.0,NOT CHARGING,0.43753555555599993,0.0
2020-02-19T16:27:10+00:00,0.0,32.0,215.0,NOT CHARGING,0.43753555555599993,0.0
2020-02-19T16:27:14+00:00,0.0,32.0,215.0,NOT CHARGING,0.43753555555599993,0.0
2020-02-19T16:27:18+00:00,0.0,32.0,215.0,NOT CHARGING,0.43753555555599993,0.0
2020-02-19T16:27:22+00:00,0.0,32.0,215.0,NOT CHARGING,0.43753555555599993,0.0
2020-02-19T16:27:26+00:00,0.0,32.0,215.0,NOT CHARGING,0.43753555555599993,0.0
2020-02-19T16:27:29+00:00,0.0,32.0,215.0,NOT CHARGING,0.43753555555599993,0.0
2020-02-19T16:27:33+00:00,0.0,32.0,215.0,NOT CHARGING,0.43753555555599993,0.0
2020-02-19T16:27:37+00:00,0.0,32.0,215.0,NOT CHARGING,0.43753555555599993,0.0
2020-02-19T16:27:41+00:00,0.0,32.0,215.0,NOT CHARGING,0.43753555555599993,0.0
2020-02-19T16:27:45+00:00,0.0,32.0,215.0,NOT CHARGING,0.43753555555599993,0.0
2020-02-19T16:27:49+00:00,0.0,32.0,215.0,NOT CHARGING,0.43753555555599993,0.0
2020-02-19T16:27:53+00:00,0.0,32.0,215.1,NOT CHARGING,0.43753555555599993,0.0
2020-02-19T16:27:57+00:00,0.0,32.0,215.0,NOT CHARGING,0.43753555555599993,0.0
2020-02-19T16:28:01+00:00,0.0,32.0,215.0,NOT CHARGING,0.43753555555599993,0.0
2020-02-19T16:28:05+00:00,0.0,32.0,215.0,NOT CHARGING,0.43753555555599993,0.0
2020-02-19T16:28:09+00:00,0.0,32.0,215.0,NOT CHARGING,0.43753555555599993,0.0
2020-02-19T16:28:13+00:00,0.0,32.0,215.0,NOT CHARGING,0.43753555555599993,0.0
2020-02-19T16:28:17+00:00,0.0,32.0,215.0,NOT CHARGING,0.43753555555599993,0.0
2020-02-19T16:28:21+00:00,0.0,32.0,215.0,NOT CHARGING,0.43753555555599993,0.0
2020-02-19T16:28:25+00:00,0.0,32.0,215.0,NOT CHARGING,0.43753555555599993,0.0
2020-02-19T16:28:29+00:00,0.0,32.0,215.0,NOT CHARGING,0.43753555555599993,0.0
2020-02-19T16:28:33+00:00,0.0,32.0,215.0,NOT CHARGING,0.43753555555599993,0.0
2020-02-19T16:28:36+00:00,0.0,32.0,215.1,NOT CHARGING,0.43753555555599993,0.0
2020-02-19T16:28:40+00:00,0.0,32.0,215.0,NOT CHARGING,0.43753555555599993,0.0
2020-02-19T16:28:44+00:00,0.0,32.0,215.0,NOT CHARGING,0.43753555555599993,0.0
2020-02-19T16:28:48+00:00,0.0,32.0,215.2,NOT CHARGING,0.43753555555599993,0.0
2020-02-19T16:28:52+00:00,0.0,32.0,215.0,NOT CHARGING,0.43753555555599993,0.0
2020-02-19T16:28:56+00:00,0.0,32.0,215.0,NOT CHARGING,0.43753555555599993,0.0
2020-02-19T16:29:00+00:00,0.0,32.0,215.1,NOT CHARGING,0.43753555555599993,0.0
2020-02-19T16:29:04+00:00,0.0,32.0,215.0,NOT CHARGING,0.43753555555599993,0.0
2020-02-19T16:29:08+00:00,0.0,32.0,215.0,NOT CHARGING,0.43753555555599993,0.0
2020-02-19T16:29:12+00:00,0.0,32.0,215.1,NOT CHARGING,0.43753555555599993,0.0
2020-02-19T16:29:16+00:00,0.0,32.0,214.9,NOT CHARGING,0.43753555555599993,0.0
2020-02-19T16:29:20+00:00,0.0,32.0,215.0,NOT CHARGING,0.43753555555599993,0.0
2020-02-19T16:29:24+00:00,0.0,32.0,215.0,NOT CHARGING,0.43753555555599993,0.0
2020-02-19T16:29:28+00:00,0.0,32.0,215.0,NOT CHARGING,0.43753555555599993,0.0
2020-02-19T16:29:32+00:00,0.0,32.0,215.0,NOT CHARGING,0.43753555555599993,0.0
2020-02-19T16:29:36+00:00,0.0,32.0,215.1,NOT CHARGING,0.43753555555599993,0.0
2020-02-19T16:29:39+00:00,0.0,32.0,215.0,NOT CHARGING,0.43753555555599993,0.0
2020-02-19T16:29:43+00:00,0.0,32.0,215.0,NOT CHARGING,0.43753555555599993,0.0
2020-02-19T16:29:47+00:00,0.0,32.0,215.0,NOT CHARGING,0.43753555555599993,0.0
2020-02-19T16:29:51+00:00,0.0,32.0,215.0,NOT CHARGING,0.43753555555599993,0.0
2020-02-19T16:29:55+00:00,0.0,32.0,215.0,NOT CHARGING,0.43753555555599993,0.0
2020-02-19T16:29:59+00:00,0.0,32.0,214.9,NOT CHARGING,0.43753555555599993,0.0
2020-02-19T16:30:03+00:00,0.0,32.0,214.9,NOT CHARGING,0.43753555555599993,0.0
2020-02-19T16:30:07+00:00,0.0,32.0,214.9,NOT CHARGING,0.43753555555599993,0.0
2020-02-19T16:30:11+00:00,0.0,32.0,215.0,NOT CHARGING,0.43753555555599993,0.0
2020-02-19T16:30:15+00:00,0.0,32.0,215.1,NOT CHARGING,0.43753555555599993,0.0
2020-02-19T16:30:19+00:00,0.0,32.0,215.0,NOT CHARGING,0.43753555555599993,0.0
2020-02-19T16:30:23+00:00,0.0,32.0,215.0,NOT CHARGING,0.43753555555599993,0.0
2020-02-19T16:30:27+00:00,0.0,32.0,215.0,NOT CHARGING,0.43753555555599993,0.0
2020-02-19T16:30:31+00:00,0.0,32.0,214.9,NOT CHARGING,0.43753555555599993,0.0
2020-02-19T16:30:35+00:00,0.0,32.0,214.9,NOT CHARGING,0.43753555555599993,0.0
2020-02-19T16:30:39+00:00,0.0,32.0,214.9,NOT CHARGING,0.43753555555599993,0.0
2020-02-19T16:30:43+00:00,0.0,32.0,215.0,NOT CHARGING,0.43753555555599993,0.0
2020-02-19T16:30:47+00:00,0.0,32.0,214.9,NOT CHARGING,0.43753555555599993,0.0
2020-02-19T16:30:50+00:00,0.0,32.0,214.9,NOT CHARGING,0.43753555555599993,0.0
2020-02-19T16:30:54+00:00,0.0,32.0,214.8,NOT CHARGING,0.43753555555599993,0.0
2020-02-19T16:30:58+00:00,0.0,32.0,214.9,NOT CHARGING,0.43753555555599993,0.0
2020-02-19T16:31:02+00:00,0.0,32.0,214.8,NOT CHARGING,0.43753555555599993,0.0
2020-02-19T16:31:06+00:00,0.0,32.0,214.8,NOT CHARGING,0.43753555555599993,0.0
2020-02-19T16:31:10+00:00,0.0,32.0,214.9,NOT CHARGING,0.43753555555599993,0.0
2020-02-19T16:31:14+00:00,0.0,32.0,214.9,NOT CHARGING,0.43753555555599993,0.0
2020-02-19T16:31:18+00:00,0.0,32.0,214.8,NOT CHARGING,0.43753555555599993,0.0
2020-02-19T16:31:22+00:00,0.0,32.0,214.8,NOT CHARGING,0.43753555555599993,0.0
2020-02-19T16:31:26+00:00,0.0,32.0,214.8,NOT CHARGING,0.43753555555599993,0.0
2020-02-19T16:31:30+00:00,0.0,32.0,214.8,NOT CHARGING,0.43753555555599993,0.0
2020-02-19T16:31:34+00:00,0.0,32.0,214.8,NOT CHARGING,0.43753555555599993,0.0
2020-02-19T16:31:38+00:00,0.0,32.0,214.8,NOT CHARGING,0.43753555555599993,0.0
2020-02-19T16:31:42+00:00,0.0,32.0,214.7,NOT CHARGING,0.43753555555599993,0.0
2020-02-19T16:31:46+00:00,0.0,32.0,214.8,NOT CHARGING,0.43753555555599993,0.0
2020-02-19T16:31:50+00:00,0.0,32.0,214.8,NOT CHARGING,0.43753555555599993,0.0
2020-02-19T16:31:53+00:00,0.0,32.0,214.8,NOT CHARGING,0.43753555555599993,0.0
2020-02-19T16:31:57+00:00,0.0,32.0,214.8,NOT CHARGING,0.43753555555599993,0.0
2020-02-19T16:32:01+00:00,0.0,32.0,214.8,NOT CHARGING,0.43753555555599993,0.0
2020-02-19T16:32:05+00:00,0.0,32.0,214.8,NOT CHARGING,0.43753555555599993,0.0
2020-02-19T16:32:09+00:00,0.0,32.0,214.9,NOT CHARGING,0.43753555555599993,0.0
2020-02-19T16:32:13+00:00,0.0,32.0,214.8,NOT CHARGING,0.43753555555599993,0.0
2020-02-19T16:32:17+00:00,0.0,32.0,214.8,NOT CHARGING,0.43753555555599993,0.0
2020-02-19T16:32:21+00:00,0.0,32.0,214.8,NOT CHARGING,0.43753555555599993,0.0
2020-02-19T16:32:25+00:00,0.0,32.0,214.8,NOT CHARGING,0.43753555555599993,0.0
2020-02-19T16:32:29+00:00,0.0,32.0,214.8,NOT CHARGING,0.43753555555599993,0.0
2020-02-19T16:32:33+00:00,0.0,32.0,214.9,NOT CHARGING,0.43753555555599993,0.0
2020-02-19T16:32:37+00:00,0.0,32.0,214.8,NOT CHARGING,0.43753555555599993,0.0
2020-02-19T16:32:41+00:00,0.0,32.0,214.8,NOT CHARGING,0.43753555555599993,0.0
2020-02-19T16:32:45+00:00,0.0,32.0,214.8,NOT CHARGING,0.43753555555599993,0.0
2020-02-19T16:32:49+00:00,0.0,32.0,214.9,NOT CHARGING,0.43753555555599993,0.0
2020-02-19T16:32:53+00:00,0.0,32.0,214.8,NOT CHARGING,0.43753555555599993,0.0
2020-02-19T16:32:57+00:00,0.0,32.0,214.9,NOT CHARGING,0.43753555555599993,0.0
2020-02-19T16:33:00+00:00,0.0,32.0,214.9,NOT CHARGING,0.43753555555599993,0.0
2020-02-19T16:33:04+00:00,0.0,32.0,214.8,NOT CHARGING,0.43753555555599993,0.0
2020-02-19T16:33:08+00:00,0.0,32.0,214.8,NOT CHARGING,0.43753555555599993,0.0
2020-02-19T16:33:12+00:00,0.0,32.0,214.8,NOT CHARGING,0.43753555555599993,0.0
2020-02-19T16:33:16+00:00,0.0,32.0,214.8,NOT CHARGING,0.43753555555599993,0.0
2020-02-19T16:33:20+00:00,0.0,32.0,214.9,NOT CHARGING,0.43753555555599993,0.0
2020-02-19T16:33:24+00:00,0.0,32.0,214.8,NOT CHARGING,0.43753555555599993,0.0
2020-02-19T16:33:28+00:00,0.0,32.0,214.8,NOT CHARGING,0.43753555555599993,0.0
2020-02-19T16:33:32+00:00,0.0,32.0,214.9,NOT CHARGING,0.43753555555599993,0.0
2020-02-19T16:33:36+00:00,0.0,32.0,214.8,NOT CHARGING,0.43753555555599993,0.0
2020-02-19T16:33:40+00:00,0.0,32.0,214.8,NOT CHARGING,0.43753555555599993,0.0
2020-02-19T16:33:44+00:00,0.0,32.0,214.8,NOT CHARGING,0.43753555555599993,0.0
2020-02-19T16:33:48+00:00,0.0,32.0,214.8,NOT CHARGING,0.43753555555599993,0.0
2020-02-19T16:33:52+00:00,0.0,32.0,214.9,NOT CHARGING,0.43753555555599993,0.0
2020-02-19T16:33:56+00:00,0.0,32.0,214.9,NOT CHARGING,0.43753555555599993,0.0
2020-02-19T16:34:00+00:00,0.0,32.0,214.9,NOT CHARGING,0.43753555555599993,0.0
2020-02-19T16:34:04+00:00,0.0,32.0,214.8,NOT CHARGING,0.43753555555599993,0.0
2020-02-19T16:34:07+00:00,0.0,32.0,214.9,NOT CHARGING,0.43753555555599993,0.0
2020-02-19T16:34:11+00:00,0.0,32.0,215.0,NOT CHARGING,0.43753555555599993,0.0
2020-02-19T16:34:15+00:00,0.0,32.0,214.9,NOT CHARGING,0.43753555555599993,0.0
2020-02-19T16:34:19+00:00,0.0,32.0,215.0,NOT CHARGING,0.43753555555599993,0.0
2020-02-19T16:34:23+00:00,0.0,32.0,214.8,NOT CHARGING,0.43753555555599993,0.0
2020-02-19T16:34:27+00:00,0.0,32.0,214.9,NOT CHARGING,0.43753555555599993,0.0
2020-02-19T16:34:31+00:00,0.0,32.0,214.8,NOT CHARGING,0.43753555555599993,0.0
2020-02-19T16:34:35+00:00,0.0,32.0,214.9,NOT CHARGING,0.43753555555599993,0.0
2020-02-19T16:34:39+00:00,0.0,32.0,214.8,NOT CHARGING,0.43753555555599993,0.0
2020-02-19T16:34:43+00:00,0.0,32.0,214.8,NOT CHARGING,0.43753555555599993,0.0
2020-02-19T16:34:47+00:00,0.0,32.0,214.9,NOT CHARGING,0.43753555555599993,0.0
2020-02-19T16:34:51+00:00,0.0,32.0,214.7,NOT CHARGING,0.43753555555599993,0.0
2020-02-19T16:34:55+00:00,0.0,32.0,215.0,NOT CHARGING,0.43753555555599993,0.0
2020-02-19T16:34:59+00:00,0.0,32.0,214.9,NOT CHARGING,0.43753555555599993,0.0
2020-02-19T16:35:03+00:00,0.0,32.0,214.9,NOT CHARGING,0.43753555555599993,0.0
2020-02-19T16:35:07+00:00,0.0,32.0,214.9,NOT CHARGING,0.43753555555599993,0.0
2020-02-19T16:35:11+00:00,0.0,32.0,214.9,NOT CHARGING,0.43753555555599993,0.0
2020-02-19T16:35:14+00:00,0.0,32.0,215.0,NOT CHARGING,0.43753555555599993,0.0
2020-02-19T16:35:18+00:00,0.0,32.0,215.0,NOT CHARGING,0.43753555555599993,0.0
2020-02-19T16:35:22+00:00,0.0,32.0,214.9,NOT CHARGING,0.43753555555599993,0.0
2020-02-19T16:35:26+00:00,0.0,32.0,214.8,NOT CHARGING,0.43753555555599993,0.0
2020-02-19T16:35:30+00:00,0.0,32.0,215.0,NOT CHARGING,0.43753555555599993,0.0
2020-02-19T16:35:34+00:00,0.0,32.0,215.0,NOT CHARGING,0.43753555555599993,0.0
2020-02-19T16:35:38+00:00,0.0,32.0,215.0,NOT CHARGING,0.43753555555599993,0.0
2020-02-19T16:35:42+00:00,0.0,32.0,215.1,NOT CHARGING,0.43753555555599993,0.0
2020-02-19T16:35:46+00:00,0.0,32.0,215.0,NOT CHARGING,0.43753555555599993,0.0
2020-02-19T16:35:50+00:00,0.0,32.0,215.0,NOT CHARGING,0.43753555555599993,0.0
2020-02-19T16:35:54+00:00,0.0,32.0,215.0,NOT CHARGING,0.43753555555599993,0.0
2020-02-19T16:35:58+00:00,0.0,32.0,215.1,NOT CHARGING,0.43753555555599993,0.0
2020-02-19T16:36:02+00:00,0.0,32.0,215.1,NOT CHARGING,0.43753555555599993,0.0
2020-02-19T16:36:06+00:00,0.0,32.0,215.0,NOT CHARGING,0.43753555555599993,0.0
2020-02-19T16:36:10+00:00,0.0,32.0,215.0,NOT CHARGING,0.43753555555599993,0.0
2020-02-19T16:36:14+00:00,0.0,32.0,215.0,NOT CHARGING,0.43753555555599993,0.0
2020-02-19T16:36:18+00:00,0.0,32.0,215.0,NOT CHARGING,0.43753555555599993,0.0
2020-02-19T16:36:21+00:00,0.0,32.0,215.1,NOT CHARGING,0.43753555555599993,0.0
2020-02-19T16:36:25+00:00,0.0,32.0,215.1,NOT CHARGING,0.43753555555599993,0.0
2020-02-19T16:36:29+00:00,0.0,32.0,215.0,NOT CHARGING,0.43753555555599993,0.0
2020-02-19T16:36:33+00:00,0.0,32.0,215.0,NOT CHARGING,0.43753555555599993,0.0
2020-02-19T16:36:37+00:00,0.0,32.0,215.0,NOT CHARGING,0.43753555555599993,0.0
2020-02-19T16:36:41+00:00,0.0,32.0,215.0,NOT CHARGING,0.43753555555599993,0.0
2020-02-19T16:36:45+00:00,0.0,32.0,215.1,NOT CHARGING,0.43753555555599993,0.0
2020-02-19T16:36:49+00:00,0.0,32.0,215.0,NOT CHARGING,0.43753555555599993,0.0
2020-02-19T16:36:53+00:00,0.0,32.0,215.0,NOT CHARGING,0.43753555555599993,0.0
2020-02-19T16:36:57+00:00,0.0,32.0,215.0,NOT CHARGING,0.43753555555599993,0.0
2020-02-19T16:37:01+00:00,0.0,32.0,215.0,NOT CHARGING,0.43753555555599993,0.0
2020-02-19T16:37:05+00:00,0.0,32.0,214.9,NOT CHARGING,0.43753555555599993,0.0
2020-02-19T16:37:09+00:00,0.0,32.0,215.0,NOT CHARGING,0.43753555555599993,0.0
2020-02-19T16:37:13+00:00,0.0,32.0,215.0,NOT CHARGING,0.43753555555599993,0.0
2020-02-19T16:37:17+00:00,0.0,32.0,215.0,NOT CHARGING,0.43753555555599993,0.0
2020-02-19T16:37:21+00:00,0.0,32.0,215.0,NOT CHARGING,0.43753555555599993,0.0
2020-02-19T16:37:25+00:00,0.0,32.0,215.0,NOT CHARGING,0.43753555555599993,0.0
2020-02-19T16:37:28+00:00,0.0,32.0,215.0,NOT CHARGING,0.43753555555599993,0.0
2020-02-19T16:37:32+00:00,0.0,32.0,215.0,NOT CHARGING,0.43753555555599993,0.0
2020-02-19T16:37:36+00:00,0.0,32.0,215.0,NOT CHARGING,0.43753555555599993,0.0
2020-02-19T16:37:40+00:00,0.0,32.0,215.0,NOT CHARGING,0.43753555555599993,0.0
2020-02-19T16:37:44+00:00,0.0,32.0,215.0,NOT CHARGING,0.43753555555599993,0.0
2020-02-19T16:37:48+00:00,0.0,32.0,215.0,NOT CHARGING,0.43753555555599993,0.0
2020-02-19T16:37:52+00:00,0.0,32.0,215.0,NOT CHARGING,0.43753555555599993,0.0
2020-02-19T16:37:56+00:00,0.0,32.0,215.0,NOT CHARGING,0.43753555555599993,0.0
2020-02-19T16:38:00+00:00,0.0,32.0,215.0,NOT CHARGING,0.43753555555599993,0.0
2020-02-19T16:38:04+00:00,0.0,32.0,215.0,NOT CHARGING,0.43753555555599993,0.0
2020-02-19T16:38:08+00:00,0.0,32.0,215.0,NOT CHARGING,0.43753555555599993,0.0
2020-02-19T16:38:12+00:00,0.0,32.0,215.0,NOT CHARGING,0.43753555555599993,0.0
2020-02-19T16:38:16+00:00,0.0,32.0,214.9,NOT CHARGING,0.43753555555599993,0.0
2020-02-19T16:38:20+00:00,0.0,32.0,215.0,NOT CHARGING,0.43753555555599993,0.0
2020-02-19T16:38:24+00:00,0.0,32.0,215.0,NOT CHARGING,0.43753555555599993,0.0
2020-02-19T16:38:28+00:00,0.0,32.0,215.0,NOT CHARGING,0.43753555555599993,0.0
2020-02-19T16:38:32+00:00,0.0,32.0,215.0,NOT CHARGING,0.43753555555599993,0.0
2020-02-19T16:38:35+00:00,0.0,32.0,215.0,NOT CHARGING,0.43753555555599993,0.0
2020-02-19T16:38:39+00:00,0.0,32.0,215.0,NOT CHARGING,0.43753555555599993,0.0
2020-02-19T16:38:43+00:00,0.0,32.0,215.1,NOT CHARGING,0.43753555555599993,0.0
2020-02-19T16:38:47+00:00,0.0,32.0,215.0,NOT CHARGING,0.43753555555599993,0.0
2020-02-19T16:38:51+00:00,0.0,32.0,215.1,NOT CHARGING,0.43753555555599993,0.0
2020-02-19T16:38:55+00:00,0.0,32.0,215.0,NOT CHARGING,0.43753555555599993,0.0
2020-02-19T16:38:59+00:00,0.0,32.0,215.0,NOT CHARGING,0.43753555555599993,0.0
2020-02-19T16:39:03+00:00,0.0,32.0,215.0,NOT CHARGING,0.43753555555599993,0.0
2020-02-19T16:39:07+00:00,0.0,32.0,215.1,NOT CHARGING,0.43753555555599993,0.0
2020-02-19T16:39:11+00:00,0.0,32.0,215.0,NOT CHARGING,0.43753555555599993,0.0
2020-02-19T16:39:15+00:00,0.0,32.0,215.1,NOT CHARGING,0.43753555555599993,0.0
2020-02-19T16:39:19+00:00,0.0,32.0,215.1,NOT CHARGING,0.43753555555599993,0.0
2020-02-19T16:39:23+00:00,0.0,32.0,215.0,NOT CHARGING,0.43753555555599993,0.0
2020-02-19T16:39:27+00:00,0.0,32.0,215.1,NOT CHARGING,0.43753555555599993,0.0
2020-02-19T16:39:31+00:00,0.0,32.0,215.0,NOT CHARGING,0.43753555555599993,0.0
2020-02-19T16:39:35+00:00,0.0,32.0,215.1,NOT CHARGING,0.43753555555599993,0.0
2020-02-19T16:39:39+00:00,0.0,32.0,215.0,NOT CHARGING,0.43753555555599993,0.0
2020-02-19T16:39:42+00:00,0.0,32.0,215.0,NOT CHARGING,0.43753555555599993,0.0
2020-02-19T16:39:46+00:00,0.0,32.0,215.0,NOT CHARGING,0.43753555555599993,0.0
2020-02-19T16:39:50+00:00,0.0,32.0,215.0,NOT CHARGING,0.43753555555599993,0.0
2020-02-19T16:39:54+00:00,0.0,32.0,215.0,NOT CHARGING,0.43753555555599993,0.0
2020-02-19T16:39:58+00:00,0.0,32.0,215.0,NOT CHARGING,0.43753555555599993,0.0
2020-02-19T16:40:02+00:00,0.0,32.0,215.0,NOT CHARGING,0.43753555555599993,0.0
2020-02-19T16:40:06+00:00,0.0,32.0,215.0,NOT CHARGING,0.43753555555599993,0.0
2020-02-19T16:40:10+00:00,0.0,32.0,215.0,NOT CHARGING,0.43753555555599993,0.0
2020-02-19T16:40:14+00:00,0.0,32.0,215.0,NOT CHARGING,0.43753555555599993,0.0
2020-02-19T16:40:18+00:00,0.0,32.0,214.9,NOT CHARGING,0.43753555555599993,0.0
2020-02-19T16:40:22+00:00,0.0,32.0,215.0,NOT CHARGING,0.43753555555599993,0.0
2020-02-19T16:40:26+00:00,0.0,32.0,215.0,NOT CHARGING,0.43753555555599993,0.0
2020-02-19T16:40:30+00:00,0.0,32.0,214.9,NOT CHARGING,0.43753555555599993,0.0
2020-02-19T16:40:34+00:00,0.0,32.0,215.0,NOT CHARGING,0.43753555555599993,0.0
2020-02-19T16:40:38+00:00,0.0,32.0,215.0,NOT CHARGING,0.43753555555599993,0.0
2020-02-19T16:40:42+00:00,0.0,32.0,215.0,NOT CHARGING,0.43753555555599993,0.0
2020-02-19T16:40:46+00:00,0.0,32.0,215.0,NOT CHARGING,0.43753555555599993,0.0
2020-02-19T16:40:49+00:00,0.0,32.0,215.0,NOT CHARGING,0.43753555555599993,0.0
2020-02-19T16:40:53+00:00,0.0,32.0,215.0,NOT CHARGING,0.43753555555599993,0.0
2020-02-19T16:40:57+00:00,0.0,32.0,215.1,NOT CHARGING,0.43753555555599993,0.0
2020-02-19T16:41:01+00:00,0.0,32.0,214.9,NOT CHARGING,0.43753555555599993,0.0
2020-02-19T16:41:05+00:00,0.0,32.0,215.0,NOT CHARGING,0.43753555555599993,0.0
2020-02-19T16:41:09+00:00,0.0,32.0,214.9,NOT CHARGING,0.43753555555599993,0.0
2020-02-19T16:41:13+00:00,0.0,32.0,215.0,NOT CHARGING,0.43753555555599993,0.0
2020-02-19T16:41:17+00:00,0.0,32.0,215.0,NOT CHARGING,0.43753555555599993,0.0
2020-02-19T16:41:21+00:00,0.0,32.0,214.9,NOT CHARGING,0.43753555555599993,0.0
2020-02-19T16:41:25+00:00,0.0,32.0,215.0,NOT CHARGING,0.43753555555599993,0.0
2020-02-19T16:41:29+00:00,0.0,32.0,215.0,NOT CHARGING,0.43753555555599993,0.0
2020-02-19T16:41:33+00:00,0.0,32.0,214.9,NOT CHARGING,0.43753555555599993,0.0
2020-02-19T16:41:37+00:00,0.0,32.0,214.9,NOT CHARGING,0.43753555555599993,0.0
2020-02-19T16:41:41+00:00,0.0,32.0,215.1,NOT CHARGING,0.43753555555599993,0.0
2020-02-19T16:41:45+00:00,0.0,32.0,215.1,NOT CHARGING,0.43753555555599993,0.0
2020-02-19T16:41:49+00:00,0.0,32.0,215.1,NOT CHARGING,0.43753555555599993,0.0
2020-02-19T16:41:53+00:00,0.0,32.0,215.0,NOT CHARGING,0.43753555555599993,0.0
2020-02-19T16:41:56+00:00,0.0,32.0,215.0,NOT CHARGING,0.43753555555599993,0.0
2020-02-19T16:42:00+00:00,0.0,32.0,215.0,NOT CHARGING,0.43753555555599993,0.0
2020-02-19T16:42:04+00:00,0.0,32.0,215.0,NOT CHARGING,0.43753555555599993,0.0
2020-02-19T16:42:08+00:00,0.0,32.0,215.0,NOT CHARGING,0.43753555555599993,0.0
2020-02-19T16:42:12+00:00,0.0,32.0,215.0,NOT CHARGING,0.43753555555599993,0.0
2020-02-19T16:42:16+00:00,0.0,32.0,215.0,NOT CHARGING,0.43753555555599993,0.0
2020-02-19T16:42:20+00:00,0.0,32.0,215.2,NOT CHARGING,0.43753555555599993,0.0
2020-02-19T16:42:24+00:00,0.0,32.0,215.0,NOT CHARGING,0.43753555555599993,0.0
2020-02-19T16:42:28+00:00,0.0,32.0,215.0,NOT CHARGING,0.43753555555599993,0.0
2020-02-19T16:42:32+00:00,0.0,32.0,215.0,NOT CHARGING,0.43753555555599993,0.0
2020-02-19T16:42:36+00:00,0.0,32.0,215.0,NOT CHARGING,0.43753555555599993,0.0
2020-02-19T16:42:40+00:00,0.0,32.0,215.0,NOT CHARGING,0.43753555555599993,0.0
2020-02-19T16:42:44+00:00,0.0,32.0,215.0,NOT CHARGING,0.43753555555599993,0.0
2020-02-19T16:42:48+00:00,0.0,32.0,215.0,NOT CHARGING,0.43753555555599993,0.0
2020-02-19T16:42:52+00:00,0.0,32.0,215.1,NOT CHARGING,0.43753555555599993,0.0
2020-02-19T16:42:56+00:00,0.0,32.0,215.0,NOT CHARGING,0.43753555555599993,0.0
2020-02-19T16:43:00+00:00,0.0,32.0,215.0,NOT CHARGING,0.43753555555599993,0.0
2020-02-19T16:43:03+00:00,0.0,32.0,215.0,NOT CHARGING,0.43753555555599993,0.0
2020-02-19T16:43:07+00:00,0.0,32.0,215.0,NOT CHARGING,0.43753555555599993,0.0
2020-02-19T16:43:11+00:00,0.0,32.0,215.1,NOT CHARGING,0.43753555555599993,0.0
2020-02-19T16:43:15+00:00,0.0,32.0,215.1,NOT CHARGING,0.43753555555599993,0.0
2020-02-19T16:43:19+00:00,0.0,32.0,215.0,NOT CHARGING,0.43753555555599993,0.0
2020-02-19T16:43:23+00:00,0.0,32.0,215.1,NOT CHARGING,0.43753555555599993,0.0
2020-02-19T16:43:27+00:00,0.0,32.0,215.0,NOT CHARGING,0.43753555555599993,0.0
2020-02-19T16:43:31+00:00,0.0,32.0,215.0,NOT CHARGING,0.43753555555599993,0.0
2020-02-19T16:43:35+00:00,0.0,32.0,215.1,NOT CHARGING,0.43753555555599993,0.0
2020-02-19T16:43:39+00:00,0.0,32.0,215.0,NOT CHARGING,0.43753555555599993,0.0
2020-02-19T16:43:43+00:00,0.0,32.0,215.1,NOT CHARGING,0.43753555555599993,0.0
2020-02-19T16:43:47+00:00,0.0,32.0,215.0,NOT CHARGING,0.43753555555599993,0.0
2020-02-19T16:43:51+00:00,0.0,32.0,215.0,NOT CHARGING,0.43753555555599993,0.0
2020-02-19T16:43:55+00:00,0.0,32.0,215.1,NOT CHARGING,0.43753555555599993,0.0
2020-02-19T16:43:59+00:00,0.0,32.0,215.0,NOT CHARGING,0.43753555555599993,0.0
2020-02-19T16:44:03+00:00,0.0,32.0,215.0,NOT CHARGING,0.43753555555599993,0.0
2020-02-19T16:44:07+00:00,0.0,32.0,215.1,NOT CHARGING,0.43753555555599993,0.0
2020-02-19T16:44:10+00:00,0.0,32.0,215.0,NOT CHARGING,0.43753555555599993,0.0
2020-02-19T16:44:14+00:00,0.0,32.0,215.0,NOT CHARGING,0.43753555555599993,0.0
2020-02-19T16:44:18+00:00,0.0,32.0,215.0,NOT CHARGING,0.43753555555599993,0.0
2020-02-19T16:44:22+00:00,0.0,32.0,215.0,NOT CHARGING,0.43753555555599993,0.0
2020-02-19T16:44:26+00:00,0.0,32.0,215.0,NOT CHARGING,0.43753555555599993,0.0
2020-02-19T16:44:30+00:00,0.0,32.0,215.0,NOT CHARGING,0.43753555555599993,0.0
2020-02-19T16:44:34+00:00,0.0,32.0,215.0,NOT CHARGING,0.43753555555599993,0.0
2020-02-19T16:44:38+00:00,0.0,32.0,215.0,NOT CHARGING,0.43753555555599993,0.0
2020-02-19T16:44:42+00:00,0.0,32.0,215.0,NOT CHARGING,0.43753555555599993,0.0
2020-02-19T16:44:46+00:00,0.0,32.0,215.0,NOT CHARGING,0.43753555555599993,0.0
2020-02-19T16:44:50+00:00,0.0,32.0,214.9,NOT CHARGING,0.43753555555599993,0.0
2020-02-19T16:44:54+00:00,0.0,32.0,215.0,NOT CHARGING,0.43753555555599993,0.0
2020-02-19T16:44:58+00:00,0.0,32.0,215.0,NOT CHARGING,0.43753555555599993,0.0
2020-02-19T16:45:02+00:00,0.0,32.0,215.0,NOT CHARGING,0.43753555555599993,0.0
2020-02-19T16:45:06+00:00,0.0,32.0,215.0,NOT CHARGING,0.43753555555599993,0.0
2020-02-19T16:45:10+00:00,0.0,32.0,215.0,NOT CHARGING,0.43753555555599993,0.0
2020-02-19T16:45:14+00:00,0.0,32.0,215.0,NOT CHARGING,0.43753555555599993,0.0
2020-02-19T16:45:17+00:00,0.0,32.0,215.0,NOT CHARGING,0.43753555555599993,0.0
2020-02-19T16:45:21+00:00,0.0,32.0,214.9,NOT CHARGING,0.43753555555599993,0.0
2020-02-19T16:45:25+00:00,0.0,32.0,214.9,NOT CHARGING,0.43753555555599993,0.0
2020-02-19T16:45:29+00:00,0.0,32.0,214.9,NOT CHARGING,0.43753555555599993,0.0
2020-02-19T16:45:33+00:00,0.0,32.0,214.9,NOT CHARGING,0.43753555555599993,0.0
2020-02-19T16:45:37+00:00,0.0,32.0,214.9,NOT CHARGING,0.43753555555599993,0.0
2020-02-19T16:45:41+00:00,0.0,32.0,215.0,NOT CHARGING,0.43753555555599993,0.0
2020-02-19T16:45:45+00:00,0.0,32.0,215.0,NOT CHARGING,0.43753555555599993,0.0
2020-02-19T16:45:49+00:00,0.0,32.0,215.0,NOT CHARGING,0.43753555555599993,0.0
2020-02-19T16:45:53+00:00,0.0,32.0,215.0,NOT CHARGING,0.43753555555599993,0.0
2020-02-19T16:45:57+00:00,0.0,32.0,214.8,NOT CHARGING,0.43753555555599993,0.0
2020-02-19T16:46:01+00:00,0.0,32.0,214.8,NOT CHARGING,0.43753555555599993,0.0
2020-02-19T16:46:05+00:00,0.0,32.0,214.8,NOT CHARGING,0.43753555555599993,0.0
2020-02-19T16:46:09+00:00,0.0,32.0,214.9,NOT CHARGING,0.43753555555599993,0.0
2020-02-19T16:46:13+00:00,0.0,32.0,214.7,NOT CHARGING,0.43753555555599993,0.0
2020-02-19T16:46:17+00:00,0.0,32.0,214.9,NOT CHARGING,0.43753555555599993,0.0
2020-02-19T16:46:20+00:00,0.0,32.0,214.8,NOT CHARGING,0.43753555555599993,0.0
2020-02-19T16:46:24+00:00,0.0,32.0,215.0,NOT CHARGING,0.43753555555599993,0.0
2020-02-19T16:46:28+00:00,0.0,32.0,214.8,NOT CHARGING,0.43753555555599993,0.0
2020-02-19T16:46:32+00:00,0.0,32.0,214.9,NOT CHARGING,0.43753555555599993,0.0
2020-02-19T16:46:36+00:00,0.0,32.0,214.8,NOT CHARGING,0.43753555555599993,0.0
2020-02-19T16:46:40+00:00,0.0,32.0,214.8,NOT CHARGING,0.43753555555599993,0.0
2020-02-19T16:46:44+00:00,0.0,32.0,214.8,NOT CHARGING,0.43753555555599993,0.0
2020-02-19T16:46:48+00:00,0.0,32.0,214.8,NOT CHARGING,0.43753555555599993,0.0
2020-02-19T16:46:52+00:00,0.0,32.0,214.8,NOT CHARGING,0.43753555555599993,0.0
2020-02-19T16:46:56+00:00,0.0,32.0,214.8,NOT CHARGING,0.43753555555599993,0.0
2020-02-19T16:47:00+00:00,0.0,32.0,214.9,NOT CHARGING,0.43753555555599993,0.0
2020-02-19T16:47:04+00:00,0.0,32.0,214.9,NOT CHARGING,0.43753555555599993,0.0
2020-02-19T16:47:08+00:00,0.0,32.0,214.8,NOT CHARGING,0.43753555555599993,0.0
2020-02-19T16:47:12+00:00,0.0,32.0,214.9,NOT CHARGING,0.43753555555599993,0.0
2020-02-19T16:47:16+00:00,0.0,32.0,214.9,NOT CHARGING,0.43753555555599993,0.0
2020-02-19T16:47:20+00:00,0.0,32.0,214.9,NOT CHARGING,0.43753555555599993,0.0
2020-02-19T16:47:24+00:00,0.0,32.0,215.0,NOT CHARGING,0.43753555555599993,0.0
2020-02-19T16:47:27+00:00,0.0,32.0,215.0,NOT CHARGING,0.43753555555599993,0.0
2020-02-19T16:47:31+00:00,0.0,32.0,215.0,NOT CHARGING,0.43753555555599993,0.0
2020-02-19T16:47:35+00:00,0.0,32.0,214.9,NOT CHARGING,0.43753555555599993,0.0
2020-02-19T16:47:39+00:00,0.0,32.0,215.0,NOT CHARGING,0.43753555555599993,0.0
2020-02-19T16:47:43+00:00,0.0,32.0,215.0,NOT CHARGING,0.43753555555599993,0.0
2020-02-19T16:47:47+00:00,0.0,32.0,215.0,NOT CHARGING,0.43753555555599993,0.0
2020-02-19T16:47:51+00:00,0.0,32.0,215.0,NOT CHARGING,0.43753555555599993,0.0
2020-02-19T16:47:55+00:00,0.0,32.0,215.0,NOT CHARGING,0.43753555555599993,0.0
2020-02-19T16:47:59+00:00,0.0,32.0,215.0,NOT CHARGING,0.43753555555599993,0.0
2020-02-19T16:48:03+00:00,0.0,32.0,215.0,NOT CHARGING,0.43753555555599993,0.0
2020-02-19T16:48:07+00:00,0.0,32.0,215.1,NOT CHARGING,0.43753555555599993,0.0
2020-02-19T16:48:11+00:00,0.0,32.0,215.0,NOT CHARGING,0.43753555555599993,0.0
2020-02-19T16:48:15+00:00,0.0,32.0,215.1,NOT CHARGING,0.43753555555599993,0.0
2020-02-19T16:48:19+00:00,0.0,32.0,215.0,NOT CHARGING,0.43753555555599993,0.0
2020-02-19T16:48:23+00:00,0.0,32.0,215.1,NOT CHARGING,0.43753555555599993,0.0
2020-02-19T16:48:27+00:00,0.0,32.0,215.0,NOT CHARGING,0.43753555555599993,0.0
2020-02-19T16:48:31+00:00,0.0,32.0,215.0,NOT CHARGING,0.43753555555599993,0.0
2020-02-19T16:48:35+00:00,0.0,32.0,215.0,NOT CHARGING,0.43753555555599993,0.0
2020-02-19T16:48:38+00:00,0.0,32.0,215.1,NOT CHARGING,0.43753555555599993,0.0
2020-02-19T16:48:42+00:00,0.0,32.0,215.0,NOT CHARGING,0.43753555555599993,0.0
2020-02-19T16:48:46+00:00,0.0,32.0,215.0,NOT CHARGING,0.43753555555599993,0.0
2020-02-19T16:48:50+00:00,0.0,32.0,215.0,NOT CHARGING,0.43753555555599993,0.0
2020-02-19T16:48:54+00:00,0.0,32.0,215.0,NOT CHARGING,0.43753555555599993,0.0
2020-02-19T16:48:58+00:00,0.0,32.0,215.0,NOT CHARGING,0.43753555555599993,0.0
2020-02-19T16:49:02+00:00,0.0,32.0,214.9,NOT CHARGING,0.43753555555599993,0.0
2020-02-19T16:49:06+00:00,0.0,32.0,215.1,NOT CHARGING,0.43753555555599993,0.0
2020-02-19T16:49:10+00:00,0.0,32.0,215.0,NOT CHARGING,0.43753555555599993,0.0
2020-02-19T16:49:14+00:00,0.0,32.0,215.0,NOT CHARGING,0.43753555555599993,0.0
2020-02-19T16:49:18+00:00,0.0,32.0,215.0,NOT CHARGING,0.43753555555599993,0.0
2020-02-19T16:49:22+00:00,0.0,32.0,215.1,NOT CHARGING,0.43753555555599993,0.0
2020-02-19T16:49:26+00:00,0.0,32.0,215.0,NOT CHARGING,0.43753555555599993,0.0
2020-02-19T16:49:30+00:00,0.0,32.0,215.0,NOT CHARGING,0.43753555555599993,0.0
2020-02-19T16:49:34+00:00,0.0,32.0,215.0,NOT CHARGING,0.43753555555599993,0.0
2020-02-19T16:49:38+00:00,0.0,32.0,215.0,NOT CHARGING,0.43753555555599993,0.0
2020-02-19T16:49:42+00:00,0.0,32.0,215.0,NOT CHARGING,0.43753555555599993,0.0
2020-02-19T16:49:45+00:00,0.0,32.0,215.1,NOT CHARGING,0.43753555555599993,0.0
2020-02-19T16:49:49+00:00,0.0,32.0,215.2,NOT CHARGING,0.43753555555599993,0.0
2020-02-19T16:49:53+00:00,0.0,32.0,215.1,NOT CHARGING,0.43753555555599993,0.0
2020-02-19T16:49:57+00:00,0.0,32.0,215.1,NOT CHARGING,0.43753555555599993,0.0
2020-02-19T16:50:01+00:00,0.0,32.0,215.2,NOT CHARGING,0.43753555555599993,0.0
2020-02-19T16:50:05+00:00,0.0,32.0,215.2,NOT CHARGING,0.43753555555599993,0.0
2020-02-19T16:50:09+00:00,0.0,32.0,215.2,NOT CHARGING,0.43753555555599993,0.0
2020-02-19T16:50:13+00:00,0.0,32.0,215.0,NOT CHARGING,0.43753555555599993,0.0
2020-02-19T16:50:17+00:00,0.0,32.0,215.0,NOT CHARGING,0.43753555555599993,0.0
2020-02-19T16:50:21+00:00,0.0,32.0,215.0,NOT CHARGING,0.43753555555599993,0.0
2020-02-19T16:50:25+00:00,0.0,32.0,215.1,NOT CHARGING,0.43753555555599993,0.0
2020-02-19T16:50:29+00:00,0.0,32.0,215.0,NOT CHARGING,0.43753555555599993,0.0
2020-02-19T16:50:33+00:00,0.0,32.0,215.0,NOT CHARGING,0.43753555555599993,0.0
2020-02-19T16:50:37+00:00,0.0,32.0,215.0,NOT CHARGING,0.43753555555599993,0.0
2020-02-19T16:50:41+00:00,0.0,32.0,215.0,NOT CHARGING,0.43753555555599993,0.0
2020-02-19T16:50:45+00:00,0.0,32.0,215.0,NOT CHARGING,0.43753555555599993,0.0
2020-02-19T16:50:48+00:00,0.0,32.0,215.0,NOT CHARGING,0.43753555555599993,0.0
2020-02-19T16:50:52+00:00,0.0,32.0,214.9,NOT CHARGING,0.43753555555599993,0.0
2020-02-19T16:50:56+00:00,0.0,32.0,214.9,NOT CHARGING,0.43753555555599993,0.0
2020-02-19T16:51:00+00:00,0.0,32.0,215.0,NOT CHARGING,0.43753555555599993,0.0
2020-02-19T16:51:04+00:00,0.0,32.0,214.9,NOT CHARGING,0.43753555555599993,0.0
2020-02-19T16:51:08+00:00,0.0,32.0,215.0,NOT CHARGING,0.43753555555599993,0.0
2020-02-19T16:51:12+00:00,0.0,32.0,215.0,NOT CHARGING,0.43753555555599993,0.0
2020-02-19T16:51:16+00:00,0.0,32.0,215.0,NOT CHARGING,0.43753555555599993,0.0
2020-02-19T16:51:20+00:00,0.0,32.0,215.0,NOT CHARGING,0.43753555555599993,0.0
2020-02-19T16:51:24+00:00,0.0,32.0,215.0,NOT CHARGING,0.43753555555599993,0.0
2020-02-19T16:51:28+00:00,0.0,32.0,214.9,NOT CHARGING,0.43753555555599993,0.0
2020-02-19T16:51:32+00:00,0.0,32.0,215.0,NOT CHARGING,0.43753555555599993,0.0
2020-02-19T16:51:36+00:00,0.0,32.0,215.0,NOT CHARGING,0.43753555555599993,0.0
2020-02-19T16:51:40+00:00,0.0,32.0,215.0,NOT CHARGING,0.43753555555599993,0.0
2020-02-19T16:51:44+00:00,0.0,32.0,215.0,NOT CHARGING,0.43753555555599993,0.0
2020-02-19T16:51:48+00:00,0.0,32.0,215.0,NOT CHARGING,0.43753555555599993,0.0
2020-02-19T16:51:52+00:00,0.0,32.0,215.1,NOT CHARGING,0.43753555555599993,0.0
2020-02-19T16:51:55+00:00,0.0,32.0,215.0,NOT CHARGING,0.43753555555599993,0.0
2020-02-19T16:51:59+00:00,0.0,32.0,214.9,NOT CHARGING,0.43753555555599993,0.0
2020-02-19T16:52:03+00:00,0.0,32.0,215.0,NOT CHARGING,0.43753555555599993,0.0
2020-02-19T16:52:07+00:00,0.0,32.0,215.0,NOT CHARGING,0.43753555555599993,0.0
2020-02-19T16:52:11+00:00,0.0,32.0,215.0,NOT CHARGING,0.43753555555599993,0.0
2020-02-19T16:52:15+00:00,0.0,32.0,215.0,NOT CHARGING,0.43753555555599993,0.0
2020-02-19T16:52:19+00:00,0.0,32.0,215.0,NOT CHARGING,0.43753555555599993,0.0
2020-02-19T16:52:23+00:00,0.0,32.0,215.0,NOT CHARGING,0.43753555555599993,0.0
2020-02-19T16:52:27+00:00,0.0,32.0,215.0,NOT CHARGING,0.43753555555599993,0.0
2020-02-19T16:52:31+00:00,0.0,32.0,215.0,NOT CHARGING,0.43753555555599993,0.0
2020-02-19T16:52:35+00:00,0.0,32.0,215.0,NOT CHARGING,0.43753555555599993,0.0
2020-02-19T16:52:39+00:00,0.0,32.0,215.0,NOT CHARGING,0.43753555555599993,0.0
2020-02-19T16:52:43+00:00,0.0,32.0,215.0,NOT CHARGING,0.43753555555599993,0.0
2020-02-19T16:52:47+00:00,0.0,32.0,215.0,NOT CHARGING,0.43753555555599993,0.0
2020-02-19T16:52:51+00:00,0.0,32.0,215.1,NOT CHARGING,0.43753555555599993,0.0
2020-02-19T16:52:55+00:00,0.0,32.0,215.0,NOT CHARGING,0.43753555555599993,0.0
2020-02-19T16:52:59+00:00,0.0,32.0,215.1,NOT CHARGING,0.43753555555599993,0.0
2020-02-19T16:53:02+00:00,0.0,32.0,215.0,NOT CHARGING,0.43753555555599993,0.0
2020-02-19T16:53:06+00:00,0.0,32.0,215.2,NOT CHARGING,0.43753555555599993,0.0
2020-02-19T16:53:10+00:00,0.0,32.0,215.1,NOT CHARGING,0.43753555555599993,0.0
2020-02-19T16:53:14+00:00,0.0,32.0,215.0,NOT CHARGING,0.43753555555599993,0.0
2020-02-19T16:53:18+00:00,0.0,32.0,215.1,NOT CHARGING,0.43753555555599993,0.0
2020-02-19T16:53:22+00:00,0.0,32.0,215.1,NOT CHARGING,0.43753555555599993,0.0
2020-02-19T16:53:26+00:00,0.0,32.0,215.0,NOT CHARGING,0.43753555555599993,0.0
2020-02-19T16:53:30+00:00,0.0,32.0,215.0,NOT CHARGING,0.43753555555599993,0.0
2020-02-19T16:53:34+00:00,0.0,32.0,215.1,NOT CHARGING,0.43753555555599993,0.0
2020-02-19T16:53:38+00:00,0.0,32.0,215.2,NOT CHARGING,0.43753555555599993,0.0
2020-02-19T16:53:42+00:00,0.0,32.0,215.1,NOT CHARGING,0.43753555555599993,0.0
2020-02-19T16:53:46+00:00,0.0,32.0,215.1,NOT CHARGING,0.43753555555599993,0.0
2020-02-19T16:53:50+00:00,0.0,32.0,215.1,NOT CHARGING,0.43753555555599993,0.0
2020-02-19T16:53:54+00:00,0.0,32.0,215.1,NOT CHARGING,0.43753555555599993,0.0
2020-02-19T16:53:58+00:00,0.0,32.0,215.1,NOT CHARGING,0.43753555555599993,0.0
2020-02-19T16:54:02+00:00,0.0,32.0,215.1,NOT CHARGING,0.43753555555599993,0.0
2020-02-19T16:54:06+00:00,0.0,32.0,215.1,NOT CHARGING,0.43753555555599993,0.0
2020-02-19T16:54:10+00:00,0.0,32.0,215.0,NOT CHARGING,0.43753555555599993,0.0
2020-02-19T16:54:13+00:00,0.0,32.0,215.1,NOT CHARGING,0.43753555555599993,0.0
2020-02-19T16:54:17+00:00,0.0,32.0,215.1,NOT CHARGING,0.43753555555599993,0.0
2020-02-19T16:54:21+00:00,0.0,32.0,215.2,NOT CHARGING,0.43753555555599993,0.0
2020-02-19T16:54:25+00:00,0.0,32.0,215.2,NOT CHARGING,0.43753555555599993,0.0
2020-02-19T16:54:29+00:00,0.0,32.0,215.2,NOT CHARGING,0.43753555555599993,0.0
2020-02-19T16:54:33+00:00,0.0,32.0,215.1,NOT CHARGING,0.43753555555599993,0.0
2020-02-19T16:54:37+00:00,0.0,32.0,215.2,NOT CHARGING,0.43753555555599993,0.0
2020-02-19T16:54:41+00:00,0.0,32.0,215.2,NOT CHARGING,0.43753555555599993,0.0
2020-02-19T16:54:45+00:00,0.0,32.0,215.1,NOT CHARGING,0.43753555555599993,0.0
2020-02-19T16:54:49+00:00,0.0,32.0,215.0,NOT CHARGING,0.43753555555599993,0.0
2020-02-19T16:54:53+00:00,0.0,32.0,215.2,NOT CHARGING,0.43753555555599993,0.0
2020-02-19T16:54:57+00:00,0.0,32.0,215.1,NOT CHARGING,0.43753555555599993,0.0
2020-02-19T16:55:01+00:00,0.0,32.0,215.2,NOT CHARGING,0.43753555555599993,0.0
2020-02-19T16:55:05+00:00,0.0,32.0,215.2,NOT CHARGING,0.43753555555599993,0.0
2020-02-19T16:55:09+00:00,0.0,32.0,215.2,NOT CHARGING,0.43753555555599993,0.0
2020-02-19T16:55:13+00:00,0.0,32.0,215.2,NOT CHARGING,0.43753555555599993,0.0
2020-02-19T16:55:16+00:00,0.0,32.0,215.2,NOT CHARGING,0.43753555555599993,0.0
2020-02-19T16:55:20+00:00,0.0,32.0,215.2,NOT CHARGING,0.43753555555599993,0.0
2020-02-19T16:55:24+00:00,0.0,32.0,215.2,NOT CHARGING,0.43753555555599993,0.0
2020-02-19T16:55:28+00:00,0.0,32.0,215.2,NOT CHARGING,0.43753555555599993,0.0
2020-02-19T16:55:32+00:00,0.0,32.0,215.2,NOT CHARGING,0.43753555555599993,0.0
2020-02-19T16:55:36+00:00,0.0,32.0,215.2,NOT CHARGING,0.43753555555599993,0.0
2020-02-19T16:55:40+00:00,0.0,32.0,215.2,NOT CHARGING,0.43753555555599993,0.0
2020-02-19T16:55:44+00:00,0.0,32.0,215.2,NOT CHARGING,0.43753555555599993,0.0
2020-02-19T16:55:48+00:00,0.0,32.0,215.2,NOT CHARGING,0.43753555555599993,0.0
2020-02-19T16:55:52+00:00,0.0,32.0,215.2,NOT CHARGING,0.43753555555599993,0.0
2020-02-19T16:55:56+00:00,0.0,32.0,215.2,NOT CHARGING,0.43753555555599993,0.0
2020-02-19T16:56:00+00:00,0.0,32.0,215.2,NOT CHARGING,0.43753555555599993,0.0
2020-02-19T16:56:04+00:00,0.0,32.0,215.3,NOT CHARGING,0.43753555555599993,0.0
2020-02-19T16:56:08+00:00,0.0,32.0,215.2,NOT CHARGING,0.43753555555599993,0.0
2020-02-19T16:56:12+00:00,0.0,32.0,215.2,NOT CHARGING,0.43753555555599993,0.0
2020-02-19T16:56:16+00:00,0.0,32.0,215.2,NOT CHARGING,0.43753555555599993,0.0
2020-02-19T16:56:20+00:00,0.0,32.0,215.2,NOT CHARGING,0.43753555555599993,0.0
2020-02-19T16:56:23+00:00,0.0,32.0,215.2,NOT CHARGING,0.43753555555599993,0.0
2020-02-19T16:56:27+00:00,0.0,32.0,215.3,NOT CHARGING,0.43753555555599993,0.0
2020-02-19T16:56:31+00:00,0.0,32.0,215.2,NOT CHARGING,0.43753555555599993,0.0
2020-02-19T16:56:35+00:00,0.0,32.0,215.2,NOT CHARGING,0.43753555555599993,0.0
2020-02-19T16:56:39+00:00,0.0,32.0,215.2,NOT CHARGING,0.43753555555599993,0.0
2020-02-19T16:56:43+00:00,0.0,32.0,215.2,NOT CHARGING,0.43753555555599993,0.0
2020-02-19T16:56:47+00:00,0.0,32.0,215.2,NOT CHARGING,0.43753555555599993,0.0
2020-02-19T16:56:51+00:00,0.0,32.0,215.0,NOT CHARGING,0.43753555555599993,0.0
2020-02-19T16:56:55+00:00,0.0,32.0,215.2,NOT CHARGING,0.43753555555599993,0.0
2020-02-19T16:56:59+00:00,0.0,32.0,215.2,NOT CHARGING,0.43753555555599993,0.0
2020-02-19T16:57:03+00:00,0.0,32.0,215.2,NOT CHARGING,0.43753555555599993,0.0
2020-02-19T16:57:07+00:00,0.0,32.0,215.2,NOT CHARGING,0.43753555555599993,0.0
2020-02-19T16:57:11+00:00,0.0,32.0,215.2,NOT CHARGING,0.43753555555599993,0.0
2020-02-19T16:57:15+00:00,0.0,32.0,215.1,NOT CHARGING,0.43753555555599993,0.0
2020-02-19T16:57:19+00:00,0.0,32.0,215.2,NOT CHARGING,0.43753555555599993,0.0
2020-02-19T16:57:23+00:00,0.0,32.0,215.2,NOT CHARGING,0.43753555555599993,0.0
2020-02-19T16:57:27+00:00,0.0,32.0,215.2,NOT CHARGING,0.43753555555599993,0.0
2020-02-19T16:57:30+00:00,0.0,32.0,215.2,NOT CHARGING,0.43753555555599993,0.0
2020-02-19T16:57:34+00:00,0.0,32.0,215.2,NOT CHARGING,0.43753555555599993,0.0
2020-02-19T16:57:38+00:00,0.0,32.0,215.2,NOT CHARGING,0.43753555555599993,0.0
2020-02-19T16:57:42+00:00,0.0,32.0,215.2,NOT CHARGING,0.43753555555599993,0.0
2020-02-19T16:57:46+00:00,0.0,32.0,215.2,NOT CHARGING,0.43753555555599993,0.0
2020-02-19T16:57:50+00:00,0.0,32.0,215.2,NOT CHARGING,0.43753555555599993,0.0
2020-02-19T16:57:54+00:00,0.0,32.0,215.2,NOT CHARGING,0.43753555555599993,0.0
2020-02-19T16:57:58+00:00,0.0,32.0,215.3,NOT CHARGING,0.43753555555599993,0.0
2020-02-19T16:58:02+00:00,0.0,32.0,215.2,NOT CHARGING,0.43753555555599993,0.0
2020-02-19T16:58:06+00:00,0.0,32.0,215.2,NOT CHARGING,0.43753555555599993,0.0
2020-02-19T16:58:10+00:00,0.0,32.0,215.2,NOT CHARGING,0.43753555555599993,0.0
2020-02-19T16:58:14+00:00,0.0,32.0,215.2,NOT CHARGING,0.43753555555599993,0.0
2020-02-19T16:58:18+00:00,0.0,32.0,215.2,NOT CHARGING,0.43753555555599993,0.0
2020-02-19T16:58:22+00:00,0.0,32.0,215.2,NOT CHARGING,0.43753555555599993,0.0
2020-02-19T16:58:26+00:00,0.0,32.0,215.3,NOT CHARGING,0.43753555555599993,0.0
2020-02-19T16:58:30+00:00,0.0,32.0,215.4,NOT CHARGING,0.43753555555599993,0.0
2020-02-19T16:58:34+00:00,0.0,32.0,215.2,NOT CHARGING,0.43753555555599993,0.0
2020-02-19T16:58:37+00:00,0.0,32.0,215.2,NOT CHARGING,0.43753555555599993,0.0
2020-02-19T16:58:41+00:00,0.0,32.0,215.3,NOT CHARGING,0.43753555555599993,0.0
2020-02-19T16:58:45+00:00,0.0,32.0,215.2,NOT CHARGING,0.43753555555599993,0.0
2020-02-19T16:58:49+00:00,0.0,32.0,215.3,NOT CHARGING,0.43753555555599993,0.0
2020-02-19T16:58:53+00:00,0.0,32.0,215.2,NOT CHARGING,0.43753555555599993,0.0
2020-02-19T16:58:57+00:00,0.0,32.0,215.3,NOT CHARGING,0.43753555555599993,0.0
2020-02-19T16:59:01+00:00,0.0,32.0,215.3,NOT CHARGING,0.43753555555599993,0.0
2020-02-19T16:59:05+00:00,0.0,32.0,215.2,NOT CHARGING,0.43753555555599993,0.0
2020-02-19T16:59:09+00:00,0.0,32.0,215.2,NOT CHARGING,0.43753555555599993,0.0
2020-02-19T16:59:13+00:00,0.0,32.0,215.2,NOT CHARGING,0.43753555555599993,0.0
2020-02-19T16:59:17+00:00,0.0,32.0,215.2,NOT CHARGING,0.43753555555599993,0.0
2020-02-19T16:59:21+00:00,0.0,32.0,215.2,NOT CHARGING,0.43753555555599993,0.0
2020-02-19T16:59:25+00:00,0.0,32.0,215.2,NOT CHARGING,0.43753555555599993,0.0
2020-02-19T16:59:29+00:00,0.0,32.0,215.2,NOT CHARGING,0.43753555555599993,0.0
2020-02-19T16:59:33+00:00,0.0,32.0,215.2,NOT CHARGING,0.43753555555599993,0.0
2020-02-19T16:59:37+00:00,0.0,32.0,215.2,NOT CHARGING,0.43753555555599993,0.0
2020-02-19T16:59:41+00:00,0.0,32.0,215.2,NOT CHARGING,0.43753555555599993,0.0
2020-02-19T16:59:44+00:00,0.0,32.0,215.2,NOT CHARGING,0.43753555555599993,0.0
2020-02-19T16:59:48+00:00,0.0,32.0,215.3,NOT CHARGING,0.43753555555599993,0.0
2020-02-19T16:59:52+00:00,0.0,32.0,215.2,NOT CHARGING,0.43753555555599993,0.0
2020-02-19T16:59:56+00:00,0.0,32.0,215.2,NOT CHARGING,0.43753555555599993,0.0
2020-02-19T17:00:00+00:00,0.0,32.0,215.2,NOT CHARGING,0.43753555555599993,0.0
2020-02-19T17:00:04+00:00,0.0,32.0,215.2,NOT CHARGING,0.43753555555599993,0.0
2020-02-19T17:00:08+00:00,0.0,32.0,215.2,NOT CHARGING,0.43753555555599993,0.0
2020-02-19T17:00:12+00:00,0.0,32.0,215.2,NOT CHARGING,0.43753555555599993,0.0
2020-02-19T17:00:16+00:00,0.0,32.0,215.2,NOT CHARGING,0.43753555555599993,0.0
2020-02-19T17:00:20+00:00,0.0,32.0,215.1,NOT CHARGING,0.43753555555599993,0.0
2020-02-19T17:00:24+00:00,0.0,32.0,215.2,NOT CHARGING,0.43753555555599993,0.0
2020-02-19T17:00:28+00:00,0.0,32.0,215.1,NOT CHARGING,0.43753555555599993,0.0
2020-02-19T17:00:32+00:00,0.0,32.0,215.2,NOT CHARGING,0.43753555555599993,0.0
2020-02-19T17:00:36+00:00,0.0,32.0,215.2,NOT CHARGING,0.43753555555599993,0.0
2020-02-19T17:00:40+00:00,0.0,32.0,215.1,NOT CHARGING,0.43753555555599993,0.0
2020-02-19T17:00:44+00:00,0.0,32.0,215.0,NOT CHARGING,0.43753555555599993,0.0
2020-02-19T17:00:48+00:00,0.0,32.0,215.0,NOT CHARGING,0.43753555555599993,0.0
2020-02-19T17:00:51+00:00,0.0,32.0,215.0,NOT CHARGING,0.43753555555599993,0.0
2020-02-19T17:00:55+00:00,0.0,32.0,215.1,NOT CHARGING,0.43753555555599993,0.0
2020-02-19T17:00:59+00:00,0.0,32.0,214.8,NOT CHARGING,0.43753555555599993,0.0
2020-02-19T17:01:03+00:00,0.0,32.0,215.0,NOT CHARGING,0.43753555555599993,0.0
2020-02-19T17:01:07+00:00,0.0,32.0,215.0,NOT CHARGING,0.43753555555599993,0.0
2020-02-19T17:01:11+00:00,0.0,32.0,214.9,NOT CHARGING,0.43753555555599993,0.0
2020-02-19T17:01:15+00:00,0.0,32.0,214.8,NOT CHARGING,0.43753555555599993,0.0
2020-02-19T17:01:19+00:00,0.0,32.0,214.9,NOT CHARGING,0.43753555555599993,0.0
2020-02-19T17:01:23+00:00,0.0,32.0,214.9,NOT CHARGING,0.43753555555599993,0.0
2020-02-19T17:01:27+00:00,0.0,32.0,214.8,NOT CHARGING,0.43753555555599993,0.0
2020-02-19T17:01:31+00:00,0.0,32.0,215.0,NOT CHARGING,0.43753555555599993,0.0
2020-02-19T17:01:35+00:00,0.0,32.0,215.0,NOT CHARGING,0.43753555555599993,0.0
2020-02-19T17:01:39+00:00,0.0,32.0,215.0,NOT CHARGING,0.43753555555599993,0.0
2020-02-19T17:01:43+00:00,0.0,32.0,214.9,NOT CHARGING,0.43753555555599993,0.0
2020-02-19T17:01:47+00:00,0.0,32.0,214.9,NOT CHARGING,0.43753555555599993,0.0
2020-02-19T17:01:51+00:00,0.0,32.0,215.0,NOT CHARGING,0.43753555555599993,0.0
2020-02-19T17:01:55+00:00,0.0,32.0,215.0,NOT CHARGING,0.43753555555599993,0.0
2020-02-19T17:01:58+00:00,0.0,32.0,215.0,NOT CHARGING,0.43753555555599993,0.0
2020-02-19T17:02:02+00:00,0.0,32.0,215.0,NOT CHARGING,0.43753555555599993,0.0
2020-02-19T17:02:06+00:00,0.0,32.0,214.9,NOT CHARGING,0.43753555555599993,0.0
2020-02-19T17:02:10+00:00,0.0,32.0,214.9,NOT CHARGING,0.43753555555599993,0.0
2020-02-19T17:02:14+00:00,0.0,32.0,215.0,NOT CHARGING,0.43753555555599993,0.0
2020-02-19T17:02:18+00:00,0.0,32.0,215.0,NOT CHARGING,0.43753555555599993,0.0
2020-02-19T17:02:22+00:00,0.0,32.0,214.9,NOT CHARGING,0.43753555555599993,0.0
2020-02-19T17:02:26+00:00,0.0,32.0,214.9,NOT CHARGING,0.43753555555599993,0.0
2020-02-19T17:02:30+00:00,0.0,32.0,214.9,NOT CHARGING,0.43753555555599993,0.0
2020-02-19T17:02:34+00:00,0.0,32.0,214.9,NOT CHARGING,0.43753555555599993,0.0
2020-02-19T17:02:38+00:00,0.0,32.0,214.9,NOT CHARGING,0.43753555555599993,0.0
2020-02-19T17:02:42+00:00,0.0,32.0,214.9,NOT CHARGING,0.43753555555599993,0.0
2020-02-19T17:02:46+00:00,0.0,32.0,214.9,NOT CHARGING,0.43753555555599993,0.0
2020-02-19T17:02:50+00:00,0.0,32.0,215.0,NOT CHARGING,0.43753555555599993,0.0
2020-02-19T17:02:54+00:00,0.0,32.0,215.0,NOT CHARGING,0.43753555555599993,0.0
2020-02-19T17:02:58+00:00,0.0,32.0,215.0,NOT CHARGING,0.43753555555599993,0.0
2020-02-19T17:03:02+00:00,0.0,32.0,214.9,NOT CHARGING,0.43753555555599993,0.0
2020-02-19T17:03:05+00:00,0.0,32.0,214.9,NOT CHARGING,0.43753555555599993,0.0
2020-02-19T17:03:09+00:00,0.0,32.0,214.8,NOT CHARGING,0.43753555555599993,0.0
2020-02-19T17:03:13+00:00,0.0,32.0,214.9,NOT CHARGING,0.43753555555599993,0.0
2020-02-19T17:03:17+00:00,0.0,32.0,214.8,NOT CHARGING,0.43753555555599993,0.0
2020-02-19T17:03:21+00:00,0.0,32.0,214.9,NOT CHARGING,0.43753555555599993,0.0
2020-02-19T17:03:25+00:00,0.0,32.0,215.0,NOT CHARGING,0.43753555555599993,0.0
2020-02-19T17:03:29+00:00,0.0,32.0,214.9,NOT CHARGING,0.43753555555599993,0.0
2020-02-19T17:03:33+00:00,0.0,32.0,214.8,NOT CHARGING,0.43753555555599993,0.0
2020-02-19T17:03:37+00:00,0.0,32.0,214.8,NOT CHARGING,0.43753555555599993,0.0
2020-02-19T17:03:41+00:00,0.0,32.0,215.0,NOT CHARGING,0.43753555555599993,0.0
2020-02-19T17:03:45+00:00,0.0,32.0,214.9,NOT CHARGING,0.43753555555599993,0.0
2020-02-19T17:03:49+00:00,0.0,32.0,214.9,NOT CHARGING,0.43753555555599993,0.0
2020-02-19T17:03:53+00:00,0.0,32.0,214.9,NOT CHARGING,0.43753555555599993,0.0
2020-02-19T17:03:57+00:00,0.0,32.0,215.0,NOT CHARGING,0.43753555555599993,0.0
2020-02-19T17:04:01+00:00,0.0,32.0,214.9,NOT CHARGING,0.43753555555599993,0.0
2020-02-19T17:04:05+00:00,0.0,32.0,214.8,NOT CHARGING,0.43753555555599993,0.0
2020-02-19T17:04:09+00:00,0.0,32.0,214.8,NOT CHARGING,0.43753555555599993,0.0
2020-02-19T17:04:12+00:00,0.0,32.0,214.9,NOT CHARGING,0.43753555555599993,0.0
2020-02-19T17:04:16+00:00,0.0,32.0,214.8,NOT CHARGING,0.43753555555599993,0.0
2020-02-19T17:04:20+00:00,0.0,32.0,214.8,NOT CHARGING,0.43753555555599993,0.0
2020-02-19T17:04:24+00:00,0.0,32.0,214.9,NOT CHARGING,0.43753555555599993,0.0
2020-02-19T17:04:28+00:00,0.0,32.0,214.8,NOT CHARGING,0.43753555555599993,0.0
2020-02-19T17:04:32+00:00,0.0,32.0,214.8,NOT CHARGING,0.43753555555599993,0.0
2020-02-19T17:04:36+00:00,0.0,32.0,214.9,NOT CHARGING,0.43753555555599993,0.0
2020-02-19T17:04:40+00:00,0.0,32.0,214.8,NOT CHARGING,0.43753555555599993,0.0
2020-02-19T17:04:44+00:00,0.0,32.0,214.9,NOT CHARGING,0.43753555555599993,0.0
2020-02-19T17:04:48+00:00,0.0,32.0,214.9,NOT CHARGING,0.43753555555599993,0.0
2020-02-19T17:04:52+00:00,0.0,32.0,214.8,NOT CHARGING,0.43753555555599993,0.0
2020-02-19T17:04:56+00:00,0.0,32.0,214.9,NOT CHARGING,0.43753555555599993,0.0
2020-02-19T17:05:00+00:00,0.0,32.0,214.8,NOT CHARGING,0.43753555555599993,0.0
2020-02-19T17:05:04+00:00,0.0,32.0,214.8,NOT CHARGING,0.43753555555599993,0.0
2020-02-19T17:05:08+00:00,0.0,32.0,214.8,NOT CHARGING,0.43753555555599993,0.0
2020-02-19T17:05:12+00:00,0.0,32.0,214.9,NOT CHARGING,0.43753555555599993,0.0
2020-02-19T17:05:16+00:00,0.0,32.0,215.0,NOT CHARGING,0.43753555555599993,0.0
2020-02-19T17:05:19+00:00,0.0,32.0,214.9,NOT CHARGING,0.43753555555599993,0.0
2020-02-19T17:05:23+00:00,0.0,32.0,214.8,NOT CHARGING,0.43753555555599993,0.0
2020-02-19T17:05:27+00:00,0.0,32.0,214.8,NOT CHARGING,0.43753555555599993,0.0
2020-02-19T17:05:31+00:00,0.0,32.0,214.7,NOT CHARGING,0.43753555555599993,0.0
2020-02-19T17:05:35+00:00,0.0,32.0,214.8,NOT CHARGING,0.43753555555599993,0.0
2020-02-19T17:05:39+00:00,0.0,32.0,214.7,NOT CHARGING,0.43753555555599993,0.0
2020-02-19T17:05:43+00:00,0.0,32.0,214.8,NOT CHARGING,0.43753555555599993,0.0
2020-02-19T17:05:47+00:00,0.0,32.0,214.8,NOT CHARGING,0.43753555555599993,0.0
2020-02-19T17:05:51+00:00,0.0,32.0,214.7,NOT CHARGING,0.43753555555599993,0.0
2020-02-19T17:05:55+00:00,0.0,32.0,214.8,NOT CHARGING,0.43753555555599993,0.0
2020-02-19T17:05:59+00:00,0.0,32.0,214.8,NOT CHARGING,0.43753555555599993,0.0
2020-02-19T17:06:03+00:00,0.0,32.0,214.8,NOT CHARGING,0.43753555555599993,0.0
2020-02-19T17:06:07+00:00,0.0,32.0,214.8,NOT CHARGING,0.43753555555599993,0.0
2020-02-19T17:06:11+00:00,0.0,32.0,214.8,NOT CHARGING,0.43753555555599993,0.0
2020-02-19T17:06:15+00:00,0.0,32.0,214.8,NOT CHARGING,0.43753555555599993,0.0
2020-02-19T17:06:19+00:00,0.0,32.0,214.8,NOT CHARGING,0.43753555555599993,0.0
2020-02-19T17:06:22+00:00,0.0,32.0,214.7,NOT CHARGING,0.43753555555599993,0.0
2020-02-19T17:06:26+00:00,0.0,32.0,214.7,NOT CHARGING,0.43753555555599993,0.0
2020-02-19T17:06:30+00:00,0.0,32.0,214.7,NOT CHARGING,0.43753555555599993,0.0
2020-02-19T17:06:34+00:00,0.0,32.0,214.7,NOT CHARGING,0.43753555555599993,0.0
2020-02-19T17:06:38+00:00,0.0,32.0,214.7,NOT CHARGING,0.43753555555599993,0.0
2020-02-19T17:06:42+00:00,0.0,32.0,214.8,NOT CHARGING,0.43753555555599993,0.0
2020-02-19T17:06:46+00:00,0.0,32.0,214.8,NOT CHARGING,0.43753555555599993,0.0
2020-02-19T17:06:50+00:00,0.0,32.0,214.6,NOT CHARGING,0.43753555555599993,0.0
2020-02-19T17:06:54+00:00,0.0,32.0,214.7,NOT CHARGING,0.43753555555599993,0.0
2020-02-19T17:06:58+00:00,0.0,32.0,214.8,NOT CHARGING,0.43753555555599993,0.0
2020-02-19T17:07:02+00:00,0.0,32.0,214.6,NOT CHARGING,0.43753555555599993,0.0
2020-02-19T17:07:06+00:00,0.0,32.0,214.8,NOT CHARGING,0.43753555555599993,0.0
2020-02-19T17:07:10+00:00,0.0,32.0,214.8,NOT CHARGING,0.43753555555599993,0.0
2020-02-19T17:07:14+00:00,0.0,32.0,214.8,NOT CHARGING,0.43753555555599993,0.0
2020-02-19T17:07:18+00:00,0.0,32.0,214.8,NOT CHARGING,0.43753555555599993,0.0
2020-02-19T17:07:22+00:00,0.0,32.0,214.8,NOT CHARGING,0.43753555555599993,0.0
2020-02-19T17:07:26+00:00,0.0,32.0,214.8,NOT CHARGING,0.43753555555599993,0.0
2020-02-19T17:07:30+00:00,0.0,32.0,214.9,NOT CHARGING,0.43753555555599993,0.0
2020-02-19T17:07:33+00:00,0.0,32.0,214.8,NOT CHARGING,0.43753555555599993,0.0
2020-02-19T17:07:37+00:00,0.0,32.0,214.9,NOT CHARGING,0.43753555555599993,0.0
2020-02-19T17:07:41+00:00,0.0,32.0,214.9,NOT CHARGING,0.43753555555599993,0.0
2020-02-19T17:07:45+00:00,0.0,32.0,214.8,NOT CHARGING,0.43753555555599993,0.0
2020-02-19T17:07:49+00:00,0.0,32.0,214.8,NOT CHARGING,0.43753555555599993,0.0
2020-02-19T17:07:53+00:00,0.0,32.0,214.9,NOT CHARGING,0.43753555555599993,0.0
2020-02-19T17:07:57+00:00,0.0,32.0,214.8,NOT CHARGING,0.43753555555599993,0.0
2020-02-19T17:08:01+00:00,0.0,32.0,214.8,NOT CHARGING,0.43753555555599993,0.0
2020-02-19T17:08:05+00:00,0.0,32.0,214.8,NOT CHARGING,0.43753555555599993,0.0
2020-02-19T17:08:09+00:00,0.0,32.0,214.9,NOT CHARGING,0.43753555555599993,0.0
2020-02-19T17:08:13+00:00,0.0,32.0,215.0,NOT CHARGING,0.43753555555599993,0.0
2020-02-19T17:08:17+00:00,0.0,32.0,214.8,NOT CHARGING,0.43753555555599993,0.0
2020-02-19T17:08:21+00:00,0.0,32.0,214.8,NOT CHARGING,0.43753555555599993,0.0
2020-02-19T17:08:25+00:00,0.0,32.0,214.8,NOT CHARGING,0.43753555555599993,0.0
2020-02-19T17:08:29+00:00,0.0,32.0,214.9,NOT CHARGING,0.43753555555599993,0.0
2020-02-19T17:08:33+00:00,0.0,32.0,214.8,NOT CHARGING,0.43753555555599993,0.0
2020-02-19T17:08:37+00:00,0.0,32.0,214.8,NOT CHARGING,0.43753555555599993,0.0
2020-02-19T17:08:40+00:00,0.0,32.0,214.9,NOT CHARGING,0.43753555555599993,0.0
2020-02-19T17:08:44+00:00,0.0,32.0,214.9,NOT CHARGING,0.43753555555599993,0.0
2020-02-19T17:08:48+00:00,0.0,32.0,214.8,NOT CHARGING,0.43753555555599993,0.0
2020-02-19T17:08:52+00:00,0.0,32.0,214.9,NOT CHARGING,0.43753555555599993,0.0
2020-02-19T17:08:56+00:00,0.0,32.0,215.0,NOT CHARGING,0.43753555555599993,0.0
2020-02-19T17:09:00+00:00,0.0,32.0,214.9,NOT CHARGING,0.43753555555599993,0.0
2020-02-19T17:09:04+00:00,0.0,32.0,214.9,NOT CHARGING,0.43753555555599993,0.0
2020-02-19T17:09:08+00:00,0.0,32.0,214.9,NOT CHARGING,0.43753555555599993,0.0
2020-02-19T17:09:12+00:00,0.0,32.0,214.9,NOT CHARGING,0.43753555555599993,0.0
2020-02-19T17:09:16+00:00,0.0,32.0,214.9,NOT CHARGING,0.43753555555599993,0.0
2020-02-19T17:09:20+00:00,0.0,32.0,214.9,NOT CHARGING,0.43753555555599993,0.0
2020-02-19T17:09:24+00:00,0.0,32.0,214.8,NOT CHARGING,0.43753555555599993,0.0
2020-02-19T17:09:28+00:00,0.0,32.0,215.0,NOT CHARGING,0.43753555555599993,0.0
2020-02-19T17:09:32+00:00,0.0,32.0,214.9,NOT CHARGING,0.43753555555599993,0.0
2020-02-19T17:09:36+00:00,0.0,32.0,214.9,NOT CHARGING,0.43753555555599993,0.0
2020-02-19T17:09:40+00:00,0.0,32.0,214.8,NOT CHARGING,0.43753555555599993,0.0
2020-02-19T17:09:43+00:00,0.0,32.0,214.8,NOT CHARGING,0.43753555555599993,0.0
2020-02-19T17:09:47+00:00,0.0,32.0,214.8,NOT CHARGING,0.43753555555599993,0.0
2020-02-19T17:09:51+00:00,0.0,32.0,215.0,NOT CHARGING,0.43753555555599993,0.0
2020-02-19T17:09:55+00:00,0.0,32.0,215.0,NOT CHARGING,0.43753555555599993,0.0
2020-02-19T17:09:59+00:00,0.0,32.0,215.1,NOT CHARGING,0.43753555555599993,0.0
2020-02-19T17:10:03+00:00,0.0,32.0,215.0,NOT CHARGING,0.43753555555599993,0.0
2020-02-19T17:10:07+00:00,0.0,32.0,215.1,NOT CHARGING,0.43753555555599993,0.0
2020-02-19T17:10:11+00:00,0.0,32.0,215.0,NOT CHARGING,0.43753555555599993,0.0
2020-02-19T17:10:15+00:00,0.0,32.0,215.0,NOT CHARGING,0.43753555555599993,0.0
2020-02-19T17:10:19+00:00,0.0,32.0,215.0,NOT CHARGING,0.43753555555599993,0.0
2020-02-19T17:10:23+00:00,0.0,32.0,215.0,NOT CHARGING,0.43753555555599993,0.0
2020-02-19T17:10:27+00:00,0.0,32.0,215.0,NOT CHARGING,0.43753555555599993,0.0
2020-02-19T17:10:31+00:00,0.0,32.0,215.0,NOT CHARGING,0.43753555555599993,0.0
2020-02-19T17:10:35+00:00,0.0,32.0,215.0,NOT CHARGING,0.43753555555599993,0.0
2020-02-19T17:10:39+00:00,0.0,32.0,215.0,NOT CHARGING,0.43753555555599993,0.0
2020-02-19T17:10:43+00:00,0.0,32.0,215.0,NOT CHARGING,0.43753555555599993,0.0
2020-02-19T17:10:47+00:00,0.0,32.0,215.0,NOT CHARGING,0.43753555555599993,0.0
2020-02-19T17:10:51+00:00,0.0,32.0,214.9,NOT CHARGING,0.43753555555599993,0.0
2020-02-19T17:10:54+00:00,0.0,32.0,214.9,NOT CHARGING,0.43753555555599993,0.0
2020-02-19T17:10:58+00:00,0.0,32.0,214.9,NOT CHARGING,0.43753555555599993,0.0
2020-02-19T17:11:02+00:00,0.0,32.0,214.9,NOT CHARGING,0.43753555555599993,0.0
2020-02-19T17:11:06+00:00,0.0,32.0,214.9,NOT CHARGING,0.43753555555599993,0.0
2020-02-19T17:11:10+00:00,0.0,32.0,214.8,NOT CHARGING,0.43753555555599993,0.0
2020-02-19T17:11:14+00:00,0.0,32.0,214.8,NOT CHARGING,0.43753555555599993,0.0
2020-02-19T17:11:18+00:00,0.0,32.0,214.9,NOT CHARGING,0.43753555555599993,0.0
2020-02-19T17:11:22+00:00,0.0,32.0,214.9,NOT CHARGING,0.43753555555599993,0.0
2020-02-19T17:11:26+00:00,0.0,32.0,214.8,NOT CHARGING,0.43753555555599993,0.0
2020-02-19T17:11:30+00:00,0.0,32.0,214.8,NOT CHARGING,0.43753555555599993,0.0
2020-02-19T17:11:34+00:00,0.0,32.0,214.8,NOT CHARGING,0.43753555555599993,0.0
2020-02-19T17:11:38+00:00,0.0,32.0,214.9,NOT CHARGING,0.43753555555599993,0.0
2020-02-19T17:11:42+00:00,0.0,32.0,214.8,NOT CHARGING,0.43753555555599993,0.0
2020-02-19T17:11:46+00:00,0.0,32.0,214.8,NOT CHARGING,0.43753555555599993,0.0
2020-02-19T17:11:50+00:00,0.0,32.0,214.8,NOT CHARGING,0.43753555555599993,0.0
2020-02-19T17:11:54+00:00,0.0,32.0,214.8,NOT CHARGING,0.43753555555599993,0.0
2020-02-19T17:11:57+00:00,0.0,32.0,214.8,NOT CHARGING,0.43753555555599993,0.0
2020-02-19T17:12:01+00:00,0.0,32.0,214.8,NOT CHARGING,0.43753555555599993,0.0
2020-02-19T17:12:05+00:00,0.0,32.0,214.8,NOT CHARGING,0.43753555555599993,0.0
2020-02-19T17:12:09+00:00,0.0,32.0,214.8,NOT CHARGING,0.43753555555599993,0.0
2020-02-19T17:12:13+00:00,0.0,32.0,214.8,NOT CHARGING,0.43753555555599993,0.0
2020-02-19T17:12:17+00:00,0.0,32.0,214.8,NOT CHARGING,0.43753555555599993,0.0
2020-02-19T17:12:21+00:00,0.0,32.0,214.8,NOT CHARGING,0.43753555555599993,0.0
2020-02-19T17:12:25+00:00,0.0,32.0,214.8,NOT CHARGING,0.43753555555599993,0.0
2020-02-19T17:12:29+00:00,0.0,32.0,214.8,NOT CHARGING,0.43753555555599993,0.0
2020-02-19T17:12:33+00:00,0.0,32.0,214.8,NOT CHARGING,0.43753555555599993,0.0
2020-02-19T17:12:37+00:00,0.0,32.0,214.8,NOT CHARGING,0.43753555555599993,0.0
2020-02-19T17:12:41+00:00,0.0,32.0,214.8,NOT CHARGING,0.43753555555599993,0.0
2020-02-19T17:12:45+00:00,0.0,32.0,214.8,NOT CHARGING,0.43753555555599993,0.0
2020-02-19T17:12:49+00:00,0.0,32.0,214.8,NOT CHARGING,0.43753555555599993,0.0
2020-02-19T17:12:53+00:00,0.0,32.0,214.8,NOT CHARGING,0.43753555555599993,0.0
2020-02-19T17:12:57+00:00,0.0,32.0,214.8,NOT CHARGING,0.43753555555599993,0.0
2020-02-19T17:13:01+00:00,0.0,32.0,214.8,NOT CHARGING,0.43753555555599993,0.0
2020-02-19T17:13:04+00:00,0.0,32.0,214.8,NOT CHARGING,0.43753555555599993,0.0
2020-02-19T17:13:08+00:00,0.0,32.0,214.8,NOT CHARGING,0.43753555555599993,0.0
2020-02-19T17:13:12+00:00,0.0,32.0,214.8,NOT CHARGING,0.43753555555599993,0.0
2020-02-19T17:13:16+00:00,0.0,32.0,214.8,NOT CHARGING,0.43753555555599993,0.0
2020-02-19T17:13:20+00:00,0.0,32.0,214.8,NOT CHARGING,0.43753555555599993,0.0
2020-02-19T17:13:24+00:00,0.0,32.0,214.8,NOT CHARGING,0.43753555555599993,0.0
2020-02-19T17:13:28+00:00,0.0,32.0,214.8,NOT CHARGING,0.43753555555599993,0.0
2020-02-19T17:13:32+00:00,0.0,32.0,214.8,NOT CHARGING,0.43753555555599993,0.0
2020-02-19T17:13:36+00:00,0.0,32.0,214.7,NOT CHARGING,0.43753555555599993,0.0
2020-02-19T17:13:40+00:00,0.0,32.0,214.8,NOT CHARGING,0.43753555555599993,0.0
2020-02-19T17:13:44+00:00,0.0,32.0,214.8,NOT CHARGING,0.43753555555599993,0.0
2020-02-19T17:13:48+00:00,0.0,32.0,214.7,NOT CHARGING,0.43753555555599993,0.0
2020-02-19T17:13:52+00:00,0.0,32.0,214.6,NOT CHARGING,0.43753555555599993,0.0
2020-02-19T17:13:56+00:00,0.0,32.0,214.8,NOT CHARGING,0.43753555555599993,0.0
2020-02-19T17:14:00+00:00,0.0,32.0,214.6,NOT CHARGING,0.43753555555599993,0.0
2020-02-19T17:14:04+00:00,0.0,32.0,214.6,NOT CHARGING,0.43753555555599993,0.0
2020-02-19T17:14:08+00:00,0.0,32.0,214.7,NOT CHARGING,0.43753555555599993,0.0
2020-02-19T17:14:11+00:00,0.0,32.0,214.7,NOT CHARGING,0.43753555555599993,0.0
2020-02-19T17:14:15+00:00,0.0,32.0,214.7,NOT CHARGING,0.43753555555599993,0.0
2020-02-19T17:14:19+00:00,0.0,32.0,214.8,NOT CHARGING,0.43753555555599993,0.0
2020-02-19T17:14:23+00:00,0.0,32.0,214.7,NOT CHARGING,0.43753555555599993,0.0
2020-02-19T17:14:27+00:00,0.0,32.0,214.8,NOT CHARGING,0.43753555555599993,0.0
2020-02-19T17:14:31+00:00,0.0,32.0,214.7,NOT CHARGING,0.43753555555599993,0.0
2020-02-19T17:14:35+00:00,0.0,32.0,214.7,NOT CHARGING,0.43753555555599993,0.0
2020-02-19T17:14:39+00:00,0.0,32.0,214.8,NOT CHARGING,0.43753555555599993,0.0
2020-02-19T17:14:43+00:00,0.0,32.0,214.6,NOT CHARGING,0.43753555555599993,0.0
2020-02-19T17:14:47+00:00,0.0,32.0,214.5,NOT CHARGING,0.43753555555599993,0.0
2020-02-19T17:14:51+00:00,0.0,32.0,214.6,NOT CHARGING,0.43753555555599993,0.0
2020-02-19T17:14:55+00:00,0.0,32.0,214.6,NOT CHARGING,0.43753555555599993,0.0
2020-02-19T17:14:59+00:00,0.0,32.0,214.7,NOT CHARGING,0.43753555555599993,0.0
2020-02-19T17:15:03+00:00,0.0,32.0,214.6,NOT CHARGING,0.43753555555599993,0.0
2020-02-19T17:15:07+00:00,0.0,32.0,214.6,NOT CHARGING,0.43753555555599993,0.0
2020-02-19T17:15:11+00:00,0.0,32.0,214.6,NOT CHARGING,0.43753555555599993,0.0
2020-02-19T17:15:15+00:00,0.0,32.0,214.6,NOT CHARGING,0.43753555555599993,0.0
2020-02-19T17:15:19+00:00,0.0,32.0,214.6,NOT CHARGING,0.43753555555599993,0.0
2020-02-19T17:15:22+00:00,0.0,32.0,214.6,NOT CHARGING,0.43753555555599993,0.0
2020-02-19T17:15:26+00:00,0.0,32.0,214.5,NOT CHARGING,0.43753555555599993,0.0
2020-02-19T17:15:30+00:00,0.0,32.0,214.7,NOT CHARGING,0.43753555555599993,0.0
2020-02-19T17:15:34+00:00,0.0,32.0,214.5,NOT CHARGING,0.43753555555599993,0.0
2020-02-19T17:15:38+00:00,0.0,32.0,214.5,NOT CHARGING,0.43753555555599993,0.0
2020-02-19T17:15:42+00:00,0.0,32.0,214.5,NOT CHARGING,0.43753555555599993,0.0
2020-02-19T17:15:46+00:00,0.0,32.0,214.5,NOT CHARGING,0.43753555555599993,0.0
2020-02-19T17:15:50+00:00,0.0,32.0,214.7,NOT CHARGING,0.43753555555599993,0.0
2020-02-19T17:15:54+00:00,0.0,32.0,214.5,NOT CHARGING,0.43753555555599993,0.0
2020-02-19T17:15:58+00:00,0.0,32.0,214.5,NOT CHARGING,0.43753555555599993,0.0
2020-02-19T17:16:02+00:00,0.0,32.0,214.6,NOT CHARGING,0.43753555555599993,0.0
2020-02-19T17:16:06+00:00,0.0,32.0,214.5,NOT CHARGING,0.43753555555599993,0.0
2020-02-19T17:16:10+00:00,0.0,32.0,214.6,NOT CHARGING,0.43753555555599993,0.0
2020-02-19T17:16:14+00:00,0.0,32.0,214.5,NOT CHARGING,0.43753555555599993,0.0
2020-02-19T17:16:18+00:00,0.0,32.0,214.6,NOT CHARGING,0.43753555555599993,0.0
2020-02-19T17:16:22+00:00,0.0,32.0,214.6,NOT CHARGING,0.43753555555599993,0.0
2020-02-19T17:16:25+00:00,0.0,32.0,214.6,NOT CHARGING,0.43753555555599993,0.0
2020-02-19T17:16:29+00:00,0.0,32.0,214.6,NOT CHARGING,0.43753555555599993,0.0
2020-02-19T17:16:33+00:00,0.0,32.0,214.6,NOT CHARGING,0.43753555555599993,0.0
2020-02-19T17:16:37+00:00,0.0,32.0,214.6,NOT CHARGING,0.43753555555599993,0.0
2020-02-19T17:16:41+00:00,0.0,32.0,214.7,NOT CHARGING,0.43753555555599993,0.0
2020-02-19T17:16:45+00:00,0.0,32.0,214.6,NOT CHARGING,0.43753555555599993,0.0
2020-02-19T17:16:49+00:00,0.0,32.0,214.5,NOT CHARGING,0.43753555555599993,0.0
2020-02-19T17:16:53+00:00,0.0,32.0,214.6,NOT CHARGING,0.43753555555599993,0.0
2020-02-19T17:16:57+00:00,0.0,32.0,214.5,NOT CHARGING,0.43753555555599993,0.0
2020-02-19T17:17:01+00:00,0.0,32.0,214.5,NOT CHARGING,0.43753555555599993,0.0
2020-02-19T17:17:05+00:00,0.0,32.0,214.6,NOT CHARGING,0.43753555555599993,0.0
2020-02-19T17:17:09+00:00,0.0,32.0,214.5,NOT CHARGING,0.43753555555599993,0.0
2020-02-19T17:17:13+00:00,0.0,32.0,214.5,NOT CHARGING,0.43753555555599993,0.0
2020-02-19T17:17:17+00:00,0.0,32.0,214.5,NOT CHARGING,0.43753555555599993,0.0
2020-02-19T17:17:21+00:00,0.0,32.0,214.5,NOT CHARGING,0.43753555555599993,0.0
2020-02-19T17:17:25+00:00,0.0,32.0,214.5,NOT CHARGING,0.43753555555599993,0.0
2020-02-19T17:17:29+00:00,0.0,32.0,214.5,NOT CHARGING,0.43753555555599993,0.0
2020-02-19T17:17:32+00:00,0.0,32.0,214.5,NOT CHARGING,0.43753555555599993,0.0
2020-02-19T17:17:36+00:00,0.0,32.0,214.6,NOT CHARGING,0.43753555555599993,0.0
2020-02-19T17:17:40+00:00,0.0,32.0,214.5,NOT CHARGING,0.43753555555599993,0.0
2020-02-19T17:17:44+00:00,0.0,32.0,214.6,NOT CHARGING,0.43753555555599993,0.0
2020-02-19T17:17:48+00:00,0.0,32.0,214.5,NOT CHARGING,0.43753555555599993,0.0
2020-02-19T17:17:52+00:00,0.0,32.0,214.5,NOT CHARGING,0.43753555555599993,0.0
2020-02-19T17:17:56+00:00,0.0,32.0,214.5,NOT CHARGING,0.43753555555599993,0.0
2020-02-19T17:18:00+00:00,0.0,32.0,214.5,NOT CHARGING,0.43753555555599993,0.0
2020-02-19T17:18:04+00:00,0.0,32.0,214.5,NOT CHARGING,0.43753555555599993,0.0
2020-02-19T17:18:08+00:00,0.0,32.0,214.5,NOT CHARGING,0.43753555555599993,0.0
2020-02-19T17:18:12+00:00,0.0,32.0,214.4,NOT CHARGING,0.43753555555599993,0.0
2020-02-19T17:18:16+00:00,0.0,32.0,214.5,NOT CHARGING,0.43753555555599993,0.0
2020-02-19T17:18:20+00:00,0.0,32.0,214.5,NOT CHARGING,0.43753555555599993,0.0
2020-02-19T17:18:24+00:00,0.0,32.0,214.5,NOT CHARGING,0.43753555555599993,0.0
2020-02-19T17:18:28+00:00,0.0,32.0,214.5,NOT CHARGING,0.43753555555599993,0.0
2020-02-19T17:18:32+00:00,0.0,32.0,214.5,NOT CHARGING,0.43753555555599993,0.0
2020-02-19T17:18:36+00:00,0.0,32.0,214.5,NOT CHARGING,0.43753555555599993,0.0
2020-02-19T17:18:39+00:00,0.0,32.0,214.5,NOT CHARGING,0.43753555555599993,0.0
2020-02-19T17:18:43+00:00,0.0,32.0,214.5,NOT CHARGING,0.43753555555599993,0.0
2020-02-19T17:18:47+00:00,0.0,32.0,214.6,NOT CHARGING,0.43753555555599993,0.0
2020-02-19T17:18:51+00:00,0.0,32.0,214.5,NOT CHARGING,0.43753555555599993,0.0
2020-02-19T17:18:55+00:00,0.0,32.0,214.5,NOT CHARGING,0.43753555555599993,0.0
2020-02-19T17:18:59+00:00,0.0,32.0,214.8,NOT CHARGING,0.43753555555599993,0.0
2020-02-19T17:19:03+00:00,0.0,32.0,214.6,NOT CHARGING,0.43753555555599993,0.0
2020-02-19T17:19:07+00:00,0.0,32.0,214.8,NOT CHARGING,0.43753555555599993,0.0
2020-02-19T17:19:11+00:00,0.0,32.0,214.6,NOT CHARGING,0.43753555555599993,0.0
2020-02-19T17:19:15+00:00,0.0,32.0,214.7,NOT CHARGING,0.43753555555599993,0.0
2020-02-19T17:19:19+00:00,0.0,32.0,214.8,NOT CHARGING,0.43753555555599993,0.0
2020-02-19T17:19:23+00:00,0.0,32.0,214.8,NOT CHARGING,0.43753555555599993,0.0
2020-02-19T17:19:27+00:00,0.0,32.0,214.8,NOT CHARGING,0.43753555555599993,0.0
2020-02-19T17:19:31+00:00,0.0,32.0,214.8,NOT CHARGING,0.43753555555599993,0.0
2020-02-19T17:19:35+00:00,0.0,32.0,214.8,NOT CHARGING,0.43753555555599993,0.0
2020-02-19T17:19:39+00:00,0.0,32.0,214.7,NOT CHARGING,0.43753555555599993,0.0
2020-02-19T17:19:43+00:00,0.0,32.0,214.6,NOT CHARGING,0.43753555555599993,0.0
2020-02-19T17:19:46+00:00,0.0,32.0,214.8,NOT CHARGING,0.43753555555599993,0.0
2020-02-19T17:19:50+00:00,0.0,32.0,214.8,NOT CHARGING,0.43753555555599993,0.0
2020-02-19T17:19:54+00:00,0.0,32.0,214.6,NOT CHARGING,0.43753555555599993,0.0
2020-02-19T17:19:58+00:00,0.0,32.0,214.6,NOT CHARGING,0.43753555555599993,0.0
2020-02-19T17:20:02+00:00,0.0,32.0,214.7,NOT CHARGING,0.43753555555599993,0.0
2020-02-19T17:20:06+00:00,0.0,32.0,214.7,NOT CHARGING,0.43753555555599993,0.0
2020-02-19T17:20:10+00:00,0.0,32.0,214.7,NOT CHARGING,0.43753555555599993,0.0
2020-02-19T17:20:14+00:00,0.0,32.0,214.7,NOT CHARGING,0.43753555555599993,0.0
2020-02-19T17:20:18+00:00,0.0,32.0,214.7,NOT CHARGING,0.43753555555599993,0.0
2020-02-19T17:20:22+00:00,0.0,32.0,214.6,NOT CHARGING,0.43753555555599993,0.0
2020-02-19T17:20:26+00:00,0.0,32.0,214.7,NOT CHARGING,0.43753555555599993,0.0
2020-02-19T17:20:30+00:00,0.0,32.0,214.8,NOT CHARGING,0.43753555555599993,0.0
2020-02-19T17:20:34+00:00,0.0,32.0,214.8,NOT CHARGING,0.43753555555599993,0.0
2020-02-19T17:20:38+00:00,0.0,32.0,214.7,NOT CHARGING,0.43753555555599993,0.0
2020-02-19T17:20:42+00:00,0.0,32.0,214.8,NOT CHARGING,0.43753555555599993,0.0
2020-02-19T17:20:46+00:00,0.0,32.0,214.8,NOT CHARGING,0.43753555555599993,0.0
2020-02-19T17:20:50+00:00,0.0,32.0,214.7,NOT CHARGING,0.43753555555599993,0.0
2020-02-19T17:20:53+00:00,0.0,32.0,214.8,NOT CHARGING,0.43753555555599993,0.0
2020-02-19T17:20:57+00:00,0.0,32.0,214.8,NOT CHARGING,0.43753555555599993,0.0
2020-02-19T17:21:01+00:00,0.0,32.0,214.8,NOT CHARGING,0.43753555555599993,0.0
2020-02-19T17:21:05+00:00,0.0,32.0,214.8,NOT CHARGING,0.43753555555599993,0.0
2020-02-19T17:21:09+00:00,0.0,32.0,214.9,NOT CHARGING,0.43753555555599993,0.0
2020-02-19T17:21:13+00:00,0.0,32.0,215.0,NOT CHARGING,0.43753555555599993,0.0
2020-02-19T17:21:17+00:00,0.0,32.0,214.9,NOT CHARGING,0.43753555555599993,0.0
2020-02-19T17:21:21+00:00,0.0,32.0,214.9,NOT CHARGING,0.43753555555599993,0.0
2020-02-19T17:21:25+00:00,0.0,32.0,215.0,NOT CHARGING,0.43753555555599993,0.0
2020-02-19T17:21:29+00:00,0.0,32.0,215.0,NOT CHARGING,0.43753555555599993,0.0
2020-02-19T17:21:33+00:00,0.0,32.0,215.0,NOT CHARGING,0.43753555555599993,0.0
2020-02-19T17:21:37+00:00,0.0,32.0,215.0,NOT CHARGING,0.43753555555599993,0.0
2020-02-19T17:21:41+00:00,0.0,32.0,215.0,NOT CHARGING,0.43753555555599993,0.0
2020-02-19T17:21:45+00:00,0.0,32.0,215.0,NOT CHARGING,0.43753555555599993,0.0
2020-02-19T17:21:49+00:00,0.0,32.0,215.0,NOT CHARGING,0.43753555555599993,0.0
2020-02-19T17:21:53+00:00,0.0,32.0,215.0,NOT CHARGING,0.43753555555599993,0.0
2020-02-19T17:21:57+00:00,0.0,32.0,215.0,NOT CHARGING,0.43753555555599993,0.0
2020-02-19T17:22:00+00:00,0.0,32.0,215.0,NOT CHARGING,0.43753555555599993,0.0
2020-02-19T17:22:04+00:00,0.0,32.0,215.0,NOT CHARGING,0.43753555555599993,0.0
2020-02-19T17:22:08+00:00,0.0,32.0,215.0,NOT CHARGING,0.43753555555599993,0.0
2020-02-19T17:22:12+00:00,0.0,32.0,215.0,NOT CHARGING,0.43753555555599993,0.0
2020-02-19T17:22:16+00:00,0.0,32.0,215.0,NOT CHARGING,0.43753555555599993,0.0
2020-02-19T17:22:20+00:00,0.0,32.0,215.0,NOT CHARGING,0.43753555555599993,0.0
2020-02-19T17:22:24+00:00,0.0,32.0,214.9,NOT CHARGING,0.43753555555599993,0.0
2020-02-19T17:22:28+00:00,0.0,32.0,215.0,NOT CHARGING,0.43753555555599993,0.0
2020-02-19T17:22:32+00:00,0.0,32.0,214.9,NOT CHARGING,0.43753555555599993,0.0
2020-02-19T17:22:36+00:00,0.0,32.0,214.9,NOT CHARGING,0.43753555555599993,0.0
2020-02-19T17:22:40+00:00,0.0,32.0,214.9,NOT CHARGING,0.43753555555599993,0.0
2020-02-19T17:22:44+00:00,0.0,32.0,215.0,NOT CHARGING,0.43753555555599993,0.0
2020-02-19T17:22:48+00:00,0.0,32.0,214.9,NOT CHARGING,0.43753555555599993,0.0
2020-02-19T17:22:52+00:00,0.0,32.0,214.9,NOT CHARGING,0.43753555555599993,0.0
2020-02-19T17:22:56+00:00,0.0,32.0,215.0,NOT CHARGING,0.43753555555599993,0.0
2020-02-19T17:23:00+00:00,0.0,32.0,214.8,NOT CHARGING,0.43753555555599993,0.0
2020-02-19T17:23:03+00:00,0.0,32.0,214.8,NOT CHARGING,0.43753555555599993,0.0
2020-02-19T17:23:07+00:00,0.0,32.0,214.9,NOT CHARGING,0.43753555555599993,0.0
2020-02-19T17:23:11+00:00,0.0,32.0,214.9,NOT CHARGING,0.43753555555599993,0.0
2020-02-19T17:23:15+00:00,0.0,32.0,215.0,NOT CHARGING,0.43753555555599993,0.0
2020-02-19T17:23:19+00:00,0.0,32.0,215.0,NOT CHARGING,0.43753555555599993,0.0
2020-02-19T17:23:23+00:00,0.0,32.0,214.8,NOT CHARGING,0.43753555555599993,0.0
2020-02-19T17:23:27+00:00,0.0,32.0,215.0,NOT CHARGING,0.43753555555599993,0.0
2020-02-19T17:23:31+00:00,0.0,32.0,215.0,NOT CHARGING,0.43753555555599993,0.0
2020-02-19T17:23:35+00:00,0.0,32.0,214.9,NOT CHARGING,0.43753555555599993,0.0
2020-02-19T17:23:39+00:00,0.0,32.0,215.0,NOT CHARGING,0.43753555555599993,0.0
2020-02-19T17:23:43+00:00,0.0,32.0,215.0,NOT CHARGING,0.43753555555599993,0.0
2020-02-19T17:23:47+00:00,0.0,32.0,215.0,NOT CHARGING,0.43753555555599993,0.0
2020-02-19T17:23:51+00:00,0.0,32.0,214.9,NOT CHARGING,0.43753555555599993,0.0
2020-02-19T17:23:55+00:00,0.0,32.0,214.9,NOT CHARGING,0.43753555555599993,0.0
2020-02-19T17:23:59+00:00,0.0,32.0,214.9,NOT CHARGING,0.43753555555599993,0.0
2020-02-19T17:24:03+00:00,0.0,32.0,214.9,NOT CHARGING,0.43753555555599993,0.0
2020-02-19T17:24:07+00:00,0.0,32.0,214.9,NOT CHARGING,0.43753555555599993,0.0
2020-02-19T17:24:11+00:00,0.0,32.0,214.9,NOT CHARGING,0.43753555555599993,0.0
2020-02-19T17:24:14+00:00,0.0,32.0,214.9,NOT CHARGING,0.43753555555599993,0.0
2020-02-19T17:24:18+00:00,0.0,32.0,214.9,NOT CHARGING,0.43753555555599993,0.0
2020-02-19T17:24:22+00:00,0.0,32.0,214.9,NOT CHARGING,0.43753555555599993,0.0
2020-02-19T17:24:26+00:00,0.0,32.0,214.9,NOT CHARGING,0.43753555555599993,0.0
2020-02-19T17:24:30+00:00,0.0,32.0,214.8,NOT CHARGING,0.43753555555599993,0.0
2020-02-19T17:24:34+00:00,0.0,32.0,214.8,NOT CHARGING,0.43753555555599993,0.0
2020-02-19T17:24:38+00:00,0.0,32.0,214.8,NOT CHARGING,0.43753555555599993,0.0
2020-02-19T17:24:42+00:00,0.0,32.0,214.9,NOT CHARGING,0.43753555555599993,0.0
2020-02-19T17:24:46+00:00,0.0,32.0,214.9,NOT CHARGING,0.43753555555599993,0.0
2020-02-19T17:24:50+00:00,0.0,32.0,214.8,NOT CHARGING,0.43753555555599993,0.0
2020-02-19T17:24:54+00:00,0.0,32.0,214.8,NOT CHARGING,0.43753555555599993,0.0
2020-02-19T17:24:58+00:00,0.0,32.0,214.8,NOT CHARGING,0.43753555555599993,0.0
2020-02-19T17:25:02+00:00,0.0,32.0,214.9,NOT CHARGING,0.43753555555599993,0.0
2020-02-19T17:25:06+00:00,0.0,32.0,214.8,NOT CHARGING,0.43753555555599993,0.0
2020-02-19T17:25:10+00:00,0.0,32.0,214.6,NOT CHARGING,0.43753555555599993,0.0
2020-02-19T17:25:14+00:00,0.0,32.0,214.8,NOT CHARGING,0.43753555555599993,0.0
2020-02-19T17:25:18+00:00,0.0,32.0,214.8,NOT CHARGING,0.43753555555599993,0.0
2020-02-19T17:25:21+00:00,0.0,32.0,214.7,NOT CHARGING,0.43753555555599993,0.0
2020-02-19T17:25:25+00:00,0.0,32.0,214.7,NOT CHARGING,0.43753555555599993,0.0
2020-02-19T17:25:29+00:00,0.0,32.0,214.8,NOT CHARGING,0.43753555555599993,0.0
2020-02-19T17:25:33+00:00,0.0,32.0,214.8,NOT CHARGING,0.43753555555599993,0.0
2020-02-19T17:25:37+00:00,0.0,32.0,214.7,NOT CHARGING,0.43753555555599993,0.0
2020-02-19T17:25:41+00:00,0.0,32.0,214.7,NOT CHARGING,0.43753555555599993,0.0
2020-02-19T17:25:45+00:00,0.0,32.0,214.8,NOT CHARGING,0.43753555555599993,0.0
2020-02-19T17:25:49+00:00,0.0,32.0,214.7,NOT CHARGING,0.43753555555599993,0.0
2020-02-19T17:25:53+00:00,0.0,32.0,214.9,NOT CHARGING,0.43753555555599993,0.0
2020-02-19T17:25:57+00:00,0.0,32.0,214.8,NOT CHARGING,0.43753555555599993,0.0
2020-02-19T17:26:01+00:00,0.0,32.0,214.8,NOT CHARGING,0.43753555555599993,0.0
2020-02-19T17:26:05+00:00,0.0,32.0,214.9,NOT CHARGING,0.43753555555599993,0.0
2020-02-19T17:26:09+00:00,0.0,32.0,214.8,NOT CHARGING,0.43753555555599993,0.0
2020-02-19T17:26:13+00:00,0.0,32.0,214.8,NOT CHARGING,0.43753555555599993,0.0
2020-02-19T17:26:17+00:00,0.0,32.0,215.0,NOT CHARGING,0.43753555555599993,0.0
2020-02-19T17:26:21+00:00,0.0,32.0,214.9,NOT CHARGING,0.43753555555599993,0.0
2020-02-19T17:26:25+00:00,0.0,32.0,214.9,NOT CHARGING,0.43753555555599993,0.0
2020-02-19T17:26:28+00:00,0.0,32.0,214.8,NOT CHARGING,0.43753555555599993,0.0
2020-02-19T17:26:32+00:00,0.0,32.0,214.9,NOT CHARGING,0.43753555555599993,0.0
2020-02-19T17:26:36+00:00,0.0,32.0,214.9,NOT CHARGING,0.43753555555599993,0.0
2020-02-19T17:26:40+00:00,0.0,32.0,214.9,NOT CHARGING,0.43753555555599993,0.0
2020-02-19T17:26:44+00:00,0.0,32.0,214.8,NOT CHARGING,0.43753555555599993,0.0
2020-02-19T17:26:48+00:00,0.0,32.0,214.8,NOT CHARGING,0.43753555555599993,0.0
2020-02-19T17:26:52+00:00,0.0,32.0,214.8,NOT CHARGING,0.43753555555599993,0.0
2020-02-19T17:26:56+00:00,0.0,32.0,214.8,NOT CHARGING,0.43753555555599993,0.0
2020-02-19T17:27:00+00:00,0.0,32.0,214.8,NOT CHARGING,0.43753555555599993,0.0
2020-02-19T17:27:04+00:00,0.0,32.0,214.8,NOT CHARGING,0.43753555555599993,0.0
2020-02-19T17:27:08+00:00,0.0,32.0,214.9,NOT CHARGING,0.43753555555599993,0.0
2020-02-19T17:27:12+00:00,0.0,32.0,214.8,NOT CHARGING,0.43753555555599993,0.0
2020-02-19T17:27:16+00:00,0.0,32.0,214.8,NOT CHARGING,0.43753555555599993,0.0
2020-02-19T17:27:20+00:00,0.0,32.0,214.9,NOT CHARGING,0.43753555555599993,0.0
2020-02-19T17:27:24+00:00,0.0,32.0,214.8,NOT CHARGING,0.43753555555599993,0.0
2020-02-19T17:27:28+00:00,0.0,32.0,214.9,NOT CHARGING,0.43753555555599993,0.0
2020-02-19T17:27:31+00:00,0.0,32.0,214.8,NOT CHARGING,0.43753555555599993,0.0
2020-02-19T17:27:35+00:00,0.0,32.0,214.8,NOT CHARGING,0.43753555555599993,0.0
2020-02-19T17:27:39+00:00,0.0,32.0,214.8,NOT CHARGING,0.43753555555599993,0.0
2020-02-19T17:27:43+00:00,0.0,32.0,214.8,NOT CHARGING,0.43753555555599993,0.0
2020-02-19T17:27:47+00:00,0.0,32.0,214.9,NOT CHARGING,0.43753555555599993,0.0
2020-02-19T17:27:51+00:00,0.0,32.0,215.0,NOT CHARGING,0.43753555555599993,0.0
2020-02-19T17:27:55+00:00,0.0,32.0,215.0,NOT CHARGING,0.43753555555599993,0.0
2020-02-19T17:27:59+00:00,0.0,32.0,215.0,NOT CHARGING,0.43753555555599993,0.0
2020-02-19T17:28:03+00:00,0.0,32.0,214.8,NOT CHARGING,0.43753555555599993,0.0
2020-02-19T17:28:07+00:00,0.0,32.0,214.9,NOT CHARGING,0.43753555555599993,0.0
2020-02-19T17:28:11+00:00,0.0,32.0,214.8,NOT CHARGING,0.43753555555599993,0.0
2020-02-19T17:28:15+00:00,0.0,32.0,214.8,NOT CHARGING,0.43753555555599993,0.0
2020-02-19T17:28:19+00:00,0.0,32.0,214.8,NOT CHARGING,0.43753555555599993,0.0
2020-02-19T17:28:23+00:00,0.0,32.0,214.9,NOT CHARGING,0.43753555555599993,0.0
2020-02-19T17:28:27+00:00,0.0,32.0,214.9,NOT CHARGING,0.43753555555599993,0.0
2020-02-19T17:28:31+00:00,0.0,32.0,214.9,NOT CHARGING,0.43753555555599993,0.0
2020-02-19T17:28:35+00:00,0.0,32.0,215.0,NOT CHARGING,0.43753555555599993,0.0
2020-02-19T17:28:38+00:00,0.0,32.0,214.9,NOT CHARGING,0.43753555555599993,0.0
2020-02-19T17:28:42+00:00,0.0,32.0,215.0,NOT CHARGING,0.43753555555599993,0.0
2020-02-19T17:28:46+00:00,0.0,32.0,215.0,NOT CHARGING,0.43753555555599993,0.0
2020-02-19T17:28:50+00:00,0.0,32.0,214.9,NOT CHARGING,0.43753555555599993,0.0
2020-02-19T17:28:54+00:00,0.0,32.0,215.0,NOT CHARGING,0.43753555555599993,0.0
2020-02-19T17:28:58+00:00,0.0,32.0,215.0,NOT CHARGING,0.43753555555599993,0.0
2020-02-19T17:29:02+00:00,0.0,32.0,215.0,NOT CHARGING,0.43753555555599993,0.0
2020-02-19T17:29:06+00:00,0.0,32.0,215.0,NOT CHARGING,0.43753555555599993,0.0
2020-02-19T17:29:10+00:00,0.0,32.0,215.0,NOT CHARGING,0.43753555555599993,0.0
2020-02-19T17:29:14+00:00,0.0,32.0,215.0,NOT CHARGING,0.43753555555599993,0.0
2020-02-19T17:29:18+00:00,0.0,32.0,214.8,NOT CHARGING,0.43753555555599993,0.0
2020-02-19T17:29:22+00:00,0.0,32.0,214.8,NOT CHARGING,0.43753555555599993,0.0
2020-02-19T17:29:26+00:00,0.0,32.0,214.8,NOT CHARGING,0.43753555555599993,0.0
2020-02-19T17:29:30+00:00,0.0,32.0,214.8,NOT CHARGING,0.43753555555599993,0.0
2020-02-19T17:29:34+00:00,0.0,32.0,214.9,NOT CHARGING,0.43753555555599993,0.0
2020-02-19T17:29:38+00:00,0.0,32.0,214.9,NOT CHARGING,0.43753555555599993,0.0
2020-02-19T17:29:42+00:00,0.0,32.0,214.9,NOT CHARGING,0.43753555555599993,0.0
2020-02-19T17:29:46+00:00,0.0,32.0,214.9,NOT CHARGING,0.43753555555599993,0.0
2020-02-19T17:29:49+00:00,0.0,32.0,214.8,NOT CHARGING,0.43753555555599993,0.0
2020-02-19T17:29:53+00:00,0.0,32.0,214.9,NOT CHARGING,0.43753555555599993,0.0
2020-02-19T17:29:57+00:00,0.0,32.0,214.9,NOT CHARGING,0.43753555555599993,0.0
2020-02-19T17:30:01+00:00,0.0,32.0,214.8,NOT CHARGING,0.43753555555599993,0.0
2020-02-19T17:30:05+00:00,0.0,32.0,214.8,NOT CHARGING,0.43753555555599993,0.0
2020-02-19T17:30:09+00:00,0.0,32.0,214.9,NOT CHARGING,0.43753555555599993,0.0
2020-02-19T17:30:13+00:00,0.0,32.0,215.0,NOT CHARGING,0.43753555555599993,0.0
2020-02-19T17:30:17+00:00,0.0,32.0,214.9,NOT CHARGING,0.43753555555599993,0.0
2020-02-19T17:30:21+00:00,0.0,32.0,215.0,NOT CHARGING,0.43753555555599993,0.0
2020-02-19T17:30:25+00:00,0.0,32.0,214.9,NOT CHARGING,0.43753555555599993,0.0
2020-02-19T17:30:29+00:00,0.0,32.0,215.0,NOT CHARGING,0.43753555555599993,0.0
2020-02-19T17:30:33+00:00,0.0,32.0,214.9,NOT CHARGING,0.43753555555599993,0.0
2020-02-19T17:30:37+00:00,0.0,32.0,214.9,NOT CHARGING,0.43753555555599993,0.0
2020-02-19T17:30:41+00:00,0.0,32.0,214.9,NOT CHARGING,0.43753555555599993,0.0
2020-02-19T17:30:45+00:00,0.0,32.0,214.8,NOT CHARGING,0.43753555555599993,0.0
2020-02-19T17:30:49+00:00,0.0,32.0,214.9,NOT CHARGING,0.43753555555599993,0.0
2020-02-19T17:30:53+00:00,0.0,32.0,214.9,NOT CHARGING,0.43753555555599993,0.0
2020-02-19T17:30:56+00:00,0.0,32.0,214.9,NOT CHARGING,0.43753555555599993,0.0
2020-02-19T17:31:00+00:00,0.0,32.0,214.9,NOT CHARGING,0.43753555555599993,0.0
2020-02-19T17:31:04+00:00,0.0,32.0,214.9,NOT CHARGING,0.43753555555599993,0.0
2020-02-19T17:31:08+00:00,0.0,32.0,215.0,NOT CHARGING,0.43753555555599993,0.0
2020-02-19T17:31:12+00:00,0.0,32.0,214.9,NOT CHARGING,0.43753555555599993,0.0
2020-02-19T17:31:16+00:00,0.0,32.0,215.0,NOT CHARGING,0.43753555555599993,0.0
2020-02-19T17:31:20+00:00,0.0,32.0,215.0,NOT CHARGING,0.43753555555599993,0.0
2020-02-19T17:31:24+00:00,0.0,32.0,214.9,NOT CHARGING,0.43753555555599993,0.0
2020-02-19T17:31:28+00:00,0.0,32.0,215.0,NOT CHARGING,0.43753555555599993,0.0
2020-02-19T17:31:32+00:00,0.0,32.0,215.0,NOT CHARGING,0.43753555555599993,0.0
2020-02-19T17:31:36+00:00,0.0,32.0,215.0,NOT CHARGING,0.43753555555599993,0.0
2020-02-19T17:31:40+00:00,0.0,32.0,215.0,NOT CHARGING,0.43753555555599993,0.0
2020-02-19T17:31:44+00:00,0.0,32.0,215.1,NOT CHARGING,0.43753555555599993,0.0
2020-02-19T17:31:48+00:00,0.0,32.0,215.0,NOT CHARGING,0.43753555555599993,0.0
2020-02-19T17:31:52+00:00,0.0,32.0,215.0,NOT CHARGING,0.43753555555599993,0.0
2020-02-19T17:31:56+00:00,0.0,32.0,215.0,NOT CHARGING,0.43753555555599993,0.0
2020-02-19T17:31:59+00:00,0.0,32.0,215.0,NOT CHARGING,0.43753555555599993,0.0
2020-02-19T17:32:03+00:00,0.0,32.0,214.9,NOT CHARGING,0.43753555555599993,0.0
2020-02-19T17:32:07+00:00,0.0,32.0,215.0,NOT CHARGING,0.43753555555599993,0.0
2020-02-19T17:32:11+00:00,0.0,32.0,214.9,NOT CHARGING,0.43753555555599993,0.0
2020-02-19T17:32:15+00:00,0.0,32.0,215.0,NOT CHARGING,0.43753555555599993,0.0
2020-02-19T17:32:19+00:00,0.0,32.0,215.0,NOT CHARGING,0.43753555555599993,0.0
2020-02-19T17:32:23+00:00,0.0,32.0,215.0,NOT CHARGING,0.43753555555599993,0.0
2020-02-19T17:32:27+00:00,0.0,32.0,215.0,NOT CHARGING,0.43753555555599993,0.0
2020-02-19T17:32:31+00:00,0.0,32.0,214.9,NOT CHARGING,0.43753555555599993,0.0
2020-02-19T17:32:35+00:00,0.0,32.0,214.9,NOT CHARGING,0.43753555555599993,0.0
2020-02-19T17:32:39+00:00,0.0,32.0,214.9,NOT CHARGING,0.43753555555599993,0.0
2020-02-19T17:32:43+00:00,0.0,32.0,215.0,NOT CHARGING,0.43753555555599993,0.0
2020-02-19T17:32:47+00:00,0.0,32.0,214.9,NOT CHARGING,0.43753555555599993,0.0
2020-02-19T17:32:51+00:00,0.0,32.0,215.2,NOT CHARGING,0.43753555555599993,0.0
2020-02-19T17:32:55+00:00,0.0,32.0,215.1,NOT CHARGING,0.43753555555599993,0.0
2020-02-19T17:32:59+00:00,0.0,32.0,215.2,NOT CHARGING,0.43753555555599993,0.0
2020-02-19T17:33:03+00:00,0.0,32.0,215.1,NOT CHARGING,0.43753555555599993,0.0
2020-02-19T17:33:07+00:00,0.0,32.0,215.0,NOT CHARGING,0.43753555555599993,0.0
2020-02-19T17:33:10+00:00,0.0,32.0,215.0,NOT CHARGING,0.43753555555599993,0.0
2020-02-19T17:33:14+00:00,0.0,32.0,215.1,NOT CHARGING,0.43753555555599993,0.0
2020-02-19T17:33:18+00:00,0.0,32.0,215.2,NOT CHARGING,0.43753555555599993,0.0
2020-02-19T17:33:22+00:00,0.0,32.0,215.2,NOT CHARGING,0.43753555555599993,0.0
2020-02-19T17:33:26+00:00,0.0,32.0,215.2,NOT CHARGING,0.43753555555599993,0.0
2020-02-19T17:33:30+00:00,0.0,32.0,215.1,NOT CHARGING,0.43753555555599993,0.0
2020-02-19T17:33:34+00:00,0.0,32.0,215.2,NOT CHARGING,0.43753555555599993,0.0
2020-02-19T17:33:38+00:00,0.0,32.0,215.2,NOT CHARGING,0.43753555555599993,0.0
2020-02-19T17:33:42+00:00,0.0,32.0,215.0,NOT CHARGING,0.43753555555599993,0.0
2020-02-19T17:33:46+00:00,0.0,32.0,215.2,NOT CHARGING,0.43753555555599993,0.0
2020-02-19T17:33:50+00:00,0.0,32.0,215.1,NOT CHARGING,0.43753555555599993,0.0
2020-02-19T17:33:54+00:00,0.0,32.0,215.0,NOT CHARGING,0.43753555555599993,0.0
2020-02-19T17:33:58+00:00,0.0,32.0,215.2,NOT CHARGING,0.43753555555599993,0.0
2020-02-19T17:34:02+00:00,0.0,32.0,215.0,NOT CHARGING,0.43753555555599993,0.0
2020-02-19T17:34:06+00:00,0.0,32.0,215.0,NOT CHARGING,0.43753555555599993,0.0
2020-02-19T17:34:10+00:00,0.0,32.0,215.0,NOT CHARGING,0.43753555555599993,0.0
2020-02-19T17:34:13+00:00,0.0,32.0,215.2,NOT CHARGING,0.43753555555599993,0.0
2020-02-19T17:34:17+00:00,0.0,32.0,215.0,NOT CHARGING,0.43753555555599993,0.0
2020-02-19T17:34:21+00:00,0.0,32.0,215.1,NOT CHARGING,0.43753555555599993,0.0
2020-02-19T17:34:25+00:00,0.0,32.0,215.0,NOT CHARGING,0.43753555555599993,0.0
2020-02-19T17:34:29+00:00,0.0,32.0,215.0,NOT CHARGING,0.43753555555599993,0.0
2020-02-19T17:34:33+00:00,0.0,32.0,215.0,NOT CHARGING,0.43753555555599993,0.0
2020-02-19T17:34:37+00:00,0.0,32.0,214.9,NOT CHARGING,0.43753555555599993,0.0
2020-02-19T17:34:41+00:00,0.0,32.0,215.0,NOT CHARGING,0.43753555555599993,0.0
2020-02-19T17:34:45+00:00,0.0,32.0,215.0,NOT CHARGING,0.43753555555599993,0.0
2020-02-19T17:34:49+00:00,0.0,32.0,215.0,NOT CHARGING,0.43753555555599993,0.0
2020-02-19T17:34:53+00:00,0.0,32.0,215.1,NOT CHARGING,0.43753555555599993,0.0
2020-02-19T17:34:57+00:00,0.0,32.0,215.0,NOT CHARGING,0.43753555555599993,0.0
2020-02-19T17:35:01+00:00,0.0,32.0,215.0,NOT CHARGING,0.43753555555599993,0.0
2020-02-19T17:35:05+00:00,0.0,32.0,215.0,NOT CHARGING,0.43753555555599993,0.0
2020-02-19T17:35:09+00:00,0.0,32.0,215.1,NOT CHARGING,0.43753555555599993,0.0
2020-02-19T17:35:13+00:00,0.0,32.0,215.0,NOT CHARGING,0.43753555555599993,0.0
2020-02-19T17:35:17+00:00,0.0,32.0,215.1,NOT CHARGING,0.43753555555599993,0.0
2020-02-19T17:35:20+00:00,0.0,32.0,215.0,NOT CHARGING,0.43753555555599993,0.0
2020-02-19T17:35:24+00:00,0.0,32.0,215.0,NOT CHARGING,0.43753555555599993,0.0
2020-02-19T17:35:28+00:00,0.0,32.0,215.0,NOT CHARGING,0.43753555555599993,0.0
2020-02-19T17:35:32+00:00,0.0,32.0,215.0,NOT CHARGING,0.43753555555599993,0.0
2020-02-19T17:35:36+00:00,0.0,32.0,215.1,NOT CHARGING,0.43753555555599993,0.0
2020-02-19T17:35:40+00:00,0.0,32.0,215.0,NOT CHARGING,0.43753555555599993,0.0
2020-02-19T17:35:44+00:00,0.0,32.0,215.1,NOT CHARGING,0.43753555555599993,0.0
2020-02-19T17:35:48+00:00,0.0,32.0,215.0,NOT CHARGING,0.43753555555599993,0.0
2020-02-19T17:35:52+00:00,0.0,32.0,215.0,NOT CHARGING,0.43753555555599993,0.0
2020-02-19T17:35:56+00:00,0.0,32.0,215.0,NOT CHARGING,0.43753555555599993,0.0
2020-02-19T17:36:00+00:00,0.0,32.0,215.0,NOT CHARGING,0.43753555555599993,0.0
2020-02-19T17:36:04+00:00,0.0,32.0,215.0,NOT CHARGING,0.43753555555599993,0.0
2020-02-19T17:36:08+00:00,0.0,32.0,215.0,NOT CHARGING,0.43753555555599993,0.0
2020-02-19T17:36:12+00:00,0.0,32.0,214.9,NOT CHARGING,0.43753555555599993,0.0
2020-02-19T17:36:16+00:00,0.0,32.0,215.0,NOT CHARGING,0.43753555555599993,0.0
2020-02-19T17:36:20+00:00,0.0,32.0,215.0,NOT CHARGING,0.43753555555599993,0.0
2020-02-19T17:36:24+00:00,0.0,32.0,215.0,NOT CHARGING,0.43753555555599993,0.0
2020-02-19T17:36:27+00:00,0.0,32.0,215.0,NOT CHARGING,0.43753555555599993,0.0
2020-02-19T17:36:31+00:00,0.0,32.0,215.0,NOT CHARGING,0.43753555555599993,0.0
2020-02-19T17:36:35+00:00,0.0,32.0,215.0,NOT CHARGING,0.43753555555599993,0.0
2020-02-19T17:36:39+00:00,0.0,32.0,215.0,NOT CHARGING,0.43753555555599993,0.0
2020-02-19T17:36:43+00:00,0.0,32.0,214.9,NOT CHARGING,0.43753555555599993,0.0
2020-02-19T17:36:47+00:00,0.0,32.0,214.9,NOT CHARGING,0.43753555555599993,0.0
2020-02-19T17:36:51+00:00,0.0,32.0,215.0,NOT CHARGING,0.43753555555599993,0.0
2020-02-19T17:36:55+00:00,0.0,32.0,214.9,NOT CHARGING,0.43753555555599993,0.0
2020-02-19T17:36:59+00:00,0.0,32.0,214.9,NOT CHARGING,0.43753555555599993,0.0
2020-02-19T17:37:03+00:00,0.0,32.0,215.0,NOT CHARGING,0.43753555555599993,0.0
2020-02-19T17:37:07+00:00,0.0,32.0,215.0,NOT CHARGING,0.43753555555599993,0.0
2020-02-19T17:37:11+00:00,0.0,32.0,215.0,NOT CHARGING,0.43753555555599993,0.0
2020-02-19T17:37:15+00:00,0.0,32.0,215.0,NOT CHARGING,0.43753555555599993,0.0
2020-02-19T17:37:19+00:00,0.0,32.0,215.0,NOT CHARGING,0.43753555555599993,0.0
2020-02-19T17:37:23+00:00,0.0,32.0,215.0,NOT CHARGING,0.43753555555599993,0.0
2020-02-19T17:37:27+00:00,0.0,32.0,214.9,NOT CHARGING,0.43753555555599993,0.0
2020-02-19T17:37:31+00:00,0.0,32.0,215.0,NOT CHARGING,0.43753555555599993,0.0
2020-02-19T17:37:34+00:00,0.0,32.0,215.0,NOT CHARGING,0.43753555555599993,0.0
2020-02-19T17:37:38+00:00,0.0,32.0,214.9,NOT CHARGING,0.43753555555599993,0.0
2020-02-19T17:37:42+00:00,0.0,32.0,215.0,NOT CHARGING,0.43753555555599993,0.0
2020-02-19T17:37:46+00:00,0.0,32.0,215.0,NOT CHARGING,0.43753555555599993,0.0
2020-02-19T17:37:50+00:00,0.0,32.0,214.9,NOT CHARGING,0.43753555555599993,0.0
2020-02-19T17:37:54+00:00,0.0,32.0,215.0,NOT CHARGING,0.43753555555599993,0.0
2020-02-19T17:37:58+00:00,0.0,32.0,215.0,NOT CHARGING,0.43753555555599993,0.0
2020-02-19T17:38:02+00:00,0.0,32.0,214.9,NOT CHARGING,0.43753555555599993,0.0
2020-02-19T17:38:06+00:00,0.0,32.0,215.0,NOT CHARGING,0.43753555555599993,0.0
2020-02-19T17:38:10+00:00,0.0,32.0,215.0,NOT CHARGING,0.43753555555599993,0.0
2020-02-19T17:38:14+00:00,0.0,32.0,215.1,NOT CHARGING,0.43753555555599993,0.0
2020-02-19T17:38:18+00:00,0.0,32.0,215.0,NOT CHARGING,0.43753555555599993,0.0
2020-02-19T17:38:22+00:00,0.0,32.0,215.0,NOT CHARGING,0.43753555555599993,0.0
2020-02-19T17:38:26+00:00,0.0,32.0,215.0,NOT CHARGING,0.43753555555599993,0.0
2020-02-19T17:38:30+00:00,0.0,32.0,215.0,NOT CHARGING,0.43753555555599993,0.0
2020-02-19T17:38:34+00:00,0.0,32.0,215.0,NOT CHARGING,0.43753555555599993,0.0
2020-02-19T17:38:38+00:00,0.0,32.0,215.1,NOT CHARGING,0.43753555555599993,0.0
2020-02-19T17:38:41+00:00,0.0,32.0,215.0,NOT CHARGING,0.43753555555599993,0.0
2020-02-19T17:38:45+00:00,0.0,32.0,215.1,NOT CHARGING,0.43753555555599993,0.0
2020-02-19T17:38:49+00:00,0.0,32.0,215.0,NOT CHARGING,0.43753555555599993,0.0
2020-02-19T17:38:53+00:00,0.0,32.0,215.0,NOT CHARGING,0.43753555555599993,0.0
2020-02-19T17:38:57+00:00,0.0,32.0,215.0,NOT CHARGING,0.43753555555599993,0.0
2020-02-19T17:39:01+00:00,0.0,32.0,215.0,NOT CHARGING,0.43753555555599993,0.0
2020-02-19T17:39:05+00:00,0.0,32.0,215.0,NOT CHARGING,0.43753555555599993,0.0
2020-02-19T17:39:09+00:00,0.0,32.0,215.0,NOT CHARGING,0.43753555555599993,0.0
2020-02-19T17:39:13+00:00,0.0,32.0,215.0,NOT CHARGING,0.43753555555599993,0.0
2020-02-19T17:39:17+00:00,0.0,32.0,215.0,NOT CHARGING,0.43753555555599993,0.0
2020-02-19T17:39:21+00:00,0.0,32.0,215.0,NOT CHARGING,0.43753555555599993,0.0
2020-02-19T17:39:25+00:00,0.0,32.0,215.0,NOT CHARGING,0.43753555555599993,0.0
2020-02-19T17:39:29+00:00,0.0,32.0,215.0,NOT CHARGING,0.43753555555599993,0.0
2020-02-19T17:39:33+00:00,0.0,32.0,215.0,NOT CHARGING,0.43753555555599993,0.0
2020-02-19T17:39:37+00:00,0.0,32.0,215.0,NOT CHARGING,0.43753555555599993,0.0
2020-02-19T17:39:41+00:00,0.0,32.0,215.0,NOT CHARGING,0.43753555555599993,0.0
2020-02-19T17:39:45+00:00,0.0,32.0,215.0,NOT CHARGING,0.43753555555599993,0.0
2020-02-19T17:39:49+00:00,0.0,32.0,215.0,NOT CHARGING,0.43753555555599993,0.0
2020-02-19T17:39:52+00:00,0.0,32.0,215.1,NOT CHARGING,0.43753555555599993,0.0
2020-02-19T17:39:56+00:00,0.0,32.0,215.1,NOT CHARGING,0.43753555555599993,0.0
2020-02-19T17:40:00+00:00,0.0,32.0,215.2,NOT CHARGING,0.43753555555599993,0.0
2020-02-19T17:40:04+00:00,0.0,32.0,215.0,NOT CHARGING,0.43753555555599993,0.0
2020-02-19T17:40:08+00:00,0.0,32.0,215.1,NOT CHARGING,0.43753555555599993,0.0
2020-02-19T17:40:12+00:00,0.0,32.0,215.1,NOT CHARGING,0.43753555555599993,0.0
2020-02-19T17:40:16+00:00,0.0,32.0,215.0,NOT CHARGING,0.43753555555599993,0.0
2020-02-19T17:40:20+00:00,0.0,32.0,215.0,NOT CHARGING,0.43753555555599993,0.0
2020-02-19T17:40:24+00:00,0.0,32.0,215.0,NOT CHARGING,0.43753555555599993,0.0
2020-02-19T17:40:28+00:00,0.0,32.0,214.9,NOT CHARGING,0.43753555555599993,0.0
2020-02-19T17:40:32+00:00,0.0,32.0,215.0,NOT CHARGING,0.43753555555599993,0.0
2020-02-19T17:40:36+00:00,0.0,32.0,215.0,NOT CHARGING,0.43753555555599993,0.0
2020-02-19T17:40:40+00:00,0.0,32.0,215.0,NOT CHARGING,0.43753555555599993,0.0
2020-02-19T17:40:44+00:00,0.0,32.0,214.9,NOT CHARGING,0.43753555555599993,0.0
2020-02-19T17:40:48+00:00,0.0,32.0,214.9,NOT CHARGING,0.43753555555599993,0.0
2020-02-19T17:40:52+00:00,0.0,32.0,215.0,NOT CHARGING,0.43753555555599993,0.0
2020-02-19T17:40:55+00:00,0.0,32.0,215.0,NOT CHARGING,0.43753555555599993,0.0
2020-02-19T17:40:59+00:00,0.0,32.0,214.8,NOT CHARGING,0.43753555555599993,0.0
2020-02-19T17:41:03+00:00,0.0,32.0,214.9,NOT CHARGING,0.43753555555599993,0.0
2020-02-19T17:41:07+00:00,0.0,32.0,215.0,NOT CHARGING,0.43753555555599993,0.0
2020-02-19T17:41:11+00:00,0.0,32.0,215.0,NOT CHARGING,0.43753555555599993,0.0
2020-02-19T17:41:15+00:00,0.0,32.0,214.9,NOT CHARGING,0.43753555555599993,0.0
2020-02-19T17:41:19+00:00,0.0,32.0,215.0,NOT CHARGING,0.43753555555599993,0.0
2020-02-19T17:41:23+00:00,0.0,32.0,215.1,NOT CHARGING,0.43753555555599993,0.0
2020-02-19T17:41:27+00:00,0.0,32.0,215.0,NOT CHARGING,0.43753555555599993,0.0
2020-02-19T17:41:31+00:00,0.0,32.0,215.0,NOT CHARGING,0.43753555555599993,0.0
2020-02-19T17:41:35+00:00,0.0,32.0,215.0,NOT CHARGING,0.43753555555599993,0.0
2020-02-19T17:41:39+00:00,0.0,32.0,215.0,NOT CHARGING,0.43753555555599993,0.0
2020-02-19T17:41:43+00:00,0.0,32.0,215.0,NOT CHARGING,0.43753555555599993,0.0
2020-02-19T17:41:47+00:00,0.0,32.0,215.0,NOT CHARGING,0.43753555555599993,0.0
2020-02-19T17:41:51+00:00,0.0,32.0,215.0,NOT CHARGING,0.43753555555599993,0.0
2020-02-19T17:41:55+00:00,0.0,32.0,215.0,NOT CHARGING,0.43753555555599993,0.0
2020-02-19T17:41:59+00:00,0.0,32.0,215.0,NOT CHARGING,0.43753555555599993,0.0
2020-02-19T17:42:02+00:00,0.0,32.0,215.0,NOT CHARGING,0.43753555555599993,0.0
2020-02-19T17:42:06+00:00,0.0,32.0,214.9,NOT CHARGING,0.43753555555599993,0.0
2020-02-19T17:42:10+00:00,0.0,32.0,214.9,NOT CHARGING,0.43753555555599993,0.0
2020-02-19T17:42:14+00:00,0.0,32.0,215.0,NOT CHARGING,0.43753555555599993,0.0
2020-02-19T17:42:18+00:00,0.0,32.0,214.9,NOT CHARGING,0.43753555555599993,0.0
2020-02-19T17:42:22+00:00,0.0,32.0,214.9,NOT CHARGING,0.43753555555599993,0.0
2020-02-19T17:42:26+00:00,0.0,32.0,215.0,NOT CHARGING,0.43753555555599993,0.0
2020-02-19T17:42:30+00:00,0.0,32.0,215.0,NOT CHARGING,0.43753555555599993,0.0
2020-02-19T17:42:34+00:00,0.0,32.0,215.0,NOT CHARGING,0.43753555555599993,0.0
2020-02-19T17:42:38+00:00,0.0,32.0,215.0,NOT CHARGING,0.43753555555599993,0.0
2020-02-19T17:42:42+00:00,0.0,32.0,215.0,NOT CHARGING,0.43753555555599993,0.0
2020-02-19T17:42:46+00:00,0.0,32.0,215.0,NOT CHARGING,0.43753555555599993,0.0
2020-02-19T17:42:50+00:00,0.0,32.0,215.0,NOT CHARGING,0.43753555555599993,0.0
2020-02-19T17:42:54+00:00,0.0,32.0,215.0,NOT CHARGING,0.43753555555599993,0.0
2020-02-19T17:42:58+00:00,0.0,32.0,214.9,NOT CHARGING,0.43753555555599993,0.0
2020-02-19T17:43:02+00:00,0.0,32.0,214.9,NOT CHARGING,0.43753555555599993,0.0
2020-02-19T17:43:06+00:00,0.0,32.0,214.9,NOT CHARGING,0.43753555555599993,0.0
2020-02-19T17:43:09+00:00,0.0,32.0,215.0,NOT CHARGING,0.43753555555599993,0.0
2020-02-19T17:43:13+00:00,0.0,32.0,214.9,NOT CHARGING,0.43753555555599993,0.0
2020-02-19T17:43:17+00:00,0.0,32.0,214.9,NOT CHARGING,0.43753555555599993,0.0
2020-02-19T17:43:21+00:00,0.0,32.0,214.9,NOT CHARGING,0.43753555555599993,0.0
2020-02-19T17:43:25+00:00,0.0,32.0,214.8,NOT CHARGING,0.43753555555599993,0.0
2020-02-19T17:43:29+00:00,0.0,32.0,214.9,NOT CHARGING,0.43753555555599993,0.0
2020-02-19T17:43:33+00:00,0.0,32.0,214.8,NOT CHARGING,0.43753555555599993,0.0
2020-02-19T17:43:37+00:00,0.0,32.0,214.9,NOT CHARGING,0.43753555555599993,0.0
2020-02-19T17:43:41+00:00,0.0,32.0,215.0,NOT CHARGING,0.43753555555599993,0.0
2020-02-19T17:43:45+00:00,0.0,32.0,214.9,NOT CHARGING,0.43753555555599993,0.0
2020-02-19T17:43:49+00:00,0.0,32.0,215.0,NOT CHARGING,0.43753555555599993,0.0
2020-02-19T17:43:53+00:00,0.0,32.0,215.0,NOT CHARGING,0.43753555555599993,0.0
2020-02-19T17:43:57+00:00,0.0,32.0,214.9,NOT CHARGING,0.43753555555599993,0.0
2020-02-19T17:44:01+00:00,0.0,32.0,214.9,NOT CHARGING,0.43753555555599993,0.0
2020-02-19T17:44:05+00:00,0.0,32.0,214.9,NOT CHARGING,0.43753555555599993,0.0
2020-02-19T17:44:09+00:00,0.0,32.0,215.0,NOT CHARGING,0.43753555555599993,0.0
2020-02-19T17:44:13+00:00,0.0,32.0,215.0,NOT CHARGING,0.43753555555599993,0.0
2020-02-19T17:44:16+00:00,0.0,32.0,214.9,NOT CHARGING,0.43753555555599993,0.0
2020-02-19T17:44:20+00:00,0.0,32.0,215.0,NOT CHARGING,0.43753555555599993,0.0
2020-02-19T17:44:24+00:00,0.0,32.0,215.0,NOT CHARGING,0.43753555555599993,0.0
2020-02-19T17:44:28+00:00,0.0,32.0,215.0,NOT CHARGING,0.43753555555599993,0.0
2020-02-19T17:44:32+00:00,0.0,32.0,215.0,NOT CHARGING,0.43753555555599993,0.0
2020-02-19T17:44:36+00:00,0.0,32.0,215.0,NOT CHARGING,0.43753555555599993,0.0
2020-02-19T17:44:40+00:00,0.0,32.0,215.1,NOT CHARGING,0.43753555555599993,0.0
2020-02-19T17:44:44+00:00,0.0,32.0,215.0,NOT CHARGING,0.43753555555599993,0.0
2020-02-19T17:44:48+00:00,0.0,32.0,215.0,NOT CHARGING,0.43753555555599993,0.0
2020-02-19T17:44:52+00:00,0.0,32.0,215.0,NOT CHARGING,0.43753555555599993,0.0
2020-02-19T17:44:56+00:00,0.0,32.0,215.0,NOT CHARGING,0.43753555555599993,0.0
2020-02-19T17:45:00+00:00,0.0,32.0,215.0,NOT CHARGING,0.43753555555599993,0.0
2020-02-19T17:45:04+00:00,0.0,32.0,215.0,NOT CHARGING,0.43753555555599993,0.0
2020-02-19T17:45:08+00:00,0.0,32.0,215.1,NOT CHARGING,0.43753555555599993,0.0
2020-02-19T17:45:12+00:00,0.0,32.0,215.0,NOT CHARGING,0.43753555555599993,0.0
2020-02-19T17:45:16+00:00,0.0,32.0,215.0,NOT CHARGING,0.43753555555599993,0.0
2020-02-19T17:45:20+00:00,0.0,32.0,214.9,NOT CHARGING,0.43753555555599993,0.0
2020-02-19T17:45:23+00:00,0.0,32.0,214.9,NOT CHARGING,0.43753555555599993,0.0
2020-02-19T17:45:27+00:00,0.0,32.0,214.9,NOT CHARGING,0.43753555555599993,0.0
2020-02-19T17:45:31+00:00,0.0,32.0,214.9,NOT CHARGING,0.43753555555599993,0.0
2020-02-19T17:45:35+00:00,0.0,32.0,214.9,NOT CHARGING,0.43753555555599993,0.0
2020-02-19T17:45:39+00:00,0.0,32.0,214.9,NOT CHARGING,0.43753555555599993,0.0
2020-02-19T17:45:43+00:00,0.0,32.0,215.0,NOT CHARGING,0.43753555555599993,0.0
2020-02-19T17:45:47+00:00,0.0,32.0,214.9,NOT CHARGING,0.43753555555599993,0.0
2020-02-19T17:45:51+00:00,0.0,32.0,214.9,NOT CHARGING,0.43753555555599993,0.0
2020-02-19T17:45:55+00:00,0.0,32.0,215.0,NOT CHARGING,0.43753555555599993,0.0
2020-02-19T17:45:59+00:00,0.0,32.0,215.0,NOT CHARGING,0.43753555555599993,0.0
2020-02-19T17:46:03+00:00,0.0,32.0,215.0,NOT CHARGING,0.43753555555599993,0.0
2020-02-19T17:46:07+00:00,0.0,32.0,215.0,NOT CHARGING,0.43753555555599993,0.0
2020-02-19T17:46:11+00:00,0.0,32.0,215.0,NOT CHARGING,0.43753555555599993,0.0
2020-02-19T17:46:15+00:00,0.0,32.0,214.9,NOT CHARGING,0.43753555555599993,0.0
2020-02-19T17:46:19+00:00,0.0,32.0,214.9,NOT CHARGING,0.43753555555599993,0.0
2020-02-19T17:46:23+00:00,0.0,32.0,215.0,NOT CHARGING,0.43753555555599993,0.0
2020-02-19T17:46:26+00:00,0.0,32.0,214.9,NOT CHARGING,0.43753555555599993,0.0
2020-02-19T17:46:30+00:00,0.0,32.0,214.8,NOT CHARGING,0.43753555555599993,0.0
2020-02-19T17:46:34+00:00,0.0,32.0,215.0,NOT CHARGING,0.43753555555599993,0.0
2020-02-19T17:46:38+00:00,0.0,32.0,215.0,NOT CHARGING,0.43753555555599993,0.0
2020-02-19T17:46:42+00:00,0.0,32.0,215.0,NOT CHARGING,0.43753555555599993,0.0
2020-02-19T17:46:46+00:00,0.0,32.0,214.9,NOT CHARGING,0.43753555555599993,0.0
2020-02-19T17:46:50+00:00,0.0,32.0,215.0,NOT CHARGING,0.43753555555599993,0.0
2020-02-19T17:46:54+00:00,0.0,32.0,214.9,NOT CHARGING,0.43753555555599993,0.0
2020-02-19T17:46:58+00:00,0.0,32.0,214.9,NOT CHARGING,0.43753555555599993,0.0
2020-02-19T17:47:02+00:00,0.0,32.0,214.9,NOT CHARGING,0.43753555555599993,0.0
2020-02-19T17:47:06+00:00,0.0,32.0,215.0,NOT CHARGING,0.43753555555599993,0.0
2020-02-19T17:47:10+00:00,0.0,32.0,215.0,NOT CHARGING,0.43753555555599993,0.0
2020-02-19T17:47:14+00:00,0.0,32.0,215.0,NOT CHARGING,0.43753555555599993,0.0
2020-02-19T17:47:18+00:00,0.0,32.0,215.0,NOT CHARGING,0.43753555555599993,0.0
2020-02-19T17:47:22+00:00,0.0,32.0,215.0,NOT CHARGING,0.43753555555599993,0.0
2020-02-19T17:47:26+00:00,0.0,32.0,215.1,NOT CHARGING,0.43753555555599993,0.0
2020-02-19T17:47:30+00:00,0.0,32.0,215.1,NOT CHARGING,0.43753555555599993,0.0
2020-02-19T17:47:34+00:00,0.0,32.0,215.0,NOT CHARGING,0.43753555555599993,0.0
2020-02-19T17:47:37+00:00,0.0,32.0,215.0,NOT CHARGING,0.43753555555599993,0.0
2020-02-19T17:47:41+00:00,0.0,32.0,215.0,NOT CHARGING,0.43753555555599993,0.0
2020-02-19T17:47:45+00:00,0.0,32.0,215.0,NOT CHARGING,0.43753555555599993,0.0
2020-02-19T17:47:49+00:00,0.0,32.0,215.1,NOT CHARGING,0.43753555555599993,0.0
2020-02-19T17:47:53+00:00,0.0,32.0,215.0,NOT CHARGING,0.43753555555599993,0.0
2020-02-19T17:47:57+00:00,0.0,32.0,215.1,NOT CHARGING,0.43753555555599993,0.0
2020-02-19T17:48:01+00:00,0.0,32.0,215.0,NOT CHARGING,0.43753555555599993,0.0
2020-02-19T17:48:05+00:00,0.0,32.0,215.1,NOT CHARGING,0.43753555555599993,0.0
2020-02-19T17:48:09+00:00,0.0,32.0,215.1,NOT CHARGING,0.43753555555599993,0.0
2020-02-19T17:48:13+00:00,0.0,32.0,215.0,NOT CHARGING,0.43753555555599993,0.0
2020-02-19T17:48:17+00:00,0.0,32.0,215.1,NOT CHARGING,0.43753555555599993,0.0
2020-02-19T17:48:21+00:00,0.0,32.0,215.1,NOT CHARGING,0.43753555555599993,0.0
2020-02-19T17:48:25+00:00,0.0,32.0,215.1,NOT CHARGING,0.43753555555599993,0.0
2020-02-19T17:48:29+00:00,0.0,32.0,215.1,NOT CHARGING,0.43753555555599993,0.0
2020-02-19T17:48:33+00:00,0.0,32.0,215.0,NOT CHARGING,0.43753555555599993,0.0
2020-02-19T17:48:37+00:00,0.0,32.0,215.0,NOT CHARGING,0.43753555555599993,0.0
2020-02-19T17:48:40+00:00,0.0,32.0,215.0,NOT CHARGING,0.43753555555599993,0.0
2020-02-19T17:48:44+00:00,0.0,32.0,214.9,NOT CHARGING,0.43753555555599993,0.0
2020-02-19T17:48:48+00:00,0.0,32.0,214.9,NOT CHARGING,0.43753555555599993,0.0
2020-02-19T17:48:52+00:00,0.0,32.0,214.9,NOT CHARGING,0.43753555555599993,0.0
2020-02-19T17:48:56+00:00,0.0,32.0,214.9,NOT CHARGING,0.43753555555599993,0.0
2020-02-19T17:49:00+00:00,0.0,32.0,215.0,NOT CHARGING,0.43753555555599993,0.0
2020-02-19T17:49:04+00:00,0.0,32.0,214.9,NOT CHARGING,0.43753555555599993,0.0
2020-02-19T17:49:08+00:00,0.0,32.0,214.9,NOT CHARGING,0.43753555555599993,0.0
2020-02-19T17:49:12+00:00,0.0,32.0,214.9,NOT CHARGING,0.43753555555599993,0.0
2020-02-19T17:49:16+00:00,0.0,32.0,215.0,NOT CHARGING,0.43753555555599993,0.0
2020-02-19T17:49:20+00:00,0.0,32.0,214.9,NOT CHARGING,0.43753555555599993,0.0
2020-02-19T17:49:24+00:00,0.0,32.0,214.8,NOT CHARGING,0.43753555555599993,0.0
2020-02-19T17:49:28+00:00,0.0,32.0,214.8,NOT CHARGING,0.43753555555599993,0.0
2020-02-19T17:49:32+00:00,0.0,32.0,214.9,NOT CHARGING,0.43753555555599993,0.0
2020-02-19T17:49:36+00:00,0.0,32.0,214.8,NOT CHARGING,0.43753555555599993,0.0
2020-02-19T17:49:40+00:00,0.0,32.0,214.8,NOT CHARGING,0.43753555555599993,0.0
2020-02-19T17:49:44+00:00,0.0,32.0,214.9,NOT CHARGING,0.43753555555599993,0.0
2020-02-19T17:49:47+00:00,0.0,32.0,214.9,NOT CHARGING,0.43753555555599993,0.0
2020-02-19T17:49:51+00:00,0.0,32.0,215.0,NOT CHARGING,0.43753555555599993,0.0
2020-02-19T17:49:55+00:00,0.0,32.0,215.0,NOT CHARGING,0.43753555555599993,0.0
2020-02-19T17:49:59+00:00,0.0,32.0,214.9,NOT CHARGING,0.43753555555599993,0.0
2020-02-19T17:50:03+00:00,0.0,32.0,215.0,NOT CHARGING,0.43753555555599993,0.0
2020-02-19T17:50:07+00:00,0.0,32.0,214.9,NOT CHARGING,0.43753555555599993,0.0
2020-02-19T17:50:11+00:00,0.0,32.0,214.9,NOT CHARGING,0.43753555555599993,0.0
2020-02-19T17:50:15+00:00,0.0,32.0,215.0,NOT CHARGING,0.43753555555599993,0.0
2020-02-19T17:50:19+00:00,0.0,32.0,214.9,NOT CHARGING,0.43753555555599993,0.0
2020-02-19T17:50:23+00:00,0.0,32.0,215.0,NOT CHARGING,0.43753555555599993,0.0
2020-02-19T17:50:27+00:00,0.0,32.0,214.8,NOT CHARGING,0.43753555555599993,0.0
2020-02-19T17:50:31+00:00,0.0,32.0,214.8,NOT CHARGING,0.43753555555599993,0.0
2020-02-19T17:50:35+00:00,0.0,32.0,214.8,NOT CHARGING,0.43753555555599993,0.0
2020-02-19T17:50:39+00:00,0.0,32.0,214.8,NOT CHARGING,0.43753555555599993,0.0
2020-02-19T17:50:43+00:00,0.0,32.0,214.8,NOT CHARGING,0.43753555555599993,0.0
2020-02-19T17:50:47+00:00,0.0,32.0,214.9,NOT CHARGING,0.43753555555599993,0.0
2020-02-19T17:50:51+00:00,0.0,32.0,214.9,NOT CHARGING,0.43753555555599993,0.0
2020-02-19T17:50:54+00:00,0.0,32.0,214.8,NOT CHARGING,0.43753555555599993,0.0
2020-02-19T17:50:58+00:00,0.0,32.0,214.8,NOT CHARGING,0.43753555555599993,0.0
2020-02-19T17:51:02+00:00,0.0,32.0,214.8,NOT CHARGING,0.43753555555599993,0.0
2020-02-19T17:51:06+00:00,0.0,32.0,214.8,NOT CHARGING,0.43753555555599993,0.0
2020-02-19T17:51:10+00:00,0.0,32.0,214.7,NOT CHARGING,0.43753555555599993,0.0
2020-02-19T17:51:14+00:00,0.0,32.0,214.7,NOT CHARGING,0.43753555555599993,0.0
2020-02-19T17:51:18+00:00,0.0,32.0,214.8,NOT CHARGING,0.43753555555599993,0.0
2020-02-19T17:51:22+00:00,0.0,32.0,214.7,NOT CHARGING,0.43753555555599993,0.0
2020-02-19T17:51:26+00:00,0.0,32.0,214.8,NOT CHARGING,0.43753555555599993,0.0
2020-02-19T17:51:30+00:00,0.0,32.0,214.8,NOT CHARGING,0.43753555555599993,0.0
2020-02-19T17:51:34+00:00,0.0,32.0,214.7,NOT CHARGING,0.43753555555599993,0.0
2020-02-19T17:51:38+00:00,0.0,32.0,214.8,NOT CHARGING,0.43753555555599993,0.0
2020-02-19T17:51:42+00:00,0.0,32.0,214.8,NOT CHARGING,0.43753555555599993,0.0
2020-02-19T17:51:46+00:00,0.0,32.0,214.7,NOT CHARGING,0.43753555555599993,0.0
2020-02-19T17:51:50+00:00,0.0,32.0,214.8,NOT CHARGING,0.43753555555599993,0.0
2020-02-19T17:51:54+00:00,0.0,32.0,214.7,NOT CHARGING,0.43753555555599993,0.0
2020-02-19T17:51:58+00:00,0.0,32.0,214.8,NOT CHARGING,0.43753555555599993,0.0
2020-02-19T17:52:01+00:00,0.0,32.0,214.7,NOT CHARGING,0.43753555555599993,0.0
2020-02-19T17:52:05+00:00,0.0,32.0,214.7,NOT CHARGING,0.43753555555599993,0.0
2020-02-19T17:52:09+00:00,0.0,32.0,214.7,NOT CHARGING,0.43753555555599993,0.0
2020-02-19T17:52:13+00:00,0.0,32.0,214.7,NOT CHARGING,0.43753555555599993,0.0
2020-02-19T17:52:17+00:00,0.0,32.0,214.6,NOT CHARGING,0.43753555555599993,0.0
2020-02-19T17:52:21+00:00,0.0,32.0,214.8,NOT CHARGING,0.43753555555599993,0.0
2020-02-19T17:52:25+00:00,0.0,32.0,214.7,NOT CHARGING,0.43753555555599993,0.0
2020-02-19T17:52:29+00:00,0.0,32.0,214.7,NOT CHARGING,0.43753555555599993,0.0
2020-02-19T17:52:33+00:00,0.0,32.0,214.8,NOT CHARGING,0.43753555555599993,0.0
2020-02-19T17:52:37+00:00,0.0,32.0,214.8,NOT CHARGING,0.43753555555599993,0.0
2020-02-19T17:52:41+00:00,0.0,32.0,214.8,NOT CHARGING,0.43753555555599993,0.0
2020-02-19T17:52:45+00:00,0.0,32.0,214.7,NOT CHARGING,0.43753555555599993,0.0
2020-02-19T17:52:49+00:00,0.0,32.0,214.8,NOT CHARGING,0.43753555555599993,0.0
2020-02-19T17:52:53+00:00,0.0,32.0,214.8,NOT CHARGING,0.43753555555599993,0.0
2020-02-19T17:52:57+00:00,0.0,32.0,214.8,NOT CHARGING,0.43753555555599993,0.0
2020-02-19T17:53:01+00:00,0.0,32.0,214.8,NOT CHARGING,0.43753555555599993,0.0
2020-02-19T17:53:05+00:00,0.0,32.0,214.8,NOT CHARGING,0.43753555555599993,0.0
2020-02-19T17:53:08+00:00,0.0,32.0,214.8,NOT CHARGING,0.43753555555599993,0.0
2020-02-19T17:53:12+00:00,0.0,32.0,214.8,NOT CHARGING,0.43753555555599993,0.0
2020-02-19T17:53:16+00:00,0.0,32.0,214.8,NOT CHARGING,0.43753555555599993,0.0
2020-02-19T17:53:20+00:00,0.0,32.0,214.9,NOT CHARGING,0.43753555555599993,0.0
2020-02-19T17:53:24+00:00,0.0,32.0,214.9,NOT CHARGING,0.43753555555599993,0.0
2020-02-19T17:53:28+00:00,0.0,32.0,214.9,NOT CHARGING,0.43753555555599993,0.0
2020-02-19T17:53:32+00:00,0.0,32.0,214.9,NOT CHARGING,0.43753555555599993,0.0
2020-02-19T17:53:36+00:00,0.0,32.0,214.8,NOT CHARGING,0.43753555555599993,0.0
2020-02-19T17:53:40+00:00,0.0,32.0,214.8,NOT CHARGING,0.43753555555599993,0.0
2020-02-19T17:53:44+00:00,0.0,32.0,214.9,NOT CHARGING,0.43753555555599993,0.0
2020-02-19T17:53:48+00:00,0.0,32.0,214.8,NOT CHARGING,0.43753555555599993,0.0
2020-02-19T17:53:52+00:00,0.0,32.0,214.9,NOT CHARGING,0.43753555555599993,0.0
2020-02-19T17:53:56+00:00,0.0,32.0,214.8,NOT CHARGING,0.43753555555599993,0.0
2020-02-19T17:54:00+00:00,0.0,32.0,215.0,NOT CHARGING,0.43753555555599993,0.0
2020-02-19T17:54:04+00:00,0.0,32.0,215.0,NOT CHARGING,0.43753555555599993,0.0
2020-02-19T17:54:08+00:00,0.0,32.0,214.8,NOT CHARGING,0.43753555555599993,0.0
2020-02-19T17:54:12+00:00,0.0,32.0,214.9,NOT CHARGING,0.43753555555599993,0.0
2020-02-19T17:54:15+00:00,0.0,32.0,214.8,NOT CHARGING,0.43753555555599993,0.0
2020-02-19T17:54:19+00:00,0.0,32.0,214.8,NOT CHARGING,0.43753555555599993,0.0
2020-02-19T17:54:23+00:00,0.0,32.0,214.9,NOT CHARGING,0.43753555555599993,0.0
2020-02-19T17:54:27+00:00,0.0,32.0,214.9,NOT CHARGING,0.43753555555599993,0.0
2020-02-19T17:54:31+00:00,0.0,32.0,214.9,NOT CHARGING,0.43753555555599993,0.0
2020-02-19T17:54:35+00:00,0.0,32.0,214.9,NOT CHARGING,0.43753555555599993,0.0
2020-02-19T17:54:39+00:00,0.0,32.0,215.0,NOT CHARGING,0.43753555555599993,0.0
2020-02-19T17:54:43+00:00,0.0,32.0,214.9,NOT CHARGING,0.43753555555599993,0.0
2020-02-19T17:54:47+00:00,0.0,32.0,214.9,NOT CHARGING,0.43753555555599993,0.0
2020-02-19T17:54:51+00:00,0.0,32.0,215.0,NOT CHARGING,0.43753555555599993,0.0
2020-02-19T17:54:55+00:00,0.0,32.0,215.0,NOT CHARGING,0.43753555555599993,0.0
2020-02-19T17:54:59+00:00,0.0,32.0,214.9,NOT CHARGING,0.43753555555599993,0.0
2020-02-19T17:55:03+00:00,0.0,32.0,214.9,NOT CHARGING,0.43753555555599993,0.0
2020-02-19T17:55:07+00:00,0.0,32.0,214.9,NOT CHARGING,0.43753555555599993,0.0
2020-02-19T17:55:11+00:00,0.0,32.0,214.9,NOT CHARGING,0.43753555555599993,0.0
2020-02-19T17:55:15+00:00,0.0,32.0,214.9,NOT CHARGING,0.43753555555599993,0.0
2020-02-19T17:55:19+00:00,0.0,32.0,214.9,NOT CHARGING,0.43753555555599993,0.0
2020-02-19T17:55:22+00:00,0.0,32.0,214.9,NOT CHARGING,0.43753555555599993,0.0
2020-02-19T17:55:26+00:00,0.0,32.0,215.0,NOT CHARGING,0.43753555555599993,0.0
2020-02-19T17:55:30+00:00,0.0,32.0,215.0,NOT CHARGING,0.43753555555599993,0.0
2020-02-19T17:55:34+00:00,0.0,32.0,215.0,NOT CHARGING,0.43753555555599993,0.0
2020-02-19T17:55:38+00:00,0.0,32.0,214.9,NOT CHARGING,0.43753555555599993,0.0
2020-02-19T17:55:42+00:00,0.0,32.0,214.9,NOT CHARGING,0.43753555555599993,0.0
2020-02-19T17:55:46+00:00,0.0,32.0,215.0,NOT CHARGING,0.43753555555599993,0.0
2020-02-19T17:55:50+00:00,0.0,32.0,215.0,NOT CHARGING,0.43753555555599993,0.0
2020-02-19T17:55:54+00:00,0.0,32.0,214.9,NOT CHARGING,0.43753555555599993,0.0
2020-02-19T17:55:58+00:00,0.0,32.0,215.0,NOT CHARGING,0.43753555555599993,0.0
2020-02-19T17:56:02+00:00,0.0,32.0,215.1,NOT CHARGING,0.43753555555599993,0.0
2020-02-19T17:56:06+00:00,0.0,32.0,215.0,NOT CHARGING,0.43753555555599993,0.0
2020-02-19T17:56:10+00:00,0.0,32.0,215.0,NOT CHARGING,0.43753555555599993,0.0
2020-02-19T17:56:14+00:00,0.0,32.0,215.0,NOT CHARGING,0.43753555555599993,0.0
2020-02-19T17:56:18+00:00,0.0,32.0,215.0,NOT CHARGING,0.43753555555599993,0.0
2020-02-19T17:56:22+00:00,0.0,32.0,215.0,NOT CHARGING,0.43753555555599993,0.0
2020-02-19T17:56:26+00:00,0.0,32.0,215.0,NOT CHARGING,0.43753555555599993,0.0
2020-02-19T17:56:29+00:00,0.0,32.0,215.0,NOT CHARGING,0.43753555555599993,0.0
2020-02-19T17:56:33+00:00,0.0,32.0,215.0,NOT CHARGING,0.43753555555599993,0.0
2020-02-19T17:56:37+00:00,0.0,32.0,215.0,NOT CHARGING,0.43753555555599993,0.0
2020-02-19T17:56:41+00:00,0.0,32.0,215.0,NOT CHARGING,0.43753555555599993,0.0
2020-02-19T17:56:45+00:00,0.0,32.0,215.0,NOT CHARGING,0.43753555555599993,0.0
2020-02-19T17:56:49+00:00,0.0,32.0,215.1,NOT CHARGING,0.43753555555599993,0.0
2020-02-19T17:56:53+00:00,0.0,32.0,215.0,NOT CHARGING,0.43753555555599993,0.0
2020-02-19T17:56:57+00:00,0.0,32.0,215.0,NOT CHARGING,0.43753555555599993,0.0
2020-02-19T17:57:01+00:00,0.0,32.0,215.1,NOT CHARGING,0.43753555555599993,0.0
2020-02-19T17:57:05+00:00,0.0,32.0,215.0,NOT CHARGING,0.43753555555599993,0.0
2020-02-19T17:57:09+00:00,0.0,32.0,215.0,NOT CHARGING,0.43753555555599993,0.0
2020-02-19T17:57:13+00:00,0.0,32.0,215.0,NOT CHARGING,0.43753555555599993,0.0
2020-02-19T17:57:17+00:00,0.0,32.0,215.1,NOT CHARGING,0.43753555555599993,0.0
2020-02-19T17:57:21+00:00,0.0,32.0,215.1,NOT CHARGING,0.43753555555599993,0.0
2020-02-19T17:57:25+00:00,0.0,32.0,215.0,NOT CHARGING,0.43753555555599993,0.0
2020-02-19T17:57:29+00:00,0.0,32.0,215.0,NOT CHARGING,0.43753555555599993,0.0
2020-02-19T17:57:33+00:00,0.0,32.0,215.0,NOT CHARGING,0.43753555555599993,0.0
2020-02-19T17:57:36+00:00,0.0,32.0,215.1,NOT CHARGING,0.43753555555599993,0.0
2020-02-19T17:57:40+00:00,0.0,32.0,215.1,NOT CHARGING,0.43753555555599993,0.0
2020-02-19T17:57:44+00:00,0.0,32.0,215.1,NOT CHARGING,0.43753555555599993,0.0
2020-02-19T17:57:48+00:00,0.0,32.0,215.1,NOT CHARGING,0.43753555555599993,0.0
2020-02-19T17:57:52+00:00,0.0,32.0,215.2,NOT CHARGING,0.43753555555599993,0.0
2020-02-19T17:57:56+00:00,0.0,32.0,215.0,NOT CHARGING,0.43753555555599993,0.0
2020-02-19T17:58:00+00:00,0.0,32.0,215.0,NOT CHARGING,0.43753555555599993,0.0
2020-02-19T17:58:04+00:00,0.0,32.0,215.0,NOT CHARGING,0.43753555555599993,0.0
2020-02-19T17:58:08+00:00,0.0,32.0,215.0,NOT CHARGING,0.43753555555599993,0.0
2020-02-19T17:58:12+00:00,0.0,32.0,215.0,NOT CHARGING,0.43753555555599993,0.0
2020-02-19T17:58:16+00:00,0.0,32.0,215.0,NOT CHARGING,0.43753555555599993,0.0
2020-02-19T17:58:20+00:00,0.0,32.0,215.0,NOT CHARGING,0.43753555555599993,0.0
2020-02-19T17:58:24+00:00,0.0,32.0,215.0,NOT CHARGING,0.43753555555599993,0.0
2020-02-19T17:58:28+00:00,0.0,32.0,215.0,NOT CHARGING,0.43753555555599993,0.0
2020-02-19T17:58:32+00:00,0.0,32.0,215.0,NOT CHARGING,0.43753555555599993,0.0
2020-02-19T17:58:36+00:00,0.0,32.0,215.0,NOT CHARGING,0.43753555555599993,0.0
2020-02-19T17:58:40+00:00,0.0,32.0,215.1,NOT CHARGING,0.43753555555599993,0.0
2020-02-19T17:58:43+00:00,0.0,32.0,215.1,NOT CHARGING,0.43753555555599993,0.0
2020-02-19T17:58:47+00:00,0.0,32.0,215.1,NOT CHARGING,0.43753555555599993,0.0
2020-02-19T17:58:51+00:00,0.0,32.0,215.0,NOT CHARGING,0.43753555555599993,0.0
2020-02-19T17:58:55+00:00,0.0,32.0,215.0,NOT CHARGING,0.43753555555599993,0.0
2020-02-19T17:58:59+00:00,0.0,32.0,215.1,NOT CHARGING,0.43753555555599993,0.0
2020-02-19T17:59:03+00:00,0.0,32.0,215.1,NOT CHARGING,0.43753555555599993,0.0
2020-02-19T17:59:07+00:00,0.0,32.0,215.2,NOT CHARGING,0.43753555555599993,0.0
2020-02-19T17:59:11+00:00,0.0,32.0,215.1,NOT CHARGING,0.43753555555599993,0.0
2020-02-19T17:59:15+00:00,0.0,32.0,215.2,NOT CHARGING,0.43753555555599993,0.0
2020-02-19T17:59:19+00:00,0.0,32.0,215.2,NOT CHARGING,0.43753555555599993,0.0
2020-02-19T17:59:23+00:00,0.0,32.0,215.0,NOT CHARGING,0.43753555555599993,0.0
2020-02-19T17:59:27+00:00,0.0,32.0,215.0,NOT CHARGING,0.43753555555599993,0.0
2020-02-19T17:59:31+00:00,0.0,32.0,215.0,NOT CHARGING,0.43753555555599993,0.0
2020-02-19T17:59:35+00:00,0.0,32.0,215.0,NOT CHARGING,0.43753555555599993,0.0
2020-02-19T17:59:39+00:00,0.0,32.0,215.2,NOT CHARGING,0.43753555555599993,0.0
2020-02-19T17:59:43+00:00,0.0,32.0,215.1,NOT CHARGING,0.43753555555599993,0.0
2020-02-19T17:59:46+00:00,0.0,32.0,215.1,NOT CHARGING,0.43753555555599993,0.0
2020-02-19T17:59:50+00:00,0.0,32.0,215.0,NOT CHARGING,0.43753555555599993,0.0
2020-02-19T17:59:54+00:00,0.0,32.0,215.0,NOT CHARGING,0.43753555555599993,0.0
2020-02-19T17:59:58+00:00,0.0,32.0,215.1,NOT CHARGING,0.43753555555599993,0.0
2020-02-19T18:00:02+00:00,0.0,32.0,215.0,NOT CHARGING,0.43753555555599993,0.0
2020-02-19T18:00:06+00:00,0.0,32.0,215.2,NOT CHARGING,0.43753555555599993,0.0
2020-02-19T18:00:10+00:00,0.0,32.0,215.1,NOT CHARGING,0.43753555555599993,0.0
2020-02-19T18:00:14+00:00,0.0,32.0,215.0,NOT CHARGING,0.43753555555599993,0.0
2020-02-19T18:00:18+00:00,0.0,32.0,215.1,NOT CHARGING,0.43753555555599993,0.0
2020-02-19T18:00:22+00:00,0.0,32.0,215.1,NOT CHARGING,0.43753555555599993,0.0
2020-02-19T18:00:26+00:00,0.0,32.0,215.0,NOT CHARGING,0.43753555555599993,0.0
2020-02-19T18:00:30+00:00,0.0,32.0,215.0,NOT CHARGING,0.43753555555599993,0.0
2020-02-19T18:00:34+00:00,0.0,32.0,215.0,NOT CHARGING,0.43753555555599993,0.0
2020-02-19T18:00:38+00:00,0.0,32.0,215.0,NOT CHARGING,0.43753555555599993,0.0
2020-02-19T18:00:42+00:00,0.0,32.0,215.0,NOT CHARGING,0.43753555555599993,0.0
2020-02-19T18:00:46+00:00,0.0,32.0,215.0,NOT CHARGING,0.43753555555599993,0.0
2020-02-19T18:00:50+00:00,0.0,32.0,215.0,NOT CHARGING,0.43753555555599993,0.0
2020-02-19T18:00:54+00:00,0.0,32.0,215.0,NOT CHARGING,0.43753555555599993,0.0
2020-02-19T18:00:57+00:00,0.0,32.0,215.0,NOT CHARGING,0.43753555555599993,0.0
2020-02-19T18:01:01+00:00,0.0,32.0,215.0,NOT CHARGING,0.43753555555599993,0.0
2020-02-19T18:01:05+00:00,0.0,32.0,215.0,NOT CHARGING,0.43753555555599993,0.0
2020-02-19T18:01:09+00:00,0.0,32.0,215.0,NOT CHARGING,0.43753555555599993,0.0
2020-02-19T18:01:13+00:00,0.0,32.0,214.9,NOT CHARGING,0.43753555555599993,0.0
2020-02-19T18:01:17+00:00,0.0,32.0,214.8,NOT CHARGING,0.43753555555599993,0.0
2020-02-19T18:01:21+00:00,0.0,32.0,214.9,NOT CHARGING,0.43753555555599993,0.0
2020-02-19T18:01:25+00:00,0.0,32.0,214.8,NOT CHARGING,0.43753555555599993,0.0
2020-02-19T18:01:29+00:00,0.0,32.0,214.8,NOT CHARGING,0.43753555555599993,0.0
2020-02-19T18:01:33+00:00,0.0,32.0,214.8,NOT CHARGING,0.43753555555599993,0.0
2020-02-19T18:01:37+00:00,0.0,32.0,214.9,NOT CHARGING,0.43753555555599993,0.0
2020-02-19T18:01:41+00:00,0.0,32.0,214.8,NOT CHARGING,0.43753555555599993,0.0
2020-02-19T18:01:45+00:00,0.0,32.0,214.8,NOT CHARGING,0.43753555555599993,0.0
2020-02-19T18:01:49+00:00,0.0,32.0,214.8,NOT CHARGING,0.43753555555599993,0.0
2020-02-19T18:01:53+00:00,0.0,32.0,214.8,NOT CHARGING,0.43753555555599993,0.0
2020-02-19T18:01:57+00:00,0.0,32.0,214.8,NOT CHARGING,0.43753555555599993,0.0
2020-02-19T18:02:01+00:00,0.0,32.0,214.8,NOT CHARGING,0.43753555555599993,0.0
2020-02-19T18:02:04+00:00,0.0,32.0,214.9,NOT CHARGING,0.43753555555599993,0.0
2020-02-19T18:02:08+00:00,0.0,32.0,214.8,NOT CHARGING,0.43753555555599993,0.0
2020-02-19T18:02:12+00:00,0.0,32.0,214.9,NOT CHARGING,0.43753555555599993,0.0
2020-02-19T18:02:16+00:00,0.0,32.0,214.8,NOT CHARGING,0.43753555555599993,0.0
2020-02-19T18:02:20+00:00,0.0,32.0,214.9,NOT CHARGING,0.43753555555599993,0.0
2020-02-19T18:02:24+00:00,0.0,32.0,214.8,NOT CHARGING,0.43753555555599993,0.0
2020-02-19T18:02:28+00:00,0.0,32.0,214.8,NOT CHARGING,0.43753555555599993,0.0
2020-02-19T18:02:32+00:00,0.0,32.0,214.8,NOT CHARGING,0.43753555555599993,0.0
2020-02-19T18:02:36+00:00,0.0,32.0,214.8,NOT CHARGING,0.43753555555599993,0.0
2020-02-19T18:02:40+00:00,0.0,32.0,214.8,NOT CHARGING,0.43753555555599993,0.0
2020-02-19T18:02:44+00:00,0.0,32.0,214.8,NOT CHARGING,0.43753555555599993,0.0
2020-02-19T18:02:48+00:00,0.0,32.0,214.8,NOT CHARGING,0.43753555555599993,0.0
2020-02-19T18:02:52+00:00,0.0,32.0,214.8,NOT CHARGING,0.43753555555599993,0.0
2020-02-19T18:02:56+00:00,0.0,32.0,214.8,NOT CHARGING,0.43753555555599993,0.0
2020-02-19T18:03:00+00:00,0.0,32.0,214.8,NOT CHARGING,0.43753555555599993,0.0
2020-02-19T18:03:04+00:00,0.0,32.0,214.9,NOT CHARGING,0.43753555555599993,0.0
2020-02-19T18:03:08+00:00,0.0,32.0,214.8,NOT CHARGING,0.43753555555599993,0.0
2020-02-19T18:03:11+00:00,0.0,32.0,214.8,NOT CHARGING,0.43753555555599993,0.0
2020-02-19T18:03:15+00:00,0.0,32.0,214.8,NOT CHARGING,0.43753555555599993,0.0
2020-02-19T18:03:19+00:00,0.0,32.0,214.9,NOT CHARGING,0.43753555555599993,0.0
2020-02-19T18:03:23+00:00,0.0,32.0,214.8,NOT CHARGING,0.43753555555599993,0.0
2020-02-19T18:03:27+00:00,0.0,32.0,214.8,NOT CHARGING,0.43753555555599993,0.0
2020-02-19T18:03:31+00:00,0.0,32.0,214.8,NOT CHARGING,0.43753555555599993,0.0
2020-02-19T18:03:35+00:00,0.0,32.0,214.9,NOT CHARGING,0.43753555555599993,0.0
2020-02-19T18:03:39+00:00,0.0,32.0,214.9,NOT CHARGING,0.43753555555599993,0.0
2020-02-19T18:03:43+00:00,0.0,32.0,214.9,NOT CHARGING,0.43753555555599993,0.0
2020-02-19T18:03:47+00:00,0.0,32.0,215.0,NOT CHARGING,0.43753555555599993,0.0
2020-02-19T18:03:51+00:00,0.0,32.0,214.9,NOT CHARGING,0.43753555555599993,0.0
2020-02-19T18:03:55+00:00,0.0,32.0,214.9,NOT CHARGING,0.43753555555599993,0.0
2020-02-19T18:03:59+00:00,0.0,32.0,214.9,NOT CHARGING,0.43753555555599993,0.0
2020-02-19T18:04:03+00:00,0.0,32.0,214.9,NOT CHARGING,0.43753555555599993,0.0
2020-02-19T18:04:07+00:00,0.0,32.0,215.0,NOT CHARGING,0.43753555555599993,0.0
2020-02-19T18:04:11+00:00,0.0,32.0,214.9,NOT CHARGING,0.43753555555599993,0.0
2020-02-19T18:04:15+00:00,0.0,32.0,214.9,NOT CHARGING,0.43753555555599993,0.0
2020-02-19T18:04:18+00:00,0.0,32.0,215.0,NOT CHARGING,0.43753555555599993,0.0
2020-02-19T18:04:22+00:00,0.0,32.0,215.0,NOT CHARGING,0.43753555555599993,0.0
2020-02-19T18:04:26+00:00,0.0,32.0,215.0,NOT CHARGING,0.43753555555599993,0.0
2020-02-19T18:04:30+00:00,0.0,32.0,215.0,NOT CHARGING,0.43753555555599993,0.0
2020-02-19T18:04:34+00:00,0.0,32.0,215.0,NOT CHARGING,0.43753555555599993,0.0
2020-02-19T18:04:38+00:00,0.0,32.0,215.0,NOT CHARGING,0.43753555555599993,0.0
2020-02-19T18:04:42+00:00,0.0,32.0,214.9,NOT CHARGING,0.43753555555599993,0.0
2020-02-19T18:04:46+00:00,0.0,32.0,214.9,NOT CHARGING,0.43753555555599993,0.0
2020-02-19T18:04:50+00:00,0.0,32.0,215.1,NOT CHARGING,0.43753555555599993,0.0
2020-02-19T18:04:54+00:00,0.0,32.0,215.0,NOT CHARGING,0.43753555555599993,0.0
2020-02-19T18:04:58+00:00,0.0,32.0,215.0,NOT CHARGING,0.43753555555599993,0.0
2020-02-19T18:05:02+00:00,0.0,32.0,215.0,NOT CHARGING,0.43753555555599993,0.0
2020-02-19T18:05:06+00:00,0.0,32.0,215.0,NOT CHARGING,0.43753555555599993,0.0
2020-02-19T18:05:10+00:00,0.0,32.0,215.0,NOT CHARGING,0.43753555555599993,0.0
2020-02-19T18:05:14+00:00,0.0,32.0,215.0,NOT CHARGING,0.43753555555599993,0.0
2020-02-19T18:05:18+00:00,0.0,32.0,215.0,NOT CHARGING,0.43753555555599993,0.0
2020-02-19T18:05:21+00:00,0.0,32.0,215.0,NOT CHARGING,0.43753555555599993,0.0
2020-02-19T18:05:25+00:00,0.0,32.0,215.0,NOT CHARGING,0.43753555555599993,0.0
2020-02-19T18:05:29+00:00,0.0,32.0,215.0,NOT CHARGING,0.43753555555599993,0.0
2020-02-19T18:05:33+00:00,0.0,32.0,215.0,NOT CHARGING,0.43753555555599993,0.0
2020-02-19T18:05:37+00:00,0.0,32.0,215.0,NOT CHARGING,0.43753555555599993,0.0
2020-02-19T18:05:41+00:00,0.0,32.0,215.0,NOT CHARGING,0.43753555555599993,0.0
2020-02-19T18:05:45+00:00,0.0,32.0,215.0,NOT CHARGING,0.43753555555599993,0.0
2020-02-19T18:05:49+00:00,0.0,32.0,215.0,NOT CHARGING,0.43753555555599993,0.0
2020-02-19T18:05:53+00:00,0.0,32.0,215.0,NOT CHARGING,0.43753555555599993,0.0
2020-02-19T18:05:57+00:00,0.0,32.0,215.0,NOT CHARGING,0.43753555555599993,0.0
2020-02-19T18:06:01+00:00,0.0,32.0,215.1,NOT CHARGING,0.43753555555599993,0.0
2020-02-19T18:06:05+00:00,0.0,32.0,215.0,NOT CHARGING,0.43753555555599993,0.0
2020-02-19T18:06:09+00:00,0.0,32.0,215.0,NOT CHARGING,0.43753555555599993,0.0
2020-02-19T18:06:13+00:00,0.0,32.0,215.0,NOT CHARGING,0.43753555555599993,0.0
2020-02-19T18:06:17+00:00,0.0,32.0,215.0,NOT CHARGING,0.43753555555599993,0.0
2020-02-19T18:06:21+00:00,0.0,32.0,215.0,NOT CHARGING,0.43753555555599993,0.0
2020-02-19T18:06:25+00:00,0.0,32.0,215.1,NOT CHARGING,0.43753555555599993,0.0
2020-02-19T18:06:29+00:00,0.0,32.0,215.0,NOT CHARGING,0.43753555555599993,0.0
2020-02-19T18:06:32+00:00,0.0,32.0,215.0,NOT CHARGING,0.43753555555599993,0.0
2020-02-19T18:06:36+00:00,0.0,32.0,215.0,NOT CHARGING,0.43753555555599993,0.0
2020-02-19T18:06:40+00:00,0.0,32.0,214.9,NOT CHARGING,0.43753555555599993,0.0
2020-02-19T18:06:44+00:00,0.0,32.0,215.0,NOT CHARGING,0.43753555555599993,0.0
2020-02-19T18:06:48+00:00,0.0,32.0,215.0,NOT CHARGING,0.43753555555599993,0.0
2020-02-19T18:06:52+00:00,0.0,32.0,215.0,NOT CHARGING,0.43753555555599993,0.0
2020-02-19T18:06:56+00:00,0.0,32.0,215.0,NOT CHARGING,0.43753555555599993,0.0
2020-02-19T18:07:00+00:00,0.0,32.0,215.0,NOT CHARGING,0.43753555555599993,0.0
2020-02-19T18:07:04+00:00,0.0,32.0,215.1,NOT CHARGING,0.43753555555599993,0.0
2020-02-19T18:07:08+00:00,0.0,32.0,214.9,NOT CHARGING,0.43753555555599993,0.0
2020-02-19T18:07:12+00:00,0.0,32.0,215.0,NOT CHARGING,0.43753555555599993,0.0
2020-02-19T18:07:16+00:00,0.0,32.0,215.0,NOT CHARGING,0.43753555555599993,0.0
2020-02-19T18:07:20+00:00,0.0,32.0,214.9,NOT CHARGING,0.43753555555599993,0.0
2020-02-19T18:07:24+00:00,0.0,32.0,215.0,NOT CHARGING,0.43753555555599993,0.0
2020-02-19T18:07:28+00:00,0.0,32.0,215.0,NOT CHARGING,0.43753555555599993,0.0
2020-02-19T18:07:32+00:00,0.0,32.0,215.0,NOT CHARGING,0.43753555555599993,0.0
2020-02-19T18:07:36+00:00,0.0,32.0,215.0,NOT CHARGING,0.43753555555599993,0.0
2020-02-19T18:07:39+00:00,0.0,32.0,214.9,NOT CHARGING,0.43753555555599993,0.0
2020-02-19T18:07:43+00:00,0.0,32.0,215.0,NOT CHARGING,0.43753555555599993,0.0
2020-02-19T18:07:47+00:00,0.0,32.0,214.9,NOT CHARGING,0.43753555555599993,0.0
2020-02-19T18:07:51+00:00,0.0,32.0,215.0,NOT CHARGING,0.43753555555599993,0.0
2020-02-19T18:07:55+00:00,0.0,32.0,215.0,NOT CHARGING,0.43753555555599993,0.0
2020-02-19T18:07:59+00:00,0.0,32.0,214.9,NOT CHARGING,0.43753555555599993,0.0
2020-02-19T18:08:03+00:00,0.0,32.0,215.0,NOT CHARGING,0.43753555555599993,0.0
2020-02-19T18:08:07+00:00,0.0,32.0,215.0,NOT CHARGING,0.43753555555599993,0.0
2020-02-19T18:08:11+00:00,0.0,32.0,215.0,NOT CHARGING,0.43753555555599993,0.0
2020-02-19T18:08:15+00:00,0.0,32.0,214.9,NOT CHARGING,0.43753555555599993,0.0
2020-02-19T18:08:19+00:00,0.0,32.0,215.0,NOT CHARGING,0.43753555555599993,0.0
2020-02-19T18:08:23+00:00,0.0,32.0,215.0,NOT CHARGING,0.43753555555599993,0.0
2020-02-19T18:08:27+00:00,0.0,32.0,214.9,NOT CHARGING,0.43753555555599993,0.0
2020-02-19T18:08:31+00:00,0.0,32.0,215.0,NOT CHARGING,0.43753555555599993,0.0
2020-02-19T18:08:35+00:00,0.0,32.0,215.0,NOT CHARGING,0.43753555555599993,0.0
2020-02-19T18:08:39+00:00,0.0,32.0,215.1,NOT CHARGING,0.43753555555599993,0.0
2020-02-19T18:08:43+00:00,0.0,32.0,215.0,NOT CHARGING,0.43753555555599993,0.0
2020-02-19T18:08:46+00:00,0.0,32.0,215.0,NOT CHARGING,0.43753555555599993,0.0
2020-02-19T18:08:50+00:00,0.0,32.0,215.0,NOT CHARGING,0.43753555555599993,0.0
2020-02-19T18:08:54+00:00,0.0,32.0,215.0,NOT CHARGING,0.43753555555599993,0.0
2020-02-19T18:08:58+00:00,0.0,32.0,215.0,NOT CHARGING,0.43753555555599993,0.0
2020-02-19T18:09:02+00:00,0.0,32.0,215.0,NOT CHARGING,0.43753555555599993,0.0
2020-02-19T18:09:06+00:00,0.0,32.0,215.0,NOT CHARGING,0.43753555555599993,0.0
2020-02-19T18:09:10+00:00,0.0,32.0,215.0,NOT CHARGING,0.43753555555599993,0.0
2020-02-19T18:09:14+00:00,0.0,32.0,215.0,NOT CHARGING,0.43753555555599993,0.0
2020-02-19T18:09:18+00:00,0.0,32.0,215.0,NOT CHARGING,0.43753555555599993,0.0
2020-02-19T18:09:22+00:00,0.0,32.0,215.1,NOT CHARGING,0.43753555555599993,0.0
2020-02-19T18:09:26+00:00,0.0,32.0,215.0,NOT CHARGING,0.43753555555599993,0.0
2020-02-19T18:09:30+00:00,0.0,32.0,215.1,NOT CHARGING,0.43753555555599993,0.0
2020-02-19T18:09:34+00:00,0.0,32.0,215.0,NOT CHARGING,0.43753555555599993,0.0
2020-02-19T18:09:38+00:00,0.0,32.0,215.0,NOT CHARGING,0.43753555555599993,0.0
2020-02-19T18:09:42+00:00,0.0,32.0,215.0,NOT CHARGING,0.43753555555599993,0.0
2020-02-19T18:09:46+00:00,0.0,32.0,215.0,NOT CHARGING,0.43753555555599993,0.0
2020-02-19T18:09:49+00:00,0.0,32.0,215.1,NOT CHARGING,0.43753555555599993,0.0
2020-02-19T18:09:53+00:00,0.0,32.0,215.0,NOT CHARGING,0.43753555555599993,0.0
2020-02-19T18:09:57+00:00,0.0,32.0,215.0,NOT CHARGING,0.43753555555599993,0.0
2020-02-19T18:10:01+00:00,0.0,32.0,215.1,NOT CHARGING,0.43753555555599993,0.0
2020-02-19T18:10:05+00:00,0.0,32.0,215.0,NOT CHARGING,0.43753555555599993,0.0
2020-02-19T18:10:09+00:00,0.0,32.0,214.9,NOT CHARGING,0.43753555555599993,0.0
2020-02-19T18:10:13+00:00,0.0,32.0,215.0,NOT CHARGING,0.43753555555599993,0.0
2020-02-19T18:10:17+00:00,0.0,32.0,215.2,NOT CHARGING,0.43753555555599993,0.0
2020-02-19T18:10:21+00:00,0.0,32.0,215.1,NOT CHARGING,0.43753555555599993,0.0
2020-02-19T18:10:25+00:00,0.0,32.0,215.1,NOT CHARGING,0.43753555555599993,0.0
2020-02-19T18:10:29+00:00,0.0,32.0,215.0,NOT CHARGING,0.43753555555599993,0.0
2020-02-19T18:10:33+00:00,0.0,32.0,215.0,NOT CHARGING,0.43753555555599993,0.0
2020-02-19T18:10:37+00:00,0.0,32.0,214.8,NOT CHARGING,0.43753555555599993,0.0
2020-02-19T18:10:41+00:00,0.0,32.0,214.9,NOT CHARGING,0.43753555555599993,0.0
2020-02-19T18:10:45+00:00,0.0,32.0,215.0,NOT CHARGING,0.43753555555599993,0.0
2020-02-19T18:10:49+00:00,0.0,32.0,214.9,NOT CHARGING,0.43753555555599993,0.0
2020-02-19T18:10:53+00:00,0.0,32.0,215.0,NOT CHARGING,0.43753555555599993,0.0
2020-02-19T18:10:56+00:00,0.0,32.0,214.9,NOT CHARGING,0.43753555555599993,0.0
2020-02-19T18:11:00+00:00,0.0,32.0,214.9,NOT CHARGING,0.43753555555599993,0.0
2020-02-19T18:11:04+00:00,0.0,32.0,214.9,NOT CHARGING,0.43753555555599993,0.0
2020-02-19T18:11:08+00:00,0.0,32.0,214.9,NOT CHARGING,0.43753555555599993,0.0
2020-02-19T18:11:12+00:00,0.0,32.0,214.9,NOT CHARGING,0.43753555555599993,0.0
2020-02-19T18:11:16+00:00,0.0,32.0,214.9,NOT CHARGING,0.43753555555599993,0.0
2020-02-19T18:11:20+00:00,0.0,32.0,214.9,NOT CHARGING,0.43753555555599993,0.0
2020-02-19T18:11:24+00:00,0.0,32.0,215.0,NOT CHARGING,0.43753555555599993,0.0
2020-02-19T18:11:28+00:00,0.0,32.0,215.0,NOT CHARGING,0.43753555555599993,0.0
2020-02-19T18:11:32+00:00,0.0,32.0,215.0,NOT CHARGING,0.43753555555599993,0.0
2020-02-19T18:11:36+00:00,0.0,32.0,215.0,NOT CHARGING,0.43753555555599993,0.0
2020-02-19T18:11:40+00:00,0.0,32.0,214.9,NOT CHARGING,0.43753555555599993,0.0
2020-02-19T18:11:44+00:00,0.0,32.0,215.0,NOT CHARGING,0.43753555555599993,0.0
2020-02-19T18:11:48+00:00,0.0,32.0,215.0,NOT CHARGING,0.43753555555599993,0.0
2020-02-19T18:11:52+00:00,0.0,32.0,214.9,NOT CHARGING,0.43753555555599993,0.0
2020-02-19T18:11:56+00:00,0.0,32.0,214.9,NOT CHARGING,0.43753555555599993,0.0
2020-02-19T18:12:00+00:00,0.0,32.0,214.9,NOT CHARGING,0.43753555555599993,0.0
2020-02-19T18:12:03+00:00,0.0,32.0,215.0,NOT CHARGING,0.43753555555599993,0.0
2020-02-19T18:12:07+00:00,0.0,32.0,214.9,NOT CHARGING,0.43753555555599993,0.0
2020-02-19T18:12:11+00:00,0.0,32.0,214.9,NOT CHARGING,0.43753555555599993,0.0
2020-02-19T18:12:15+00:00,0.0,32.0,215.0,NOT CHARGING,0.43753555555599993,0.0
2020-02-19T18:12:19+00:00,0.0,32.0,214.9,NOT CHARGING,0.43753555555599993,0.0
2020-02-19T18:12:23+00:00,0.0,32.0,214.9,NOT CHARGING,0.43753555555599993,0.0
2020-02-19T18:12:27+00:00,0.0,32.0,215.0,NOT CHARGING,0.43753555555599993,0.0
2020-02-19T18:12:31+00:00,0.0,32.0,214.9,NOT CHARGING,0.43753555555599993,0.0
2020-02-19T18:12:35+00:00,0.0,32.0,214.9,NOT CHARGING,0.43753555555599993,0.0
2020-02-19T18:12:39+00:00,0.0,32.0,214.9,NOT CHARGING,0.43753555555599993,0.0
2020-02-19T18:12:43+00:00,0.0,32.0,215.0,NOT CHARGING,0.43753555555599993,0.0
2020-02-19T18:12:47+00:00,0.0,32.0,215.0,NOT CHARGING,0.43753555555599993,0.0
2020-02-19T18:12:51+00:00,0.0,32.0,215.0,NOT CHARGING,0.43753555555599993,0.0
2020-02-19T18:12:55+00:00,0.0,32.0,215.0,NOT CHARGING,0.43753555555599993,0.0
2020-02-19T18:12:59+00:00,0.0,32.0,215.0,NOT CHARGING,0.43753555555599993,0.0
2020-02-19T18:13:03+00:00,0.0,32.0,215.0,NOT CHARGING,0.43753555555599993,0.0
2020-02-19T18:13:07+00:00,0.0,32.0,215.0,NOT CHARGING,0.43753555555599993,0.0
2020-02-19T18:13:10+00:00,0.0,32.0,215.0,NOT CHARGING,0.43753555555599993,0.0
2020-02-19T18:13:14+00:00,0.0,32.0,214.9,NOT CHARGING,0.43753555555599993,0.0
2020-02-19T18:13:18+00:00,0.0,32.0,215.0,NOT CHARGING,0.43753555555599993,0.0
2020-02-19T18:13:22+00:00,0.0,32.0,214.8,NOT CHARGING,0.43753555555599993,0.0
2020-02-19T18:13:26+00:00,0.0,32.0,214.9,NOT CHARGING,0.43753555555599993,0.0
2020-02-19T18:13:30+00:00,0.0,32.0,215.0,NOT CHARGING,0.43753555555599993,0.0
2020-02-19T18:13:34+00:00,0.0,32.0,215.0,NOT CHARGING,0.43753555555599993,0.0
2020-02-19T18:13:38+00:00,0.0,32.0,215.0,NOT CHARGING,0.43753555555599993,0.0
2020-02-19T18:13:42+00:00,0.0,32.0,214.8,NOT CHARGING,0.43753555555599993,0.0
2020-02-19T18:13:46+00:00,0.0,32.0,214.9,NOT CHARGING,0.43753555555599993,0.0
2020-02-19T18:13:50+00:00,0.0,32.0,215.0,NOT CHARGING,0.43753555555599993,0.0
2020-02-19T18:13:54+00:00,0.0,32.0,214.8,NOT CHARGING,0.43753555555599993,0.0
2020-02-19T18:13:58+00:00,0.0,32.0,215.0,NOT CHARGING,0.43753555555599993,0.0
2020-02-19T18:14:02+00:00,0.0,32.0,214.8,NOT CHARGING,0.43753555555599993,0.0
2020-02-19T18:14:06+00:00,0.0,32.0,214.8,NOT CHARGING,0.43753555555599993,0.0
2020-02-19T18:14:10+00:00,0.0,32.0,214.8,NOT CHARGING,0.43753555555599993,0.0
2020-02-19T18:14:14+00:00,0.0,32.0,214.9,NOT CHARGING,0.43753555555599993,0.0
2020-02-19T18:14:17+00:00,0.0,32.0,214.8,NOT CHARGING,0.43753555555599993,0.0
2020-02-19T18:14:21+00:00,0.0,32.0,214.9,NOT CHARGING,0.43753555555599993,0.0
2020-02-19T18:14:25+00:00,0.0,32.0,214.8,NOT CHARGING,0.43753555555599993,0.0
2020-02-19T18:14:29+00:00,0.0,32.0,214.8,NOT CHARGING,0.43753555555599993,0.0
2020-02-19T18:14:33+00:00,0.0,32.0,214.8,NOT CHARGING,0.43753555555599993,0.0
2020-02-19T18:14:37+00:00,0.0,32.0,214.8,NOT CHARGING,0.43753555555599993,0.0
2020-02-19T18:14:41+00:00,0.0,32.0,214.8,NOT CHARGING,0.43753555555599993,0.0
2020-02-19T18:14:45+00:00,0.0,32.0,214.8,NOT CHARGING,0.43753555555599993,0.0
2020-02-19T18:14:49+00:00,0.0,32.0,214.8,NOT CHARGING,0.43753555555599993,0.0
2020-02-19T18:14:53+00:00,0.0,32.0,214.8,NOT CHARGING,0.43753555555599993,0.0
2020-02-19T18:14:57+00:00,0.0,32.0,214.8,NOT CHARGING,0.43753555555599993,0.0
2020-02-19T18:15:01+00:00,0.0,32.0,214.8,NOT CHARGING,0.43753555555599993,0.0
2020-02-19T18:15:05+00:00,0.0,32.0,214.8,NOT CHARGING,0.43753555555599993,0.0
2020-02-19T18:15:09+00:00,0.0,32.0,214.8,NOT CHARGING,0.43753555555599993,0.0
2020-02-19T18:15:13+00:00,0.0,32.0,214.8,NOT CHARGING,0.43753555555599993,0.0
2020-02-19T18:15:17+00:00,0.0,32.0,214.8,NOT CHARGING,0.43753555555599993,0.0
2020-02-19T18:15:21+00:00,0.0,32.0,214.8,NOT CHARGING,0.43753555555599993,0.0
2020-02-19T18:15:24+00:00,0.0,32.0,214.8,NOT CHARGING,0.43753555555599993,0.0
2020-02-19T18:15:28+00:00,0.0,32.0,214.8,NOT CHARGING,0.43753555555599993,0.0
2020-02-19T18:15:32+00:00,0.0,32.0,214.8,NOT CHARGING,0.43753555555599993,0.0
2020-02-19T18:15:36+00:00,0.0,32.0,214.8,NOT CHARGING,0.43753555555599993,0.0
2020-02-19T18:15:40+00:00,0.0,32.0,214.8,NOT CHARGING,0.43753555555599993,0.0
2020-02-19T18:15:44+00:00,0.0,32.0,214.7,NOT CHARGING,0.43753555555599993,0.0
2020-02-19T18:15:48+00:00,0.0,32.0,214.7,NOT CHARGING,0.43753555555599993,0.0
2020-02-19T18:15:52+00:00,0.0,32.0,214.7,NOT CHARGING,0.43753555555599993,0.0
2020-02-19T18:15:56+00:00,0.0,32.0,214.8,NOT CHARGING,0.43753555555599993,0.0
2020-02-19T18:16:00+00:00,0.0,32.0,214.7,NOT CHARGING,0.43753555555599993,0.0
2020-02-19T18:16:04+00:00,0.0,32.0,214.7,NOT CHARGING,0.43753555555599993,0.0
2020-02-19T18:16:08+00:00,0.0,32.0,214.8,NOT CHARGING,0.43753555555599993,0.0
2020-02-19T18:16:12+00:00,0.0,32.0,214.8,NOT CHARGING,0.43753555555599993,0.0
2020-02-19T18:16:16+00:00,0.0,32.0,214.8,NOT CHARGING,0.43753555555599993,0.0
2020-02-19T18:16:20+00:00,0.0,32.0,214.8,NOT CHARGING,0.43753555555599993,0.0
2020-02-19T18:16:24+00:00,0.0,32.0,214.6,NOT CHARGING,0.43753555555599993,0.0
2020-02-19T18:16:28+00:00,0.0,32.0,214.9,NOT CHARGING,0.43753555555599993,0.0
2020-02-19T18:16:31+00:00,0.0,32.0,214.8,NOT CHARGING,0.43753555555599993,0.0
2020-02-19T18:16:35+00:00,0.0,32.0,214.8,NOT CHARGING,0.43753555555599993,0.0
2020-02-19T18:16:39+00:00,0.0,32.0,214.8,NOT CHARGING,0.43753555555599993,0.0
2020-02-19T18:16:43+00:00,0.0,32.0,214.8,NOT CHARGING,0.43753555555599993,0.0
2020-02-19T18:16:47+00:00,0.0,32.0,214.8,NOT CHARGING,0.43753555555599993,0.0
2020-02-19T18:16:51+00:00,0.0,32.0,214.8,NOT CHARGING,0.43753555555599993,0.0
2020-02-19T18:16:55+00:00,0.0,32.0,214.8,NOT CHARGING,0.43753555555599993,0.0
2020-02-19T18:16:59+00:00,0.0,32.0,214.8,NOT CHARGING,0.43753555555599993,0.0
2020-02-19T18:17:03+00:00,0.0,32.0,214.8,NOT CHARGING,0.43753555555599993,0.0
2020-02-19T18:17:07+00:00,0.0,32.0,214.8,NOT CHARGING,0.43753555555599993,0.0
2020-02-19T18:17:11+00:00,0.0,32.0,214.7,NOT CHARGING,0.43753555555599993,0.0
2020-02-19T18:17:15+00:00,0.0,32.0,214.8,NOT CHARGING,0.43753555555599993,0.0
2020-02-19T18:17:19+00:00,0.0,32.0,214.7,NOT CHARGING,0.43753555555599993,0.0
2020-02-19T18:17:23+00:00,0.0,32.0,214.6,NOT CHARGING,0.43753555555599993,0.0
2020-02-19T18:17:27+00:00,0.0,32.0,214.6,NOT CHARGING,0.43753555555599993,0.0
2020-02-19T18:17:31+00:00,0.0,32.0,214.6,NOT CHARGING,0.43753555555599993,0.0
2020-02-19T18:17:35+00:00,0.0,32.0,214.7,NOT CHARGING,0.43753555555599993,0.0
2020-02-19T18:17:38+00:00,0.0,32.0,214.7,NOT CHARGING,0.43753555555599993,0.0
2020-02-19T18:17:42+00:00,0.0,32.0,214.6,NOT CHARGING,0.43753555555599993,0.0
2020-02-19T18:17:46+00:00,0.0,32.0,214.5,NOT CHARGING,0.43753555555599993,0.0
2020-02-19T18:17:50+00:00,0.0,32.0,214.7,NOT CHARGING,0.43753555555599993,0.0
2020-02-19T18:17:54+00:00,0.0,32.0,214.6,NOT CHARGING,0.43753555555599993,0.0
2020-02-19T18:17:58+00:00,0.0,32.0,214.7,NOT CHARGING,0.43753555555599993,0.0
2020-02-19T18:18:02+00:00,0.0,32.0,214.6,NOT CHARGING,0.43753555555599993,0.0
2020-02-19T18:18:06+00:00,0.0,32.0,214.7,NOT CHARGING,0.43753555555599993,0.0
2020-02-19T18:18:10+00:00,0.0,32.0,214.7,NOT CHARGING,0.43753555555599993,0.0
2020-02-19T18:18:14+00:00,0.0,32.0,214.6,NOT CHARGING,0.43753555555599993,0.0
2020-02-19T18:18:18+00:00,0.0,32.0,214.8,NOT CHARGING,0.43753555555599993,0.0
2020-02-19T18:18:22+00:00,0.0,32.0,214.7,NOT CHARGING,0.43753555555599993,0.0
2020-02-19T18:18:26+00:00,0.0,32.0,214.8,NOT CHARGING,0.43753555555599993,0.0
2020-02-19T18:18:30+00:00,0.0,32.0,214.7,NOT CHARGING,0.43753555555599993,0.0
2020-02-19T18:18:34+00:00,0.0,32.0,214.7,NOT CHARGING,0.43753555555599993,0.0
2020-02-19T18:18:38+00:00,0.0,32.0,214.6,NOT CHARGING,0.43753555555599993,0.0
2020-02-19T18:18:42+00:00,0.0,32.0,214.8,NOT CHARGING,0.43753555555599993,0.0
2020-02-19T18:18:45+00:00,0.0,32.0,214.7,NOT CHARGING,0.43753555555599993,0.0
2020-02-19T18:18:49+00:00,0.0,32.0,214.7,NOT CHARGING,0.43753555555599993,0.0
2020-02-19T18:18:53+00:00,0.0,32.0,214.8,NOT CHARGING,0.43753555555599993,0.0
2020-02-19T18:18:57+00:00,0.0,32.0,214.8,NOT CHARGING,0.43753555555599993,0.0
2020-02-19T18:19:01+00:00,0.0,32.0,214.8,NOT CHARGING,0.43753555555599993,0.0
2020-02-19T18:19:05+00:00,0.0,32.0,214.7,NOT CHARGING,0.43753555555599993,0.0
2020-02-19T18:19:09+00:00,0.0,32.0,214.7,NOT CHARGING,0.43753555555599993,0.0
2020-02-19T18:19:13+00:00,0.0,32.0,214.8,NOT CHARGING,0.43753555555599993,0.0
2020-02-19T18:19:17+00:00,0.0,32.0,214.8,NOT CHARGING,0.43753555555599993,0.0
2020-02-19T18:19:21+00:00,0.0,32.0,214.8,NOT CHARGING,0.43753555555599993,0.0
2020-02-19T18:19:25+00:00,0.0,32.0,214.8,NOT CHARGING,0.43753555555599993,0.0
2020-02-19T18:19:29+00:00,0.0,32.0,214.8,NOT CHARGING,0.43753555555599993,0.0
2020-02-19T18:19:33+00:00,0.0,32.0,214.8,NOT CHARGING,0.43753555555599993,0.0
2020-02-19T18:19:37+00:00,0.0,32.0,214.8,NOT CHARGING,0.43753555555599993,0.0
2020-02-19T18:19:41+00:00,0.0,32.0,214.8,NOT CHARGING,0.43753555555599993,0.0
2020-02-19T18:19:45+00:00,0.0,32.0,214.8,NOT CHARGING,0.43753555555599993,0.0
2020-02-19T18:19:49+00:00,0.0,32.0,214.8,NOT CHARGING,0.43753555555599993,0.0
2020-02-19T18:19:52+00:00,0.0,32.0,214.7,NOT CHARGING,0.43753555555599993,0.0
2020-02-19T18:19:56+00:00,0.0,32.0,214.6,NOT CHARGING,0.43753555555599993,0.0
2020-02-19T18:20:00+00:00,0.0,32.0,214.8,NOT CHARGING,0.43753555555599993,0.0
2020-02-19T18:20:04+00:00,0.0,32.0,214.8,NOT CHARGING,0.43753555555599993,0.0
2020-02-19T18:20:08+00:00,0.0,32.0,214.7,NOT CHARGING,0.43753555555599993,0.0
2020-02-19T18:20:12+00:00,0.0,32.0,214.7,NOT CHARGING,0.43753555555599993,0.0
2020-02-19T18:20:16+00:00,0.0,32.0,214.8,NOT CHARGING,0.43753555555599993,0.0
2020-02-19T18:20:20+00:00,0.0,32.0,214.8,NOT CHARGING,0.43753555555599993,0.0
2020-02-19T18:20:24+00:00,0.0,32.0,214.7,NOT CHARGING,0.43753555555599993,0.0
2020-02-19T18:20:28+00:00,0.0,32.0,214.7,NOT CHARGING,0.43753555555599993,0.0
2020-02-19T18:20:32+00:00,0.0,32.0,214.8,NOT CHARGING,0.43753555555599993,0.0
2020-02-19T18:20:36+00:00,0.0,32.0,214.8,NOT CHARGING,0.43753555555599993,0.0
2020-02-19T18:20:40+00:00,0.0,32.0,214.7,NOT CHARGING,0.43753555555599993,0.0
2020-02-19T18:20:44+00:00,0.0,32.0,214.8,NOT CHARGING,0.43753555555599993,0.0
2020-02-19T18:20:48+00:00,0.0,32.0,214.8,NOT CHARGING,0.43753555555599993,0.0
2020-02-19T18:20:52+00:00,0.0,32.0,214.8,NOT CHARGING,0.43753555555599993,0.0
2020-02-19T18:20:56+00:00,0.0,32.0,214.8,NOT CHARGING,0.43753555555599993,0.0
2020-02-19T18:20:59+00:00,0.0,32.0,214.8,NOT CHARGING,0.43753555555599993,0.0
2020-02-19T18:21:03+00:00,0.0,32.0,214.8,NOT CHARGING,0.43753555555599993,0.0
2020-02-19T18:21:07+00:00,0.0,32.0,214.8,NOT CHARGING,0.43753555555599993,0.0
2020-02-19T18:21:11+00:00,0.0,32.0,214.7,NOT CHARGING,0.43753555555599993,0.0
2020-02-19T18:21:15+00:00,0.0,32.0,214.7,NOT CHARGING,0.43753555555599993,0.0
2020-02-19T18:21:19+00:00,0.0,32.0,214.8,NOT CHARGING,0.43753555555599993,0.0
2020-02-19T18:21:23+00:00,0.0,32.0,214.8,NOT CHARGING,0.43753555555599993,0.0
2020-02-19T18:21:27+00:00,0.0,32.0,214.8,NOT CHARGING,0.43753555555599993,0.0
2020-02-19T18:21:31+00:00,0.0,32.0,214.9,NOT CHARGING,0.43753555555599993,0.0
2020-02-19T18:21:35+00:00,0.0,32.0,214.9,NOT CHARGING,0.43753555555599993,0.0
2020-02-19T18:21:39+00:00,0.0,32.0,214.9,NOT CHARGING,0.43753555555599993,0.0
2020-02-19T18:21:43+00:00,0.0,32.0,214.9,NOT CHARGING,0.43753555555599993,0.0
2020-02-19T18:21:47+00:00,0.0,32.0,214.8,NOT CHARGING,0.43753555555599993,0.0
2020-02-19T18:21:51+00:00,0.0,32.0,214.9,NOT CHARGING,0.43753555555599993,0.0
2020-02-19T18:21:55+00:00,0.0,32.0,214.9,NOT CHARGING,0.43753555555599993,0.0
2020-02-19T18:21:59+00:00,0.0,32.0,214.9,NOT CHARGING,0.43753555555599993,0.0
2020-02-19T18:22:03+00:00,0.0,32.0,214.7,NOT CHARGING,0.43753555555599993,0.0
2020-02-19T18:22:06+00:00,0.0,32.0,214.8,NOT CHARGING,0.43753555555599993,0.0
2020-02-19T18:22:10+00:00,0.0,32.0,214.9,NOT CHARGING,0.43753555555599993,0.0
2020-02-19T18:22:14+00:00,0.0,32.0,214.8,NOT CHARGING,0.43753555555599993,0.0
2020-02-19T18:22:18+00:00,0.0,32.0,214.9,NOT CHARGING,0.43753555555599993,0.0
2020-02-19T18:22:22+00:00,0.0,32.0,214.9,NOT CHARGING,0.43753555555599993,0.0
2020-02-19T18:22:26+00:00,0.0,32.0,214.8,NOT CHARGING,0.43753555555599993,0.0
2020-02-19T18:22:30+00:00,0.0,32.0,214.9,NOT CHARGING,0.43753555555599993,0.0
2020-02-19T18:22:34+00:00,0.0,32.0,215.0,NOT CHARGING,0.43753555555599993,0.0
2020-02-19T18:22:38+00:00,0.0,32.0,214.9,NOT CHARGING,0.43753555555599993,0.0
2020-02-19T18:22:42+00:00,0.0,32.0,215.0,NOT CHARGING,0.43753555555599993,0.0
2020-02-19T18:22:46+00:00,0.0,32.0,214.8,NOT CHARGING,0.43753555555599993,0.0
2020-02-19T18:22:50+00:00,0.0,32.0,214.9,NOT CHARGING,0.43753555555599993,0.0
2020-02-19T18:22:54+00:00,0.0,32.0,214.9,NOT CHARGING,0.43753555555599993,0.0
2020-02-19T18:22:58+00:00,0.0,32.0,214.9,NOT CHARGING,0.43753555555599993,0.0
2020-02-19T18:23:02+00:00,0.0,32.0,214.9,NOT CHARGING,0.43753555555599993,0.0
2020-02-19T18:23:06+00:00,0.0,32.0,214.8,NOT CHARGING,0.43753555555599993,0.0
2020-02-19T18:23:09+00:00,0.0,32.0,214.8,NOT CHARGING,0.43753555555599993,0.0
2020-02-19T18:23:13+00:00,0.0,32.0,214.8,NOT CHARGING,0.43753555555599993,0.0
2020-02-19T18:23:17+00:00,0.0,32.0,214.8,NOT CHARGING,0.43753555555599993,0.0
2020-02-19T18:23:21+00:00,0.0,32.0,214.8,NOT CHARGING,0.43753555555599993,0.0
2020-02-19T18:23:25+00:00,0.0,32.0,214.8,NOT CHARGING,0.43753555555599993,0.0
2020-02-19T18:23:29+00:00,0.0,32.0,214.8,NOT CHARGING,0.43753555555599993,0.0
2020-02-19T18:23:33+00:00,0.0,32.0,214.8,NOT CHARGING,0.43753555555599993,0.0
2020-02-19T18:23:37+00:00,0.0,32.0,214.8,NOT CHARGING,0.43753555555599993,0.0
2020-02-19T18:23:41+00:00,0.0,32.0,214.8,NOT CHARGING,0.43753555555599993,0.0
2020-02-19T18:23:45+00:00,0.0,32.0,214.8,NOT CHARGING,0.43753555555599993,0.0
2020-02-19T18:23:49+00:00,0.0,32.0,214.8,NOT CHARGING,0.43753555555599993,0.0
2020-02-19T18:23:53+00:00,0.0,32.0,215.0,NOT CHARGING,0.43753555555599993,0.0
2020-02-19T18:23:57+00:00,0.0,32.0,214.9,NOT CHARGING,0.43753555555599993,0.0
2020-02-19T18:24:01+00:00,0.0,32.0,214.9,NOT CHARGING,0.43753555555599993,0.0
2020-02-19T18:24:05+00:00,0.0,32.0,214.9,NOT CHARGING,0.43753555555599993,0.0
2020-02-19T18:24:09+00:00,0.0,32.0,214.8,NOT CHARGING,0.43753555555599993,0.0
2020-02-19T18:24:13+00:00,0.0,32.0,214.9,NOT CHARGING,0.43753555555599993,0.0
2020-02-19T18:24:16+00:00,0.0,32.0,214.8,NOT CHARGING,0.43753555555599993,0.0
2020-02-19T18:24:20+00:00,0.0,32.0,214.8,NOT CHARGING,0.43753555555599993,0.0
2020-02-19T18:24:24+00:00,0.0,32.0,214.8,NOT CHARGING,0.43753555555599993,0.0
2020-02-19T18:24:28+00:00,0.0,32.0,214.9,NOT CHARGING,0.43753555555599993,0.0
2020-02-19T18:24:32+00:00,0.0,32.0,214.8,NOT CHARGING,0.43753555555599993,0.0
2020-02-19T18:24:36+00:00,0.0,32.0,214.8,NOT CHARGING,0.43753555555599993,0.0
2020-02-19T18:24:40+00:00,0.0,32.0,214.8,NOT CHARGING,0.43753555555599993,0.0
2020-02-19T18:24:44+00:00,0.0,32.0,214.8,NOT CHARGING,0.43753555555599993,0.0
2020-02-19T18:24:48+00:00,0.0,32.0,214.9,NOT CHARGING,0.43753555555599993,0.0
2020-02-19T18:24:52+00:00,0.0,32.0,214.8,NOT CHARGING,0.43753555555599993,0.0
2020-02-19T18:24:56+00:00,0.0,32.0,214.8,NOT CHARGING,0.43753555555599993,0.0
2020-02-19T18:25:00+00:00,0.0,32.0,214.8,NOT CHARGING,0.43753555555599993,0.0
2020-02-19T18:25:04+00:00,0.0,32.0,214.8,NOT CHARGING,0.43753555555599993,0.0
2020-02-19T18:25:08+00:00,0.0,32.0,214.8,NOT CHARGING,0.43753555555599993,0.0
2020-02-19T18:25:12+00:00,0.0,32.0,214.8,NOT CHARGING,0.43753555555599993,0.0
2020-02-19T18:25:16+00:00,0.0,32.0,214.8,NOT CHARGING,0.43753555555599993,0.0
2020-02-19T18:25:20+00:00,0.0,32.0,214.8,NOT CHARGING,0.43753555555599993,0.0
2020-02-19T18:25:23+00:00,0.0,32.0,214.7,NOT CHARGING,0.43753555555599993,0.0
2020-02-19T18:25:27+00:00,0.0,32.0,214.8,NOT CHARGING,0.43753555555599993,0.0
2020-02-19T18:25:31+00:00,0.0,32.0,214.7,NOT CHARGING,0.43753555555599993,0.0
2020-02-19T18:25:35+00:00,0.0,32.0,214.6,NOT CHARGING,0.43753555555599993,0.0
2020-02-19T18:25:39+00:00,0.0,32.0,214.6,NOT CHARGING,0.43753555555599993,0.0
2020-02-19T18:25:43+00:00,0.0,32.0,214.5,NOT CHARGING,0.43753555555599993,0.0
2020-02-19T18:25:47+00:00,0.0,32.0,214.6,NOT CHARGING,0.43753555555599993,0.0
2020-02-19T18:25:51+00:00,0.0,32.0,214.5,NOT CHARGING,0.43753555555599993,0.0
2020-02-19T18:25:55+00:00,0.0,32.0,214.5,NOT CHARGING,0.43753555555599993,0.0
2020-02-19T18:25:59+00:00,0.0,32.0,214.5,NOT CHARGING,0.43753555555599993,0.0
2020-02-19T18:26:03+00:00,0.0,32.0,214.5,NOT CHARGING,0.43753555555599993,0.0
2020-02-19T18:26:07+00:00,0.0,32.0,214.7,NOT CHARGING,0.43753555555599993,0.0
2020-02-19T18:26:11+00:00,0.0,32.0,214.6,NOT CHARGING,0.43753555555599993,0.0
2020-02-19T18:26:15+00:00,0.0,32.0,214.5,NOT CHARGING,0.43753555555599993,0.0
2020-02-19T18:26:19+00:00,0.0,32.0,214.7,NOT CHARGING,0.43753555555599993,0.0
2020-02-19T18:26:23+00:00,0.0,32.0,214.7,NOT CHARGING,0.43753555555599993,0.0
2020-02-19T18:26:27+00:00,0.0,32.0,214.7,NOT CHARGING,0.43753555555599993,0.0
2020-02-19T18:26:31+00:00,0.0,32.0,214.7,NOT CHARGING,0.43753555555599993,0.0
2020-02-19T18:26:34+00:00,0.0,32.0,214.7,NOT CHARGING,0.43753555555599993,0.0
2020-02-19T18:26:38+00:00,0.0,32.0,214.6,NOT CHARGING,0.43753555555599993,0.0
2020-02-19T18:26:42+00:00,0.0,32.0,214.7,NOT CHARGING,0.43753555555599993,0.0
2020-02-19T18:26:46+00:00,0.0,32.0,214.7,NOT CHARGING,0.43753555555599993,0.0
2020-02-19T18:26:50+00:00,0.0,32.0,214.8,NOT CHARGING,0.43753555555599993,0.0
2020-02-19T18:26:54+00:00,1.6,32.0,214.2,ADAPTIVE,0.437536666667,0.253
2020-02-19T18:26:58+00:00,3.7,32.0,213.9,ADAPTIVE,0.43801055555599994,0.7939999999999999
2020-02-19T18:27:02+00:00,8.1,32.0,213.4,ADAPTIVE,0.439389444444,1.7249999999999999
2020-02-19T18:27:06+00:00,8.0,32.0,213.4,ADAPTIVE,0.441191944444,1.7089999999999999
2020-02-19T18:27:10+00:00,8.1,32.0,213.5,ADAPTIVE,0.442986666667,1.7229999999999999
2020-02-19T18:27:14+00:00,8.2,32.0,213.5,ADAPTIVE,0.44481138888899996,1.738
2020-02-19T18:27:18+00:00,8.2,32.0,213.6,ADAPTIVE,0.446630833333,1.7389999999999999
2020-02-19T18:27:22+00:00,8.1,32.0,213.5,ADAPTIVE,0.44845361111099996,1.7169999999999999
2020-02-19T18:27:26+00:00,8.0,32.0,213.4,ADAPTIVE,0.45024527777799994,1.7129999999999999
2020-02-19T18:27:30+00:00,8.1,32.0,213.4,ADAPTIVE,0.452043333333,1.724
2020-02-19T18:27:34+00:00,8.1,32.0,213.4,ADAPTIVE,0.45385055555599996,1.7109999999999999
2020-02-19T18:27:37+00:00,8.1,32.0,213.6,ADAPTIVE,0.455647222222,1.7289999999999999
2020-02-19T18:27:41+00:00,8.1,32.0,213.4,ADAPTIVE,0.457453333333,1.72
2020-02-19T18:27:45+00:00,8.1,32.0,213.5,ADAPTIVE,0.45925305555599993,1.72
2020-02-19T18:27:49+00:00,8.0,32.0,213.5,ADAPTIVE,0.461048888889,1.716
2020-02-19T18:27:53+00:00,8.0,32.0,213.6,ADAPTIVE,0.46285166666699995,1.7169999999999999
2020-02-19T18:27:57+00:00,8.1,32.0,213.6,ADAPTIVE,0.464648611111,1.7269999999999999
2020-02-19T18:28:01+00:00,8.1,32.0,213.5,ADAPTIVE,0.466456944444,1.728
2020-02-19T18:28:05+00:00,8.1,32.0,213.5,ADAPTIVE,0.468256944444,1.712
2020-02-19T18:28:09+00:00,8.1,32.0,213.4,ADAPTIVE,0.47006138888899995,1.72
2020-02-19T18:28:13+00:00,8.0,32.0,213.5,ADAPTIVE,0.471854444444,1.7169999999999999
2020-02-19T18:28:17+00:00,8.1,32.0,213.4,ADAPTIVE,0.47364916666699997,1.722
2020-02-19T18:28:21+00:00,8.1,32.0,213.5,ADAPTIVE,0.47545416666699997,1.72
2020-02-19T18:28:25+00:00,8.0,32.0,213.6,ADAPTIVE,0.47724999999999995,1.716
2020-02-19T18:28:29+00:00,8.0,32.0,213.5,ADAPTIVE,0.47905111111099996,1.714
2020-02-19T18:28:33+00:00,8.1,32.0,213.4,ADAPTIVE,0.48084888888899996,1.718
2020-02-19T18:28:37+00:00,8.1,32.0,213.5,ADAPTIVE,0.482651944444,1.724
2020-02-19T18:28:41+00:00,8.1,32.0,213.5,ADAPTIVE,0.484446944444,1.716
2020-02-19T18:28:44+00:00,8.1,32.0,213.7,ADAPTIVE,0.48625055555599994,1.7169999999999999
2020-02-19T18:28:48+00:00,8.0,32.0,213.8,ADAPTIVE,0.48804777777799996,1.712
2020-02-19T18:28:52+00:00,8.0,32.0,213.6,ADAPTIVE,0.489851388889,1.714
2020-02-19T18:28:56+00:00,8.0,32.0,213.9,ADAPTIVE,0.491652222222,1.718
2020-02-19T18:29:00+00:00,8.0,32.0,213.5,ADAPTIVE,0.49346305555599995,1.7189999999999999
2020-02-19T18:29:04+00:00,8.0,32.0,213.8,ADAPTIVE,0.495266111111,1.72
2020-02-19T18:29:08+00:00,8.1,32.0,213.4,ADAPTIVE,0.4970725,1.718
2020-02-19T18:29:12+00:00,8.0,32.0,213.5,ADAPTIVE,0.49887499999999996,1.708
2020-02-19T18:29:16+00:00,8.1,32.0,213.7,ADAPTIVE,0.500672777778,1.7189999999999999
2020-02-19T18:29:20+00:00,8.0,32.0,213.8,ADAPTIVE,0.502476944444,1.7089999999999999
2020-02-19T18:29:24+00:00,8.1,32.0,213.8,ADAPTIVE,0.504276111111,1.73
2020-02-19T18:29:28+00:00,8.1,32.0,213.8,ADAPTIVE,0.506084722222,1.714
2020-02-19T18:29:32+00:00,8.1,32.0,213.6,ADAPTIVE,0.507883333333,1.7169999999999999
2020-02-19T18:29:36+00:00,8.0,32.0,213.4,ADAPTIVE,0.509684722222,1.7149999999999999
2020-02-19T18:29:40+00:00,8.0,32.0,213.6,ADAPTIVE,0.511481944444,1.712
2020-02-19T18:29:44+00:00,8.1,32.0,213.6,ADAPTIVE,0.513290555556,1.734
2020-02-19T18:29:48+00:00,8.0,32.0,213.6,ADAPTIVE,0.515107777778,1.712
2020-02-19T18:29:52+00:00,8.1,32.0,213.7,ADAPTIVE,0.516909444444,1.7169999999999999
2020-02-19T18:29:55+00:00,8.1,32.0,213.8,ADAPTIVE,0.518718888889,1.7169999999999999
2020-02-19T18:29:59+00:00,8.1,32.0,213.5,ADAPTIVE,0.520514722222,1.7169999999999999
2020-02-19T18:30:03+00:00,8.1,32.0,213.6,ADAPTIVE,0.522324444444,1.7169999999999999
2020-02-19T18:30:07+00:00,8.1,32.0,213.7,ADAPTIVE,0.5241205555559999,1.7229999999999999
2020-02-19T18:30:11+00:00,8.2,32.0,213.4,ADAPTIVE,0.5259291666670001,1.736
2020-02-19T18:30:15+00:00,8.1,32.0,213.8,ADAPTIVE,0.5277336111109999,1.714
2020-02-19T18:30:19+00:00,8.1,32.0,213.4,ADAPTIVE,0.529537222222,1.7209999999999999
2020-02-19T18:30:23+00:00,8.1,32.0,213.4,ADAPTIVE,0.5313333333329999,1.7149999999999999
2020-02-19T18:30:27+00:00,8.1,32.0,213.8,ADAPTIVE,0.533142222222,1.7209999999999999
2020-02-19T18:30:31+00:00,8.2,32.0,213.8,ADAPTIVE,0.5349433333329999,1.742
2020-02-19T18:30:35+00:00,8.0,32.0,213.9,ADAPTIVE,0.53676,1.718
2020-02-19T18:30:39+00:00,8.0,32.0,213.9,ADAPTIVE,0.538559722222,1.7169999999999999
2020-02-19T18:30:43+00:00,8.1,32.0,213.6,ADAPTIVE,0.540366388889,1.7149999999999999
2020-02-19T18:30:47+00:00,8.0,32.0,213.7,ADAPTIVE,0.542166388889,1.71
2020-02-19T18:30:51+00:00,8.3,32.0,213.7,ADAPTIVE,0.5439752777779999,1.762
2020-02-19T18:30:55+00:00,12.2,32.0,213.2,ADAPTIVE,0.546451388889,2.604
2020-02-19T18:30:59+00:00,12.2,32.0,213.2,ADAPTIVE,0.5491863888890001,2.6
2020-02-19T18:31:02+00:00,12.2,32.0,213.2,ADAPTIVE,0.551910833333,2.604
2020-02-19T18:31:06+00:00,12.2,32.0,213.3,ADAPTIVE,0.554645277778,2.61
2020-02-19T18:31:10+00:00,12.2,32.0,213.2,ADAPTIVE,0.557383055556,2.597
2020-02-19T18:31:14+00:00,12.3,32.0,213.3,ADAPTIVE,0.560106666667,2.606
2020-02-19T18:31:18+00:00,12.3,32.0,213.2,ADAPTIVE,0.562842222222,2.61
2020-02-19T18:31:22+00:00,12.2,32.0,213.2,ADAPTIVE,0.565564166667,2.602
2020-02-19T18:31:26+00:00,12.3,32.0,213.1,ADAPTIVE,0.5683,2.6029999999999998
2020-02-19T18:31:30+00:00,12.3,32.0,213.2,ADAPTIVE,0.571020555556,2.604
2020-02-19T18:31:34+00:00,12.3,32.0,213.2,ADAPTIVE,0.573756666667,2.6029999999999998
2020-02-19T18:31:38+00:00,12.3,32.0,213.3,ADAPTIVE,0.5764816666670001,2.608
2020-02-19T18:31:42+00:00,12.3,32.0,213.1,ADAPTIVE,0.579222222222,2.613
2020-02-19T18:31:46+00:00,12.3,32.0,213.1,ADAPTIVE,0.5819461111109999,2.6029999999999998
2020-02-19T18:31:50+00:00,12.3,32.0,213.2,ADAPTIVE,0.584684444444,2.6069999999999998
2020-02-19T18:31:54+00:00,12.3,32.0,213.2,ADAPTIVE,0.5874116666670001,2.602
2020-02-19T18:31:58+00:00,12.3,32.0,213.3,ADAPTIVE,0.590146944444,2.601
2020-02-19T18:32:02+00:00,12.3,32.0,213.1,ADAPTIVE,0.5928691666670001,2.5989999999999998
2020-02-19T18:32:05+00:00,12.3,32.0,213.3,ADAPTIVE,0.595606666667,2.609
2020-02-19T18:32:09+00:00,12.3,32.0,213.3,ADAPTIVE,0.598334444444,2.602
2020-02-19T18:32:13+00:00,12.3,32.0,213.4,ADAPTIVE,0.601071388889,2.606
2020-02-19T18:32:17+00:00,12.3,32.0,213.4,ADAPTIVE,0.603798611111,2.613
2020-02-19T18:32:21+00:00,12.3,32.0,213.2,ADAPTIVE,0.6065386111109999,2.6109999999999998
2020-02-19T18:32:25+00:00,12.3,32.0,213.1,ADAPTIVE,0.609263333333,2.614
2020-02-19T18:32:29+00:00,12.3,32.0,213.4,ADAPTIVE,0.612,2.605
2020-02-19T18:32:33+00:00,12.2,32.0,213.4,ADAPTIVE,0.614726666667,2.5989999999999998
2020-02-19T18:32:37+00:00,12.3,32.0,213.4,ADAPTIVE,0.617466944444,2.6149999999999998
2020-02-19T18:32:41+00:00,12.3,32.0,213.3,ADAPTIVE,0.620194166667,2.61
2020-02-19T18:32:45+00:00,12.3,32.0,213.3,ADAPTIVE,0.622935,2.601
2020-02-19T18:32:49+00:00,12.3,32.0,213.5,ADAPTIVE,0.625664444444,2.618
2020-02-19T18:32:53+00:00,12.3,32.0,213.5,ADAPTIVE,0.628405,2.6069999999999998
2020-02-19T18:32:57+00:00,12.2,32.0,213.4,ADAPTIVE,0.631131944444,2.602
2020-02-19T18:33:01+00:00,12.2,32.0,213.4,ADAPTIVE,0.633870833333,2.61
2020-02-19T18:33:05+00:00,12.3,32.0,213.5,ADAPTIVE,0.636596666667,2.616
2020-02-19T18:33:09+00:00,12.3,32.0,213.3,ADAPTIVE,0.639337222222,2.613
2020-02-19T18:33:12+00:00,12.3,32.0,213.4,ADAPTIVE,0.642066388889,2.613
2020-02-19T18:33:16+00:00,12.3,32.0,213.4,ADAPTIVE,0.644808611111,2.609
2020-02-19T18:33:20+00:00,12.3,32.0,213.4,ADAPTIVE,0.647536666667,2.61
2020-02-19T18:33:24+00:00,12.3,32.0,213.4,ADAPTIVE,0.650276666667,2.606
2020-02-19T18:33:28+00:00,12.3,32.0,213.3,ADAPTIVE,0.6530058333329999,2.617
2020-02-19T18:33:32+00:00,12.3,32.0,213.4,ADAPTIVE,0.655746944444,2.606
2020-02-19T18:33:36+00:00,12.2,32.0,213.5,ADAPTIVE,0.658474722222,2.6
2020-02-19T18:33:40+00:00,12.3,32.0,213.5,ADAPTIVE,0.661215,2.609
2020-02-19T18:33:44+00:00,12.3,32.0,213.6,ADAPTIVE,0.663945555556,2.608
2020-02-19T18:33:48+00:00,12.3,32.0,213.4,ADAPTIVE,0.666686111111,2.609
2020-02-19T18:33:52+00:00,12.2,32.0,213.3,ADAPTIVE,0.6694152777779999,2.605
2020-02-19T18:33:56+00:00,12.2,32.0,213.6,ADAPTIVE,0.672154722222,2.61
2020-02-19T18:34:00+00:00,12.2,32.0,213.5,ADAPTIVE,0.674885,2.606
2020-02-19T18:34:04+00:00,12.2,32.0,213.6,ADAPTIVE,0.677625277778,2.6149999999999998
2020-02-19T18:34:08+00:00,12.2,32.0,213.6,ADAPTIVE,0.680364722222,2.604
2020-02-19T18:34:12+00:00,12.3,32.0,213.5,ADAPTIVE,0.683095,2.609
2020-02-19T18:34:16+00:00,12.3,32.0,213.6,ADAPTIVE,0.685835,2.612
2020-02-19T18:34:19+00:00,12.3,32.0,213.5,ADAPTIVE,0.688563888889,2.6149999999999998
2020-02-19T18:34:23+00:00,12.2,32.0,213.4,ADAPTIVE,0.691304166667,2.602
2020-02-19T18:34:27+00:00,12.3,32.0,213.4,ADAPTIVE,0.6940333333329999,2.606
2020-02-19T18:34:31+00:00,12.3,32.0,213.4,ADAPTIVE,0.696771388889,2.6149999999999998
2020-02-19T18:34:35+00:00,12.2,32.0,213.6,ADAPTIVE,0.699499166667,2.6029999999999998
2020-02-19T18:34:39+00:00,12.2,32.0,213.5,ADAPTIVE,0.702238888889,2.605
2020-02-19T18:34:43+00:00,12.2,32.0,213.4,ADAPTIVE,0.7049675,2.616
2020-02-19T18:34:47+00:00,12.3,32.0,213.6,ADAPTIVE,0.707711944444,2.613
2020-02-19T18:34:51+00:00,12.3,32.0,213.4,ADAPTIVE,0.710452777778,2.6149999999999998
2020-02-19T18:34:55+00:00,12.2,32.0,213.4,ADAPTIVE,0.7131836111109999,2.612
2020-02-19T18:34:59+00:00,12.2,32.0,213.4,ADAPTIVE,0.715925833333,2.6069999999999998
2020-02-19T18:35:03+00:00,12.2,32.0,213.6,ADAPTIVE,0.718655277778,2.61
2020-02-19T18:35:07+00:00,15.8,32.0,213.1,ADAPTIVE,0.7217061111109999,3.3579999999999997
2020-02-19T18:35:11+00:00,15.9,32.0,213.1,ADAPTIVE,0.725251388889,3.38
2020-02-19T18:35:15+00:00,15.9,32.0,213.1,ADAPTIVE,0.728784166667,3.385
2020-02-19T18:35:19+00:00,15.9,32.0,213.1,ADAPTIVE,0.7323313888890001,3.3729999999999998
2020-02-19T18:35:23+00:00,15.9,32.0,213.0,ADAPTIVE,0.7358633333329999,3.38
2020-02-19T18:35:27+00:00,15.9,32.0,213.0,ADAPTIVE,0.739410833333,3.3739999999999997
2020-02-19T18:35:30+00:00,16.0,32.0,213.0,ADAPTIVE,0.742945555556,3.381
2020-02-19T18:35:34+00:00,15.9,32.0,213.0,ADAPTIVE,0.746494166667,3.38
2020-02-19T18:35:38+00:00,16.0,32.0,212.9,ADAPTIVE,0.7500275,3.383
2020-02-19T18:35:42+00:00,15.9,32.0,213.1,ADAPTIVE,0.753575555556,3.388
2020-02-19T18:35:46+00:00,15.9,32.0,213.1,ADAPTIVE,0.757109444444,3.3779999999999997
2020-02-19T18:35:50+00:00,15.9,32.0,213.1,ADAPTIVE,0.760654444444,3.388
2020-02-19T18:35:54+00:00,15.9,32.0,212.9,ADAPTIVE,0.764186666667,3.384
2020-02-19T18:35:58+00:00,15.9,32.0,212.9,ADAPTIVE,0.767721666667,3.3859999999999997
2020-02-19T18:36:02+00:00,15.9,32.0,212.9,ADAPTIVE,0.771268055556,3.3819999999999997
2020-02-19T18:36:06+00:00,15.9,32.0,213.0,ADAPTIVE,0.774799444444,3.3739999999999997
2020-02-19T18:36:10+00:00,15.9,32.0,213.0,ADAPTIVE,0.778349444444,3.391
2020-02-19T18:36:14+00:00,15.9,32.0,213.1,ADAPTIVE,0.781883333333,3.379
2020-02-19T18:36:18+00:00,15.9,32.0,213.1,ADAPTIVE,0.785431388889,3.387
2020-02-19T18:36:22+00:00,15.9,32.0,213.1,ADAPTIVE,0.788979444444,3.389
2020-02-19T18:36:26+00:00,15.9,32.0,212.9,ADAPTIVE,0.792516944444,3.379
2020-02-19T18:36:30+00:00,15.9,32.0,213.1,ADAPTIVE,0.796064722222,3.384
2020-02-19T18:36:33+00:00,16.0,32.0,213.1,ADAPTIVE,0.799599166667,3.3899999999999997
2020-02-19T18:36:37+00:00,16.0,32.0,213.1,ADAPTIVE,0.803146388889,3.3859999999999997
2020-02-19T18:36:41+00:00,16.0,32.0,213.1,ADAPTIVE,0.8066822222219999,3.3859999999999997
2020-02-19T18:36:45+00:00,15.9,32.0,213.0,ADAPTIVE,0.810231388889,3.384
2020-02-19T18:36:49+00:00,15.9,32.0,213.0,ADAPTIVE,0.8137672222219999,3.3899999999999997
2020-02-19T18:36:53+00:00,15.9,32.0,213.0,ADAPTIVE,0.817317777778,3.391
2020-02-19T18:36:57+00:00,15.9,32.0,213.1,ADAPTIVE,0.820853888889,3.387
2020-02-19T18:37:01+00:00,15.9,32.0,213.1,ADAPTIVE,0.8244033333329999,3.3859999999999997
2020-02-19T18:37:05+00:00,15.9,32.0,213.1,ADAPTIVE,0.827954722222,3.381
2020-02-19T18:37:09+00:00,16.0,32.0,213.1,ADAPTIVE,0.831488888889,3.3979999999999997
2020-02-19T18:37:13+00:00,15.2,32.0,213.2,ADAPTIVE,0.8349805555559999,3.222
2020-02-19T18:37:17+00:00,15.2,32.0,213.1,ADAPTIVE,0.838361944444,3.223
2020-02-19T18:37:21+00:00,15.3,32.0,213.4,ADAPTIVE,0.841754166667,3.2369999999999997
2020-02-19T18:37:25+00:00,15.3,32.0,213.1,ADAPTIVE,0.845136111111,3.247
2020-02-19T18:37:29+00:00,15.3,32.0,213.1,ADAPTIVE,0.8485319444439999,3.2489999999999997
2020-02-19T18:37:33+00:00,15.3,32.0,213.1,ADAPTIVE,0.851912222222,3.252
2020-02-19T18:37:37+00:00,15.2,32.0,213.1,ADAPTIVE,0.8553083333329999,3.2369999999999997
2020-02-19T18:37:40+00:00,15.1,32.0,213.1,ADAPTIVE,0.8586808333329999,3.2239999999999998
2020-02-19T18:37:44+00:00,15.1,32.0,213.2,ADAPTIVE,0.8620774999999999,3.2279999999999998
2020-02-19T18:37:48+00:00,15.2,32.0,213.2,ADAPTIVE,0.8654572222219999,3.251
2020-02-19T18:37:52+00:00,15.2,32.0,213.1,ADAPTIVE,0.8688466666670001,3.2399999999999998
2020-02-19T18:37:56+00:00,15.1,32.0,213.1,ADAPTIVE,0.872246666667,3.2119999999999997
2020-02-19T18:38:00+00:00,15.2,32.0,213.2,ADAPTIVE,0.8756319444439999,3.235
2020-02-19T18:38:04+00:00,15.3,32.0,213.1,ADAPTIVE,0.8790211111109999,3.258
2020-02-19T18:38:08+00:00,15.1,32.0,213.1,ADAPTIVE,0.882404722222,3.2159999999999997
2020-02-19T18:38:12+00:00,15.2,32.0,213.3,ADAPTIVE,0.8858058333329999,3.238
2020-02-19T18:38:16+00:00,15.3,32.0,213.1,ADAPTIVE,0.889179444444,3.254
2020-02-19T18:38:20+00:00,15.1,32.0,213.3,ADAPTIVE,0.892582777778,3.2239999999999998
2020-02-19T18:38:24+00:00,15.3,32.0,213.1,ADAPTIVE,0.895966666667,3.255
2020-02-19T18:38:28+00:00,15.1,32.0,213.2,ADAPTIVE,0.899356388889,3.214
2020-02-19T18:38:32+00:00,15.2,32.0,213.1,ADAPTIVE,0.9027449999999999,3.242
2020-02-19T18:38:36+00:00,15.1,32.0,213.1,ADAPTIVE,0.90613,3.2199999999999998
2020-02-19T18:38:40+00:00,15.3,32.0,213.2,ADAPTIVE,0.90952,3.255
2020-02-19T18:38:44+00:00,15.1,32.0,213.1,ADAPTIVE,0.912913888889,3.207
2020-02-19T18:38:47+00:00,15.3,32.0,213.2,ADAPTIVE,0.916301388889,3.2569999999999997
2020-02-19T18:38:51+00:00,15.2,32.0,213.1,ADAPTIVE,0.919710833333,3.227
2020-02-19T18:38:55+00:00,15.1,32.0,213.1,ADAPTIVE,0.9230730555559999,3.214
2020-02-19T18:38:59+00:00,15.4,32.0,213.1,ADAPTIVE,0.926471666667,3.259
2020-02-19T18:39:03+00:00,15.3,32.0,213.1,ADAPTIVE,0.9298697222219999,3.2329999999999997
2020-02-19T18:39:07+00:00,15.1,32.0,213.1,ADAPTIVE,0.933250277778,3.211
2020-02-19T18:39:11+00:00,15.4,32.0,213.2,ADAPTIVE,0.9366325,3.264
2020-02-19T18:39:15+00:00,15.3,32.0,213.1,ADAPTIVE,0.9400461111109999,3.2569999999999997
2020-02-19T18:39:19+00:00,15.9,32.0,213.1,ADAPTIVE,0.9434911111109999,3.3819999999999997
2020-02-19T18:39:23+00:00,15.9,32.0,213.1,ADAPTIVE,0.9470430555559999,3.3859999999999997
2020-02-19T18:39:27+00:00,15.9,32.0,213.1,ADAPTIVE,0.950578055556,3.3819999999999997
2020-02-19T18:39:31+00:00,15.9,32.0,213.0,ADAPTIVE,0.9541299999999999,3.3859999999999997
2020-02-19T18:39:35+00:00,16.0,32.0,212.9,ADAPTIVE,0.957682222222,3.388
2020-02-19T18:39:39+00:00,15.9,32.0,213.2,ADAPTIVE,0.9612222222219999,3.3779999999999997
2020-02-19T18:39:43+00:00,16.0,32.0,212.9,ADAPTIVE,0.964772777778,3.384
2020-02-19T18:39:47+00:00,16.0,32.0,212.9,ADAPTIVE,0.968309444444,3.3819999999999997
2020-02-19T18:39:50+00:00,16.0,32.0,212.9,ADAPTIVE,0.971861944444,3.385
2020-02-19T18:39:54+00:00,16.0,32.0,213.1,ADAPTIVE,0.975399166667,3.383
2020-02-19T18:39:58+00:00,16.0,32.0,213.1,ADAPTIVE,0.978949444444,3.391
2020-02-19T18:40:02+00:00,16.0,32.0,213.1,ADAPTIVE,0.982485277778,3.384
2020-02-19T18:40:06+00:00,16.0,32.0,213.1,ADAPTIVE,0.9860374999999999,3.38
2020-02-19T18:40:10+00:00,16.0,32.0,213.1,ADAPTIVE,0.9895752777779999,3.3819999999999997
2020-02-19T18:40:14+00:00,16.0,32.0,213.0,ADAPTIVE,0.9931274999999999,3.383
2020-02-19T18:40:18+00:00,16.0,32.0,213.1,ADAPTIVE,0.996664166667,3.3859999999999997
2020-02-19T18:40:22+00:00,16.0,32.0,213.1,ADAPTIVE,1.00021527778,3.392
2020-02-19T18:40:26+00:00,15.9,32.0,213.2,ADAPTIVE,1.00375333333,3.3859999999999997
2020-02-19T18:40:30+00:00,15.9,32.0,213.0,ADAPTIVE,1.00730694444,3.3899999999999997
2020-02-19T18:40:34+00:00,15.9,32.0,213.1,ADAPTIVE,1.0108475,3.3859999999999997
2020-02-19T18:40:38+00:00,15.9,32.0,213.1,ADAPTIVE,1.01438527778,3.3859999999999997
2020-02-19T18:40:42+00:00,15.9,32.0,213.0,ADAPTIVE,1.0179388888899998,3.3819999999999997
2020-02-19T18:40:46+00:00,15.9,32.0,213.1,ADAPTIVE,1.02147472222,3.388
2020-02-19T18:40:50+00:00,16.0,32.0,213.0,ADAPTIVE,1.0250255555599999,3.388
2020-02-19T18:40:54+00:00,16.0,32.0,212.9,ADAPTIVE,1.02856111111,3.387
2020-02-19T18:40:58+00:00,16.0,32.0,213.1,ADAPTIVE,1.0321127777799999,3.3899999999999997
2020-02-19T18:41:01+00:00,16.0,32.0,212.9,ADAPTIVE,1.0356502777799999,3.3819999999999997
2020-02-19T18:41:05+00:00,16.0,32.0,213.0,ADAPTIVE,1.03920055556,3.389
2020-02-19T18:41:09+00:00,16.0,32.0,212.9,ADAPTIVE,1.04273861111,3.3859999999999997
2020-02-19T18:41:13+00:00,16.0,32.0,212.9,ADAPTIVE,1.0462891666699998,3.392
2020-02-19T18:41:17+00:00,16.0,32.0,213.1,ADAPTIVE,1.0498277777799998,3.396
2020-02-19T18:41:21+00:00,15.9,32.0,212.9,ADAPTIVE,1.05338055556,3.392
2020-02-19T18:41:25+00:00,15.9,32.0,212.9,ADAPTIVE,1.0569175,3.389
2020-02-19T18:41:29+00:00,15.9,32.0,212.9,ADAPTIVE,1.06046861111,3.387
2020-02-19T18:41:33+00:00,16.0,32.0,213.0,ADAPTIVE,1.0640044444399999,3.395
2020-02-19T18:41:37+00:00,15.9,32.0,212.9,ADAPTIVE,1.06755527778,3.388
2020-02-19T18:41:41+00:00,15.9,32.0,213.0,ADAPTIVE,1.07109444444,3.383
2020-02-19T18:41:45+00:00,15.9,32.0,213.0,ADAPTIVE,1.0746452777799997,3.384
2020-02-19T18:41:49+00:00,15.9,32.0,212.9,ADAPTIVE,1.0781822222200002,3.388
2020-02-19T18:41:53+00:00,16.0,32.0,212.9,ADAPTIVE,1.08173333333,3.392
2020-02-19T18:41:57+00:00,15.9,32.0,213.0,ADAPTIVE,1.0852719444399999,3.379
2020-02-19T18:42:01+00:00,15.9,32.0,213.0,ADAPTIVE,1.0888252777799998,3.388
2020-02-19T18:42:05+00:00,15.9,32.0,213.0,ADAPTIVE,1.09236166667,3.383
2020-02-19T18:42:08+00:00,15.9,32.0,213.0,ADAPTIVE,1.0958999999999999,3.387
2020-02-19T18:42:12+00:00,16.0,32.0,213.0,ADAPTIVE,1.09945416667,3.3979999999999997
2020-02-19T18:42:16+00:00,16.0,32.0,212.9,ADAPTIVE,1.1029922222200002,3.388
2020-02-19T18:42:20+00:00,15.9,32.0,213.0,ADAPTIVE,1.1065444444399999,3.381
2020-02-19T18:42:24+00:00,16.0,32.0,212.9,ADAPTIVE,1.1100824999999999,3.388
2020-02-19T18:42:28+00:00,16.0,32.0,212.9,ADAPTIVE,1.11363472222,3.388
2020-02-19T18:42:32+00:00,15.9,32.0,213.0,ADAPTIVE,1.1171725,3.389
2020-02-19T18:42:36+00:00,15.9,32.0,213.1,ADAPTIVE,1.12071194444,3.383
2020-02-19T18:42:40+00:00,15.9,32.0,213.1,ADAPTIVE,1.12426638889,3.3899999999999997
2020-02-19T18:42:44+00:00,15.9,32.0,213.1,ADAPTIVE,1.127805,3.387
2020-02-19T18:42:48+00:00,15.9,32.0,213.1,ADAPTIVE,1.1313602777799998,3.383
2020-02-19T18:42:52+00:00,15.9,32.0,213.1,ADAPTIVE,1.13489916667,3.389
2020-02-19T18:42:56+00:00,15.9,32.0,213.0,ADAPTIVE,1.1384563888900001,3.385
2020-02-19T18:43:00+00:00,15.9,32.0,213.0,ADAPTIVE,1.14199305556,3.383
2020-02-19T18:43:04+00:00,15.9,32.0,213.0,ADAPTIVE,1.14554416667,3.384
2020-02-19T18:43:08+00:00,15.9,32.0,213.0,ADAPTIVE,1.1490811111099999,3.399
2020-02-19T18:43:12+00:00,15.9,32.0,213.0,ADAPTIVE,1.15263333333,3.384
2020-02-19T18:43:15+00:00,15.9,32.0,212.9,ADAPTIVE,1.15617138889,3.387
2020-02-19T18:43:19+00:00,15.9,32.0,213.1,ADAPTIVE,1.15972416667,3.392
2020-02-19T18:43:23+00:00,15.9,32.0,213.0,ADAPTIVE,1.16326055556,3.381
2020-02-19T18:43:27+00:00,15.9,32.0,213.0,ADAPTIVE,1.16681472222,3.384
2020-02-19T18:43:31+00:00,15.9,32.0,212.9,ADAPTIVE,1.1703516666699998,3.384
2020-02-19T18:43:35+00:00,15.9,32.0,213.0,ADAPTIVE,1.17390555556,3.383
2020-02-19T18:43:39+00:00,15.9,32.0,213.0,ADAPTIVE,1.17744416667,3.396
2020-02-19T18:43:43+00:00,15.9,32.0,213.0,ADAPTIVE,1.1809975,3.3819999999999997
2020-02-19T18:43:47+00:00,15.9,32.0,213.1,ADAPTIVE,1.184535,3.3859999999999997
2020-02-19T18:43:51+00:00,15.9,32.0,213.0,ADAPTIVE,1.1880894444399999,3.3899999999999997
2020-02-19T18:43:55+00:00,15.9,32.0,213.1,ADAPTIVE,1.19162638889,3.381
2020-02-19T18:43:59+00:00,15.9,32.0,213.2,ADAPTIVE,1.19517944444,3.3859999999999997
2020-02-19T18:44:03+00:00,16.0,32.0,212.9,ADAPTIVE,1.1987197222200001,3.3819999999999997
2020-02-19T18:44:07+00:00,16.0,32.0,213.1,ADAPTIVE,1.20227222222,3.3899999999999997
2020-02-19T18:44:11+00:00,16.0,32.0,212.9,ADAPTIVE,1.20580916667,3.385
2020-02-19T18:44:15+00:00,16.0,32.0,213.0,ADAPTIVE,1.2093625,3.3899999999999997
2020-02-19T18:44:19+00:00,16.0,32.0,212.9,ADAPTIVE,1.2128977777799999,3.391
2020-02-19T18:44:22+00:00,16.0,32.0,213.0,ADAPTIVE,1.21644944444,3.376
2020-02-19T18:44:26+00:00,16.0,32.0,212.9,ADAPTIVE,1.2199852777799998,3.3779999999999997
2020-02-19T18:44:30+00:00,16.0,32.0,213.0,ADAPTIVE,1.2235375,3.393
2020-02-19T18:44:34+00:00,16.0,32.0,213.0,ADAPTIVE,1.2270736111099998,3.38
2020-02-19T18:44:38+00:00,16.0,32.0,213.0,ADAPTIVE,1.23062694444,3.388
2020-02-19T18:44:42+00:00,16.0,32.0,213.0,ADAPTIVE,1.2341641666699998,3.383
2020-02-19T18:44:46+00:00,16.0,32.0,212.9,ADAPTIVE,1.23771833333,3.387
2020-02-19T18:44:50+00:00,16.0,32.0,212.9,ADAPTIVE,1.24125833333,3.392
2020-02-19T18:44:54+00:00,16.0,32.0,212.9,ADAPTIVE,1.24481083333,3.392
2020-02-19T18:44:58+00:00,15.9,32.0,212.9,ADAPTIVE,1.24834888889,3.38
2020-02-19T18:45:02+00:00,16.0,32.0,213.0,ADAPTIVE,1.25190138889,3.3939999999999997
2020-02-19T18:45:06+00:00,16.0,32.0,212.9,ADAPTIVE,1.25543972222,3.393
2020-02-19T18:45:10+00:00,16.0,32.0,212.9,ADAPTIVE,1.25899305556,3.38
2020-02-19T18:45:14+00:00,16.0,32.0,212.9,ADAPTIVE,1.26253166667,3.3819999999999997
2020-02-19T18:45:18+00:00,16.0,32.0,213.0,ADAPTIVE,1.26608555556,3.392
2020-02-19T18:45:22+00:00,15.9,32.0,212.9,ADAPTIVE,1.26962583333,3.3939999999999997
2020-02-19T18:45:25+00:00,15.9,32.0,212.9,ADAPTIVE,1.27316388889,3.385
2020-02-19T18:45:29+00:00,15.9,32.0,212.9,ADAPTIVE,1.276715,3.377
2020-02-19T18:45:33+00:00,16.0,32.0,212.8,ADAPTIVE,1.28024861111,3.3819999999999997
2020-02-19T18:45:37+00:00,15.9,32.0,212.9,ADAPTIVE,1.2838011111099998,3.3819999999999997
2020-02-19T18:45:41+00:00,15.9,32.0,212.9,ADAPTIVE,1.28733805556,3.38
2020-02-19T18:45:45+00:00,15.9,32.0,212.9,ADAPTIVE,1.2908736111099999,3.3859999999999997
2020-02-19T18:45:49+00:00,16.0,32.0,212.8,ADAPTIVE,1.29442305556,3.379
2020-02-19T18:45:53+00:00,16.0,32.0,212.9,ADAPTIVE,1.2979586111099999,3.395
2020-02-19T18:45:57+00:00,16.0,32.0,212.8,ADAPTIVE,1.3015119444399998,3.3819999999999997
2020-02-19T18:46:01+00:00,16.0,32.0,212.9,ADAPTIVE,1.3050466666699998,3.385
2020-02-19T18:46:05+00:00,16.0,32.0,212.9,ADAPTIVE,1.3086,3.3859999999999997
2020-02-19T18:46:09+00:00,16.0,32.0,212.9,ADAPTIVE,1.3121366666699998,3.388
2020-02-19T18:46:13+00:00,16.0,32.0,212.8,ADAPTIVE,1.31568888889,3.3859999999999997
2020-02-19T18:46:17+00:00,16.0,32.0,212.8,ADAPTIVE,1.3192227777799999,3.385
2020-02-19T18:46:21+00:00,16.0,32.0,212.9,ADAPTIVE,1.3227747222200001,3.3859999999999997
2020-02-19T18:46:25+00:00,15.9,32.0,212.9,ADAPTIVE,1.3263099999999999,3.388
2020-02-19T18:46:29+00:00,15.9,32.0,212.8,ADAPTIVE,1.32986305556,3.387
2020-02-19T18:46:32+00:00,15.9,32.0,212.7,ADAPTIVE,1.3334,3.3859999999999997
2020-02-19T18:46:36+00:00,15.9,32.0,212.8,ADAPTIVE,1.3369499999999999,3.38
2020-02-19T18:46:40+00:00,15.9,32.0,212.7,ADAPTIVE,1.3405016666699998,3.381
2020-02-19T18:46:44+00:00,15.9,32.0,212.7,ADAPTIVE,1.3440361111099999,3.3779999999999997
2020-02-19T18:46:48+00:00,16.0,32.0,212.7,ADAPTIVE,1.34758416667,3.385
2020-02-19T18:46:52+00:00,16.0,32.0,212.8,ADAPTIVE,1.3511211111099999,3.389
2020-02-19T18:46:56+00:00,16.0,32.0,212.7,ADAPTIVE,1.35467138889,3.385
2020-02-19T18:47:00+00:00,16.0,32.0,212.8,ADAPTIVE,1.3582086111099998,3.388
2020-02-19T18:47:04+00:00,16.0,32.0,212.9,ADAPTIVE,1.36176138889,3.397
2020-02-19T18:47:08+00:00,16.0,32.0,212.8,ADAPTIVE,1.36529888889,3.3819999999999997
2020-02-19T18:47:12+00:00,16.0,32.0,212.8,ADAPTIVE,1.36884972222,3.375
2020-02-19T18:47:16+00:00,16.0,32.0,212.9,ADAPTIVE,1.37238722222,3.3859999999999997
2020-02-19T18:47:20+00:00,16.0,32.0,212.7,ADAPTIVE,1.37593833333,3.381
2020-02-19T18:47:24+00:00,15.9,32.0,212.8,ADAPTIVE,1.37947166667,3.383
2020-02-19T18:47:28+00:00,15.9,32.0,212.9,ADAPTIVE,1.38302055556,3.388
2020-02-19T18:47:32+00:00,15.9,32.0,212.7,ADAPTIVE,1.3865552777799999,3.3899999999999997
2020-02-19T18:47:36+00:00,15.9,32.0,212.9,ADAPTIVE,1.39009361111,3.393
2020-02-19T18:47:39+00:00,15.9,32.0,212.8,ADAPTIVE,1.3936447222200001,3.384
2020-02-19T18:47:44+00:00,16.0,32.0,212.6,ADAPTIVE,1.3971816666699999,3.3859999999999997
2020-02-19T18:47:47+00:00,16.0,32.0,212.7,ADAPTIVE,1.40073416667,3.393
2020-02-19T18:47:51+00:00,15.9,32.0,212.8,ADAPTIVE,1.4042722222200001,3.3819999999999997
2020-02-19T18:47:55+00:00,15.9,32.0,212.9,ADAPTIVE,1.4078080555599999,3.383
2020-02-19T18:47:59+00:00,16.0,32.0,212.8,ADAPTIVE,1.41135888889,3.395
2020-02-19T18:48:03+00:00,16.0,32.0,212.7,ADAPTIVE,1.414895,3.3899999999999997
2020-02-19T18:48:07+00:00,15.9,32.0,212.9,ADAPTIVE,1.41843222222,3.3899999999999997
2020-02-19T18:48:11+00:00,15.9,32.0,212.8,ADAPTIVE,1.42198638889,3.3859999999999997
2020-02-19T18:48:15+00:00,16.0,32.0,212.5,ADAPTIVE,1.42552138889,3.379
2020-02-19T18:48:19+00:00,16.0,32.0,212.8,ADAPTIVE,1.42907138889,3.3779999999999997
2020-02-19T18:48:23+00:00,16.0,32.0,212.7,ADAPTIVE,1.43260805556,3.381
2020-02-19T18:48:27+00:00,15.9,32.0,212.8,ADAPTIVE,1.43615722222,3.381
2020-02-19T18:48:31+00:00,15.9,32.0,212.7,ADAPTIVE,1.43969388889,3.3819999999999997
2020-02-19T18:48:35+00:00,15.9,32.0,212.8,ADAPTIVE,1.44322861111,3.3859999999999997
2020-02-19T18:48:39+00:00,15.9,32.0,212.8,ADAPTIVE,1.44678055556,3.387
2020-02-19T18:48:43+00:00,15.9,32.0,212.8,ADAPTIVE,1.45031694444,3.3859999999999997
2020-02-19T18:48:46+00:00,15.9,32.0,212.7,ADAPTIVE,1.4538669444399999,3.388
2020-02-19T18:48:50+00:00,15.9,32.0,212.8,ADAPTIVE,1.45740138889,3.381
2020-02-19T18:48:54+00:00,15.9,32.0,212.7,ADAPTIVE,1.46095083333,3.3819999999999997
2020-02-19T18:48:58+00:00,15.9,32.0,212.7,ADAPTIVE,1.4644875,3.383
2020-02-19T18:49:02+00:00,15.9,32.0,212.8,ADAPTIVE,1.4680380555599999,3.387
2020-02-19T18:49:06+00:00,15.9,32.0,212.7,ADAPTIVE,1.47157305556,3.381
2020-02-19T18:49:10+00:00,15.9,32.0,212.5,ADAPTIVE,1.47512222222,3.3819999999999997
2020-02-19T18:49:14+00:00,15.9,32.0,212.7,ADAPTIVE,1.4786575,3.391
2020-02-19T18:49:18+00:00,16.0,32.0,212.7,ADAPTIVE,1.4822061111099998,3.384
2020-02-19T18:49:22+00:00,16.0,32.0,212.8,ADAPTIVE,1.4857416666699998,3.385
2020-02-19T18:49:26+00:00,16.0,32.0,212.7,ADAPTIVE,1.48929361111,3.385
2020-02-19T18:49:30+00:00,16.0,32.0,212.9,ADAPTIVE,1.4928302777799998,3.3899999999999997
2020-02-19T18:49:34+00:00,16.0,32.0,212.8,ADAPTIVE,1.49638333333,3.385
2020-02-19T18:49:38+00:00,16.0,32.0,212.8,ADAPTIVE,1.4999236111099998,3.391
2020-02-19T18:49:42+00:00,16.0,32.0,212.8,ADAPTIVE,1.50347611111,3.384
2020-02-19T18:49:46+00:00,16.0,32.0,212.8,ADAPTIVE,1.50701472222,3.391
2020-02-19T18:49:50+00:00,16.0,32.0,212.7,ADAPTIVE,1.5105677777799997,3.3859999999999997
2020-02-19T18:49:53+00:00,15.9,32.0,212.7,ADAPTIVE,1.51410333333,3.38
2020-02-19T18:49:57+00:00,15.9,32.0,212.7,ADAPTIVE,1.517655,3.3859999999999997
2020-02-19T18:50:01+00:00,15.9,32.0,212.7,ADAPTIVE,1.52120333333,3.384
2020-02-19T18:50:05+00:00,16.0,32.0,212.7,ADAPTIVE,1.5247391666699999,3.387
2020-02-19T18:50:09+00:00,16.0,32.0,212.7,ADAPTIVE,1.52829166667,3.388
2020-02-19T18:50:13+00:00,16.0,32.0,212.7,ADAPTIVE,1.53182805556,3.387
2020-02-19T18:50:17+00:00,16.0,32.0,212.7,ADAPTIVE,1.5353777777799997,3.3779999999999997
2020-02-19T18:50:21+00:00,16.0,32.0,212.9,ADAPTIVE,1.53891444444,3.376
2020-02-19T18:50:25+00:00,16.0,32.0,212.7,ADAPTIVE,1.5424641666699999,3.383
2020-02-19T18:50:29+00:00,16.0,32.0,212.7,ADAPTIVE,1.54599916667,3.379
2020-02-19T18:50:33+00:00,16.0,32.0,212.7,ADAPTIVE,1.54954833333,3.384
2020-02-19T18:50:37+00:00,16.0,32.0,212.7,ADAPTIVE,1.55308416667,3.377
2020-02-19T18:50:41+00:00,16.0,32.0,212.7,ADAPTIVE,1.5566327777799998,3.388
2020-02-19T18:50:45+00:00,16.0,32.0,212.7,ADAPTIVE,1.56016916667,3.384
2020-02-19T18:50:49+00:00,16.0,32.0,212.6,ADAPTIVE,1.56371833333,3.3819999999999997
2020-02-19T18:50:53+00:00,16.0,32.0,212.7,ADAPTIVE,1.5672511111099998,3.3779999999999997
2020-02-19T18:50:57+00:00,16.0,32.0,212.7,ADAPTIVE,1.5708019444399999,3.3899999999999997
2020-02-19T18:51:00+00:00,16.0,32.0,212.7,ADAPTIVE,1.57433694444,3.3859999999999997
2020-02-19T18:51:04+00:00,15.9,32.0,212.7,ADAPTIVE,1.5778866666699998,3.381
2020-02-19T18:51:08+00:00,15.9,32.0,212.7,ADAPTIVE,1.58142194444,3.383
2020-02-19T18:51:12+00:00,16.0,32.0,212.7,ADAPTIVE,1.5849702777799999,3.3899999999999997
2020-02-19T18:51:16+00:00,16.0,32.0,212.7,ADAPTIVE,1.5885044444399998,3.38
2020-02-19T18:51:20+00:00,15.9,32.0,212.7,ADAPTIVE,1.59205444444,3.379
2020-02-19T18:51:24+00:00,16.0,32.0,212.7,ADAPTIVE,1.5955911111099998,3.381
2020-02-19T18:51:28+00:00,16.0,32.0,212.7,ADAPTIVE,1.5991411111099998,3.385
2020-02-19T18:51:32+00:00,16.0,32.0,212.7,ADAPTIVE,1.6026775,3.379
2020-02-19T18:51:36+00:00,16.0,32.0,212.6,ADAPTIVE,1.60622861111,3.389
2020-02-19T18:51:40+00:00,16.0,32.0,212.7,ADAPTIVE,1.6097627777799999,3.385
2020-02-19T18:51:44+00:00,16.0,32.0,212.7,ADAPTIVE,1.61331194444,3.388
2020-02-19T18:51:48+00:00,15.9,32.0,212.7,ADAPTIVE,1.61684722222,3.375
2020-02-19T18:51:52+00:00,16.0,32.0,212.7,ADAPTIVE,1.62039555556,3.387
2020-02-19T18:51:56+00:00,16.0,32.0,212.6,ADAPTIVE,1.6239311111099999,3.384
2020-02-19T18:52:00+00:00,16.0,32.0,212.5,ADAPTIVE,1.6274802777799997,3.3819999999999997
2020-02-19T18:52:04+00:00,16.0,32.0,212.5,ADAPTIVE,1.6310149999999999,3.384
2020-02-19T18:52:07+00:00,15.9,32.0,212.6,ADAPTIVE,1.6345486111099998,3.384
2020-02-19T18:52:11+00:00,15.9,32.0,212.7,ADAPTIVE,1.6380983333299999,3.379
2020-02-19T18:52:15+00:00,15.9,32.0,212.7,ADAPTIVE,1.64163138889,3.3939999999999997
2020-02-19T18:52:19+00:00,15.9,32.0,212.6,ADAPTIVE,1.64518222222,3.3739999999999997
2020-02-19T18:52:23+00:00,16.0,32.0,212.6,ADAPTIVE,1.64871583333,3.385
2020-02-19T18:52:27+00:00,16.0,32.0,212.6,ADAPTIVE,1.6522661111099999,3.388
2020-02-19T18:52:31+00:00,16.0,32.0,212.5,ADAPTIVE,1.65579972222,3.383
2020-02-19T18:52:35+00:00,15.9,32.0,212.5,ADAPTIVE,1.6593475,3.383
2020-02-19T18:52:39+00:00,15.9,32.0,212.6,ADAPTIVE,1.66288111111,3.3819999999999997
2020-02-19T18:52:43+00:00,15.9,32.0,212.6,ADAPTIVE,1.6664302777799997,3.3859999999999997
2020-02-19T18:52:47+00:00,15.9,32.0,212.7,ADAPTIVE,1.66997833333,3.383
2020-02-19T18:52:51+00:00,16.0,32.0,212.7,ADAPTIVE,1.6735127777799998,3.3859999999999997
2020-02-19T18:52:55+00:00,16.0,32.0,212.7,ADAPTIVE,1.6770616666699998,3.384
2020-02-19T18:52:59+00:00,16.0,32.0,212.7,ADAPTIVE,1.6805977777799999,3.385
2020-02-19T18:53:03+00:00,16.0,32.0,212.7,ADAPTIVE,1.68414888889,3.393
2020-02-19T18:53:07+00:00,16.0,32.0,212.6,ADAPTIVE,1.6876849999999999,3.3859999999999997
2020-02-19T18:53:11+00:00,16.0,32.0,212.7,ADAPTIVE,1.6912352777799997,3.383
2020-02-19T18:53:14+00:00,16.0,32.0,212.7,ADAPTIVE,1.69477166667,3.3899999999999997
2020-02-19T18:53:18+00:00,15.9,32.0,212.6,ADAPTIVE,1.69831805556,3.38
2020-02-19T18:53:22+00:00,15.9,32.0,212.5,ADAPTIVE,1.70185194444,3.3779999999999997
2020-02-19T18:53:26+00:00,15.9,32.0,212.7,ADAPTIVE,1.70540027778,3.383
2020-02-19T18:53:30+00:00,15.9,32.0,212.6,ADAPTIVE,1.7089361111099999,3.385
2020-02-19T18:53:34+00:00,15.9,32.0,212.6,ADAPTIVE,1.71248638889,3.391
2020-02-19T18:53:38+00:00,15.9,32.0,212.7,ADAPTIVE,1.71602305556,3.384
2020-02-19T18:53:42+00:00,15.9,32.0,212.8,ADAPTIVE,1.71957361111,3.383
2020-02-19T18:53:46+00:00,15.9,32.0,212.7,ADAPTIVE,1.72311111111,3.3859999999999997
2020-02-19T18:53:50+00:00,15.9,32.0,212.7,ADAPTIVE,1.7266616666699999,3.389
2020-02-19T18:53:54+00:00,15.9,32.0,212.7,ADAPTIVE,1.7301974999999998,3.389
2020-02-19T18:53:58+00:00,15.9,32.0,212.9,ADAPTIVE,1.73374972222,3.393
2020-02-19T18:54:02+00:00,16.0,32.0,212.7,ADAPTIVE,1.7372874999999999,3.383
2020-02-19T18:54:06+00:00,16.0,32.0,212.6,ADAPTIVE,1.74084111111,3.388
2020-02-19T18:54:10+00:00,16.0,32.0,212.7,ADAPTIVE,1.7443799999999998,3.377
2020-02-19T18:54:14+00:00,16.0,32.0,212.6,ADAPTIVE,1.74793055556,3.377
2020-02-19T18:54:18+00:00,16.0,32.0,212.6,ADAPTIVE,1.7514652777799997,3.3819999999999997
2020-02-19T18:54:22+00:00,15.9,32.0,212.6,ADAPTIVE,1.7550166666699998,3.385
2020-02-19T18:54:25+00:00,15.9,32.0,212.7,ADAPTIVE,1.7585527777799999,3.385
2020-02-19T18:54:29+00:00,15.9,32.0,212.6,ADAPTIVE,1.76210388889,3.3819999999999997
2020-02-19T18:54:33+00:00,15.9,32.0,212.7,ADAPTIVE,1.76563888889,3.38
2020-02-19T18:54:37+00:00,15.9,32.0,212.7,ADAPTIVE,1.76918972222,3.379
2020-02-19T18:54:41+00:00,15.9,32.0,212.6,ADAPTIVE,1.7727411111099998,3.383
2020-02-19T18:54:45+00:00,16.0,32.0,212.7,ADAPTIVE,1.7762777777799998,3.389
2020-02-19T18:54:49+00:00,16.0,32.0,212.7,ADAPTIVE,1.7798275,3.379
2020-02-19T18:54:53+00:00,16.0,32.0,212.7,ADAPTIVE,1.78336388889,3.392
2020-02-19T18:54:57+00:00,16.0,32.0,212.7,ADAPTIVE,1.7869152777799997,3.384
2020-02-19T18:55:01+00:00,16.0,32.0,212.6,ADAPTIVE,1.79045194444,3.3899999999999997
2020-02-19T18:55:05+00:00,16.0,32.0,212.7,ADAPTIVE,1.79400305556,3.384
2020-02-19T18:55:09+00:00,16.0,32.0,212.6,ADAPTIVE,1.79753972222,3.3819999999999997
2020-02-19T18:55:13+00:00,16.0,32.0,212.7,ADAPTIVE,1.80109138889,3.385
2020-02-19T18:55:17+00:00,16.0,32.0,212.7,ADAPTIVE,1.80462722222,3.3819999999999997
2020-02-19T18:55:21+00:00,16.0,32.0,212.7,ADAPTIVE,1.80817888889,3.387
2020-02-19T18:55:25+00:00,16.0,32.0,212.7,ADAPTIVE,1.8117152777799999,3.372
2020-02-19T18:55:28+00:00,16.0,32.0,212.7,ADAPTIVE,1.81526611111,3.385
2020-02-19T18:55:32+00:00,16.0,32.0,212.7,ADAPTIVE,1.81880055556,3.377
2020-02-19T18:55:36+00:00,16.0,32.0,212.5,ADAPTIVE,1.82235083333,3.388
2020-02-19T18:55:40+00:00,16.0,32.0,212.5,ADAPTIVE,1.8258874999999999,3.385
2020-02-19T18:55:44+00:00,15.9,32.0,212.6,ADAPTIVE,1.82943638889,3.384
2020-02-19T18:55:48+00:00,15.9,32.0,212.5,ADAPTIVE,1.83296972222,3.3819999999999997
2020-02-19T18:55:52+00:00,15.9,32.0,212.6,ADAPTIVE,1.83650833333,3.388
2020-02-19T18:55:56+00:00,16.0,32.0,212.7,ADAPTIVE,1.8400611111099998,3.388
2020-02-19T18:56:00+00:00,16.0,32.0,212.7,ADAPTIVE,1.84359694444,3.385
2020-02-19T18:56:04+00:00,16.0,32.0,212.6,ADAPTIVE,1.8471502777799997,3.385
2020-02-19T18:56:08+00:00,16.0,32.0,212.6,ADAPTIVE,1.85068444444,3.381
2020-02-19T18:56:12+00:00,16.0,32.0,212.7,ADAPTIVE,1.85423638889,3.393
2020-02-19T18:56:16+00:00,15.9,32.0,212.6,ADAPTIVE,1.8577727777799997,3.3859999999999997
2020-02-19T18:56:20+00:00,15.9,32.0,212.7,ADAPTIVE,1.86131027778,3.3819999999999997
2020-02-19T18:56:24+00:00,15.9,32.0,212.7,ADAPTIVE,1.8648624999999999,3.384
2020-02-19T18:56:28+00:00,15.9,32.0,212.6,ADAPTIVE,1.86839861111,3.3819999999999997
2020-02-19T18:56:31+00:00,15.9,32.0,212.5,ADAPTIVE,1.87195055556,3.3859999999999997
2020-02-19T18:56:35+00:00,15.9,32.0,212.5,ADAPTIVE,1.8754877777799999,3.38
2020-02-19T18:56:39+00:00,16.0,32.0,212.6,ADAPTIVE,1.87903972222,3.388
2020-02-19T18:56:43+00:00,15.9,32.0,212.6,ADAPTIVE,1.88257305556,3.387
2020-02-19T18:56:47+00:00,15.9,32.0,212.4,ADAPTIVE,1.8861211111099998,3.377
2020-02-19T18:56:51+00:00,16.0,32.0,212.5,ADAPTIVE,1.88965583333,3.389
2020-02-19T18:56:55+00:00,15.9,32.0,212.4,ADAPTIVE,1.89320694444,3.379
2020-02-19T18:56:59+00:00,15.9,32.0,212.5,ADAPTIVE,1.89674194444,3.381
2020-02-19T18:57:03+00:00,15.9,32.0,212.6,ADAPTIVE,1.9002925,3.3859999999999997
2020-02-19T18:57:07+00:00,15.9,32.0,212.5,ADAPTIVE,1.90382666667,3.3779999999999997
2020-02-19T18:57:11+00:00,15.9,32.0,212.4,ADAPTIVE,1.90737833333,3.3819999999999997
2020-02-19T18:57:15+00:00,15.9,32.0,212.7,ADAPTIVE,1.91091194444,3.38
2020-02-19T18:57:19+00:00,15.9,32.0,212.5,ADAPTIVE,1.91446361111,3.388
2020-02-19T18:57:23+00:00,15.9,32.0,212.6,ADAPTIVE,1.9179975,3.385
2020-02-19T18:57:27+00:00,16.0,32.0,212.5,ADAPTIVE,1.92154694444,3.391
2020-02-19T18:57:31+00:00,16.0,32.0,212.6,ADAPTIVE,1.92509722222,3.387
2020-02-19T18:57:35+00:00,16.0,32.0,212.7,ADAPTIVE,1.9286327777799999,3.385
2020-02-19T18:57:39+00:00,16.0,32.0,212.7,ADAPTIVE,1.93218361111,3.379
2020-02-19T18:57:42+00:00,16.0,32.0,212.6,ADAPTIVE,1.9357199999999999,3.392
2020-02-19T18:57:46+00:00,16.0,32.0,212.7,ADAPTIVE,1.93927083333,3.3859999999999997
2020-02-19T18:57:50+00:00,16.0,32.0,212.6,ADAPTIVE,1.9428086111099998,3.383
2020-02-19T18:57:54+00:00,16.0,32.0,212.7,ADAPTIVE,1.9463599999999999,3.383
2020-02-19T18:57:58+00:00,16.0,32.0,212.6,ADAPTIVE,1.94989583333,3.389
2020-02-19T18:58:02+00:00,15.9,32.0,212.7,ADAPTIVE,1.9534455555599999,3.383
2020-02-19T18:58:06+00:00,15.9,32.0,212.7,ADAPTIVE,1.95698333333,3.3899999999999997
2020-02-19T18:58:10+00:00,15.9,32.0,212.7,ADAPTIVE,1.96053638889,3.385
2020-02-19T18:58:14+00:00,15.9,32.0,212.7,ADAPTIVE,1.96407444444,3.395
2020-02-19T18:58:18+00:00,15.9,32.0,212.6,ADAPTIVE,1.9676269444399999,3.388
2020-02-19T18:58:22+00:00,15.9,32.0,212.7,ADAPTIVE,1.97116333333,3.385
2020-02-19T18:58:26+00:00,15.9,32.0,212.6,ADAPTIVE,1.9747124999999999,3.3819999999999997
2020-02-19T18:58:30+00:00,15.9,32.0,212.7,ADAPTIVE,1.97824833333,3.385
2020-02-19T18:58:34+00:00,16.0,32.0,212.5,ADAPTIVE,1.98179888889,3.388
2020-02-19T18:58:38+00:00,16.0,32.0,212.7,ADAPTIVE,1.98535083333,3.387
2020-02-19T18:58:42+00:00,16.0,32.0,212.6,ADAPTIVE,1.98888833333,3.383
2020-02-19T18:58:46+00:00,16.1,32.0,212.6,ADAPTIVE,1.99243944444,3.397
2020-02-19T18:58:49+00:00,16.0,32.0,212.7,ADAPTIVE,1.99597472222,3.3859999999999997
2020-02-19T18:58:53+00:00,16.0,32.0,212.7,ADAPTIVE,1.99952888889,3.3859999999999997
2020-02-19T18:58:57+00:00,16.0,32.0,212.5,ADAPTIVE,2.0030677777799997,3.385
2020-02-19T18:59:01+00:00,16.0,32.0,212.7,ADAPTIVE,2.0066191666699997,3.381
2020-02-19T18:59:05+00:00,15.9,32.0,212.7,ADAPTIVE,2.01015472222,3.389
2020-02-19T18:59:09+00:00,15.9,32.0,212.7,ADAPTIVE,2.01370611111,3.375
2020-02-19T18:59:13+00:00,15.9,32.0,212.6,ADAPTIVE,2.0172411111099997,3.387
2020-02-19T18:59:17+00:00,15.9,32.0,212.6,ADAPTIVE,2.02079222222,3.38
2020-02-19T18:59:21+00:00,16.0,32.0,212.6,ADAPTIVE,2.02434111111,3.388
2020-02-19T18:59:25+00:00,16.0,32.0,212.6,ADAPTIVE,2.0278763888899998,3.38
2020-02-19T18:59:29+00:00,16.0,32.0,212.4,ADAPTIVE,2.03142722222,3.379
2020-02-19T18:59:33+00:00,16.0,32.0,212.5,ADAPTIVE,2.03496111111,3.38
2020-02-19T18:59:37+00:00,15.9,32.0,212.4,ADAPTIVE,2.0385077777799996,3.38
2020-02-19T18:59:41+00:00,15.9,32.0,212.5,ADAPTIVE,2.04204277778,3.385
2020-02-19T18:59:45+00:00,15.9,32.0,212.4,ADAPTIVE,2.04559138889,3.383
2020-02-19T18:59:49+00:00,16.0,32.0,212.5,ADAPTIVE,2.04913916667,3.389
2020-02-19T18:59:53+00:00,16.0,32.0,212.4,ADAPTIVE,2.0526741666699997,3.387
2020-02-19T18:59:56+00:00,16.0,32.0,212.5,ADAPTIVE,2.0562225,3.384
2020-02-19T19:00:00+00:00,16.0,32.0,212.6,ADAPTIVE,2.05975861111,3.387
2020-02-19T19:00:04+00:00,16.0,32.0,212.5,ADAPTIVE,2.06330722222,3.388
2020-02-19T19:00:08+00:00,16.0,32.0,212.4,ADAPTIVE,2.0668441666699997,3.3899999999999997
2020-02-19T19:00:12+00:00,15.9,32.0,212.4,ADAPTIVE,2.0703925,3.377
2020-02-19T19:00:16+00:00,15.9,32.0,212.4,ADAPTIVE,2.07392666667,3.383
2020-02-19T19:00:20+00:00,15.9,32.0,212.4,ADAPTIVE,2.07747444444,3.376
2020-02-19T19:00:24+00:00,15.9,32.0,212.4,ADAPTIVE,2.0810219444399998,3.375
2020-02-19T19:00:28+00:00,16.0,32.0,212.3,ADAPTIVE,2.08455277778,3.389
2020-02-19T19:00:32+00:00,16.1,32.0,212.2,ADAPTIVE,2.0880991666699997,3.388
2020-02-19T19:00:36+00:00,16.0,32.0,212.2,ADAPTIVE,2.09162972222,3.379
2020-02-19T19:00:40+00:00,16.0,32.0,212.2,ADAPTIVE,2.09517583333,3.38
2020-02-19T19:00:44+00:00,16.0,32.0,212.2,ADAPTIVE,2.09870666667,3.381
2020-02-19T19:00:48+00:00,16.0,32.0,212.3,ADAPTIVE,2.10225277778,3.384
2020-02-19T19:00:52+00:00,16.0,32.0,212.2,ADAPTIVE,2.1057844444400002,3.381
2020-02-19T19:00:56+00:00,16.0,32.0,212.3,ADAPTIVE,2.10933222222,3.3859999999999997
2020-02-19T19:01:00+00:00,15.9,32.0,212.3,ADAPTIVE,2.1128633333299995,3.379
2020-02-19T19:01:03+00:00,15.9,32.0,212.2,ADAPTIVE,2.11640888889,3.3819999999999997
2020-02-19T19:01:07+00:00,15.9,32.0,212.2,ADAPTIVE,2.1199405555599995,3.3779999999999997
2020-02-19T19:01:11+00:00,15.9,32.0,212.3,ADAPTIVE,2.1234861111099996,3.383
2020-02-19T19:01:15+00:00,15.9,32.0,212.3,ADAPTIVE,2.1270172222199997,3.381
2020-02-19T19:01:19+00:00,16.0,32.0,212.4,ADAPTIVE,2.13056416667,3.379
2020-02-19T19:01:23+00:00,16.0,32.0,212.3,ADAPTIVE,2.13411138889,3.38
2020-02-19T19:01:27+00:00,16.0,32.0,212.3,ADAPTIVE,2.13764388889,3.3779999999999997
2020-02-19T19:01:31+00:00,16.0,32.0,212.3,ADAPTIVE,2.14119194444,3.381
2020-02-19T19:01:35+00:00,16.0,32.0,212.4,ADAPTIVE,2.1447249999999998,3.379
2020-02-19T19:01:39+00:00,16.0,32.0,212.3,ADAPTIVE,2.1482725,3.384
2020-02-19T19:01:43+00:00,16.0,32.0,212.4,ADAPTIVE,2.1518058333299996,3.377
2020-02-19T19:01:47+00:00,16.0,32.0,212.2,ADAPTIVE,2.1553525,3.38
2020-02-19T19:01:51+00:00,16.0,32.0,212.3,ADAPTIVE,2.15888333333,3.384
2020-02-19T19:01:55+00:00,15.9,32.0,212.2,ADAPTIVE,2.16243166667,3.383
2020-02-19T19:01:59+00:00,16.0,32.0,212.4,ADAPTIVE,2.165965,3.383
2020-02-19T19:02:03+00:00,15.9,32.0,212.4,ADAPTIVE,2.16951388889,3.384
2020-02-19T19:02:07+00:00,15.9,32.0,212.4,ADAPTIVE,2.1730633333299996,3.379
2020-02-19T19:02:10+00:00,16.0,32.0,212.3,ADAPTIVE,2.1765974999999997,3.383
2020-02-19T19:02:14+00:00,16.0,32.0,212.4,ADAPTIVE,2.1801458333299997,3.379
2020-02-19T19:02:18+00:00,16.0,32.0,212.4,ADAPTIVE,2.18368,3.388
2020-02-19T19:02:22+00:00,16.0,32.0,212.4,ADAPTIVE,2.1872286111099997,3.387
2020-02-19T19:02:26+00:00,15.9,32.0,212.3,ADAPTIVE,2.19076111111,3.388
2020-02-19T19:02:30+00:00,16.0,32.0,212.4,ADAPTIVE,2.19431027778,3.389
2020-02-19T19:02:34+00:00,15.9,32.0,212.4,ADAPTIVE,2.19785944444,3.38
2020-02-19T19:02:38+00:00,16.0,32.0,212.4,ADAPTIVE,2.20139194444,3.385
2020-02-19T19:02:42+00:00,16.0,32.0,212.3,ADAPTIVE,2.20494,3.3899999999999997
2020-02-19T19:02:46+00:00,16.0,32.0,212.4,ADAPTIVE,2.208475,3.385
2020-02-19T19:02:50+00:00,16.0,32.0,212.4,ADAPTIVE,2.21202333333,3.391
2020-02-19T19:02:54+00:00,16.0,32.0,212.4,ADAPTIVE,2.21555888889,3.389
2020-02-19T19:02:58+00:00,15.9,32.0,212.5,ADAPTIVE,2.2191080555599996,3.379
2020-02-19T19:03:02+00:00,15.9,32.0,212.4,ADAPTIVE,2.2226436111099996,3.387
2020-02-19T19:03:06+00:00,15.9,32.0,212.4,ADAPTIVE,2.22619416667,3.384
2020-02-19T19:03:10+00:00,16.0,32.0,212.4,ADAPTIVE,2.22974361111,3.3779999999999997
2020-02-19T19:03:14+00:00,16.0,32.0,212.4,ADAPTIVE,2.23327972222,3.381
2020-02-19T19:03:17+00:00,16.0,32.0,212.4,ADAPTIVE,2.2368280555599998,3.383
2020-02-19T19:03:21+00:00,16.0,32.0,212.6,ADAPTIVE,2.24036361111,3.381
2020-02-19T19:03:25+00:00,15.9,32.0,212.4,ADAPTIVE,2.24391388889,3.38
2020-02-19T19:03:29+00:00,15.9,32.0,212.6,ADAPTIVE,2.24744861111,3.38
2020-02-19T19:03:33+00:00,15.9,32.0,212.5,ADAPTIVE,2.25099916667,3.388
2020-02-19T19:03:37+00:00,16.0,32.0,212.6,ADAPTIVE,2.2545486111099997,3.392
2020-02-19T19:03:41+00:00,16.0,32.0,212.5,ADAPTIVE,2.25808444444,3.388
2020-02-19T19:03:45+00:00,16.0,32.0,212.6,ADAPTIVE,2.26163694444,3.384
2020-02-19T19:03:49+00:00,16.0,32.0,212.4,ADAPTIVE,2.26517388889,3.381
2020-02-19T19:03:53+00:00,16.0,32.0,212.5,ADAPTIVE,2.26872444444,3.388
2020-02-19T19:03:57+00:00,15.9,32.0,212.5,ADAPTIVE,2.2722605555599995,3.389
2020-02-19T19:04:01+00:00,16.0,32.0,212.4,ADAPTIVE,2.27581111111,3.392
2020-02-19T19:04:05+00:00,16.0,32.0,212.5,ADAPTIVE,2.27936138889,3.384
2020-02-19T19:04:09+00:00,16.0,32.0,212.6,ADAPTIVE,2.2828958333299996,3.3859999999999997
2020-02-19T19:04:13+00:00,16.0,32.0,212.4,ADAPTIVE,2.28644555556,3.38
2020-02-19T19:04:17+00:00,16.0,32.0,212.4,ADAPTIVE,2.28998111111,3.389
2020-02-19T19:04:21+00:00,16.0,32.0,212.3,ADAPTIVE,2.29352888889,3.387
2020-02-19T19:04:24+00:00,15.9,32.0,212.3,ADAPTIVE,2.29706138889,3.371
2020-02-19T19:04:28+00:00,16.0,32.0,212.4,ADAPTIVE,2.30060972222,3.375
2020-02-19T19:04:32+00:00,16.0,32.0,212.3,ADAPTIVE,2.3041555555599995,3.38
2020-02-19T19:04:36+00:00,16.0,32.0,212.4,ADAPTIVE,2.3076880555599995,3.381
2020-02-19T19:04:40+00:00,16.0,32.0,212.4,ADAPTIVE,2.31123611111,3.38
2020-02-19T19:04:44+00:00,16.0,32.0,212.3,ADAPTIVE,2.3147705555599996,3.388
2020-02-19T19:04:48+00:00,16.0,32.0,212.3,ADAPTIVE,2.3183183333299997,3.379
2020-02-19T19:04:52+00:00,15.9,32.0,212.3,ADAPTIVE,2.32185027778,3.381
2020-02-19T19:04:56+00:00,15.9,32.0,212.3,ADAPTIVE,2.32539944444,3.38
2020-02-19T19:05:00+00:00,16.0,32.0,212.2,ADAPTIVE,2.32893138889,3.38
2020-02-19T19:05:04+00:00,16.0,32.0,212.3,ADAPTIVE,2.3324775,3.379
2020-02-19T19:05:08+00:00,16.0,32.0,212.3,ADAPTIVE,2.3360097222199996,3.381
2020-02-19T19:05:12+00:00,15.9,32.0,212.2,ADAPTIVE,2.33955638889,3.38
2020-02-19T19:05:16+00:00,16.0,32.0,212.4,ADAPTIVE,2.3430925,3.3899999999999997
2020-02-19T19:05:20+00:00,15.9,32.0,212.3,ADAPTIVE,2.34664,3.3739999999999997
2020-02-19T19:05:24+00:00,15.9,32.0,212.3,ADAPTIVE,2.35017166667,3.389
2020-02-19T19:05:27+00:00,15.9,32.0,212.2,ADAPTIVE,2.35371833333,3.377
2020-02-19T19:05:31+00:00,15.9,32.0,212.3,ADAPTIVE,2.35724888889,3.38
2020-02-19T19:05:35+00:00,16.0,32.0,212.3,ADAPTIVE,2.3607958333299996,3.3779999999999997
2020-02-19T19:05:39+00:00,16.0,32.0,212.3,ADAPTIVE,2.3643305555599996,3.38
2020-02-19T19:05:43+00:00,16.0,32.0,212.2,ADAPTIVE,2.36787777778,3.3779999999999997
2020-02-19T19:05:47+00:00,15.9,32.0,212.3,ADAPTIVE,2.37141055556,3.371
2020-02-19T19:05:51+00:00,15.9,32.0,212.3,ADAPTIVE,2.37494027778,3.3819999999999997
2020-02-19T19:05:55+00:00,15.9,32.0,212.4,ADAPTIVE,2.3784875,3.376
2020-02-19T19:05:59+00:00,16.0,32.0,212.2,ADAPTIVE,2.3820224999999997,3.385
2020-02-19T19:06:03+00:00,16.0,32.0,212.3,ADAPTIVE,2.3855686111099996,3.3739999999999997
2020-02-19T19:06:07+00:00,16.0,32.0,212.2,ADAPTIVE,2.38910055556,3.383
2020-02-19T19:06:11+00:00,16.0,32.0,212.4,ADAPTIVE,2.3926475,3.388
2020-02-19T19:06:15+00:00,15.9,32.0,212.2,ADAPTIVE,2.3961788888899997,3.3779999999999997
2020-02-19T19:06:19+00:00,15.9,32.0,212.4,ADAPTIVE,2.39971194444,3.379
2020-02-19T19:06:23+00:00,15.9,32.0,212.3,ADAPTIVE,2.40325944444,3.383
2020-02-19T19:06:27+00:00,15.9,32.0,212.4,ADAPTIVE,2.40679111111,3.3819999999999997
2020-02-19T19:06:31+00:00,15.9,32.0,212.3,ADAPTIVE,2.41033972222,3.377
2020-02-19T19:06:34+00:00,16.0,32.0,212.3,ADAPTIVE,2.4138736111099997,3.383
2020-02-19T19:06:38+00:00,16.0,32.0,212.4,ADAPTIVE,2.41742194444,3.3899999999999997
2020-02-19T19:06:42+00:00,15.9,32.0,212.3,ADAPTIVE,2.4209555555599995,3.383
2020-02-19T19:06:46+00:00,16.0,32.0,212.4,ADAPTIVE,2.4245033333299997,3.383
2020-02-19T19:06:50+00:00,16.0,32.0,212.3,ADAPTIVE,2.4280358333299996,3.384
2020-02-19T19:06:54+00:00,16.0,32.0,212.4,ADAPTIVE,2.43158527778,3.3819999999999997
2020-02-19T19:06:58+00:00,15.9,32.0,212.3,ADAPTIVE,2.43511638889,3.3819999999999997
2020-02-19T19:07:02+00:00,16.0,32.0,212.3,ADAPTIVE,2.43866277778,3.383
2020-02-19T19:07:06+00:00,15.9,32.0,212.4,ADAPTIVE,2.44219638889,3.3819999999999997
2020-02-19T19:07:10+00:00,16.0,32.0,212.4,ADAPTIVE,2.4457458333299997,3.3899999999999997
2020-02-19T19:07:14+00:00,16.0,32.0,212.4,ADAPTIVE,2.44928138889,3.3899999999999997
2020-02-19T19:07:18+00:00,16.0,32.0,212.4,ADAPTIVE,2.4528294444400003,3.387
2020-02-19T19:07:22+00:00,15.9,32.0,212.4,ADAPTIVE,2.45636361111,3.381
2020-02-19T19:07:26+00:00,15.9,32.0,212.4,ADAPTIVE,2.45991166667,3.381
2020-02-19T19:07:30+00:00,15.9,32.0,212.3,ADAPTIVE,2.4634455555599994,3.384
2020-02-19T19:07:34+00:00,15.9,32.0,212.4,ADAPTIVE,2.46699388889,3.381
2020-02-19T19:07:38+00:00,16.0,32.0,212.4,ADAPTIVE,2.4705286111099998,3.384
2020-02-19T19:07:41+00:00,16.0,32.0,212.4,ADAPTIVE,2.47407944444,3.3819999999999997
2020-02-19T19:07:45+00:00,16.0,32.0,212.4,ADAPTIVE,2.47761472222,3.388
2020-02-19T19:07:49+00:00,16.0,32.0,212.5,ADAPTIVE,2.48116416667,3.3859999999999997
2020-02-19T19:07:53+00:00,16.0,32.0,212.4,ADAPTIVE,2.48469777778,3.3859999999999997
2020-02-19T19:07:57+00:00,16.0,32.0,212.5,ADAPTIVE,2.48824527778,3.385
2020-02-19T19:08:01+00:00,15.9,32.0,212.4,ADAPTIVE,2.4917783333299997,3.384
2020-02-19T19:08:05+00:00,15.9,32.0,212.4,ADAPTIVE,2.4953097222199996,3.3819999999999997
2020-02-19T19:08:09+00:00,16.0,32.0,212.4,ADAPTIVE,2.49885666667,3.384
2020-02-19T19:08:13+00:00,16.0,32.0,212.4,ADAPTIVE,2.50238972222,3.384
2020-02-19T19:08:17+00:00,16.0,32.0,212.4,ADAPTIVE,2.5059405555599996,3.383
2020-02-19T19:08:21+00:00,16.0,32.0,212.5,ADAPTIVE,2.50947444444,3.389
2020-02-19T19:08:25+00:00,16.0,32.0,212.4,ADAPTIVE,2.5130233333299996,3.381
2020-02-19T19:08:29+00:00,16.0,32.0,212.4,ADAPTIVE,2.51655833333,3.385
2020-02-19T19:08:33+00:00,15.9,32.0,212.4,ADAPTIVE,2.52009027778,3.381
2020-02-19T19:08:37+00:00,16.0,32.0,212.4,ADAPTIVE,2.5236397222199995,3.387
2020-02-19T19:08:41+00:00,16.0,32.0,212.4,ADAPTIVE,2.52717361111,3.388
2020-02-19T19:08:45+00:00,16.0,32.0,212.5,ADAPTIVE,2.5307222222199997,3.379
2020-02-19T19:08:49+00:00,16.0,32.0,212.4,ADAPTIVE,2.5342583333299995,3.383
2020-02-19T19:08:52+00:00,16.0,32.0,212.5,ADAPTIVE,2.5378080555599998,3.383
2020-02-19T19:08:56+00:00,16.0,32.0,212.4,ADAPTIVE,2.54134361111,3.3859999999999997
2020-02-19T19:09:00+00:00,16.0,32.0,212.4,ADAPTIVE,2.54489527778,3.3779999999999997
2020-02-19T19:09:04+00:00,16.0,32.0,212.5,ADAPTIVE,2.54843166667,3.385
2020-02-19T19:09:08+00:00,16.0,32.0,212.5,ADAPTIVE,2.55198138889,3.3859999999999997
2020-02-19T19:09:12+00:00,16.0,32.0,212.5,ADAPTIVE,2.5555155555599995,3.387
2020-02-19T19:09:16+00:00,16.0,32.0,212.4,ADAPTIVE,2.55906611111,3.3899999999999997
2020-02-19T19:09:20+00:00,16.0,32.0,212.4,ADAPTIVE,2.5626030555599995,3.383
2020-02-19T19:09:24+00:00,16.0,32.0,212.4,ADAPTIVE,2.56615194444,3.389
2020-02-19T19:09:28+00:00,16.0,32.0,212.5,ADAPTIVE,2.5696874999999997,3.384
2020-02-19T19:09:32+00:00,16.0,32.0,212.6,ADAPTIVE,2.57323972222,3.3819999999999997
2020-02-19T19:09:36+00:00,16.0,32.0,212.6,ADAPTIVE,2.57677916667,3.391
2020-02-19T19:09:40+00:00,16.0,32.0,212.6,ADAPTIVE,2.5803325,3.389
2020-02-19T19:09:44+00:00,15.9,32.0,212.6,ADAPTIVE,2.58386916667,3.383
2020-02-19T19:09:48+00:00,15.9,32.0,212.7,ADAPTIVE,2.58742027778,3.383
2020-02-19T19:09:52+00:00,15.9,32.0,212.6,ADAPTIVE,2.59095861111,3.381
2020-02-19T19:09:56+00:00,15.9,32.0,212.7,ADAPTIVE,2.59451027778,3.384
2020-02-19T19:09:59+00:00,16.0,32.0,212.4,ADAPTIVE,2.5980647222199997,3.3859999999999997
2020-02-19T19:10:03+00:00,16.0,32.0,212.5,ADAPTIVE,2.6016008333299996,3.387
2020-02-19T19:10:07+00:00,15.9,32.0,212.6,ADAPTIVE,2.60515388889,3.384
2020-02-19T19:10:11+00:00,15.9,32.0,212.5,ADAPTIVE,2.6086911111099997,3.387
2020-02-19T19:10:15+00:00,16.0,32.0,212.6,ADAPTIVE,2.61224416667,3.387
2020-02-19T19:10:19+00:00,15.9,32.0,212.5,ADAPTIVE,2.6157816666700002,3.3819999999999997
2020-02-19T19:10:23+00:00,16.0,32.0,212.6,ADAPTIVE,2.61933166667,3.387
2020-02-19T19:10:27+00:00,16.0,32.0,212.6,ADAPTIVE,2.62286861111,3.384
2020-02-19T19:10:31+00:00,16.0,32.0,212.5,ADAPTIVE,2.6264208333299996,3.385
2020-02-19T19:10:35+00:00,16.0,32.0,212.5,ADAPTIVE,2.62995666667,3.384
2020-02-19T19:10:39+00:00,15.9,32.0,212.6,ADAPTIVE,2.63350916667,3.38
2020-02-19T19:10:43+00:00,15.9,32.0,212.5,ADAPTIVE,2.6370447222199997,3.384
2020-02-19T19:10:47+00:00,16.0,32.0,212.6,ADAPTIVE,2.64058,3.3939999999999997
2020-02-19T19:10:51+00:00,16.0,32.0,212.6,ADAPTIVE,2.64413277778,3.3859999999999997
2020-02-19T19:10:55+00:00,16.0,32.0,212.7,ADAPTIVE,2.6476705555599995,3.3899999999999997
2020-02-19T19:10:59+00:00,15.9,32.0,212.7,ADAPTIVE,2.65121027778,3.384
2020-02-19T19:11:02+00:00,16.0,32.0,212.7,ADAPTIVE,2.65476194444,3.389
2020-02-19T19:11:06+00:00,16.0,32.0,212.6,ADAPTIVE,2.6582980555599995,3.385
2020-02-19T19:11:10+00:00,15.9,32.0,212.6,ADAPTIVE,2.6618336111099996,3.383
2020-02-19T19:11:14+00:00,16.0,32.0,212.5,ADAPTIVE,2.6653849999999997,3.387
2020-02-19T19:11:18+00:00,16.0,32.0,212.5,ADAPTIVE,2.6689238888899998,3.385
2020-02-19T19:11:22+00:00,15.9,32.0,212.4,ADAPTIVE,2.6724611111099996,3.387
2020-02-19T19:11:26+00:00,16.0,32.0,212.6,ADAPTIVE,2.67601333333,3.381
2020-02-19T19:11:30+00:00,16.0,32.0,212.5,ADAPTIVE,2.6795505555599997,3.3859999999999997
2020-02-19T19:11:34+00:00,15.9,32.0,212.5,ADAPTIVE,2.68308805556,3.383
2020-02-19T19:11:38+00:00,16.0,32.0,212.7,ADAPTIVE,2.6866399999999997,3.3859999999999997
2020-02-19T19:11:42+00:00,16.0,32.0,212.6,ADAPTIVE,2.6901775,3.383
2020-02-19T19:11:46+00:00,16.0,32.0,212.7,ADAPTIVE,2.69373111111,3.393
2020-02-19T19:11:50+00:00,15.9,32.0,212.5,ADAPTIVE,2.69726638889,3.388
2020-02-19T19:11:54+00:00,16.0,32.0,212.7,ADAPTIVE,2.70080666667,3.3899999999999997
2020-02-19T19:11:58+00:00,16.0,32.0,212.7,ADAPTIVE,2.70435777778,3.385
2020-02-19T19:12:02+00:00,16.0,32.0,212.7,ADAPTIVE,2.70789916667,3.391
2020-02-19T19:12:06+00:00,15.9,32.0,212.7,ADAPTIVE,2.71143777778,3.3899999999999997
2020-02-19T19:12:09+00:00,15.9,32.0,212.7,ADAPTIVE,2.71499111111,3.377
2020-02-19T19:12:13+00:00,16.0,32.0,212.5,ADAPTIVE,2.7185272222199997,3.385
2020-02-19T19:12:17+00:00,16.0,32.0,212.8,ADAPTIVE,2.7220808333299997,3.392
2020-02-19T19:12:21+00:00,16.0,32.0,212.7,ADAPTIVE,2.7256180555599996,3.393
2020-02-19T19:12:25+00:00,15.9,32.0,212.6,ADAPTIVE,2.7291708333299995,3.377
2020-02-19T19:12:29+00:00,16.0,32.0,212.6,ADAPTIVE,2.73270583333,3.387
2020-02-19T19:12:33+00:00,15.9,32.0,212.7,ADAPTIVE,2.73624472222,3.385
2020-02-19T19:12:37+00:00,15.9,32.0,212.7,ADAPTIVE,2.73979944444,3.393
2020-02-19T19:12:41+00:00,16.0,32.0,212.8,ADAPTIVE,2.74333861111,3.391
2020-02-19T19:12:45+00:00,16.0,32.0,212.7,ADAPTIVE,2.7468925,3.3859999999999997
2020-02-19T19:12:49+00:00,16.0,32.0,212.8,ADAPTIVE,2.75043388889,3.392
2020-02-19T19:12:53+00:00,16.0,32.0,212.7,ADAPTIVE,2.7539875,3.383
2020-02-19T19:12:57+00:00,16.0,32.0,212.7,ADAPTIVE,2.75752583333,3.3859999999999997
2020-02-19T19:13:01+00:00,16.0,32.0,212.7,ADAPTIVE,2.76108083333,3.393
2020-02-19T19:13:05+00:00,16.0,32.0,212.8,ADAPTIVE,2.76461972222,3.385
2020-02-19T19:13:09+00:00,16.0,32.0,212.6,ADAPTIVE,2.76817388889,3.389
2020-02-19T19:13:13+00:00,16.0,32.0,212.6,ADAPTIVE,2.7717122222199997,3.3899999999999997
2020-02-19T19:13:16+00:00,16.0,32.0,212.5,ADAPTIVE,2.77526333333,3.384
2020-02-19T19:13:20+00:00,15.9,32.0,212.6,ADAPTIVE,2.77879944444,3.383
2020-02-19T19:13:24+00:00,15.9,32.0,212.5,ADAPTIVE,2.78233777778,3.387
2020-02-19T19:13:28+00:00,15.9,32.0,212.6,ADAPTIVE,2.78588944444,3.381
2020-02-19T19:13:32+00:00,16.0,32.0,212.6,ADAPTIVE,2.78942666667,3.391
2020-02-19T19:13:36+00:00,16.0,32.0,212.5,ADAPTIVE,2.7929786111099997,3.3859999999999997
2020-02-19T19:13:40+00:00,16.0,32.0,212.6,ADAPTIVE,2.79651944444,3.3939999999999997
2020-02-19T19:13:44+00:00,16.0,32.0,212.4,ADAPTIVE,2.8000708333299995,3.3819999999999997
2020-02-19T19:13:48+00:00,16.0,32.0,212.4,ADAPTIVE,2.80360666667,3.3859999999999997
2020-02-19T19:13:52+00:00,16.0,32.0,212.6,ADAPTIVE,2.80715833333,3.389
2020-02-19T19:13:56+00:00,16.0,32.0,212.5,ADAPTIVE,2.810695,3.381
2020-02-19T19:14:00+00:00,15.9,32.0,212.4,ADAPTIVE,2.8142483333299997,3.375
2020-02-19T19:14:04+00:00,15.9,32.0,212.4,ADAPTIVE,2.8177861111099998,3.388
2020-02-19T19:14:08+00:00,15.9,32.0,212.5,ADAPTIVE,2.8213225,3.381
2020-02-19T19:14:12+00:00,16.0,32.0,212.4,ADAPTIVE,2.82487638889,3.3859999999999997
2020-02-19T19:14:16+00:00,16.0,32.0,212.5,ADAPTIVE,2.82841277778,3.389
2020-02-19T19:14:20+00:00,16.0,32.0,212.6,ADAPTIVE,2.83196416667,3.389
2020-02-19T19:14:23+00:00,15.9,32.0,212.5,ADAPTIVE,2.83550083333,3.385
2020-02-19T19:14:27+00:00,15.9,32.0,212.5,ADAPTIVE,2.83903916667,3.387
2020-02-19T19:14:31+00:00,15.9,32.0,212.6,ADAPTIVE,2.84259027778,3.387
2020-02-19T19:14:35+00:00,15.9,32.0,212.7,ADAPTIVE,2.84612777778,3.389
2020-02-19T19:14:39+00:00,16.0,32.0,212.7,ADAPTIVE,2.84968138889,3.393
2020-02-19T19:14:43+00:00,16.0,32.0,212.5,ADAPTIVE,2.85321694444,3.385
2020-02-19T19:14:47+00:00,15.9,32.0,212.4,ADAPTIVE,2.85676833333,3.387
2020-02-19T19:14:51+00:00,15.9,32.0,212.7,ADAPTIVE,2.8603058333299995,3.387
2020-02-19T19:14:55+00:00,15.9,32.0,212.5,ADAPTIVE,2.8638608333299995,3.392
2020-02-19T19:14:59+00:00,15.9,32.0,212.6,ADAPTIVE,2.86739805556,3.379
2020-02-19T19:15:03+00:00,16.0,32.0,212.5,ADAPTIVE,2.87094666667,3.3859999999999997
2020-02-19T19:15:07+00:00,15.9,32.0,212.6,ADAPTIVE,2.87449694444,3.3859999999999997
2020-02-19T19:15:11+00:00,16.0,32.0,212.5,ADAPTIVE,2.87803583333,3.3859999999999997
2020-02-19T19:15:15+00:00,15.9,32.0,212.4,ADAPTIVE,2.88158611111,3.384
2020-02-19T19:15:19+00:00,15.9,32.0,212.5,ADAPTIVE,2.8851219444400003,3.385
2020-02-19T19:15:23+00:00,15.9,32.0,212.6,ADAPTIVE,2.88865694444,3.385
2020-02-19T19:15:27+00:00,15.9,32.0,212.4,ADAPTIVE,2.8922075,3.383
2020-02-19T19:15:30+00:00,16.0,32.0,212.4,ADAPTIVE,2.89574388889,3.385
2020-02-19T19:15:34+00:00,16.0,32.0,212.4,ADAPTIVE,2.89929638889,3.384
2020-02-19T19:15:38+00:00,16.0,32.0,212.5,ADAPTIVE,2.9028330555599995,3.385
2020-02-19T19:15:42+00:00,16.0,32.0,212.4,ADAPTIVE,2.90638194444,3.381
2020-02-19T19:15:46+00:00,16.0,32.0,212.4,ADAPTIVE,2.90991472222,3.389
2020-02-19T19:15:50+00:00,16.0,32.0,212.4,ADAPTIVE,2.91346166667,3.3779999999999997
2020-02-19T19:15:54+00:00,16.0,32.0,212.4,ADAPTIVE,2.91699777778,3.387
2020-02-19T19:15:58+00:00,15.9,32.0,212.4,ADAPTIVE,2.92053111111,3.377
2020-02-19T19:16:02+00:00,16.0,32.0,212.4,ADAPTIVE,2.92408194444,3.3859999999999997
2020-02-19T19:16:06+00:00,15.9,32.0,212.4,ADAPTIVE,2.92761694444,3.377
2020-02-19T19:16:10+00:00,16.0,32.0,212.4,ADAPTIVE,2.93116777778,3.3779999999999997
2020-02-19T19:16:14+00:00,16.0,32.0,212.4,ADAPTIVE,2.9347024999999998,3.3899999999999997
2020-02-19T19:16:18+00:00,16.0,32.0,212.5,ADAPTIVE,2.93825138889,3.388
2020-02-19T19:16:22+00:00,15.9,32.0,212.5,ADAPTIVE,2.94178416667,3.3819999999999997
2020-02-19T19:16:26+00:00,15.9,32.0,212.4,ADAPTIVE,2.9453183333299995,3.387
2020-02-19T19:16:30+00:00,15.9,32.0,212.5,ADAPTIVE,2.9488680555599998,3.388
2020-02-19T19:16:34+00:00,16.0,32.0,212.4,ADAPTIVE,2.9524030555599996,3.384
2020-02-19T19:16:37+00:00,15.9,32.0,212.5,ADAPTIVE,2.9559522222199996,3.385
2020-02-19T19:16:41+00:00,16.0,32.0,212.4,ADAPTIVE,2.9594875,3.3819999999999997
2020-02-19T19:16:45+00:00,16.0,32.0,212.4,ADAPTIVE,2.9630372222199997,3.3819999999999997
2020-02-19T19:16:49+00:00,16.0,32.0,212.3,ADAPTIVE,2.96657166667,3.3859999999999997
2020-02-19T19:16:53+00:00,16.0,32.0,212.4,ADAPTIVE,2.9701199999999996,3.384
2020-02-19T19:16:57+00:00,15.9,32.0,212.4,ADAPTIVE,2.973655,3.387
2020-02-19T19:17:01+00:00,16.0,32.0,212.4,ADAPTIVE,2.97718916667,3.387
2020-02-19T19:17:05+00:00,16.0,32.0,212.4,ADAPTIVE,2.98073944444,3.384
2020-02-19T19:17:09+00:00,16.0,32.0,212.5,ADAPTIVE,2.9842730555599997,3.38
2020-02-19T19:17:13+00:00,16.0,32.0,212.5,ADAPTIVE,2.98782388889,3.3859999999999997
2020-02-19T19:17:17+00:00,15.9,32.0,212.6,ADAPTIVE,2.99135861111,3.387
2020-02-19T19:17:21+00:00,15.9,32.0,212.4,ADAPTIVE,2.994895,3.3819999999999997
2020-02-19T19:17:25+00:00,15.9,32.0,212.6,ADAPTIVE,2.99844611111,3.3819999999999997
2020-02-19T19:17:29+00:00,15.9,32.0,212.5,ADAPTIVE,3.00198194444,3.3779999999999997
2020-02-19T19:17:33+00:00,16.0,32.0,212.5,ADAPTIVE,3.0055313888899997,3.389
2020-02-19T19:17:37+00:00,16.0,32.0,212.4,ADAPTIVE,3.0090658333299998,3.383
2020-02-19T19:17:41+00:00,16.0,32.0,212.7,ADAPTIVE,3.0126163888899997,3.389
2020-02-19T19:17:44+00:00,16.0,32.0,212.7,ADAPTIVE,3.0161558333299996,3.3819999999999997
2020-02-19T19:17:48+00:00,16.0,32.0,212.4,ADAPTIVE,3.0197072222199997,3.385
2020-02-19T19:17:52+00:00,16.0,32.0,212.4,ADAPTIVE,3.02324416667,3.381
2020-02-19T19:17:56+00:00,16.0,32.0,212.5,ADAPTIVE,3.0267947222199996,3.3939999999999997
2020-02-19T19:18:00+00:00,16.0,32.0,212.4,ADAPTIVE,3.03033194444,3.379
2020-02-19T19:18:04+00:00,16.0,32.0,212.6,ADAPTIVE,3.03388361111,3.392
2020-02-19T19:18:08+00:00,16.0,32.0,212.4,ADAPTIVE,3.03741888889,3.38
2020-02-19T19:18:12+00:00,16.0,32.0,212.4,ADAPTIVE,3.04096944444,3.392
2020-02-19T19:18:16+00:00,16.0,32.0,212.5,ADAPTIVE,3.04450416667,3.3859999999999997
2020-02-19T19:18:20+00:00,15.9,32.0,212.5,ADAPTIVE,3.04805583333,3.379
2020-02-19T19:18:24+00:00,16.0,32.0,212.5,ADAPTIVE,3.0515911111099996,3.391
2020-02-19T19:18:28+00:00,15.9,32.0,212.4,ADAPTIVE,3.0551424999999997,3.3859999999999997
2020-02-19T19:18:32+00:00,15.9,32.0,212.4,ADAPTIVE,3.0586772222199996,3.385
2020-02-19T19:18:36+00:00,15.9,32.0,212.5,ADAPTIVE,3.0622113888899998,3.391
2020-02-19T19:18:40+00:00,16.0,32.0,212.5,ADAPTIVE,3.06576277778,3.391
2020-02-19T19:18:44+00:00,16.0,32.0,212.5,ADAPTIVE,3.06929916667,3.388
2020-02-19T19:18:48+00:00,15.9,32.0,212.5,ADAPTIVE,3.07284944444,3.38
2020-02-19T19:18:51+00:00,16.0,32.0,212.5,ADAPTIVE,3.07638388889,3.387
2020-02-19T19:18:55+00:00,16.0,32.0,212.5,ADAPTIVE,3.07993666667,3.3899999999999997
2020-02-19T19:18:59+00:00,16.0,32.0,212.6,ADAPTIVE,3.0834733333299997,3.387
2020-02-19T19:19:03+00:00,16.0,32.0,212.6,ADAPTIVE,3.0870261111099997,3.389
2020-02-19T19:19:07+00:00,16.0,32.0,212.5,ADAPTIVE,3.090565,3.389
2020-02-19T19:19:11+00:00,16.0,32.0,212.7,ADAPTIVE,3.09411861111,3.392
2020-02-19T19:19:15+00:00,15.9,32.0,212.5,ADAPTIVE,3.0976561111099996,3.379
2020-02-19T19:19:19+00:00,15.9,32.0,212.6,ADAPTIVE,3.1011925,3.385
2020-02-19T19:19:23+00:00,15.9,32.0,212.5,ADAPTIVE,3.1047458333299995,3.389
2020-02-19T19:19:27+00:00,16.0,32.0,212.6,ADAPTIVE,3.1082847222199996,3.3859999999999997
2020-02-19T19:19:31+00:00,15.9,32.0,212.6,ADAPTIVE,3.1118372222199997,3.3859999999999997
2020-02-19T19:19:35+00:00,15.9,32.0,212.6,ADAPTIVE,3.115375,3.383
2020-02-19T19:19:39+00:00,15.9,32.0,212.4,ADAPTIVE,3.11892638889,3.377
2020-02-19T19:19:43+00:00,15.9,32.0,212.6,ADAPTIVE,3.1224644444400003,3.389
2020-02-19T19:19:47+00:00,15.9,32.0,212.6,ADAPTIVE,3.1260155555599995,3.385
2020-02-19T19:19:51+00:00,16.0,32.0,212.6,ADAPTIVE,3.12955388889,3.3859999999999997
2020-02-19T19:19:55+00:00,16.0,32.0,212.5,ADAPTIVE,3.1331058333299997,3.384
2020-02-19T19:19:58+00:00,16.0,32.0,212.6,ADAPTIVE,3.1366413888899998,3.381
2020-02-19T19:20:02+00:00,16.0,32.0,212.5,ADAPTIVE,3.14019416667,3.38
2020-02-19T19:20:06+00:00,16.0,32.0,212.5,ADAPTIVE,3.14372972222,3.384
2020-02-19T19:20:10+00:00,15.9,32.0,212.7,ADAPTIVE,3.1472830555599995,3.385
2020-02-19T19:20:14+00:00,16.0,32.0,212.7,ADAPTIVE,3.15081888889,3.392
2020-02-19T19:20:18+00:00,15.9,32.0,212.5,ADAPTIVE,3.15435416667,3.388
2020-02-19T19:20:22+00:00,15.9,32.0,212.5,ADAPTIVE,3.1579036111099996,3.388
2020-02-19T19:20:26+00:00,15.9,32.0,212.6,ADAPTIVE,3.16143944444,3.381
2020-02-19T19:20:30+00:00,16.0,32.0,212.6,ADAPTIVE,3.1649927777799998,3.3899999999999997
2020-02-19T19:20:34+00:00,16.0,32.0,212.5,ADAPTIVE,3.16853055556,3.3899999999999997
2020-02-19T19:20:38+00:00,16.0,32.0,212.5,ADAPTIVE,3.17208194444,3.385
2020-02-19T19:20:42+00:00,16.0,32.0,212.5,ADAPTIVE,3.1756183333299997,3.385
2020-02-19T19:20:46+00:00,16.0,32.0,212.5,ADAPTIVE,3.1791694444400003,3.3899999999999997
2020-02-19T19:20:50+00:00,16.0,32.0,212.5,ADAPTIVE,3.1827047222199996,3.381
2020-02-19T19:20:54+00:00,16.0,32.0,212.4,ADAPTIVE,3.186255,3.3939999999999997
2020-02-19T19:20:58+00:00,15.9,32.0,212.5,ADAPTIVE,3.1897897222199996,3.3729999999999998
2020-02-19T19:21:02+00:00,16.0,32.0,212.5,ADAPTIVE,3.1933386111099997,3.387
2020-02-19T19:21:05+00:00,16.0,32.0,212.4,ADAPTIVE,3.19687388889,3.381
2020-02-19T19:21:09+00:00,16.0,32.0,212.4,ADAPTIVE,3.2004230555599995,3.389
2020-02-19T19:21:13+00:00,15.9,32.0,212.4,ADAPTIVE,3.2039583333299997,3.379
2020-02-19T19:21:17+00:00,16.0,32.0,212.4,ADAPTIVE,3.20750833333,3.387
2020-02-19T19:21:21+00:00,16.0,32.0,212.4,ADAPTIVE,3.21105861111,3.383
2020-02-19T19:21:25+00:00,16.0,32.0,212.4,ADAPTIVE,3.21459444444,3.381
2020-02-19T19:21:29+00:00,16.0,32.0,212.4,ADAPTIVE,3.21814444444,3.383
2020-02-19T19:21:33+00:00,16.0,32.0,212.6,ADAPTIVE,3.22168166667,3.389
2020-02-19T19:21:37+00:00,15.9,32.0,212.6,ADAPTIVE,3.2252336111099997,3.387
2020-02-19T19:21:41+00:00,15.9,32.0,212.7,ADAPTIVE,3.22876888889,3.384
2020-02-19T19:21:45+00:00,16.0,32.0,212.7,ADAPTIVE,3.23232166667,3.387
2020-02-19T19:21:49+00:00,16.0,32.0,212.7,ADAPTIVE,3.23587555556,3.3859999999999997
2020-02-19T19:21:53+00:00,16.0,32.0,212.7,ADAPTIVE,3.2394138888899997,3.385
2020-02-19T19:21:57+00:00,16.0,32.0,212.7,ADAPTIVE,3.2429663888899998,3.385
2020-02-19T19:22:01+00:00,16.0,32.0,212.6,ADAPTIVE,3.24650611111,3.3859999999999997
2020-02-19T19:22:05+00:00,16.0,32.0,212.7,ADAPTIVE,3.25005944444,3.381
2020-02-19T19:22:09+00:00,16.0,32.0,212.7,ADAPTIVE,3.25359611111,3.391
2020-02-19T19:22:12+00:00,16.0,32.0,212.7,ADAPTIVE,3.2571480555599996,3.387
2020-02-19T19:22:16+00:00,16.0,32.0,212.7,ADAPTIVE,3.26068666667,3.388
2020-02-19T19:22:20+00:00,16.0,32.0,212.7,ADAPTIVE,3.2642394444400002,3.392
2020-02-19T19:22:24+00:00,16.0,32.0,212.5,ADAPTIVE,3.26777777778,3.3899999999999997
2020-02-19T19:22:28+00:00,16.0,32.0,212.7,ADAPTIVE,3.27133111111,3.383
2020-02-19T19:22:32+00:00,16.0,32.0,212.6,ADAPTIVE,3.27487138889,3.391
2020-02-19T19:22:36+00:00,16.0,32.0,212.7,ADAPTIVE,3.2784241666700003,3.384
2020-02-19T19:22:40+00:00,16.0,32.0,212.5,ADAPTIVE,3.28196194444,3.3819999999999997
2020-02-19T19:22:44+00:00,16.0,32.0,212.7,ADAPTIVE,3.28551583333,3.391
2020-02-19T19:22:48+00:00,16.0,32.0,212.7,ADAPTIVE,3.2890558333299995,3.381
2020-02-19T19:22:52+00:00,16.0,32.0,212.7,ADAPTIVE,3.29261,3.395
2020-02-19T19:22:56+00:00,16.0,32.0,212.7,ADAPTIVE,3.29614944444,3.388
2020-02-19T19:23:00+00:00,16.0,32.0,212.7,ADAPTIVE,3.29970527778,3.387
2020-02-19T19:23:04+00:00,16.0,32.0,212.7,ADAPTIVE,3.30324611111,3.387
2020-02-19T19:23:08+00:00,16.0,32.0,212.7,ADAPTIVE,3.3068008333299996,3.38
2020-02-19T19:23:12+00:00,16.0,32.0,212.7,ADAPTIVE,3.3103397222199997,3.381
2020-02-19T19:23:16+00:00,16.0,32.0,212.7,ADAPTIVE,3.31389416667,3.3859999999999997
2020-02-19T19:23:19+00:00,16.0,32.0,212.7,ADAPTIVE,3.31743388889,3.399
2020-02-19T19:23:23+00:00,16.0,32.0,212.7,ADAPTIVE,3.3209899999999997,3.3859999999999997
2020-02-19T19:23:27+00:00,15.9,32.0,212.7,ADAPTIVE,3.3245311111099998,3.385
2020-02-19T19:23:31+00:00,15.9,32.0,212.8,ADAPTIVE,3.32808694444,3.38
2020-02-19T19:23:35+00:00,16.0,32.0,212.6,ADAPTIVE,3.33162472222,3.389
2020-02-19T19:23:39+00:00,15.9,32.0,212.7,ADAPTIVE,3.33518,3.385
2020-02-19T19:23:43+00:00,16.0,32.0,212.7,ADAPTIVE,3.3387191666700002,3.389
2020-02-19T19:23:47+00:00,15.9,32.0,212.7,ADAPTIVE,3.3422722222199996,3.3819999999999997
2020-02-19T19:23:51+00:00,16.0,32.0,212.7,ADAPTIVE,3.3458111111099997,3.3939999999999997
2020-02-19T19:23:55+00:00,15.9,32.0,212.7,ADAPTIVE,3.34936472222,3.387
2020-02-19T19:23:59+00:00,15.9,32.0,212.7,ADAPTIVE,3.352905,3.3859999999999997
2020-02-19T19:24:03+00:00,15.9,32.0,212.6,ADAPTIVE,3.35645861111,3.3859999999999997
2020-02-19T19:24:07+00:00,15.9,32.0,212.7,ADAPTIVE,3.35999777778,3.388
2020-02-19T19:24:11+00:00,16.0,32.0,212.6,ADAPTIVE,3.3635522222199996,3.391
2020-02-19T19:24:15+00:00,15.9,32.0,212.6,ADAPTIVE,3.36708944444,3.383
2020-02-19T19:24:19+00:00,16.0,32.0,212.7,ADAPTIVE,3.3706405555599996,3.3899999999999997
2020-02-19T19:24:22+00:00,16.0,32.0,212.7,ADAPTIVE,3.37418027778,3.395
2020-02-19T19:24:26+00:00,16.0,32.0,212.7,ADAPTIVE,3.37773666667,3.392
2020-02-19T19:24:30+00:00,16.0,32.0,212.5,ADAPTIVE,3.3812775,3.388
2020-02-19T19:24:34+00:00,16.0,32.0,212.6,ADAPTIVE,3.38483027778,3.388
2020-02-19T19:24:38+00:00,16.0,32.0,212.7,ADAPTIVE,3.38836944444,3.389
2020-02-19T19:24:42+00:00,16.0,32.0,212.7,ADAPTIVE,3.39192416667,3.389
2020-02-19T19:24:46+00:00,16.0,32.0,212.7,ADAPTIVE,3.39546361111,3.384
2020-02-19T19:24:50+00:00,16.0,32.0,212.7,ADAPTIVE,3.3990180555599996,3.392
2020-02-19T19:24:54+00:00,16.0,32.0,212.6,ADAPTIVE,3.40255638889,3.385
2020-02-19T19:24:58+00:00,16.0,32.0,212.7,ADAPTIVE,3.4061108333299996,3.385
2020-02-19T19:25:02+00:00,16.0,32.0,212.7,ADAPTIVE,3.40964916667,3.385
2020-02-19T19:25:06+00:00,16.0,32.0,212.7,ADAPTIVE,3.41320222222,3.381
2020-02-19T19:25:10+00:00,16.0,32.0,212.7,ADAPTIVE,3.41674111111,3.38
2020-02-19T19:25:14+00:00,16.0,32.0,212.5,ADAPTIVE,3.4202958333299995,3.389
2020-02-19T19:25:18+00:00,16.0,32.0,212.7,ADAPTIVE,3.4238336111099996,3.383
2020-02-19T19:25:22+00:00,16.0,32.0,212.7,ADAPTIVE,3.4273869444400002,3.3899999999999997
2020-02-19T19:25:26+00:00,16.0,32.0,212.7,ADAPTIVE,3.43092444444,3.3859999999999997
2020-02-19T19:25:30+00:00,16.0,32.0,212.6,ADAPTIVE,3.43447861111,3.385
2020-02-19T19:25:33+00:00,16.0,32.0,212.7,ADAPTIVE,3.4380161111099996,3.389
2020-02-19T19:25:37+00:00,16.0,32.0,212.5,ADAPTIVE,3.44156888889,3.381
2020-02-19T19:25:41+00:00,15.9,32.0,212.6,ADAPTIVE,3.44510444444,3.3739999999999997
2020-02-19T19:25:45+00:00,15.9,32.0,212.6,ADAPTIVE,3.44865416667,3.3699999999999997
2020-02-19T19:25:49+00:00,16.0,32.0,212.6,ADAPTIVE,3.4521908333299995,3.393
2020-02-19T19:25:53+00:00,15.9,32.0,212.4,ADAPTIVE,3.4557411111099996,3.384
2020-02-19T19:25:57+00:00,15.9,32.0,212.5,ADAPTIVE,3.4592763888899998,3.385
2020-02-19T19:26:01+00:00,15.9,32.0,212.4,ADAPTIVE,3.46282888889,3.3819999999999997
2020-02-19T19:26:05+00:00,15.9,32.0,212.6,ADAPTIVE,3.46637888889,3.383
2020-02-19T19:26:09+00:00,16.0,32.0,212.4,ADAPTIVE,3.46991611111,3.385
2020-02-19T19:26:13+00:00,16.0,32.0,212.4,ADAPTIVE,3.4734683333299996,3.391
2020-02-19T19:26:17+00:00,16.0,32.0,212.5,ADAPTIVE,3.47700805556,3.384
2020-02-19T19:26:21+00:00,16.0,32.0,212.5,ADAPTIVE,3.4805599999999997,3.384
2020-02-19T19:26:25+00:00,16.0,32.0,212.6,ADAPTIVE,3.48409861111,3.392
2020-02-19T19:26:29+00:00,16.0,32.0,212.6,ADAPTIVE,3.48765138889,3.387
2020-02-19T19:26:33+00:00,16.0,32.0,212.6,ADAPTIVE,3.49119027778,3.385
2020-02-19T19:26:37+00:00,16.0,32.0,212.7,ADAPTIVE,3.49474416667,3.389
2020-02-19T19:26:40+00:00,16.0,32.0,212.6,ADAPTIVE,3.49828166667,3.3859999999999997
2020-02-19T19:26:44+00:00,16.0,32.0,212.5,ADAPTIVE,3.50183277778,3.381
2020-02-19T19:26:48+00:00,16.0,32.0,212.6,ADAPTIVE,3.5053697222199998,3.385
2020-02-19T19:26:52+00:00,16.0,32.0,212.6,ADAPTIVE,3.50892277778,3.387
2020-02-19T19:26:56+00:00,16.0,32.0,212.5,ADAPTIVE,3.5124583333299997,3.3899999999999997
2020-02-19T19:27:00+00:00,16.0,32.0,212.5,ADAPTIVE,3.51601027778,3.379
2020-02-19T19:27:04+00:00,16.0,32.0,212.5,ADAPTIVE,3.5195475,3.387
2020-02-19T19:27:08+00:00,16.0,32.0,212.5,ADAPTIVE,3.52309944444,3.3819999999999997
2020-02-19T19:27:12+00:00,16.0,32.0,212.7,ADAPTIVE,3.52663694444,3.3779999999999997
2020-02-19T19:27:16+00:00,16.0,32.0,212.4,ADAPTIVE,3.5301905555599995,3.391
2020-02-19T19:27:20+00:00,16.0,32.0,212.5,ADAPTIVE,3.5337275,3.379
2020-02-19T19:27:24+00:00,16.0,32.0,212.4,ADAPTIVE,3.53728,3.388
2020-02-19T19:27:28+00:00,16.0,32.0,212.6,ADAPTIVE,3.5408163888899997,3.384
2020-02-19T19:27:32+00:00,16.0,32.0,212.5,ADAPTIVE,3.54436777778,3.389
2020-02-19T19:27:36+00:00,16.0,32.0,212.6,ADAPTIVE,3.54790527778,3.385
2020-02-19T19:27:40+00:00,16.0,32.0,212.5,ADAPTIVE,3.55145888889,3.393
2020-02-19T19:27:43+00:00,16.0,32.0,212.5,ADAPTIVE,3.55499611111,3.376
2020-02-19T19:27:47+00:00,16.0,32.0,212.6,ADAPTIVE,3.5585483333299996,3.3859999999999997
2020-02-19T19:27:51+00:00,16.1,32.0,212.6,ADAPTIVE,3.56208444444,3.395
2020-02-19T19:27:55+00:00,16.0,32.0,212.4,ADAPTIVE,3.56563722222,3.3899999999999997
2020-02-19T19:27:59+00:00,16.0,32.0,212.6,ADAPTIVE,3.5691733333299998,3.383
2020-02-19T19:28:03+00:00,16.0,32.0,212.5,ADAPTIVE,3.5727261111099997,3.381
2020-02-19T19:28:07+00:00,16.0,32.0,212.7,ADAPTIVE,3.5762622222199996,3.376
2020-02-19T19:28:11+00:00,16.0,32.0,212.5,ADAPTIVE,3.57981444444,3.3899999999999997
2020-02-19T19:28:15+00:00,16.0,32.0,212.6,ADAPTIVE,3.58335333333,3.383
2020-02-19T19:28:19+00:00,16.0,32.0,212.7,ADAPTIVE,3.5869074999999997,3.389
2020-02-19T19:28:23+00:00,16.0,32.0,212.6,ADAPTIVE,3.5904458333299996,3.384
2020-02-19T19:28:27+00:00,16.0,32.0,212.7,ADAPTIVE,3.59399861111,3.381
2020-02-19T19:28:31+00:00,16.0,32.0,212.7,ADAPTIVE,3.59753583333,3.388
2020-02-19T19:28:35+00:00,16.0,32.0,212.6,ADAPTIVE,3.60109027778,3.391
2020-02-19T19:28:39+00:00,16.0,32.0,212.7,ADAPTIVE,3.6046283333299995,3.3859999999999997
2020-02-19T19:28:43+00:00,16.0,32.0,212.7,ADAPTIVE,3.6081825,3.392
2020-02-19T19:28:47+00:00,16.0,32.0,212.7,ADAPTIVE,3.61172388889,3.3859999999999997
2020-02-19T19:28:51+00:00,16.0,32.0,212.6,ADAPTIVE,3.6152783333299996,3.387
2020-02-19T19:28:54+00:00,16.0,32.0,212.8,ADAPTIVE,3.6188169444400002,3.399
2020-02-19T19:28:58+00:00,16.0,32.0,212.8,ADAPTIVE,3.62237138889,3.3859999999999997
2020-02-19T19:29:02+00:00,16.0,32.0,212.8,ADAPTIVE,3.6259136111099997,3.3939999999999997
2020-02-19T19:29:06+00:00,16.0,32.0,212.8,ADAPTIVE,3.6294708333299996,3.393
2020-02-19T19:29:10+00:00,16.0,32.0,212.7,ADAPTIVE,3.63301166667,3.388
2020-02-19T19:29:14+00:00,16.0,32.0,212.8,ADAPTIVE,3.63656694444,3.393
2020-02-19T19:29:18+00:00,15.9,32.0,212.7,ADAPTIVE,3.6401080555599994,3.375
2020-02-19T19:29:22+00:00,16.0,32.0,212.7,ADAPTIVE,3.6436619444400002,3.3899999999999997
2020-02-19T19:29:26+00:00,16.0,32.0,212.7,ADAPTIVE,3.64720166667,3.397
2020-02-19T19:29:30+00:00,15.9,32.0,212.8,ADAPTIVE,3.65075666667,3.388
2020-02-19T19:29:34+00:00,15.9,32.0,212.7,ADAPTIVE,3.6542963888899997,3.391
2020-02-19T19:29:38+00:00,15.9,32.0,212.7,ADAPTIVE,3.65785166667,3.385
2020-02-19T19:29:42+00:00,15.9,32.0,212.7,ADAPTIVE,3.66139277778,3.388
2020-02-19T19:29:46+00:00,15.9,32.0,212.7,ADAPTIVE,3.66494861111,3.391
2020-02-19T19:29:50+00:00,15.9,32.0,212.7,ADAPTIVE,3.66848972222,3.3939999999999997
2020-02-19T19:29:54+00:00,15.9,32.0,212.7,ADAPTIVE,3.67204527778,3.389
2020-02-19T19:29:58+00:00,15.9,32.0,212.6,ADAPTIVE,3.67558416667,3.385
2020-02-19T19:30:01+00:00,16.0,32.0,212.7,ADAPTIVE,3.6791383333299996,3.397
2020-02-19T19:30:05+00:00,16.0,32.0,212.7,ADAPTIVE,3.6826797222199996,3.3979999999999997
2020-02-19T19:30:09+00:00,15.9,32.0,212.8,ADAPTIVE,3.68623138889,3.38
2020-02-19T19:30:13+00:00,15.9,32.0,212.7,ADAPTIVE,3.6897699999999998,3.384
2020-02-19T19:30:17+00:00,16.0,32.0,212.7,ADAPTIVE,3.6933233333299995,3.395
2020-02-19T19:30:21+00:00,16.0,32.0,212.6,ADAPTIVE,3.69686194444,3.391
2020-02-19T19:30:25+00:00,16.0,32.0,212.9,ADAPTIVE,3.70041555556,3.391
2020-02-19T19:30:29+00:00,16.1,32.0,212.7,ADAPTIVE,3.70395638889,3.399
2020-02-19T19:30:33+00:00,16.0,32.0,212.6,ADAPTIVE,3.70751277778,3.3899999999999997
2020-02-19T19:30:37+00:00,16.0,32.0,212.6,ADAPTIVE,3.71105166667,3.385
2020-02-19T19:30:41+00:00,16.0,32.0,212.7,ADAPTIVE,3.7146055555599995,3.391
2020-02-19T19:30:45+00:00,15.9,32.0,212.6,ADAPTIVE,3.71814388889,3.379
2020-02-19T19:30:49+00:00,15.9,32.0,212.7,ADAPTIVE,3.7216972222199995,3.383
2020-02-19T19:30:53+00:00,16.0,32.0,212.6,ADAPTIVE,3.7252355555599994,3.387
2020-02-19T19:30:57+00:00,15.9,32.0,212.5,ADAPTIVE,3.7287874999999997,3.389
2020-02-19T19:31:01+00:00,16.0,32.0,212.5,ADAPTIVE,3.73233916667,3.388
2020-02-19T19:31:04+00:00,16.0,32.0,212.5,ADAPTIVE,3.73587777778,3.3819999999999997
2020-02-19T19:31:08+00:00,16.0,32.0,212.5,ADAPTIVE,3.73943,3.385
2020-02-19T19:31:12+00:00,16.0,32.0,212.6,ADAPTIVE,3.7429675,3.392
2020-02-19T19:31:16+00:00,16.0,32.0,212.6,ADAPTIVE,3.7465180555599997,3.388
2020-02-19T19:31:20+00:00,16.0,32.0,212.5,ADAPTIVE,3.75005527778,3.381
2020-02-19T19:31:24+00:00,16.0,32.0,212.5,ADAPTIVE,3.7536058333299995,3.389
2020-02-19T19:31:28+00:00,16.0,32.0,212.6,ADAPTIVE,3.75714388889,3.389
2020-02-19T19:31:32+00:00,16.0,32.0,212.5,ADAPTIVE,3.7606961111099997,3.38
2020-02-19T19:31:36+00:00,15.9,32.0,212.6,ADAPTIVE,3.7642322222199995,3.383
2020-02-19T19:31:40+00:00,15.9,32.0,212.7,ADAPTIVE,3.7677699999999996,3.384
2020-02-19T19:31:44+00:00,15.9,32.0,212.6,ADAPTIVE,3.77132222222,3.385
2020-02-19T19:31:48+00:00,16.0,32.0,212.7,ADAPTIVE,3.77485916667,3.396
2020-02-19T19:31:52+00:00,16.0,32.0,212.6,ADAPTIVE,3.77841277778,3.3859999999999997
2020-02-19T19:31:56+00:00,16.0,32.0,212.7,ADAPTIVE,3.7819488888899997,3.383
2020-02-19T19:32:00+00:00,16.0,32.0,212.7,ADAPTIVE,3.78550194444,3.396
2020-02-19T19:32:04+00:00,16.0,32.0,212.8,ADAPTIVE,3.78904166667,3.392
2020-02-19T19:32:08+00:00,16.0,32.0,212.6,ADAPTIVE,3.792595,3.391
2020-02-19T19:32:11+00:00,16.0,32.0,212.7,ADAPTIVE,3.79613333333,3.389
2020-02-19T19:32:15+00:00,16.0,32.0,212.7,ADAPTIVE,3.79968833333,3.391
2020-02-19T19:32:19+00:00,16.0,32.0,212.7,ADAPTIVE,3.80322694444,3.383
2020-02-19T19:32:23+00:00,16.0,32.0,212.7,ADAPTIVE,3.80678222222,3.387
2020-02-19T19:32:27+00:00,16.0,32.0,212.9,ADAPTIVE,3.8103238888899997,3.401
2020-02-19T19:32:31+00:00,16.0,32.0,212.8,ADAPTIVE,3.81388083333,3.3899999999999997
2020-02-19T19:32:35+00:00,16.0,32.0,212.7,ADAPTIVE,3.8174224999999997,3.387
2020-02-19T19:32:39+00:00,16.0,32.0,212.7,ADAPTIVE,3.82097888889,3.395
2020-02-19T19:32:43+00:00,15.9,32.0,212.7,ADAPTIVE,3.82451944444,3.379
2020-02-19T19:32:47+00:00,16.0,32.0,212.8,ADAPTIVE,3.82807277778,3.3939999999999997
2020-02-19T19:32:51+00:00,15.9,32.0,212.9,ADAPTIVE,3.83161166667,3.389
2020-02-19T19:32:55+00:00,16.0,32.0,212.8,ADAPTIVE,3.8351677777799997,3.387
2020-02-19T19:32:59+00:00,16.0,32.0,212.7,ADAPTIVE,3.83872361111,3.391
2020-02-19T19:33:03+00:00,16.0,32.0,212.7,ADAPTIVE,3.84226194444,3.388
2020-02-19T19:33:07+00:00,16.0,32.0,212.7,ADAPTIVE,3.84581694444,3.383
2020-02-19T19:33:11+00:00,16.0,32.0,212.7,ADAPTIVE,3.8493558333299998,3.391
2020-02-19T19:33:15+00:00,16.0,32.0,212.7,ADAPTIVE,3.85291166667,3.392
2020-02-19T19:33:18+00:00,15.9,32.0,212.6,ADAPTIVE,3.8564499999999997,3.3859999999999997
2020-02-19T19:33:22+00:00,15.9,32.0,212.6,ADAPTIVE,3.8600038888899997,3.3899999999999997
2020-02-19T19:33:26+00:00,16.0,32.0,212.7,ADAPTIVE,3.86354194444,3.391
2020-02-19T19:33:30+00:00,15.9,32.0,212.7,ADAPTIVE,3.86709611111,3.3819999999999997
2020-02-19T19:33:34+00:00,15.9,32.0,212.6,ADAPTIVE,3.87065027778,3.384
2020-02-19T19:33:38+00:00,16.0,32.0,212.7,ADAPTIVE,3.8741894444400002,3.389
2020-02-19T19:33:42+00:00,16.0,32.0,212.6,ADAPTIVE,3.87774277778,3.392
2020-02-19T19:33:46+00:00,16.0,32.0,212.6,ADAPTIVE,3.88128111111,3.3859999999999997
2020-02-19T19:33:50+00:00,16.0,32.0,212.6,ADAPTIVE,3.8848330555599997,3.393
2020-02-19T19:33:54+00:00,16.0,32.0,212.5,ADAPTIVE,3.88837166667,3.3859999999999997
2020-02-19T19:33:58+00:00,16.0,32.0,212.7,ADAPTIVE,3.89192333333,3.3899999999999997
2020-02-19T19:34:02+00:00,16.0,32.0,212.5,ADAPTIVE,3.8954633333299995,3.397
2020-02-19T19:34:06+00:00,16.0,32.0,212.7,ADAPTIVE,3.8990155555599997,3.379
2020-02-19T19:34:10+00:00,16.0,32.0,212.6,ADAPTIVE,3.90255444444,3.383
2020-02-19T19:34:14+00:00,16.0,32.0,212.7,ADAPTIVE,3.90611027778,3.389
2020-02-19T19:34:18+00:00,16.0,32.0,212.6,ADAPTIVE,3.9096497222199997,3.387
2020-02-19T19:34:22+00:00,16.0,32.0,212.6,ADAPTIVE,3.91320333333,3.391
2020-02-19T19:34:25+00:00,15.9,32.0,212.5,ADAPTIVE,3.91673944444,3.375
2020-02-19T19:34:29+00:00,16.0,32.0,212.7,ADAPTIVE,3.9202947222199995,3.3979999999999997
2020-02-19T19:34:33+00:00,16.0,32.0,212.5,ADAPTIVE,3.9238333333299997,3.397
2020-02-19T19:34:37+00:00,16.0,32.0,212.5,ADAPTIVE,3.9273875,3.3859999999999997
2020-02-19T19:34:41+00:00,16.0,32.0,212.6,ADAPTIVE,3.9309230555599997,3.387
2020-02-19T19:34:45+00:00,15.9,32.0,212.5,ADAPTIVE,3.93447416667,3.383
2020-02-19T19:34:49+00:00,15.9,32.0,212.5,ADAPTIVE,3.93800972222,3.3939999999999997
2020-02-19T19:34:53+00:00,16.0,32.0,212.6,ADAPTIVE,3.94156194444,3.392
2020-02-19T19:34:57+00:00,15.9,32.0,212.4,ADAPTIVE,3.94511527778,3.3819999999999997
2020-02-19T19:35:01+00:00,16.0,32.0,212.6,ADAPTIVE,3.94865166667,3.3859999999999997
2020-02-19T19:35:05+00:00,15.9,32.0,212.5,ADAPTIVE,3.95220166667,3.377
2020-02-19T19:35:09+00:00,16.0,32.0,212.6,ADAPTIVE,3.9557408333299997,3.3859999999999997
2020-02-19T19:35:13+00:00,16.0,32.0,212.5,ADAPTIVE,3.95929388889,3.385
2020-02-19T19:35:17+00:00,16.0,32.0,212.4,ADAPTIVE,3.96283111111,3.3859999999999997
2020-02-19T19:35:21+00:00,16.0,32.0,212.7,ADAPTIVE,3.9663825,3.3899999999999997
2020-02-19T19:35:25+00:00,16.0,32.0,212.6,ADAPTIVE,3.9699188888899997,3.388
2020-02-19T19:35:29+00:00,16.0,32.0,212.5,ADAPTIVE,3.97347111111,3.3819999999999997
2020-02-19T19:35:32+00:00,16.0,32.0,212.6,ADAPTIVE,3.9770072222199997,3.388
2020-02-19T19:35:36+00:00,16.0,32.0,212.6,ADAPTIVE,3.9805625,3.391
2020-02-19T19:35:40+00:00,16.0,32.0,212.5,ADAPTIVE,3.9841005555599995,3.388
2020-02-19T19:35:44+00:00,15.9,32.0,212.4,ADAPTIVE,3.98765361111,3.3779999999999997
2020-02-19T19:35:48+00:00,15.9,32.0,212.5,ADAPTIVE,3.9911908333299997,3.3819999999999997
2020-02-19T19:35:52+00:00,15.9,32.0,212.7,ADAPTIVE,3.99474166667,3.395
2020-02-19T19:35:56+00:00,15.9,32.0,212.5,ADAPTIVE,3.99828,3.3899999999999997
2020-02-19T19:36:00+00:00,15.9,32.0,212.7,ADAPTIVE,4.00183277778,3.389
2020-02-19T19:36:04+00:00,15.9,32.0,212.5,ADAPTIVE,4.005369722219999,3.392
2020-02-19T19:36:08+00:00,15.9,32.0,212.5,ADAPTIVE,4.00892277778,3.3859999999999997
2020-02-19T19:36:12+00:00,15.9,32.0,212.6,ADAPTIVE,4.01247277778,3.381
2020-02-19T19:36:16+00:00,16.0,32.0,212.7,ADAPTIVE,4.01600916667,3.3859999999999997
2020-02-19T19:36:20+00:00,16.0,32.0,212.5,ADAPTIVE,4.01956111111,3.383
2020-02-19T19:36:24+00:00,15.9,32.0,212.4,ADAPTIVE,4.02309638889,3.3739999999999997
2020-02-19T19:36:28+00:00,16.0,32.0,212.6,ADAPTIVE,4.0266444444400005,3.3779999999999997
2020-02-19T19:36:32+00:00,16.0,32.0,212.6,ADAPTIVE,4.0301802777799995,3.391
2020-02-19T19:36:36+00:00,16.0,32.0,212.5,ADAPTIVE,4.03373305556,3.389
2020-02-19T19:36:39+00:00,15.9,32.0,212.4,ADAPTIVE,4.03726972222,3.3779999999999997
2020-02-19T19:36:43+00:00,15.9,32.0,212.6,ADAPTIVE,4.0408213888899995,3.3859999999999997
2020-02-19T19:36:47+00:00,16.0,32.0,212.6,ADAPTIVE,4.0443725,3.387
2020-02-19T19:36:51+00:00,16.0,32.0,212.7,ADAPTIVE,4.04791027778,3.389
2020-02-19T19:36:55+00:00,16.0,32.0,212.6,ADAPTIVE,4.0514624999999995,3.393
2020-02-19T19:36:59+00:00,16.0,32.0,212.6,ADAPTIVE,4.05499916667,3.389
2020-02-19T19:37:03+00:00,16.0,32.0,212.6,ADAPTIVE,4.05855277778,3.38
2020-02-19T19:37:07+00:00,16.0,32.0,212.4,ADAPTIVE,4.062090555559999,3.383
2020-02-19T19:37:11+00:00,16.0,32.0,212.5,ADAPTIVE,4.065639722219999,3.379
2020-02-19T19:37:15+00:00,16.0,32.0,212.5,ADAPTIVE,4.06917638889,3.381
2020-02-19T19:37:19+00:00,16.0,32.0,212.7,ADAPTIVE,4.07272527778,3.384
2020-02-19T19:37:23+00:00,16.0,32.0,212.6,ADAPTIVE,4.0762624999999995,3.384
2020-02-19T19:37:27+00:00,16.0,32.0,212.6,ADAPTIVE,4.0798161111099995,3.3859999999999997
2020-02-19T19:37:31+00:00,16.0,32.0,212.7,ADAPTIVE,4.08335138889,3.385
2020-02-19T19:37:35+00:00,16.0,32.0,212.6,ADAPTIVE,4.08690416667,3.3859999999999997
2020-02-19T19:37:39+00:00,16.0,32.0,212.6,ADAPTIVE,4.09043916667,3.38
2020-02-19T19:37:42+00:00,16.0,32.0,212.7,ADAPTIVE,4.09399166667,3.379
2020-02-19T19:37:46+00:00,16.0,32.0,212.7,ADAPTIVE,4.097528888889999,3.391
2020-02-19T19:37:50+00:00,16.0,32.0,212.6,ADAPTIVE,4.101083055559999,3.383
2020-02-19T19:37:54+00:00,16.0,32.0,212.7,ADAPTIVE,4.10462166667,3.393
2020-02-19T19:37:58+00:00,16.0,32.0,212.5,ADAPTIVE,4.10817388889,3.383
2020-02-19T19:38:02+00:00,15.9,32.0,212.7,ADAPTIVE,4.11171027778,3.383
2020-02-19T19:38:06+00:00,16.0,32.0,212.6,ADAPTIVE,4.115262222219999,3.379
2020-02-19T19:38:10+00:00,16.0,32.0,212.7,ADAPTIVE,4.11879888889,3.381
2020-02-19T19:38:14+00:00,16.0,32.0,212.6,ADAPTIVE,4.12234916667,3.385
2020-02-19T19:38:18+00:00,16.0,32.0,212.7,ADAPTIVE,4.125887222219999,3.391
2020-02-19T19:38:22+00:00,16.0,32.0,212.6,ADAPTIVE,4.12944055556,3.385
2020-02-19T19:38:26+00:00,16.0,32.0,212.7,ADAPTIVE,4.13297666667,3.388
2020-02-19T19:38:30+00:00,16.0,32.0,212.6,ADAPTIVE,4.13652944444,3.384
2020-02-19T19:38:34+00:00,16.0,32.0,212.6,ADAPTIVE,4.14006722222,3.384
2020-02-19T19:38:38+00:00,16.0,32.0,212.6,ADAPTIVE,4.14361916667,3.389
2020-02-19T19:38:42+00:00,15.9,32.0,212.7,ADAPTIVE,4.1471577777799995,3.383
2020-02-19T19:38:46+00:00,15.9,32.0,212.7,ADAPTIVE,4.15071305556,3.385
2020-02-19T19:38:50+00:00,15.9,32.0,212.7,ADAPTIVE,4.15425027778,3.3819999999999997
2020-02-19T19:38:53+00:00,15.9,32.0,212.5,ADAPTIVE,4.15780305556,3.38
2020-02-19T19:38:57+00:00,16.0,32.0,212.7,ADAPTIVE,4.16134027778,3.391
2020-02-19T19:39:01+00:00,15.9,32.0,212.5,ADAPTIVE,4.16489416667,3.381
2020-02-19T19:39:05+00:00,16.0,32.0,212.5,ADAPTIVE,4.16842888889,3.383
2020-02-19T19:39:09+00:00,16.0,32.0,212.6,ADAPTIVE,4.17197861111,3.385
2020-02-19T19:39:13+00:00,16.0,32.0,212.6,ADAPTIVE,4.17551527778,3.387
2020-02-19T19:39:17+00:00,16.0,32.0,212.5,ADAPTIVE,4.17906694444,3.3819999999999997
2020-02-19T19:39:21+00:00,16.0,32.0,212.5,ADAPTIVE,4.182601111109999,3.376
2020-02-19T19:39:25+00:00,15.9,32.0,212.5,ADAPTIVE,4.186150555559999,3.377
2020-02-19T19:39:29+00:00,16.0,32.0,212.5,ADAPTIVE,4.189685,3.391
2020-02-19T19:39:33+00:00,15.9,32.0,212.5,ADAPTIVE,4.19322027778,3.387
2020-02-19T19:39:37+00:00,15.9,32.0,212.5,ADAPTIVE,4.19677083333,3.384
2020-02-19T19:39:41+00:00,15.9,32.0,212.6,ADAPTIVE,4.20030777778,3.381
2020-02-19T19:39:45+00:00,15.9,32.0,212.5,ADAPTIVE,4.20385722222,3.38
2020-02-19T19:39:49+00:00,16.0,32.0,212.5,ADAPTIVE,4.20739361111,3.389
2020-02-19T19:39:53+00:00,16.0,32.0,212.5,ADAPTIVE,4.21094555556,3.385
2020-02-19T19:39:57+00:00,16.0,32.0,212.5,ADAPTIVE,4.21448333333,3.388
2020-02-19T19:40:00+00:00,16.0,32.0,212.7,ADAPTIVE,4.2180349999999995,3.383
2020-02-19T19:40:04+00:00,16.0,32.0,212.7,ADAPTIVE,4.2215725,3.389
2020-02-19T19:40:08+00:00,15.9,32.0,212.4,ADAPTIVE,4.22512527778,3.3779999999999997
2020-02-19T19:40:12+00:00,16.0,32.0,212.5,ADAPTIVE,4.22866194444,3.384
2020-02-19T19:40:16+00:00,16.0,32.0,212.6,ADAPTIVE,4.23221361111,3.388
2020-02-19T19:40:20+00:00,15.9,32.0,212.6,ADAPTIVE,4.23574777778,3.381
2020-02-19T19:40:24+00:00,16.0,32.0,212.5,ADAPTIVE,4.23929833333,3.387
2020-02-19T19:40:28+00:00,15.9,32.0,212.6,ADAPTIVE,4.24283527778,3.381
2020-02-19T19:40:32+00:00,16.0,32.0,212.4,ADAPTIVE,4.24638333333,3.3779999999999997
2020-02-19T19:40:36+00:00,16.0,32.0,212.4,ADAPTIVE,4.24991666667,3.383
2020-02-19T19:40:40+00:00,16.0,32.0,212.4,ADAPTIVE,4.253464999999999,3.3779999999999997
2020-02-19T19:40:44+00:00,16.0,32.0,212.5,ADAPTIVE,4.25699805556,3.383
2020-02-19T19:40:48+00:00,16.0,32.0,212.5,ADAPTIVE,4.2605497222199995,3.385
2020-02-19T19:40:52+00:00,15.9,32.0,212.6,ADAPTIVE,4.26408416667,3.3779999999999997
2020-02-19T19:40:56+00:00,16.0,32.0,212.7,ADAPTIVE,4.2676188888899995,3.387
2020-02-19T19:41:00+00:00,16.0,32.0,212.6,ADAPTIVE,4.27117138889,3.387
2020-02-19T19:41:04+00:00,16.0,32.0,212.4,ADAPTIVE,4.27470555556,3.3739999999999997
2020-02-19T19:41:07+00:00,16.0,32.0,212.4,ADAPTIVE,4.27825611111,3.385
2020-02-19T19:41:11+00:00,15.9,32.0,212.3,ADAPTIVE,4.28179027778,3.375
2020-02-19T19:41:15+00:00,15.9,32.0,212.4,ADAPTIVE,4.2853224999999995,3.387
2020-02-19T19:41:19+00:00,15.9,32.0,212.4,ADAPTIVE,4.28887277778,3.3819999999999997
2020-02-19T19:41:23+00:00,15.9,32.0,212.4,ADAPTIVE,4.29240777778,3.3779999999999997
2020-02-19T19:41:27+00:00,16.0,32.0,212.4,ADAPTIVE,4.295956944439999,3.383
2020-02-19T19:41:31+00:00,16.0,32.0,212.4,ADAPTIVE,4.299490833329999,3.38
2020-02-19T19:41:35+00:00,16.0,32.0,212.6,ADAPTIVE,4.3030394444399995,3.38
2020-02-19T19:41:39+00:00,16.0,32.0,212.5,ADAPTIVE,4.306575833329999,3.387
2020-02-19T19:41:43+00:00,16.0,32.0,212.4,ADAPTIVE,4.31012583333,3.381
2020-02-19T19:41:47+00:00,15.9,32.0,212.4,ADAPTIVE,4.31365972222,3.383
2020-02-19T19:41:51+00:00,16.0,32.0,212.3,ADAPTIVE,4.317194444439999,3.387
2020-02-19T19:41:55+00:00,16.0,32.0,212.5,ADAPTIVE,4.32074472222,3.3859999999999997
2020-02-19T19:41:59+00:00,16.0,32.0,212.5,ADAPTIVE,4.32427805556,3.38
2020-02-19T19:42:03+00:00,16.0,32.0,212.6,ADAPTIVE,4.32782805556,3.3859999999999997
2020-02-19T19:42:07+00:00,16.0,32.0,212.5,ADAPTIVE,4.33136111111,3.388
2020-02-19T19:42:11+00:00,16.0,32.0,212.5,ADAPTIVE,4.334909444439999,3.385
2020-02-19T19:42:14+00:00,16.0,32.0,212.5,ADAPTIVE,4.33844333333,3.383
2020-02-19T19:42:18+00:00,16.0,32.0,212.5,ADAPTIVE,4.34197972222,3.3899999999999997
2020-02-19T19:42:22+00:00,15.9,32.0,212.5,ADAPTIVE,4.34553055556,3.3819999999999997
2020-02-19T19:42:26+00:00,15.9,32.0,212.5,ADAPTIVE,4.349067499999999,3.383
2020-02-19T19:42:30+00:00,15.9,32.0,212.7,ADAPTIVE,4.352619444439999,3.384
2020-02-19T19:42:34+00:00,15.9,32.0,212.5,ADAPTIVE,4.35615416667,3.381
2020-02-19T19:42:38+00:00,16.0,32.0,212.6,ADAPTIVE,4.359704444439999,3.383
2020-02-19T19:42:42+00:00,16.0,32.0,212.6,ADAPTIVE,4.36324388889,3.387
2020-02-19T19:42:46+00:00,15.9,32.0,212.7,ADAPTIVE,4.36679777778,3.381
2020-02-19T19:42:50+00:00,16.0,32.0,212.5,ADAPTIVE,4.37033416667,3.396
2020-02-19T19:42:54+00:00,15.9,32.0,212.7,ADAPTIVE,4.37388805556,3.381
2020-02-19T19:42:58+00:00,16.0,32.0,212.4,ADAPTIVE,4.37742416667,3.3819999999999997
2020-02-19T19:43:02+00:00,15.9,32.0,212.6,ADAPTIVE,4.38097638889,3.384
2020-02-19T19:43:06+00:00,15.9,32.0,212.7,ADAPTIVE,4.38451416667,3.388
2020-02-19T19:43:10+00:00,15.9,32.0,212.4,ADAPTIVE,4.38806583333,3.387
2020-02-19T19:43:14+00:00,15.9,32.0,212.4,ADAPTIVE,4.39160055556,3.381
2020-02-19T19:43:17+00:00,15.9,32.0,212.5,ADAPTIVE,4.395152222219999,3.387
2020-02-19T19:43:21+00:00,15.9,32.0,212.5,ADAPTIVE,4.39868916667,3.384
2020-02-19T19:43:25+00:00,15.9,32.0,212.7,ADAPTIVE,4.40224305556,3.381
2020-02-19T19:43:29+00:00,16.0,32.0,212.6,ADAPTIVE,4.40578083333,3.392
2020-02-19T19:43:33+00:00,15.9,32.0,212.7,ADAPTIVE,4.40933611111,3.392
2020-02-19T19:43:37+00:00,15.9,32.0,212.5,ADAPTIVE,4.412873611109999,3.385
2020-02-19T19:43:41+00:00,16.0,32.0,212.5,ADAPTIVE,4.416424999999999,3.3859999999999997
2020-02-19T19:43:45+00:00,16.0,32.0,212.6,ADAPTIVE,4.41996305556,3.395
2020-02-19T19:43:49+00:00,16.0,32.0,212.7,ADAPTIVE,4.42351722222,3.388
2020-02-19T19:43:53+00:00,16.0,32.0,212.7,ADAPTIVE,4.42705805556,3.385
2020-02-19T19:43:57+00:00,16.0,32.0,212.6,ADAPTIVE,4.43060944444,3.384
2020-02-19T19:44:01+00:00,16.0,32.0,212.5,ADAPTIVE,4.43414666667,3.385
2020-02-19T19:44:05+00:00,16.0,32.0,212.7,ADAPTIVE,4.43770027778,3.392
2020-02-19T19:44:09+00:00,16.0,32.0,212.5,ADAPTIVE,4.44123972222,3.391
2020-02-19T19:44:13+00:00,15.9,32.0,212.6,ADAPTIVE,4.4447925,3.3819999999999997
2020-02-19T19:44:17+00:00,15.9,32.0,212.6,ADAPTIVE,4.44832888889,3.376
2020-02-19T19:44:21+00:00,15.9,32.0,212.6,ADAPTIVE,4.45186416667,3.383
2020-02-19T19:44:24+00:00,16.0,32.0,212.8,ADAPTIVE,4.4554172222199995,3.385
2020-02-19T19:44:28+00:00,16.0,32.0,212.7,ADAPTIVE,4.45895611111,3.383
2020-02-19T19:44:32+00:00,16.0,32.0,212.7,ADAPTIVE,4.46250972222,3.3859999999999997
2020-02-19T19:44:36+00:00,16.0,32.0,212.6,ADAPTIVE,4.46604611111,3.385
2020-02-19T19:44:40+00:00,15.9,32.0,212.7,ADAPTIVE,4.46958666667,3.3899999999999997
2020-02-19T19:44:44+00:00,15.9,32.0,212.7,ADAPTIVE,4.47313916667,3.3859999999999997
2020-02-19T19:44:48+00:00,15.9,32.0,212.7,ADAPTIVE,4.4766775,3.389
2020-02-19T19:44:52+00:00,15.9,32.0,212.6,ADAPTIVE,4.48022972222,3.381
2020-02-19T19:44:56+00:00,15.9,32.0,212.7,ADAPTIVE,4.4837675,3.38
2020-02-19T19:45:00+00:00,16.0,32.0,212.7,ADAPTIVE,4.48732027778,3.387
2020-02-19T19:45:04+00:00,15.9,32.0,212.7,ADAPTIVE,4.49086,3.388
2020-02-19T19:45:08+00:00,15.9,32.0,212.6,ADAPTIVE,4.49441277778,3.387
2020-02-19T19:45:12+00:00,15.9,32.0,212.6,ADAPTIVE,4.49795027778,3.387
2020-02-19T19:45:16+00:00,15.9,32.0,212.6,ADAPTIVE,4.501501944439999,3.387
2020-02-19T19:45:20+00:00,15.9,32.0,212.7,ADAPTIVE,4.50504111111,3.389
2020-02-19T19:45:24+00:00,15.9,32.0,212.7,ADAPTIVE,4.50859194444,3.381
2020-02-19T19:45:28+00:00,16.0,32.0,212.6,ADAPTIVE,4.51214361111,3.3859999999999997
2020-02-19T19:45:32+00:00,16.0,32.0,212.6,ADAPTIVE,4.51568,3.383
2020-02-19T19:45:35+00:00,16.0,32.0,212.7,ADAPTIVE,4.51923305556,3.388
2020-02-19T19:45:39+00:00,16.0,32.0,212.6,ADAPTIVE,4.52276916667,3.3899999999999997
2020-02-19T19:45:43+00:00,16.0,32.0,212.5,ADAPTIVE,4.52632111111,3.391
2020-02-19T19:45:47+00:00,16.0,32.0,212.6,ADAPTIVE,4.52985638889,3.389
2020-02-19T19:45:51+00:00,15.9,32.0,212.7,ADAPTIVE,4.533407222219999,3.379
2020-02-19T19:45:55+00:00,16.0,32.0,212.5,ADAPTIVE,4.53694555556,3.389
2020-02-19T19:45:59+00:00,16.0,32.0,212.4,ADAPTIVE,4.5404983333299995,3.384
2020-02-19T19:46:03+00:00,16.0,32.0,212.6,ADAPTIVE,4.544035,3.388
2020-02-19T19:46:07+00:00,15.9,32.0,212.6,ADAPTIVE,4.54758805556,3.383
2020-02-19T19:46:11+00:00,16.0,32.0,212.6,ADAPTIVE,4.55112666667,3.3939999999999997
2020-02-19T19:46:15+00:00,15.9,32.0,212.5,ADAPTIVE,4.554661944439999,3.379
2020-02-19T19:46:19+00:00,15.9,32.0,212.6,ADAPTIVE,4.55821388889,3.383
2020-02-19T19:46:23+00:00,15.9,32.0,212.7,ADAPTIVE,4.561753611109999,3.385
2020-02-19T19:46:27+00:00,15.9,32.0,212.7,ADAPTIVE,4.56530611111,3.388
2020-02-19T19:46:31+00:00,15.9,32.0,212.6,ADAPTIVE,4.56884138889,3.385
2020-02-19T19:46:35+00:00,16.0,32.0,212.7,ADAPTIVE,4.57239583333,3.391
2020-02-19T19:46:39+00:00,16.0,32.0,212.6,ADAPTIVE,4.575950833329999,3.392
2020-02-19T19:46:42+00:00,15.9,32.0,212.5,ADAPTIVE,4.57948916667,3.3819999999999997
2020-02-19T19:46:46+00:00,16.0,32.0,212.5,ADAPTIVE,4.58303916667,3.3859999999999997
2020-02-19T19:46:50+00:00,16.0,32.0,212.5,ADAPTIVE,4.58657805556,3.381
2020-02-19T19:46:54+00:00,16.1,32.0,212.6,ADAPTIVE,4.59013277778,3.395
2020-02-19T19:46:58+00:00,16.0,32.0,212.6,ADAPTIVE,4.59367166667,3.3859999999999997
2020-02-19T19:47:02+00:00,16.0,32.0,212.6,ADAPTIVE,4.59722416667,3.3899999999999997
2020-02-19T19:47:06+00:00,16.0,32.0,212.7,ADAPTIVE,4.60076305556,3.388
2020-02-19T19:47:10+00:00,16.0,32.0,212.7,ADAPTIVE,4.60431555556,3.3819999999999997
2020-02-19T19:47:14+00:00,16.0,32.0,212.6,ADAPTIVE,4.6078525,3.379
2020-02-19T19:47:18+00:00,16.0,32.0,212.6,ADAPTIVE,4.61140305556,3.388
2020-02-19T19:47:22+00:00,16.0,32.0,212.7,ADAPTIVE,4.61493972222,3.3859999999999997
2020-02-19T19:47:26+00:00,15.9,32.0,212.5,ADAPTIVE,4.6184775,3.385
2020-02-19T19:47:30+00:00,16.0,32.0,212.7,ADAPTIVE,4.622028611109999,3.391
2020-02-19T19:47:34+00:00,16.0,32.0,212.7,ADAPTIVE,4.62556638889,3.379
2020-02-19T19:47:38+00:00,16.0,32.0,212.7,ADAPTIVE,4.62911777778,3.383
2020-02-19T19:47:42+00:00,15.9,32.0,212.5,ADAPTIVE,4.63265388889,3.383
2020-02-19T19:47:45+00:00,16.0,32.0,212.7,ADAPTIVE,4.63619027778,3.391
2020-02-19T19:47:49+00:00,16.0,32.0,212.4,ADAPTIVE,4.6397425,3.384
2020-02-19T19:47:53+00:00,16.0,32.0,212.7,ADAPTIVE,4.64327805556,3.388
2020-02-19T19:47:57+00:00,16.0,32.0,212.6,ADAPTIVE,4.64683194444,3.396
2020-02-19T19:48:01+00:00,15.9,32.0,212.7,ADAPTIVE,4.65037166667,3.389
2020-02-19T19:48:05+00:00,15.9,32.0,212.6,ADAPTIVE,4.65391055556,3.3739999999999997
2020-02-19T19:48:09+00:00,16.0,32.0,212.7,ADAPTIVE,4.65746333333,3.387
2020-02-19T19:48:13+00:00,16.0,32.0,212.6,ADAPTIVE,4.66100222222,3.3859999999999997
2020-02-19T19:48:17+00:00,16.0,32.0,212.7,ADAPTIVE,4.664556944439999,3.385
2020-02-19T19:48:21+00:00,15.9,32.0,212.6,ADAPTIVE,4.66809555556,3.384
2020-02-19T19:48:25+00:00,15.9,32.0,212.7,ADAPTIVE,4.67163416667,3.384
2020-02-19T19:48:29+00:00,15.9,32.0,212.8,ADAPTIVE,4.67518638889,3.384
2020-02-19T19:48:33+00:00,15.9,32.0,212.7,ADAPTIVE,4.678725,3.381
2020-02-19T19:48:37+00:00,16.0,32.0,212.8,ADAPTIVE,4.68227916667,3.3939999999999997
2020-02-19T19:48:41+00:00,16.0,32.0,212.7,ADAPTIVE,4.68581777778,3.3819999999999997
2020-02-19T19:48:45+00:00,16.0,32.0,212.8,ADAPTIVE,4.68937055556,3.3899999999999997
2020-02-19T19:48:49+00:00,16.0,32.0,212.7,ADAPTIVE,4.69290611111,3.387
2020-02-19T19:48:52+00:00,16.0,32.0,212.7,ADAPTIVE,4.69646,3.381
2020-02-19T19:48:56+00:00,16.0,32.0,212.6,ADAPTIVE,4.70000027778,3.393
2020-02-19T19:49:00+00:00,16.0,32.0,212.6,ADAPTIVE,4.7035525,3.384
2020-02-19T19:49:04+00:00,16.0,32.0,212.6,ADAPTIVE,4.707091944439999,3.389
2020-02-19T19:49:08+00:00,15.9,32.0,212.7,ADAPTIVE,4.71064361111,3.381
2020-02-19T19:49:12+00:00,16.0,32.0,212.7,ADAPTIVE,4.71418194444,3.392
2020-02-19T19:49:16+00:00,15.9,32.0,212.7,ADAPTIVE,4.71772305556,3.38
2020-02-19T19:49:20+00:00,16.0,32.0,212.8,ADAPTIVE,4.72127777778,3.3899999999999997
2020-02-19T19:49:24+00:00,16.0,32.0,212.7,ADAPTIVE,4.724819999999999,3.388
2020-02-19T19:49:28+00:00,16.0,32.0,212.7,ADAPTIVE,4.72837722222,3.393
2020-02-19T19:49:32+00:00,16.0,32.0,212.7,ADAPTIVE,4.73191916667,3.3939999999999997
2020-02-19T19:49:36+00:00,15.9,32.0,212.7,ADAPTIVE,4.735472222219999,3.384
2020-02-19T19:49:40+00:00,16.0,32.0,212.8,ADAPTIVE,4.73901166667,3.3859999999999997
2020-02-19T19:49:44+00:00,15.9,32.0,212.7,ADAPTIVE,4.74255055556,3.385
2020-02-19T19:49:48+00:00,15.9,32.0,212.7,ADAPTIVE,4.74610555556,3.385
2020-02-19T19:49:52+00:00,15.9,32.0,212.5,ADAPTIVE,4.7496444444399994,3.388
2020-02-19T19:49:56+00:00,15.9,32.0,212.6,ADAPTIVE,4.75319527778,3.3819999999999997
2020-02-19T19:49:59+00:00,15.9,32.0,212.5,ADAPTIVE,4.75673472222,3.3859999999999997
2020-02-19T19:50:03+00:00,16.0,32.0,212.6,ADAPTIVE,4.76028916667,3.388
2020-02-19T19:50:07+00:00,16.0,32.0,212.6,ADAPTIVE,4.763828333329999,3.384
2020-02-19T19:50:11+00:00,16.0,32.0,212.5,ADAPTIVE,4.76738083333,3.388
2020-02-19T19:50:15+00:00,16.0,32.0,212.6,ADAPTIVE,4.77091944444,3.3899999999999997
2020-02-19T19:50:19+00:00,16.0,32.0,212.7,ADAPTIVE,4.77447166667,3.387
2020-02-19T19:50:23+00:00,15.9,32.0,212.5,ADAPTIVE,4.77800861111,3.381
2020-02-19T19:50:27+00:00,15.9,32.0,212.5,ADAPTIVE,4.78154666667,3.385
2020-02-19T19:50:31+00:00,16.0,32.0,212.7,ADAPTIVE,4.785099444439999,3.389
2020-02-19T19:50:35+00:00,16.0,32.0,212.5,ADAPTIVE,4.78863611111,3.387
2020-02-19T19:50:39+00:00,15.9,32.0,212.7,ADAPTIVE,4.79218722222,3.38
2020-02-19T19:50:43+00:00,15.9,32.0,212.7,ADAPTIVE,4.79572555556,3.3899999999999997
2020-02-19T19:50:47+00:00,16.0,32.0,212.5,ADAPTIVE,4.79926277778,3.38
2020-02-19T19:50:51+00:00,16.0,32.0,212.5,ADAPTIVE,4.80281472222,3.3899999999999997
2020-02-19T19:50:55+00:00,16.0,32.0,212.6,ADAPTIVE,4.806351944439999,3.388
2020-02-19T19:50:59+00:00,15.9,32.0,212.6,ADAPTIVE,4.80989,3.383
2020-02-19T19:51:03+00:00,15.9,32.0,212.7,ADAPTIVE,4.81344305556,3.3819999999999997
2020-02-19T19:51:07+00:00,16.0,32.0,212.5,ADAPTIVE,4.816979722219999,3.392
2020-02-19T19:51:10+00:00,16.0,32.0,212.6,ADAPTIVE,4.820533333329999,3.384
2020-02-19T19:51:14+00:00,16.0,32.0,212.4,ADAPTIVE,4.82406916667,3.381
2020-02-19T19:51:18+00:00,15.9,32.0,212.6,ADAPTIVE,4.82760527778,3.379
2020-02-19T19:51:22+00:00,16.0,32.0,212.5,ADAPTIVE,4.83115638889,3.392
2020-02-19T19:51:26+00:00,16.0,32.0,212.7,ADAPTIVE,4.8346961111099995,3.389
2020-02-19T19:51:30+00:00,16.0,32.0,212.6,ADAPTIVE,4.83824805556,3.3859999999999997
2020-02-19T19:51:34+00:00,16.0,32.0,212.7,ADAPTIVE,4.841785,3.384
2020-02-19T19:51:38+00:00,16.0,32.0,212.4,ADAPTIVE,4.84533694444,3.387
2020-02-19T19:51:42+00:00,15.9,32.0,212.4,ADAPTIVE,4.84887194444,3.38
2020-02-19T19:51:46+00:00,15.9,32.0,212.6,ADAPTIVE,4.8524075,3.387
2020-02-19T19:51:50+00:00,15.9,32.0,212.7,ADAPTIVE,4.85595972222,3.38
2020-02-19T19:51:54+00:00,16.0,32.0,212.5,ADAPTIVE,4.859496944439999,3.387
2020-02-19T19:51:58+00:00,16.0,32.0,212.6,ADAPTIVE,4.86304666667,3.385
2020-02-19T19:52:02+00:00,16.0,32.0,212.4,ADAPTIVE,4.866581944439999,3.384
2020-02-19T19:52:06+00:00,15.9,32.0,212.5,ADAPTIVE,4.8701166666699995,3.387
2020-02-19T19:52:10+00:00,16.0,32.0,212.5,ADAPTIVE,4.8736675,3.3939999999999997
2020-02-19T19:52:13+00:00,16.0,32.0,212.6,ADAPTIVE,4.87720555556,3.387
2020-02-19T19:52:17+00:00,16.0,32.0,212.6,ADAPTIVE,4.88075972222,3.387
2020-02-19T19:52:21+00:00,16.0,32.0,212.6,ADAPTIVE,4.88429666667,3.3939999999999997
2020-02-19T19:52:25+00:00,16.0,32.0,212.5,ADAPTIVE,4.88784944444,3.392
2020-02-19T19:52:29+00:00,15.9,32.0,212.6,ADAPTIVE,4.89138638889,3.392
2020-02-19T19:52:33+00:00,15.9,32.0,212.7,ADAPTIVE,4.8949225,3.385
2020-02-19T19:52:37+00:00,16.0,32.0,212.7,ADAPTIVE,4.89847555556,3.3899999999999997
2020-02-19T19:52:41+00:00,16.0,32.0,212.7,ADAPTIVE,4.90201416667,3.391
2020-02-19T19:52:45+00:00,16.0,32.0,212.7,ADAPTIVE,4.90556611111,3.383
2020-02-19T19:52:49+00:00,16.0,32.0,212.7,ADAPTIVE,4.90910555556,3.388
2020-02-19T19:52:53+00:00,16.0,32.0,212.7,ADAPTIVE,4.91265972222,3.3899999999999997
2020-02-19T19:52:57+00:00,16.0,32.0,212.5,ADAPTIVE,4.9161975,3.389
2020-02-19T19:53:01+00:00,16.0,32.0,212.5,ADAPTIVE,4.91974972222,3.379
2020-02-19T19:53:05+00:00,16.0,32.0,212.6,ADAPTIVE,4.92328666667,3.392
2020-02-19T19:53:09+00:00,16.0,32.0,212.5,ADAPTIVE,4.92683777778,3.3859999999999997
2020-02-19T19:53:13+00:00,16.0,32.0,212.6,ADAPTIVE,4.93037416667,3.383
2020-02-19T19:53:17+00:00,16.0,32.0,212.6,ADAPTIVE,4.93392361111,3.387
2020-02-19T19:53:20+00:00,15.9,32.0,212.7,ADAPTIVE,4.93746055556,3.3859999999999997
2020-02-19T19:53:24+00:00,15.9,32.0,212.6,ADAPTIVE,4.94101277778,3.383
2020-02-19T19:53:28+00:00,15.9,32.0,212.6,ADAPTIVE,4.944548333329999,3.384
2020-02-19T19:53:32+00:00,15.9,32.0,212.4,ADAPTIVE,4.9480994444399995,3.383
2020-02-19T19:53:36+00:00,16.0,32.0,212.6,ADAPTIVE,4.9516511111099994,3.38
2020-02-19T19:53:40+00:00,16.0,32.0,212.4,ADAPTIVE,4.955184722219999,3.381
2020-02-19T19:53:44+00:00,16.0,32.0,212.4,ADAPTIVE,4.95873416667,3.381
2020-02-19T19:53:48+00:00,16.0,32.0,212.5,ADAPTIVE,4.962269722219999,3.3899999999999997
2020-02-19T19:53:52+00:00,16.0,32.0,212.5,ADAPTIVE,4.96581833333,3.3819999999999997
2020-02-19T19:53:56+00:00,16.0,32.0,212.4,ADAPTIVE,4.96935388889,3.384
2020-02-19T19:54:00+00:00,16.0,32.0,212.6,ADAPTIVE,4.97290527778,3.3899999999999997
2020-02-19T19:54:04+00:00,16.0,32.0,212.4,ADAPTIVE,4.9764416666699995,3.3859999999999997
2020-02-19T19:54:08+00:00,15.9,32.0,212.5,ADAPTIVE,4.97999388889,3.385
2020-02-19T19:54:12+00:00,15.9,32.0,212.6,ADAPTIVE,4.98353027778,3.387
2020-02-19T19:54:16+00:00,15.9,32.0,212.6,ADAPTIVE,4.98708166667,3.383
2020-02-19T19:54:20+00:00,16.0,32.0,212.5,ADAPTIVE,4.99061972222,3.389
2020-02-19T19:54:24+00:00,15.9,32.0,212.6,ADAPTIVE,4.99417027778,3.3859999999999997
2020-02-19T19:54:27+00:00,16.0,32.0,212.5,ADAPTIVE,4.99770694444,3.393
2020-02-19T19:54:31+00:00,16.0,32.0,212.5,ADAPTIVE,5.001259999999999,3.383
2020-02-19T19:54:35+00:00,16.0,32.0,212.5,ADAPTIVE,5.00479444444,3.391
2020-02-19T19:54:39+00:00,16.0,32.0,212.6,ADAPTIVE,5.0083447222199995,3.387
2020-02-19T19:54:43+00:00,15.9,32.0,212.4,ADAPTIVE,5.01188166667,3.377
2020-02-19T19:54:47+00:00,15.9,32.0,212.6,ADAPTIVE,5.015432222219999,3.385
2020-02-19T19:54:51+00:00,15.9,32.0,212.4,ADAPTIVE,5.018968333329999,3.385
2020-02-19T19:54:55+00:00,15.9,32.0,212.6,ADAPTIVE,5.02251888889,3.387
2020-02-19T19:54:59+00:00,15.9,32.0,212.5,ADAPTIVE,5.026057499999999,3.3899999999999997
2020-02-19T19:55:03+00:00,15.9,32.0,212.6,ADAPTIVE,5.02960972222,3.389
2020-02-19T19:55:07+00:00,16.0,32.0,212.5,ADAPTIVE,5.03316222222,3.3859999999999997
2020-02-19T19:55:11+00:00,16.0,32.0,212.6,ADAPTIVE,5.03669944444,3.3859999999999997
2020-02-19T19:55:15+00:00,16.0,32.0,212.5,ADAPTIVE,5.04024944444,3.383
2020-02-19T19:55:19+00:00,16.0,32.0,212.5,ADAPTIVE,5.04378388889,3.3779999999999997
2020-02-19T19:55:23+00:00,16.0,32.0,212.6,ADAPTIVE,5.04733666667,3.388
2020-02-19T19:55:27+00:00,16.0,32.0,212.5,ADAPTIVE,5.05087444444,3.387
2020-02-19T19:55:31+00:00,16.0,32.0,212.6,ADAPTIVE,5.0544244444399995,3.3859999999999997
2020-02-19T19:55:34+00:00,16.0,32.0,212.6,ADAPTIVE,5.057960833329999,3.391
2020-02-19T19:55:38+00:00,16.0,32.0,212.7,ADAPTIVE,5.061514444439999,3.384
2020-02-19T19:55:42+00:00,16.0,32.0,212.6,ADAPTIVE,5.06505055556,3.3819999999999997
2020-02-19T19:55:46+00:00,16.0,32.0,212.7,ADAPTIVE,5.06860166667,3.379
2020-02-19T19:55:50+00:00,16.0,32.0,212.6,ADAPTIVE,5.07213833333,3.388
2020-02-19T19:55:54+00:00,16.0,32.0,212.6,ADAPTIVE,5.07568722222,3.381
2020-02-19T19:55:58+00:00,16.0,32.0,212.6,ADAPTIVE,5.0792241666699995,3.3859999999999997
2020-02-19T19:56:02+00:00,15.9,32.0,212.6,ADAPTIVE,5.08277416667,3.372
2020-02-19T19:56:06+00:00,16.0,32.0,212.6,ADAPTIVE,5.08631055556,3.3899999999999997
2020-02-19T19:56:10+00:00,16.0,32.0,212.7,ADAPTIVE,5.08986388889,3.3979999999999997
2020-02-19T19:56:14+00:00,16.0,32.0,212.5,ADAPTIVE,5.09340083333,3.385
2020-02-19T19:56:18+00:00,16.0,32.0,212.5,ADAPTIVE,5.09695416667,3.384
2020-02-19T19:56:22+00:00,16.0,32.0,212.4,ADAPTIVE,5.100493333329999,3.389
2020-02-19T19:56:26+00:00,16.0,32.0,212.4,ADAPTIVE,5.10404527778,3.387
2020-02-19T19:56:30+00:00,16.0,32.0,212.5,ADAPTIVE,5.10758111111,3.387
2020-02-19T19:56:34+00:00,16.0,32.0,212.6,ADAPTIVE,5.11113305556,3.3819999999999997
2020-02-19T19:56:38+00:00,16.0,32.0,212.5,ADAPTIVE,5.11467055556,3.383
2020-02-19T19:56:41+00:00,16.0,32.0,212.5,ADAPTIVE,5.11822305556,3.3899999999999997
2020-02-19T19:56:45+00:00,16.0,32.0,212.7,ADAPTIVE,5.121762222219999,3.388
2020-02-19T19:56:49+00:00,16.0,32.0,212.6,ADAPTIVE,5.12531444444,3.391
2020-02-19T19:56:53+00:00,16.0,32.0,212.6,ADAPTIVE,5.12885305556,3.385
2020-02-19T19:56:57+00:00,15.9,32.0,212.6,ADAPTIVE,5.13240444444,3.388
2020-02-19T19:57:01+00:00,15.9,32.0,212.6,ADAPTIVE,5.13594166667,3.389
2020-02-19T19:57:05+00:00,16.0,32.0,212.6,ADAPTIVE,5.13949333333,3.3939999999999997
2020-02-19T19:57:09+00:00,16.0,32.0,212.6,ADAPTIVE,5.14304555556,3.3859999999999997
2020-02-19T19:57:13+00:00,16.0,32.0,212.7,ADAPTIVE,5.14658305556,3.384
2020-02-19T19:57:17+00:00,16.0,32.0,212.6,ADAPTIVE,5.15013638889,3.389
2020-02-19T19:57:21+00:00,16.0,32.0,212.7,ADAPTIVE,5.1536733333299996,3.383
2020-02-19T19:57:25+00:00,16.0,32.0,212.7,ADAPTIVE,5.15722694444,3.385
2020-02-19T19:57:29+00:00,16.0,32.0,212.7,ADAPTIVE,5.16076555556,3.389
2020-02-19T19:57:33+00:00,15.9,32.0,212.7,ADAPTIVE,5.16431861111,3.387
2020-02-19T19:57:37+00:00,15.9,32.0,212.7,ADAPTIVE,5.167857499999999,3.3899999999999997
2020-02-19T19:57:41+00:00,15.9,32.0,212.7,ADAPTIVE,5.1714086111099995,3.388
2020-02-19T19:57:45+00:00,15.9,32.0,212.7,ADAPTIVE,5.174945,3.3819999999999997
2020-02-19T19:57:48+00:00,15.9,32.0,212.8,ADAPTIVE,5.178498611109999,3.388
2020-02-19T19:57:52+00:00,16.0,32.0,212.7,ADAPTIVE,5.18205277778,3.391
2020-02-19T19:57:56+00:00,16.0,32.0,212.6,ADAPTIVE,5.18559194444,3.3819999999999997
2020-02-19T19:58:00+00:00,16.0,32.0,212.5,ADAPTIVE,5.18914416667,3.3899999999999997
2020-02-19T19:58:04+00:00,16.0,32.0,212.7,ADAPTIVE,5.19268333333,3.388
2020-02-19T19:58:08+00:00,16.0,32.0,212.6,ADAPTIVE,5.19623666667,3.3859999999999997
2020-02-19T19:58:12+00:00,15.9,32.0,212.7,ADAPTIVE,5.1997736111099995,3.388
2020-02-19T19:58:16+00:00,15.9,32.0,212.7,ADAPTIVE,5.20332805556,3.389
2020-02-19T19:58:20+00:00,15.9,32.0,212.7,ADAPTIVE,5.20686694444,3.392
2020-02-19T19:58:24+00:00,16.0,32.0,212.7,ADAPTIVE,5.21042027778,3.387
2020-02-19T19:58:28+00:00,15.9,32.0,212.7,ADAPTIVE,5.21395777778,3.381
2020-02-19T19:58:32+00:00,15.9,32.0,212.7,ADAPTIVE,5.21751138889,3.388
2020-02-19T19:58:36+00:00,15.9,32.0,212.8,ADAPTIVE,5.22105083333,3.392
2020-02-19T19:58:40+00:00,15.9,32.0,212.7,ADAPTIVE,5.22460666667,3.384
2020-02-19T19:58:44+00:00,15.9,32.0,212.7,ADAPTIVE,5.22814555556,3.389
2020-02-19T19:58:48+00:00,15.9,32.0,212.7,ADAPTIVE,5.23170083333,3.381
2020-02-19T19:58:52+00:00,15.9,32.0,212.6,ADAPTIVE,5.23523833333,3.385
2020-02-19T19:58:55+00:00,15.9,32.0,212.6,ADAPTIVE,5.23879166667,3.377
2020-02-19T19:58:59+00:00,16.0,32.0,212.7,ADAPTIVE,5.24233166667,3.391
2020-02-19T19:59:03+00:00,16.0,32.0,212.7,ADAPTIVE,5.2458849999999995,3.391
2020-02-19T19:59:07+00:00,16.0,32.0,212.8,ADAPTIVE,5.24942472222,3.388
2020-02-19T19:59:11+00:00,16.0,32.0,212.7,ADAPTIVE,5.2529788888899995,3.389
2020-02-19T19:59:15+00:00,16.0,32.0,212.7,ADAPTIVE,5.256517222219999,3.381
2020-02-19T19:59:19+00:00,16.0,32.0,212.8,ADAPTIVE,5.26007055556,3.396
2020-02-19T19:59:23+00:00,16.0,32.0,212.7,ADAPTIVE,5.26361027778,3.3899999999999997
2020-02-19T19:59:27+00:00,15.9,32.0,212.8,ADAPTIVE,5.26715055556,3.3819999999999997
2020-02-19T19:59:31+00:00,15.9,32.0,212.8,ADAPTIVE,5.2707049999999995,3.385
2020-02-19T19:59:35+00:00,16.0,32.0,212.8,ADAPTIVE,5.2742452777799995,3.384
2020-02-19T19:59:39+00:00,16.0,32.0,212.7,ADAPTIVE,5.27779833333,3.383
2020-02-19T19:59:43+00:00,16.0,32.0,212.7,ADAPTIVE,5.28133833333,3.388
2020-02-19T19:59:47+00:00,16.0,32.0,212.8,ADAPTIVE,5.28489277778,3.3899999999999997
2020-02-19T19:59:51+00:00,16.0,32.0,212.8,ADAPTIVE,5.288429444439999,3.391
2020-02-19T19:59:55+00:00,15.9,32.0,212.7,ADAPTIVE,5.2919825,3.3859999999999997
2020-02-19T19:59:58+00:00,15.9,32.0,213.0,ADAPTIVE,5.29552277778,3.387
2020-02-19T20:00:03+00:00,15.9,32.0,212.8,ADAPTIVE,5.2990633333299995,3.3899999999999997
2020-02-19T20:00:06+00:00,15.9,32.0,212.6,ADAPTIVE,5.30261861111,3.3899999999999997
2020-02-19T20:00:10+00:00,15.9,32.0,212.7,ADAPTIVE,5.306159999999999,3.391
2020-02-19T20:00:14+00:00,15.9,32.0,212.9,ADAPTIVE,5.30971472222,3.3859999999999997
2020-02-19T20:00:18+00:00,15.9,32.0,212.8,ADAPTIVE,5.31325666667,3.388
2020-02-19T20:00:22+00:00,15.9,32.0,212.7,ADAPTIVE,5.31681138889,3.385
2020-02-19T20:00:26+00:00,16.0,32.0,212.8,ADAPTIVE,5.32035027778,3.387
2020-02-19T20:00:30+00:00,16.0,32.0,212.8,ADAPTIVE,5.32390555556,3.392
2020-02-19T20:00:34+00:00,16.0,32.0,212.8,ADAPTIVE,5.32744555556,3.383
2020-02-19T20:00:38+00:00,16.0,32.0,212.8,ADAPTIVE,5.3309999999999995,3.387
2020-02-19T20:00:42+00:00,16.0,32.0,212.6,ADAPTIVE,5.334538333329999,3.392
2020-02-19T20:00:46+00:00,16.0,32.0,212.7,ADAPTIVE,5.33809333333,3.3899999999999997
2020-02-19T20:00:50+00:00,15.9,32.0,212.8,ADAPTIVE,5.34163277778,3.379
2020-02-19T20:00:54+00:00,15.9,32.0,212.8,ADAPTIVE,5.3451722222199995,3.383
2020-02-19T20:00:58+00:00,16.0,32.0,212.9,ADAPTIVE,5.34872805556,3.393
2020-02-19T20:01:02+00:00,15.9,32.0,212.8,ADAPTIVE,5.35226777778,3.389
2020-02-19T20:01:06+00:00,15.9,32.0,212.7,ADAPTIVE,5.35582138889,3.3859999999999997
2020-02-19T20:01:09+00:00,16.0,32.0,212.9,ADAPTIVE,5.35936166667,3.391
2020-02-19T20:01:13+00:00,15.9,32.0,212.8,ADAPTIVE,5.362917222219999,3.3859999999999997
2020-02-19T20:01:17+00:00,15.9,32.0,212.8,ADAPTIVE,5.36645583333,3.385
2020-02-19T20:01:21+00:00,16.0,32.0,212.7,ADAPTIVE,5.37001,3.3899999999999997
2020-02-19T20:01:25+00:00,15.9,32.0,212.8,ADAPTIVE,5.3735486111099995,3.381
2020-02-19T20:01:29+00:00,16.0,32.0,212.9,ADAPTIVE,5.377104999999999,3.388
2020-02-19T20:01:33+00:00,16.0,32.0,212.7,ADAPTIVE,5.38064666667,3.392
2020-02-19T20:01:37+00:00,16.0,32.0,212.8,ADAPTIVE,5.384203611109999,3.3899999999999997
2020-02-19T20:01:41+00:00,16.0,32.0,212.7,ADAPTIVE,5.387744444439999,3.3859999999999997
2020-02-19T20:01:45+00:00,16.0,32.0,212.8,ADAPTIVE,5.39129777778,3.393
2020-02-19T20:01:49+00:00,16.0,32.0,212.7,ADAPTIVE,5.39483611111,3.387
2020-02-19T20:01:53+00:00,16.0,32.0,212.9,ADAPTIVE,5.3983913888899995,3.393
2020-02-19T20:01:57+00:00,16.0,32.0,212.7,ADAPTIVE,5.40193333333,3.392
2020-02-19T20:02:01+00:00,15.9,32.0,212.8,ADAPTIVE,5.40547166667,3.385
2020-02-19T20:02:05+00:00,16.0,32.0,212.7,ADAPTIVE,5.40902638889,3.3819999999999997
2020-02-19T20:02:09+00:00,16.0,32.0,213.0,ADAPTIVE,5.41256527778,3.385
2020-02-19T20:02:12+00:00,16.0,32.0,212.9,ADAPTIVE,5.41612083333,3.393
2020-02-19T20:02:16+00:00,15.9,32.0,212.8,ADAPTIVE,5.41966138889,3.387
2020-02-19T20:02:20+00:00,15.9,32.0,212.7,ADAPTIVE,5.42320305556,3.387
2020-02-19T20:02:24+00:00,15.9,32.0,212.7,ADAPTIVE,5.42675527778,3.376
2020-02-19T20:02:28+00:00,16.0,32.0,212.7,ADAPTIVE,5.43029305556,3.392
2020-02-19T20:02:32+00:00,16.0,32.0,212.8,ADAPTIVE,5.433848611109999,3.388
2020-02-19T20:02:36+00:00,16.0,32.0,212.8,ADAPTIVE,5.43738777778,3.3859999999999997
2020-02-19T20:02:40+00:00,16.0,32.0,212.8,ADAPTIVE,5.440944722219999,3.385
2020-02-19T20:02:44+00:00,16.0,32.0,212.7,ADAPTIVE,5.4444824999999994,3.383
2020-02-19T20:02:48+00:00,16.0,32.0,212.7,ADAPTIVE,5.448038611109999,3.384
2020-02-19T20:02:52+00:00,16.0,32.0,212.7,ADAPTIVE,5.45157666667,3.396
2020-02-19T20:02:56+00:00,15.9,32.0,212.8,ADAPTIVE,5.45511638889,3.393
2020-02-19T20:03:00+00:00,15.9,32.0,212.7,ADAPTIVE,5.458668611109999,3.385
2020-02-19T20:03:04+00:00,15.9,32.0,212.8,ADAPTIVE,5.4622083333299996,3.385
2020-02-19T20:03:08+00:00,15.9,32.0,212.8,ADAPTIVE,5.46576388889,3.385
2020-02-19T20:03:12+00:00,16.0,32.0,212.8,ADAPTIVE,5.46930555556,3.392
2020-02-19T20:03:16+00:00,16.0,32.0,212.8,ADAPTIVE,5.47286416667,3.391
2020-02-19T20:03:20+00:00,16.0,32.0,213.0,ADAPTIVE,5.47640722222,3.395
2020-02-19T20:03:23+00:00,16.0,32.0,212.9,ADAPTIVE,5.47996361111,3.389
2020-02-19T20:03:27+00:00,16.0,32.0,212.8,ADAPTIVE,5.48350555556,3.3939999999999997
2020-02-19T20:03:31+00:00,16.0,32.0,212.8,ADAPTIVE,5.48706138889,3.3939999999999997
2020-02-19T20:03:35+00:00,16.0,32.0,212.7,ADAPTIVE,5.49060222222,3.393
2020-02-19T20:03:39+00:00,16.0,32.0,212.9,ADAPTIVE,5.49415805556,3.388
2020-02-19T20:03:43+00:00,16.0,32.0,212.8,ADAPTIVE,5.49769916667,3.387
2020-02-19T20:03:47+00:00,16.0,32.0,212.8,ADAPTIVE,5.50125361111,3.3899999999999997
2020-02-19T20:03:51+00:00,16.0,32.0,212.7,ADAPTIVE,5.5047952777799996,3.392
2020-02-19T20:03:55+00:00,16.0,32.0,212.8,ADAPTIVE,5.50835166667,3.387
2020-02-19T20:03:59+00:00,16.0,32.0,212.7,ADAPTIVE,5.5118916666699995,3.391
2020-02-19T20:04:03+00:00,16.0,32.0,212.7,ADAPTIVE,5.51544666667,3.384
2020-02-19T20:04:07+00:00,16.0,32.0,212.7,ADAPTIVE,5.5189858333299995,3.392
2020-02-19T20:04:11+00:00,15.9,32.0,212.7,ADAPTIVE,5.52253805556,3.385
2020-02-19T20:04:15+00:00,15.9,32.0,212.8,ADAPTIVE,5.52607638889,3.388
2020-02-19T20:04:19+00:00,15.9,32.0,212.8,ADAPTIVE,5.52963333333,3.387
2020-02-19T20:04:23+00:00,16.0,32.0,212.8,ADAPTIVE,5.53318916667,3.389
2020-02-19T20:04:26+00:00,16.0,32.0,212.9,ADAPTIVE,5.53672972222,3.3939999999999997
2020-02-19T20:04:30+00:00,16.0,32.0,212.7,ADAPTIVE,5.540285,3.393
2020-02-19T20:04:34+00:00,16.0,32.0,212.9,ADAPTIVE,5.54382333333,3.4019999999999997
2020-02-19T20:04:38+00:00,16.0,32.0,212.7,ADAPTIVE,5.54737916667,3.395
2020-02-19T20:04:42+00:00,16.0,32.0,212.8,ADAPTIVE,5.55091888889,3.391
2020-02-19T20:04:46+00:00,16.0,32.0,212.8,ADAPTIVE,5.5544741666699995,3.395
2020-02-19T20:04:50+00:00,16.0,32.0,212.8,ADAPTIVE,5.55801416667,3.397
2020-02-19T20:04:54+00:00,15.9,32.0,212.7,ADAPTIVE,5.561570833329999,3.392
2020-02-19T20:04:58+00:00,15.9,32.0,212.8,ADAPTIVE,5.56511,3.3859999999999997
2020-02-19T20:05:02+00:00,16.0,32.0,212.7,ADAPTIVE,5.56866305556,3.389
2020-02-19T20:05:06+00:00,16.0,32.0,213.0,ADAPTIVE,5.57221527778,3.391
2020-02-19T20:05:10+00:00,16.0,32.0,212.8,ADAPTIVE,5.575755,3.392
2020-02-19T20:05:14+00:00,16.0,32.0,212.9,ADAPTIVE,5.57931111111,3.3819999999999997
2020-02-19T20:05:18+00:00,16.0,32.0,212.9,ADAPTIVE,5.58285,3.3859999999999997
2020-02-19T20:05:22+00:00,16.0,32.0,212.9,ADAPTIVE,5.58640666667,3.3899999999999997
2020-02-19T20:05:26+00:00,16.0,32.0,212.7,ADAPTIVE,5.5899444444399995,3.397
2020-02-19T20:05:30+00:00,16.0,32.0,212.8,ADAPTIVE,5.59349916667,3.393
2020-02-19T20:05:34+00:00,15.9,32.0,212.8,ADAPTIVE,5.59703916667,3.388
2020-02-19T20:05:37+00:00,15.9,32.0,212.7,ADAPTIVE,5.60059388889,3.388
2020-02-19T20:05:41+00:00,16.0,32.0,212.7,ADAPTIVE,5.604146944439999,3.396
2020-02-19T20:05:45+00:00,16.0,32.0,212.9,ADAPTIVE,5.60768611111,3.393
2020-02-19T20:05:49+00:00,16.0,32.0,212.9,ADAPTIVE,5.61124361111,3.401
2020-02-19T20:05:53+00:00,16.0,32.0,212.9,ADAPTIVE,5.61478388889,3.395
2020-02-19T20:05:57+00:00,16.0,32.0,212.9,ADAPTIVE,5.61834055556,3.392
2020-02-19T20:06:01+00:00,16.0,32.0,212.7,ADAPTIVE,5.62188083333,3.393
2020-02-19T20:06:05+00:00,16.0,32.0,212.8,ADAPTIVE,5.625433333329999,3.391
2020-02-19T20:06:09+00:00,16.0,32.0,212.7,ADAPTIVE,5.62897277778,3.388
2020-02-19T20:06:13+00:00,16.0,32.0,212.8,ADAPTIVE,5.63252666667,3.3899999999999997
2020-02-19T20:06:17+00:00,16.0,32.0,212.7,ADAPTIVE,5.6360672222199995,3.385
2020-02-19T20:06:21+00:00,16.0,32.0,212.7,ADAPTIVE,5.639618888889999,3.384
2020-02-19T20:06:25+00:00,16.0,32.0,212.7,ADAPTIVE,5.64315777778,3.381
2020-02-19T20:06:29+00:00,15.9,32.0,212.7,ADAPTIVE,5.646710833329999,3.377
2020-02-19T20:06:33+00:00,16.0,32.0,212.7,ADAPTIVE,5.65024722222,3.399
2020-02-19T20:06:37+00:00,15.9,32.0,212.8,ADAPTIVE,5.65379972222,3.3819999999999997
2020-02-19T20:06:40+00:00,16.0,32.0,212.9,ADAPTIVE,5.65733805556,3.393
2020-02-19T20:06:44+00:00,15.9,32.0,212.8,ADAPTIVE,5.66089361111,3.379
2020-02-19T20:06:48+00:00,16.0,32.0,212.7,ADAPTIVE,5.66443277778,3.393
2020-02-19T20:06:52+00:00,16.0,32.0,212.7,ADAPTIVE,5.667986944439999,3.392
2020-02-19T20:06:56+00:00,16.0,32.0,212.7,ADAPTIVE,5.6715283333299995,3.389
2020-02-19T20:07:00+00:00,16.0,32.0,212.8,ADAPTIVE,5.67508277778,3.4
2020-02-19T20:07:04+00:00,16.0,32.0,212.7,ADAPTIVE,5.67862527778,3.391
2020-02-19T20:07:08+00:00,16.0,32.0,212.7,ADAPTIVE,5.68217805556,3.381
2020-02-19T20:07:12+00:00,16.0,32.0,212.7,ADAPTIVE,5.68571527778,3.3939999999999997
2020-02-19T20:07:16+00:00,16.0,32.0,212.8,ADAPTIVE,5.68926944444,3.387
2020-02-19T20:07:20+00:00,16.0,32.0,212.7,ADAPTIVE,5.69280916667,3.389
2020-02-19T20:07:24+00:00,16.0,32.0,212.7,ADAPTIVE,5.6963619444399995,3.387
2020-02-19T20:07:28+00:00,16.0,32.0,212.6,ADAPTIVE,5.69989888889,3.392
2020-02-19T20:07:32+00:00,16.0,32.0,212.7,ADAPTIVE,5.70345027778,3.391
2020-02-19T20:07:36+00:00,15.9,32.0,212.6,ADAPTIVE,5.70698861111,3.3819999999999997
2020-02-19T20:07:40+00:00,15.9,32.0,212.7,ADAPTIVE,5.71053972222,3.381
2020-02-19T20:07:44+00:00,15.9,32.0,212.7,ADAPTIVE,5.714074999999999,3.38
2020-02-19T20:07:48+00:00,16.0,32.0,212.5,ADAPTIVE,5.7176275,3.385
2020-02-19T20:07:51+00:00,15.9,32.0,212.7,ADAPTIVE,5.7211663888899995,3.3819999999999997
2020-02-19T20:07:55+00:00,15.9,32.0,212.7,ADAPTIVE,5.72471666667,3.387
2020-02-19T20:07:59+00:00,16.0,32.0,212.7,ADAPTIVE,5.728254444439999,3.385
2020-02-19T20:08:03+00:00,16.0,32.0,212.7,ADAPTIVE,5.731805,3.3859999999999997
2020-02-19T20:08:07+00:00,16.0,32.0,212.6,ADAPTIVE,5.735339444439999,3.385
2020-02-19T20:08:11+00:00,15.9,32.0,212.7,ADAPTIVE,5.73887388889,3.3819999999999997
2020-02-19T20:08:15+00:00,16.0,32.0,212.7,ADAPTIVE,5.742426944439999,3.387
2020-02-19T20:08:19+00:00,16.0,32.0,212.7,ADAPTIVE,5.74596305556,3.3899999999999997
2020-02-19T20:08:23+00:00,15.9,32.0,212.6,ADAPTIVE,5.74950138889,3.385
2020-02-19T20:08:27+00:00,16.0,32.0,212.7,ADAPTIVE,5.753051944439999,3.379
2020-02-19T20:08:31+00:00,16.0,32.0,212.7,ADAPTIVE,5.7565891666699995,3.3899999999999997
2020-02-19T20:08:35+00:00,15.9,32.0,212.7,ADAPTIVE,5.76012916667,3.388
2020-02-19T20:08:39+00:00,15.9,32.0,212.8,ADAPTIVE,5.76367916667,3.38
2020-02-19T20:08:43+00:00,16.0,32.0,212.7,ADAPTIVE,5.76721611111,3.391
2020-02-19T20:08:47+00:00,16.0,32.0,212.7,ADAPTIVE,5.77077361111,3.381
2020-02-19T20:08:51+00:00,16.0,32.0,212.7,ADAPTIVE,5.77431055556,3.391
2020-02-19T20:08:54+00:00,15.9,32.0,212.9,ADAPTIVE,5.77784777778,3.384
2020-02-19T20:08:58+00:00,16.0,32.0,212.7,ADAPTIVE,5.78140111111,3.392
2020-02-19T20:09:02+00:00,16.0,32.0,212.7,ADAPTIVE,5.78494,3.385
2020-02-19T20:09:06+00:00,16.0,32.0,212.8,ADAPTIVE,5.78849388889,3.391
2020-02-19T20:09:10+00:00,16.0,32.0,212.7,ADAPTIVE,5.7920324999999995,3.3779999999999997
2020-02-19T20:09:14+00:00,16.0,32.0,212.8,ADAPTIVE,5.79558527778,3.3739999999999997
2020-02-19T20:09:18+00:00,16.0,32.0,212.9,ADAPTIVE,5.7991241666699995,3.3899999999999997
2020-02-19T20:09:22+00:00,16.0,32.0,212.7,ADAPTIVE,5.802680833329999,3.385
2020-02-19T20:09:26+00:00,16.0,32.0,212.7,ADAPTIVE,5.806220833329999,3.387
2020-02-19T20:09:30+00:00,16.0,32.0,212.8,ADAPTIVE,5.809774722219999,3.393
2020-02-19T20:09:34+00:00,16.0,32.0,212.8,ADAPTIVE,5.81331555556,3.375
2020-02-19T20:09:38+00:00,16.0,32.0,212.7,ADAPTIVE,5.81686972222,3.387
2020-02-19T20:09:42+00:00,16.0,32.0,212.7,ADAPTIVE,5.82041055556,3.3899999999999997
2020-02-19T20:09:46+00:00,16.0,32.0,212.7,ADAPTIVE,5.82396388889,3.3899999999999997
2020-02-19T20:09:50+00:00,15.9,32.0,212.8,ADAPTIVE,5.82750416667,3.388
2020-02-19T20:09:54+00:00,15.9,32.0,212.7,ADAPTIVE,5.831045,3.381
2020-02-19T20:09:58+00:00,16.0,32.0,212.7,ADAPTIVE,5.83459611111,3.393
2020-02-19T20:10:01+00:00,16.0,32.0,212.7,ADAPTIVE,5.83813527778,3.388
2020-02-19T20:10:05+00:00,16.0,32.0,212.7,ADAPTIVE,5.841686944439999,3.384
2020-02-19T20:10:09+00:00,16.0,32.0,212.7,ADAPTIVE,5.84522583333,3.3899999999999997
2020-02-19T20:10:13+00:00,16.0,32.0,212.7,ADAPTIVE,5.8487775,3.384
2020-02-19T20:10:17+00:00,16.0,32.0,212.6,ADAPTIVE,5.852316944439999,3.388
2020-02-19T20:10:21+00:00,16.0,32.0,212.4,ADAPTIVE,5.85586916667,3.388
2020-02-19T20:10:25+00:00,16.0,32.0,212.7,ADAPTIVE,5.85940694444,3.3899999999999997
2020-02-19T20:10:29+00:00,15.9,32.0,212.6,ADAPTIVE,5.86294416667,3.384
2020-02-19T20:10:33+00:00,15.9,32.0,212.6,ADAPTIVE,5.8664952777799995,3.385
2020-02-19T20:10:37+00:00,15.9,32.0,212.6,ADAPTIVE,5.8700330555599995,3.381
2020-02-19T20:10:41+00:00,15.9,32.0,212.7,ADAPTIVE,5.87358527778,3.385
2020-02-19T20:10:45+00:00,15.9,32.0,212.6,ADAPTIVE,5.87712222222,3.383
2020-02-19T20:10:49+00:00,15.9,32.0,212.7,ADAPTIVE,5.880674444439999,3.3779999999999997
2020-02-19T20:10:53+00:00,15.9,32.0,212.6,ADAPTIVE,5.88421055556,3.387
2020-02-19T20:10:57+00:00,15.9,32.0,212.6,ADAPTIVE,5.88776,3.376
2020-02-19T20:11:01+00:00,16.0,32.0,212.5,ADAPTIVE,5.8913125,3.388
2020-02-19T20:11:05+00:00,15.9,32.0,212.5,ADAPTIVE,5.89485027778,3.3779999999999997
2020-02-19T20:11:08+00:00,16.0,32.0,212.5,ADAPTIVE,5.89839888889,3.388
2020-02-19T20:11:13+00:00,16.0,32.0,212.7,ADAPTIVE,5.90193361111,3.388
2020-02-19T20:11:16+00:00,16.0,32.0,212.4,ADAPTIVE,5.90548416667,3.384
2020-02-19T20:11:20+00:00,16.0,32.0,212.5,ADAPTIVE,5.909017222219999,3.384
2020-02-19T20:11:24+00:00,16.0,32.0,212.6,ADAPTIVE,5.912566944439999,3.3819999999999997
2020-02-19T20:11:28+00:00,16.0,32.0,212.5,ADAPTIVE,5.91610055556,3.384
2020-02-19T20:11:32+00:00,15.9,32.0,212.4,ADAPTIVE,5.91965,3.38
2020-02-19T20:11:36+00:00,15.9,32.0,212.5,ADAPTIVE,5.92318388889,3.384
2020-02-19T20:11:40+00:00,15.9,32.0,212.5,ADAPTIVE,5.9267177777799995,3.3819999999999997
2020-02-19T20:11:44+00:00,16.0,32.0,212.6,ADAPTIVE,5.93026694444,3.38
2020-02-19T20:11:48+00:00,16.0,32.0,212.6,ADAPTIVE,5.9338027777799995,3.3819999999999997
2020-02-19T20:11:52+00:00,16.0,32.0,212.6,ADAPTIVE,5.9373544444399995,3.384
2020-02-19T20:11:56+00:00,15.9,32.0,212.6,ADAPTIVE,5.94089055556,3.383
2020-02-19T20:12:00+00:00,16.0,32.0,212.6,ADAPTIVE,5.9444280555599995,3.391
2020-02-19T20:12:04+00:00,16.0,32.0,212.5,ADAPTIVE,5.94797944444,3.391
2020-02-19T20:12:08+00:00,16.0,32.0,212.5,ADAPTIVE,5.9515175,3.3899999999999997
2020-02-19T20:12:12+00:00,15.9,32.0,212.7,ADAPTIVE,5.955053611109999,3.379
2020-02-19T20:12:15+00:00,16.0,32.0,212.7,ADAPTIVE,5.95860555556,3.389
2020-02-19T20:12:19+00:00,16.0,32.0,212.5,ADAPTIVE,5.962143333329999,3.387
2020-02-19T20:12:23+00:00,16.0,32.0,212.7,ADAPTIVE,5.965694722219999,3.388
2020-02-19T20:12:27+00:00,16.0,32.0,212.5,ADAPTIVE,5.9692347222199995,3.393
2020-02-19T20:12:31+00:00,15.9,32.0,212.7,ADAPTIVE,5.972770833329999,3.3819999999999997
2020-02-19T20:12:35+00:00,15.9,32.0,212.6,ADAPTIVE,5.9763241666699995,3.376
2020-02-19T20:12:39+00:00,16.0,32.0,212.7,ADAPTIVE,5.9798622222199995,3.383
2020-02-19T20:12:43+00:00,16.0,32.0,212.7,ADAPTIVE,5.98341472222,3.3859999999999997
2020-02-19T20:12:47+00:00,15.9,32.0,212.7,ADAPTIVE,5.9869519444399995,3.3859999999999997
2020-02-19T20:12:51+00:00,16.0,32.0,212.7,ADAPTIVE,5.99048888889,3.385
2020-02-19T20:12:55+00:00,16.0,32.0,212.7,ADAPTIVE,5.99404277778,3.384
2020-02-19T20:12:59+00:00,16.0,32.0,212.7,ADAPTIVE,5.99757861111,3.3819999999999997
2020-02-19T20:13:03+00:00,15.9,32.0,212.7,ADAPTIVE,6.001115833329999,3.3859999999999997
2020-02-19T20:13:07+00:00,16.0,32.0,212.7,ADAPTIVE,6.00466805556,3.389
2020-02-19T20:13:11+00:00,16.0,32.0,212.7,ADAPTIVE,6.00820833333,3.3859999999999997
2020-02-19T20:13:15+00:00,15.9,32.0,212.7,ADAPTIVE,6.01174694444,3.381
2020-02-19T20:13:19+00:00,16.0,32.0,212.7,ADAPTIVE,6.01529916667,3.391
2020-02-19T20:13:22+00:00,16.0,32.0,212.7,ADAPTIVE,6.01883777778,3.389
2020-02-19T20:13:26+00:00,16.0,32.0,212.8,ADAPTIVE,6.0223927777799995,3.397
2020-02-19T20:13:30+00:00,15.9,32.0,212.7,ADAPTIVE,6.02593138889,3.385
2020-02-19T20:13:34+00:00,16.0,32.0,212.7,ADAPTIVE,6.02946777778,3.383
2020-02-19T20:13:38+00:00,16.0,32.0,212.7,ADAPTIVE,6.03302138889,3.384
2020-02-19T20:13:42+00:00,15.9,32.0,212.7,ADAPTIVE,6.0365583333299995,3.383
2020-02-19T20:13:46+00:00,15.9,32.0,212.7,ADAPTIVE,6.040094444439999,3.384
2020-02-19T20:13:50+00:00,16.0,32.0,212.7,ADAPTIVE,6.04364722222,3.381
2020-02-19T20:13:54+00:00,16.0,32.0,212.7,ADAPTIVE,6.04718722222,3.388
2020-02-19T20:13:58+00:00,15.9,32.0,212.7,ADAPTIVE,6.05072416667,3.38
2020-02-19T20:14:02+00:00,15.9,32.0,212.7,ADAPTIVE,6.05427444444,3.381
2020-02-19T20:14:06+00:00,16.0,32.0,212.7,ADAPTIVE,6.057809444439999,3.387
2020-02-19T20:14:10+00:00,15.9,32.0,212.6,ADAPTIVE,6.06136111111,3.3819999999999997
2020-02-19T20:14:14+00:00,15.9,32.0,212.7,ADAPTIVE,6.06489666667,3.381
2020-02-19T20:14:18+00:00,16.0,32.0,212.7,ADAPTIVE,6.068432222219999,3.385
2020-02-19T20:14:22+00:00,16.0,32.0,212.5,ADAPTIVE,6.0719811111099995,3.3819999999999997
2020-02-19T20:14:26+00:00,15.9,32.0,212.6,ADAPTIVE,6.075514722219999,3.381
2020-02-19T20:14:29+00:00,15.9,32.0,212.6,ADAPTIVE,6.07905,3.3819999999999997
2020-02-19T20:14:33+00:00,16.0,32.0,212.7,ADAPTIVE,6.08260138889,3.392
2020-02-19T20:14:37+00:00,16.0,32.0,212.7,ADAPTIVE,6.08613722222,3.387
2020-02-19T20:14:41+00:00,16.0,32.0,212.7,ADAPTIVE,6.0896891666699995,3.383
2020-02-19T20:14:45+00:00,16.0,32.0,212.7,ADAPTIVE,6.09322388889,3.393
2020-02-19T20:14:49+00:00,16.0,32.0,212.7,ADAPTIVE,6.09676055556,3.395
2020-02-19T20:14:53+00:00,16.0,32.0,212.8,ADAPTIVE,6.10031305556,3.397
2020-02-19T20:14:57+00:00,16.0,32.0,212.9,ADAPTIVE,6.1038524999999995,3.3899999999999997
2020-02-19T20:15:01+00:00,16.0,32.0,212.8,ADAPTIVE,6.10740777778,3.3899999999999997
2020-02-19T20:15:05+00:00,15.9,32.0,212.9,ADAPTIVE,6.1109475,3.393
2020-02-19T20:15:09+00:00,16.0,32.0,212.7,ADAPTIVE,6.11448527778,3.391
2020-02-19T20:15:13+00:00,16.0,32.0,212.8,ADAPTIVE,6.11804166667,3.391
2020-02-19T20:15:17+00:00,15.9,32.0,212.7,ADAPTIVE,6.12157972222,3.379
2020-02-19T20:15:21+00:00,15.9,32.0,212.7,ADAPTIVE,6.12511805556,3.383
2020-02-19T20:15:25+00:00,16.0,32.0,212.7,ADAPTIVE,6.12867138889,3.383
2020-02-19T20:15:29+00:00,16.0,32.0,212.5,ADAPTIVE,6.13221,3.389
2020-02-19T20:15:33+00:00,16.0,32.0,212.7,ADAPTIVE,6.13576277778,3.384
2020-02-19T20:15:36+00:00,15.9,32.0,212.7,ADAPTIVE,6.13930055556,3.3779999999999997
2020-02-19T20:15:40+00:00,15.9,32.0,212.7,ADAPTIVE,6.14283555556,3.387
2020-02-19T20:15:44+00:00,16.0,32.0,212.7,ADAPTIVE,6.146388333329999,3.379
2020-02-19T20:15:48+00:00,16.0,32.0,212.9,ADAPTIVE,6.14992694444,3.387
2020-02-19T20:15:52+00:00,16.0,32.0,212.7,ADAPTIVE,6.15348027778,3.3859999999999997
2020-02-19T20:15:56+00:00,16.0,32.0,212.9,ADAPTIVE,6.15702111111,3.3859999999999997
2020-02-19T20:16:00+00:00,15.9,32.0,212.9,ADAPTIVE,6.1605597222199995,3.3859999999999997
2020-02-19T20:16:04+00:00,15.9,32.0,212.9,ADAPTIVE,6.1641133333299996,3.387
2020-02-19T20:16:08+00:00,16.0,32.0,212.8,ADAPTIVE,6.16765111111,3.388
2020-02-19T20:16:12+00:00,16.0,32.0,212.9,ADAPTIVE,6.17120472222,3.387
2020-02-19T20:16:16+00:00,16.0,32.0,212.8,ADAPTIVE,6.174744444439999,3.392
2020-02-19T20:16:20+00:00,16.0,32.0,212.9,ADAPTIVE,6.17828416667,3.3939999999999997
2020-02-19T20:16:24+00:00,16.0,32.0,212.9,ADAPTIVE,6.1818394444399996,3.396
2020-02-19T20:16:28+00:00,16.0,32.0,212.9,ADAPTIVE,6.18537888889,3.3899999999999997
2020-02-19T20:16:32+00:00,16.0,32.0,212.8,ADAPTIVE,6.1889336111099995,3.3819999999999997
2020-02-19T20:16:36+00:00,16.0,32.0,212.8,ADAPTIVE,6.1924725,3.3859999999999997
2020-02-19T20:16:40+00:00,15.9,32.0,212.7,ADAPTIVE,6.19602638889,3.3819999999999997
2020-02-19T20:16:43+00:00,15.9,32.0,212.7,ADAPTIVE,6.199563611109999,3.385
2020-02-19T20:16:47+00:00,16.0,32.0,212.9,ADAPTIVE,6.203103888889999,3.397
2020-02-19T20:16:51+00:00,16.0,32.0,212.7,ADAPTIVE,6.2066597222199995,3.389
2020-02-19T20:16:55+00:00,16.0,32.0,212.9,ADAPTIVE,6.21019944444,3.389
2020-02-19T20:16:59+00:00,16.0,32.0,212.9,ADAPTIVE,6.2137561111099995,3.391
2020-02-19T20:17:03+00:00,16.0,32.0,212.9,ADAPTIVE,6.21729777778,3.3979999999999997
2020-02-19T20:17:07+00:00,15.9,32.0,212.8,ADAPTIVE,6.22083805556,3.384
2020-02-19T20:17:11+00:00,15.9,32.0,212.9,ADAPTIVE,6.224392777779999,3.381
2020-02-19T20:17:15+00:00,16.0,32.0,212.9,ADAPTIVE,6.22793472222,3.389
2020-02-19T20:17:19+00:00,16.0,32.0,212.9,ADAPTIVE,6.23149,3.388
2020-02-19T20:17:23+00:00,16.0,32.0,212.9,ADAPTIVE,6.23503,3.392
2020-02-19T20:17:27+00:00,16.0,32.0,212.8,ADAPTIVE,6.23858916667,3.393
2020-02-19T20:17:31+00:00,15.9,32.0,212.7,ADAPTIVE,6.2421299999999995,3.3779999999999997
2020-02-19T20:17:35+00:00,15.9,32.0,212.9,ADAPTIVE,6.24566805556,3.3819999999999997
2020-02-19T20:17:39+00:00,16.0,32.0,212.7,ADAPTIVE,6.24922388889,3.392
2020-02-19T20:17:43+00:00,16.0,32.0,212.9,ADAPTIVE,6.25276388889,3.3859999999999997
2020-02-19T20:17:47+00:00,15.9,32.0,212.9,ADAPTIVE,6.256316944439999,3.3739999999999997
2020-02-19T20:17:50+00:00,15.9,32.0,212.7,ADAPTIVE,6.259854444439999,3.3819999999999997
2020-02-19T20:17:54+00:00,16.0,32.0,212.9,ADAPTIVE,6.263394444439999,3.3819999999999997
2020-02-19T20:17:58+00:00,16.0,32.0,212.9,ADAPTIVE,6.26694916667,3.383
2020-02-19T20:18:02+00:00,16.0,32.0,212.9,ADAPTIVE,6.27048888889,3.388
2020-02-19T20:18:06+00:00,16.0,32.0,212.9,ADAPTIVE,6.27404666667,3.389
2020-02-19T20:18:10+00:00,15.9,32.0,212.8,ADAPTIVE,6.27758777778,3.384
2020-02-19T20:18:14+00:00,15.9,32.0,212.9,ADAPTIVE,6.28112861111,3.3939999999999997
2020-02-19T20:18:18+00:00,16.0,32.0,212.9,ADAPTIVE,6.28468555556,3.3859999999999997
2020-02-19T20:18:22+00:00,16.0,32.0,212.9,ADAPTIVE,6.28822694444,3.395
2020-02-19T20:18:26+00:00,16.0,32.0,212.9,ADAPTIVE,6.291785,3.3899999999999997
2020-02-19T20:18:30+00:00,16.0,32.0,212.8,ADAPTIVE,6.295326944439999,3.387
2020-02-19T20:18:34+00:00,16.0,32.0,212.9,ADAPTIVE,6.29887944444,3.393
2020-02-19T20:18:38+00:00,16.0,32.0,212.8,ADAPTIVE,6.30242,3.392
2020-02-19T20:18:42+00:00,15.9,32.0,212.9,ADAPTIVE,6.3059775,3.388
2020-02-19T20:18:46+00:00,16.0,32.0,212.8,ADAPTIVE,6.309519722219999,3.4059999999999997
2020-02-19T20:18:50+00:00,15.9,32.0,212.8,ADAPTIVE,6.31306027778,3.388
2020-02-19T20:18:54+00:00,15.9,32.0,212.9,ADAPTIVE,6.31661444444,3.387
2020-02-19T20:18:57+00:00,15.9,32.0,213.0,ADAPTIVE,6.32015694444,3.3899999999999997
2020-02-19T20:19:01+00:00,16.0,32.0,212.9,ADAPTIVE,6.323712222219999,3.389
2020-02-19T20:19:05+00:00,16.0,32.0,212.9,ADAPTIVE,6.32725361111,3.387
2020-02-19T20:19:09+00:00,16.0,32.0,212.8,ADAPTIVE,6.3308102777799995,3.385
2020-02-19T20:19:13+00:00,16.0,32.0,212.9,ADAPTIVE,6.334350833329999,3.3899999999999997
2020-02-19T20:19:17+00:00,16.0,32.0,212.9,ADAPTIVE,6.337907222219999,3.392
2020-02-19T20:19:21+00:00,16.0,32.0,212.9,ADAPTIVE,6.34144638889,3.393
2020-02-19T20:19:25+00:00,16.0,32.0,212.9,ADAPTIVE,6.34500138889,3.391
2020-02-19T20:19:29+00:00,16.0,32.0,212.9,ADAPTIVE,6.348543611109999,3.393
2020-02-19T20:19:33+00:00,16.0,32.0,212.9,ADAPTIVE,6.35209861111,3.3819999999999997
2020-02-19T20:19:37+00:00,16.0,32.0,212.9,ADAPTIVE,6.35563916667,3.3899999999999997
2020-02-19T20:19:41+00:00,16.0,32.0,212.9,ADAPTIVE,6.35919638889,3.396
2020-02-19T20:19:45+00:00,16.0,32.0,213.0,ADAPTIVE,6.36273916667,3.384
2020-02-19T20:19:49+00:00,16.0,32.0,212.9,ADAPTIVE,6.36629583333,3.391
2020-02-19T20:19:53+00:00,16.0,32.0,213.1,ADAPTIVE,6.369837222219999,3.3939999999999997
2020-02-19T20:19:57+00:00,15.9,32.0,212.9,ADAPTIVE,6.37339555556,3.3899999999999997
2020-02-19T20:20:01+00:00,16.0,32.0,212.9,ADAPTIVE,6.37695083333,3.3939999999999997
2020-02-19T20:20:04+00:00,16.0,32.0,212.8,ADAPTIVE,6.3804913888899994,3.3899999999999997
2020-02-19T20:20:08+00:00,16.0,32.0,212.8,ADAPTIVE,6.38404777778,3.385
2020-02-19T20:20:12+00:00,16.0,32.0,212.8,ADAPTIVE,6.387585833329999,3.387
2020-02-19T20:20:16+00:00,16.0,32.0,212.9,ADAPTIVE,6.39114,3.3939999999999997
2020-02-19T20:20:20+00:00,16.0,32.0,212.8,ADAPTIVE,6.394679722219999,3.385
2020-02-19T20:20:24+00:00,16.0,32.0,212.9,ADAPTIVE,6.39823638889,3.393
2020-02-19T20:20:28+00:00,16.0,32.0,212.9,ADAPTIVE,6.401778333329999,3.3859999999999997
2020-02-19T20:20:32+00:00,16.0,32.0,212.9,ADAPTIVE,6.40533416667,3.396
2020-02-19T20:20:36+00:00,15.9,32.0,212.8,ADAPTIVE,6.408874722219999,3.385
2020-02-19T20:20:40+00:00,16.0,32.0,212.9,ADAPTIVE,6.41243194444,3.391
2020-02-19T20:20:44+00:00,15.9,32.0,212.8,ADAPTIVE,6.4159725,3.389
2020-02-19T20:20:48+00:00,15.9,32.0,212.8,ADAPTIVE,6.419527222219999,3.384
2020-02-19T20:20:52+00:00,15.9,32.0,212.8,ADAPTIVE,6.42306666667,3.3859999999999997
2020-02-19T20:20:56+00:00,15.9,32.0,212.8,ADAPTIVE,6.426621111109999,3.391
2020-02-19T20:21:00+00:00,15.9,32.0,212.9,ADAPTIVE,6.43016055556,3.384
2020-02-19T20:21:04+00:00,15.9,32.0,212.9,ADAPTIVE,6.4337169444399995,3.393
2020-02-19T20:21:08+00:00,16.0,32.0,212.8,ADAPTIVE,6.43725833333,3.3939999999999997
2020-02-19T20:21:11+00:00,15.9,32.0,212.9,ADAPTIVE,6.44081222222,3.385
2020-02-19T20:21:15+00:00,15.9,32.0,212.8,ADAPTIVE,6.44435277778,3.3859999999999997
2020-02-19T20:21:19+00:00,15.9,32.0,212.9,ADAPTIVE,6.44790777778,3.395
2020-02-19T20:21:23+00:00,15.9,32.0,212.9,ADAPTIVE,6.45144555556,3.3859999999999997
2020-02-19T20:21:27+00:00,16.0,32.0,212.8,ADAPTIVE,6.4549991666699995,3.388
2020-02-19T20:21:31+00:00,16.0,32.0,212.9,ADAPTIVE,6.45853444444,3.388
2020-02-19T20:21:35+00:00,16.0,32.0,212.8,ADAPTIVE,6.46208916667,3.384
2020-02-19T20:21:39+00:00,16.0,32.0,212.8,ADAPTIVE,6.4656275,3.387
2020-02-19T20:21:43+00:00,16.0,32.0,212.9,ADAPTIVE,6.46918194444,3.393
2020-02-19T20:21:47+00:00,16.0,32.0,212.9,ADAPTIVE,6.47272277778,3.392
2020-02-19T20:21:51+00:00,16.0,32.0,212.8,ADAPTIVE,6.476279444439999,3.3939999999999997
2020-02-19T20:21:55+00:00,16.0,32.0,212.9,ADAPTIVE,6.479822222219999,3.387
2020-02-19T20:21:59+00:00,15.9,32.0,212.8,ADAPTIVE,6.48337666667,3.383
2020-02-19T20:22:03+00:00,16.0,32.0,212.9,ADAPTIVE,6.486915833329999,3.3979999999999997
2020-02-19T20:22:07+00:00,15.9,32.0,212.8,ADAPTIVE,6.49045472222,3.389
2020-02-19T20:22:11+00:00,15.9,32.0,212.9,ADAPTIVE,6.49401055556,3.3899999999999997
2020-02-19T20:22:15+00:00,15.9,32.0,212.9,ADAPTIVE,6.49755111111,3.388
2020-02-19T20:22:18+00:00,16.0,32.0,212.9,ADAPTIVE,6.50110805556,3.399
2020-02-19T20:22:22+00:00,15.9,32.0,212.8,ADAPTIVE,6.5046486111099995,3.385
2020-02-19T20:22:26+00:00,15.9,32.0,212.9,ADAPTIVE,6.50820361111,3.3899999999999997
2020-02-19T20:22:30+00:00,15.9,32.0,212.9,ADAPTIVE,6.51174416667,3.389
2020-02-19T20:22:34+00:00,16.0,32.0,212.9,ADAPTIVE,6.51529916667,3.3899999999999997
2020-02-19T20:22:38+00:00,16.0,32.0,212.9,ADAPTIVE,6.51883861111,3.3859999999999997
2020-02-19T20:22:42+00:00,16.0,32.0,212.7,ADAPTIVE,6.5223949999999995,3.38
2020-02-19T20:22:46+00:00,16.0,32.0,212.9,ADAPTIVE,6.52593388889,3.389
2020-02-19T20:22:50+00:00,16.0,32.0,212.8,ADAPTIVE,6.529486944439999,3.381
2020-02-19T20:22:54+00:00,16.0,32.0,212.9,ADAPTIVE,6.5330269444399995,3.393
2020-02-19T20:22:58+00:00,16.0,32.0,212.8,ADAPTIVE,6.53658138889,3.389
2020-02-19T20:23:02+00:00,16.0,32.0,212.8,ADAPTIVE,6.540121944439999,3.384
2020-02-19T20:23:06+00:00,16.0,32.0,212.9,ADAPTIVE,6.543677499999999,3.3939999999999997
2020-02-19T20:23:10+00:00,16.0,32.0,212.9,ADAPTIVE,6.54721722222,3.389
2020-02-19T20:23:14+00:00,16.0,32.0,212.9,ADAPTIVE,6.550769444439999,3.388
2020-02-19T20:23:18+00:00,16.0,32.0,212.9,ADAPTIVE,6.55430777778,3.387
2020-02-19T20:23:22+00:00,16.0,32.0,212.8,ADAPTIVE,6.55786388889,3.387
2020-02-19T20:23:25+00:00,15.9,32.0,212.8,ADAPTIVE,6.56140222222,3.388
2020-02-19T20:23:29+00:00,16.0,32.0,212.9,ADAPTIVE,6.5649569444399996,3.3939999999999997
2020-02-19T20:23:33+00:00,15.9,32.0,212.8,ADAPTIVE,6.56849694444,3.387
2020-02-19T20:23:37+00:00,15.9,32.0,212.7,ADAPTIVE,6.5720511111099995,3.3859999999999997
2020-02-19T20:23:41+00:00,16.0,32.0,212.8,ADAPTIVE,6.57559027778,3.3899999999999997
2020-02-19T20:23:45+00:00,16.0,32.0,212.7,ADAPTIVE,6.57914305556,3.387
2020-02-19T20:23:49+00:00,15.9,32.0,212.8,ADAPTIVE,6.582681388889999,3.3779999999999997
2020-02-19T20:23:53+00:00,16.0,32.0,212.8,ADAPTIVE,6.58623666667,3.389
2020-02-19T20:23:57+00:00,16.0,32.0,212.9,ADAPTIVE,6.58977611111,3.385
2020-02-19T20:24:01+00:00,16.0,32.0,212.8,ADAPTIVE,6.59332972222,3.385
2020-02-19T20:24:05+00:00,15.9,32.0,212.9,ADAPTIVE,6.596869444439999,3.388
2020-02-19T20:24:09+00:00,15.9,32.0,212.7,ADAPTIVE,6.60040888889,3.391
2020-02-19T20:24:13+00:00,15.9,32.0,212.9,ADAPTIVE,6.60396138889,3.3859999999999997
2020-02-19T20:24:17+00:00,16.0,32.0,212.7,ADAPTIVE,6.60750083333,3.392
2020-02-19T20:24:21+00:00,16.0,32.0,212.9,ADAPTIVE,6.61105777778,3.389
2020-02-19T20:24:25+00:00,15.9,32.0,212.9,ADAPTIVE,6.61459777778,3.395
2020-02-19T20:24:28+00:00,16.0,32.0,212.9,ADAPTIVE,6.61814138889,3.395
2020-02-19T20:24:32+00:00,16.0,32.0,213.0,ADAPTIVE,6.6217,3.395
2020-02-19T20:24:36+00:00,16.0,32.0,213.0,ADAPTIVE,6.62524138889,3.3979999999999997
2020-02-19T20:24:40+00:00,16.0,32.0,212.9,ADAPTIVE,6.62879888889,3.3899999999999997
2020-02-19T20:24:44+00:00,15.9,32.0,212.9,ADAPTIVE,6.63234138889,3.391
2020-02-19T20:24:48+00:00,15.9,32.0,213.0,ADAPTIVE,6.63588277778,3.3859999999999997
2020-02-19T20:24:52+00:00,16.0,32.0,213.1,ADAPTIVE,6.639443333329999,3.391
2020-02-19T20:24:56+00:00,16.0,32.0,212.9,ADAPTIVE,6.64298666667,3.384
2020-02-19T20:25:00+00:00,16.0,32.0,213.1,ADAPTIVE,6.64654388889,3.3899999999999997
2020-02-19T20:25:04+00:00,16.0,32.0,213.1,ADAPTIVE,6.650086944439999,3.389
2020-02-19T20:25:08+00:00,15.9,32.0,212.9,ADAPTIVE,6.653628611109999,3.3899999999999997
2020-02-19T20:25:12+00:00,15.9,32.0,213.0,ADAPTIVE,6.657185,3.393
2020-02-19T20:25:16+00:00,15.9,32.0,213.1,ADAPTIVE,6.66072861111,3.385
2020-02-19T20:25:20+00:00,16.0,32.0,213.0,ADAPTIVE,6.66428777778,3.396
2020-02-19T20:25:24+00:00,16.0,32.0,213.1,ADAPTIVE,6.6678322222199995,3.393
2020-02-19T20:25:28+00:00,16.0,32.0,213.2,ADAPTIVE,6.67139138889,3.397
2020-02-19T20:25:32+00:00,16.0,32.0,213.1,ADAPTIVE,6.674938333329999,3.3979999999999997
2020-02-19T20:25:35+00:00,16.0,32.0,213.1,ADAPTIVE,6.678498611109999,3.3979999999999997
2020-02-19T20:25:39+00:00,16.0,32.0,213.1,ADAPTIVE,6.6820425,3.399
2020-02-19T20:25:43+00:00,16.0,32.0,213.1,ADAPTIVE,6.68560305556,3.393
2020-02-19T20:25:47+00:00,16.0,32.0,213.1,ADAPTIVE,6.6891475,3.397
2020-02-19T20:25:51+00:00,16.0,32.0,213.1,ADAPTIVE,6.69270611111,3.388
2020-02-19T20:25:55+00:00,16.0,32.0,213.1,ADAPTIVE,6.69624833333,3.392
2020-02-19T20:25:59+00:00,16.0,32.0,213.1,ADAPTIVE,6.6998074999999995,3.3939999999999997
2020-02-19T20:26:03+00:00,16.0,32.0,213.1,ADAPTIVE,6.70335277778,3.388
2020-02-19T20:26:07+00:00,16.0,32.0,213.1,ADAPTIVE,6.70691027778,3.392
2020-02-19T20:26:11+00:00,16.0,32.0,213.1,ADAPTIVE,6.71045388889,3.395
2020-02-19T20:26:15+00:00,15.9,32.0,213.2,ADAPTIVE,6.7140125,3.388
2020-02-19T20:26:19+00:00,16.0,32.0,213.1,ADAPTIVE,6.71755666667,3.391
2020-02-19T20:26:23+00:00,16.0,32.0,213.1,ADAPTIVE,6.72111555556,3.397
2020-02-19T20:26:27+00:00,15.9,32.0,213.1,ADAPTIVE,6.724659444439999,3.3819999999999997
2020-02-19T20:26:31+00:00,15.9,32.0,213.2,ADAPTIVE,6.72820361111,3.393
2020-02-19T20:26:35+00:00,15.9,32.0,213.1,ADAPTIVE,6.731764999999999,3.385
2020-02-19T20:26:39+00:00,15.9,32.0,213.2,ADAPTIVE,6.7353252777799995,3.397
2020-02-19T20:26:42+00:00,15.9,32.0,213.1,ADAPTIVE,6.73887111111,3.391
2020-02-19T20:26:46+00:00,16.0,32.0,213.2,ADAPTIVE,6.7424327777799995,3.4019999999999997
2020-02-19T20:26:50+00:00,16.0,32.0,213.2,ADAPTIVE,6.74597944444,3.3939999999999997
2020-02-19T20:26:54+00:00,16.0,32.0,213.1,ADAPTIVE,6.74954,3.3939999999999997
2020-02-19T20:26:58+00:00,16.0,32.0,213.1,ADAPTIVE,6.75308638889,3.389
2020-02-19T20:27:02+00:00,16.0,32.0,213.1,ADAPTIVE,6.75664555556,3.396
2020-02-19T20:27:06+00:00,16.0,32.0,213.1,ADAPTIVE,6.76019222222,3.393
2020-02-19T20:27:10+00:00,15.9,32.0,213.1,ADAPTIVE,6.763751388889999,3.387
2020-02-19T20:27:14+00:00,16.0,32.0,213.2,ADAPTIVE,6.76729722222,3.4
2020-02-19T20:27:18+00:00,16.0,32.0,213.3,ADAPTIVE,6.77085805556,3.404
2020-02-19T20:27:22+00:00,15.9,32.0,213.3,ADAPTIVE,6.774405,3.397
2020-02-19T20:27:26+00:00,16.0,32.0,213.2,ADAPTIVE,6.7779675,3.396
2020-02-19T20:27:30+00:00,15.9,32.0,213.1,ADAPTIVE,6.78152777778,3.387
2020-02-19T20:27:34+00:00,15.9,32.0,213.2,ADAPTIVE,6.785072222219999,3.3859999999999997
2020-02-19T20:27:38+00:00,16.0,32.0,213.3,ADAPTIVE,6.7886322222199995,3.395
2020-02-19T20:27:42+00:00,16.0,32.0,213.2,ADAPTIVE,6.79217888889,3.391
2020-02-19T20:27:46+00:00,16.0,32.0,213.1,ADAPTIVE,6.79574166667,3.396
2020-02-19T20:27:50+00:00,16.0,32.0,213.1,ADAPTIVE,6.79928666667,3.404
2020-02-19T20:27:53+00:00,16.0,32.0,213.1,ADAPTIVE,6.802845833329999,3.3979999999999997
2020-02-19T20:27:57+00:00,16.0,32.0,213.1,ADAPTIVE,6.806404444439999,3.3939999999999997
2020-02-19T20:28:01+00:00,16.0,32.0,213.1,ADAPTIVE,6.80994888889,3.392
2020-02-19T20:28:05+00:00,16.0,32.0,213.1,ADAPTIVE,6.81350777778,3.393
2020-02-19T20:28:09+00:00,16.0,32.0,213.1,ADAPTIVE,6.81705305556,3.393
2020-02-19T20:28:13+00:00,16.0,32.0,213.1,ADAPTIVE,6.82061111111,3.397
2020-02-19T20:28:17+00:00,15.9,32.0,213.1,ADAPTIVE,6.824154999999999,3.3899999999999997
2020-02-19T20:28:21+00:00,15.9,32.0,213.1,ADAPTIVE,6.82771611111,3.388
2020-02-19T20:28:25+00:00,15.9,32.0,213.1,ADAPTIVE,6.8312597222199996,3.387
2020-02-19T20:28:29+00:00,16.0,32.0,213.1,ADAPTIVE,6.83482,3.404
2020-02-19T20:28:33+00:00,16.0,32.0,213.1,ADAPTIVE,6.83838,3.3899999999999997
2020-02-19T20:28:37+00:00,16.0,32.0,213.1,ADAPTIVE,6.841924444439999,3.403
2020-02-19T20:28:41+00:00,16.0,32.0,213.1,ADAPTIVE,6.84548361111,3.3899999999999997
2020-02-19T20:28:45+00:00,16.0,32.0,213.2,ADAPTIVE,6.8490288888899995,3.3939999999999997
2020-02-19T20:28:49+00:00,15.9,32.0,213.2,ADAPTIVE,6.85258861111,3.395
2020-02-19T20:28:53+00:00,15.9,32.0,213.1,ADAPTIVE,6.85613305556,3.3979999999999997
2020-02-19T20:28:56+00:00,16.0,32.0,213.2,ADAPTIVE,6.859692777779999,3.393
2020-02-19T20:29:00+00:00,16.0,32.0,213.1,ADAPTIVE,6.863251944439999,3.3939999999999997
2020-02-19T20:29:04+00:00,16.0,32.0,213.2,ADAPTIVE,6.86679694444,3.385
2020-02-19T20:29:08+00:00,16.0,32.0,213.1,ADAPTIVE,6.87035555556,3.391
2020-02-19T20:29:12+00:00,16.0,32.0,213.2,ADAPTIVE,6.87389861111,3.392
2020-02-19T20:29:16+00:00,16.0,32.0,213.1,ADAPTIVE,6.87745833333,3.391
2020-02-19T20:29:20+00:00,15.9,32.0,213.1,ADAPTIVE,6.88100305556,3.396
2020-02-19T20:29:24+00:00,15.9,32.0,213.1,ADAPTIVE,6.88456222222,3.396
2020-02-19T20:29:28+00:00,15.9,32.0,213.0,ADAPTIVE,6.88810694444,3.389
2020-02-19T20:29:32+00:00,16.0,32.0,213.1,ADAPTIVE,6.89166638889,3.393
2020-02-19T20:29:36+00:00,15.9,32.0,213.0,ADAPTIVE,6.89522416667,3.388
2020-02-19T20:29:40+00:00,16.0,32.0,213.1,ADAPTIVE,6.8987663888899995,3.396
2020-02-19T20:29:44+00:00,16.0,32.0,213.1,ADAPTIVE,6.902323333329999,3.396
2020-02-19T20:29:48+00:00,16.0,32.0,213.1,ADAPTIVE,6.90586666667,3.393
2020-02-19T20:29:52+00:00,16.0,32.0,213.1,ADAPTIVE,6.9094225,3.3899999999999997
2020-02-19T20:29:56+00:00,16.0,32.0,213.1,ADAPTIVE,6.9129658333299995,3.3899999999999997
2020-02-19T20:30:00+00:00,16.0,32.0,213.0,ADAPTIVE,6.916524444439999,3.3899999999999997
2020-02-19T20:30:04+00:00,15.9,32.0,213.0,ADAPTIVE,6.920067222219999,3.3939999999999997
2020-02-19T20:30:07+00:00,15.9,32.0,213.0,ADAPTIVE,6.923625833329999,3.392
2020-02-19T20:30:11+00:00,15.9,32.0,213.0,ADAPTIVE,6.92717055556,3.397
2020-02-19T20:30:15+00:00,15.9,32.0,212.9,ADAPTIVE,6.9307280555599995,3.392
2020-02-19T20:30:19+00:00,15.9,32.0,212.9,ADAPTIVE,6.934268611109999,3.391
2020-02-19T20:30:23+00:00,15.9,32.0,212.9,ADAPTIVE,6.93782527778,3.393
2020-02-19T20:30:27+00:00,15.9,32.0,213.0,ADAPTIVE,6.94136555556,3.387
2020-02-19T20:30:31+00:00,15.9,32.0,213.0,ADAPTIVE,6.94492388889,3.397
2020-02-19T20:30:35+00:00,15.9,32.0,213.0,ADAPTIVE,6.94846694444,3.389
2020-02-19T20:30:39+00:00,15.9,32.0,213.0,ADAPTIVE,6.95202416667,3.395
2020-02-19T20:30:43+00:00,15.9,32.0,213.1,ADAPTIVE,6.95556611111,3.391
2020-02-19T20:30:47+00:00,15.9,32.0,212.9,ADAPTIVE,6.9591222222199995,3.392
2020-02-19T20:30:51+00:00,15.9,32.0,213.0,ADAPTIVE,6.96266416667,3.388
2020-02-19T20:30:55+00:00,15.9,32.0,213.0,ADAPTIVE,6.96621833333,3.389
2020-02-19T20:30:59+00:00,15.9,32.0,213.1,ADAPTIVE,6.9697611111099995,3.3859999999999997
2020-02-19T20:31:03+00:00,15.9,32.0,212.9,ADAPTIVE,6.9733172222199995,3.384
2020-02-19T20:31:07+00:00,16.0,32.0,213.1,ADAPTIVE,6.97685694444,3.395
2020-02-19T20:31:10+00:00,16.0,32.0,212.9,ADAPTIVE,6.98041416667,3.3939999999999997
2020-02-19T20:31:14+00:00,16.0,32.0,213.0,ADAPTIVE,6.98395777778,3.391
2020-02-19T20:31:18+00:00,15.9,32.0,212.9,ADAPTIVE,6.987514999999999,3.3859999999999997
2020-02-19T20:31:22+00:00,15.9,32.0,212.9,ADAPTIVE,6.9910547222199995,3.391
2020-02-19T20:31:26+00:00,15.9,32.0,212.9,ADAPTIVE,6.994611944439999,3.389
2020-02-19T20:31:30+00:00,15.9,32.0,213.0,ADAPTIVE,6.998155,3.3859999999999997
2020-02-19T20:31:34+00:00,15.9,32.0,212.9,ADAPTIVE,7.001709722219999,3.379
2020-02-19T20:31:38+00:00,16.0,32.0,213.0,ADAPTIVE,7.0052494444399995,3.3859999999999997
2020-02-19T20:31:42+00:00,16.0,32.0,213.0,ADAPTIVE,7.008808611109999,3.4
2020-02-19T20:31:46+00:00,16.0,32.0,213.1,ADAPTIVE,7.0123502777799995,3.388
2020-02-19T20:31:50+00:00,15.9,32.0,213.1,ADAPTIVE,7.015909444439999,3.384
2020-02-19T20:31:54+00:00,15.9,32.0,213.1,ADAPTIVE,7.01945277778,3.395
2020-02-19T20:31:58+00:00,15.9,32.0,213.1,ADAPTIVE,7.022996111109999,3.399
2020-02-19T20:32:02+00:00,15.9,32.0,213.1,ADAPTIVE,7.0265541666699995,3.396
2020-02-19T20:32:06+00:00,15.9,32.0,213.0,ADAPTIVE,7.03009777778,3.3859999999999997
2020-02-19T20:32:10+00:00,15.9,32.0,212.9,ADAPTIVE,7.03365416667,3.3819999999999997
2020-02-19T20:32:14+00:00,16.0,32.0,213.1,ADAPTIVE,7.03719444444,3.389
2020-02-19T20:32:17+00:00,16.0,32.0,213.0,ADAPTIVE,7.04075305556,3.392
2020-02-19T20:32:21+00:00,16.0,32.0,213.0,ADAPTIVE,7.0442961111099995,3.387
2020-02-19T20:32:25+00:00,16.0,32.0,213.0,ADAPTIVE,7.04785388889,3.397
2020-02-19T20:32:29+00:00,15.9,32.0,213.0,ADAPTIVE,7.05139805556,3.392
2020-02-19T20:32:33+00:00,15.9,32.0,213.0,ADAPTIVE,7.05494138889,3.388
2020-02-19T20:32:37+00:00,16.0,32.0,213.1,ADAPTIVE,7.058500277779999,3.391
2020-02-19T20:32:41+00:00,16.0,32.0,213.0,ADAPTIVE,7.0620425,3.392
2020-02-19T20:32:45+00:00,16.0,32.0,213.1,ADAPTIVE,7.0656,3.3899999999999997
2020-02-19T20:32:49+00:00,16.0,32.0,213.1,ADAPTIVE,7.06914222222,3.391
2020-02-19T20:32:53+00:00,16.0,32.0,213.0,ADAPTIVE,7.07269861111,3.384
2020-02-19T20:32:57+00:00,16.0,32.0,212.9,ADAPTIVE,7.076239999999999,3.3979999999999997
2020-02-19T20:33:01+00:00,16.0,32.0,212.9,ADAPTIVE,7.0797958333299995,3.393
2020-02-19T20:33:05+00:00,16.0,32.0,213.0,ADAPTIVE,7.0833383333299995,3.388
2020-02-19T20:33:09+00:00,16.0,32.0,213.1,ADAPTIVE,7.08689583333,3.3939999999999997
2020-02-19T20:33:13+00:00,16.0,32.0,213.1,ADAPTIVE,7.09044055556,3.397
2020-02-19T20:33:17+00:00,16.0,32.0,213.1,ADAPTIVE,7.09399861111,3.392
2020-02-19T20:33:21+00:00,16.0,32.0,213.0,ADAPTIVE,7.097540833329999,3.393
2020-02-19T20:33:24+00:00,16.0,32.0,212.9,ADAPTIVE,7.10109722222,3.396
2020-02-19T20:33:28+00:00,16.0,32.0,213.0,ADAPTIVE,7.10464027778,3.393
2020-02-19T20:33:32+00:00,16.0,32.0,213.0,ADAPTIVE,7.10819805556,3.388
2020-02-19T20:33:36+00:00,16.0,32.0,212.9,ADAPTIVE,7.1117416666699995,3.3899999999999997
2020-02-19T20:33:40+00:00,15.9,32.0,212.9,ADAPTIVE,7.11528333333,3.388
2020-02-19T20:33:44+00:00,15.9,32.0,213.1,ADAPTIVE,7.11884055556,3.387
2020-02-19T20:33:48+00:00,16.0,32.0,213.1,ADAPTIVE,7.122383333329999,3.3939999999999997
2020-02-19T20:33:52+00:00,16.0,32.0,213.0,ADAPTIVE,7.1259433333299995,3.3939999999999997
2020-02-19T20:33:56+00:00,16.0,32.0,213.0,ADAPTIVE,7.129486388889999,3.396
2020-02-19T20:34:00+00:00,15.9,32.0,213.1,ADAPTIVE,7.13304361111,3.395
2020-02-19T20:34:04+00:00,15.9,32.0,213.0,ADAPTIVE,7.13658527778,3.395
2020-02-19T20:34:08+00:00,16.0,32.0,213.0,ADAPTIVE,7.14012777778,3.3819999999999997
2020-02-19T20:34:12+00:00,16.0,32.0,213.1,ADAPTIVE,7.14368277778,3.396
2020-02-19T20:34:16+00:00,16.0,32.0,213.0,ADAPTIVE,7.14722638889,3.3859999999999997
2020-02-19T20:34:20+00:00,15.9,32.0,213.0,ADAPTIVE,7.15078333333,3.385
2020-02-19T20:34:24+00:00,15.9,32.0,213.1,ADAPTIVE,7.15432527778,3.383
2020-02-19T20:34:28+00:00,15.9,32.0,213.0,ADAPTIVE,7.15786833333,3.392
2020-02-19T20:34:32+00:00,15.9,32.0,213.1,ADAPTIVE,7.16142777778,3.391
2020-02-19T20:34:35+00:00,15.9,32.0,213.1,ADAPTIVE,7.164970833329999,3.3939999999999997
2020-02-19T20:34:39+00:00,15.9,32.0,213.0,ADAPTIVE,7.168528611109999,3.3859999999999997
2020-02-19T20:34:43+00:00,16.0,32.0,213.0,ADAPTIVE,7.17206916667,3.3899999999999997
2020-02-19T20:34:47+00:00,16.0,32.0,213.0,ADAPTIVE,7.175629722219999,3.396
2020-02-19T20:34:51+00:00,15.9,32.0,212.9,ADAPTIVE,7.1791736111099995,3.391
2020-02-19T20:34:55+00:00,16.0,32.0,212.9,ADAPTIVE,7.18273166667,3.3899999999999997
2020-02-19T20:34:59+00:00,15.9,32.0,212.9,ADAPTIVE,7.18627305556,3.389
2020-02-19T20:35:03+00:00,16.0,32.0,212.9,ADAPTIVE,7.189829444439999,3.391
2020-02-19T20:35:07+00:00,16.0,32.0,212.9,ADAPTIVE,7.19337388889,3.3979999999999997
2020-02-19T20:35:11+00:00,16.0,32.0,213.1,ADAPTIVE,7.19693333333,3.3939999999999997
2020-02-19T20:35:15+00:00,16.0,32.0,213.1,ADAPTIVE,7.20047666667,3.397
2020-02-19T20:35:19+00:00,16.0,32.0,213.1,ADAPTIVE,7.20403638889,3.397
2020-02-19T20:35:23+00:00,16.0,32.0,213.1,ADAPTIVE,7.20758111111,3.395
2020-02-19T20:35:27+00:00,16.0,32.0,213.0,ADAPTIVE,7.21113944444,3.4
2020-02-19T20:35:31+00:00,16.0,32.0,213.0,ADAPTIVE,7.214682499999999,3.3859999999999997
2020-02-19T20:35:35+00:00,16.0,32.0,213.0,ADAPTIVE,7.21824277778,3.403
2020-02-19T20:35:38+00:00,16.0,32.0,213.0,ADAPTIVE,7.221784444439999,3.395
2020-02-19T20:35:42+00:00,15.9,32.0,213.1,ADAPTIVE,7.22534277778,3.388
2020-02-19T20:35:46+00:00,15.9,32.0,213.1,ADAPTIVE,7.22888583333,3.393
2020-02-19T20:35:50+00:00,15.9,32.0,212.9,ADAPTIVE,7.232426944439999,3.388
2020-02-19T20:35:54+00:00,15.9,32.0,213.0,ADAPTIVE,7.23598555556,3.392
2020-02-19T20:35:58+00:00,16.0,32.0,213.0,ADAPTIVE,7.23952888889,3.395
2020-02-19T20:36:02+00:00,16.0,32.0,213.1,ADAPTIVE,7.243088333329999,3.3939999999999997
2020-02-19T20:36:06+00:00,16.0,32.0,213.1,ADAPTIVE,7.24663138889,3.393
2020-02-19T20:36:10+00:00,15.9,32.0,213.1,ADAPTIVE,7.25019,3.388
2020-02-19T20:36:14+00:00,15.9,32.0,213.1,ADAPTIVE,7.25373277778,3.391
2020-02-19T20:36:18+00:00,15.9,32.0,213.1,ADAPTIVE,7.25729055556,3.389
2020-02-19T20:36:22+00:00,15.9,32.0,213.1,ADAPTIVE,7.260832499999999,3.397
2020-02-19T20:36:26+00:00,15.9,32.0,213.1,ADAPTIVE,7.26439361111,3.401
2020-02-19T20:36:30+00:00,16.0,32.0,213.2,ADAPTIVE,7.26795388889,3.397
2020-02-19T20:36:34+00:00,16.0,32.0,213.0,ADAPTIVE,7.27149722222,3.3899999999999997
2020-02-19T20:36:38+00:00,16.0,32.0,213.2,ADAPTIVE,7.27505805556,3.395
2020-02-19T20:36:42+00:00,16.0,32.0,213.1,ADAPTIVE,7.2786025,3.388
2020-02-19T20:36:45+00:00,16.0,32.0,213.1,ADAPTIVE,7.28216111111,3.387
2020-02-19T20:36:49+00:00,15.9,32.0,213.2,ADAPTIVE,7.28570583333,3.392
2020-02-19T20:36:53+00:00,15.9,32.0,213.1,ADAPTIVE,7.28926527778,3.395
2020-02-19T20:36:57+00:00,15.9,32.0,213.3,ADAPTIVE,7.292808333329999,3.3939999999999997
2020-02-19T20:37:01+00:00,16.0,32.0,213.2,ADAPTIVE,7.29637055556,3.3979999999999997
2020-02-19T20:37:05+00:00,16.0,32.0,213.0,ADAPTIVE,7.299929444439999,3.392
2020-02-19T20:37:09+00:00,16.0,32.0,213.1,ADAPTIVE,7.30347527778,3.399
2020-02-19T20:37:13+00:00,16.0,32.0,213.2,ADAPTIVE,7.307035,3.393
2020-02-19T20:37:17+00:00,16.0,32.0,213.0,ADAPTIVE,7.31058027778,3.393
2020-02-19T20:37:21+00:00,16.0,32.0,213.1,ADAPTIVE,7.31413805556,3.391
2020-02-19T20:37:25+00:00,16.0,32.0,213.1,ADAPTIVE,7.3176825,3.393
2020-02-19T20:37:29+00:00,16.0,32.0,213.1,ADAPTIVE,7.32124138889,3.3979999999999997
2020-02-19T20:37:33+00:00,15.9,32.0,213.1,ADAPTIVE,7.324783333329999,3.396
2020-02-19T20:37:37+00:00,15.9,32.0,213.1,ADAPTIVE,7.328341111109999,3.388
2020-02-19T20:37:41+00:00,15.9,32.0,213.1,ADAPTIVE,7.33188472222,3.391
2020-02-19T20:37:45+00:00,15.9,32.0,213.1,ADAPTIVE,7.3354425,3.3939999999999997
2020-02-19T20:37:49+00:00,15.9,32.0,213.2,ADAPTIVE,7.33900166667,3.3939999999999997
2020-02-19T20:37:52+00:00,16.0,32.0,213.1,ADAPTIVE,7.3425472222199994,3.3899999999999997
2020-02-19T20:37:56+00:00,16.0,32.0,213.1,ADAPTIVE,7.34610638889,3.389
2020-02-19T20:38:00+00:00,16.0,32.0,213.1,ADAPTIVE,7.34965,3.3899999999999997
2020-02-19T20:38:04+00:00,16.0,32.0,213.1,ADAPTIVE,7.3532086111099995,3.397
2020-02-19T20:38:08+00:00,16.0,32.0,213.1,ADAPTIVE,7.356751388889999,3.383
2020-02-19T20:38:12+00:00,16.0,32.0,213.1,ADAPTIVE,7.36031055556,3.3939999999999997
2020-02-19T20:38:16+00:00,16.0,32.0,213.1,ADAPTIVE,7.36385333333,3.393
2020-02-19T20:38:20+00:00,16.0,32.0,213.1,ADAPTIVE,7.36741194444,3.3859999999999997
2020-02-19T20:38:24+00:00,16.0,32.0,213.0,ADAPTIVE,7.37095638889,3.393
2020-02-19T20:38:28+00:00,15.9,32.0,213.1,ADAPTIVE,7.3745155555599995,3.391
2020-02-19T20:38:32+00:00,16.0,32.0,213.1,ADAPTIVE,7.37805972222,3.396
2020-02-19T20:38:36+00:00,15.9,32.0,213.1,ADAPTIVE,7.3816049999999995,3.387
2020-02-19T20:38:40+00:00,15.9,32.0,213.1,ADAPTIVE,7.38516305556,3.385
2020-02-19T20:38:44+00:00,15.9,32.0,213.1,ADAPTIVE,7.388706944439999,3.395
2020-02-19T20:38:48+00:00,16.0,32.0,212.9,ADAPTIVE,7.392265,3.389
2020-02-19T20:38:52+00:00,16.0,32.0,213.1,ADAPTIVE,7.395809444439999,3.3939999999999997
2020-02-19T20:38:56+00:00,16.0,32.0,212.9,ADAPTIVE,7.39936472222,3.397
2020-02-19T20:38:59+00:00,16.0,32.0,213.1,ADAPTIVE,7.4029074999999995,3.387
2020-02-19T20:39:03+00:00,15.9,32.0,213.1,ADAPTIVE,7.40646555556,3.389
2020-02-19T20:39:07+00:00,15.9,32.0,213.1,ADAPTIVE,7.410008888889999,3.391
2020-02-19T20:39:11+00:00,16.0,32.0,213.1,ADAPTIVE,7.413554444439999,3.393
2020-02-19T20:39:15+00:00,16.0,32.0,213.1,ADAPTIVE,7.41711277778,3.391
2020-02-19T20:39:19+00:00,16.0,32.0,212.9,ADAPTIVE,7.4206563888899995,3.393
2020-02-19T20:39:23+00:00,15.9,32.0,212.9,ADAPTIVE,7.42421277778,3.3859999999999997
2020-02-19T20:39:27+00:00,15.9,32.0,212.9,ADAPTIVE,7.42775444444,3.3899999999999997
2020-02-19T20:39:31+00:00,15.9,32.0,213.0,ADAPTIVE,7.43129638889,3.387
2020-02-19T20:39:35+00:00,16.0,32.0,213.0,ADAPTIVE,7.43485166667,3.3899999999999997
2020-02-19T20:39:39+00:00,16.0,32.0,213.0,ADAPTIVE,7.43839555556,3.396
2020-02-19T20:39:43+00:00,16.0,32.0,212.9,ADAPTIVE,7.44195055556,3.385
2020-02-19T20:39:47+00:00,16.0,32.0,212.9,ADAPTIVE,7.44549194444,3.389
2020-02-19T20:39:51+00:00,16.0,32.0,212.9,ADAPTIVE,7.44905,3.389
2020-02-19T20:39:55+00:00,16.0,32.0,213.0,ADAPTIVE,7.4525925,3.4
2020-02-19T20:39:59+00:00,15.9,32.0,212.9,ADAPTIVE,7.456135,3.3899999999999997
2020-02-19T20:40:03+00:00,15.9,32.0,212.9,ADAPTIVE,7.45969027778,3.384
2020-02-19T20:40:06+00:00,15.9,32.0,212.9,ADAPTIVE,7.463232222219999,3.389
2020-02-19T20:40:10+00:00,15.9,32.0,212.9,ADAPTIVE,7.466788611109999,3.388
2020-02-19T20:40:14+00:00,15.9,32.0,212.9,ADAPTIVE,7.47033,3.395
2020-02-19T20:40:18+00:00,15.9,32.0,213.0,ADAPTIVE,7.47389055556,3.393
2020-02-19T20:40:22+00:00,15.9,32.0,212.9,ADAPTIVE,7.4774325,3.383
2020-02-19T20:40:26+00:00,16.0,32.0,212.9,ADAPTIVE,7.48099111111,3.393
2020-02-19T20:40:30+00:00,15.9,32.0,212.9,ADAPTIVE,7.48453305556,3.391
2020-02-19T20:40:34+00:00,16.0,32.0,212.9,ADAPTIVE,7.48808888889,3.3979999999999997
2020-02-19T20:40:38+00:00,15.9,32.0,212.9,ADAPTIVE,7.4916441666699995,3.388
2020-02-19T20:40:42+00:00,16.0,32.0,212.9,ADAPTIVE,7.49518611111,3.3899999999999997
2020-02-19T20:40:46+00:00,15.9,32.0,212.9,ADAPTIVE,7.49874388889,3.379
2020-02-19T20:40:50+00:00,16.0,32.0,212.9,ADAPTIVE,7.5022852777799995,3.389
2020-02-19T20:40:54+00:00,16.0,32.0,212.9,ADAPTIVE,7.5058413888899995,3.393
2020-02-19T20:40:58+00:00,16.0,32.0,212.9,ADAPTIVE,7.509382222219999,3.388
2020-02-19T20:41:02+00:00,16.0,32.0,212.9,ADAPTIVE,7.512938611109999,3.389
2020-02-19T20:41:06+00:00,16.0,32.0,212.9,ADAPTIVE,7.51647916667,3.3899999999999997
2020-02-19T20:41:10+00:00,15.9,32.0,213.0,ADAPTIVE,7.520035,3.388
2020-02-19T20:41:13+00:00,16.0,32.0,213.0,ADAPTIVE,7.52357555556,3.397
2020-02-19T20:41:17+00:00,16.0,32.0,213.0,ADAPTIVE,7.52713361111,3.393
2020-02-19T20:41:21+00:00,16.0,32.0,212.9,ADAPTIVE,7.53067694444,3.391
2020-02-19T20:41:25+00:00,16.0,32.0,213.0,ADAPTIVE,7.534235,3.3899999999999997
2020-02-19T20:41:29+00:00,16.0,32.0,213.0,ADAPTIVE,7.53777722222,3.392
2020-02-19T20:41:33+00:00,16.0,32.0,213.1,ADAPTIVE,7.54133611111,3.393
2020-02-19T20:41:37+00:00,16.0,32.0,213.1,ADAPTIVE,7.54488,3.401
2020-02-19T20:41:41+00:00,15.9,32.0,213.0,ADAPTIVE,7.54843694444,3.391
2020-02-19T20:41:45+00:00,15.9,32.0,213.0,ADAPTIVE,7.55198277778,3.391
2020-02-19T20:41:49+00:00,15.9,32.0,213.1,ADAPTIVE,7.55554194444,3.392
2020-02-19T20:41:53+00:00,15.9,32.0,212.9,ADAPTIVE,7.559083333329999,3.388
2020-02-19T20:41:57+00:00,15.9,32.0,213.0,ADAPTIVE,7.562642222219999,3.395
2020-02-19T20:42:01+00:00,15.9,32.0,213.1,ADAPTIVE,7.56618555556,3.399
2020-02-19T20:42:05+00:00,15.9,32.0,213.1,ADAPTIVE,7.569743333329999,3.388
2020-02-19T20:42:09+00:00,15.9,32.0,213.1,ADAPTIVE,7.57330194444,3.393
2020-02-19T20:42:13+00:00,15.9,32.0,213.1,ADAPTIVE,7.57684666667,3.388
2020-02-19T20:42:17+00:00,15.9,32.0,213.1,ADAPTIVE,7.58038972222,3.388
2020-02-19T20:42:20+00:00,15.9,32.0,213.0,ADAPTIVE,7.583949444439999,3.391
2020-02-19T20:42:24+00:00,15.9,32.0,213.1,ADAPTIVE,7.5874930555599995,3.392
2020-02-19T20:42:28+00:00,15.9,32.0,213.1,ADAPTIVE,7.591051666669999,3.3859999999999997
2020-02-19T20:42:32+00:00,16.0,32.0,212.9,ADAPTIVE,7.59459527778,3.397
2020-02-19T20:42:36+00:00,15.9,32.0,213.2,ADAPTIVE,7.598152499999999,3.387
2020-02-19T20:42:40+00:00,16.0,32.0,213.1,ADAPTIVE,7.60169527778,3.397
2020-02-19T20:42:44+00:00,16.0,32.0,213.1,ADAPTIVE,7.60525555556,3.3899999999999997
2020-02-19T20:42:48+00:00,16.0,32.0,213.2,ADAPTIVE,7.60879916667,3.393
2020-02-19T20:42:52+00:00,16.0,32.0,213.1,ADAPTIVE,7.61236055556,3.389
2020-02-19T20:42:56+00:00,16.0,32.0,213.2,ADAPTIVE,7.61590666667,3.3939999999999997
2020-02-19T20:43:00+00:00,16.0,32.0,213.1,ADAPTIVE,7.61946527778,3.388
2020-02-19T20:43:04+00:00,16.0,32.0,213.2,ADAPTIVE,7.6230125,3.396
2020-02-19T20:43:08+00:00,16.0,32.0,213.1,ADAPTIVE,7.62657083333,3.4
2020-02-19T20:43:12+00:00,15.9,32.0,213.1,ADAPTIVE,7.63011527778,3.389
2020-02-19T20:43:16+00:00,15.9,32.0,213.1,ADAPTIVE,7.633659444439999,3.397
2020-02-19T20:43:20+00:00,15.9,32.0,213.1,ADAPTIVE,7.63721916667,3.392
2020-02-19T20:43:23+00:00,15.9,32.0,213.1,ADAPTIVE,7.6407641666699995,3.387
2020-02-19T20:43:27+00:00,15.9,32.0,213.1,ADAPTIVE,7.6443247222199995,3.397
2020-02-19T20:43:31+00:00,16.0,32.0,213.0,ADAPTIVE,7.64786694444,3.393
2020-02-19T20:43:35+00:00,15.9,32.0,213.1,ADAPTIVE,7.65142666667,3.385
2020-02-19T20:43:39+00:00,16.0,32.0,213.1,ADAPTIVE,7.65497,3.399
2020-02-19T20:43:43+00:00,16.0,32.0,213.1,ADAPTIVE,7.65852805556,3.391
2020-02-19T20:43:47+00:00,16.0,32.0,212.9,ADAPTIVE,7.66207222222,3.3899999999999997
2020-02-19T20:43:51+00:00,16.0,32.0,213.1,ADAPTIVE,7.665629999999999,3.3899999999999997
2020-02-19T20:43:55+00:00,16.0,32.0,213.0,ADAPTIVE,7.66917305556,3.4
2020-02-19T20:43:59+00:00,15.9,32.0,213.1,ADAPTIVE,7.672717222219999,3.393
2020-02-19T20:44:03+00:00,16.0,32.0,213.0,ADAPTIVE,7.6762749999999995,3.399
2020-02-19T20:44:07+00:00,16.0,32.0,213.1,ADAPTIVE,7.67982055556,3.3939999999999997
2020-02-19T20:44:11+00:00,16.0,32.0,213.1,ADAPTIVE,7.68337972222,3.393
2020-02-19T20:44:15+00:00,16.0,32.0,213.1,ADAPTIVE,7.686923333329999,3.3899999999999997
2020-02-19T20:44:19+00:00,15.9,32.0,213.1,ADAPTIVE,7.690485,3.393
2020-02-19T20:44:23+00:00,16.0,32.0,213.2,ADAPTIVE,7.69402972222,3.397
2020-02-19T20:44:27+00:00,15.9,32.0,213.1,ADAPTIVE,7.6975725,3.3899999999999997
2020-02-19T20:44:31+00:00,16.0,32.0,213.1,ADAPTIVE,7.70113166667,3.392
2020-02-19T20:44:34+00:00,16.0,32.0,213.1,ADAPTIVE,7.704676944439999,3.391
2020-02-19T20:44:38+00:00,16.0,32.0,213.1,ADAPTIVE,7.7082366666699995,3.388
2020-02-19T20:44:42+00:00,15.9,32.0,213.1,ADAPTIVE,7.71177805556,3.387
2020-02-19T20:44:46+00:00,15.9,32.0,213.2,ADAPTIVE,7.71531916667,3.396
2020-02-19T20:44:50+00:00,16.0,32.0,213.1,ADAPTIVE,7.71887944444,3.4
2020-02-19T20:44:54+00:00,16.0,32.0,213.2,ADAPTIVE,7.72242305556,3.4
2020-02-19T20:44:58+00:00,16.0,32.0,213.1,ADAPTIVE,7.72598277778,3.396
2020-02-19T20:45:02+00:00,16.0,32.0,213.1,ADAPTIVE,7.729524444439999,3.387
2020-02-19T20:45:06+00:00,15.9,32.0,213.3,ADAPTIVE,7.7330825,3.395
2020-02-19T20:45:10+00:00,15.9,32.0,213.1,ADAPTIVE,7.73662833333,3.391
2020-02-19T20:45:14+00:00,16.0,32.0,213.2,ADAPTIVE,7.740174444439999,3.403
2020-02-19T20:45:18+00:00,16.0,32.0,213.1,ADAPTIVE,7.743735,3.399
2020-02-19T20:45:22+00:00,16.0,32.0,213.3,ADAPTIVE,7.74728166667,3.404
2020-02-19T20:45:26+00:00,16.0,32.0,213.2,ADAPTIVE,7.7508425,3.399
2020-02-19T20:45:30+00:00,16.0,32.0,213.3,ADAPTIVE,7.7543886111099996,3.405
2020-02-19T20:45:34+00:00,16.0,32.0,213.1,ADAPTIVE,7.75794861111,3.396
2020-02-19T20:45:37+00:00,16.0,32.0,213.1,ADAPTIVE,7.761492499999999,3.3859999999999997
2020-02-19T20:45:41+00:00,16.0,32.0,213.1,ADAPTIVE,7.76505,3.395
2020-02-19T20:45:45+00:00,16.0,32.0,213.1,ADAPTIVE,7.76859305556,3.391
2020-02-19T20:45:49+00:00,16.0,32.0,213.0,ADAPTIVE,7.772151388889999,3.3979999999999997
2020-02-19T20:45:53+00:00,16.0,32.0,213.1,ADAPTIVE,7.775696111109999,3.397
2020-02-19T20:45:57+00:00,16.0,32.0,213.0,ADAPTIVE,7.77925583333,3.389
2020-02-19T20:46:01+00:00,15.9,32.0,213.1,ADAPTIVE,7.782797222219999,3.38
2020-02-19T20:46:05+00:00,15.9,32.0,213.1,ADAPTIVE,7.786357499999999,3.391
2020-02-19T20:46:09+00:00,15.9,32.0,213.2,ADAPTIVE,7.7898997222199995,3.392
2020-02-19T20:46:13+00:00,15.9,32.0,213.1,ADAPTIVE,7.7934602777799995,3.388
2020-02-19T20:46:17+00:00,15.9,32.0,213.1,ADAPTIVE,7.797005277779999,3.392
2020-02-19T20:46:21+00:00,15.9,32.0,213.1,ADAPTIVE,7.800563611109999,3.3899999999999997
2020-02-19T20:46:25+00:00,15.9,32.0,213.1,ADAPTIVE,7.804106111109999,3.389
2020-02-19T20:46:29+00:00,15.9,32.0,213.1,ADAPTIVE,7.80766305556,3.387
2020-02-19T20:46:33+00:00,15.9,32.0,213.1,ADAPTIVE,7.81120638889,3.391
2020-02-19T20:46:37+00:00,15.9,32.0,213.1,ADAPTIVE,7.81476555556,3.379
2020-02-19T20:46:41+00:00,15.9,32.0,213.1,ADAPTIVE,7.818326111109999,3.389
2020-02-19T20:46:45+00:00,15.9,32.0,213.1,ADAPTIVE,7.82187,3.393
2020-02-19T20:46:48+00:00,16.0,32.0,213.1,ADAPTIVE,7.82542833333,3.395
2020-02-19T20:46:52+00:00,15.9,32.0,213.1,ADAPTIVE,7.8289711111099995,3.388
2020-02-19T20:46:56+00:00,16.0,32.0,213.1,ADAPTIVE,7.832529722219999,3.392
2020-02-19T20:47:00+00:00,16.0,32.0,213.1,ADAPTIVE,7.83607388889,3.396
2020-02-19T20:47:04+00:00,16.0,32.0,213.1,ADAPTIVE,7.83963138889,3.388
2020-02-19T20:47:08+00:00,16.0,32.0,213.2,ADAPTIVE,7.84317638889,3.393
2020-02-19T20:47:12+00:00,16.0,32.0,213.1,ADAPTIVE,7.84673666667,3.395
2020-02-19T20:47:16+00:00,16.0,32.0,213.1,ADAPTIVE,7.850281111109999,3.395
2020-02-19T20:47:20+00:00,16.0,32.0,213.1,ADAPTIVE,7.85384,3.399
2020-02-19T20:47:24+00:00,16.0,32.0,213.1,ADAPTIVE,7.857383888889999,3.392
2020-02-19T20:47:28+00:00,16.0,32.0,213.2,ADAPTIVE,7.86094305556,3.3939999999999997
2020-02-19T20:47:32+00:00,16.0,32.0,213.1,ADAPTIVE,7.864487222219999,3.392
2020-02-19T20:47:36+00:00,16.0,32.0,213.1,ADAPTIVE,7.86804555556,3.395
2020-02-19T20:47:40+00:00,16.0,32.0,213.1,ADAPTIVE,7.871589999999999,3.3899999999999997
2020-02-19T20:47:44+00:00,16.0,32.0,213.1,ADAPTIVE,7.875149444439999,3.392
2020-02-19T20:47:48+00:00,16.0,32.0,213.1,ADAPTIVE,7.87869166667,3.391
2020-02-19T20:47:52+00:00,16.0,32.0,213.1,ADAPTIVE,7.882249444439999,3.3859999999999997
2020-02-19T20:47:55+00:00,15.9,32.0,213.1,ADAPTIVE,7.885791666669999,3.388
2020-02-19T20:47:59+00:00,15.9,32.0,213.0,ADAPTIVE,7.889348333329999,3.384
2020-02-19T20:48:03+00:00,15.9,32.0,213.1,ADAPTIVE,7.8928922222199995,3.384
2020-02-19T20:48:07+00:00,15.9,32.0,213.0,ADAPTIVE,7.8964483333299995,3.385
2020-02-19T20:48:11+00:00,15.9,32.0,213.1,ADAPTIVE,7.89999277778,3.393
2020-02-19T20:48:15+00:00,15.9,32.0,213.0,ADAPTIVE,7.903549444439999,3.384
2020-02-19T20:48:19+00:00,15.9,32.0,213.1,ADAPTIVE,7.907092222219999,3.3899999999999997
2020-02-19T20:48:23+00:00,15.9,32.0,213.1,ADAPTIVE,7.91065111111,3.387
2020-02-19T20:48:27+00:00,15.9,32.0,213.1,ADAPTIVE,7.914194999999999,3.3899999999999997
2020-02-19T20:48:31+00:00,15.9,32.0,213.0,ADAPTIVE,7.9177525,3.3899999999999997
2020-02-19T20:48:35+00:00,15.9,32.0,213.1,ADAPTIVE,7.92129666667,3.395
2020-02-19T20:48:39+00:00,15.9,32.0,213.1,ADAPTIVE,7.92485361111,3.392
2020-02-19T20:48:43+00:00,15.9,32.0,213.0,ADAPTIVE,7.928396944439999,3.383
2020-02-19T20:48:47+00:00,15.9,32.0,212.9,ADAPTIVE,7.9319547222199995,3.393
2020-02-19T20:48:51+00:00,15.9,32.0,213.0,ADAPTIVE,7.93549638889,3.3859999999999997
2020-02-19T20:48:55+00:00,15.9,32.0,212.9,ADAPTIVE,7.939051388889999,3.391
2020-02-19T20:48:59+00:00,15.9,32.0,212.9,ADAPTIVE,7.9425913888899995,3.379
2020-02-19T20:49:02+00:00,15.9,32.0,212.9,ADAPTIVE,7.94614555556,3.387
2020-02-19T20:49:06+00:00,15.9,32.0,213.0,ADAPTIVE,7.94968722222,3.389
2020-02-19T20:49:10+00:00,16.0,32.0,213.0,ADAPTIVE,7.9532436111099996,3.3899999999999997
2020-02-19T20:49:14+00:00,16.0,32.0,213.0,ADAPTIVE,7.956784444439999,3.3859999999999997
2020-02-19T20:49:18+00:00,16.0,32.0,212.9,ADAPTIVE,7.96034305556,3.3859999999999997
2020-02-19T20:49:22+00:00,16.0,32.0,213.1,ADAPTIVE,7.963880833329999,3.391
2020-02-19T20:49:26+00:00,16.0,32.0,213.1,ADAPTIVE,7.967436666669999,3.397
2020-02-19T20:49:30+00:00,15.9,32.0,212.9,ADAPTIVE,7.97097805556,3.395
2020-02-19T20:49:34+00:00,15.9,32.0,213.0,ADAPTIVE,7.9745191666699995,3.3899999999999997
2020-02-19T20:49:38+00:00,16.0,32.0,213.0,ADAPTIVE,7.978075,3.389
2020-02-19T20:49:42+00:00,16.0,32.0,213.0,ADAPTIVE,7.98161694444,3.387
2020-02-19T20:49:46+00:00,16.0,32.0,212.9,ADAPTIVE,7.9851738888899995,3.381
2020-02-19T20:49:50+00:00,16.0,32.0,213.1,ADAPTIVE,7.988716944439999,3.393
2020-02-19T20:49:54+00:00,15.9,32.0,212.9,ADAPTIVE,7.99225777778,3.389
2020-02-19T20:49:58+00:00,15.9,32.0,213.1,ADAPTIVE,7.99581388889,3.388
2020-02-19T20:50:02+00:00,16.0,32.0,212.9,ADAPTIVE,7.999355833329999,3.391
2020-02-19T20:50:05+00:00,16.0,32.0,213.0,ADAPTIVE,8.00291111111,3.388
2020-02-19T20:50:09+00:00,16.0,32.0,212.9,ADAPTIVE,8.00645166667,3.3939999999999997
2020-02-19T20:50:13+00:00,15.9,32.0,213.1,ADAPTIVE,8.00999305556,3.383
2020-02-19T20:50:17+00:00,15.9,32.0,213.0,ADAPTIVE,8.01355083333,3.383
2020-02-19T20:50:21+00:00,16.0,32.0,213.1,ADAPTIVE,8.01709027778,3.393
2020-02-19T20:50:25+00:00,16.0,32.0,213.1,ADAPTIVE,8.02064638889,3.3859999999999997
2020-02-19T20:50:29+00:00,15.9,32.0,213.1,ADAPTIVE,8.02418916667,3.391
2020-02-19T20:50:33+00:00,15.9,32.0,213.1,ADAPTIVE,8.02773194444,3.391
2020-02-19T20:50:37+00:00,15.9,32.0,213.1,ADAPTIVE,8.03128777778,3.391
2020-02-19T20:50:41+00:00,16.0,32.0,212.9,ADAPTIVE,8.03483,3.393
2020-02-19T20:50:45+00:00,16.0,32.0,213.0,ADAPTIVE,8.038387222219999,3.383
2020-02-19T20:50:49+00:00,16.0,32.0,213.1,ADAPTIVE,8.041929999999999,3.3939999999999997
2020-02-19T20:50:53+00:00,15.9,32.0,213.1,ADAPTIVE,8.04547416667,3.388
2020-02-19T20:50:57+00:00,16.0,32.0,213.0,ADAPTIVE,8.049032777779999,3.395
2020-02-19T20:51:01+00:00,16.0,32.0,213.1,ADAPTIVE,8.052575277779999,3.385
2020-02-19T20:51:05+00:00,16.0,32.0,213.2,ADAPTIVE,8.05613416667,3.399
2020-02-19T20:51:09+00:00,16.0,32.0,213.1,ADAPTIVE,8.05967694444,3.3979999999999997
2020-02-19T20:51:13+00:00,15.9,32.0,213.1,ADAPTIVE,8.06322138889,3.396
2020-02-19T20:51:16+00:00,15.9,32.0,213.2,ADAPTIVE,8.066781944439999,3.3859999999999997
2020-02-19T20:51:20+00:00,16.0,32.0,213.2,ADAPTIVE,8.070324444439999,3.3939999999999997
2020-02-19T20:51:24+00:00,16.0,32.0,213.1,ADAPTIVE,8.0738825,3.391
2020-02-19T20:51:28+00:00,15.9,32.0,213.2,ADAPTIVE,8.07742638889,3.388
2020-02-19T20:51:32+00:00,15.9,32.0,213.1,ADAPTIVE,8.08097111111,3.383
2020-02-19T20:51:36+00:00,15.9,32.0,213.2,ADAPTIVE,8.08452777778,3.3859999999999997
2020-02-19T20:51:40+00:00,16.0,32.0,213.1,ADAPTIVE,8.08807138889,3.396
2020-02-19T20:51:44+00:00,16.0,32.0,213.1,ADAPTIVE,8.091630833329999,3.403
2020-02-19T20:51:48+00:00,16.0,32.0,213.1,ADAPTIVE,8.09517111111,3.397
2020-02-19T20:51:52+00:00,15.9,32.0,213.1,ADAPTIVE,8.09872944444,3.387
2020-02-19T20:51:56+00:00,16.0,32.0,213.1,ADAPTIVE,8.10227055556,3.397
2020-02-19T20:52:00+00:00,15.9,32.0,213.1,ADAPTIVE,8.10581388889,3.3939999999999997
2020-02-19T20:52:04+00:00,15.9,32.0,213.1,ADAPTIVE,8.1093725,3.392
2020-02-19T20:52:08+00:00,16.0,32.0,213.1,ADAPTIVE,8.112915,3.395
2020-02-19T20:52:12+00:00,16.0,32.0,213.0,ADAPTIVE,8.11647416667,3.391
2020-02-19T20:52:16+00:00,16.0,32.0,213.3,ADAPTIVE,8.12001833333,3.396
2020-02-19T20:52:19+00:00,15.9,32.0,213.1,ADAPTIVE,8.12357722222,3.389
2020-02-19T20:52:23+00:00,15.9,32.0,213.2,ADAPTIVE,8.127121944439999,3.395
2020-02-19T20:52:27+00:00,16.0,32.0,213.1,ADAPTIVE,8.13066722222,3.391
2020-02-19T20:52:31+00:00,16.0,32.0,213.1,ADAPTIVE,8.13422416667,3.391
2020-02-19T20:52:35+00:00,16.0,32.0,213.1,ADAPTIVE,8.13776777778,3.3939999999999997
2020-02-19T20:52:39+00:00,15.9,32.0,213.1,ADAPTIVE,8.14132944444,3.389
2020-02-19T20:52:43+00:00,15.9,32.0,213.1,ADAPTIVE,8.14487111111,3.3859999999999997
2020-02-19T20:52:47+00:00,15.9,32.0,213.1,ADAPTIVE,8.14841527778,3.3859999999999997
2020-02-19T20:52:51+00:00,15.9,32.0,213.1,ADAPTIVE,8.15197305556,3.391
2020-02-19T20:52:55+00:00,16.0,32.0,213.1,ADAPTIVE,8.155516944439999,3.393
2020-02-19T20:52:59+00:00,16.0,32.0,213.1,ADAPTIVE,8.15907388889,3.389
2020-02-19T20:53:03+00:00,16.0,32.0,213.1,ADAPTIVE,8.16261555556,3.3979999999999997
2020-02-19T20:53:07+00:00,16.0,32.0,213.1,ADAPTIVE,8.166174999999999,3.403
2020-02-19T20:53:11+00:00,16.0,32.0,213.0,ADAPTIVE,8.16971888889,3.393
2020-02-19T20:53:15+00:00,16.0,32.0,212.9,ADAPTIVE,8.173276111109999,3.387
2020-02-19T20:53:19+00:00,16.0,32.0,213.0,ADAPTIVE,8.176817222219999,3.3939999999999997
2020-02-19T20:53:22+00:00,16.0,32.0,213.1,ADAPTIVE,8.18037388889,3.392
2020-02-19T20:53:26+00:00,16.0,32.0,213.0,ADAPTIVE,8.18391722222,3.387
2020-02-19T20:53:30+00:00,16.0,32.0,213.1,ADAPTIVE,8.187473611109999,3.392
2020-02-19T20:53:34+00:00,16.0,32.0,213.0,ADAPTIVE,8.19101361111,3.391
2020-02-19T20:53:38+00:00,16.0,32.0,212.8,ADAPTIVE,8.19456861111,3.383
2020-02-19T20:53:42+00:00,16.0,32.0,212.9,ADAPTIVE,8.198107222219999,3.388
2020-02-19T20:53:46+00:00,16.0,32.0,212.9,ADAPTIVE,8.20166166667,3.396
2020-02-19T20:53:50+00:00,16.0,32.0,212.9,ADAPTIVE,8.205202222219999,3.384
2020-02-19T20:53:54+00:00,15.9,32.0,212.9,ADAPTIVE,8.208755833329999,3.38
2020-02-19T20:53:58+00:00,15.9,32.0,212.8,ADAPTIVE,8.212295,3.3859999999999997
2020-02-19T20:54:02+00:00,15.9,32.0,212.9,ADAPTIVE,8.21585111111,3.388
2020-02-19T20:54:06+00:00,15.9,32.0,213.0,ADAPTIVE,8.21939388889,3.384
2020-02-19T20:54:10+00:00,15.9,32.0,212.9,ADAPTIVE,8.22294972222,3.388
2020-02-19T20:54:14+00:00,16.0,32.0,212.9,ADAPTIVE,8.22649055556,3.395
2020-02-19T20:54:18+00:00,15.9,32.0,213.0,ADAPTIVE,8.23004611111,3.377
2020-02-19T20:54:22+00:00,16.0,32.0,212.9,ADAPTIVE,8.233585,3.395
2020-02-19T20:54:26+00:00,16.0,32.0,212.9,ADAPTIVE,8.237141111109999,3.384
2020-02-19T20:54:30+00:00,16.0,32.0,212.9,ADAPTIVE,8.24067972222,3.3859999999999997
2020-02-19T20:54:33+00:00,16.0,32.0,212.9,ADAPTIVE,8.24423444444,3.389
2020-02-19T20:54:37+00:00,16.0,32.0,212.9,ADAPTIVE,8.24777555556,3.381
2020-02-19T20:54:41+00:00,16.0,32.0,212.9,ADAPTIVE,8.251328611109999,3.388
2020-02-19T20:54:45+00:00,16.0,32.0,212.8,ADAPTIVE,8.25486777778,3.384
2020-02-19T20:54:49+00:00,16.0,32.0,212.9,ADAPTIVE,8.25842166667,3.384
2020-02-19T20:54:53+00:00,16.0,32.0,212.9,ADAPTIVE,8.261960833329999,3.387
2020-02-19T20:54:57+00:00,16.0,32.0,212.9,ADAPTIVE,8.265514722219999,3.3859999999999997
2020-02-19T20:55:01+00:00,16.0,32.0,212.8,ADAPTIVE,8.26905527778,3.391
2020-02-19T20:55:05+00:00,16.0,32.0,212.9,ADAPTIVE,8.27261,3.379
2020-02-19T20:55:09+00:00,15.9,32.0,212.8,ADAPTIVE,8.27615027778,3.375
2020-02-19T20:55:13+00:00,16.0,32.0,212.9,ADAPTIVE,8.27970444444,3.391
2020-02-19T20:55:17+00:00,16.0,32.0,212.9,ADAPTIVE,8.2832425,3.384
2020-02-19T20:55:21+00:00,16.0,32.0,212.8,ADAPTIVE,8.28679555556,3.389
2020-02-19T20:55:25+00:00,15.9,32.0,212.9,ADAPTIVE,8.29033416667,3.3819999999999997
2020-02-19T20:55:29+00:00,16.0,32.0,213.0,ADAPTIVE,8.293888888889999,3.393
2020-02-19T20:55:33+00:00,15.9,32.0,212.9,ADAPTIVE,8.297429722219999,3.388
2020-02-19T20:55:37+00:00,15.9,32.0,212.9,ADAPTIVE,8.300968888889999,3.383
2020-02-19T20:55:40+00:00,16.0,32.0,212.9,ADAPTIVE,8.30452638889,3.384
2020-02-19T20:55:44+00:00,16.0,32.0,212.9,ADAPTIVE,8.30806638889,3.392
2020-02-19T20:55:48+00:00,16.0,32.0,212.9,ADAPTIVE,8.31161944444,3.3819999999999997
2020-02-19T20:55:52+00:00,16.0,32.0,212.9,ADAPTIVE,8.31515777778,3.3899999999999997
2020-02-19T20:55:56+00:00,15.9,32.0,212.9,ADAPTIVE,8.3187125,3.381
2020-02-19T20:56:00+00:00,16.0,32.0,212.9,ADAPTIVE,8.322251388889999,3.395
2020-02-19T20:56:04+00:00,16.0,32.0,212.8,ADAPTIVE,8.32579083333,3.3979999999999997
2020-02-19T20:56:08+00:00,15.9,32.0,212.8,ADAPTIVE,8.32934666667,3.392
2020-02-19T20:56:12+00:00,15.9,32.0,212.8,ADAPTIVE,8.332883333329999,3.377
2020-02-19T20:56:16+00:00,16.0,32.0,212.9,ADAPTIVE,8.33643805556,3.3899999999999997
2020-02-19T20:56:20+00:00,16.0,32.0,212.9,ADAPTIVE,8.33997722222,3.385
2020-02-19T20:56:24+00:00,16.0,32.0,212.9,ADAPTIVE,8.34353222222,3.389
2020-02-19T20:56:28+00:00,16.0,32.0,212.8,ADAPTIVE,8.34707222222,3.3859999999999997
2020-02-19T20:56:32+00:00,16.0,32.0,212.8,ADAPTIVE,8.35062638889,3.387
2020-02-19T20:56:36+00:00,16.0,32.0,212.9,ADAPTIVE,8.354166111109999,3.387
2020-02-19T20:56:40+00:00,16.0,32.0,212.7,ADAPTIVE,8.35772027778,3.3899999999999997
2020-02-19T20:56:44+00:00,16.0,32.0,212.9,ADAPTIVE,8.36126055556,3.385
2020-02-19T20:56:47+00:00,16.0,32.0,212.9,ADAPTIVE,8.36481555556,3.391
2020-02-19T20:56:51+00:00,16.0,32.0,212.9,ADAPTIVE,8.36835305556,3.393
2020-02-19T20:56:55+00:00,15.9,32.0,212.8,ADAPTIVE,8.37190777778,3.3859999999999997
2020-02-19T20:56:59+00:00,15.9,32.0,212.9,ADAPTIVE,8.37544666667,3.388
2020-02-19T20:57:03+00:00,15.9,32.0,212.7,ADAPTIVE,8.3789825,3.377
2020-02-19T20:57:07+00:00,16.0,32.0,212.8,ADAPTIVE,8.38253666667,3.388
2020-02-19T20:57:11+00:00,16.0,32.0,212.9,ADAPTIVE,8.386075833329999,3.388
2020-02-19T20:57:15+00:00,15.9,32.0,212.9,ADAPTIVE,8.389631388889999,3.3859999999999997
2020-02-19T20:57:19+00:00,15.9,32.0,212.8,ADAPTIVE,8.39317111111,3.384
2020-02-19T20:57:23+00:00,15.9,32.0,212.9,ADAPTIVE,8.396709444439999,3.3899999999999997
2020-02-19T20:57:27+00:00,16.0,32.0,212.9,ADAPTIVE,8.400265277779999,3.389
2020-02-19T20:57:31+00:00,16.0,32.0,212.9,ADAPTIVE,8.4038025,3.384
2020-02-19T20:57:35+00:00,16.0,32.0,212.9,ADAPTIVE,8.40735638889,3.397
2020-02-19T20:57:39+00:00,16.0,32.0,213.0,ADAPTIVE,8.410897499999999,3.3899999999999997
2020-02-19T20:57:43+00:00,16.0,32.0,212.9,ADAPTIVE,8.414451388889999,3.3859999999999997
2020-02-19T20:57:47+00:00,15.9,32.0,212.9,ADAPTIVE,8.41798944444,3.381
2020-02-19T20:57:51+00:00,15.9,32.0,212.9,ADAPTIVE,8.42154055556,3.379
2020-02-19T20:57:54+00:00,15.9,32.0,212.9,ADAPTIVE,8.42508055556,3.385
2020-02-19T20:57:58+00:00,15.9,32.0,212.9,ADAPTIVE,8.428619444439999,3.3819999999999997
2020-02-19T20:58:02+00:00,15.9,32.0,212.9,ADAPTIVE,8.432174999999999,3.384
2020-02-19T20:58:06+00:00,15.9,32.0,213.0,ADAPTIVE,8.435715,3.384
2020-02-19T20:58:10+00:00,15.9,32.0,213.0,ADAPTIVE,8.43927,3.3899999999999997
2020-02-19T20:58:14+00:00,16.0,32.0,212.9,ADAPTIVE,8.44280972222,3.391
2020-02-19T20:58:18+00:00,16.0,32.0,213.0,ADAPTIVE,8.446366111109999,3.384
2020-02-19T20:58:22+00:00,16.0,32.0,213.0,ADAPTIVE,8.449908333329999,3.392
2020-02-19T20:58:26+00:00,16.0,32.0,212.9,ADAPTIVE,8.45346472222,3.389
2020-02-19T20:58:30+00:00,16.0,32.0,213.0,ADAPTIVE,8.457006666669999,3.384
2020-02-19T20:58:34+00:00,16.0,32.0,212.9,ADAPTIVE,8.46056305556,3.3979999999999997
2020-02-19T20:58:38+00:00,16.0,32.0,212.9,ADAPTIVE,8.46410361111,3.388
2020-02-19T20:58:42+00:00,16.0,32.0,212.9,ADAPTIVE,8.467661111109999,3.3939999999999997
2020-02-19T20:58:46+00:00,16.0,32.0,213.0,ADAPTIVE,8.47119972222,3.391
2020-02-19T20:58:50+00:00,16.0,32.0,212.9,ADAPTIVE,8.474757499999999,3.395
2020-02-19T20:58:54+00:00,16.0,32.0,212.9,ADAPTIVE,8.4782975,3.385
2020-02-19T20:58:58+00:00,16.0,32.0,213.0,ADAPTIVE,8.481853888889999,3.395
2020-02-19T20:59:01+00:00,16.0,32.0,213.0,ADAPTIVE,8.48539388889,3.3859999999999997
2020-02-19T20:59:05+00:00,16.0,32.0,212.9,ADAPTIVE,8.48894944444,3.3859999999999997
2020-02-19T20:59:09+00:00,16.0,32.0,213.0,ADAPTIVE,8.492490833329999,3.387
2020-02-19T20:59:13+00:00,16.0,32.0,212.9,ADAPTIVE,8.49604611111,3.3819999999999997
2020-02-19T20:59:17+00:00,16.0,32.0,213.0,ADAPTIVE,8.49958972222,3.389
2020-02-19T20:59:21+00:00,16.0,32.0,213.0,ADAPTIVE,8.50314555556,3.392
2020-02-19T20:59:25+00:00,16.0,32.0,212.9,ADAPTIVE,8.50668416667,3.389
2020-02-19T20:59:29+00:00,16.0,32.0,213.0,ADAPTIVE,8.51024166667,3.383
2020-02-19T20:59:33+00:00,16.0,32.0,213.0,ADAPTIVE,8.51378333333,3.391
2020-02-19T20:59:37+00:00,16.0,32.0,212.9,ADAPTIVE,8.51734138889,3.392
2020-02-19T20:59:41+00:00,16.0,32.0,213.0,ADAPTIVE,8.52088333333,3.397
2020-02-19T20:59:45+00:00,16.0,32.0,213.0,ADAPTIVE,8.52443916667,3.3819999999999997
2020-02-19T20:59:49+00:00,16.0,32.0,212.9,ADAPTIVE,8.52798,3.385
2020-02-19T20:59:53+00:00,16.0,32.0,213.1,ADAPTIVE,8.531535833329999,3.391
2020-02-19T20:59:57+00:00,16.0,32.0,212.9,ADAPTIVE,8.53507777778,3.385
2020-02-19T21:00:01+00:00,16.0,32.0,212.9,ADAPTIVE,8.53863527778,3.389
2020-02-19T21:00:05+00:00,16.0,32.0,212.9,ADAPTIVE,8.542174722219999,3.3939999999999997
2020-02-19T21:00:08+00:00,16.0,32.0,212.9,ADAPTIVE,8.54573083333,3.381
2020-02-19T21:00:12+00:00,16.0,32.0,212.9,ADAPTIVE,8.54927055556,3.3859999999999997
2020-02-19T21:00:16+00:00,15.9,32.0,212.9,ADAPTIVE,8.55282555556,3.3859999999999997
2020-02-19T21:00:20+00:00,15.9,32.0,212.9,ADAPTIVE,8.556365,3.3779999999999997
2020-02-19T21:00:24+00:00,15.9,32.0,212.9,ADAPTIVE,8.55991944444,3.393
2020-02-19T21:00:28+00:00,15.9,32.0,212.9,ADAPTIVE,8.56346,3.384
2020-02-19T21:00:32+00:00,16.0,32.0,213.0,ADAPTIVE,8.567014166669999,3.392
2020-02-19T21:00:36+00:00,16.0,32.0,212.9,ADAPTIVE,8.57056944444,3.3939999999999997
2020-02-19T21:00:40+00:00,16.0,32.0,212.9,ADAPTIVE,8.57410916667,3.3859999999999997
2020-02-19T21:00:44+00:00,16.0,32.0,212.9,ADAPTIVE,8.57766444444,3.391
2020-02-19T21:00:48+00:00,16.0,32.0,212.9,ADAPTIVE,8.58120416667,3.381
2020-02-19T21:00:52+00:00,16.0,32.0,212.9,ADAPTIVE,8.5847575,3.397
2020-02-19T21:00:56+00:00,16.0,32.0,213.0,ADAPTIVE,8.5882975,3.396
2020-02-19T21:01:00+00:00,15.9,32.0,212.8,ADAPTIVE,8.59185083333,3.3819999999999997
2020-02-19T21:01:04+00:00,15.9,32.0,212.9,ADAPTIVE,8.59538861111,3.391
2020-02-19T21:01:08+00:00,15.9,32.0,212.8,ADAPTIVE,8.598944444439999,3.391
2020-02-19T21:01:11+00:00,15.9,32.0,212.9,ADAPTIVE,8.602500277779999,3.387
2020-02-19T21:01:15+00:00,16.0,32.0,212.9,ADAPTIVE,8.60604055556,3.3859999999999997
2020-02-19T21:01:19+00:00,16.0,32.0,212.9,ADAPTIVE,8.609594999999999,3.391
2020-02-19T21:01:23+00:00,16.0,32.0,212.9,ADAPTIVE,8.613136944439999,3.3899999999999997
2020-02-19T21:01:27+00:00,15.9,32.0,212.8,ADAPTIVE,8.61669333333,3.381
2020-02-19T21:01:31+00:00,16.0,32.0,212.7,ADAPTIVE,8.62023111111,3.387
2020-02-19T21:01:35+00:00,15.9,32.0,212.8,ADAPTIVE,8.62378166667,3.385
2020-02-19T21:01:39+00:00,15.9,32.0,212.7,ADAPTIVE,8.62731944444,3.384
2020-02-19T21:01:43+00:00,15.9,32.0,212.7,ADAPTIVE,8.63087111111,3.387
2020-02-19T21:01:47+00:00,15.9,32.0,212.8,ADAPTIVE,8.634410277779999,3.389
2020-02-19T21:01:51+00:00,16.0,32.0,212.8,ADAPTIVE,8.637961944439999,3.388
2020-02-19T21:01:55+00:00,15.9,32.0,212.8,ADAPTIVE,8.641515833329999,3.385
2020-02-19T21:01:59+00:00,16.0,32.0,212.8,ADAPTIVE,8.64505166667,3.381
2020-02-19T21:02:03+00:00,16.0,32.0,212.9,ADAPTIVE,8.64860388889,3.392
2020-02-19T21:02:07+00:00,16.0,32.0,212.9,ADAPTIVE,8.652143611109999,3.385
2020-02-19T21:02:11+00:00,16.0,32.0,212.9,ADAPTIVE,8.6557,3.384
2020-02-19T21:02:15+00:00,15.9,32.0,212.9,ADAPTIVE,8.65923861111,3.383
2020-02-19T21:02:19+00:00,16.0,32.0,212.9,ADAPTIVE,8.66279444444,3.399
2020-02-19T21:02:22+00:00,15.9,32.0,212.8,ADAPTIVE,8.66633527778,3.3859999999999997
2020-02-19T21:02:26+00:00,16.0,32.0,212.9,ADAPTIVE,8.669889444439999,3.3939999999999997
2020-02-19T21:02:30+00:00,15.9,32.0,212.9,ADAPTIVE,8.67344416667,3.381
2020-02-19T21:02:34+00:00,16.0,32.0,212.8,ADAPTIVE,8.67698388889,3.3859999999999997
2020-02-19T21:02:38+00:00,16.0,32.0,212.9,ADAPTIVE,8.68054111111,3.391
2020-02-19T21:02:42+00:00,16.0,32.0,212.8,ADAPTIVE,8.684077777779999,3.389
2020-02-19T21:02:46+00:00,16.0,32.0,212.8,ADAPTIVE,8.68763055556,3.3859999999999997
2020-02-19T21:02:50+00:00,16.0,32.0,212.8,ADAPTIVE,8.69116805556,3.3859999999999997
2020-02-19T21:02:54+00:00,15.9,32.0,212.9,ADAPTIVE,8.69472166667,3.381
2020-02-19T21:02:58+00:00,15.9,32.0,212.9,ADAPTIVE,8.69825972222,3.384
2020-02-19T21:03:02+00:00,16.0,32.0,212.7,ADAPTIVE,8.701812499999999,3.392
2020-02-19T21:03:06+00:00,15.9,32.0,212.8,ADAPTIVE,8.705350555559999,3.392
2020-02-19T21:03:10+00:00,16.0,32.0,212.8,ADAPTIVE,8.70890527778,3.387
2020-02-19T21:03:14+00:00,15.9,32.0,212.9,ADAPTIVE,8.712443333329999,3.387
2020-02-19T21:03:18+00:00,15.9,32.0,212.8,ADAPTIVE,8.71599916667,3.383
2020-02-19T21:03:22+00:00,16.0,32.0,213.0,ADAPTIVE,8.7195375,3.3939999999999997
2020-02-19T21:03:26+00:00,16.0,32.0,212.9,ADAPTIVE,8.72309166667,3.391
2020-02-19T21:03:29+00:00,16.0,32.0,212.9,ADAPTIVE,8.72663027778,3.384
2020-02-19T21:03:33+00:00,16.0,32.0,212.9,ADAPTIVE,8.730184444439999,3.3899999999999997
2020-02-19T21:03:37+00:00,16.0,32.0,212.9,ADAPTIVE,8.73372388889,3.395
2020-02-19T21:03:41+00:00,16.0,32.0,212.9,ADAPTIVE,8.7372775,3.385
2020-02-19T21:03:45+00:00,15.9,32.0,212.9,ADAPTIVE,8.740817222219999,3.385
2020-02-19T21:03:49+00:00,15.9,32.0,212.8,ADAPTIVE,8.74435694444,3.383
2020-02-19T21:03:53+00:00,15.9,32.0,212.9,ADAPTIVE,8.74790805556,3.384
2020-02-19T21:03:57+00:00,16.0,32.0,212.7,ADAPTIVE,8.75144666667,3.3859999999999997
2020-02-19T21:04:01+00:00,16.0,32.0,212.9,ADAPTIVE,8.75500111111,3.3899999999999997
2020-02-19T21:04:05+00:00,15.9,32.0,212.8,ADAPTIVE,8.75854,3.3819999999999997
2020-02-19T21:04:09+00:00,15.9,32.0,212.8,ADAPTIVE,8.762078333329999,3.3859999999999997
2020-02-19T21:04:13+00:00,15.9,32.0,212.9,ADAPTIVE,8.76562944444,3.389
2020-02-19T21:04:17+00:00,16.0,32.0,212.9,ADAPTIVE,8.769168333329999,3.3899999999999997
2020-02-19T21:04:21+00:00,16.0,32.0,213.0,ADAPTIVE,8.77272,3.392
2020-02-19T21:04:25+00:00,16.0,32.0,212.9,ADAPTIVE,8.77625611111,3.388
2020-02-19T21:04:29+00:00,16.0,32.0,212.9,ADAPTIVE,8.77980972222,3.388
2020-02-19T21:04:33+00:00,15.9,32.0,212.9,ADAPTIVE,8.78334638889,3.385
2020-02-19T21:04:36+00:00,15.9,32.0,212.9,ADAPTIVE,8.78690416667,3.385
2020-02-19T21:04:40+00:00,15.9,32.0,212.9,ADAPTIVE,8.79044333333,3.385
2020-02-19T21:04:44+00:00,16.0,32.0,212.9,ADAPTIVE,8.793985555559999,3.395
2020-02-19T21:04:48+00:00,15.9,32.0,212.9,ADAPTIVE,8.797541944439999,3.385
2020-02-19T21:04:52+00:00,15.9,32.0,213.0,ADAPTIVE,8.80108166667,3.392
2020-02-19T21:04:56+00:00,15.9,32.0,212.9,ADAPTIVE,8.8046375,3.388
2020-02-19T21:05:00+00:00,15.9,32.0,213.0,ADAPTIVE,8.80817722222,3.381
2020-02-19T21:05:04+00:00,16.0,32.0,213.0,ADAPTIVE,8.81173138889,3.3899999999999997
2020-02-19T21:05:08+00:00,16.0,32.0,213.0,ADAPTIVE,8.81527361111,3.3939999999999997
2020-02-19T21:05:12+00:00,15.9,32.0,213.1,ADAPTIVE,8.81881416667,3.397
2020-02-19T21:05:16+00:00,15.9,32.0,212.9,ADAPTIVE,8.82236833333,3.3859999999999997
2020-02-19T21:05:20+00:00,16.0,32.0,212.9,ADAPTIVE,8.82590805556,3.395
2020-02-19T21:05:24+00:00,16.0,32.0,213.1,ADAPTIVE,8.829464999999999,3.396
2020-02-19T21:05:28+00:00,15.9,32.0,213.0,ADAPTIVE,8.83300722222,3.391
2020-02-19T21:05:32+00:00,15.9,32.0,213.0,ADAPTIVE,8.8365475,3.381
2020-02-19T21:05:36+00:00,15.9,32.0,213.0,ADAPTIVE,8.84010277778,3.3939999999999997
2020-02-19T21:05:40+00:00,15.9,32.0,213.0,ADAPTIVE,8.843644444439999,3.392
2020-02-19T21:05:43+00:00,15.9,32.0,212.9,ADAPTIVE,8.84720194444,3.389
2020-02-19T21:05:47+00:00,16.0,32.0,212.9,ADAPTIVE,8.85074,3.392
2020-02-19T21:05:51+00:00,16.0,32.0,212.8,ADAPTIVE,8.85429388889,3.387
2020-02-19T21:05:55+00:00,16.0,32.0,212.9,ADAPTIVE,8.857832222219999,3.38
2020-02-19T21:05:59+00:00,16.0,32.0,212.9,ADAPTIVE,8.8613875,3.3859999999999997
2020-02-19T21:06:03+00:00,16.0,32.0,212.8,ADAPTIVE,8.86492583333,3.393
2020-02-19T21:06:07+00:00,16.0,32.0,212.8,ADAPTIVE,8.86847916667,3.3859999999999997
2020-02-19T21:06:11+00:00,16.0,32.0,212.9,ADAPTIVE,8.87201722222,3.3819999999999997
2020-02-19T21:06:15+00:00,16.0,32.0,212.7,ADAPTIVE,8.87557,3.387
2020-02-19T21:06:19+00:00,16.0,32.0,212.9,ADAPTIVE,8.87910888889,3.388
2020-02-19T21:06:23+00:00,16.0,32.0,212.7,ADAPTIVE,8.88266166667,3.389
2020-02-19T21:06:27+00:00,16.0,32.0,212.8,ADAPTIVE,8.88620083333,3.383
2020-02-19T21:06:31+00:00,16.0,32.0,212.8,ADAPTIVE,8.88975388889,3.388
2020-02-19T21:06:35+00:00,16.0,32.0,212.7,ADAPTIVE,8.89328888889,3.3899999999999997
2020-02-19T21:06:39+00:00,16.0,32.0,212.8,ADAPTIVE,8.89684,3.38
2020-02-19T21:06:43+00:00,16.0,32.0,212.7,ADAPTIVE,8.90037805556,3.387
2020-02-19T21:06:46+00:00,16.0,32.0,212.7,ADAPTIVE,8.903930277779999,3.3819999999999997
2020-02-19T21:06:50+00:00,16.0,32.0,212.7,ADAPTIVE,8.907467777779999,3.3819999999999997
2020-02-19T21:06:54+00:00,16.0,32.0,212.7,ADAPTIVE,8.911018333329999,3.392
2020-02-19T21:06:58+00:00,16.0,32.0,212.7,ADAPTIVE,8.91455527778,3.3859999999999997
2020-02-19T21:07:02+00:00,16.0,32.0,212.7,ADAPTIVE,8.918106666669999,3.387
2020-02-19T21:07:06+00:00,15.9,32.0,212.7,ADAPTIVE,8.92164388889,3.38
2020-02-19T21:07:10+00:00,15.9,32.0,212.9,ADAPTIVE,8.92519722222,3.388
2020-02-19T21:07:14+00:00,15.9,32.0,212.7,ADAPTIVE,8.92873361111,3.3819999999999997
2020-02-19T21:07:18+00:00,16.0,32.0,212.7,ADAPTIVE,8.932284444439999,3.391
2020-02-19T21:07:22+00:00,16.0,32.0,212.7,ADAPTIVE,8.93581972222,3.385
2020-02-19T21:07:26+00:00,16.0,32.0,212.9,ADAPTIVE,8.93937194444,3.38
2020-02-19T21:07:30+00:00,16.0,32.0,212.7,ADAPTIVE,8.94290861111,3.389
2020-02-19T21:07:34+00:00,16.0,32.0,212.7,ADAPTIVE,8.94645972222,3.379
2020-02-19T21:07:38+00:00,16.0,32.0,212.7,ADAPTIVE,8.94999916667,3.387
2020-02-19T21:07:42+00:00,15.9,32.0,212.9,ADAPTIVE,8.95355583333,3.3819999999999997
2020-02-19T21:07:46+00:00,16.0,32.0,212.8,ADAPTIVE,8.95709444444,3.391
2020-02-19T21:07:50+00:00,16.0,32.0,212.9,ADAPTIVE,8.960648888889999,3.3899999999999997
2020-02-19T21:07:54+00:00,15.9,32.0,212.9,ADAPTIVE,8.96418916667,3.3859999999999997
2020-02-19T21:07:57+00:00,15.9,32.0,212.9,ADAPTIVE,8.96774305556,3.388
2020-02-19T21:08:01+00:00,15.9,32.0,212.8,ADAPTIVE,8.97128138889,3.392
2020-02-19T21:08:05+00:00,16.0,32.0,212.9,ADAPTIVE,8.97483388889,3.3939999999999997
2020-02-19T21:08:09+00:00,16.0,32.0,212.9,ADAPTIVE,8.97838916667,3.391
2020-02-19T21:08:13+00:00,15.9,32.0,212.9,ADAPTIVE,8.98192861111,3.389
2020-02-19T21:08:17+00:00,16.0,32.0,212.9,ADAPTIVE,8.985480277779999,3.389
2020-02-19T21:08:21+00:00,16.0,32.0,212.9,ADAPTIVE,8.98901888889,3.387
2020-02-19T21:08:25+00:00,16.0,32.0,212.9,ADAPTIVE,8.99257527778,3.393
2020-02-19T21:08:29+00:00,16.0,32.0,213.0,ADAPTIVE,8.99611361111,3.3859999999999997
2020-02-19T21:08:33+00:00,16.0,32.0,212.9,ADAPTIVE,8.99966833333,3.3859999999999997
2020-02-19T21:08:37+00:00,16.0,32.0,212.9,ADAPTIVE,9.003208333329999,3.3899999999999997
2020-02-19T21:08:41+00:00,16.0,32.0,212.8,ADAPTIVE,9.00676527778,3.384
2020-02-19T21:08:45+00:00,16.0,32.0,212.9,ADAPTIVE,9.01030527778,3.391
2020-02-19T21:08:49+00:00,16.0,32.0,212.9,ADAPTIVE,9.013858888889999,3.397
2020-02-19T21:08:53+00:00,16.0,32.0,212.9,ADAPTIVE,9.01740027778,3.383
2020-02-19T21:08:57+00:00,15.9,32.0,212.9,ADAPTIVE,9.02095194444,3.385
2020-02-19T21:09:00+00:00,15.9,32.0,212.9,ADAPTIVE,9.024490833329999,3.387
2020-02-19T21:09:04+00:00,16.0,32.0,213.0,ADAPTIVE,9.02804361111,3.396
2020-02-19T21:09:08+00:00,15.9,32.0,212.9,ADAPTIVE,9.03158194444,3.388
2020-02-19T21:09:12+00:00,15.9,32.0,212.9,ADAPTIVE,9.03513805556,3.387
2020-02-19T21:09:16+00:00,15.9,32.0,212.9,ADAPTIVE,9.03867638889,3.388
2020-02-19T21:09:20+00:00,15.9,32.0,212.9,ADAPTIVE,9.04223388889,3.389
2020-02-19T21:09:24+00:00,15.9,32.0,212.9,ADAPTIVE,9.04577277778,3.389
2020-02-19T21:09:28+00:00,15.9,32.0,212.9,ADAPTIVE,9.04932833333,3.388
2020-02-19T21:09:32+00:00,16.0,32.0,212.9,ADAPTIVE,9.052866666669999,3.393
2020-02-19T21:09:36+00:00,16.0,32.0,212.9,ADAPTIVE,9.05641972222,3.391
2020-02-19T21:09:40+00:00,16.0,32.0,212.9,ADAPTIVE,9.05995861111,3.3939999999999997
2020-02-19T21:09:44+00:00,16.0,32.0,212.9,ADAPTIVE,9.063513333329999,3.393
2020-02-19T21:09:48+00:00,16.0,32.0,212.9,ADAPTIVE,9.06704861111,3.3859999999999997
2020-02-19T21:09:52+00:00,15.9,32.0,212.9,ADAPTIVE,9.07060194444,3.3779999999999997
2020-02-19T21:09:56+00:00,16.0,32.0,212.9,ADAPTIVE,9.07414027778,3.389
2020-02-19T21:10:00+00:00,16.0,32.0,212.9,ADAPTIVE,9.07769388889,3.383
2020-02-19T21:10:04+00:00,16.0,32.0,212.8,ADAPTIVE,9.08123361111,3.3899999999999997
2020-02-19T21:10:07+00:00,16.0,32.0,212.9,ADAPTIVE,9.08478555556,3.388
2020-02-19T21:10:11+00:00,16.0,32.0,212.8,ADAPTIVE,9.088322222219999,3.3859999999999997
2020-02-19T21:10:15+00:00,15.9,32.0,212.9,ADAPTIVE,9.09187527778,3.379
2020-02-19T21:10:19+00:00,15.9,32.0,212.7,ADAPTIVE,9.09541555556,3.379
2020-02-19T21:10:23+00:00,15.9,32.0,212.9,ADAPTIVE,9.098967499999999,3.3779999999999997
2020-02-19T21:10:27+00:00,15.9,32.0,212.9,ADAPTIVE,9.102504722219999,3.388
2020-02-19T21:10:31+00:00,15.9,32.0,212.9,ADAPTIVE,9.106057222219999,3.387
2020-02-19T21:10:35+00:00,15.9,32.0,212.9,ADAPTIVE,9.109594444439999,3.393
2020-02-19T21:10:39+00:00,15.9,32.0,212.9,ADAPTIVE,9.1131475,3.387
2020-02-19T21:10:43+00:00,15.9,32.0,212.9,ADAPTIVE,9.11670111111,3.385
2020-02-19T21:10:47+00:00,15.9,32.0,212.9,ADAPTIVE,9.120239999999999,3.388
2020-02-19T21:10:51+00:00,15.9,32.0,212.7,ADAPTIVE,9.12378055556,3.392
2020-02-19T21:10:55+00:00,15.9,32.0,212.8,ADAPTIVE,9.12733277778,3.383
2020-02-19T21:10:59+00:00,15.9,32.0,212.9,ADAPTIVE,9.130867499999999,3.388
2020-02-19T21:11:03+00:00,15.9,32.0,212.8,ADAPTIVE,9.13441861111,3.389
2020-02-19T21:11:07+00:00,15.9,32.0,212.9,ADAPTIVE,9.13795388889,3.385
2020-02-19T21:11:11+00:00,16.0,32.0,212.9,ADAPTIVE,9.141506111109999,3.3819999999999997
2020-02-19T21:11:14+00:00,16.0,32.0,213.0,ADAPTIVE,9.14504444444,3.3859999999999997
2020-02-19T21:11:18+00:00,16.0,32.0,212.9,ADAPTIVE,9.14859972222,3.383
2020-02-19T21:11:22+00:00,16.0,32.0,212.9,ADAPTIVE,9.15213638889,3.393
2020-02-19T21:11:26+00:00,16.0,32.0,212.9,ADAPTIVE,9.155690833329999,3.4
2020-02-19T21:11:30+00:00,16.0,32.0,212.9,ADAPTIVE,9.159229999999999,3.389
2020-02-19T21:11:34+00:00,16.0,32.0,213.0,ADAPTIVE,9.16278638889,3.3979999999999997
2020-02-19T21:11:38+00:00,15.9,32.0,213.0,ADAPTIVE,9.166326666669999,3.385
2020-02-19T21:11:42+00:00,15.9,32.0,213.1,ADAPTIVE,9.16988444444,3.391
2020-02-19T21:11:46+00:00,15.9,32.0,213.0,ADAPTIVE,9.173425833329999,3.387
2020-02-19T21:11:50+00:00,15.9,32.0,212.9,ADAPTIVE,9.176981111109999,3.389
2020-02-19T21:11:54+00:00,15.9,32.0,213.0,ADAPTIVE,9.18052,3.384
2020-02-19T21:11:58+00:00,15.9,32.0,213.0,ADAPTIVE,9.184075,3.389
2020-02-19T21:12:02+00:00,15.9,32.0,213.0,ADAPTIVE,9.18761444444,3.389
2020-02-19T21:12:06+00:00,15.9,32.0,213.0,ADAPTIVE,9.19117055556,3.389
2020-02-19T21:12:10+00:00,16.0,32.0,213.0,ADAPTIVE,9.194709999999999,3.392
2020-02-19T21:12:14+00:00,15.9,32.0,212.9,ADAPTIVE,9.19825,3.3779999999999997
2020-02-19T21:12:18+00:00,15.9,32.0,212.9,ADAPTIVE,9.20180666667,3.391
2020-02-19T21:12:21+00:00,15.9,32.0,212.9,ADAPTIVE,9.20534722222,3.388
2020-02-19T21:12:25+00:00,15.9,32.0,212.9,ADAPTIVE,9.20890277778,3.387
2020-02-19T21:12:29+00:00,15.9,32.0,212.7,ADAPTIVE,9.21244194444,3.381
2020-02-19T21:12:33+00:00,16.0,32.0,212.9,ADAPTIVE,9.215996944439999,3.396
2020-02-19T21:12:37+00:00,15.9,32.0,212.9,ADAPTIVE,9.21953583333,3.385
2020-02-19T21:12:41+00:00,16.0,32.0,213.0,ADAPTIVE,9.223093333329999,3.4019999999999997
2020-02-19T21:12:45+00:00,16.0,32.0,213.0,ADAPTIVE,9.22663444444,3.395
2020-02-19T21:12:49+00:00,16.0,32.0,212.9,ADAPTIVE,9.23019027778,3.3899999999999997
2020-02-19T21:12:53+00:00,16.0,32.0,212.9,ADAPTIVE,9.23373138889,3.396
2020-02-19T21:12:57+00:00,15.9,32.0,212.9,ADAPTIVE,9.237285833329999,3.385
2020-02-19T21:13:01+00:00,15.9,32.0,212.9,ADAPTIVE,9.24082583333,3.392
2020-02-19T21:13:05+00:00,15.9,32.0,212.9,ADAPTIVE,9.24436388889,3.381
2020-02-19T21:13:09+00:00,15.9,32.0,213.0,ADAPTIVE,9.247919999999999,3.391
2020-02-19T21:13:13+00:00,16.0,32.0,213.0,ADAPTIVE,9.25146055556,3.392
2020-02-19T21:13:17+00:00,15.9,32.0,212.9,ADAPTIVE,9.255016111109999,3.3859999999999997
2020-02-19T21:13:21+00:00,16.0,32.0,212.9,ADAPTIVE,9.25855444444,3.3859999999999997
2020-02-19T21:13:25+00:00,16.0,32.0,212.9,ADAPTIVE,9.26210944444,3.385
2020-02-19T21:13:28+00:00,16.0,32.0,212.9,ADAPTIVE,9.26564972222,3.389
2020-02-19T21:13:32+00:00,16.0,32.0,212.9,ADAPTIVE,9.269204166669999,3.3939999999999997
2020-02-19T21:13:36+00:00,15.9,32.0,212.9,ADAPTIVE,9.27274305556,3.385
2020-02-19T21:13:40+00:00,15.9,32.0,212.9,ADAPTIVE,9.276298611109999,3.387
2020-02-19T21:13:44+00:00,15.9,32.0,212.9,ADAPTIVE,9.2798375,3.383
2020-02-19T21:13:48+00:00,15.9,32.0,213.1,ADAPTIVE,9.28339083333,3.388
2020-02-19T21:13:52+00:00,15.9,32.0,213.1,ADAPTIVE,9.286932777779999,3.388
2020-02-19T21:13:56+00:00,15.9,32.0,213.1,ADAPTIVE,9.29049027778,3.3859999999999997
2020-02-19T21:14:00+00:00,16.0,32.0,213.0,ADAPTIVE,9.29403027778,3.397
2020-02-19T21:14:04+00:00,16.0,32.0,213.1,ADAPTIVE,9.297587222219999,3.392
2020-02-19T21:14:08+00:00,16.0,32.0,213.0,ADAPTIVE,9.30112777778,3.388
2020-02-19T21:14:12+00:00,16.0,32.0,213.0,ADAPTIVE,9.304685555559999,3.3939999999999997
2020-02-19T21:14:16+00:00,16.0,32.0,213.0,ADAPTIVE,9.30822666667,3.3859999999999997
2020-02-19T21:14:20+00:00,16.0,32.0,213.1,ADAPTIVE,9.31178222222,3.392
2020-02-19T21:14:24+00:00,16.0,32.0,213.0,ADAPTIVE,9.315324166669999,3.3899999999999997
2020-02-19T21:14:28+00:00,16.0,32.0,213.0,ADAPTIVE,9.318875833329999,3.3859999999999997
2020-02-19T21:14:32+00:00,15.9,32.0,212.9,ADAPTIVE,9.32241805556,3.3859999999999997
2020-02-19T21:14:35+00:00,15.9,32.0,213.0,ADAPTIVE,9.325955,3.389
2020-02-19T21:14:39+00:00,15.9,32.0,212.9,ADAPTIVE,9.32951111111,3.389
2020-02-19T21:14:43+00:00,16.0,32.0,213.0,ADAPTIVE,9.33305027778,3.396
2020-02-19T21:14:47+00:00,16.0,32.0,212.9,ADAPTIVE,9.33660527778,3.391
2020-02-19T21:14:51+00:00,16.0,32.0,212.9,ADAPTIVE,9.34014416667,3.3899999999999997
2020-02-19T21:14:55+00:00,15.9,32.0,213.0,ADAPTIVE,9.34368388889,3.391
2020-02-19T21:14:59+00:00,16.0,32.0,212.9,ADAPTIVE,9.3472375,3.395
2020-02-19T21:15:03+00:00,16.0,32.0,212.9,ADAPTIVE,9.35077833333,3.388
2020-02-19T21:15:07+00:00,16.0,32.0,212.8,ADAPTIVE,9.3543325,3.388
2020-02-19T21:15:11+00:00,15.9,32.0,212.9,ADAPTIVE,9.357875,3.3899999999999997
2020-02-19T21:15:15+00:00,16.0,32.0,212.9,ADAPTIVE,9.36141472222,3.4
2020-02-19T21:15:19+00:00,16.0,32.0,213.0,ADAPTIVE,9.3649725,3.388
2020-02-19T21:15:23+00:00,15.9,32.0,212.9,ADAPTIVE,9.36851222222,3.3899999999999997
2020-02-19T21:15:27+00:00,15.9,32.0,212.9,ADAPTIVE,9.37205388889,3.381
2020-02-19T21:15:31+00:00,16.0,32.0,212.9,ADAPTIVE,9.3756075,3.387
2020-02-19T21:15:35+00:00,15.9,32.0,212.9,ADAPTIVE,9.3791475,3.389
2020-02-19T21:15:39+00:00,15.9,32.0,212.9,ADAPTIVE,9.38268888889,3.384
2020-02-19T21:15:42+00:00,16.0,32.0,212.9,ADAPTIVE,9.38624638889,3.396
2020-02-19T21:15:46+00:00,16.0,32.0,212.9,ADAPTIVE,9.38978638889,3.389
2020-02-19T21:15:50+00:00,15.9,32.0,212.8,ADAPTIVE,9.39333777778,3.3859999999999997
2020-02-19T21:15:54+00:00,15.9,32.0,212.8,ADAPTIVE,9.39687555556,3.387
2020-02-19T21:15:58+00:00,16.0,32.0,212.9,ADAPTIVE,9.40041194444,3.389
2020-02-19T21:16:02+00:00,16.0,32.0,212.8,ADAPTIVE,9.40396555556,3.391
2020-02-19T21:16:06+00:00,16.0,32.0,212.9,ADAPTIVE,9.407505,3.3899999999999997
2020-02-19T21:16:10+00:00,15.9,32.0,212.9,ADAPTIVE,9.41104527778,3.393
2020-02-19T21:16:14+00:00,15.9,32.0,212.9,ADAPTIVE,9.41459833333,3.379
2020-02-19T21:16:18+00:00,16.0,32.0,212.8,ADAPTIVE,9.41813611111,3.396
2020-02-19T21:16:22+00:00,15.9,32.0,212.9,ADAPTIVE,9.421674999999999,3.388
2020-02-19T21:16:26+00:00,16.0,32.0,212.8,ADAPTIVE,9.42522916667,3.388
2020-02-19T21:16:30+00:00,16.0,32.0,212.9,ADAPTIVE,9.42876777778,3.385
2020-02-19T21:16:34+00:00,16.0,32.0,212.8,ADAPTIVE,9.43232222222,3.388
2020-02-19T21:16:38+00:00,15.9,32.0,212.8,ADAPTIVE,9.43586027778,3.385
2020-02-19T21:16:42+00:00,15.9,32.0,212.7,ADAPTIVE,9.43939916667,3.38
2020-02-19T21:16:46+00:00,16.0,32.0,212.9,ADAPTIVE,9.442951944439999,3.388
2020-02-19T21:16:49+00:00,16.0,32.0,212.9,ADAPTIVE,9.44649361111,3.391
2020-02-19T21:16:53+00:00,16.0,32.0,212.9,ADAPTIVE,9.45004638889,3.389
2020-02-19T21:16:57+00:00,15.9,32.0,212.8,ADAPTIVE,9.453584444439999,3.385
2020-02-19T21:17:01+00:00,15.9,32.0,212.8,ADAPTIVE,9.4571375,3.383
2020-02-19T21:17:05+00:00,15.9,32.0,212.8,ADAPTIVE,9.46067638889,3.3819999999999997
2020-02-19T21:17:09+00:00,15.9,32.0,212.9,ADAPTIVE,9.464213888889999,3.383
2020-02-19T21:17:13+00:00,16.0,32.0,212.9,ADAPTIVE,9.467767777779999,3.387
2020-02-19T21:17:17+00:00,16.0,32.0,212.8,ADAPTIVE,9.471305277779999,3.391
2020-02-19T21:17:21+00:00,16.0,32.0,212.8,ADAPTIVE,9.47485888889,3.388
2020-02-19T21:17:25+00:00,16.0,32.0,212.9,ADAPTIVE,9.47839555556,3.385
2020-02-19T21:17:29+00:00,16.0,32.0,212.8,ADAPTIVE,9.48195055556,3.3819999999999997
2020-02-19T21:17:33+00:00,16.0,32.0,212.9,ADAPTIVE,9.4854875,3.389
2020-02-19T21:17:37+00:00,16.0,32.0,212.9,ADAPTIVE,9.48904166667,3.388
2020-02-19T21:17:41+00:00,15.9,32.0,212.8,ADAPTIVE,9.492576388889999,3.376
2020-02-19T21:17:45+00:00,15.9,32.0,212.9,ADAPTIVE,9.49611166667,3.389
2020-02-19T21:17:49+00:00,15.9,32.0,212.9,ADAPTIVE,9.49966361111,3.385
2020-02-19T21:17:53+00:00,15.9,32.0,212.8,ADAPTIVE,9.50320055556,3.389
2020-02-19T21:17:56+00:00,15.9,32.0,212.7,ADAPTIVE,9.50675361111,3.384
2020-02-19T21:18:00+00:00,15.9,32.0,212.9,ADAPTIVE,9.510292222219999,3.379
2020-02-19T21:18:04+00:00,16.0,32.0,212.8,ADAPTIVE,9.51384305556,3.388
2020-02-19T21:18:08+00:00,16.0,32.0,212.7,ADAPTIVE,9.517378611109999,3.3819999999999997
2020-02-19T21:18:12+00:00,16.0,32.0,212.7,ADAPTIVE,9.520927777779999,3.391
2020-02-19T21:18:16+00:00,16.0,32.0,212.7,ADAPTIVE,9.52446472222,3.381
2020-02-19T21:18:20+00:00,16.0,32.0,212.7,ADAPTIVE,9.528015,3.3859999999999997
2020-02-19T21:18:24+00:00,15.9,32.0,212.7,ADAPTIVE,9.531548333329999,3.381
2020-02-19T21:18:28+00:00,15.9,32.0,212.6,ADAPTIVE,9.53508083333,3.387
2020-02-19T21:18:32+00:00,15.9,32.0,212.7,ADAPTIVE,9.53863083333,3.381
2020-02-19T21:18:36+00:00,16.1,32.0,212.7,ADAPTIVE,9.54216861111,3.397
2020-02-19T21:18:40+00:00,15.9,32.0,212.8,ADAPTIVE,9.5457225,3.387
2020-02-19T21:18:44+00:00,16.0,32.0,212.7,ADAPTIVE,9.549256388889999,3.3899999999999997
2020-02-19T21:18:48+00:00,15.9,32.0,212.7,ADAPTIVE,9.55279583333,3.383
2020-02-19T21:18:52+00:00,16.0,32.0,212.6,ADAPTIVE,9.556346111109999,3.3819999999999997
2020-02-19T21:18:56+00:00,15.9,32.0,212.7,ADAPTIVE,9.55988055556,3.3779999999999997
2020-02-19T21:19:00+00:00,15.9,32.0,212.6,ADAPTIVE,9.56341694444,3.383
2020-02-19T21:19:03+00:00,15.9,32.0,212.7,ADAPTIVE,9.56696555556,3.385
2020-02-19T21:19:07+00:00,16.0,32.0,212.7,ADAPTIVE,9.57050055556,3.383
2020-02-19T21:19:11+00:00,16.0,32.0,212.7,ADAPTIVE,9.57404972222,3.377
2020-02-19T21:19:15+00:00,16.0,32.0,212.8,ADAPTIVE,9.57758694444,3.389
2020-02-19T21:19:19+00:00,15.9,32.0,212.7,ADAPTIVE,9.58112555556,3.381
2020-02-19T21:19:23+00:00,15.9,32.0,212.7,ADAPTIVE,9.58467611111,3.384
2020-02-19T21:19:27+00:00,15.9,32.0,212.7,ADAPTIVE,9.5882125,3.389
2020-02-19T21:19:31+00:00,16.0,32.0,212.7,ADAPTIVE,9.59176416667,3.381
2020-02-19T21:19:35+00:00,16.0,32.0,212.7,ADAPTIVE,9.59529972222,3.387
2020-02-19T21:19:39+00:00,16.0,32.0,212.7,ADAPTIVE,9.598851666669999,3.38
2020-02-19T21:19:43+00:00,16.0,32.0,212.7,ADAPTIVE,9.602385833329999,3.3939999999999997
2020-02-19T21:19:47+00:00,16.0,32.0,212.7,ADAPTIVE,9.605934444439999,3.381
2020-02-19T21:19:51+00:00,16.0,32.0,212.7,ADAPTIVE,9.60946972222,3.3859999999999997
2020-02-19T21:19:55+00:00,15.9,32.0,212.7,ADAPTIVE,9.613019999999999,3.38
2020-02-19T21:19:59+00:00,16.0,32.0,212.7,ADAPTIVE,9.616555833329999,3.391
2020-02-19T21:20:03+00:00,15.9,32.0,212.7,ADAPTIVE,9.620093611109999,3.3779999999999997
2020-02-19T21:20:07+00:00,16.0,32.0,212.7,ADAPTIVE,9.623645833329999,3.388
2020-02-19T21:20:10+00:00,15.9,32.0,212.8,ADAPTIVE,9.627183333329999,3.387
2020-02-19T21:20:14+00:00,16.0,32.0,212.7,ADAPTIVE,9.63073388889,3.388
2020-02-19T21:20:18+00:00,16.0,32.0,212.7,ADAPTIVE,9.634268333329999,3.38
2020-02-19T21:20:22+00:00,16.0,32.0,212.6,ADAPTIVE,9.63781833333,3.3859999999999997
2020-02-19T21:20:26+00:00,15.9,32.0,212.7,ADAPTIVE,9.64135222222,3.377
2020-02-19T21:20:30+00:00,15.9,32.0,212.6,ADAPTIVE,9.64488666667,3.3859999999999997
2020-02-19T21:20:34+00:00,15.9,32.0,212.7,ADAPTIVE,9.648435277779999,3.3819999999999997
2020-02-19T21:20:38+00:00,16.0,32.0,212.7,ADAPTIVE,9.65197027778,3.392
2020-02-19T21:20:42+00:00,16.0,32.0,212.7,ADAPTIVE,9.65551972222,3.383
2020-02-19T21:20:46+00:00,15.9,32.0,212.7,ADAPTIVE,9.659056111109999,3.387
2020-02-19T21:20:50+00:00,15.9,32.0,212.7,ADAPTIVE,9.66259027778,3.387
2020-02-19T21:20:54+00:00,16.0,32.0,212.7,ADAPTIVE,9.66613916667,3.385
2020-02-19T21:20:58+00:00,16.0,32.0,212.7,ADAPTIVE,9.66967361111,3.385
2020-02-19T21:21:02+00:00,16.0,32.0,212.7,ADAPTIVE,9.67322277778,3.384
2020-02-19T21:21:06+00:00,15.9,32.0,212.7,ADAPTIVE,9.676756111109999,3.387
2020-02-19T21:21:10+00:00,15.9,32.0,212.7,ADAPTIVE,9.68029027778,3.389
2020-02-19T21:21:14+00:00,16.0,32.0,212.7,ADAPTIVE,9.68383916667,3.3899999999999997
2020-02-19T21:21:17+00:00,16.0,32.0,212.6,ADAPTIVE,9.68737166667,3.381
2020-02-19T21:21:21+00:00,16.0,32.0,212.6,ADAPTIVE,9.69092166667,3.3779999999999997
2020-02-19T21:21:25+00:00,16.0,32.0,212.7,ADAPTIVE,9.69445638889,3.385
2020-02-19T21:21:29+00:00,16.0,32.0,212.7,ADAPTIVE,9.69800388889,3.381
2020-02-19T21:21:33+00:00,15.9,32.0,212.6,ADAPTIVE,9.70153805556,3.3859999999999997
2020-02-19T21:21:37+00:00,15.9,32.0,212.7,ADAPTIVE,9.70507388889,3.3819999999999997
2020-02-19T21:21:41+00:00,15.9,32.0,212.7,ADAPTIVE,9.708624166669999,3.384
2020-02-19T21:21:45+00:00,16.0,32.0,212.7,ADAPTIVE,9.71215805556,3.375
2020-02-19T21:21:49+00:00,16.0,32.0,212.6,ADAPTIVE,9.71570805556,3.3859999999999997
2020-02-19T21:21:53+00:00,16.0,32.0,212.7,ADAPTIVE,9.71924277778,3.3779999999999997
2020-02-19T21:21:57+00:00,16.0,32.0,212.7,ADAPTIVE,9.722792222219999,3.388
2020-02-19T21:22:01+00:00,15.9,32.0,212.7,ADAPTIVE,9.7263275,3.387
2020-02-19T21:22:05+00:00,15.9,32.0,212.7,ADAPTIVE,9.72986222222,3.388
2020-02-19T21:22:09+00:00,16.0,32.0,212.7,ADAPTIVE,9.73341138889,3.3899999999999997
2020-02-19T21:22:13+00:00,16.0,32.0,212.7,ADAPTIVE,9.736945,3.384
2020-02-19T21:22:17+00:00,16.0,32.0,212.5,ADAPTIVE,9.74049416667,3.3859999999999997
2020-02-19T21:22:21+00:00,15.9,32.0,212.7,ADAPTIVE,9.74402916667,3.377
2020-02-19T21:22:24+00:00,15.9,32.0,212.7,ADAPTIVE,9.74756222222,3.387
2020-02-19T21:22:28+00:00,15.9,32.0,212.7,ADAPTIVE,9.75111388889,3.379
2020-02-19T21:22:32+00:00,16.0,32.0,212.7,ADAPTIVE,9.75464722222,3.3819999999999997
2020-02-19T21:22:36+00:00,16.0,32.0,212.7,ADAPTIVE,9.7581975,3.381
2020-02-19T21:22:40+00:00,16.0,32.0,212.7,ADAPTIVE,9.76173194444,3.385
2020-02-19T21:22:44+00:00,15.9,32.0,212.7,ADAPTIVE,9.765268888889999,3.38
2020-02-19T21:22:48+00:00,15.9,32.0,212.7,ADAPTIVE,9.76882,3.381
2020-02-19T21:22:52+00:00,16.0,32.0,212.7,ADAPTIVE,9.772355555559999,3.3859999999999997
2020-02-19T21:22:56+00:00,16.0,32.0,212.7,ADAPTIVE,9.775906944439999,3.38
2020-02-19T21:23:00+00:00,16.0,32.0,212.7,ADAPTIVE,9.77944277778,3.385
2020-02-19T21:23:04+00:00,16.0,32.0,212.7,ADAPTIVE,9.78298888889,3.3819999999999997
2020-02-19T21:23:08+00:00,15.9,32.0,212.6,ADAPTIVE,9.786523611109999,3.3859999999999997
2020-02-19T21:23:12+00:00,15.9,32.0,212.5,ADAPTIVE,9.79005722222,3.387
2020-02-19T21:23:16+00:00,15.9,32.0,212.7,ADAPTIVE,9.793607222219999,3.3819999999999997
2020-02-19T21:23:20+00:00,16.0,32.0,212.7,ADAPTIVE,9.797139444439999,3.376
2020-02-19T21:23:24+00:00,16.0,32.0,212.6,ADAPTIVE,9.80068638889,3.3819999999999997
2020-02-19T21:23:28+00:00,16.0,32.0,212.7,ADAPTIVE,9.80421916667,3.3819999999999997
2020-02-19T21:23:31+00:00,15.9,32.0,212.6,ADAPTIVE,9.807766944439999,3.3819999999999997
2020-02-19T21:23:35+00:00,15.9,32.0,212.6,ADAPTIVE,9.8113025,3.381
2020-02-19T21:23:39+00:00,15.9,32.0,212.7,ADAPTIVE,9.81483805556,3.3819999999999997
2020-02-19T21:23:43+00:00,16.0,32.0,212.6,ADAPTIVE,9.818388611109999,3.38
2020-02-19T21:23:47+00:00,16.0,32.0,212.7,ADAPTIVE,9.82192222222,3.392
2020-02-19T21:23:51+00:00,16.0,32.0,212.7,ADAPTIVE,9.8254725,3.383
2020-02-19T21:23:55+00:00,15.9,32.0,212.7,ADAPTIVE,9.82900916667,3.387
2020-02-19T21:23:59+00:00,15.9,32.0,212.7,ADAPTIVE,9.832545,3.3859999999999997
2020-02-19T21:24:03+00:00,15.9,32.0,212.7,ADAPTIVE,9.83609555556,3.38
2020-02-19T21:24:07+00:00,16.0,32.0,212.5,ADAPTIVE,9.83963027778,3.388
2020-02-19T21:24:11+00:00,16.0,32.0,212.5,ADAPTIVE,9.84317777778,3.38
2020-02-19T21:24:15+00:00,15.9,32.0,212.7,ADAPTIVE,9.84671027778,3.381
2020-02-19T21:24:19+00:00,15.9,32.0,212.7,ADAPTIVE,9.850243611109999,3.3859999999999997
2020-02-19T21:24:23+00:00,16.0,32.0,212.7,ADAPTIVE,9.85379388889,3.3899999999999997
2020-02-19T21:24:27+00:00,16.0,32.0,212.6,ADAPTIVE,9.85732944444,3.393
2020-02-19T21:24:31+00:00,16.0,32.0,212.7,ADAPTIVE,9.86087944444,3.3819999999999997
2020-02-19T21:24:34+00:00,15.9,32.0,212.6,ADAPTIVE,9.86441416667,3.38
2020-02-19T21:24:38+00:00,15.9,32.0,212.7,ADAPTIVE,9.86794861111,3.389
2020-02-19T21:24:42+00:00,15.9,32.0,212.8,ADAPTIVE,9.871498611109999,3.38
2020-02-19T21:24:46+00:00,16.0,32.0,212.8,ADAPTIVE,9.87503361111,3.383
2020-02-19T21:24:50+00:00,16.0,32.0,212.8,ADAPTIVE,9.87858638889,3.385
2020-02-19T21:24:54+00:00,16.0,32.0,212.9,ADAPTIVE,9.882124722219999,3.383
2020-02-19T21:24:58+00:00,15.9,32.0,212.7,ADAPTIVE,9.88567611111,3.381
2020-02-19T21:25:02+00:00,15.9,32.0,212.9,ADAPTIVE,9.8892125,3.384
2020-02-19T21:25:06+00:00,15.9,32.0,212.7,ADAPTIVE,9.89275055556,3.384
2020-02-19T21:25:10+00:00,16.0,32.0,212.9,ADAPTIVE,9.8963025,3.388
2020-02-19T21:25:14+00:00,16.0,32.0,212.7,ADAPTIVE,9.89984222222,3.385
2020-02-19T21:25:18+00:00,16.0,32.0,212.9,ADAPTIVE,9.90339361111,3.387
2020-02-19T21:25:22+00:00,15.9,32.0,212.9,ADAPTIVE,9.90693,3.379
2020-02-19T21:25:26+00:00,15.9,32.0,212.9,ADAPTIVE,9.910466388889999,3.3779999999999997
2020-02-19T21:25:30+00:00,15.9,32.0,212.7,ADAPTIVE,9.914018333329999,3.3859999999999997
2020-02-19T21:25:34+00:00,15.9,32.0,212.8,ADAPTIVE,9.91755555556,3.389
2020-02-19T21:25:38+00:00,15.9,32.0,212.8,ADAPTIVE,9.92110666667,3.3859999999999997
2020-02-19T21:25:42+00:00,15.9,32.0,212.8,ADAPTIVE,9.92464444444,3.388
2020-02-19T21:25:45+00:00,16.0,32.0,212.7,ADAPTIVE,9.92819722222,3.3979999999999997
2020-02-19T21:25:49+00:00,15.9,32.0,212.8,ADAPTIVE,9.93173527778,3.388
2020-02-19T21:25:53+00:00,15.9,32.0,212.8,ADAPTIVE,9.935289444439999,3.383
2020-02-19T21:25:57+00:00,15.9,32.0,212.7,ADAPTIVE,9.93883972222,3.3819999999999997
2020-02-19T21:26:01+00:00,16.0,32.0,212.9,ADAPTIVE,9.942376111109999,3.397
2020-02-19T21:26:05+00:00,16.0,32.0,212.9,ADAPTIVE,9.94592888889,3.383
2020-02-19T21:26:09+00:00,16.0,32.0,212.9,ADAPTIVE,9.949467777779999,3.383
2020-02-19T21:26:13+00:00,16.0,32.0,212.9,ADAPTIVE,9.95302361111,3.3939999999999997
2020-02-19T21:26:17+00:00,15.9,32.0,213.0,ADAPTIVE,9.9565625,3.383
2020-02-19T21:26:21+00:00,16.0,32.0,212.9,ADAPTIVE,9.96011638889,3.392
2020-02-19T21:26:25+00:00,16.0,32.0,212.9,ADAPTIVE,9.96365722222,3.391
2020-02-19T21:26:29+00:00,16.0,32.0,212.9,ADAPTIVE,9.967212222219999,3.392
2020-02-19T21:26:33+00:00,15.9,32.0,212.9,ADAPTIVE,9.97075194444,3.391
2020-02-19T21:26:37+00:00,15.9,32.0,212.9,ADAPTIVE,9.97429,3.388
2020-02-19T21:26:41+00:00,15.9,32.0,213.0,ADAPTIVE,9.97784388889,3.384
2020-02-19T21:26:45+00:00,16.0,32.0,212.9,ADAPTIVE,9.98138472222,3.393
2020-02-19T21:26:48+00:00,16.0,32.0,213.0,ADAPTIVE,9.98493944444,3.389
2020-02-19T21:26:52+00:00,16.0,32.0,212.9,ADAPTIVE,9.988478333329999,3.385
2020-02-19T21:26:56+00:00,15.9,32.0,213.0,ADAPTIVE,9.992033888889999,3.384
2020-02-19T21:27:00+00:00,15.9,32.0,212.9,ADAPTIVE,9.995569722219999,3.392
2020-02-19T21:27:04+00:00,15.9,32.0,213.0,ADAPTIVE,9.99911194444,3.384
2020-02-19T21:27:08+00:00,16.0,32.0,212.9,ADAPTIVE,10.0026675,3.387
2020-02-19T21:27:12+00:00,16.0,32.0,212.9,ADAPTIVE,10.0062052778,3.3859999999999997
2020-02-19T21:27:16+00:00,15.9,32.0,212.9,ADAPTIVE,10.0097455556,3.3859999999999997
2020-02-19T21:27:20+00:00,16.0,32.0,212.9,ADAPTIVE,10.013300833299999,3.3979999999999997
2020-02-19T21:27:24+00:00,16.0,32.0,212.8,ADAPTIVE,10.0168413889,3.391
2020-02-19T21:27:28+00:00,16.0,32.0,212.9,ADAPTIVE,10.0203986111,3.387
2020-02-19T21:27:32+00:00,15.9,32.0,212.9,ADAPTIVE,10.0239358333,3.387
2020-02-19T21:27:36+00:00,16.0,32.0,212.9,ADAPTIVE,10.0274725,3.3939999999999997
2020-02-19T21:27:40+00:00,16.0,32.0,212.9,ADAPTIVE,10.0310275,3.3939999999999997
2020-02-19T21:27:44+00:00,15.9,32.0,212.9,ADAPTIVE,10.0345663889,3.377
2020-02-19T21:27:48+00:00,15.9,32.0,212.8,ADAPTIVE,10.038105,3.393
2020-02-19T21:27:52+00:00,15.9,32.0,212.9,ADAPTIVE,10.0416558333,3.391
2020-02-19T21:27:55+00:00,15.9,32.0,212.9,ADAPTIVE,10.045193611099998,3.385
2020-02-19T21:27:59+00:00,15.9,32.0,212.9,ADAPTIVE,10.0487461111,3.38
2020-02-19T21:28:03+00:00,15.9,32.0,212.9,ADAPTIVE,10.052283611099998,3.393
2020-02-19T21:28:07+00:00,15.9,32.0,212.9,ADAPTIVE,10.05584,3.396
2020-02-19T21:28:11+00:00,15.9,32.0,212.9,ADAPTIVE,10.0593794444,3.3939999999999997
2020-02-19T21:28:15+00:00,15.9,32.0,212.9,ADAPTIVE,10.062932499999999,3.388
2020-02-19T21:28:19+00:00,15.9,32.0,212.9,ADAPTIVE,10.066469999999999,3.3859999999999997
2020-02-19T21:28:23+00:00,15.9,32.0,212.9,ADAPTIVE,10.0700230556,3.3899999999999997
2020-02-19T21:28:27+00:00,15.9,32.0,212.9,ADAPTIVE,10.0735766667,3.387
2020-02-19T21:28:31+00:00,16.0,32.0,212.9,ADAPTIVE,10.077115,3.3899999999999997
2020-02-19T21:28:35+00:00,15.9,32.0,212.9,ADAPTIVE,10.0806697222,3.3859999999999997
2020-02-19T21:28:39+00:00,16.0,32.0,212.9,ADAPTIVE,10.0842086111,3.387
2020-02-19T21:28:43+00:00,16.0,32.0,212.9,ADAPTIVE,10.087761666699999,3.3859999999999997
2020-02-19T21:28:47+00:00,15.9,32.0,212.8,ADAPTIVE,10.0912986111,3.381
2020-02-19T21:28:51+00:00,15.9,32.0,212.9,ADAPTIVE,10.0948533333,3.387
2020-02-19T21:28:55+00:00,15.9,32.0,213.0,ADAPTIVE,10.098393333299999,3.391
2020-02-19T21:28:59+00:00,15.9,32.0,213.0,ADAPTIVE,10.1019338889,3.381
2020-02-19T21:29:03+00:00,16.0,32.0,213.0,ADAPTIVE,10.1054902778,3.393
2020-02-19T21:29:06+00:00,16.0,32.0,213.0,ADAPTIVE,10.1090330556,3.3939999999999997
2020-02-19T21:29:10+00:00,16.0,32.0,212.9,ADAPTIVE,10.1125891667,3.3939999999999997
2020-02-19T21:29:14+00:00,15.9,32.0,212.9,ADAPTIVE,10.1161308333,3.385
2020-02-19T21:29:18+00:00,15.9,32.0,212.9,ADAPTIVE,10.1196722222,3.3859999999999997
2020-02-19T21:29:22+00:00,16.0,32.0,213.0,ADAPTIVE,10.123226944399999,3.388
2020-02-19T21:29:26+00:00,16.0,32.0,213.0,ADAPTIVE,10.126769166699999,3.385
2020-02-19T21:29:30+00:00,16.0,32.0,213.0,ADAPTIVE,10.130322777799998,3.389
2020-02-19T21:29:34+00:00,16.0,32.0,212.9,ADAPTIVE,10.1338613889,3.389
2020-02-19T21:29:38+00:00,15.9,32.0,212.9,ADAPTIVE,10.137415277799999,3.391
2020-02-19T21:29:42+00:00,15.9,32.0,212.7,ADAPTIVE,10.140952777799999,3.3819999999999997
2020-02-19T21:29:46+00:00,15.9,32.0,212.8,ADAPTIVE,10.144491111099999,3.381
2020-02-19T21:29:50+00:00,16.0,32.0,212.8,ADAPTIVE,10.148042777799999,3.392
2020-02-19T21:29:54+00:00,16.0,32.0,212.9,ADAPTIVE,10.151580277799999,3.388
2020-02-19T21:29:58+00:00,15.9,32.0,212.8,ADAPTIVE,10.1551188889,3.3819999999999997
2020-02-19T21:30:02+00:00,15.9,32.0,212.8,ADAPTIVE,10.1586686111,3.381
2020-02-19T21:30:06+00:00,16.0,32.0,212.7,ADAPTIVE,10.162205277799998,3.3819999999999997
2020-02-19T21:30:09+00:00,16.0,32.0,212.8,ADAPTIVE,10.1657558333,3.3859999999999997
2020-02-19T21:30:13+00:00,15.9,32.0,212.9,ADAPTIVE,10.169292222200001,3.3979999999999997
2020-02-19T21:30:17+00:00,16.0,32.0,212.9,ADAPTIVE,10.172832777799998,3.384
2020-02-19T21:30:21+00:00,16.0,32.0,212.9,ADAPTIVE,10.1763858333,3.3859999999999997
2020-02-19T21:30:25+00:00,15.9,32.0,212.9,ADAPTIVE,10.1799236111,3.377
2020-02-19T21:30:29+00:00,15.9,32.0,212.9,ADAPTIVE,10.183460277799998,3.383
2020-02-19T21:30:33+00:00,16.0,32.0,212.9,ADAPTIVE,10.1870141667,3.387
2020-02-19T21:30:37+00:00,15.9,32.0,212.9,ADAPTIVE,10.1905533333,3.3819999999999997
2020-02-19T21:30:41+00:00,15.9,32.0,212.8,ADAPTIVE,10.1940955556,3.387
2020-02-19T21:30:45+00:00,16.0,32.0,212.9,ADAPTIVE,10.1976494444,3.393
2020-02-19T21:30:49+00:00,16.0,32.0,212.9,ADAPTIVE,10.2011877778,3.388
2020-02-19T21:30:53+00:00,16.0,32.0,212.9,ADAPTIVE,10.204740833299999,3.3939999999999997
2020-02-19T21:30:57+00:00,15.9,32.0,212.9,ADAPTIVE,10.2082780556,3.383
2020-02-19T21:31:01+00:00,15.9,32.0,212.9,ADAPTIVE,10.2118152778,3.3899999999999997
2020-02-19T21:31:05+00:00,16.0,32.0,212.8,ADAPTIVE,10.2153697222,3.384
2020-02-19T21:31:09+00:00,16.0,32.0,212.9,ADAPTIVE,10.2189094444,3.387
2020-02-19T21:31:13+00:00,16.0,32.0,212.8,ADAPTIVE,10.2224633333,3.389
2020-02-19T21:31:16+00:00,16.0,32.0,212.8,ADAPTIVE,10.2260030556,3.388
2020-02-19T21:31:20+00:00,16.0,32.0,212.9,ADAPTIVE,10.229557777799998,3.3859999999999997
2020-02-19T21:31:24+00:00,15.9,32.0,212.9,ADAPTIVE,10.233095277799999,3.3819999999999997
2020-02-19T21:31:28+00:00,16.0,32.0,212.9,ADAPTIVE,10.2366491667,3.387
2020-02-19T21:31:32+00:00,16.0,32.0,212.9,ADAPTIVE,10.2401877778,3.388
2020-02-19T21:31:36+00:00,16.0,32.0,212.9,ADAPTIVE,10.2437430556,3.385
2020-02-19T21:31:40+00:00,16.0,32.0,212.9,ADAPTIVE,10.2472811111,3.388
2020-02-19T21:31:44+00:00,16.0,32.0,212.9,ADAPTIVE,10.2508330556,3.389
2020-02-19T21:31:48+00:00,16.0,32.0,212.8,ADAPTIVE,10.2543691667,3.383
2020-02-19T21:31:52+00:00,16.0,32.0,212.8,ADAPTIVE,10.2579205556,3.384
2020-02-19T21:31:56+00:00,16.0,32.0,212.8,ADAPTIVE,10.2614572222,3.391
2020-02-19T21:32:00+00:00,16.0,32.0,212.7,ADAPTIVE,10.2650108333,3.379
2020-02-19T21:32:04+00:00,16.0,32.0,212.9,ADAPTIVE,10.2685483333,3.38
2020-02-19T21:32:08+00:00,16.0,32.0,212.8,ADAPTIVE,10.2721,3.384
2020-02-19T21:32:12+00:00,16.0,32.0,212.7,ADAPTIVE,10.275636666699999,3.376
2020-02-19T21:32:16+00:00,16.0,32.0,212.9,ADAPTIVE,10.279187499999999,3.387
2020-02-19T21:32:20+00:00,16.0,32.0,212.9,ADAPTIVE,10.282725,3.397
2020-02-19T21:32:23+00:00,16.0,32.0,212.8,ADAPTIVE,10.2862766667,3.387
2020-02-19T21:32:27+00:00,16.0,32.0,212.8,ADAPTIVE,10.289812777799998,3.384
2020-02-19T21:32:31+00:00,15.9,32.0,212.8,ADAPTIVE,10.293365,3.3779999999999997
2020-02-19T21:32:35+00:00,16.0,32.0,212.9,ADAPTIVE,10.2969027778,3.3939999999999997
2020-02-19T21:32:39+00:00,15.9,32.0,212.7,ADAPTIVE,10.300456666699999,3.387
2020-02-19T21:32:43+00:00,15.9,32.0,212.9,ADAPTIVE,10.303994999999999,3.387
2020-02-19T21:32:47+00:00,15.9,32.0,212.9,ADAPTIVE,10.3075488889,3.389
2020-02-19T21:32:51+00:00,16.0,32.0,212.9,ADAPTIVE,10.311103611099998,3.395
2020-02-19T21:32:55+00:00,16.0,32.0,212.9,ADAPTIVE,10.314641944399998,3.3859999999999997
2020-02-19T21:32:59+00:00,16.0,32.0,212.9,ADAPTIVE,10.3181952778,3.3899999999999997
2020-02-19T21:33:03+00:00,16.0,32.0,212.9,ADAPTIVE,10.3217358333,3.3779999999999997
2020-02-19T21:33:07+00:00,16.0,32.0,212.9,ADAPTIVE,10.325289999999999,3.391
2020-02-19T21:33:11+00:00,16.0,32.0,212.9,ADAPTIVE,10.328828611099999,3.3899999999999997
2020-02-19T21:33:15+00:00,16.0,32.0,212.9,ADAPTIVE,10.3323822222,3.389
2020-02-19T21:33:19+00:00,15.9,32.0,212.9,ADAPTIVE,10.335921388900001,3.387
2020-02-19T21:33:23+00:00,15.9,32.0,212.9,ADAPTIVE,10.3394758333,3.384
2020-02-19T21:33:27+00:00,15.9,32.0,212.9,ADAPTIVE,10.3430144444,3.3859999999999997
2020-02-19T21:33:30+00:00,15.9,32.0,212.9,ADAPTIVE,10.346567499999999,3.389
2020-02-19T21:33:34+00:00,15.9,32.0,212.7,ADAPTIVE,10.3501208333,3.3819999999999997
2020-02-19T21:33:38+00:00,15.9,32.0,212.7,ADAPTIVE,10.3536594444,3.3859999999999997
2020-02-19T21:33:42+00:00,16.0,32.0,212.8,ADAPTIVE,10.3572113889,3.3899999999999997
2020-02-19T21:33:46+00:00,15.9,32.0,212.9,ADAPTIVE,10.3607497222,3.384
2020-02-19T21:33:50+00:00,15.9,32.0,212.9,ADAPTIVE,10.3642869444,3.391
2020-02-19T21:33:54+00:00,15.9,32.0,212.9,ADAPTIVE,10.3678380556,3.383
2020-02-19T21:33:58+00:00,15.9,32.0,212.9,ADAPTIVE,10.371373888900001,3.387
2020-02-19T21:34:02+00:00,15.9,32.0,212.8,ADAPTIVE,10.374926666699999,3.384
2020-02-19T21:34:06+00:00,15.9,32.0,212.8,ADAPTIVE,10.378464444399999,3.3859999999999997
2020-02-19T21:34:10+00:00,16.0,32.0,212.9,ADAPTIVE,10.382015833299999,3.388
2020-02-19T21:34:14+00:00,16.0,32.0,212.9,ADAPTIVE,10.3855527778,3.384
2020-02-19T21:34:18+00:00,16.0,32.0,212.8,ADAPTIVE,10.389106944399998,3.3859999999999997
2020-02-19T21:34:22+00:00,16.0,32.0,212.9,ADAPTIVE,10.3926438889,3.396
2020-02-19T21:34:26+00:00,16.0,32.0,212.9,ADAPTIVE,10.3961966667,3.379
2020-02-19T21:34:30+00:00,16.0,32.0,212.9,ADAPTIVE,10.399735,3.3859999999999997
2020-02-19T21:34:33+00:00,16.0,32.0,212.9,ADAPTIVE,10.403288333299999,3.392
2020-02-19T21:34:38+00:00,15.9,32.0,212.8,ADAPTIVE,10.406826944399999,3.376
2020-02-19T21:34:41+00:00,16.0,32.0,212.9,ADAPTIVE,10.4103819444,3.392
2020-02-19T21:34:45+00:00,15.9,32.0,212.8,ADAPTIVE,10.4139186111,3.3859999999999997
2020-02-19T21:34:49+00:00,15.9,32.0,212.8,ADAPTIVE,10.4174555556,3.384
2020-02-19T21:34:53+00:00,15.9,32.0,212.8,ADAPTIVE,10.421007777799998,3.389
2020-02-19T21:34:57+00:00,16.0,32.0,212.8,ADAPTIVE,10.4245458333,3.38
2020-02-19T21:35:01+00:00,16.0,32.0,212.7,ADAPTIVE,10.4280958333,3.3819999999999997
2020-02-19T21:35:05+00:00,15.9,32.0,212.8,ADAPTIVE,10.4316325,3.379
2020-02-19T21:35:09+00:00,16.0,32.0,212.8,ADAPTIVE,10.435171666699999,3.393
2020-02-19T21:35:13+00:00,16.0,32.0,212.8,ADAPTIVE,10.4387238889,3.3819999999999997
2020-02-19T21:35:17+00:00,16.0,32.0,212.8,ADAPTIVE,10.442261111099999,3.385
2020-02-19T21:35:21+00:00,15.9,32.0,212.8,ADAPTIVE,10.445812499999999,3.377
2020-02-19T21:35:25+00:00,15.9,32.0,212.9,ADAPTIVE,10.4493491667,3.385
2020-02-19T21:35:29+00:00,15.9,32.0,212.8,ADAPTIVE,10.4528866667,3.384
2020-02-19T21:35:33+00:00,15.9,32.0,212.7,ADAPTIVE,10.4564363889,3.384
2020-02-19T21:35:37+00:00,16.0,32.0,212.8,ADAPTIVE,10.4599730556,3.384
2020-02-19T21:35:41+00:00,16.0,32.0,212.8,ADAPTIVE,10.4635241667,3.3899999999999997
2020-02-19T21:35:44+00:00,16.0,32.0,212.8,ADAPTIVE,10.4670588889,3.3859999999999997
2020-02-19T21:35:48+00:00,16.0,32.0,212.9,ADAPTIVE,10.4706122222,3.393
2020-02-19T21:35:52+00:00,16.0,32.0,212.9,ADAPTIVE,10.4741508333,3.383
2020-02-19T21:35:56+00:00,15.9,32.0,212.9,ADAPTIVE,10.477705,3.379
2020-02-19T21:36:00+00:00,15.9,32.0,212.9,ADAPTIVE,10.4812433333,3.391
2020-02-19T21:36:04+00:00,15.9,32.0,212.9,ADAPTIVE,10.484784166699999,3.392
2020-02-19T21:36:08+00:00,15.9,32.0,213.1,ADAPTIVE,10.4883386111,3.385
2020-02-19T21:36:12+00:00,15.9,32.0,212.9,ADAPTIVE,10.4918777778,3.3819999999999997
2020-02-19T21:36:16+00:00,16.0,32.0,212.9,ADAPTIVE,10.495430277799999,3.3899999999999997
2020-02-19T21:36:20+00:00,15.9,32.0,212.9,ADAPTIVE,10.4989705556,3.38
2020-02-19T21:36:24+00:00,15.9,32.0,212.9,ADAPTIVE,10.5025238889,3.379
2020-02-19T21:36:28+00:00,15.9,32.0,212.9,ADAPTIVE,10.506062777799999,3.393
2020-02-19T21:36:32+00:00,16.0,32.0,212.9,ADAPTIVE,10.5096027778,3.3899999999999997
2020-02-19T21:36:36+00:00,16.0,32.0,212.9,ADAPTIVE,10.513160833299999,3.3939999999999997
2020-02-19T21:36:40+00:00,16.0,32.0,212.9,ADAPTIVE,10.5167011111,3.393
2020-02-19T21:36:44+00:00,15.9,32.0,212.9,ADAPTIVE,10.520241111099999,3.392
2020-02-19T21:36:48+00:00,15.9,32.0,212.9,ADAPTIVE,10.523796944399999,3.389
2020-02-19T21:36:51+00:00,16.0,32.0,212.9,ADAPTIVE,10.5273358333,3.3859999999999997
2020-02-19T21:36:55+00:00,16.0,32.0,212.9,ADAPTIVE,10.530891111099999,3.385
2020-02-19T21:36:59+00:00,16.0,32.0,212.9,ADAPTIVE,10.53443,3.395
2020-02-19T21:37:03+00:00,15.9,32.0,212.9,ADAPTIVE,10.5379813889,3.388
2020-02-19T21:37:07+00:00,15.9,32.0,213.0,ADAPTIVE,10.541520277799998,3.3859999999999997
2020-02-19T21:37:11+00:00,16.0,32.0,213.0,ADAPTIVE,10.5450602778,3.395
2020-02-19T21:37:15+00:00,16.0,32.0,213.0,ADAPTIVE,10.5486147222,3.392
2020-02-19T21:37:19+00:00,16.0,32.0,213.0,ADAPTIVE,10.552155277799999,3.393
2020-02-19T21:37:23+00:00,16.0,32.0,213.1,ADAPTIVE,10.555711944399999,3.381
2020-02-19T21:37:27+00:00,16.0,32.0,212.9,ADAPTIVE,10.5592516667,3.3899999999999997
2020-02-19T21:37:31+00:00,15.9,32.0,212.9,ADAPTIVE,10.5627911111,3.389
2020-02-19T21:37:35+00:00,15.9,32.0,212.9,ADAPTIVE,10.566345,3.3819999999999997
2020-02-19T21:37:39+00:00,16.0,32.0,213.0,ADAPTIVE,10.5698838889,3.387
2020-02-19T21:37:43+00:00,16.0,32.0,212.9,ADAPTIVE,10.5734411111,3.397
2020-02-19T21:37:47+00:00,16.0,32.0,213.1,ADAPTIVE,10.5769788889,3.3859999999999997
2020-02-19T21:37:51+00:00,16.0,32.0,212.9,ADAPTIVE,10.5805341667,3.389
2020-02-19T21:37:55+00:00,15.9,32.0,212.9,ADAPTIVE,10.584074444399999,3.379
2020-02-19T21:37:58+00:00,15.9,32.0,212.9,ADAPTIVE,10.5876130556,3.389
2020-02-19T21:38:02+00:00,15.9,32.0,212.9,ADAPTIVE,10.5911658333,3.379
2020-02-19T21:38:06+00:00,15.9,32.0,212.9,ADAPTIVE,10.5947033333,3.381
2020-02-19T21:38:10+00:00,15.9,32.0,212.9,ADAPTIVE,10.5982572222,3.388
2020-02-19T21:38:14+00:00,16.0,32.0,212.8,ADAPTIVE,10.6017947222,3.3859999999999997
2020-02-19T21:38:18+00:00,16.0,32.0,212.9,ADAPTIVE,10.6053494444,3.3899999999999997
2020-02-19T21:38:22+00:00,16.0,32.0,212.9,ADAPTIVE,10.6088891667,3.385
2020-02-19T21:38:26+00:00,16.0,32.0,212.9,ADAPTIVE,10.6124425,3.389
2020-02-19T21:38:30+00:00,16.0,32.0,212.9,ADAPTIVE,10.6159808333,3.3899999999999997
2020-02-19T21:38:34+00:00,16.0,32.0,213.0,ADAPTIVE,10.619535277799999,3.3979999999999997
2020-02-19T21:38:38+00:00,16.0,32.0,212.8,ADAPTIVE,10.6230747222,3.3859999999999997
2020-02-19T21:38:42+00:00,16.0,32.0,212.7,ADAPTIVE,10.626625277799999,3.381
2020-02-19T21:38:46+00:00,16.0,32.0,212.9,ADAPTIVE,10.6301616667,3.3859999999999997
2020-02-19T21:38:50+00:00,16.0,32.0,212.8,ADAPTIVE,10.633714166699999,3.384
2020-02-19T21:38:54+00:00,16.0,32.0,212.8,ADAPTIVE,10.637250277799998,3.391
2020-02-19T21:38:58+00:00,16.0,32.0,212.8,ADAPTIVE,10.6408038889,3.387
2020-02-19T21:39:02+00:00,16.0,32.0,212.8,ADAPTIVE,10.6443411111,3.388
2020-02-19T21:39:05+00:00,16.0,32.0,212.9,ADAPTIVE,10.647891111099998,3.393
2020-02-19T21:39:09+00:00,15.9,32.0,212.8,ADAPTIVE,10.6514291667,3.383
2020-02-19T21:39:13+00:00,16.0,32.0,212.8,ADAPTIVE,10.6549816667,3.392
2020-02-19T21:39:17+00:00,16.0,32.0,212.8,ADAPTIVE,10.658518611099998,3.3859999999999997
2020-02-19T21:39:21+00:00,16.0,32.0,212.9,ADAPTIVE,10.6620691667,3.383
2020-02-19T21:39:25+00:00,16.0,32.0,212.9,ADAPTIVE,10.6656047222,3.387
2020-02-19T21:39:29+00:00,16.0,32.0,212.8,ADAPTIVE,10.6691563889,3.38
2020-02-19T21:39:33+00:00,16.0,32.0,212.8,ADAPTIVE,10.6726930556,3.385
2020-02-19T21:39:37+00:00,16.0,32.0,212.9,ADAPTIVE,10.6762458333,3.392
2020-02-19T21:39:41+00:00,15.9,32.0,212.9,ADAPTIVE,10.6797858333,3.387
2020-02-19T21:39:45+00:00,16.0,32.0,212.8,ADAPTIVE,10.6833247222,3.383
2020-02-19T21:39:49+00:00,16.0,32.0,212.9,ADAPTIVE,10.6868772222,3.389
2020-02-19T21:39:53+00:00,16.0,32.0,212.8,ADAPTIVE,10.690415,3.392
2020-02-19T21:39:57+00:00,16.0,32.0,212.9,ADAPTIVE,10.6939663889,3.385
2020-02-19T21:40:01+00:00,15.9,32.0,212.9,ADAPTIVE,10.697505,3.384
2020-02-19T21:40:05+00:00,15.9,32.0,212.9,ADAPTIVE,10.7010416667,3.383
2020-02-19T21:40:09+00:00,15.9,32.0,212.8,ADAPTIVE,10.704593611099998,3.385
2020-02-19T21:40:12+00:00,15.9,32.0,212.7,ADAPTIVE,10.708129444399999,3.3779999999999997
2020-02-19T21:40:16+00:00,16.0,32.0,212.7,ADAPTIVE,10.711680833299999,3.3899999999999997
2020-02-19T21:40:20+00:00,15.9,32.0,212.8,ADAPTIVE,10.7152183333,3.381
2020-02-19T21:40:24+00:00,15.9,32.0,212.7,ADAPTIVE,10.7187688889,3.3739999999999997
2020-02-19T21:40:28+00:00,16.0,32.0,212.7,ADAPTIVE,10.7223022222,3.3859999999999997
2020-02-19T21:40:32+00:00,16.0,32.0,212.7,ADAPTIVE,10.7258525,3.3819999999999997
2020-02-19T21:40:36+00:00,16.0,32.0,212.7,ADAPTIVE,10.729389444399999,3.392
2020-02-19T21:40:40+00:00,16.0,32.0,212.7,ADAPTIVE,10.7329413889,3.3819999999999997
2020-02-19T21:40:44+00:00,16.0,32.0,212.6,ADAPTIVE,10.7364755556,3.3859999999999997
2020-02-19T21:40:48+00:00,15.9,32.0,212.6,ADAPTIVE,10.740026111099999,3.3779999999999997
2020-02-19T21:40:52+00:00,15.9,32.0,212.7,ADAPTIVE,10.7435613889,3.376
2020-02-19T21:40:56+00:00,15.9,32.0,212.7,ADAPTIVE,10.747110833299999,3.3819999999999997
2020-02-19T21:41:00+00:00,15.9,32.0,212.7,ADAPTIVE,10.7506466667,3.389
2020-02-19T21:41:04+00:00,15.9,32.0,212.7,ADAPTIVE,10.754195,3.376
2020-02-19T21:41:08+00:00,15.9,32.0,212.7,ADAPTIVE,10.7577275,3.387
2020-02-19T21:41:12+00:00,15.9,32.0,212.7,ADAPTIVE,10.761277777799998,3.377
2020-02-19T21:41:16+00:00,15.9,32.0,212.7,ADAPTIVE,10.7648122222,3.383
2020-02-19T21:41:19+00:00,16.0,32.0,212.7,ADAPTIVE,10.7683597222,3.38
2020-02-19T21:41:23+00:00,16.0,32.0,212.7,ADAPTIVE,10.771894999999999,3.389
2020-02-19T21:41:27+00:00,16.0,32.0,212.7,ADAPTIVE,10.775446111099999,3.384
2020-02-19T21:41:31+00:00,16.0,32.0,212.7,ADAPTIVE,10.778979999999999,3.375
2020-02-19T21:41:35+00:00,16.0,32.0,212.7,ADAPTIVE,10.7825288889,3.383
2020-02-19T21:41:39+00:00,16.0,32.0,212.7,ADAPTIVE,10.7860625,3.3899999999999997
2020-02-19T21:41:43+00:00,15.9,32.0,212.7,ADAPTIVE,10.7896122222,3.379
2020-02-19T21:41:47+00:00,15.9,32.0,212.6,ADAPTIVE,10.793146944399998,3.38
2020-02-19T21:41:51+00:00,15.9,32.0,212.6,ADAPTIVE,10.7966938889,3.38
2020-02-19T21:41:55+00:00,15.9,32.0,212.7,ADAPTIVE,10.8002283333,3.3859999999999997
2020-02-19T21:41:59+00:00,15.9,32.0,212.8,ADAPTIVE,10.8037613889,3.371
2020-02-19T21:42:03+00:00,15.9,32.0,212.6,ADAPTIVE,10.80731,3.391
2020-02-19T21:42:07+00:00,15.9,32.0,212.7,ADAPTIVE,10.8108436111,3.377
2020-02-19T21:42:11+00:00,15.9,32.0,212.6,ADAPTIVE,10.814391944399999,3.3739999999999997
2020-02-19T21:42:15+00:00,16.0,32.0,212.7,ADAPTIVE,10.817926111099998,3.38
2020-02-19T21:42:19+00:00,16.0,32.0,212.7,ADAPTIVE,10.821476666699999,3.38
2020-02-19T21:42:23+00:00,16.0,32.0,212.7,ADAPTIVE,10.8250113889,3.381
2020-02-19T21:42:26+00:00,16.0,32.0,212.6,ADAPTIVE,10.8285605556,3.389
2020-02-19T21:42:30+00:00,16.1,32.0,212.7,ADAPTIVE,10.832095277799999,3.4
2020-02-19T21:42:34+00:00,15.9,32.0,212.6,ADAPTIVE,10.8356472222,3.3739999999999997
2020-02-19T21:42:38+00:00,16.0,32.0,212.7,ADAPTIVE,10.8391830556,3.388
2020-02-19T21:42:42+00:00,15.9,32.0,212.6,ADAPTIVE,10.842732777799998,3.38
2020-02-19T21:42:46+00:00,16.0,32.0,212.7,ADAPTIVE,10.8462663889,3.388
2020-02-19T21:42:50+00:00,16.0,32.0,212.7,ADAPTIVE,10.849816666699999,3.387
2020-02-19T21:42:54+00:00,15.9,32.0,212.7,ADAPTIVE,10.853349999999999,3.384
2020-02-19T21:42:58+00:00,15.9,32.0,212.7,ADAPTIVE,10.8569008333,3.387
2020-02-19T21:43:02+00:00,15.9,32.0,212.7,ADAPTIVE,10.8604375,3.388
2020-02-19T21:43:06+00:00,15.9,32.0,212.7,ADAPTIVE,10.863987777799998,3.3819999999999997
2020-02-19T21:43:10+00:00,15.9,32.0,212.7,ADAPTIVE,10.8675236111,3.3819999999999997
2020-02-19T21:43:14+00:00,15.9,32.0,212.7,ADAPTIVE,10.8710563889,3.383
2020-02-19T21:43:18+00:00,15.9,32.0,212.7,ADAPTIVE,10.874605277799999,3.388
2020-02-19T21:43:22+00:00,15.9,32.0,212.7,ADAPTIVE,10.878139444399999,3.384
2020-02-19T21:43:26+00:00,15.9,32.0,212.7,ADAPTIVE,10.8816897222,3.385
2020-02-19T21:43:30+00:00,15.9,32.0,212.6,ADAPTIVE,10.8852227778,3.372
2020-02-19T21:43:33+00:00,15.9,32.0,212.6,ADAPTIVE,10.8887713889,3.383
2020-02-19T21:43:37+00:00,15.9,32.0,212.6,ADAPTIVE,10.892306111099998,3.377
2020-02-19T21:43:41+00:00,15.9,32.0,212.7,ADAPTIVE,10.895855,3.384
2020-02-19T21:43:45+00:00,15.9,32.0,212.7,ADAPTIVE,10.8993908333,3.3859999999999997
2020-02-19T21:43:49+00:00,15.9,32.0,212.7,ADAPTIVE,10.9029405556,3.3859999999999997
2020-02-19T21:43:53+00:00,15.9,32.0,212.8,ADAPTIVE,10.9064766667,3.385
2020-02-19T21:43:57+00:00,15.9,32.0,212.7,ADAPTIVE,10.910026944399998,3.388
2020-02-19T21:44:01+00:00,15.9,32.0,212.8,ADAPTIVE,10.9135627778,3.3779999999999997
2020-02-19T21:44:05+00:00,16.0,32.0,212.7,ADAPTIVE,10.917112777799998,3.389
2020-02-19T21:44:09+00:00,16.0,32.0,212.8,ADAPTIVE,10.920648611099999,3.389
2020-02-19T21:44:13+00:00,16.0,32.0,212.7,ADAPTIVE,10.924201111099999,3.3859999999999997
2020-02-19T21:44:17+00:00,15.9,32.0,212.7,ADAPTIVE,10.9277347222,3.3819999999999997
2020-02-19T21:44:21+00:00,16.0,32.0,212.7,ADAPTIVE,10.93127,3.385
2020-02-19T21:44:25+00:00,16.0,32.0,212.5,ADAPTIVE,10.9348205556,3.381
2020-02-19T21:44:29+00:00,15.9,32.0,212.5,ADAPTIVE,10.9383533333,3.375
2020-02-19T21:44:33+00:00,15.9,32.0,212.6,ADAPTIVE,10.9418847222,3.383
2020-02-19T21:44:37+00:00,16.0,32.0,212.5,ADAPTIVE,10.9454319444,3.383
2020-02-19T21:44:40+00:00,16.0,32.0,212.6,ADAPTIVE,10.9489633333,3.383
2020-02-19T21:44:44+00:00,16.0,32.0,212.5,ADAPTIVE,10.95251,3.381
2020-02-19T21:44:48+00:00,15.9,32.0,212.5,ADAPTIVE,10.9560447222,3.384
2020-02-19T21:44:52+00:00,16.0,32.0,212.5,ADAPTIVE,10.959576944399998,3.387
2020-02-19T21:44:56+00:00,16.0,32.0,212.6,ADAPTIVE,10.963127499999999,3.381
2020-02-19T21:45:00+00:00,15.9,32.0,212.5,ADAPTIVE,10.966661111099999,3.379
2020-02-19T21:45:04+00:00,15.9,32.0,212.6,ADAPTIVE,10.9701922222,3.383
2020-02-19T21:45:08+00:00,15.9,32.0,212.7,ADAPTIVE,10.9737402778,3.383
2020-02-19T21:45:12+00:00,16.0,32.0,212.7,ADAPTIVE,10.9772722222,3.383
2020-02-19T21:45:16+00:00,16.0,32.0,212.5,ADAPTIVE,10.9808208333,3.385
2020-02-19T21:45:20+00:00,16.0,32.0,212.7,ADAPTIVE,10.9843563889,3.388
2020-02-19T21:45:24+00:00,15.9,32.0,212.7,ADAPTIVE,10.987889166699999,3.3779999999999997
2020-02-19T21:45:28+00:00,15.9,32.0,212.7,ADAPTIVE,10.9914386111,3.381
2020-02-19T21:45:32+00:00,16.0,32.0,212.6,ADAPTIVE,10.994971111099998,3.3819999999999997
2020-02-19T21:45:36+00:00,16.0,32.0,212.6,ADAPTIVE,10.9985186111,3.375
2020-02-19T21:45:40+00:00,15.9,32.0,212.6,ADAPTIVE,11.0020519444,3.377
2020-02-19T21:45:44+00:00,15.9,32.0,212.6,ADAPTIVE,11.0055838889,3.389
2020-02-19T21:45:47+00:00,15.9,32.0,212.7,ADAPTIVE,11.0091333333,3.3859999999999997
2020-02-19T21:45:51+00:00,16.0,32.0,212.4,ADAPTIVE,11.0126647222,3.379
2020-02-19T21:45:55+00:00,16.0,32.0,212.6,ADAPTIVE,11.0162097222,3.385
2020-02-19T21:45:59+00:00,16.0,32.0,212.7,ADAPTIVE,11.0197419444,3.381
2020-02-19T21:46:03+00:00,16.0,32.0,212.6,ADAPTIVE,11.0232891667,3.376
2020-02-19T21:46:07+00:00,16.0,32.0,212.7,ADAPTIVE,11.0268208333,3.385
2020-02-19T21:46:11+00:00,16.0,32.0,212.7,ADAPTIVE,11.0303705556,3.384
2020-02-19T21:46:15+00:00,16.0,32.0,212.6,ADAPTIVE,11.0339055556,3.385
2020-02-19T21:46:19+00:00,16.0,32.0,212.7,ADAPTIVE,11.037455,3.381
2020-02-19T21:46:23+00:00,16.0,32.0,212.6,ADAPTIVE,11.040987777799998,3.387
2020-02-19T21:46:27+00:00,16.0,32.0,212.7,ADAPTIVE,11.0445355556,3.377
2020-02-19T21:46:31+00:00,16.0,32.0,212.6,ADAPTIVE,11.0480680556,3.384
2020-02-19T21:46:35+00:00,16.0,32.0,212.7,ADAPTIVE,11.0516158333,3.377
2020-02-19T21:46:39+00:00,16.0,32.0,212.6,ADAPTIVE,11.0551488889,3.3819999999999997
2020-02-19T21:46:43+00:00,16.0,32.0,212.7,ADAPTIVE,11.0586961111,3.385
2020-02-19T21:46:47+00:00,16.0,32.0,212.4,ADAPTIVE,11.0622272222,3.384
2020-02-19T21:46:50+00:00,16.0,32.0,212.6,ADAPTIVE,11.0657775,3.3859999999999997
2020-02-19T21:46:54+00:00,15.9,32.0,212.5,ADAPTIVE,11.06931,3.3699999999999997
2020-02-19T21:46:58+00:00,15.9,32.0,212.6,ADAPTIVE,11.0728577778,3.3779999999999997
2020-02-19T21:47:02+00:00,15.9,32.0,212.6,ADAPTIVE,11.07639,3.3819999999999997
2020-02-19T21:47:06+00:00,15.9,32.0,212.6,ADAPTIVE,11.0799222222,3.379
2020-02-19T21:47:10+00:00,15.9,32.0,212.7,ADAPTIVE,11.0834697222,3.3819999999999997
2020-02-19T21:47:14+00:00,15.9,32.0,212.7,ADAPTIVE,11.0870011111,3.3819999999999997
2020-02-19T21:47:18+00:00,16.0,32.0,212.5,ADAPTIVE,11.0905497222,3.387
2020-02-19T21:47:22+00:00,16.0,32.0,212.6,ADAPTIVE,11.0940833333,3.379
2020-02-19T21:47:26+00:00,16.0,32.0,212.7,ADAPTIVE,11.0976336111,3.385
2020-02-19T21:47:30+00:00,16.0,32.0,212.7,ADAPTIVE,11.101169444399998,3.376
2020-02-19T21:47:34+00:00,16.0,32.0,212.7,ADAPTIVE,11.10472,3.3819999999999997
2020-02-19T21:47:38+00:00,16.0,32.0,212.7,ADAPTIVE,11.108255,3.383
2020-02-19T21:47:42+00:00,16.0,32.0,212.7,ADAPTIVE,11.1118063889,3.384
2020-02-19T21:47:46+00:00,16.0,32.0,212.8,ADAPTIVE,11.1153438889,3.388
2020-02-19T21:47:50+00:00,16.0,32.0,212.8,ADAPTIVE,11.1188947222,3.395
2020-02-19T21:47:54+00:00,16.0,32.0,212.8,ADAPTIVE,11.122432499999999,3.385
2020-02-19T21:47:57+00:00,16.0,32.0,212.9,ADAPTIVE,11.125985277799998,3.392
2020-02-19T21:48:01+00:00,15.9,32.0,212.8,ADAPTIVE,11.1295222222,3.392
2020-02-19T21:48:05+00:00,16.0,32.0,212.9,ADAPTIVE,11.133075,3.395
2020-02-19T21:48:09+00:00,15.9,32.0,212.7,ADAPTIVE,11.136611666699999,3.384
2020-02-19T21:48:13+00:00,15.9,32.0,212.8,ADAPTIVE,11.140149166699999,3.385
2020-02-19T21:48:17+00:00,15.9,32.0,212.7,ADAPTIVE,11.1436983333,3.387
2020-02-19T21:48:21+00:00,15.9,32.0,212.8,ADAPTIVE,11.1472322222,3.381
2020-02-19T21:48:25+00:00,15.9,32.0,212.8,ADAPTIVE,11.1507841667,3.385
2020-02-19T21:48:29+00:00,15.9,32.0,212.8,ADAPTIVE,11.15432,3.3779999999999997
2020-02-19T21:48:33+00:00,16.0,32.0,212.7,ADAPTIVE,11.157870833299999,3.3899999999999997
2020-02-19T21:48:37+00:00,16.0,32.0,212.8,ADAPTIVE,11.1614077778,3.384
2020-02-19T21:48:41+00:00,16.0,32.0,212.7,ADAPTIVE,11.1649591667,3.384
2020-02-19T21:48:45+00:00,15.9,32.0,212.7,ADAPTIVE,11.1684922222,3.381
2020-02-19T21:48:49+00:00,15.9,32.0,212.7,ADAPTIVE,11.1720422222,3.384
2020-02-19T21:48:53+00:00,15.9,32.0,212.8,ADAPTIVE,11.17558,3.388
2020-02-19T21:48:57+00:00,15.9,32.0,212.7,ADAPTIVE,11.1791158333,3.387
2020-02-19T21:49:01+00:00,15.9,32.0,212.7,ADAPTIVE,11.182664166699999,3.379
2020-02-19T21:49:05+00:00,16.0,32.0,212.7,ADAPTIVE,11.186201944399999,3.384
2020-02-19T21:49:08+00:00,16.0,32.0,212.7,ADAPTIVE,11.1897530556,3.388
2020-02-19T21:49:12+00:00,15.9,32.0,212.7,ADAPTIVE,11.1932897222,3.38
2020-02-19T21:49:16+00:00,15.9,32.0,212.8,ADAPTIVE,11.1968269444,3.387
2020-02-19T21:49:20+00:00,15.9,32.0,212.7,ADAPTIVE,11.200377777799998,3.38
2020-02-19T21:49:24+00:00,16.0,32.0,212.7,ADAPTIVE,11.2039105556,3.388
2020-02-19T21:49:28+00:00,16.0,32.0,212.7,ADAPTIVE,11.2074605556,3.383
2020-02-19T21:49:32+00:00,16.0,32.0,212.7,ADAPTIVE,11.2109966667,3.389
2020-02-19T21:49:36+00:00,15.9,32.0,212.7,ADAPTIVE,11.214532499999999,3.392
2020-02-19T21:49:40+00:00,15.9,32.0,212.7,ADAPTIVE,11.2180816667,3.389
2020-02-19T21:49:44+00:00,15.9,32.0,212.6,ADAPTIVE,11.221615277799998,3.3739999999999997
2020-02-19T21:49:48+00:00,16.0,32.0,212.6,ADAPTIVE,11.2251627778,3.3819999999999997
2020-02-19T21:49:52+00:00,16.0,32.0,212.6,ADAPTIVE,11.228698611099999,3.3899999999999997
2020-02-19T21:49:56+00:00,16.0,32.0,212.6,ADAPTIVE,11.2322472222,3.385
2020-02-19T21:50:00+00:00,16.0,32.0,212.7,ADAPTIVE,11.2357805556,3.3859999999999997
2020-02-19T21:50:04+00:00,16.0,32.0,212.7,ADAPTIVE,11.2393294444,3.388
2020-02-19T21:50:08+00:00,15.9,32.0,212.6,ADAPTIVE,11.2428625,3.385
2020-02-19T21:50:11+00:00,15.9,32.0,212.7,ADAPTIVE,11.246396666699999,3.385
2020-02-19T21:50:15+00:00,15.9,32.0,212.6,ADAPTIVE,11.249945277799998,3.38
2020-02-19T21:50:19+00:00,15.9,32.0,212.6,ADAPTIVE,11.2534780556,3.384
2020-02-19T21:50:23+00:00,16.0,32.0,212.7,ADAPTIVE,11.257024166699999,3.388
2020-02-19T21:50:27+00:00,16.0,32.0,212.6,ADAPTIVE,11.2605580556,3.379
2020-02-19T21:50:31+00:00,16.0,32.0,212.6,ADAPTIVE,11.2641063889,3.387
2020-02-19T21:50:35+00:00,16.0,32.0,212.6,ADAPTIVE,11.26764,3.385
2020-02-19T21:50:39+00:00,15.9,32.0,212.6,ADAPTIVE,11.2711894444,3.375
2020-02-19T21:50:43+00:00,16.0,32.0,212.6,ADAPTIVE,11.2747238889,3.385
2020-02-19T21:50:47+00:00,16.0,32.0,212.7,ADAPTIVE,11.2782716667,3.3819999999999997
2020-02-19T21:50:51+00:00,16.0,32.0,212.7,ADAPTIVE,11.281805,3.384
2020-02-19T21:50:55+00:00,15.9,32.0,212.7,ADAPTIVE,11.2853538889,3.3779999999999997
2020-02-19T21:50:59+00:00,16.0,32.0,212.6,ADAPTIVE,11.2888883333,3.385
2020-02-19T21:51:03+00:00,15.9,32.0,212.6,ADAPTIVE,11.292439722200001,3.375
2020-02-19T21:51:07+00:00,15.9,32.0,212.5,ADAPTIVE,11.2959747222,3.3779999999999997
2020-02-19T21:51:11+00:00,15.9,32.0,212.7,ADAPTIVE,11.299520833299999,3.3779999999999997
2020-02-19T21:51:15+00:00,15.9,32.0,212.5,ADAPTIVE,11.3030547222,3.3779999999999997
2020-02-19T21:51:18+00:00,15.9,32.0,212.6,ADAPTIVE,11.3066041667,3.3779999999999997
2020-02-19T21:51:22+00:00,15.9,32.0,212.6,ADAPTIVE,11.3101386111,3.3819999999999997
2020-02-19T21:51:26+00:00,15.9,32.0,212.7,ADAPTIVE,11.3136863889,3.375
2020-02-19T21:51:30+00:00,15.9,32.0,212.7,ADAPTIVE,11.317219999999999,3.3739999999999997
2020-02-19T21:51:34+00:00,15.9,32.0,212.7,ADAPTIVE,11.3207702778,3.379
2020-02-19T21:51:38+00:00,15.9,32.0,212.6,ADAPTIVE,11.324318333299999,3.3779999999999997
2020-02-19T21:51:42+00:00,15.9,32.0,212.6,ADAPTIVE,11.327851944399999,3.3859999999999997
2020-02-19T21:51:46+00:00,16.0,32.0,212.6,ADAPTIVE,11.3314019444,3.384
2020-02-19T21:51:50+00:00,16.0,32.0,212.7,ADAPTIVE,11.334936666699999,3.384
2020-02-19T21:51:54+00:00,16.0,32.0,212.6,ADAPTIVE,11.3384875,3.381
2020-02-19T21:51:58+00:00,16.0,32.0,212.7,ADAPTIVE,11.3420202778,3.388
2020-02-19T21:52:02+00:00,15.9,32.0,212.7,ADAPTIVE,11.3455708333,3.3729999999999998
2020-02-19T21:52:06+00:00,16.0,32.0,212.7,ADAPTIVE,11.3491030556,3.3899999999999997
2020-02-19T21:52:10+00:00,15.9,32.0,212.7,ADAPTIVE,11.3526516667,3.3819999999999997
2020-02-19T21:52:14+00:00,15.9,32.0,212.7,ADAPTIVE,11.3561861111,3.3819999999999997
2020-02-19T21:52:18+00:00,15.9,32.0,212.7,ADAPTIVE,11.3597355556,3.384
2020-02-19T21:52:22+00:00,15.9,32.0,212.6,ADAPTIVE,11.3632675,3.3859999999999997
2020-02-19T21:52:25+00:00,15.9,32.0,212.4,ADAPTIVE,11.366812777799998,3.3739999999999997
2020-02-19T21:52:29+00:00,15.9,32.0,212.4,ADAPTIVE,11.370345,3.385
2020-02-19T21:52:33+00:00,15.9,32.0,212.4,ADAPTIVE,11.3738938889,3.387
2020-02-19T21:52:37+00:00,15.9,32.0,212.4,ADAPTIVE,11.377424999999999,3.3819999999999997
2020-02-19T21:52:41+00:00,15.9,32.0,212.5,ADAPTIVE,11.380972777799998,3.375
2020-02-19T21:52:45+00:00,15.9,32.0,212.4,ADAPTIVE,11.3845022222,3.381
2020-02-19T21:52:49+00:00,15.9,32.0,212.5,ADAPTIVE,11.388047499999999,3.381
2020-02-19T21:52:53+00:00,16.0,32.0,212.5,ADAPTIVE,11.3915775,3.376
2020-02-19T21:52:57+00:00,16.0,32.0,212.4,ADAPTIVE,11.395125,3.376
2020-02-19T21:53:01+00:00,16.0,32.0,212.2,ADAPTIVE,11.3986572222,3.384
2020-02-19T21:53:05+00:00,15.9,32.0,212.4,ADAPTIVE,11.402199999999999,3.377
2020-02-19T21:53:09+00:00,15.9,32.0,212.3,ADAPTIVE,11.4057311111,3.381
2020-02-19T21:53:13+00:00,15.9,32.0,212.4,ADAPTIVE,11.4092611111,3.377
2020-02-19T21:53:17+00:00,16.0,32.0,212.3,ADAPTIVE,11.4128047222,3.3779999999999997
2020-02-19T21:53:21+00:00,16.0,32.0,212.4,ADAPTIVE,11.4163327778,3.376
2020-02-19T21:53:25+00:00,15.9,32.0,212.3,ADAPTIVE,11.419876111099999,3.376
2020-02-19T21:53:29+00:00,15.9,32.0,212.4,ADAPTIVE,11.4234055556,3.3779999999999997
2020-02-19T21:53:32+00:00,15.9,32.0,212.4,ADAPTIVE,11.4269347222,3.3689999999999998
2020-02-19T21:53:36+00:00,16.0,32.0,212.4,ADAPTIVE,11.43048,3.381
2020-02-19T21:53:40+00:00,16.0,32.0,212.2,ADAPTIVE,11.434009999999999,3.376
2020-02-19T21:53:44+00:00,16.0,32.0,212.3,ADAPTIVE,11.4375530556,3.3729999999999998
2020-02-19T21:53:48+00:00,16.0,32.0,212.3,ADAPTIVE,11.4410830556,3.383
2020-02-19T21:53:52+00:00,16.0,32.0,212.3,ADAPTIVE,11.4446305556,3.3819999999999997
2020-02-19T21:53:56+00:00,15.9,32.0,212.3,ADAPTIVE,11.448161388900001,3.376
2020-02-19T21:54:00+00:00,15.9,32.0,212.4,ADAPTIVE,11.4516888889,3.376
2020-02-19T21:54:04+00:00,15.9,32.0,212.3,ADAPTIVE,11.4552322222,3.377
2020-02-19T21:54:08+00:00,16.0,32.0,212.3,ADAPTIVE,11.458759444399998,3.377
2020-02-19T21:54:12+00:00,16.1,32.0,212.2,ADAPTIVE,11.4623033333,3.388
2020-02-19T21:54:16+00:00,16.0,32.0,212.2,ADAPTIVE,11.4658305556,3.383
2020-02-19T21:54:20+00:00,16.0,32.0,212.2,ADAPTIVE,11.4693730556,3.375
2020-02-19T21:54:24+00:00,16.0,32.0,212.2,ADAPTIVE,11.472900833299999,3.383
2020-02-19T21:54:28+00:00,15.9,32.0,212.2,ADAPTIVE,11.4764286111,3.377
2020-02-19T21:54:32+00:00,16.0,32.0,212.2,ADAPTIVE,11.4799716667,3.38
2020-02-19T21:54:35+00:00,16.0,32.0,212.2,ADAPTIVE,11.4835002778,3.3729999999999998
2020-02-19T21:54:40+00:00,16.0,32.0,212.3,ADAPTIVE,11.487045277799998,3.379
2020-02-19T21:54:43+00:00,15.9,32.0,212.2,ADAPTIVE,11.4905752778,3.38
2020-02-19T21:54:47+00:00,16.0,32.0,212.2,ADAPTIVE,11.494103611099998,3.381
2020-02-19T21:54:51+00:00,16.0,32.0,212.4,ADAPTIVE,11.49765,3.379
2020-02-19T21:54:55+00:00,16.0,32.0,212.3,ADAPTIVE,11.5011780556,3.377
2020-02-19T21:54:59+00:00,15.9,32.0,212.2,ADAPTIVE,11.5047222222,3.381
2020-02-19T21:55:03+00:00,15.9,32.0,212.3,ADAPTIVE,11.5082538889,3.3739999999999997
2020-02-19T21:55:07+00:00,15.9,32.0,212.4,ADAPTIVE,11.5117838889,3.3699999999999997
2020-02-19T21:55:11+00:00,16.0,32.0,212.2,ADAPTIVE,11.5153263889,3.376
2020-02-19T21:55:15+00:00,15.9,32.0,212.4,ADAPTIVE,11.5188558333,3.3699999999999997
2020-02-19T21:55:19+00:00,15.9,32.0,212.4,ADAPTIVE,11.522385,3.38
2020-02-19T21:55:23+00:00,15.9,32.0,212.4,ADAPTIVE,11.5259313889,3.372
2020-02-19T21:55:27+00:00,16.0,32.0,212.3,ADAPTIVE,11.5294622222,3.3859999999999997
2020-02-19T21:55:31+00:00,16.0,32.0,212.4,ADAPTIVE,11.5330055556,3.3819999999999997
2020-02-19T21:55:35+00:00,16.0,32.0,212.3,ADAPTIVE,11.5365341667,3.376
2020-02-19T21:55:39+00:00,16.0,32.0,212.4,ADAPTIVE,11.5400780556,3.3739999999999997
2020-02-19T21:55:43+00:00,16.0,32.0,212.2,ADAPTIVE,11.543606666699999,3.38
2020-02-19T21:55:46+00:00,16.0,32.0,212.3,ADAPTIVE,11.547149166699999,3.376
2020-02-19T21:55:50+00:00,16.0,32.0,212.1,ADAPTIVE,11.550678611099999,3.377
2020-02-19T21:55:54+00:00,16.0,32.0,212.2,ADAPTIVE,11.554220277799999,3.3819999999999997
2020-02-19T21:55:58+00:00,16.0,32.0,212.2,ADAPTIVE,11.5577480556,3.385
2020-02-19T21:56:02+00:00,16.0,32.0,212.4,ADAPTIVE,11.561291944399999,3.379
2020-02-19T21:56:06+00:00,16.0,32.0,212.4,ADAPTIVE,11.5648213889,3.379
2020-02-19T21:56:10+00:00,16.0,32.0,212.3,ADAPTIVE,11.568367222200001,3.379
2020-02-19T21:56:14+00:00,16.0,32.0,212.3,ADAPTIVE,11.571896666699999,3.379
2020-02-19T21:56:18+00:00,16.0,32.0,212.4,ADAPTIVE,11.5754419444,3.3779999999999997
2020-02-19T21:56:22+00:00,15.9,32.0,212.4,ADAPTIVE,11.578973333299999,3.3819999999999997
2020-02-19T21:56:26+00:00,15.9,32.0,212.4,ADAPTIVE,11.5825186111,3.385
2020-02-19T21:56:30+00:00,15.9,32.0,212.4,ADAPTIVE,11.5860497222,3.376
2020-02-19T21:56:34+00:00,16.0,32.0,212.4,ADAPTIVE,11.5895936111,3.3779999999999997
2020-02-19T21:56:38+00:00,16.0,32.0,212.5,ADAPTIVE,11.593139444399998,3.3779999999999997
2020-02-19T21:56:42+00:00,16.0,32.0,212.4,ADAPTIVE,11.5966711111,3.384
2020-02-19T21:56:46+00:00,16.0,32.0,212.4,ADAPTIVE,11.6002177778,3.381
2020-02-19T21:56:49+00:00,15.9,32.0,212.4,ADAPTIVE,11.6037488889,3.385
2020-02-19T21:56:53+00:00,15.9,32.0,212.4,ADAPTIVE,11.6072958333,3.379
2020-02-19T21:56:57+00:00,15.9,32.0,212.4,ADAPTIVE,11.6108280556,3.3779999999999997
2020-02-19T21:57:01+00:00,15.9,32.0,212.4,ADAPTIVE,11.614376111099999,3.379
2020-02-19T21:57:05+00:00,15.9,32.0,212.5,ADAPTIVE,11.617923611099998,3.383
2020-02-19T21:57:09+00:00,16.0,32.0,212.4,ADAPTIVE,11.621456111099999,3.381
2020-02-19T21:57:13+00:00,16.0,32.0,212.4,ADAPTIVE,11.625002222200001,3.3819999999999997
2020-02-19T21:57:17+00:00,16.0,32.0,212.6,ADAPTIVE,11.628532777799998,3.383
2020-02-19T21:57:21+00:00,16.0,32.0,212.5,ADAPTIVE,11.6320811111,3.38
2020-02-19T21:57:25+00:00,16.0,32.0,212.5,ADAPTIVE,11.6356155556,3.379
2020-02-19T21:57:29+00:00,16.0,32.0,212.6,ADAPTIVE,11.6391625,3.385
2020-02-19T21:57:33+00:00,15.9,32.0,212.5,ADAPTIVE,11.6426941667,3.38
2020-02-19T21:57:37+00:00,15.9,32.0,212.5,ADAPTIVE,11.6462413889,3.384
2020-02-19T21:57:41+00:00,15.9,32.0,212.4,ADAPTIVE,11.649773611099999,3.379
2020-02-19T21:57:45+00:00,15.9,32.0,212.4,ADAPTIVE,11.6533194444,3.3819999999999997
2020-02-19T21:57:49+00:00,15.9,32.0,212.5,ADAPTIVE,11.6568513889,3.375
2020-02-19T21:57:53+00:00,15.9,32.0,212.5,ADAPTIVE,11.660397777799998,3.388
2020-02-19T21:57:57+00:00,15.9,32.0,212.5,ADAPTIVE,11.663931111099998,3.372
2020-02-19T21:58:00+00:00,15.9,32.0,212.4,ADAPTIVE,11.6674758333,3.3819999999999997
2020-02-19T21:58:04+00:00,15.9,32.0,212.5,ADAPTIVE,11.671007777799998,3.383
2020-02-19T21:58:08+00:00,15.9,32.0,212.5,ADAPTIVE,11.674554444399998,3.387
2020-02-19T21:58:12+00:00,15.9,32.0,212.5,ADAPTIVE,11.6780872222,3.381
2020-02-19T21:58:16+00:00,15.9,32.0,212.4,ADAPTIVE,11.6816355556,3.379
2020-02-19T21:58:20+00:00,15.9,32.0,212.6,ADAPTIVE,11.685167499999999,3.384
2020-02-19T21:58:24+00:00,15.9,32.0,212.5,ADAPTIVE,11.688715277799998,3.3819999999999997
2020-02-19T21:58:28+00:00,15.9,32.0,212.6,ADAPTIVE,11.692262777799998,3.3819999999999997
2020-02-19T21:58:32+00:00,15.9,32.0,212.7,ADAPTIVE,11.695799166699999,3.3859999999999997
2020-02-19T21:58:36+00:00,15.9,32.0,212.7,ADAPTIVE,11.6993463889,3.383
2020-02-19T21:58:40+00:00,16.0,32.0,212.6,ADAPTIVE,11.7028786111,3.379
2020-02-19T21:58:44+00:00,16.0,32.0,212.6,ADAPTIVE,11.706425833299999,3.3819999999999997
2020-02-19T21:58:48+00:00,16.0,32.0,212.7,ADAPTIVE,11.7099580556,3.377
2020-02-19T21:58:52+00:00,16.0,32.0,212.7,ADAPTIVE,11.713506666699999,3.3819999999999997
2020-02-19T21:58:56+00:00,16.0,32.0,212.7,ADAPTIVE,11.717040277799999,3.3819999999999997
2020-02-19T21:59:00+00:00,16.0,32.0,212.5,ADAPTIVE,11.720586944399999,3.385
2020-02-19T21:59:04+00:00,16.0,32.0,212.7,ADAPTIVE,11.724120277799999,3.387
2020-02-19T21:59:07+00:00,16.0,32.0,212.6,ADAPTIVE,11.727669444399998,3.383
2020-02-19T21:59:11+00:00,16.0,32.0,212.7,ADAPTIVE,11.7312030556,3.3859999999999997
2020-02-19T21:59:15+00:00,16.0,32.0,212.7,ADAPTIVE,11.7347513889,3.383
2020-02-19T21:59:19+00:00,15.9,32.0,212.7,ADAPTIVE,11.738286944399999,3.376
2020-02-19T21:59:23+00:00,15.9,32.0,212.6,ADAPTIVE,11.7418347222,3.381
2020-02-19T21:59:27+00:00,15.9,32.0,212.6,ADAPTIVE,11.7453683333,3.38
2020-02-19T21:59:31+00:00,15.9,32.0,212.6,ADAPTIVE,11.7489166667,3.388
2020-02-19T21:59:35+00:00,15.9,32.0,212.6,ADAPTIVE,11.7524491667,3.381
2020-02-19T21:59:39+00:00,15.9,32.0,212.6,ADAPTIVE,11.755996111099998,3.3779999999999997
2020-02-19T21:59:43+00:00,15.9,32.0,212.7,ADAPTIVE,11.7595455556,3.381
2020-02-19T21:59:47+00:00,15.9,32.0,212.5,ADAPTIVE,11.7630786111,3.381
2020-02-19T21:59:51+00:00,16.0,32.0,212.7,ADAPTIVE,11.766626944399999,3.383
2020-02-19T21:59:55+00:00,16.0,32.0,212.6,ADAPTIVE,11.770161944399998,3.3859999999999997
2020-02-19T21:59:59+00:00,16.0,32.0,212.7,ADAPTIVE,11.7737113889,3.383
2020-02-19T22:00:03+00:00,16.0,32.0,212.6,ADAPTIVE,11.7772458333,3.377
2020-02-19T22:00:07+00:00,15.9,32.0,212.7,ADAPTIVE,11.780792777799999,3.3729999999999998
2020-02-19T22:00:11+00:00,16.0,32.0,212.6,ADAPTIVE,11.7843236111,3.388
2020-02-19T22:00:14+00:00,16.0,32.0,212.7,ADAPTIVE,11.787872777799999,3.3859999999999997
2020-02-19T22:00:18+00:00,16.0,32.0,212.6,ADAPTIVE,11.7914072222,3.383
2020-02-19T22:00:22+00:00,16.0,32.0,212.7,ADAPTIVE,11.7949530556,3.385
2020-02-19T22:00:26+00:00,16.0,32.0,212.7,ADAPTIVE,11.798486666699999,3.381
2020-02-19T22:00:30+00:00,16.0,32.0,212.7,ADAPTIVE,11.8020355556,3.3819999999999997
2020-02-19T22:00:34+00:00,16.0,32.0,212.7,ADAPTIVE,11.8055702778,3.377
2020-02-19T22:00:38+00:00,16.0,32.0,212.6,ADAPTIVE,11.8091188889,3.376
2020-02-19T22:00:42+00:00,16.0,32.0,212.6,ADAPTIVE,11.8126533333,3.384
2020-02-19T22:00:46+00:00,15.9,32.0,212.7,ADAPTIVE,11.8162030556,3.379
2020-02-19T22:00:50+00:00,15.9,32.0,212.7,ADAPTIVE,11.819738611099998,3.381
2020-02-19T22:00:54+00:00,15.9,32.0,212.7,ADAPTIVE,11.8232736111,3.384
2020-02-19T22:00:58+00:00,15.9,32.0,212.7,ADAPTIVE,11.8268244444,3.38
2020-02-19T22:01:02+00:00,16.0,32.0,212.7,ADAPTIVE,11.8303605556,3.391
2020-02-19T22:01:06+00:00,16.0,32.0,212.7,ADAPTIVE,11.8339102778,3.391
2020-02-19T22:01:10+00:00,16.0,32.0,212.7,ADAPTIVE,11.8374475,3.391
2020-02-19T22:01:14+00:00,16.0,32.0,212.7,ADAPTIVE,11.840996666699999,3.3819999999999997
2020-02-19T22:01:18+00:00,15.9,32.0,212.7,ADAPTIVE,11.8445313889,3.381
2020-02-19T22:01:21+00:00,15.9,32.0,212.6,ADAPTIVE,11.8480808333,3.379
2020-02-19T22:01:25+00:00,15.9,32.0,212.7,ADAPTIVE,11.8516136111,3.3819999999999997
2020-02-19T22:01:29+00:00,15.9,32.0,212.7,ADAPTIVE,11.8551497222,3.38
2020-02-19T22:01:33+00:00,15.9,32.0,212.7,ADAPTIVE,11.858696944399998,3.3729999999999998
2020-02-19T22:01:37+00:00,16.0,32.0,212.7,ADAPTIVE,11.8622330556,3.377
2020-02-19T22:01:41+00:00,16.0,32.0,212.7,ADAPTIVE,11.8657822222,3.379
2020-02-19T22:01:45+00:00,16.0,32.0,212.7,ADAPTIVE,11.869315,3.383
2020-02-19T22:01:49+00:00,15.9,32.0,212.6,ADAPTIVE,11.872862777799998,3.383
2020-02-19T22:01:53+00:00,15.9,32.0,212.6,ADAPTIVE,11.8763947222,3.387
2020-02-19T22:01:57+00:00,15.9,32.0,212.6,ADAPTIVE,11.8799305556,3.383
2020-02-19T22:02:01+00:00,16.0,32.0,212.5,ADAPTIVE,11.8834813889,3.389
2020-02-19T22:02:05+00:00,16.0,32.0,212.5,ADAPTIVE,11.887015,3.384
2020-02-19T22:02:09+00:00,16.0,32.0,212.6,ADAPTIVE,11.8905630556,3.388
2020-02-19T22:02:13+00:00,15.9,32.0,212.5,ADAPTIVE,11.894097499999999,3.3859999999999997
2020-02-19T22:02:17+00:00,15.9,32.0,212.6,ADAPTIVE,11.8976313889,3.3819999999999997
2020-02-19T22:02:21+00:00,15.9,32.0,212.5,ADAPTIVE,11.90118,3.3779999999999997
2020-02-19T22:02:25+00:00,16.0,32.0,212.6,ADAPTIVE,11.9047130556,3.38
2020-02-19T22:02:28+00:00,15.9,32.0,212.6,ADAPTIVE,11.908264444399999,3.371
2020-02-19T22:02:32+00:00,15.9,32.0,212.7,ADAPTIVE,11.911797777799999,3.3859999999999997
2020-02-19T22:02:36+00:00,15.9,32.0,212.6,ADAPTIVE,11.9153316667,3.3819999999999997
2020-02-19T22:02:40+00:00,15.9,32.0,212.7,ADAPTIVE,11.9188802778,3.3779999999999997
2020-02-19T22:02:44+00:00,16.0,32.0,212.7,ADAPTIVE,11.9224155556,3.387
2020-02-19T22:02:48+00:00,16.0,32.0,212.7,ADAPTIVE,11.9259647222,3.384
2020-02-19T22:02:52+00:00,16.0,32.0,212.7,ADAPTIVE,11.9294975,3.3859999999999997
2020-02-19T22:02:56+00:00,15.9,32.0,212.7,ADAPTIVE,11.9330480556,3.379
2020-02-19T22:03:00+00:00,15.9,32.0,212.6,ADAPTIVE,11.936581944399999,3.385
2020-02-19T22:03:04+00:00,15.9,32.0,212.6,ADAPTIVE,11.9401158333,3.3859999999999997
2020-02-19T22:03:08+00:00,16.0,32.0,212.6,ADAPTIVE,11.9436647222,3.383
2020-02-19T22:03:12+00:00,16.0,32.0,212.7,ADAPTIVE,11.947199444399999,3.385
2020-02-19T22:03:16+00:00,16.0,32.0,212.7,ADAPTIVE,11.95075,3.388
2020-02-19T22:03:20+00:00,15.9,32.0,212.7,ADAPTIVE,11.954286111099998,3.391
2020-02-19T22:03:24+00:00,15.9,32.0,212.7,ADAPTIVE,11.9578211111,3.3859999999999997
2020-02-19T22:03:28+00:00,16.0,32.0,212.8,ADAPTIVE,11.9613727778,3.381
2020-02-19T22:03:31+00:00,16.0,32.0,212.7,ADAPTIVE,11.9649083333,3.385
2020-02-19T22:03:35+00:00,15.9,32.0,212.7,ADAPTIVE,11.9684563889,3.379
2020-02-19T22:03:39+00:00,16.0,32.0,212.7,ADAPTIVE,11.9719911111,3.387
2020-02-19T22:03:43+00:00,15.9,32.0,212.7,ADAPTIVE,11.9755413889,3.38
2020-02-19T22:03:47+00:00,15.9,32.0,212.7,ADAPTIVE,11.9790763889,3.383
2020-02-19T22:03:51+00:00,16.0,32.0,212.7,ADAPTIVE,11.9826247222,3.3899999999999997
2020-02-19T22:03:55+00:00,16.0,32.0,212.8,ADAPTIVE,11.9861580556,3.381
2020-02-19T22:03:59+00:00,16.0,32.0,212.7,ADAPTIVE,11.9897080556,3.391
2020-02-19T22:04:03+00:00,16.0,32.0,212.7,ADAPTIVE,11.9932413889,3.375
2020-02-19T22:04:07+00:00,16.0,32.0,212.7,ADAPTIVE,11.9967933333,3.384
2020-02-19T22:04:11+00:00,16.0,32.0,212.8,ADAPTIVE,12.000328333299999,3.381
2020-02-19T22:04:15+00:00,16.0,32.0,212.7,ADAPTIVE,12.0038786111,3.387
2020-02-19T22:04:19+00:00,16.0,32.0,212.9,ADAPTIVE,12.007415277799998,3.3939999999999997
2020-02-19T22:04:23+00:00,15.9,32.0,212.7,ADAPTIVE,12.0109666667,3.3859999999999997
2020-02-19T22:04:27+00:00,15.9,32.0,212.7,ADAPTIVE,12.014502499999999,3.3859999999999997
2020-02-19T22:04:31+00:00,15.9,32.0,212.7,ADAPTIVE,12.018051111099998,3.38
2020-02-19T22:04:35+00:00,16.0,32.0,212.7,ADAPTIVE,12.021588611099999,3.388
2020-02-19T22:04:38+00:00,16.0,32.0,212.7,ADAPTIVE,12.0251397222,3.381
2020-02-19T22:04:42+00:00,16.0,32.0,212.7,ADAPTIVE,12.0286755556,3.381
2020-02-19T22:04:46+00:00,16.0,32.0,212.7,ADAPTIVE,12.0322263889,3.383
2020-02-19T22:04:50+00:00,16.0,32.0,212.5,ADAPTIVE,12.0357622222,3.376
2020-02-19T22:04:54+00:00,16.0,32.0,212.7,ADAPTIVE,12.0393113889,3.3779999999999997
2020-02-19T22:04:58+00:00,16.0,32.0,212.7,ADAPTIVE,12.0428461111,3.387
2020-02-19T22:05:02+00:00,16.0,32.0,212.7,ADAPTIVE,12.0463975,3.3899999999999997
2020-02-19T22:05:06+00:00,15.9,32.0,212.7,ADAPTIVE,12.0499338889,3.3819999999999997
2020-02-19T22:05:10+00:00,15.9,32.0,212.7,ADAPTIVE,12.053469999999999,3.379
2020-02-19T22:05:14+00:00,15.9,32.0,212.7,ADAPTIVE,12.0570202778,3.375
2020-02-19T22:05:18+00:00,16.0,32.0,212.7,ADAPTIVE,12.0605575,3.387
2020-02-19T22:05:22+00:00,16.0,32.0,212.7,ADAPTIVE,12.0641052778,3.383
2020-02-19T22:05:26+00:00,16.0,32.0,212.7,ADAPTIVE,12.0676394444,3.3899999999999997
2020-02-19T22:05:30+00:00,16.0,32.0,212.7,ADAPTIVE,12.0711897222,3.391
2020-02-19T22:05:34+00:00,16.0,32.0,212.6,ADAPTIVE,12.074724999999999,3.391
2020-02-19T22:05:38+00:00,15.9,32.0,212.6,ADAPTIVE,12.0782569444,3.375
2020-02-19T22:05:42+00:00,15.9,32.0,212.6,ADAPTIVE,12.081806666699999,3.388
2020-02-19T22:05:46+00:00,15.9,32.0,212.6,ADAPTIVE,12.085339999999999,3.3729999999999998
2020-02-19T22:05:49+00:00,15.9,32.0,212.5,ADAPTIVE,12.0888875,3.38
2020-02-19T22:05:53+00:00,15.9,32.0,212.6,ADAPTIVE,12.092419444399999,3.3859999999999997
2020-02-19T22:05:57+00:00,15.9,32.0,212.4,ADAPTIVE,12.095966944399999,3.3819999999999997
2020-02-19T22:06:01+00:00,15.9,32.0,212.4,ADAPTIVE,12.0994986111,3.376
2020-02-19T22:06:05+00:00,15.9,32.0,212.5,ADAPTIVE,12.103046944399999,3.381
2020-02-19T22:06:09+00:00,15.9,32.0,212.5,ADAPTIVE,12.1065794444,3.38
2020-02-19T22:06:13+00:00,15.9,32.0,212.6,ADAPTIVE,12.1101238889,3.3729999999999998
2020-02-19T22:06:17+00:00,15.9,32.0,212.5,ADAPTIVE,12.113657499999999,3.3779999999999997
2020-02-19T22:06:21+00:00,16.0,32.0,212.5,ADAPTIVE,12.1172047222,3.385
2020-02-19T22:06:25+00:00,16.0,32.0,212.5,ADAPTIVE,12.1207372222,3.385
2020-02-19T22:06:29+00:00,16.0,32.0,212.4,ADAPTIVE,12.1242833333,3.384
2020-02-19T22:06:33+00:00,16.0,32.0,212.4,ADAPTIVE,12.127814166699999,3.381
2020-02-19T22:06:37+00:00,15.9,32.0,212.5,ADAPTIVE,12.1313636111,3.3779999999999997
2020-02-19T22:06:41+00:00,15.9,32.0,212.4,ADAPTIVE,12.1348955556,3.383
2020-02-19T22:06:45+00:00,15.9,32.0,212.5,ADAPTIVE,12.1384258333,3.38
2020-02-19T22:06:49+00:00,16.0,32.0,212.5,ADAPTIVE,12.1419733333,3.379
2020-02-19T22:06:52+00:00,16.0,32.0,212.6,ADAPTIVE,12.1455055556,3.3859999999999997
2020-02-19T22:06:56+00:00,16.0,32.0,212.6,ADAPTIVE,12.1490536111,3.387
2020-02-19T22:07:00+00:00,16.0,32.0,212.6,ADAPTIVE,12.1525863889,3.385
2020-02-19T22:07:04+00:00,16.0,32.0,212.4,ADAPTIVE,12.156135277799999,3.389
2020-02-19T22:07:08+00:00,16.0,32.0,212.5,ADAPTIVE,12.1596677778,3.376
2020-02-19T22:07:12+00:00,16.0,32.0,212.5,ADAPTIVE,12.1632144444,3.384
2020-02-19T22:07:16+00:00,16.0,32.0,212.5,ADAPTIVE,12.166746944399998,3.387
2020-02-19T22:07:20+00:00,16.0,32.0,212.4,ADAPTIVE,12.170295833299999,3.381
2020-02-19T22:07:24+00:00,16.0,32.0,212.6,ADAPTIVE,12.1738263889,3.381
2020-02-19T22:07:28+00:00,16.0,32.0,212.5,ADAPTIVE,12.1773741667,3.3859999999999997
2020-02-19T22:07:32+00:00,16.0,32.0,212.5,ADAPTIVE,12.1809072222,3.385
2020-02-19T22:07:36+00:00,15.9,32.0,212.5,ADAPTIVE,12.1844541667,3.372
2020-02-19T22:07:40+00:00,15.9,32.0,212.7,ADAPTIVE,12.187986111099999,3.384
2020-02-19T22:07:44+00:00,15.9,32.0,212.5,ADAPTIVE,12.1915338889,3.38
2020-02-19T22:07:48+00:00,16.0,32.0,212.5,ADAPTIVE,12.195081944399998,3.388
2020-02-19T22:07:52+00:00,16.0,32.0,212.5,ADAPTIVE,12.1986138889,3.3779999999999997
2020-02-19T22:07:56+00:00,16.0,32.0,212.5,ADAPTIVE,12.2021602778,3.3779999999999997
2020-02-19T22:07:59+00:00,16.0,32.0,212.7,ADAPTIVE,12.205691944399998,3.3819999999999997
2020-02-19T22:08:03+00:00,16.0,32.0,212.6,ADAPTIVE,12.2092405556,3.384
2020-02-19T22:08:07+00:00,16.0,32.0,212.5,ADAPTIVE,12.2127725,3.379
2020-02-19T22:08:11+00:00,16.0,32.0,212.6,ADAPTIVE,12.2163197222,3.379
2020-02-19T22:08:15+00:00,16.0,32.0,212.7,ADAPTIVE,12.2198538889,3.379
2020-02-19T22:08:19+00:00,16.0,32.0,212.7,ADAPTIVE,12.2234038889,3.388
2020-02-19T22:08:23+00:00,16.0,32.0,212.6,ADAPTIVE,12.2269380556,3.384
2020-02-19T22:08:27+00:00,16.0,32.0,212.6,ADAPTIVE,12.230487499999999,3.377
2020-02-19T22:08:31+00:00,16.0,32.0,212.6,ADAPTIVE,12.234020833299999,3.388
2020-02-19T22:08:35+00:00,16.0,32.0,212.5,ADAPTIVE,12.2375663889,3.379
2020-02-19T22:08:39+00:00,16.0,32.0,212.7,ADAPTIVE,12.2410991667,3.379
2020-02-19T22:08:43+00:00,15.9,32.0,212.6,ADAPTIVE,12.2446505556,3.385
2020-02-19T22:08:47+00:00,15.9,32.0,212.6,ADAPTIVE,12.2481833333,3.385
2020-02-19T22:08:51+00:00,15.9,32.0,212.6,ADAPTIVE,12.2517186111,3.388
2020-02-19T22:08:55+00:00,15.9,32.0,212.6,ADAPTIVE,12.2552658333,3.3779999999999997
2020-02-19T22:08:59+00:00,16.0,32.0,212.4,ADAPTIVE,12.2587986111,3.3859999999999997
2020-02-19T22:09:03+00:00,16.0,32.0,212.4,ADAPTIVE,12.262345,3.379
2020-02-19T22:09:06+00:00,16.0,32.0,212.4,ADAPTIVE,12.265877777799998,3.38
2020-02-19T22:09:10+00:00,16.0,32.0,212.4,ADAPTIVE,12.269425,3.387
2020-02-19T22:09:14+00:00,15.9,32.0,212.5,ADAPTIVE,12.272957499999999,3.381
2020-02-19T22:09:18+00:00,15.9,32.0,212.4,ADAPTIVE,12.276486944399998,3.3729999999999998
2020-02-19T22:09:22+00:00,15.9,32.0,212.5,ADAPTIVE,12.280030277799998,3.3729999999999998
2020-02-19T22:09:26+00:00,16.0,32.0,212.5,ADAPTIVE,12.2835633333,3.385
2020-02-19T22:09:30+00:00,16.0,32.0,212.6,ADAPTIVE,12.287111111099998,3.38
2020-02-19T22:09:34+00:00,16.0,32.0,212.6,ADAPTIVE,12.290643611099998,3.389
2020-02-19T22:09:38+00:00,15.9,32.0,212.5,ADAPTIVE,12.2941786111,3.38
2020-02-19T22:09:42+00:00,15.9,32.0,212.5,ADAPTIVE,12.297726944399999,3.381
2020-02-19T22:09:46+00:00,16.0,32.0,212.5,ADAPTIVE,12.30126,3.3819999999999997
2020-02-19T22:09:50+00:00,16.0,32.0,212.5,ADAPTIVE,12.304808333299999,3.381
2020-02-19T22:09:54+00:00,16.0,32.0,212.6,ADAPTIVE,12.308340833299999,3.3859999999999997
2020-02-19T22:09:58+00:00,16.0,32.0,212.6,ADAPTIVE,12.3118888889,3.3779999999999997
2020-02-19T22:10:02+00:00,15.9,32.0,212.6,ADAPTIVE,12.315422777799998,3.3779999999999997
2020-02-19T22:10:06+00:00,15.9,32.0,212.5,ADAPTIVE,12.318956944399998,3.381
2020-02-19T22:10:10+00:00,15.9,32.0,212.6,ADAPTIVE,12.3225061111,3.372
2020-02-19T22:10:13+00:00,15.9,32.0,212.6,ADAPTIVE,12.3260416667,3.383
2020-02-19T22:10:17+00:00,16.0,32.0,212.6,ADAPTIVE,12.329589444399998,3.379
2020-02-19T22:10:21+00:00,15.9,32.0,212.5,ADAPTIVE,12.333122777799998,3.3729999999999998
2020-02-19T22:10:25+00:00,15.9,32.0,212.5,ADAPTIVE,12.3366691667,3.3779999999999997
2020-02-19T22:10:29+00:00,16.0,32.0,212.4,ADAPTIVE,12.3402025,3.3819999999999997
2020-02-19T22:10:33+00:00,15.9,32.0,212.5,ADAPTIVE,12.343749444399998,3.3739999999999997
2020-02-19T22:10:37+00:00,15.9,32.0,212.4,ADAPTIVE,12.347283611099998,3.3899999999999997
2020-02-19T22:10:41+00:00,15.9,32.0,212.4,ADAPTIVE,12.350830277799998,3.3819999999999997
2020-02-19T22:10:45+00:00,15.9,32.0,212.4,ADAPTIVE,12.354362777799999,3.377
2020-02-19T22:10:49+00:00,15.9,32.0,212.6,ADAPTIVE,12.357909999999999,3.385
2020-02-19T22:10:53+00:00,15.9,32.0,212.5,ADAPTIVE,12.361443611099999,3.385
2020-02-19T22:10:57+00:00,15.9,32.0,212.6,ADAPTIVE,12.3649922222,3.385
2020-02-19T22:11:01+00:00,16.0,32.0,212.5,ADAPTIVE,12.368522777799999,3.381
2020-02-19T22:11:05+00:00,16.0,32.0,212.6,ADAPTIVE,12.3720733333,3.3859999999999997
2020-02-19T22:11:09+00:00,16.0,32.0,212.5,ADAPTIVE,12.375609166699999,3.385
2020-02-19T22:11:13+00:00,16.0,32.0,212.5,ADAPTIVE,12.379156111099999,3.384
2020-02-19T22:11:16+00:00,15.9,32.0,212.6,ADAPTIVE,12.382689166699999,3.387
2020-02-19T22:11:20+00:00,15.9,32.0,212.4,ADAPTIVE,12.3862208333,3.3779999999999997
2020-02-19T22:11:24+00:00,16.0,32.0,212.4,ADAPTIVE,12.3897688889,3.377
2020-02-19T22:11:28+00:00,15.9,32.0,212.5,ADAPTIVE,12.393299444399998,3.377
2020-02-19T22:11:32+00:00,15.9,32.0,212.5,ADAPTIVE,12.396831944399999,3.3779999999999997
2020-02-19T22:11:36+00:00,16.0,32.0,212.4,ADAPTIVE,12.40038,3.3779999999999997
2020-02-19T22:11:40+00:00,16.0,32.0,212.5,ADAPTIVE,12.403913611099998,3.3859999999999997
2020-02-19T22:11:44+00:00,15.9,32.0,212.4,ADAPTIVE,12.407445277799999,3.387
2020-02-19T22:11:48+00:00,16.0,32.0,212.5,ADAPTIVE,12.410992499999999,3.379
2020-02-19T22:11:52+00:00,16.0,32.0,212.4,ADAPTIVE,12.414521944399999,3.383
2020-02-19T22:11:56+00:00,15.9,32.0,212.5,ADAPTIVE,12.4180530556,3.384
2020-02-19T22:12:00+00:00,16.0,32.0,212.4,ADAPTIVE,12.421597777799999,3.377
2020-02-19T22:12:04+00:00,16.0,32.0,212.5,ADAPTIVE,12.42513,3.383
2020-02-19T22:12:08+00:00,15.9,32.0,212.4,ADAPTIVE,12.428675,3.3699999999999997
2020-02-19T22:12:12+00:00,15.9,32.0,212.5,ADAPTIVE,12.4322055556,3.3819999999999997
2020-02-19T22:12:16+00:00,16.0,32.0,212.4,ADAPTIVE,12.435735555599999,3.3819999999999997
2020-02-19T22:12:20+00:00,16.0,32.0,212.4,ADAPTIVE,12.4392808333,3.375
2020-02-19T22:12:24+00:00,16.0,32.0,212.3,ADAPTIVE,12.442809444399998,3.38
2020-02-19T22:12:27+00:00,15.9,32.0,212.4,ADAPTIVE,12.4463383333,3.384
2020-02-19T22:12:31+00:00,15.9,32.0,212.2,ADAPTIVE,12.4498825,3.371
2020-02-19T22:12:35+00:00,16.0,32.0,212.3,ADAPTIVE,12.4534113889,3.3729999999999998
2020-02-19T22:12:39+00:00,16.0,32.0,212.3,ADAPTIVE,12.456954444399999,3.384
2020-02-19T22:12:43+00:00,15.9,32.0,212.3,ADAPTIVE,12.460485277799998,3.3779999999999997
2020-02-19T22:12:47+00:00,15.9,32.0,212.2,ADAPTIVE,12.4640161111,3.379
2020-02-19T22:12:51+00:00,15.9,32.0,212.4,ADAPTIVE,12.4675591667,3.376
2020-02-19T22:12:55+00:00,16.0,32.0,212.4,ADAPTIVE,12.471089444399999,3.389
2020-02-19T22:12:59+00:00,16.0,32.0,212.4,ADAPTIVE,12.474633611099998,3.3729999999999998
2020-02-19T22:13:03+00:00,16.0,32.0,212.3,ADAPTIVE,12.4781638889,3.3779999999999997
2020-02-19T22:13:07+00:00,16.0,32.0,212.3,ADAPTIVE,12.4817080556,3.3819999999999997
2020-02-19T22:13:11+00:00,16.0,32.0,212.3,ADAPTIVE,12.4852391667,3.381
2020-02-19T22:13:15+00:00,15.9,32.0,212.4,ADAPTIVE,12.4887686111,3.381
2020-02-19T22:13:19+00:00,15.9,32.0,212.4,ADAPTIVE,12.492312499999999,3.3819999999999997
2020-02-19T22:13:23+00:00,15.9,32.0,212.4,ADAPTIVE,12.4958447222,3.376
2020-02-19T22:13:27+00:00,15.9,32.0,212.4,ADAPTIVE,12.499388611099999,3.3739999999999997
2020-02-19T22:13:31+00:00,16.0,32.0,212.3,ADAPTIVE,12.5029147222,3.385
2020-02-19T22:13:34+00:00,16.0,32.0,212.4,ADAPTIVE,12.506460277799999,3.38
2020-02-19T22:13:38+00:00,16.0,32.0,212.4,ADAPTIVE,12.509988333299999,3.384
2020-02-19T22:13:42+00:00,16.0,32.0,212.4,ADAPTIVE,12.5135333333,3.376
2020-02-19T22:13:46+00:00,16.0,32.0,212.4,ADAPTIVE,12.517064444399999,3.383
2020-02-19T22:13:50+00:00,16.0,32.0,212.4,ADAPTIVE,12.5206102778,3.368
2020-02-19T22:13:54+00:00,16.0,32.0,212.4,ADAPTIVE,12.5241397222,3.383
2020-02-19T22:13:58+00:00,16.0,32.0,212.4,ADAPTIVE,12.527685277799998,3.387
2020-02-19T22:14:02+00:00,16.0,32.0,212.4,ADAPTIVE,12.5312155556,3.3859999999999997
2020-02-19T22:14:06+00:00,16.0,32.0,212.4,ADAPTIVE,12.5347627778,3.383
2020-02-19T22:14:10+00:00,16.0,32.0,212.4,ADAPTIVE,12.538295,3.383
2020-02-19T22:14:14+00:00,16.0,32.0,212.7,ADAPTIVE,12.541844166699999,3.391
2020-02-19T22:14:18+00:00,16.0,32.0,212.5,ADAPTIVE,12.545378611099999,3.3779999999999997
2020-02-19T22:14:22+00:00,16.0,32.0,212.6,ADAPTIVE,12.5489263889,3.387
2020-02-19T22:14:26+00:00,15.9,32.0,212.6,ADAPTIVE,12.5524566667,3.3729999999999998
2020-02-19T22:14:30+00:00,15.9,32.0,212.6,ADAPTIVE,12.556004999999999,3.3819999999999997
2020-02-19T22:14:34+00:00,15.9,32.0,212.6,ADAPTIVE,12.559540277799998,3.387
2020-02-19T22:14:38+00:00,16.0,32.0,212.5,ADAPTIVE,12.563075,3.3779999999999997
2020-02-19T22:14:42+00:00,16.0,32.0,212.6,ADAPTIVE,12.5666225,3.3899999999999997
2020-02-19T22:14:45+00:00,15.9,32.0,212.6,ADAPTIVE,12.570153611099999,3.38
2020-02-19T22:14:49+00:00,15.9,32.0,212.5,ADAPTIVE,12.573686666699999,3.379
2020-02-19T22:14:53+00:00,16.0,32.0,212.7,ADAPTIVE,12.577237777799999,3.384
2020-02-19T22:14:57+00:00,16.0,32.0,212.5,ADAPTIVE,12.5807747222,3.3819999999999997
2020-02-19T22:15:01+00:00,16.0,32.0,212.6,ADAPTIVE,12.584323611099999,3.384
2020-02-19T22:15:05+00:00,15.9,32.0,212.6,ADAPTIVE,12.5878572222,3.383
2020-02-19T22:15:09+00:00,15.9,32.0,212.7,ADAPTIVE,12.5913916667,3.379
2020-02-19T22:15:13+00:00,16.0,32.0,212.5,ADAPTIVE,12.5949413889,3.3859999999999997
2020-02-19T22:15:17+00:00,15.9,32.0,212.7,ADAPTIVE,12.5984747222,3.3779999999999997
2020-02-19T22:15:21+00:00,16.0,32.0,212.5,ADAPTIVE,12.602022499999999,3.3859999999999997
2020-02-19T22:15:25+00:00,16.0,32.0,212.6,ADAPTIVE,12.6055536111,3.384
2020-02-19T22:15:29+00:00,16.0,32.0,212.5,ADAPTIVE,12.6091030556,3.3819999999999997
2020-02-19T22:15:33+00:00,15.9,32.0,212.7,ADAPTIVE,12.612635833299999,3.371
2020-02-19T22:15:37+00:00,16.0,32.0,212.5,ADAPTIVE,12.6161858333,3.371
2020-02-19T22:15:41+00:00,16.0,32.0,212.5,ADAPTIVE,12.6197175,3.383
2020-02-19T22:15:45+00:00,16.0,32.0,212.6,ADAPTIVE,12.623263333299999,3.375
2020-02-19T22:15:48+00:00,16.0,32.0,212.5,ADAPTIVE,12.6267944444,3.383
2020-02-19T22:15:52+00:00,16.0,32.0,212.5,ADAPTIVE,12.6303425,3.3819999999999997
2020-02-19T22:15:56+00:00,16.0,32.0,212.5,ADAPTIVE,12.6338763889,3.38
2020-02-19T22:16:00+00:00,15.9,32.0,212.5,ADAPTIVE,12.637421944399998,3.3779999999999997
2020-02-19T22:16:04+00:00,16.0,32.0,212.4,ADAPTIVE,12.64095,3.388
2020-02-19T22:16:08+00:00,15.9,32.0,212.5,ADAPTIVE,12.6444811111,3.384
2020-02-19T22:16:12+00:00,15.9,32.0,212.4,ADAPTIVE,12.6480277778,3.3779999999999997
2020-02-19T22:16:16+00:00,15.9,32.0,212.5,ADAPTIVE,12.651558611099999,3.3779999999999997
2020-02-19T22:16:20+00:00,15.9,32.0,212.5,ADAPTIVE,12.655104999999999,3.3819999999999997
2020-02-19T22:16:24+00:00,16.0,32.0,212.4,ADAPTIVE,12.6586358333,3.381
2020-02-19T22:16:28+00:00,16.0,32.0,212.5,ADAPTIVE,12.6621836111,3.389
2020-02-19T22:16:32+00:00,16.0,32.0,212.5,ADAPTIVE,12.6657147222,3.375
2020-02-19T22:16:36+00:00,16.0,32.0,212.4,ADAPTIVE,12.6692602778,3.384
2020-02-19T22:16:40+00:00,15.9,32.0,212.4,ADAPTIVE,12.6727905556,3.3779999999999997
2020-02-19T22:16:44+00:00,16.0,32.0,212.4,ADAPTIVE,12.6763227778,3.3859999999999997
2020-02-19T22:16:48+00:00,15.9,32.0,212.4,ADAPTIVE,12.6798694444,3.38
2020-02-19T22:16:52+00:00,16.0,32.0,212.4,ADAPTIVE,12.6833997222,3.3859999999999997
2020-02-19T22:16:55+00:00,16.0,32.0,212.3,ADAPTIVE,12.6869422222,3.3729999999999998
2020-02-19T22:16:59+00:00,15.9,32.0,212.3,ADAPTIVE,12.690472777799998,3.3729999999999998
2020-02-19T22:17:03+00:00,15.9,32.0,212.4,ADAPTIVE,12.6940005556,3.377
2020-02-19T22:17:07+00:00,15.9,32.0,212.4,ADAPTIVE,12.697545,3.381
2020-02-19T22:17:11+00:00,16.0,32.0,212.4,ADAPTIVE,12.701075,3.375
2020-02-19T22:17:15+00:00,15.9,32.0,212.4,ADAPTIVE,12.7046219444,3.376
2020-02-19T22:17:19+00:00,15.9,32.0,212.3,ADAPTIVE,12.708152777799999,3.384
2020-02-19T22:17:23+00:00,16.0,32.0,212.3,ADAPTIVE,12.7116855556,3.387
2020-02-19T22:17:27+00:00,16.0,32.0,212.4,ADAPTIVE,12.7152308333,3.384
2020-02-19T22:17:31+00:00,15.9,32.0,212.4,ADAPTIVE,12.7187655556,3.384
2020-02-19T22:17:35+00:00,15.9,32.0,212.4,ADAPTIVE,12.7222944444,3.3819999999999997
2020-02-19T22:17:39+00:00,16.0,32.0,212.3,ADAPTIVE,12.7258388889,3.3779999999999997
2020-02-19T22:17:43+00:00,16.0,32.0,212.2,ADAPTIVE,12.7293661111,3.381
2020-02-19T22:17:47+00:00,15.9,32.0,212.2,ADAPTIVE,12.7328955556,3.376
2020-02-19T22:17:51+00:00,15.9,32.0,212.4,ADAPTIVE,12.7364413889,3.3819999999999997
2020-02-19T22:17:55+00:00,16.0,32.0,212.2,ADAPTIVE,12.739971666699999,3.375
2020-02-19T22:17:59+00:00,16.0,32.0,212.4,ADAPTIVE,12.7435163889,3.383
2020-02-19T22:18:02+00:00,15.9,32.0,212.4,ADAPTIVE,12.747044166699999,3.379
2020-02-19T22:18:06+00:00,16.0,32.0,212.3,ADAPTIVE,12.750573611099998,3.383
2020-02-19T22:18:10+00:00,16.0,32.0,212.3,ADAPTIVE,12.7541188889,3.381
2020-02-19T22:18:14+00:00,16.0,32.0,212.2,ADAPTIVE,12.757643611099999,3.38
2020-02-19T22:18:18+00:00,15.9,32.0,212.2,ADAPTIVE,12.7611691667,3.3779999999999997
2020-02-19T22:18:22+00:00,16.0,32.0,212.1,ADAPTIVE,12.7647097222,3.371
2020-02-19T22:18:26+00:00,15.9,32.0,212.1,ADAPTIVE,12.7682377778,3.3739999999999997
2020-02-19T22:18:30+00:00,15.9,32.0,212.2,ADAPTIVE,12.7717613889,3.3739999999999997
2020-02-19T22:18:34+00:00,16.0,32.0,212.2,ADAPTIVE,12.775301944399999,3.3699999999999997
2020-02-19T22:18:38+00:00,16.0,32.0,212.1,ADAPTIVE,12.7788255556,3.3689999999999998
2020-02-19T22:18:42+00:00,16.0,32.0,212.2,ADAPTIVE,12.7823655556,3.375
2020-02-19T22:18:46+00:00,15.9,32.0,212.1,ADAPTIVE,12.78589,3.379
2020-02-19T22:18:50+00:00,15.9,32.0,212.2,ADAPTIVE,12.789417499999999,3.381
2020-02-19T22:18:54+00:00,16.0,32.0,212.2,ADAPTIVE,12.792959999999999,3.375
2020-02-19T22:18:58+00:00,16.0,32.0,212.2,ADAPTIVE,12.7964858333,3.3729999999999998
2020-02-19T22:19:02+00:00,16.0,32.0,212.1,ADAPTIVE,12.8000272222,3.377
2020-02-19T22:19:06+00:00,16.0,32.0,212.2,ADAPTIVE,12.803552777799998,3.375
2020-02-19T22:19:09+00:00,15.9,32.0,212.2,ADAPTIVE,12.807094444399999,3.372
2020-02-19T22:19:13+00:00,15.9,32.0,212.3,ADAPTIVE,12.8106222222,3.368
2020-02-19T22:19:17+00:00,15.9,32.0,212.2,ADAPTIVE,12.8141483333,3.377
2020-02-19T22:19:21+00:00,16.0,32.0,212.3,ADAPTIVE,12.8176913889,3.381
2020-02-19T22:19:25+00:00,16.0,32.0,212.1,ADAPTIVE,12.8212188889,3.3699999999999997
2020-02-19T22:19:29+00:00,16.0,32.0,212.2,ADAPTIVE,12.824761666699999,3.379
2020-02-19T22:19:33+00:00,16.0,32.0,212.2,ADAPTIVE,12.828286944399999,3.379
2020-02-19T22:19:37+00:00,15.9,32.0,212.2,ADAPTIVE,12.8318280556,3.3739999999999997
2020-02-19T22:19:41+00:00,15.9,32.0,212.2,ADAPTIVE,12.835354444399998,3.371
2020-02-19T22:19:45+00:00,15.9,32.0,212.2,ADAPTIVE,12.8388808333,3.3819999999999997
2020-02-19T22:19:49+00:00,15.9,32.0,212.2,ADAPTIVE,12.8424230556,3.38
2020-02-19T22:19:53+00:00,16.0,32.0,212.2,ADAPTIVE,12.8459505556,3.372
2020-02-19T22:19:57+00:00,16.0,32.0,212.1,ADAPTIVE,12.8494922222,3.372
2020-02-19T22:20:01+00:00,16.0,32.0,212.2,ADAPTIVE,12.8530180556,3.3779999999999997
2020-02-19T22:20:05+00:00,16.0,32.0,212.2,ADAPTIVE,12.856560277799998,3.38
2020-02-19T22:20:09+00:00,15.9,32.0,212.2,ADAPTIVE,12.8600872222,3.3739999999999997
2020-02-19T22:20:13+00:00,15.9,32.0,212.2,ADAPTIVE,12.863629999999999,3.379
2020-02-19T22:20:16+00:00,16.0,32.0,212.2,ADAPTIVE,12.8671569444,3.383
2020-02-19T22:20:20+00:00,15.9,32.0,212.2,ADAPTIVE,12.870700833299999,3.3739999999999997
2020-02-19T22:20:24+00:00,16.0,32.0,212.2,ADAPTIVE,12.8742297222,3.38
2020-02-19T22:20:28+00:00,15.9,32.0,212.2,ADAPTIVE,12.877772777799999,3.3729999999999998
2020-02-19T22:20:32+00:00,16.0,32.0,212.3,ADAPTIVE,12.8813013889,3.381
2020-02-19T22:20:36+00:00,16.0,32.0,212.2,ADAPTIVE,12.8848447222,3.371
2020-02-19T22:20:40+00:00,16.0,32.0,212.2,ADAPTIVE,12.8883741667,3.3739999999999997
2020-02-19T22:20:44+00:00,16.0,32.0,212.2,ADAPTIVE,12.8919188889,3.375
2020-02-19T22:20:48+00:00,16.0,32.0,212.2,ADAPTIVE,12.8954466667,3.377
2020-02-19T22:20:52+00:00,15.9,32.0,212.2,ADAPTIVE,12.8989891667,3.3699999999999997
2020-02-19T22:20:56+00:00,15.9,32.0,212.2,ADAPTIVE,12.9025186111,3.3779999999999997
2020-02-19T22:21:00+00:00,15.9,32.0,212.2,ADAPTIVE,12.9060477778,3.3729999999999998
2020-02-19T22:21:04+00:00,16.0,32.0,212.2,ADAPTIVE,12.9095872222,3.376
2020-02-19T22:21:08+00:00,15.9,32.0,212.2,ADAPTIVE,12.913116666699999,3.3699999999999997
2020-02-19T22:21:12+00:00,15.9,32.0,212.2,ADAPTIVE,12.9166441667,3.375
2020-02-19T22:21:16+00:00,16.0,32.0,212.2,ADAPTIVE,12.9201855556,3.381
2020-02-19T22:21:20+00:00,16.0,32.0,212.2,ADAPTIVE,12.9237141667,3.377
2020-02-19T22:21:23+00:00,16.0,32.0,212.1,ADAPTIVE,12.9272541667,3.3689999999999998
2020-02-19T22:21:27+00:00,15.9,32.0,212.1,ADAPTIVE,12.930780277799999,3.375
2020-02-19T22:21:31+00:00,15.9,32.0,212.2,ADAPTIVE,12.9343058333,3.3779999999999997
2020-02-19T22:21:35+00:00,16.0,32.0,212.2,ADAPTIVE,12.9378472222,3.377
2020-02-19T22:21:39+00:00,16.0,32.0,212.2,ADAPTIVE,12.941371944399998,3.375
2020-02-19T22:21:43+00:00,16.0,32.0,212.0,ADAPTIVE,12.944912777799999,3.371
2020-02-19T22:21:47+00:00,15.9,32.0,212.2,ADAPTIVE,12.9484405556,3.377
2020-02-19T22:21:51+00:00,15.9,32.0,212.2,ADAPTIVE,12.9519675,3.383
2020-02-19T22:21:55+00:00,15.9,32.0,212.2,ADAPTIVE,12.9555105556,3.376
2020-02-19T22:21:59+00:00,16.0,32.0,212.1,ADAPTIVE,12.9590358333,3.379
2020-02-19T22:22:03+00:00,16.0,32.0,212.2,ADAPTIVE,12.9625772222,3.375
2020-02-19T22:22:07+00:00,16.0,32.0,212.2,ADAPTIVE,12.966106111099998,3.376
2020-02-19T22:22:11+00:00,15.9,32.0,212.1,ADAPTIVE,12.969647777799999,3.3729999999999998
2020-02-19T22:22:15+00:00,15.9,32.0,212.1,ADAPTIVE,12.973171666699999,3.372
2020-02-19T22:22:19+00:00,15.9,32.0,212.1,ADAPTIVE,12.976696944399999,3.3819999999999997
2020-02-19T22:22:23+00:00,15.9,32.0,212.1,ADAPTIVE,12.9802380556,3.3779999999999997
2020-02-19T22:22:26+00:00,15.9,32.0,212.1,ADAPTIVE,12.9837616667,3.3689999999999998
2020-02-19T22:22:30+00:00,16.0,32.0,212.2,ADAPTIVE,12.9873030556,3.3819999999999997
2020-02-19T22:22:34+00:00,16.0,32.0,212.2,ADAPTIVE,12.9908322222,3.377
2020-02-19T22:22:38+00:00,16.0,32.0,212.2,ADAPTIVE,12.9943747222,3.375
2020-02-19T22:22:42+00:00,15.9,32.0,212.2,ADAPTIVE,12.997901666699999,3.3689999999999998
2020-02-19T22:22:46+00:00,15.9,32.0,212.2,ADAPTIVE,13.0014283333,3.377
2020-02-19T22:22:50+00:00,15.9,32.0,212.3,ADAPTIVE,13.0049719444,3.3779999999999997
2020-02-19T22:22:54+00:00,16.0,32.0,212.2,ADAPTIVE,13.0085008333,3.3779999999999997
2020-02-19T22:22:58+00:00,16.0,32.0,212.2,ADAPTIVE,13.0120430556,3.3739999999999997
2020-02-19T22:23:02+00:00,16.0,32.0,212.3,ADAPTIVE,13.0155738889,3.379
2020-02-19T22:23:06+00:00,16.0,32.0,212.3,ADAPTIVE,13.0191172222,3.383
2020-02-19T22:23:10+00:00,16.0,32.0,212.3,ADAPTIVE,13.0226444444,3.3739999999999997
2020-02-19T22:23:14+00:00,15.9,32.0,212.2,ADAPTIVE,13.0261888889,3.372
2020-02-19T22:23:18+00:00,15.9,32.0,212.2,ADAPTIVE,13.029717777799998,3.376
2020-02-19T22:23:22+00:00,15.9,32.0,212.2,ADAPTIVE,13.033245277799999,3.3779999999999997
2020-02-19T22:23:26+00:00,16.0,32.0,212.2,ADAPTIVE,13.0367891667,3.3739999999999997
2020-02-19T22:23:30+00:00,16.0,32.0,212.2,ADAPTIVE,13.0403163889,3.38
2020-02-19T22:23:34+00:00,16.0,32.0,212.2,ADAPTIVE,13.0438577778,3.3739999999999997
2020-02-19T22:23:37+00:00,15.9,32.0,212.0,ADAPTIVE,13.047383611099999,3.3729999999999998
2020-02-19T22:23:41+00:00,15.9,32.0,212.1,ADAPTIVE,13.050910277799998,3.3619999999999997
2020-02-19T22:23:45+00:00,16.0,32.0,212.2,ADAPTIVE,13.054452777799998,3.379
2020-02-19T22:23:49+00:00,16.0,32.0,212.2,ADAPTIVE,13.0579808333,3.379
2020-02-19T22:23:53+00:00,15.9,32.0,212.1,ADAPTIVE,13.0615072222,3.3729999999999998
2020-02-19T22:23:57+00:00,16.0,32.0,212.2,ADAPTIVE,13.0650483333,3.375
2020-02-19T22:24:01+00:00,16.0,32.0,212.2,ADAPTIVE,13.0685747222,3.381
2020-02-19T22:24:05+00:00,15.9,32.0,212.1,ADAPTIVE,13.0721025,3.376
2020-02-19T22:24:09+00:00,16.0,32.0,212.1,ADAPTIVE,13.0756422222,3.383
2020-02-19T22:24:13+00:00,16.0,32.0,212.2,ADAPTIVE,13.079167499999999,3.3739999999999997
2020-02-19T22:24:17+00:00,15.9,32.0,212.1,ADAPTIVE,13.082706111099998,3.3739999999999997
2020-02-19T22:24:21+00:00,15.9,32.0,212.2,ADAPTIVE,13.0862327778,3.3699999999999997
2020-02-19T22:24:25+00:00,16.0,32.0,212.1,ADAPTIVE,13.0897588889,3.377
2020-02-19T22:24:29+00:00,15.9,32.0,212.2,ADAPTIVE,13.0932997222,3.3819999999999997
2020-02-19T22:24:33+00:00,15.9,32.0,212.2,ADAPTIVE,13.0968286111,3.3739999999999997
2020-02-19T22:24:37+00:00,16.0,32.0,212.2,ADAPTIVE,13.1003533333,3.3689999999999998
2020-02-19T22:24:41+00:00,15.9,32.0,212.2,ADAPTIVE,13.1038958333,3.3699999999999997
2020-02-19T22:24:44+00:00,15.9,32.0,212.2,ADAPTIVE,13.107425833299999,3.3699999999999997
2020-02-19T22:24:48+00:00,16.0,32.0,212.1,ADAPTIVE,13.110956111099998,3.38
2020-02-19T22:24:52+00:00,16.0,32.0,212.2,ADAPTIVE,13.1144980556,3.3779999999999997
2020-02-19T22:24:56+00:00,15.9,32.0,212.1,ADAPTIVE,13.118022499999999,3.375
2020-02-19T22:25:00+00:00,16.0,32.0,212.1,ADAPTIVE,13.121550277799999,3.384
2020-02-19T22:25:04+00:00,16.0,32.0,212.2,ADAPTIVE,13.12509,3.3779999999999997
2020-02-19T22:25:08+00:00,15.9,32.0,212.2,ADAPTIVE,13.1286180556,3.371
2020-02-19T22:25:12+00:00,15.9,32.0,212.2,ADAPTIVE,13.1321472222,3.371
2020-02-19T22:25:16+00:00,16.0,32.0,212.0,ADAPTIVE,13.1356888889,3.3779999999999997
2020-02-19T22:25:20+00:00,15.9,32.0,212.0,ADAPTIVE,13.1392155556,3.368
2020-02-19T22:25:24+00:00,16.0,32.0,212.1,ADAPTIVE,13.142755,3.371
2020-02-19T22:25:28+00:00,16.0,32.0,212.1,ADAPTIVE,13.146281111099999,3.3739999999999997
2020-02-19T22:25:32+00:00,15.9,32.0,212.1,ADAPTIVE,13.1498216667,3.3689999999999998
2020-02-19T22:25:36+00:00,15.9,32.0,212.2,ADAPTIVE,13.1533472222,3.3739999999999997
2020-02-19T22:25:40+00:00,15.9,32.0,212.2,ADAPTIVE,13.156889444399999,3.379
2020-02-19T22:25:44+00:00,15.9,32.0,212.1,ADAPTIVE,13.160414444399999,3.3739999999999997
2020-02-19T22:25:48+00:00,15.9,32.0,212.1,ADAPTIVE,13.1639405556,3.371
2020-02-19T22:25:51+00:00,15.9,32.0,212.2,ADAPTIVE,13.1674822222,3.376
2020-02-19T22:25:55+00:00,16.0,32.0,212.2,ADAPTIVE,13.171011944399998,3.3689999999999998
2020-02-19T22:25:59+00:00,16.0,32.0,212.2,ADAPTIVE,13.174552499999999,3.3739999999999997
2020-02-19T22:26:03+00:00,16.0,32.0,212.1,ADAPTIVE,13.178079444399998,3.372
2020-02-19T22:26:07+00:00,15.9,32.0,212.2,ADAPTIVE,13.181605,3.3819999999999997
2020-02-19T22:26:11+00:00,16.0,32.0,212.1,ADAPTIVE,13.1851513889,3.3859999999999997
2020-02-19T22:26:15+00:00,16.0,32.0,212.2,ADAPTIVE,13.1886791667,3.377
2020-02-19T22:26:19+00:00,16.0,32.0,212.1,ADAPTIVE,13.192220277799999,3.3739999999999997
2020-02-19T22:26:23+00:00,15.9,32.0,212.1,ADAPTIVE,13.1957447222,3.375
2020-02-19T22:26:27+00:00,15.9,32.0,212.0,ADAPTIVE,13.1992697222,3.3689999999999998
2020-02-19T22:26:31+00:00,15.9,32.0,212.1,ADAPTIVE,13.2028080556,3.3659999999999997
2020-02-19T22:26:35+00:00,15.9,32.0,212.1,ADAPTIVE,13.2063330556,3.3699999999999997
2020-02-19T22:26:39+00:00,16.0,32.0,212.1,ADAPTIVE,13.2098727778,3.372
2020-02-19T22:26:43+00:00,16.0,32.0,212.0,ADAPTIVE,13.2134011111,3.371
2020-02-19T22:26:47+00:00,16.0,32.0,212.0,ADAPTIVE,13.21694,3.368
2020-02-19T22:26:51+00:00,16.0,32.0,212.1,ADAPTIVE,13.2204625,3.38
2020-02-19T22:26:54+00:00,16.0,32.0,212.1,ADAPTIVE,13.224004444399998,3.372
2020-02-19T22:26:58+00:00,16.0,32.0,212.2,ADAPTIVE,13.227532499999999,3.371
2020-02-19T22:27:02+00:00,16.0,32.0,212.1,ADAPTIVE,13.2310755556,3.368
2020-02-19T22:27:06+00:00,16.0,32.0,212.2,ADAPTIVE,13.234601111099998,3.377
2020-02-19T22:27:10+00:00,16.0,32.0,212.1,ADAPTIVE,13.2381444444,3.371
2020-02-19T22:27:14+00:00,16.0,32.0,212.2,ADAPTIVE,13.2416691667,3.383
2020-02-19T22:27:18+00:00,15.9,32.0,212.2,ADAPTIVE,13.245208333299999,3.368
2020-02-19T22:27:22+00:00,15.9,32.0,212.2,ADAPTIVE,13.2487330556,3.376
2020-02-19T22:27:26+00:00,15.9,32.0,212.2,ADAPTIVE,13.252262499999999,3.3819999999999997
2020-02-19T22:27:30+00:00,15.9,32.0,212.2,ADAPTIVE,13.2558063889,3.3729999999999998
2020-02-19T22:27:34+00:00,15.9,32.0,212.3,ADAPTIVE,13.2593322222,3.383
2020-02-19T22:27:38+00:00,16.0,32.0,212.3,ADAPTIVE,13.262875833299999,3.3779999999999997
2020-02-19T22:27:42+00:00,16.0,32.0,212.2,ADAPTIVE,13.2664016667,3.3739999999999997
2020-02-19T22:27:46+00:00,16.0,32.0,212.4,ADAPTIVE,13.269945277799998,3.3729999999999998
2020-02-19T22:27:50+00:00,16.0,32.0,212.2,ADAPTIVE,13.2734755556,3.381
2020-02-19T22:27:54+00:00,16.0,32.0,212.4,ADAPTIVE,13.2770205556,3.383
2020-02-19T22:27:58+00:00,16.0,32.0,212.3,ADAPTIVE,13.2805488889,3.381
2020-02-19T22:28:01+00:00,16.0,32.0,212.4,ADAPTIVE,13.2840936111,3.383
2020-02-19T22:28:05+00:00,15.9,32.0,212.3,ADAPTIVE,13.287623611099999,3.377
2020-02-19T22:28:09+00:00,15.9,32.0,212.2,ADAPTIVE,13.291154444399998,3.3739999999999997
2020-02-19T22:28:13+00:00,15.9,32.0,212.2,ADAPTIVE,13.2947030556,3.3819999999999997
2020-02-19T22:28:17+00:00,15.9,32.0,212.3,ADAPTIVE,13.2982319444,3.375
2020-02-19T22:28:21+00:00,16.0,32.0,212.2,ADAPTIVE,13.3017775,3.38
2020-02-19T22:28:25+00:00,16.0,32.0,212.4,ADAPTIVE,13.3053080556,3.38
2020-02-19T22:28:29+00:00,16.0,32.0,212.4,ADAPTIVE,13.3088544444,3.383
2020-02-19T22:28:33+00:00,16.0,32.0,212.4,ADAPTIVE,13.312384999999999,3.3729999999999998
2020-02-19T22:28:37+00:00,16.0,32.0,212.3,ADAPTIVE,13.3159308333,3.383
2020-02-19T22:28:41+00:00,16.0,32.0,212.3,ADAPTIVE,13.3194605556,3.3819999999999997
2020-02-19T22:28:45+00:00,16.0,32.0,212.4,ADAPTIVE,13.323004166699999,3.372
2020-02-19T22:28:49+00:00,15.9,32.0,212.3,ADAPTIVE,13.3265347222,3.3739999999999997
2020-02-19T22:28:53+00:00,16.0,32.0,212.3,ADAPTIVE,13.3300786111,3.381
2020-02-19T22:28:57+00:00,16.0,32.0,212.3,ADAPTIVE,13.33361,3.388
2020-02-19T22:29:01+00:00,15.9,32.0,212.4,ADAPTIVE,13.337138611099999,3.383
2020-02-19T22:29:05+00:00,15.9,32.0,212.3,ADAPTIVE,13.3406830556,3.375
2020-02-19T22:29:09+00:00,16.0,32.0,212.2,ADAPTIVE,13.3442130556,3.384
2020-02-19T22:29:12+00:00,16.0,32.0,212.4,ADAPTIVE,13.3477575,3.38
2020-02-19T22:29:16+00:00,16.0,32.0,212.4,ADAPTIVE,13.3512883333,3.3779999999999997
2020-02-19T22:29:20+00:00,16.0,32.0,212.3,ADAPTIVE,13.3548333333,3.383
2020-02-19T22:29:24+00:00,15.9,32.0,212.4,ADAPTIVE,13.3583644444,3.3699999999999997
2020-02-19T22:29:28+00:00,15.9,32.0,212.4,ADAPTIVE,13.361894166699999,3.3699999999999997
2020-02-19T22:29:32+00:00,16.0,32.0,212.5,ADAPTIVE,13.365436944399999,3.372
2020-02-19T22:29:36+00:00,15.9,32.0,212.4,ADAPTIVE,13.3689683333,3.383
2020-02-19T22:29:40+00:00,15.9,32.0,212.5,ADAPTIVE,13.3724988889,3.3779999999999997
2020-02-19T22:29:44+00:00,16.0,32.0,212.4,ADAPTIVE,13.376046944399999,3.3819999999999997
2020-02-19T22:29:48+00:00,16.0,32.0,212.5,ADAPTIVE,13.3795783333,3.376
2020-02-19T22:29:52+00:00,16.0,32.0,212.4,ADAPTIVE,13.383124444399998,3.372
2020-02-19T22:29:56+00:00,15.9,32.0,212.5,ADAPTIVE,13.386655833299999,3.377
2020-02-19T22:30:00+00:00,16.0,32.0,212.4,ADAPTIVE,13.390185833299999,3.389
2020-02-19T22:30:04+00:00,15.9,32.0,212.4,ADAPTIVE,13.3937305556,3.38
2020-02-19T22:30:08+00:00,16.0,32.0,212.4,ADAPTIVE,13.3972630556,3.3779999999999997
2020-02-19T22:30:12+00:00,16.0,32.0,212.4,ADAPTIVE,13.4008066667,3.375
2020-02-19T22:30:15+00:00,16.0,32.0,212.3,ADAPTIVE,13.4043358333,3.375
2020-02-19T22:30:19+00:00,15.9,32.0,212.3,ADAPTIVE,13.4078633333,3.381
2020-02-19T22:30:23+00:00,15.9,32.0,212.2,ADAPTIVE,13.4114063889,3.379
2020-02-19T22:30:27+00:00,16.0,32.0,212.3,ADAPTIVE,13.414936944399999,3.377
2020-02-19T22:30:31+00:00,16.0,32.0,212.2,ADAPTIVE,13.4184797222,3.376
2020-02-19T22:30:35+00:00,16.0,32.0,212.3,ADAPTIVE,13.4220080556,3.3729999999999998
2020-02-19T22:30:39+00:00,15.9,32.0,212.3,ADAPTIVE,13.425551666699999,3.379
2020-02-19T22:30:43+00:00,15.9,32.0,212.3,ADAPTIVE,13.4290813889,3.38
2020-02-19T22:30:47+00:00,15.9,32.0,212.2,ADAPTIVE,13.4326105556,3.3689999999999998
2020-02-19T22:30:51+00:00,16.0,32.0,212.2,ADAPTIVE,13.436155833299999,3.387
2020-02-19T22:30:55+00:00,16.0,32.0,212.2,ADAPTIVE,13.4396855556,3.377
2020-02-19T22:30:59+00:00,16.0,32.0,212.2,ADAPTIVE,13.4432272222,3.3739999999999997
2020-02-19T22:31:03+00:00,16.0,32.0,212.3,ADAPTIVE,13.446756666699999,3.377
2020-02-19T22:31:07+00:00,15.9,32.0,212.2,ADAPTIVE,13.450301111099998,3.377
2020-02-19T22:31:11+00:00,15.9,32.0,212.3,ADAPTIVE,13.453829166699999,3.376
2020-02-19T22:31:15+00:00,15.9,32.0,212.3,ADAPTIVE,13.457356666699999,3.3729999999999998
2020-02-19T22:31:18+00:00,15.9,32.0,212.3,ADAPTIVE,13.4609005556,3.3819999999999997
2020-02-19T22:31:23+00:00,16.0,32.0,212.2,ADAPTIVE,13.4644275,3.3779999999999997
2020-02-19T22:31:26+00:00,16.0,32.0,212.2,ADAPTIVE,13.467971111099999,3.3729999999999998
2020-02-19T22:31:30+00:00,16.0,32.0,212.2,ADAPTIVE,13.471496111099999,3.376
2020-02-19T22:31:34+00:00,16.0,32.0,212.2,ADAPTIVE,13.4750375,3.38
2020-02-19T22:31:38+00:00,15.9,32.0,212.2,ADAPTIVE,13.4785652778,3.3699999999999997
2020-02-19T22:31:42+00:00,15.9,32.0,212.3,ADAPTIVE,13.4820925,3.383
2020-02-19T22:31:46+00:00,15.9,32.0,212.2,ADAPTIVE,13.485635,3.3689999999999998
2020-02-19T22:31:50+00:00,15.9,32.0,212.2,ADAPTIVE,13.4891619444,3.3729999999999998
2020-02-19T22:31:54+00:00,16.0,32.0,212.2,ADAPTIVE,13.4927041667,3.375
2020-02-19T22:31:58+00:00,16.0,32.0,212.3,ADAPTIVE,13.4962288889,3.3729999999999998
2020-02-19T22:32:02+00:00,16.0,32.0,212.2,ADAPTIVE,13.4997722222,3.3779999999999997
2020-02-19T22:32:06+00:00,15.9,32.0,212.2,ADAPTIVE,13.5032980556,3.379
2020-02-19T22:32:10+00:00,15.9,32.0,212.2,ADAPTIVE,13.5068255556,3.38
2020-02-19T22:32:14+00:00,15.9,32.0,212.2,ADAPTIVE,13.5103672222,3.371
2020-02-19T22:32:18+00:00,16.0,32.0,212.1,ADAPTIVE,13.513894444399998,3.377
2020-02-19T22:32:22+00:00,16.0,32.0,212.2,ADAPTIVE,13.5174355556,3.383
2020-02-19T22:32:26+00:00,15.9,32.0,212.2,ADAPTIVE,13.5209647222,3.379
2020-02-19T22:32:29+00:00,15.9,32.0,212.2,ADAPTIVE,13.524504444399998,3.3729999999999998
2020-02-19T22:32:33+00:00,15.9,32.0,212.2,ADAPTIVE,13.5280302778,3.3699999999999997
2020-02-19T22:32:37+00:00,15.9,32.0,212.2,ADAPTIVE,13.5315719444,3.3689999999999998
2020-02-19T22:32:41+00:00,15.9,32.0,212.2,ADAPTIVE,13.535095,3.38
2020-02-19T22:32:45+00:00,15.9,32.0,212.2,ADAPTIVE,13.5386347222,3.3779999999999997
2020-02-19T22:32:49+00:00,15.9,32.0,212.2,ADAPTIVE,13.542161111099999,3.377
2020-02-19T22:32:53+00:00,15.9,32.0,212.2,ADAPTIVE,13.5457022222,3.381
2020-02-19T22:32:57+00:00,15.9,32.0,212.2,ADAPTIVE,13.549227777799999,3.3729999999999998
2020-02-19T22:33:01+00:00,16.0,32.0,212.2,ADAPTIVE,13.5527697222,3.3779999999999997
2020-02-19T22:33:05+00:00,16.0,32.0,212.2,ADAPTIVE,13.556299444399999,3.3819999999999997
2020-02-19T22:33:09+00:00,16.0,32.0,212.2,ADAPTIVE,13.5598405556,3.3779999999999997
2020-02-19T22:33:13+00:00,16.0,32.0,212.2,ADAPTIVE,13.5633675,3.375
2020-02-19T22:33:17+00:00,16.0,32.0,212.2,ADAPTIVE,13.5669097222,3.38
2020-02-19T22:33:21+00:00,16.0,32.0,212.3,ADAPTIVE,13.5704383333,3.3819999999999997
2020-02-19T22:33:25+00:00,16.0,32.0,212.2,ADAPTIVE,13.5739816667,3.383
2020-02-19T22:33:29+00:00,15.9,32.0,212.3,ADAPTIVE,13.577508333299999,3.368
2020-02-19T22:33:33+00:00,16.0,32.0,212.1,ADAPTIVE,13.5810480556,3.3779999999999997
2020-02-19T22:33:36+00:00,16.0,32.0,212.1,ADAPTIVE,13.5845733333,3.379
2020-02-19T22:33:40+00:00,16.0,32.0,212.2,ADAPTIVE,13.588113611099999,3.387
2020-02-19T22:33:44+00:00,15.9,32.0,212.2,ADAPTIVE,13.5916430556,3.3689999999999998
2020-02-19T22:33:48+00:00,15.9,32.0,212.2,ADAPTIVE,13.5951705556,3.3729999999999998
2020-02-19T22:33:52+00:00,15.9,32.0,212.3,ADAPTIVE,13.5987138889,3.38
2020-02-19T22:33:56+00:00,15.9,32.0,212.4,ADAPTIVE,13.6022430556,3.3739999999999997
2020-02-19T22:34:00+00:00,16.0,32.0,212.2,ADAPTIVE,13.605786111099999,3.3739999999999997
2020-02-19T22:34:04+00:00,16.0,32.0,212.2,ADAPTIVE,13.6093116667,3.376
2020-02-19T22:34:08+00:00,16.0,32.0,212.2,ADAPTIVE,13.6128547222,3.377
2020-02-19T22:34:12+00:00,16.0,32.0,212.1,ADAPTIVE,13.616382499999999,3.376
2020-02-19T22:34:16+00:00,16.0,32.0,212.2,ADAPTIVE,13.619924999999999,3.372
2020-02-19T22:34:20+00:00,16.0,32.0,212.2,ADAPTIVE,13.6234522222,3.377
2020-02-19T22:34:24+00:00,15.9,32.0,212.3,ADAPTIVE,13.6269944444,3.368
2020-02-19T22:34:28+00:00,16.0,32.0,212.2,ADAPTIVE,13.630521111099998,3.38
2020-02-19T22:34:32+00:00,16.0,32.0,212.3,ADAPTIVE,13.634062777799999,3.3739999999999997
2020-02-19T22:34:36+00:00,16.0,32.0,212.2,ADAPTIVE,13.637588611099998,3.367
2020-02-19T22:34:40+00:00,16.0,32.0,212.2,ADAPTIVE,13.641129999999999,3.376
2020-02-19T22:34:44+00:00,16.0,32.0,212.2,ADAPTIVE,13.6446558333,3.376
2020-02-19T22:34:47+00:00,16.0,32.0,212.3,ADAPTIVE,13.648196111099999,3.3699999999999997
2020-02-19T22:34:51+00:00,16.0,32.0,212.2,ADAPTIVE,13.6517222222,3.383
2020-02-19T22:34:55+00:00,16.0,32.0,212.2,ADAPTIVE,13.6552638889,3.38
2020-02-19T22:34:59+00:00,16.0,32.0,212.2,ADAPTIVE,13.6587930556,3.3739999999999997
2020-02-19T22:35:03+00:00,16.0,32.0,212.3,ADAPTIVE,13.662334444399999,3.3819999999999997
2020-02-19T22:35:07+00:00,15.9,32.0,212.2,ADAPTIVE,13.6658608333,3.371
2020-02-19T22:35:11+00:00,15.9,32.0,212.2,ADAPTIVE,13.6693855556,3.377
2020-02-19T22:35:15+00:00,15.9,32.0,212.2,ADAPTIVE,13.672926111099999,3.372
2020-02-19T22:35:19+00:00,16.0,32.0,212.3,ADAPTIVE,13.6764525,3.384
2020-02-19T22:35:23+00:00,16.0,32.0,212.2,ADAPTIVE,13.6799963889,3.375
2020-02-19T22:35:27+00:00,15.9,32.0,212.2,ADAPTIVE,13.6835238889,3.3739999999999997
2020-02-19T22:35:31+00:00,15.9,32.0,212.3,ADAPTIVE,13.687051111099999,3.3779999999999997
2020-02-19T22:35:35+00:00,16.0,32.0,212.2,ADAPTIVE,13.6905922222,3.381
2020-02-19T22:35:39+00:00,16.0,32.0,212.2,ADAPTIVE,13.694118611099999,3.3859999999999997
2020-02-19T22:35:43+00:00,16.0,32.0,212.2,ADAPTIVE,13.6976597222,3.3739999999999997
2020-02-19T22:35:46+00:00,16.0,32.0,212.2,ADAPTIVE,13.701185277799999,3.381
2020-02-19T22:35:50+00:00,15.9,32.0,212.3,ADAPTIVE,13.7047263889,3.38
2020-02-19T22:35:54+00:00,15.8,32.0,212.2,ADAPTIVE,13.7082552778,3.363
2020-02-19T22:35:58+00:00,16.0,32.0,212.4,ADAPTIVE,13.7117838889,3.384
2020-02-19T22:36:02+00:00,16.0,32.0,212.3,ADAPTIVE,13.715328611099999,3.376
2020-02-19T22:36:06+00:00,16.0,32.0,212.3,ADAPTIVE,13.7188580556,3.375
2020-02-19T22:36:10+00:00,15.9,32.0,212.3,ADAPTIVE,13.7224027778,3.3729999999999998
2020-02-19T22:36:14+00:00,15.9,32.0,212.2,ADAPTIVE,13.7259308333,3.375
2020-02-19T22:36:18+00:00,15.9,32.0,212.2,ADAPTIVE,13.7294580556,3.3689999999999998
2020-02-19T22:36:22+00:00,16.0,32.0,212.3,ADAPTIVE,13.733001944399998,3.3729999999999998
2020-02-19T22:36:26+00:00,16.0,32.0,212.4,ADAPTIVE,13.736529444399999,3.371
2020-02-19T22:36:30+00:00,16.0,32.0,212.2,ADAPTIVE,13.74007,3.3779999999999997
2020-02-19T22:36:34+00:00,16.0,32.0,212.3,ADAPTIVE,13.743597777799998,3.3779999999999997
2020-02-19T22:36:38+00:00,16.0,32.0,212.2,ADAPTIVE,13.7471419444,3.379
2020-02-19T22:36:42+00:00,15.9,32.0,212.3,ADAPTIVE,13.750671111099999,3.3699999999999997
2020-02-19T22:36:46+00:00,15.9,32.0,212.3,ADAPTIVE,13.754214444399999,3.372
2020-02-19T22:36:50+00:00,15.9,32.0,212.3,ADAPTIVE,13.7577419444,3.379
2020-02-19T22:36:54+00:00,15.9,32.0,212.2,ADAPTIVE,13.761285833299999,3.372
2020-02-19T22:36:57+00:00,16.0,32.0,212.4,ADAPTIVE,13.764814444399999,3.376
2020-02-19T22:37:01+00:00,16.0,32.0,212.3,ADAPTIVE,13.7683588889,3.376
2020-02-19T22:37:05+00:00,16.0,32.0,212.3,ADAPTIVE,13.771887777799998,3.3779999999999997
2020-02-19T22:37:09+00:00,16.0,32.0,212.3,ADAPTIVE,13.775432499999999,3.379
2020-02-19T22:37:13+00:00,16.0,32.0,212.3,ADAPTIVE,13.77896,3.377
2020-02-19T22:37:17+00:00,16.0,32.0,212.3,ADAPTIVE,13.7825027778,3.3779999999999997
2020-02-19T22:37:21+00:00,16.0,32.0,212.4,ADAPTIVE,13.7860325,3.384
2020-02-19T22:37:25+00:00,16.0,32.0,212.2,ADAPTIVE,13.789573611099998,3.377
2020-02-19T22:37:29+00:00,16.0,32.0,212.3,ADAPTIVE,13.7931033333,3.389
2020-02-19T22:37:33+00:00,16.0,32.0,212.3,ADAPTIVE,13.7966491667,3.377
2020-02-19T22:37:37+00:00,16.0,32.0,212.4,ADAPTIVE,13.800176944399999,3.387
2020-02-19T22:37:41+00:00,16.0,32.0,212.4,ADAPTIVE,13.8037208333,3.376
2020-02-19T22:37:45+00:00,16.0,32.0,212.3,ADAPTIVE,13.807248611099999,3.381
2020-02-19T22:37:49+00:00,16.0,32.0,212.3,ADAPTIVE,13.810791944399998,3.381
2020-02-19T22:37:53+00:00,16.0,32.0,212.4,ADAPTIVE,13.8143208333,3.379
2020-02-19T22:37:57+00:00,16.0,32.0,212.4,ADAPTIVE,13.8178680556,3.387
2020-02-19T22:38:00+00:00,16.0,32.0,212.4,ADAPTIVE,13.821399999999999,3.385
2020-02-19T22:38:04+00:00,16.0,32.0,212.5,ADAPTIVE,13.824946944399999,3.3779999999999997
2020-02-19T22:38:08+00:00,16.0,32.0,212.5,ADAPTIVE,13.8284786111,3.383
2020-02-19T22:38:12+00:00,16.0,32.0,212.4,ADAPTIVE,13.8320266667,3.38
2020-02-19T22:38:16+00:00,16.0,32.0,212.4,ADAPTIVE,13.835555833299999,3.3779999999999997
2020-02-19T22:38:20+00:00,16.0,32.0,212.5,ADAPTIVE,13.839100277799998,3.38
2020-02-19T22:38:24+00:00,16.0,32.0,212.4,ADAPTIVE,13.8426311111,3.379
2020-02-19T22:38:28+00:00,16.0,32.0,212.4,ADAPTIVE,13.8461766667,3.3739999999999997
2020-02-19T22:38:32+00:00,16.0,32.0,212.5,ADAPTIVE,13.8497097222,3.377
2020-02-19T22:38:36+00:00,16.0,32.0,212.5,ADAPTIVE,13.8532541667,3.376
2020-02-19T22:38:40+00:00,16.0,32.0,212.5,ADAPTIVE,13.8567863889,3.3859999999999997
2020-02-19T22:38:44+00:00,16.0,32.0,212.5,ADAPTIVE,13.8603330556,3.3779999999999997
2020-02-19T22:38:48+00:00,15.9,32.0,212.4,ADAPTIVE,13.8638630556,3.3779999999999997
2020-02-19T22:38:52+00:00,15.9,32.0,212.5,ADAPTIVE,13.8674091667,3.38
2020-02-19T22:38:56+00:00,15.9,32.0,212.5,ADAPTIVE,13.8709397222,3.381
2020-02-19T22:39:00+00:00,16.0,32.0,212.4,ADAPTIVE,13.874471111099998,3.381
2020-02-19T22:39:04+00:00,16.0,32.0,212.4,ADAPTIVE,13.8780172222,3.3779999999999997
2020-02-19T22:39:08+00:00,16.0,32.0,212.6,ADAPTIVE,13.8815488889,3.383
2020-02-19T22:39:11+00:00,16.0,32.0,212.4,ADAPTIVE,13.8850930556,3.388
2020-02-19T22:39:15+00:00,16.0,32.0,212.6,ADAPTIVE,13.8886255556,3.385
2020-02-19T22:39:19+00:00,15.9,32.0,212.6,ADAPTIVE,13.8921586111,3.381
2020-02-19T22:39:23+00:00,15.9,32.0,212.5,ADAPTIVE,13.8957041667,3.377
2020-02-19T22:39:27+00:00,15.9,32.0,212.5,ADAPTIVE,13.899235277799999,3.38
2020-02-19T22:39:31+00:00,15.9,32.0,212.5,ADAPTIVE,13.9027811111,3.3819999999999997
2020-02-19T22:39:35+00:00,16.0,32.0,212.5,ADAPTIVE,13.906312777799998,3.381
2020-02-19T22:39:39+00:00,16.0,32.0,212.5,ADAPTIVE,13.909860277799998,3.3779999999999997
2020-02-19T22:39:43+00:00,16.0,32.0,212.4,ADAPTIVE,13.9133913889,3.381
2020-02-19T22:39:47+00:00,16.0,32.0,212.6,ADAPTIVE,13.9169405556,3.383
2020-02-19T22:39:51+00:00,16.0,32.0,212.5,ADAPTIVE,13.9204716667,3.3819999999999997
2020-02-19T22:39:55+00:00,16.0,32.0,212.6,ADAPTIVE,13.9240205556,3.385
2020-02-19T22:39:59+00:00,15.9,32.0,212.5,ADAPTIVE,13.927552777799999,3.376
2020-02-19T22:40:03+00:00,15.9,32.0,212.6,ADAPTIVE,13.931100833299999,3.3779999999999997
2020-02-19T22:40:07+00:00,16.0,32.0,212.7,ADAPTIVE,13.934633055599999,3.387
2020-02-19T22:40:11+00:00,15.9,32.0,212.6,ADAPTIVE,13.9381813889,3.384
2020-02-19T22:40:14+00:00,16.0,32.0,212.5,ADAPTIVE,13.941714166699999,3.388
2020-02-19T22:40:18+00:00,15.9,32.0,212.5,ADAPTIVE,13.9452613889,3.371
2020-02-19T22:40:22+00:00,16.0,32.0,212.4,ADAPTIVE,13.9487936111,3.3779999999999997
2020-02-19T22:40:26+00:00,16.0,32.0,212.4,ADAPTIVE,13.952339444399998,3.3819999999999997
2020-02-19T22:40:30+00:00,16.0,32.0,212.4,ADAPTIVE,13.9558713889,3.3779999999999997
2020-02-19T22:40:34+00:00,16.0,32.0,212.4,ADAPTIVE,13.9594169444,3.372
2020-02-19T22:40:38+00:00,16.0,32.0,212.4,ADAPTIVE,13.962947499999999,3.377
2020-02-19T22:40:42+00:00,16.0,32.0,212.4,ADAPTIVE,13.9664913889,3.377
2020-02-19T22:40:46+00:00,15.9,32.0,212.5,ADAPTIVE,13.9700205556,3.3739999999999997
2020-02-19T22:40:50+00:00,16.0,32.0,212.4,ADAPTIVE,13.973565833299999,3.38
2020-02-19T22:40:54+00:00,15.9,32.0,212.4,ADAPTIVE,13.9770930556,3.371
2020-02-19T22:40:58+00:00,16.0,32.0,212.4,ADAPTIVE,13.9806372222,3.375
2020-02-19T22:41:02+00:00,16.0,32.0,212.5,ADAPTIVE,13.9841672222,3.3779999999999997
2020-02-19T22:41:06+00:00,16.0,32.0,212.4,ADAPTIVE,13.987712777799999,3.3859999999999997
2020-02-19T22:41:10+00:00,16.0,32.0,212.5,ADAPTIVE,13.9912422222,3.38
2020-02-19T22:41:14+00:00,16.0,32.0,212.4,ADAPTIVE,13.994789444399999,3.3729999999999998
2020-02-19T22:41:18+00:00,16.0,32.0,212.4,ADAPTIVE,13.9983191667,3.383
2020-02-19T22:41:22+00:00,15.9,32.0,212.3,ADAPTIVE,14.001864166699999,3.376
2020-02-19T22:41:25+00:00,15.9,32.0,212.5,ADAPTIVE,14.005393611099999,3.3739999999999997
2020-02-19T22:41:29+00:00,15.9,32.0,212.4,ADAPTIVE,14.00892,3.371
2020-02-19T22:41:33+00:00,15.9,32.0,212.3,ADAPTIVE,14.012466111099998,3.383
2020-02-19T22:41:37+00:00,15.9,32.0,212.4,ADAPTIVE,14.0159966667,3.375
2020-02-19T22:41:41+00:00,16.0,32.0,212.4,ADAPTIVE,14.01954,3.372
2020-02-19T22:41:45+00:00,15.9,32.0,212.3,ADAPTIVE,14.023070277799999,3.3699999999999997
2020-02-19T22:41:49+00:00,15.9,32.0,212.4,ADAPTIVE,14.0266138889,3.381
2020-02-19T22:41:53+00:00,15.9,32.0,212.4,ADAPTIVE,14.030143611099998,3.377
2020-02-19T22:41:57+00:00,15.9,32.0,212.4,ADAPTIVE,14.0336716667,3.377
2020-02-19T22:42:01+00:00,16.0,32.0,212.3,ADAPTIVE,14.0372166667,3.3819999999999997
2020-02-19T22:42:05+00:00,16.0,32.0,212.4,ADAPTIVE,14.0407472222,3.3819999999999997
2020-02-19T22:42:09+00:00,15.9,32.0,212.4,ADAPTIVE,14.044275277799999,3.368
2020-02-19T22:42:13+00:00,15.9,32.0,212.3,ADAPTIVE,14.047819444399998,3.38
2020-02-19T22:42:17+00:00,16.0,32.0,212.4,ADAPTIVE,14.0513494444,3.379
2020-02-19T22:42:21+00:00,16.0,32.0,212.3,ADAPTIVE,14.054893611099999,3.376
2020-02-19T22:42:25+00:00,15.9,32.0,212.4,ADAPTIVE,14.0584238889,3.38
2020-02-19T22:42:29+00:00,15.9,32.0,212.4,ADAPTIVE,14.061952499999999,3.379
2020-02-19T22:42:32+00:00,15.9,32.0,212.3,ADAPTIVE,14.0654966667,3.3699999999999997
2020-02-19T22:42:36+00:00,16.0,32.0,212.3,ADAPTIVE,14.0690247222,3.371
2020-02-19T22:42:40+00:00,15.9,32.0,212.3,ADAPTIVE,14.072566944399998,3.3689999999999998
2020-02-19T22:42:44+00:00,16.0,32.0,212.3,ADAPTIVE,14.076091111099998,3.383
2020-02-19T22:42:48+00:00,15.9,32.0,212.3,ADAPTIVE,14.079619444399999,3.377
2020-02-19T22:42:52+00:00,16.0,32.0,212.3,ADAPTIVE,14.0831663889,3.3779999999999997
2020-02-19T22:42:56+00:00,16.0,32.0,212.4,ADAPTIVE,14.086694999999999,3.377
2020-02-19T22:43:00+00:00,16.0,32.0,212.3,ADAPTIVE,14.0902405556,3.376
2020-02-19T22:43:04+00:00,16.0,32.0,212.4,ADAPTIVE,14.0937683333,3.376
2020-02-19T22:43:08+00:00,16.0,32.0,212.3,ADAPTIVE,14.0973108333,3.379
2020-02-19T22:43:12+00:00,15.9,32.0,212.2,ADAPTIVE,14.1008391667,3.3819999999999997
2020-02-19T22:43:16+00:00,15.9,32.0,212.3,ADAPTIVE,14.104368611099998,3.379
2020-02-19T22:43:20+00:00,15.8,32.0,212.4,ADAPTIVE,14.1079125,3.368
2020-02-19T22:43:24+00:00,15.9,32.0,212.2,ADAPTIVE,14.1114397222,3.372
2020-02-19T22:43:28+00:00,15.9,32.0,212.4,ADAPTIVE,14.114984999999999,3.38
2020-02-19T22:43:32+00:00,15.9,32.0,212.2,ADAPTIVE,14.1185125,3.372
2020-02-19T22:43:36+00:00,16.0,32.0,212.2,ADAPTIVE,14.1220530556,3.38
2020-02-19T22:43:39+00:00,16.0,32.0,212.2,ADAPTIVE,14.12558,3.381
2020-02-19T22:43:43+00:00,16.0,32.0,212.2,ADAPTIVE,14.1291225,3.379
2020-02-19T22:43:47+00:00,16.0,32.0,212.2,ADAPTIVE,14.132648611099999,3.376
2020-02-19T22:43:51+00:00,15.9,32.0,212.3,ADAPTIVE,14.1361925,3.375
2020-02-19T22:43:55+00:00,15.9,32.0,212.3,ADAPTIVE,14.1397186111,3.3739999999999997
2020-02-19T22:43:59+00:00,15.9,32.0,212.3,ADAPTIVE,14.143246111099998,3.375
2020-02-19T22:44:03+00:00,16.0,32.0,212.2,ADAPTIVE,14.1467891667,3.376
2020-02-19T22:44:07+00:00,16.0,32.0,212.2,ADAPTIVE,14.1503155556,3.375
2020-02-19T22:44:11+00:00,16.0,32.0,212.2,ADAPTIVE,14.153844444399999,3.389
2020-02-19T22:44:15+00:00,15.9,32.0,212.3,ADAPTIVE,14.1573880556,3.3819999999999997
2020-02-19T22:44:19+00:00,16.0,32.0,212.2,ADAPTIVE,14.160916666699999,3.376
2020-02-19T22:44:23+00:00,16.0,32.0,212.3,ADAPTIVE,14.1644575,3.379
2020-02-19T22:44:27+00:00,15.9,32.0,212.2,ADAPTIVE,14.167984444399998,3.377
2020-02-19T22:44:31+00:00,15.9,32.0,212.2,ADAPTIVE,14.171512499999999,3.38
2020-02-19T22:44:35+00:00,16.0,32.0,212.2,ADAPTIVE,14.1750563889,3.384
2020-02-19T22:44:39+00:00,16.0,32.0,212.2,ADAPTIVE,14.1785855556,3.377
2020-02-19T22:44:42+00:00,15.9,32.0,212.2,ADAPTIVE,14.1821130556,3.379
2020-02-19T22:44:46+00:00,15.9,32.0,212.2,ADAPTIVE,14.1856530556,3.3699999999999997
2020-02-19T22:44:50+00:00,16.0,32.0,212.2,ADAPTIVE,14.1891788889,3.38
2020-02-19T22:44:54+00:00,15.9,32.0,212.2,ADAPTIVE,14.1927205556,3.3779999999999997
2020-02-19T22:44:58+00:00,16.0,32.0,212.2,ADAPTIVE,14.196246111099999,3.38
2020-02-19T22:45:02+00:00,16.0,32.0,212.1,ADAPTIVE,14.199770277799999,3.381
2020-02-19T22:45:06+00:00,16.0,32.0,212.2,ADAPTIVE,14.203311111099998,3.38
2020-02-19T22:45:10+00:00,15.9,32.0,212.0,ADAPTIVE,14.2068380556,3.379
2020-02-19T22:45:14+00:00,16.0,32.0,212.2,ADAPTIVE,14.2103622222,3.3689999999999998
2020-02-19T22:45:18+00:00,16.0,32.0,212.0,ADAPTIVE,14.213904999999999,3.3779999999999997
2020-02-19T22:45:22+00:00,15.9,32.0,212.1,ADAPTIVE,14.217430277799998,3.375
2020-02-19T22:45:26+00:00,15.9,32.0,212.0,ADAPTIVE,14.220954444399998,3.3699999999999997
2020-02-19T22:45:30+00:00,16.0,32.0,212.1,ADAPTIVE,14.2244947222,3.3819999999999997
2020-02-19T22:45:34+00:00,16.0,32.0,212.0,ADAPTIVE,14.228021111099999,3.3819999999999997
2020-02-19T22:45:38+00:00,15.9,32.0,212.0,ADAPTIVE,14.231546944399998,3.3739999999999997
2020-02-19T22:45:42+00:00,16.0,32.0,212.1,ADAPTIVE,14.2350883333,3.372
2020-02-19T22:45:46+00:00,16.0,32.0,212.1,ADAPTIVE,14.2386144444,3.3689999999999998
2020-02-19T22:45:49+00:00,15.9,32.0,212.2,ADAPTIVE,14.242155277799998,3.372
2020-02-19T22:45:53+00:00,15.9,32.0,212.2,ADAPTIVE,14.2456813889,3.3779999999999997
2020-02-19T22:45:57+00:00,15.9,32.0,212.1,ADAPTIVE,14.249207777799999,3.371
2020-02-19T22:46:01+00:00,16.0,32.0,212.1,ADAPTIVE,14.252746666699998,3.3699999999999997
2020-02-19T22:46:05+00:00,16.0,32.0,212.0,ADAPTIVE,14.256274444399999,3.379
2020-02-19T22:46:09+00:00,16.0,32.0,212.1,ADAPTIVE,14.2598130556,3.372
2020-02-19T22:46:13+00:00,15.9,32.0,212.2,ADAPTIVE,14.2633402778,3.383
2020-02-19T22:46:17+00:00,15.9,32.0,212.2,ADAPTIVE,14.266866944399998,3.3659999999999997
2020-02-19T22:46:21+00:00,15.9,32.0,212.2,ADAPTIVE,14.270404444399999,3.372
2020-02-19T22:46:25+00:00,16.0,32.0,212.2,ADAPTIVE,14.2739297222,3.3819999999999997
2020-02-19T22:46:29+00:00,15.9,32.0,212.2,ADAPTIVE,14.277471666699999,3.3729999999999998
2020-02-19T22:46:33+00:00,15.9,32.0,212.2,ADAPTIVE,14.2809966667,3.3699999999999997
2020-02-19T22:46:37+00:00,16.0,32.0,212.2,ADAPTIVE,14.2845358333,3.376
2020-02-19T22:46:41+00:00,16.0,32.0,212.2,ADAPTIVE,14.288062499999999,3.379
2020-02-19T22:46:45+00:00,16.0,32.0,212.2,ADAPTIVE,14.2916036111,3.3689999999999998
2020-02-19T22:46:49+00:00,16.0,32.0,212.2,ADAPTIVE,14.2951305556,3.371
2020-02-19T22:46:53+00:00,16.0,32.0,212.2,ADAPTIVE,14.298673611099998,3.379
2020-02-19T22:46:57+00:00,16.0,32.0,212.2,ADAPTIVE,14.3022,3.371
2020-02-19T22:47:00+00:00,16.0,32.0,212.1,ADAPTIVE,14.3057397222,3.367
2020-02-19T22:47:04+00:00,16.0,32.0,212.1,ADAPTIVE,14.309267777799999,3.372
2020-02-19T22:47:08+00:00,16.0,32.0,212.2,ADAPTIVE,14.312809999999999,3.3729999999999998
2020-02-19T22:47:12+00:00,16.0,32.0,212.1,ADAPTIVE,14.3163338889,3.372
2020-02-19T22:47:16+00:00,16.0,32.0,212.1,ADAPTIVE,14.3198758333,3.371
2020-02-19T22:47:20+00:00,16.0,32.0,212.2,ADAPTIVE,14.3234022222,3.379
2020-02-19T22:47:24+00:00,16.0,32.0,212.2,ADAPTIVE,14.3269425,3.372
2020-02-19T22:47:28+00:00,16.0,32.0,212.1,ADAPTIVE,14.330468055599999,3.376
2020-02-19T22:47:32+00:00,16.0,32.0,212.3,ADAPTIVE,14.3340102778,3.375
2020-02-19T22:47:36+00:00,16.0,32.0,212.0,ADAPTIVE,14.3375344444,3.3739999999999997
2020-02-19T22:47:40+00:00,16.0,32.0,212.2,ADAPTIVE,14.3410755556,3.379
2020-02-19T22:47:44+00:00,16.0,32.0,212.2,ADAPTIVE,14.3446016667,3.371
2020-02-19T22:47:48+00:00,16.0,32.0,212.2,ADAPTIVE,14.3481422222,3.368
2020-02-19T22:47:52+00:00,16.0,32.0,212.2,ADAPTIVE,14.351669444399999,3.375
2020-02-19T22:47:56+00:00,16.0,32.0,212.3,ADAPTIVE,14.3552102778,3.384
2020-02-19T22:48:00+00:00,16.0,32.0,212.2,ADAPTIVE,14.358737777799998,3.375
2020-02-19T22:48:03+00:00,16.0,32.0,212.4,ADAPTIVE,14.3622808333,3.381
2020-02-19T22:48:07+00:00,16.0,32.0,212.2,ADAPTIVE,14.3658105556,3.368
2020-02-19T22:48:11+00:00,16.0,32.0,212.3,ADAPTIVE,14.3693525,3.3819999999999997
2020-02-19T22:48:15+00:00,16.0,32.0,212.4,ADAPTIVE,14.3728813889,3.377
2020-02-19T22:48:19+00:00,15.9,32.0,212.3,ADAPTIVE,14.376410277799998,3.368
2020-02-19T22:48:23+00:00,15.9,32.0,212.4,ADAPTIVE,14.379956111099998,3.379
2020-02-19T22:48:27+00:00,15.9,32.0,212.3,ADAPTIVE,14.383483611099999,3.3779999999999997
2020-02-19T22:48:31+00:00,16.0,32.0,212.3,ADAPTIVE,14.387026111099999,3.377
2020-02-19T22:48:35+00:00,16.0,32.0,212.4,ADAPTIVE,14.3905541667,3.38
2020-02-19T22:48:39+00:00,16.0,32.0,212.3,ADAPTIVE,14.3940980556,3.377
2020-02-19T22:48:43+00:00,15.9,32.0,212.3,ADAPTIVE,14.397627499999999,3.383
2020-02-19T22:48:47+00:00,15.9,32.0,212.2,ADAPTIVE,14.4011552778,3.379
2020-02-19T22:48:51+00:00,15.9,32.0,212.3,ADAPTIVE,14.404699166699999,3.372
2020-02-19T22:48:55+00:00,15.9,32.0,212.2,ADAPTIVE,14.4082288889,3.372
2020-02-19T22:48:59+00:00,15.9,32.0,212.2,ADAPTIVE,14.4117725,3.3819999999999997
2020-02-19T22:49:03+00:00,15.9,32.0,212.3,ADAPTIVE,14.4153008333,3.379
2020-02-19T22:49:07+00:00,15.9,32.0,212.2,ADAPTIVE,14.418845,3.376
2020-02-19T22:49:10+00:00,15.9,32.0,212.3,ADAPTIVE,14.4223725,3.3779999999999997
2020-02-19T22:49:14+00:00,15.9,32.0,212.3,ADAPTIVE,14.425913333299999,3.3739999999999997
2020-02-19T22:49:18+00:00,15.9,32.0,212.2,ADAPTIVE,14.429442499999999,3.3729999999999998
2020-02-19T22:49:22+00:00,15.9,32.0,212.2,ADAPTIVE,14.4329838889,3.3729999999999998
2020-02-19T22:49:26+00:00,15.9,32.0,212.2,ADAPTIVE,14.4365066667,3.368
2020-02-19T22:49:30+00:00,16.0,32.0,212.2,ADAPTIVE,14.4400483333,3.3779999999999997
2020-02-19T22:49:34+00:00,16.0,32.0,212.3,ADAPTIVE,14.443573611099998,3.371
2020-02-19T22:49:38+00:00,16.0,32.0,212.2,ADAPTIVE,14.4471155556,3.372
2020-02-19T22:49:42+00:00,15.9,32.0,212.4,ADAPTIVE,14.4506419444,3.38
2020-02-19T22:49:46+00:00,15.9,32.0,212.3,ADAPTIVE,14.4541702778,3.3779999999999997
2020-02-19T22:49:50+00:00,15.9,32.0,212.3,ADAPTIVE,14.4577108333,3.3739999999999997
2020-02-19T22:49:54+00:00,16.0,32.0,212.2,ADAPTIVE,14.4612366667,3.381
2020-02-19T22:49:58+00:00,16.0,32.0,212.2,ADAPTIVE,14.464780555599999,3.383
2020-02-19T22:50:02+00:00,16.0,32.0,212.1,ADAPTIVE,14.4683088889,3.372
2020-02-19T22:50:06+00:00,15.9,32.0,212.2,ADAPTIVE,14.471848611099999,3.3729999999999998
2020-02-19T22:50:10+00:00,15.9,32.0,212.2,ADAPTIVE,14.4753738889,3.375
2020-02-19T22:50:14+00:00,16.0,32.0,212.2,ADAPTIVE,14.4789002778,3.384
2020-02-19T22:50:18+00:00,16.0,32.0,212.2,ADAPTIVE,14.4824430556,3.38
2020-02-19T22:50:21+00:00,16.0,32.0,212.2,ADAPTIVE,14.485969166699999,3.379
2020-02-19T22:50:25+00:00,15.9,32.0,212.1,ADAPTIVE,14.4894958333,3.377
2020-02-19T22:50:29+00:00,15.9,32.0,212.1,ADAPTIVE,14.493037777799998,3.372
2020-02-19T22:50:33+00:00,16.0,32.0,212.0,ADAPTIVE,14.4965638889,3.377
2020-02-19T22:50:37+00:00,15.9,32.0,212.2,ADAPTIVE,14.500105,3.379
2020-02-19T22:50:41+00:00,16.0,32.0,212.2,ADAPTIVE,14.503627499999999,3.381
2020-02-19T22:50:45+00:00,16.0,32.0,212.2,ADAPTIVE,14.5071525,3.371
2020-02-19T22:50:49+00:00,16.0,32.0,212.2,ADAPTIVE,14.5106916667,3.3739999999999997
2020-02-19T22:50:53+00:00,15.5,32.0,212.2,ADAPTIVE,14.5141722222,3.2809999999999997
2020-02-19T22:50:57+00:00,14.9,32.0,212.3,ADAPTIVE,14.5175247222,3.165
2020-02-19T22:51:01+00:00,14.6,32.0,212.4,ADAPTIVE,14.520793611099998,3.084
2020-02-19T22:51:05+00:00,14.4,32.0,212.4,ADAPTIVE,14.5239888889,3.036
2020-02-19T22:51:09+00:00,14.3,32.0,212.3,ADAPTIVE,14.527177499999999,3.028
2020-02-19T22:51:13+00:00,14.3,32.0,212.4,ADAPTIVE,14.530354166699999,3.044
2020-02-19T22:51:17+00:00,14.3,32.0,212.4,ADAPTIVE,14.5335458333,3.038
2020-02-19T22:51:21+00:00,14.2,32.0,212.5,ADAPTIVE,14.536721944399998,2.996
2020-02-19T22:51:25+00:00,13.8,32.0,212.4,ADAPTIVE,14.539816111099999,2.909
2020-02-19T22:51:28+00:00,13.3,32.0,212.5,ADAPTIVE,14.542819999999999,2.82
2020-02-19T22:51:32+00:00,12.9,32.0,212.5,ADAPTIVE,14.5457263889,2.7399999999999998
2020-02-19T22:51:36+00:00,12.9,32.0,212.7,ADAPTIVE,14.5485838889,2.727
2020-02-19T22:51:40+00:00,13.0,32.0,212.6,ADAPTIVE,14.551452777799998,2.738
2020-02-19T22:51:44+00:00,13.1,32.0,212.6,ADAPTIVE,14.5543316667,2.78
2020-02-19T22:51:48+00:00,13.1,32.0,212.6,ADAPTIVE,14.5572333333,2.776
2020-02-19T22:51:52+00:00,12.9,32.0,212.6,ADAPTIVE,14.560146111099998,2.742
2020-02-19T22:51:56+00:00,12.6,32.0,212.6,ADAPTIVE,14.5629847222,2.6599999999999997
2020-02-19T22:52:00+00:00,12.2,32.0,212.7,ADAPTIVE,14.5657380556,2.585
2020-02-19T22:52:04+00:00,11.9,32.0,212.6,ADAPTIVE,14.568415277799998,2.532
2020-02-19T22:52:08+00:00,11.9,32.0,212.7,ADAPTIVE,14.571058611099998,2.529
2020-02-19T22:52:12+00:00,11.7,32.0,212.7,ADAPTIVE,14.5736913889,2.487
2020-02-19T22:52:16+00:00,11.9,32.0,212.7,ADAPTIVE,14.5763263889,2.5269999999999997
2020-02-19T22:52:20+00:00,11.9,32.0,212.7,ADAPTIVE,14.578954444399999,2.522
2020-02-19T22:52:24+00:00,11.7,32.0,212.7,ADAPTIVE,14.581553333299999,2.4819999999999998
2020-02-19T22:52:28+00:00,11.7,32.0,212.6,ADAPTIVE,14.5841605556,2.481
2020-02-19T22:52:31+00:00,11.7,32.0,212.7,ADAPTIVE,14.586758333299999,2.4819999999999998
2020-02-19T22:52:35+00:00,11.5,32.0,212.7,ADAPTIVE,14.589333611099999,2.4339999999999997
2020-02-19T22:52:39+00:00,11.5,32.0,212.7,ADAPTIVE,14.591885,2.4499999999999997
2020-02-19T22:52:43+00:00,11.3,32.0,212.6,ADAPTIVE,14.59443,2.3979999999999997
2020-02-19T22:52:47+00:00,11.3,32.0,212.7,ADAPTIVE,14.5969461111,2.395
2020-02-19T22:52:51+00:00,11.3,32.0,212.7,ADAPTIVE,14.599452777799998,2.399
2020-02-19T22:52:55+00:00,11.1,32.0,212.7,ADAPTIVE,14.601964444399998,2.355
2020-02-19T22:52:59+00:00,11.1,32.0,212.7,ADAPTIVE,14.604425277799999,2.348
2020-02-19T22:53:03+00:00,10.9,32.0,212.7,ADAPTIVE,14.6068638889,2.311
2020-02-19T22:53:07+00:00,10.7,32.0,212.7,ADAPTIVE,14.6092441667,2.2649999999999997
2020-02-19T22:53:11+00:00,10.7,32.0,212.7,ADAPTIVE,14.611624444399999,2.264
2020-02-19T22:53:15+00:00,10.6,32.0,212.9,ADAPTIVE,14.6139922222,2.2479999999999998
2020-02-19T22:53:19+00:00,10.6,32.0,212.7,ADAPTIVE,14.6163322222,2.259
2020-02-19T22:53:23+00:00,10.5,32.0,212.8,ADAPTIVE,14.618676666699999,2.223
2020-02-19T22:53:27+00:00,10.5,32.0,212.7,ADAPTIVE,14.6210027778,2.223
2020-02-19T22:53:31+00:00,10.3,32.0,212.9,ADAPTIVE,14.623316944399999,2.183
2020-02-19T22:53:35+00:00,10.1,32.0,212.9,ADAPTIVE,14.625565277799998,2.136
2020-02-19T22:53:38+00:00,9.6,32.0,212.9,ADAPTIVE,14.6277622222,2.0509999999999997
2020-02-19T22:53:42+00:00,9.4,32.0,212.9,ADAPTIVE,14.6298952778,2.01
2020-02-19T22:53:46+00:00,9.4,32.0,212.9,ADAPTIVE,14.6319963889,2.005
2020-02-19T22:53:50+00:00,9.5,32.0,212.8,ADAPTIVE,14.634105277799998,2.005
2020-02-19T22:53:54+00:00,9.5,32.0,212.9,ADAPTIVE,14.636204166699999,2.007
2020-02-19T22:53:58+00:00,9.7,32.0,212.7,ADAPTIVE,14.638325277799998,2.053
2020-02-19T22:54:02+00:00,9.7,32.0,212.7,ADAPTIVE,14.6404480556,2.0509999999999997
2020-02-19T22:54:06+00:00,9.4,32.0,212.9,ADAPTIVE,14.6425733333,2.004
2020-02-19T22:54:10+00:00,9.6,32.0,212.9,ADAPTIVE,14.6446833333,2.044
2020-02-19T22:54:14+00:00,9.4,32.0,212.8,ADAPTIVE,14.6467925,2.007
2020-02-19T22:54:18+00:00,9.3,32.0,212.9,ADAPTIVE,14.6488930556,1.972
2020-02-19T22:54:22+00:00,9.0,32.0,212.9,ADAPTIVE,14.6509383333,1.92
2020-02-19T22:54:26+00:00,8.8,32.0,212.9,ADAPTIVE,14.6529375,1.876
2020-02-19T22:54:30+00:00,8.8,32.0,212.9,ADAPTIVE,14.6549094444,1.878
2020-02-19T22:54:34+00:00,9.0,32.0,212.8,ADAPTIVE,14.656890833299999,1.9149999999999998
2020-02-19T22:54:38+00:00,9.0,32.0,212.7,ADAPTIVE,14.6589072222,1.9109999999999998
2020-02-19T22:54:42+00:00,8.8,32.0,212.8,ADAPTIVE,14.6609013889,1.8699999999999999
2020-02-19T22:54:45+00:00,8.6,32.0,212.9,ADAPTIVE,14.6628394444,1.8219999999999998
2020-02-19T22:54:49+00:00,8.6,32.0,212.9,ADAPTIVE,14.6647533333,1.833
2020-02-19T22:54:53+00:00,8.7,32.0,212.8,ADAPTIVE,14.6667088889,1.8599999999999999
2020-02-19T22:54:57+00:00,8.6,32.0,212.9,ADAPTIVE,14.6686380556,1.8239999999999998
2020-02-19T22:55:01+00:00,8.5,32.0,212.8,ADAPTIVE,14.6705163889,1.801
2020-02-19T22:55:05+00:00,8.5,32.0,212.7,ADAPTIVE,14.6723988889,1.7879999999999998
2020-02-19T22:55:09+00:00,8.5,32.0,212.7,ADAPTIVE,14.674272499999999,1.793
2020-02-19T22:55:13+00:00,8.5,32.0,212.8,ADAPTIVE,14.6761561111,1.793
2020-02-19T22:55:17+00:00,8.3,32.0,212.9,ADAPTIVE,14.6780169444,1.752
2020-02-19T22:55:21+00:00,8.1,32.0,212.9,ADAPTIVE,14.6798516667,1.7129999999999999
2020-02-19T22:55:25+00:00,7.9,32.0,212.9,ADAPTIVE,14.6816230556,1.668
2020-02-19T22:55:29+00:00,7.9,32.0,212.9,ADAPTIVE,14.6833758333,1.6729999999999998
2020-02-19T22:55:33+00:00,7.7,32.0,212.9,ADAPTIVE,14.6851111111,1.63
2020-02-19T22:55:37+00:00,7.7,32.0,212.9,ADAPTIVE,14.686845,1.626
2020-02-19T22:55:41+00:00,7.8,32.0,212.9,ADAPTIVE,14.688571111099998,1.661
2020-02-19T22:55:45+00:00,7.8,32.0,212.9,ADAPTIVE,14.6903158333,1.668
2020-02-19T22:55:48+00:00,7.8,32.0,212.9,ADAPTIVE,14.6920691667,1.665
2020-02-19T22:55:52+00:00,7.7,32.0,212.9,ADAPTIVE,14.6938055556,1.626
2020-02-19T22:55:56+00:00,7.9,32.0,213.0,ADAPTIVE,14.6955494444,1.6669999999999998
2020-02-19T22:56:00+00:00,7.7,32.0,212.9,ADAPTIVE,14.6972883333,1.632
2020-02-19T22:56:04+00:00,7.8,32.0,212.9,ADAPTIVE,14.698998333299999,1.668
2020-02-19T22:56:08+00:00,7.6,32.0,212.8,ADAPTIVE,14.7007183333,1.6239999999999999
2020-02-19T22:56:12+00:00,7.4,32.0,213.0,ADAPTIVE,14.7023858333,1.5779999999999998
2020-02-19T22:56:16+00:00,7.2,32.0,213.0,ADAPTIVE,14.704024444399998,1.537
2020-02-19T22:56:20+00:00,7.3,32.0,212.9,ADAPTIVE,14.705636666699998,1.543
2020-02-19T22:56:24+00:00,7.3,32.0,212.9,ADAPTIVE,14.7072566667,1.538
2020-02-19T22:56:28+00:00,7.1,32.0,212.9,ADAPTIVE,14.708839444399999,1.512
2020-02-19T22:56:32+00:00,7.1,32.0,212.9,ADAPTIVE,14.710431944399998,1.503
2020-02-19T22:56:36+00:00,7.1,32.0,213.0,ADAPTIVE,14.7120030556,1.501
2020-02-19T22:56:40+00:00,7.1,32.0,212.9,ADAPTIVE,14.7135755556,1.506
2020-02-19T22:56:44+00:00,7.1,32.0,212.9,ADAPTIVE,14.7151547222,1.503
2020-02-19T22:56:48+00:00,6.9,32.0,213.0,ADAPTIVE,14.7167105556,1.46
2020-02-19T22:56:52+00:00,6.9,32.0,213.0,ADAPTIVE,14.718248611099998,1.46
2020-02-19T22:56:56+00:00,6.9,32.0,213.0,ADAPTIVE,14.7197755556,1.4529999999999998
2020-02-19T22:56:59+00:00,6.7,32.0,213.0,ADAPTIVE,14.721279444399999,1.415
2020-02-19T22:57:03+00:00,6.7,32.0,212.9,ADAPTIVE,14.722761111099999,1.41
2020-02-19T22:57:07+00:00,6.9,32.0,212.9,ADAPTIVE,14.7242541667,1.4549999999999998
2020-02-19T22:57:11+00:00,6.6,32.0,212.9,ADAPTIVE,14.7257625,1.409
2020-02-19T22:57:15+00:00,6.9,32.0,212.9,ADAPTIVE,14.727255,1.4549999999999998
2020-02-19T22:57:19+00:00,6.6,32.0,212.9,ADAPTIVE,14.728747499999999,1.413
2020-02-19T22:57:23+00:00,6.7,32.0,212.8,ADAPTIVE,14.7302505556,1.416
2020-02-19T22:57:27+00:00,6.7,32.0,212.8,ADAPTIVE,14.7317316667,1.415
2020-02-19T22:57:31+00:00,6.7,32.0,212.7,ADAPTIVE,14.7332222222,1.414
2020-02-19T22:57:35+00:00,6.7,32.0,212.8,ADAPTIVE,14.7347122222,1.414
2020-02-19T22:57:39+00:00,6.5,32.0,212.9,ADAPTIVE,14.7361752778,1.371
2020-02-19T22:57:43+00:00,6.2,32.0,212.9,ADAPTIVE,14.7376122222,1.323
2020-02-19T22:57:47+00:00,6.2,32.0,212.9,ADAPTIVE,14.739001944399998,1.329
2020-02-19T22:57:51+00:00,0.0,32.0,214.0,NOT CHARGING,14.7392588889,0.0
2020-02-19T22:57:55+00:00,0.0,32.0,214.0,NOT CHARGING,14.7392588889,0.0
2020-02-19T22:57:59+00:00,0.3,32.0,213.6,READY,14.739259444399998,0.06899999999999999
2020-02-19T22:58:03+00:00,3.9,32.0,213.1,ADAPTIVE,14.7396638889,0.814
2020-02-19T22:58:06+00:00,6.3,32.0,213.0,ADAPTIVE,14.740839999999999,1.3379999999999999
2020-02-19T22:58:10+00:00,7.8,32.0,212.7,ADAPTIVE,14.7424113889,1.656
2020-02-19T22:58:14+00:00,6.4,32.0,213.1,ADAPTIVE,14.7441044444,1.3639999999999999
2020-02-19T22:58:18+00:00,5.0,32.0,213.2,ADAPTIVE,14.7453680556,1.06
2020-02-19T22:58:22+00:00,4.4,32.0,213.2,ADAPTIVE,14.7464052778,0.9329999999999999
2020-02-19T22:58:26+00:00,3.8,32.0,213.3,ADAPTIVE,14.7473208333,0.814
2020-02-19T22:58:30+00:00,3.5,32.0,213.4,ADAPTIVE,14.748141666699999,0.755
2020-02-19T22:58:34+00:00,3.2,32.0,213.3,ADAPTIVE,14.748887499999999,0.6779999999999999
2020-02-19T22:58:38+00:00,3.0,32.0,213.3,ADAPTIVE,14.749569444399999,0.63
2020-02-19T22:58:42+00:00,2.8,32.0,213.2,ADAPTIVE,14.750224444399999,0.591
2020-02-19T22:58:46+00:00,2.9,32.0,213.2,ADAPTIVE,14.7508505556,0.611
2020-02-19T22:58:50+00:00,2.8,32.0,213.4,ADAPTIVE,14.7514738889,0.596
2020-02-19T22:58:54+00:00,2.8,32.0,213.1,ADAPTIVE,14.7520966667,0.597
2020-02-19T22:58:58+00:00,2.8,32.0,213.3,ADAPTIVE,14.752718333299999,0.596
2020-02-19T22:59:02+00:00,2.8,32.0,213.2,ADAPTIVE,14.753341666699999,0.596
2020-02-19T22:59:06+00:00,2.8,32.0,213.3,ADAPTIVE,14.7539638889,0.588
2020-02-19T22:59:10+00:00,1.2,32.0,213.5,ADAPTIVE,14.7542888889,0.251
2020-02-19T22:59:13+00:00,2.2,32.0,213.2,ADAPTIVE,14.7546875,0.46399999999999997
2020-02-19T22:59:17+00:00,2.6,32.0,213.3,ADAPTIVE,14.755234999999999,0.5509999999999999
2020-02-19T22:59:21+00:00,2.8,32.0,213.2,ADAPTIVE,14.7558352778,0.588
2020-02-19T22:59:25+00:00,3.0,32.0,213.1,ADAPTIVE,14.756473333299999,0.628
2020-02-19T22:59:29+00:00,3.0,32.0,213.2,ADAPTIVE,14.757135277799998,0.629
2020-02-19T22:59:33+00:00,2.8,32.0,213.1,ADAPTIVE,14.7577736111,0.588
2020-02-19T22:59:37+00:00,2.6,32.0,213.2,ADAPTIVE,14.758376666699998,0.5469999999999999
2020-02-19T22:59:41+00:00,2.6,32.0,213.3,ADAPTIVE,14.758949444399999,0.5429999999999999
2020-02-19T22:59:45+00:00,2.4,32.0,213.3,ADAPTIVE,14.7595116667,0.513
2020-02-19T22:59:49+00:00,2.5,32.0,213.1,ADAPTIVE,14.7600730556,0.5409999999999999
2020-02-19T22:59:53+00:00,2.6,32.0,213.3,ADAPTIVE,14.760635277799999,0.5489999999999999
2020-02-19T22:59:57+00:00,2.6,32.0,213.3,ADAPTIVE,14.761209444399999,0.5469999999999999
2020-02-19T23:00:01+00:00,2.8,32.0,213.3,ADAPTIVE,14.7617891667,0.588
2020-02-19T23:00:05+00:00,2.8,32.0,213.3,ADAPTIVE,14.7624122222,0.597
2020-02-19T23:00:09+00:00,3.0,32.0,213.4,ADAPTIVE,14.7630638889,0.636
2020-02-19T23:00:13+00:00,3.4,32.0,213.2,ADAPTIVE,14.763752499999999,0.723
2020-02-19T23:00:16+00:00,3.6,32.0,213.2,ADAPTIVE,14.7645375,0.757
2020-02-19T23:00:20+00:00,3.5,32.0,213.1,ADAPTIVE,14.7653308333,0.736
2020-02-19T23:00:24+00:00,3.4,32.0,213.3,ADAPTIVE,14.7660833333,0.716
2020-02-19T23:00:28+00:00,3.3,32.0,213.2,ADAPTIVE,14.766839444399999,0.706
2020-02-19T23:00:32+00:00,3.2,32.0,213.2,ADAPTIVE,14.767550277799998,0.69
2020-02-19T23:00:36+00:00,3.3,32.0,213.3,ADAPTIVE,14.768290277799998,0.706
2020-02-19T23:00:40+00:00,3.4,32.0,213.3,ADAPTIVE,14.769038888899999,0.718
2020-02-19T23:00:44+00:00,3.7,32.0,213.1,ADAPTIVE,14.7698238889,0.7859999999999999
2020-02-19T23:00:48+00:00,4.2,32.0,213.1,ADAPTIVE,14.7707233333,0.883
2020-02-19T23:00:52+00:00,4.2,32.0,213.1,ADAPTIVE,14.7716513889,0.885
2020-02-19T23:00:56+00:00,4.0,32.0,213.1,ADAPTIVE,14.772568333299999,0.85
2020-02-19T23:01:00+00:00,3.7,32.0,213.1,ADAPTIVE,14.773442777799998,0.7999999999999999
2020-02-19T23:01:04+00:00,3.6,32.0,213.1,ADAPTIVE,14.774281111099999,0.766
2020-02-19T23:01:08+00:00,3.4,32.0,213.2,ADAPTIVE,14.775073611099998,0.727
2020-02-19T23:01:12+00:00,3.2,32.0,213.2,ADAPTIVE,14.7758141667,0.6739999999999999
2020-02-19T23:01:16+00:00,3.4,32.0,213.2,ADAPTIVE,14.776544999999999,0.712
2020-02-19T23:01:20+00:00,3.3,32.0,213.3,ADAPTIVE,14.77728,0.702
2020-02-19T23:01:24+00:00,3.5,32.0,213.3,ADAPTIVE,14.778040833299999,0.757
2020-02-19T23:01:27+00:00,3.9,32.0,213.1,ADAPTIVE,14.778867777799999,0.818
2020-02-19T23:01:31+00:00,3.8,32.0,213.1,ADAPTIVE,14.779721944399999,0.7989999999999999
2020-02-19T23:01:35+00:00,3.6,32.0,213.1,ADAPTIVE,14.780557499999999,0.76
2020-02-19T23:01:39+00:00,3.6,32.0,213.2,ADAPTIVE,14.7813541667,0.759
2020-02-19T23:01:43+00:00,3.4,32.0,213.3,ADAPTIVE,14.7821141667,0.72
2020-02-19T23:01:47+00:00,3.0,32.0,213.1,ADAPTIVE,14.782813611099998,0.63
2020-02-19T23:01:51+00:00,3.0,32.0,213.2,ADAPTIVE,14.7834905556,0.641
2020-02-19T23:01:55+00:00,3.1,32.0,213.2,ADAPTIVE,14.7841705556,0.6689999999999999
2020-02-19T23:01:59+00:00,3.2,32.0,213.2,ADAPTIVE,14.784871944399999,0.6779999999999999
2020-02-19T23:02:03+00:00,3.4,32.0,213.3,ADAPTIVE,14.785600277799999,0.72
2020-02-19T23:02:07+00:00,3.7,32.0,213.2,ADAPTIVE,14.7863741667,0.7919999999999999
2020-02-19T23:02:11+00:00,3.6,32.0,213.3,ADAPTIVE,14.7872088889,0.759
2020-02-19T23:02:15+00:00,3.6,32.0,213.3,ADAPTIVE,14.788006111099998,0.764
2020-02-19T23:02:19+00:00,3.4,32.0,213.4,ADAPTIVE,14.788765277799998,0.716
2020-02-19T23:02:23+00:00,3.1,32.0,213.2,ADAPTIVE,14.7894963889,0.6689999999999999
2020-02-19T23:02:27+00:00,3.0,32.0,213.3,ADAPTIVE,14.7901880556,0.632
2020-02-19T23:02:30+00:00,3.0,32.0,213.3,ADAPTIVE,14.790851944399998,0.634
2020-02-19T23:02:34+00:00,3.0,32.0,213.2,ADAPTIVE,14.791516111099998,0.632
2020-02-19T23:02:38+00:00,3.2,32.0,213.2,ADAPTIVE,14.7922175,0.6769999999999999
2020-02-19T23:02:42+00:00,3.5,32.0,213.3,ADAPTIVE,14.792962777799998,0.753
2020-02-19T23:02:46+00:00,3.8,32.0,213.2,ADAPTIVE,14.7938005556,0.8049999999999999
2020-02-19T23:02:50+00:00,3.8,32.0,213.1,ADAPTIVE,14.7946397222,0.8049999999999999
2020-02-19T23:02:54+00:00,3.5,32.0,213.1,ADAPTIVE,14.7954558333,0.754
2020-02-19T23:02:58+00:00,3.4,32.0,213.3,ADAPTIVE,14.7962391667,0.714
2020-02-19T23:03:02+00:00,3.4,32.0,213.2,ADAPTIVE,14.796991666699999,0.714
2020-02-19T23:03:06+00:00,3.1,32.0,213.2,ADAPTIVE,14.797701111099999,0.6549999999999999
2020-02-19T23:03:10+00:00,3.0,32.0,213.2,ADAPTIVE,14.7983658333,0.63
2020-02-19T23:03:14+00:00,2.8,32.0,213.4,ADAPTIVE,14.798988611099999,0.591
2020-02-19T23:03:18+00:00,3.0,32.0,213.2,ADAPTIVE,14.799631944399998,0.628
2020-02-19T23:03:22+00:00,1.2,32.0,213.4,ADAPTIVE,14.7999983333,0.261
2020-02-19T23:03:26+00:00,2.6,32.0,213.3,ADAPTIVE,14.8004305556,0.5599999999999999
2020-02-19T23:03:30+00:00,3.5,32.0,213.1,ADAPTIVE,14.8011291667,0.733
2020-02-19T23:03:34+00:00,3.5,32.0,213.0,ADAPTIVE,14.801903611099998,0.734
2020-02-19T23:03:37+00:00,3.5,32.0,213.1,ADAPTIVE,14.8026772222,0.757
2020-02-19T23:03:41+00:00,3.3,32.0,213.2,ADAPTIVE,14.8034238889,0.696
2020-02-19T23:03:45+00:00,3.0,32.0,213.2,ADAPTIVE,14.804127777799998,0.631
2020-02-19T23:03:49+00:00,2.9,32.0,213.3,ADAPTIVE,14.804787777799998,0.623
2020-02-19T23:03:53+00:00,2.6,32.0,213.3,ADAPTIVE,14.8054191667,0.5599999999999999
2020-02-19T23:03:57+00:00,2.8,32.0,213.4,ADAPTIVE,14.806036944399999,0.593
2020-02-19T23:04:01+00:00,2.9,32.0,213.1,ADAPTIVE,14.8066733333,0.606
2020-02-19T23:04:05+00:00,3.0,32.0,213.1,ADAPTIVE,14.807339444399998,0.644
2020-02-19T23:04:09+00:00,3.2,32.0,213.0,ADAPTIVE,14.8080430556,0.6809999999999999
2020-02-19T23:04:13+00:00,3.8,32.0,213.1,ADAPTIVE,14.8088272222,0.7979999999999999
2020-02-19T23:04:17+00:00,3.5,32.0,213.0,ADAPTIVE,14.809638611099999,0.744
2020-02-19T23:04:21+00:00,0.0,32.0,213.9,NOT CHARGING,14.809674166699999,0.0
2020-02-19T23:04:25+00:00,0.0,32.0,213.9,NOT CHARGING,14.809674166699999,0.0
2020-02-19T23:04:29+00:00,0.0,32.0,213.7,NOT CHARGING,14.809674166699999,0.0
2020-02-19T23:04:33+00:00,0.0,32.0,213.8,NOT CHARGING,14.809674166699999,0.0
2020-02-19T23:04:37+00:00,0.0,32.0,213.7,NOT CHARGING,14.809674166699999,0.0
2020-02-19T23:04:41+00:00,0.0,32.0,213.8,NOT CHARGING,14.809674166699999,0.0
2020-02-19T23:04:44+00:00,0.0,32.0,213.8,NOT CHARGING,14.809674166699999,0.0
2020-02-19T23:04:48+00:00,0.0,32.0,213.8,NOT CHARGING,14.809674166699999,0.0
2020-02-19T23:04:52+00:00,0.0,32.0,213.8,NOT CHARGING,14.809674166699999,0.0
2020-02-19T23:04:56+00:00,0.0,32.0,213.7,NOT CHARGING,14.809674166699999,0.0
2020-02-19T23:05:00+00:00,0.0,32.0,213.8,NOT CHARGING,14.809674166699999,0.0
2020-02-19T23:05:04+00:00,0.0,32.0,213.7,NOT CHARGING,14.809674166699999,0.0
2020-02-19T23:05:08+00:00,0.0,32.0,213.8,NOT CHARGING,14.809674166699999,0.0
2020-02-19T23:05:12+00:00,0.0,32.0,213.8,NOT CHARGING,14.809674166699999,0.0
2020-02-19T23:05:16+00:00,0.0,32.0,213.6,NOT CHARGING,14.809674166699999,0.0
2020-02-19T23:05:20+00:00,0.0,32.0,213.8,NOT CHARGING,14.809674166699999,0.0
2020-02-19T23:05:24+00:00,0.0,32.0,213.8,NOT CHARGING,14.809674166699999,0.0
2020-02-19T23:05:28+00:00,0.0,32.0,213.7,NOT CHARGING,14.809674166699999,0.0
2020-02-19T23:05:32+00:00,0.0,32.0,213.7,NOT CHARGING,14.809674166699999,0.0
2020-02-19T23:05:36+00:00,0.0,32.0,213.8,NOT CHARGING,14.809674166699999,0.0
2020-02-19T23:05:40+00:00,0.0,32.0,213.6,NOT CHARGING,14.809674166699999,0.0
2020-02-19T23:05:44+00:00,0.0,32.0,213.8,NOT CHARGING,14.809674166699999,0.0
2020-02-19T23:05:48+00:00,0.0,32.0,213.8,NOT CHARGING,14.809674166699999,0.0
2020-02-19T23:05:51+00:00,0.0,32.0,213.7,NOT CHARGING,14.809674166699999,0.0
2020-02-19T23:05:55+00:00,0.0,32.0,214.1,NOT CHARGING,14.809674166699999,0.0
2020-02-19T23:05:59+00:00,0.0,32.0,214.0,NOT CHARGING,14.809674166699999,0.0
2020-02-19T23:06:03+00:00,0.0,32.0,214.0,NOT CHARGING,14.809674166699999,0.0
2020-02-19T23:06:07+00:00,0.0,32.0,214.0,NOT CHARGING,14.809674166699999,0.0
2020-02-19T23:06:11+00:00,0.0,32.0,213.8,NOT CHARGING,14.809674166699999,0.0
2020-02-19T23:06:15+00:00,0.0,32.0,214.0,NOT CHARGING,14.809674166699999,0.0
2020-02-19T23:06:19+00:00,0.0,32.0,213.9,NOT CHARGING,14.809674166699999,0.0
2020-02-19T23:06:23+00:00,0.0,32.0,213.8,NOT CHARGING,14.809674166699999,0.0
2020-02-19T23:06:27+00:00,0.0,32.0,214.0,NOT CHARGING,14.809674166699999,0.0
2020-02-19T23:06:31+00:00,0.0,32.0,214.0,NOT CHARGING,14.809674166699999,0.0
2020-02-19T23:06:35+00:00,0.0,32.0,214.0,NOT CHARGING,14.809674166699999,0.0
2020-02-19T23:06:39+00:00,0.0,32.0,213.9,NOT CHARGING,14.809674166699999,0.0
2020-02-19T23:06:43+00:00,0.0,32.0,213.8,NOT CHARGING,14.809674166699999,0.0
2020-02-19T23:06:47+00:00,0.0,32.0,213.9,NOT CHARGING,14.809674166699999,0.0
2020-02-19T23:06:51+00:00,0.0,32.0,213.8,NOT CHARGING,14.809674166699999,0.0
2020-02-19T23:06:54+00:00,0.0,32.0,213.8,NOT CHARGING,14.809674166699999,0.0
2020-02-19T23:06:58+00:00,0.0,32.0,213.8,NOT CHARGING,14.809674166699999,0.0
2020-02-19T23:07:02+00:00,0.0,32.0,213.8,NOT CHARGING,14.809674166699999,0.0
2020-02-19T23:07:06+00:00,0.0,32.0,213.9,NOT CHARGING,14.809674166699999,0.0
2020-02-19T23:07:10+00:00,0.0,32.0,213.8,NOT CHARGING,14.809674166699999,0.0
2020-02-19T23:07:14+00:00,0.0,32.0,213.8,NOT CHARGING,14.809674166699999,0.0
2020-02-19T23:07:18+00:00,0.0,32.0,213.8,NOT CHARGING,14.809674166699999,0.0
2020-02-19T23:07:22+00:00,0.0,32.0,213.8,NOT CHARGING,14.809674166699999,0.0
2020-02-19T23:07:26+00:00,0.0,32.0,213.8,NOT CHARGING,14.809674166699999,0.0
2020-02-19T23:07:30+00:00,0.0,32.0,213.9,NOT CHARGING,14.809674166699999,0.0
2020-02-19T23:07:34+00:00,0.0,32.0,213.8,NOT CHARGING,14.809674166699999,0.0
2020-02-19T23:07:38+00:00,0.0,32.0,213.9,NOT CHARGING,14.809674166699999,0.0
2020-02-19T23:07:42+00:00,0.0,32.0,213.9,NOT CHARGING,14.809674166699999,0.0
2020-02-19T23:07:46+00:00,0.0,32.0,213.9,NOT CHARGING,14.809674166699999,0.0
2020-02-19T23:07:50+00:00,0.0,32.0,213.8,NOT CHARGING,14.809674166699999,0.0
2020-02-19T23:07:54+00:00,0.0,32.0,213.9,NOT CHARGING,14.809674166699999,0.0
2020-02-19T23:07:58+00:00,0.0,32.0,213.9,NOT CHARGING,14.809674166699999,0.0
2020-02-19T23:08:02+00:00,0.0,32.0,213.8,NOT CHARGING,14.809674166699999,0.0
2020-02-19T23:08:05+00:00,0.0,32.0,213.9,NOT CHARGING,14.809674166699999,0.0
2020-02-19T23:08:09+00:00,0.0,32.0,213.9,NOT CHARGING,14.809674166699999,0.0
2020-02-19T23:08:13+00:00,0.0,32.0,213.8,NOT CHARGING,14.809674166699999,0.0
2020-02-19T23:08:17+00:00,0.0,32.0,213.8,NOT CHARGING,14.809674166699999,0.0
2020-02-19T23:08:21+00:00,0.0,32.0,213.8,NOT CHARGING,14.809674166699999,0.0
2020-02-19T23:08:25+00:00,0.0,32.0,213.8,NOT CHARGING,14.809674166699999,0.0
2020-02-19T23:08:29+00:00,0.0,32.0,213.8,NOT CHARGING,14.809674166699999,0.0
2020-02-19T23:08:33+00:00,0.0,32.0,213.8,NOT CHARGING,14.809674166699999,0.0
2020-02-19T23:08:37+00:00,0.0,32.0,213.8,NOT CHARGING,14.809674166699999,0.0
2020-02-19T23:08:41+00:00,0.0,32.0,213.8,NOT CHARGING,14.809674166699999,0.0
2020-02-19T23:08:45+00:00,0.0,32.0,213.8,NOT CHARGING,14.809674166699999,0.0
2020-02-19T23:08:49+00:00,0.0,32.0,213.8,NOT CHARGING,14.809674166699999,0.0
2020-02-19T23:08:53+00:00,0.0,32.0,213.8,NOT CHARGING,14.809674166699999,0.0
2020-02-19T23:08:57+00:00,0.0,32.0,213.9,NOT CHARGING,14.809674166699999,0.0
2020-02-19T23:09:01+00:00,0.0,32.0,213.8,NOT CHARGING,14.809674166699999,0.0
2020-02-19T23:09:05+00:00,0.0,32.0,213.8,NOT CHARGING,14.809674166699999,0.0
2020-02-19T23:09:09+00:00,0.0,32.0,213.8,NOT CHARGING,14.809674166699999,0.0
2020-02-19T23:09:12+00:00,0.0,32.0,213.8,NOT CHARGING,14.809674166699999,0.0
2020-02-19T23:09:16+00:00,0.0,32.0,213.8,NOT CHARGING,14.809674166699999,0.0
2020-02-19T23:09:20+00:00,0.0,32.0,213.8,NOT CHARGING,14.809674166699999,0.0
2020-02-19T23:09:24+00:00,0.0,32.0,213.8,NOT CHARGING,14.809674166699999,0.0
2020-02-19T23:09:28+00:00,0.0,32.0,213.8,NOT CHARGING,14.809674166699999,0.0
2020-02-19T23:09:32+00:00,0.0,32.0,213.9,NOT CHARGING,14.809674166699999,0.0
2020-02-19T23:09:36+00:00,0.0,32.0,213.8,NOT CHARGING,14.809674166699999,0.0
2020-02-19T23:09:40+00:00,0.0,32.0,213.8,NOT CHARGING,14.809674166699999,0.0
2020-02-19T23:09:44+00:00,0.0,32.0,213.8,NOT CHARGING,14.809674166699999,0.0
2020-02-19T23:09:48+00:00,0.0,32.0,213.8,NOT CHARGING,14.809674166699999,0.0
2020-02-19T23:09:52+00:00,0.0,32.0,213.8,NOT CHARGING,14.809674166699999,0.0
2020-02-19T23:09:56+00:00,0.0,32.0,213.8,NOT CHARGING,14.809674166699999,0.0
2020-02-19T23:10:00+00:00,0.0,32.0,213.8,NOT CHARGING,14.809674166699999,0.0
2020-02-19T23:10:04+00:00,0.0,32.0,213.8,NOT CHARGING,14.809674166699999,0.0
2020-02-19T23:10:08+00:00,0.0,32.0,213.8,NOT CHARGING,14.809674166699999,0.0
2020-02-19T23:10:12+00:00,0.0,32.0,213.8,NOT CHARGING,14.809674166699999,0.0
2020-02-19T23:10:16+00:00,0.0,32.0,213.7,NOT CHARGING,14.809674166699999,0.0
2020-02-19T23:10:19+00:00,0.0,32.0,213.8,NOT CHARGING,14.809674166699999,0.0
2020-02-19T23:10:23+00:00,0.0,32.0,213.8,NOT CHARGING,14.809674166699999,0.0
2020-02-19T23:10:27+00:00,0.0,32.0,213.8,NOT CHARGING,14.809674166699999,0.0
2020-02-19T23:10:31+00:00,0.0,32.0,213.8,NOT CHARGING,14.809674166699999,0.0
2020-02-19T23:10:35+00:00,0.0,32.0,213.8,NOT CHARGING,14.809674166699999,0.0
2020-02-19T23:10:39+00:00,0.0,32.0,213.7,NOT CHARGING,14.809674166699999,0.0
2020-02-19T23:10:43+00:00,0.0,32.0,213.8,NOT CHARGING,14.809674166699999,0.0
2020-02-19T23:10:47+00:00,0.0,32.0,213.7,NOT CHARGING,14.809674166699999,0.0
2020-02-19T23:10:51+00:00,0.0,32.0,213.7,NOT CHARGING,14.809674166699999,0.0
2020-02-19T23:10:55+00:00,0.0,32.0,213.8,NOT CHARGING,14.809674166699999,0.0
2020-02-19T23:10:59+00:00,0.0,32.0,213.8,NOT CHARGING,14.809674166699999,0.0
2020-02-19T23:11:03+00:00,0.0,32.0,213.7,NOT CHARGING,14.809674166699999,0.0
2020-02-19T23:11:07+00:00,0.0,32.0,213.8,NOT CHARGING,14.809674166699999,0.0
2020-02-19T23:11:11+00:00,0.0,32.0,213.7,NOT CHARGING,14.809674166699999,0.0
2020-02-19T23:11:15+00:00,0.0,32.0,213.6,NOT CHARGING,14.809674166699999,0.0
2020-02-19T23:11:19+00:00,0.0,32.0,213.7,NOT CHARGING,14.809674166699999,0.0
2020-02-19T23:11:23+00:00,0.0,32.0,213.7,NOT CHARGING,14.809674166699999,0.0
2020-02-19T23:11:26+00:00,0.0,32.0,213.6,NOT CHARGING,14.809674166699999,0.0
2020-02-19T23:11:30+00:00,0.0,32.0,213.6,NOT CHARGING,14.809674166699999,0.0
2020-02-19T23:11:34+00:00,0.0,32.0,213.7,NOT CHARGING,14.809674166699999,0.0
2020-02-19T23:11:38+00:00,0.0,32.0,213.7,NOT CHARGING,14.809674166699999,0.0
2020-02-19T23:11:42+00:00,0.0,32.0,213.6,NOT CHARGING,14.809674166699999,0.0
2020-02-19T23:11:46+00:00,0.0,32.0,213.6,NOT CHARGING,14.809674166699999,0.0
2020-02-19T23:11:50+00:00,0.0,32.0,213.6,NOT CHARGING,14.809674166699999,0.0
2020-02-19T23:11:54+00:00,0.0,32.0,213.7,NOT CHARGING,14.809674166699999,0.0
2020-02-19T23:11:58+00:00,0.0,32.0,213.7,NOT CHARGING,14.809674166699999,0.0
2020-02-19T23:12:02+00:00,0.0,32.0,213.7,NOT CHARGING,14.809674166699999,0.0
2020-02-19T23:12:06+00:00,0.0,32.0,213.7,NOT CHARGING,14.809674166699999,0.0
2020-02-19T23:12:10+00:00,0.0,32.0,213.6,NOT CHARGING,14.809674166699999,0.0
2020-02-19T23:12:14+00:00,0.0,32.0,213.7,NOT CHARGING,14.809674166699999,0.0
2020-02-19T23:12:18+00:00,0.0,32.0,213.6,NOT CHARGING,14.809674166699999,0.0
2020-02-19T23:12:22+00:00,0.0,32.0,213.6,NOT CHARGING,14.809674166699999,0.0
2020-02-19T23:12:26+00:00,0.0,32.0,213.6,NOT CHARGING,14.809674166699999,0.0
2020-02-19T23:12:30+00:00,0.0,32.0,213.6,NOT CHARGING,14.809674166699999,0.0
2020-02-19T23:12:33+00:00,0.0,32.0,213.6,NOT CHARGING,14.809674166699999,0.0
2020-02-19T23:12:37+00:00,0.0,32.0,213.7,NOT CHARGING,14.809674166699999,0.0
2020-02-19T23:12:41+00:00,0.0,32.0,213.6,NOT CHARGING,14.809674166699999,0.0
2020-02-19T23:12:45+00:00,0.0,32.0,213.6,NOT CHARGING,14.809674166699999,0.0
2020-02-19T23:12:49+00:00,0.0,32.0,213.6,NOT CHARGING,14.809674166699999,0.0
2020-02-19T23:12:53+00:00,0.0,32.0,213.6,NOT CHARGING,14.809674166699999,0.0
2020-02-19T23:12:57+00:00,0.0,32.0,213.5,NOT CHARGING,14.809674166699999,0.0
2020-02-19T23:13:01+00:00,0.0,32.0,213.6,NOT CHARGING,14.809674166699999,0.0
2020-02-19T23:13:05+00:00,0.0,32.0,213.7,NOT CHARGING,14.809674166699999,0.0
2020-02-19T23:13:09+00:00,0.0,32.0,213.7,NOT CHARGING,14.809674166699999,0.0
2020-02-19T23:13:13+00:00,0.0,32.0,213.7,NOT CHARGING,14.809674166699999,0.0
2020-02-19T23:13:17+00:00,0.0,32.0,213.8,NOT CHARGING,14.809674166699999,0.0
2020-02-19T23:13:21+00:00,0.0,32.0,213.7,NOT CHARGING,14.809674166699999,0.0
2020-02-19T23:13:25+00:00,0.0,32.0,213.8,NOT CHARGING,14.809674166699999,0.0
2020-02-19T23:13:29+00:00,0.0,32.0,213.8,NOT CHARGING,14.809674166699999,0.0
2020-02-19T23:13:33+00:00,0.0,32.0,213.8,NOT CHARGING,14.809674166699999,0.0
2020-02-19T23:13:37+00:00,0.0,32.0,213.7,NOT CHARGING,14.809674166699999,0.0
2020-02-19T23:13:40+00:00,0.0,32.0,213.8,NOT CHARGING,14.809674166699999,0.0
2020-02-19T23:13:44+00:00,0.0,32.0,213.8,NOT CHARGING,14.809674166699999,0.0
2020-02-19T23:13:48+00:00,0.0,32.0,213.8,NOT CHARGING,14.809674166699999,0.0
2020-02-19T23:13:52+00:00,0.0,32.0,213.8,NOT CHARGING,14.809674166699999,0.0
2020-02-19T23:13:56+00:00,0.0,32.0,213.7,NOT CHARGING,14.809674166699999,0.0
2020-02-19T23:14:00+00:00,0.0,32.0,213.7,NOT CHARGING,14.809674166699999,0.0
2020-02-19T23:14:04+00:00,0.0,32.0,213.8,NOT CHARGING,14.809674166699999,0.0
2020-02-19T23:14:08+00:00,0.0,32.0,213.8,NOT CHARGING,14.809674166699999,0.0
2020-02-19T23:14:12+00:00,0.0,32.0,213.8,NOT CHARGING,14.809674166699999,0.0
2020-02-19T23:14:16+00:00,0.0,32.0,213.8,NOT CHARGING,14.809674166699999,0.0
2020-02-19T23:14:20+00:00,0.0,32.0,213.7,NOT CHARGING,14.809674166699999,0.0
2020-02-19T23:14:24+00:00,0.0,32.0,213.8,NOT CHARGING,14.809674166699999,0.0
2020-02-19T23:14:28+00:00,0.0,32.0,213.6,NOT CHARGING,14.809674166699999,0.0
2020-02-19T23:14:32+00:00,0.0,32.0,213.8,NOT CHARGING,14.809674166699999,0.0
2020-02-19T23:14:36+00:00,0.0,32.0,213.8,NOT CHARGING,14.809674166699999,0.0
2020-02-19T23:14:40+00:00,0.0,32.0,213.8,NOT CHARGING,14.809674166699999,0.0
2020-02-19T23:14:43+00:00,0.0,32.0,213.8,NOT CHARGING,14.809674166699999,0.0
2020-02-19T23:14:47+00:00,0.0,32.0,213.8,NOT CHARGING,14.809674166699999,0.0
2020-02-19T23:14:51+00:00,0.0,32.0,213.8,NOT CHARGING,14.809674166699999,0.0
2020-02-19T23:14:55+00:00,0.0,32.0,213.7,NOT CHARGING,14.809674166699999,0.0
2020-02-19T23:14:59+00:00,0.0,32.0,213.8,NOT CHARGING,14.809674166699999,0.0
2020-02-19T23:15:03+00:00,0.0,32.0,213.7,NOT CHARGING,14.809674166699999,0.0
2020-02-19T23:15:07+00:00,0.0,32.0,213.7,NOT CHARGING,14.809674166699999,0.0
2020-02-19T23:15:11+00:00,0.0,32.0,213.6,NOT CHARGING,14.809674166699999,0.0
2020-02-19T23:15:15+00:00,0.0,32.0,213.7,NOT CHARGING,14.809674166699999,0.0
2020-02-19T23:15:19+00:00,0.0,32.0,213.7,NOT CHARGING,14.809674166699999,0.0
2020-02-19T23:15:23+00:00,0.0,32.0,213.7,NOT CHARGING,14.809674166699999,0.0
2020-02-19T23:15:27+00:00,0.0,32.0,213.7,NOT CHARGING,14.809674166699999,0.0
2020-02-19T23:15:31+00:00,0.0,32.0,213.7,NOT CHARGING,14.809674166699999,0.0
2020-02-19T23:15:35+00:00,0.0,32.0,213.6,NOT CHARGING,14.809674166699999,0.0
2020-02-19T23:15:39+00:00,0.0,32.0,213.7,NOT CHARGING,14.809674166699999,0.0
2020-02-19T23:15:43+00:00,0.0,32.0,213.8,NOT CHARGING,14.809674166699999,0.0
2020-02-19T23:15:47+00:00,0.0,32.0,213.8,NOT CHARGING,14.809674166699999,0.0
2020-02-19T23:15:50+00:00,0.0,32.0,213.7,NOT CHARGING,14.809674166699999,0.0
2020-02-19T23:15:54+00:00,0.0,32.0,213.8,NOT CHARGING,14.809674166699999,0.0
2020-02-19T23:15:58+00:00,0.0,32.0,213.8,NOT CHARGING,14.809674166699999,0.0
2020-02-19T23:16:02+00:00,0.0,32.0,213.8,NOT CHARGING,14.809674166699999,0.0
2020-02-19T23:16:06+00:00,0.0,32.0,213.8,NOT CHARGING,14.809674166699999,0.0
2020-02-19T23:16:10+00:00,0.0,32.0,213.8,NOT CHARGING,14.809674166699999,0.0
2020-02-19T23:16:14+00:00,0.0,32.0,213.9,NOT CHARGING,14.809674166699999,0.0
2020-02-19T23:16:18+00:00,0.0,32.0,213.9,NOT CHARGING,14.809674166699999,0.0
2020-02-19T23:16:22+00:00,0.0,32.0,214.0,NOT CHARGING,14.809674166699999,0.0
2020-02-19T23:16:26+00:00,0.0,32.0,214.0,NOT CHARGING,14.809674166699999,0.0
2020-02-19T23:16:30+00:00,0.0,32.0,214.1,NOT CHARGING,14.809674166699999,0.0
2020-02-19T23:16:34+00:00,0.0,32.0,214.0,NOT CHARGING,14.809674166699999,0.0
2020-02-19T23:16:38+00:00,0.0,32.0,213.9,NOT CHARGING,14.809674166699999,0.0
2020-02-19T23:16:42+00:00,0.0,32.0,213.9,NOT CHARGING,14.809674166699999,0.0
2020-02-19T23:16:46+00:00,0.0,32.0,214.0,NOT CHARGING,14.809674166699999,0.0
2020-02-19T23:16:50+00:00,0.0,32.0,214.0,NOT CHARGING,14.809674166699999,0.0
2020-02-19T23:16:54+00:00,0.0,32.0,214.0,NOT CHARGING,14.809674166699999,0.0
2020-02-19T23:16:58+00:00,0.0,32.0,214.0,NOT CHARGING,14.809674166699999,0.0
2020-02-19T23:17:01+00:00,0.0,32.0,213.8,NOT CHARGING,14.809674166699999,0.0
2020-02-19T23:17:05+00:00,0.0,32.0,213.9,NOT CHARGING,14.809674166699999,0.0
2020-02-19T23:17:09+00:00,0.0,32.0,213.9,NOT CHARGING,14.809674166699999,0.0
2020-02-19T23:17:13+00:00,0.0,32.0,213.9,NOT CHARGING,14.809674166699999,0.0
2020-02-19T23:17:17+00:00,0.0,32.0,213.8,NOT CHARGING,14.809674166699999,0.0
2020-02-19T23:17:21+00:00,0.0,32.0,214.0,NOT CHARGING,14.809674166699999,0.0
2020-02-19T23:17:25+00:00,0.0,32.0,214.0,NOT CHARGING,14.809674166699999,0.0
2020-02-19T23:17:29+00:00,0.0,32.0,213.9,NOT CHARGING,14.809674166699999,0.0
2020-02-19T23:17:33+00:00,0.0,32.0,214.0,NOT CHARGING,14.809674166699999,0.0
2020-02-19T23:17:37+00:00,0.0,32.0,213.9,NOT CHARGING,14.809674166699999,0.0
2020-02-19T23:17:41+00:00,0.0,32.0,214.0,NOT CHARGING,14.809674166699999,0.0
2020-02-19T23:17:45+00:00,0.0,32.0,214.1,NOT CHARGING,14.809674166699999,0.0
2020-02-19T23:17:49+00:00,0.0,32.0,214.2,NOT CHARGING,14.809674166699999,0.0
2020-02-19T23:17:53+00:00,0.0,32.0,214.1,NOT CHARGING,14.809674166699999,0.0
2020-02-19T23:17:57+00:00,0.0,32.0,214.1,NOT CHARGING,14.809674166699999,0.0
2020-02-19T23:18:01+00:00,0.0,32.0,214.1,NOT CHARGING,14.809674166699999,0.0
2020-02-19T23:18:05+00:00,0.0,32.0,214.1,NOT CHARGING,14.809674166699999,0.0
2020-02-19T23:18:08+00:00,0.0,32.0,214.1,NOT CHARGING,14.809674166699999,0.0
2020-02-19T23:18:12+00:00,0.0,32.0,214.1,NOT CHARGING,14.809674166699999,0.0
2020-02-19T23:18:16+00:00,0.0,32.0,214.1,NOT CHARGING,14.809674166699999,0.0
2020-02-19T23:18:20+00:00,0.0,32.0,214.1,NOT CHARGING,14.809674166699999,0.0
2020-02-19T23:18:24+00:00,0.0,32.0,214.1,NOT CHARGING,14.809674166699999,0.0
2020-02-19T23:18:28+00:00,0.0,32.0,214.1,NOT CHARGING,14.809674166699999,0.0
2020-02-19T23:18:32+00:00,0.0,32.0,214.1,NOT CHARGING,14.809674166699999,0.0
2020-02-19T23:18:36+00:00,0.0,32.0,214.1,NOT CHARGING,14.809674166699999,0.0
2020-02-19T23:18:40+00:00,0.0,32.0,214.1,NOT CHARGING,14.809674166699999,0.0
2020-02-19T23:18:44+00:00,0.0,32.0,213.9,NOT CHARGING,14.809674166699999,0.0
2020-02-19T23:18:48+00:00,0.0,32.0,214.0,NOT CHARGING,14.809674166699999,0.0
2020-02-19T23:18:52+00:00,0.0,32.0,214.1,NOT CHARGING,14.809674166699999,0.0
2020-02-19T23:18:56+00:00,0.0,32.0,214.0,NOT CHARGING,14.809674166699999,0.0
2020-02-19T23:19:00+00:00,0.0,32.0,214.1,NOT CHARGING,14.809674166699999,0.0
2020-02-19T23:19:04+00:00,0.0,32.0,214.1,NOT CHARGING,14.809674166699999,0.0
2020-02-19T23:19:08+00:00,0.0,32.0,214.0,NOT CHARGING,14.809674166699999,0.0
2020-02-19T23:19:12+00:00,0.0,32.0,214.1,NOT CHARGING,14.809674166699999,0.0
2020-02-19T23:19:15+00:00,0.0,32.0,214.0,NOT CHARGING,14.809674166699999,0.0
2020-02-19T23:19:19+00:00,0.0,32.0,213.8,NOT CHARGING,14.809674166699999,0.0
2020-02-19T23:19:23+00:00,0.0,32.0,214.0,NOT CHARGING,14.809674166699999,0.0
2020-02-19T23:19:27+00:00,0.0,32.0,214.6,NOT CHARGING,14.809674166699999,0.0
2020-02-19T23:19:31+00:00,0.0,32.0,214.6,NOT CHARGING,14.809674166699999,0.0
2020-02-19T23:19:35+00:00,0.0,32.0,214.5,NOT CHARGING,14.809674166699999,0.0
2020-02-19T23:19:39+00:00,0.0,32.0,214.6,NOT CHARGING,14.809674166699999,0.0
2020-02-19T23:19:43+00:00,0.0,32.0,214.5,NOT CHARGING,14.809674166699999,0.0
2020-02-19T23:19:47+00:00,0.0,32.0,214.6,NOT CHARGING,14.809674166699999,0.0
2020-02-19T23:19:51+00:00,0.0,32.0,214.6,NOT CHARGING,14.809674166699999,0.0
2020-02-19T23:19:55+00:00,0.0,32.0,214.6,NOT CHARGING,14.809674166699999,0.0
2020-02-19T23:19:59+00:00,0.0,32.0,214.7,NOT CHARGING,14.809674166699999,0.0
2020-02-19T23:20:03+00:00,0.0,32.0,214.6,NOT CHARGING,14.809674166699999,0.0
2020-02-19T23:20:07+00:00,0.0,32.0,214.6,NOT CHARGING,14.809674166699999,0.0
2020-02-19T23:20:11+00:00,0.0,32.0,214.5,NOT CHARGING,14.809674166699999,0.0
2020-02-19T23:20:15+00:00,0.0,32.0,214.5,NOT CHARGING,14.809674166699999,0.0
2020-02-19T23:20:19+00:00,0.0,32.0,214.5,NOT CHARGING,14.809674166699999,0.0
2020-02-19T23:20:22+00:00,0.0,32.0,214.5,NOT CHARGING,14.809674166699999,0.0
2020-02-19T23:20:26+00:00,0.0,32.0,214.4,NOT CHARGING,14.809674166699999,0.0
2020-02-19T23:20:30+00:00,0.0,32.0,214.5,NOT CHARGING,14.809674166699999,0.0
2020-02-19T23:20:34+00:00,0.0,32.0,214.3,NOT CHARGING,14.809674166699999,0.0
2020-02-19T23:20:38+00:00,0.0,32.0,214.3,NOT CHARGING,14.809674166699999,0.0
2020-02-19T23:20:42+00:00,0.0,32.0,214.3,NOT CHARGING,14.809674166699999,0.0
2020-02-19T23:20:46+00:00,0.0,32.0,214.3,NOT CHARGING,14.809674166699999,0.0
2020-02-19T23:20:50+00:00,0.0,32.0,214.3,NOT CHARGING,14.809674166699999,0.0
2020-02-19T23:20:54+00:00,0.0,32.0,214.2,NOT CHARGING,14.809674166699999,0.0
2020-02-19T23:20:58+00:00,0.0,32.0,214.3,NOT CHARGING,14.809674166699999,0.0
2020-02-19T23:21:02+00:00,0.0,32.0,214.3,NOT CHARGING,14.809674166699999,0.0
2020-02-19T23:21:06+00:00,0.0,32.0,214.3,NOT CHARGING,14.809674166699999,0.0
2020-02-19T23:21:10+00:00,0.0,32.0,214.4,NOT CHARGING,14.809674166699999,0.0
2020-02-19T23:21:14+00:00,0.0,32.0,214.3,NOT CHARGING,14.809674166699999,0.0
2020-02-19T23:21:18+00:00,0.0,32.0,214.3,NOT CHARGING,14.809674166699999,0.0
2020-02-19T23:21:22+00:00,0.0,32.0,214.3,NOT CHARGING,14.809674166699999,0.0
2020-02-19T23:21:25+00:00,0.0,32.0,214.3,NOT CHARGING,14.809674166699999,0.0
2020-02-19T23:21:29+00:00,0.0,32.0,214.2,NOT CHARGING,14.809674166699999,0.0
2020-02-19T23:21:33+00:00,0.0,32.0,214.3,NOT CHARGING,14.809674166699999,0.0
2020-02-19T23:21:37+00:00,0.0,32.0,214.2,NOT CHARGING,14.809674166699999,0.0
2020-02-19T23:21:41+00:00,0.0,32.0,214.3,NOT CHARGING,14.809674166699999,0.0
2020-02-19T23:21:45+00:00,0.0,32.0,214.3,NOT CHARGING,14.809674166699999,0.0
2020-02-19T23:21:49+00:00,0.0,32.0,214.3,NOT CHARGING,14.809674166699999,0.0
2020-02-19T23:21:53+00:00,0.0,32.0,214.3,NOT CHARGING,14.809674166699999,0.0
2020-02-19T23:21:57+00:00,0.0,32.0,214.2,NOT CHARGING,14.809674166699999,0.0
2020-02-19T23:22:01+00:00,0.0,32.0,214.2,NOT CHARGING,14.809674166699999,0.0
2020-02-19T23:22:05+00:00,0.0,32.0,214.2,NOT CHARGING,14.809674166699999,0.0
2020-02-19T23:22:09+00:00,0.0,32.0,214.3,NOT CHARGING,14.809674166699999,0.0
2020-02-19T23:22:13+00:00,0.0,32.0,214.3,NOT CHARGING,14.809674166699999,0.0
2020-02-19T23:22:17+00:00,0.0,32.0,214.3,NOT CHARGING,14.809674166699999,0.0
2020-02-19T23:22:21+00:00,0.0,32.0,214.3,NOT CHARGING,14.809674166699999,0.0
2020-02-19T23:22:25+00:00,0.0,32.0,214.3,NOT CHARGING,14.809674166699999,0.0
2020-02-19T23:22:29+00:00,0.0,32.0,214.2,NOT CHARGING,14.809674166699999,0.0
2020-02-19T23:22:32+00:00,0.0,32.0,214.1,NOT CHARGING,14.809674166699999,0.0
2020-02-19T23:22:36+00:00,0.0,32.0,214.2,NOT CHARGING,14.809674166699999,0.0
2020-02-19T23:22:40+00:00,0.0,32.0,214.1,NOT CHARGING,14.809674166699999,0.0
2020-02-19T23:22:44+00:00,0.0,32.0,214.3,NOT CHARGING,14.809674166699999,0.0
2020-02-19T23:22:48+00:00,0.0,32.0,214.3,NOT CHARGING,14.809674166699999,0.0
2020-02-19T23:22:52+00:00,0.0,32.0,214.3,NOT CHARGING,14.809674166699999,0.0
2020-02-19T23:22:56+00:00,0.0,32.0,214.3,NOT CHARGING,14.809674166699999,0.0
2020-02-19T23:23:00+00:00,0.0,32.0,214.2,NOT CHARGING,14.809674166699999,0.0
2020-02-19T23:23:04+00:00,0.0,32.0,214.3,NOT CHARGING,14.809674166699999,0.0
2020-02-19T23:23:08+00:00,0.0,32.0,214.2,NOT CHARGING,14.809674166699999,0.0
2020-02-19T23:23:12+00:00,0.0,32.0,214.2,NOT CHARGING,14.809674166699999,0.0
2020-02-19T23:23:16+00:00,0.0,32.0,214.2,NOT CHARGING,14.809674166699999,0.0
2020-02-19T23:23:20+00:00,0.0,32.0,214.3,NOT CHARGING,14.809674166699999,0.0
2020-02-19T23:23:24+00:00,0.0,32.0,214.3,NOT CHARGING,14.809674166699999,0.0
2020-02-19T23:23:28+00:00,0.0,32.0,214.3,NOT CHARGING,14.809674166699999,0.0
2020-02-19T23:23:32+00:00,0.0,32.0,214.2,NOT CHARGING,14.809674166699999,0.0
2020-02-19T23:23:36+00:00,0.0,32.0,214.2,NOT CHARGING,14.809674166699999,0.0
2020-02-19T23:23:40+00:00,0.0,32.0,214.2,NOT CHARGING,14.809674166699999,0.0
2020-02-19T23:23:43+00:00,0.0,32.0,214.2,NOT CHARGING,14.809674166699999,0.0
2020-02-19T23:23:47+00:00,0.0,32.0,214.2,NOT CHARGING,14.809674166699999,0.0
2020-02-19T23:23:51+00:00,0.0,32.0,214.1,NOT CHARGING,14.809674166699999,0.0
2020-02-19T23:23:55+00:00,0.0,32.0,214.2,NOT CHARGING,14.809674166699999,0.0
2020-02-19T23:23:59+00:00,0.0,32.0,214.3,NOT CHARGING,14.809674166699999,0.0
2020-02-19T23:24:03+00:00,0.0,32.0,214.2,NOT CHARGING,14.809674166699999,0.0
2020-02-19T23:24:07+00:00,0.0,32.0,214.2,NOT CHARGING,14.809674166699999,0.0
2020-02-19T23:24:11+00:00,0.0,32.0,214.2,NOT CHARGING,14.809674166699999,0.0
2020-02-19T23:24:15+00:00,0.0,32.0,214.3,NOT CHARGING,14.809674166699999,0.0
2020-02-19T23:24:19+00:00,0.0,32.0,214.2,NOT CHARGING,14.809674166699999,0.0
2020-02-19T23:24:23+00:00,0.0,32.0,214.1,NOT CHARGING,14.809674166699999,0.0
2020-02-19T23:24:27+00:00,0.0,32.0,214.2,NOT CHARGING,14.809674166699999,0.0
2020-02-19T23:24:31+00:00,0.0,32.0,214.3,NOT CHARGING,14.809674166699999,0.0
2020-02-19T23:24:35+00:00,0.0,32.0,214.2,NOT CHARGING,14.809674166699999,0.0
2020-02-19T23:24:39+00:00,0.0,32.0,214.1,NOT CHARGING,14.809674166699999,0.0
2020-02-19T23:24:43+00:00,0.0,32.0,214.3,NOT CHARGING,14.809674166699999,0.0
2020-02-19T23:24:46+00:00,0.0,32.0,214.2,NOT CHARGING,14.809674166699999,0.0
2020-02-19T23:24:50+00:00,0.0,32.0,214.3,NOT CHARGING,14.809674166699999,0.0
2020-02-19T23:24:54+00:00,0.0,32.0,214.2,NOT CHARGING,14.809674166699999,0.0
2020-02-19T23:24:58+00:00,0.0,32.0,214.1,NOT CHARGING,14.809674166699999,0.0
2020-02-19T23:25:02+00:00,0.0,32.0,214.1,NOT CHARGING,14.809674166699999,0.0
2020-02-19T23:25:06+00:00,0.0,32.0,214.1,NOT CHARGING,14.809674166699999,0.0
2020-02-19T23:25:10+00:00,0.0,32.0,214.1,NOT CHARGING,14.809674166699999,0.0
2020-02-19T23:25:14+00:00,0.0,32.0,214.1,NOT CHARGING,14.809674166699999,0.0
2020-02-19T23:25:18+00:00,0.0,32.0,214.0,NOT CHARGING,14.809674166699999,0.0
2020-02-19T23:25:22+00:00,0.0,32.0,214.0,NOT CHARGING,14.809674166699999,0.0
2020-02-19T23:25:26+00:00,0.0,32.0,214.1,NOT CHARGING,14.809674166699999,0.0
2020-02-19T23:25:30+00:00,0.0,32.0,214.2,NOT CHARGING,14.809674166699999,0.0
2020-02-19T23:25:34+00:00,0.0,32.0,214.2,NOT CHARGING,14.809674166699999,0.0
2020-02-19T23:25:38+00:00,0.0,32.0,214.1,NOT CHARGING,14.809674166699999,0.0
2020-02-19T23:25:42+00:00,0.0,32.0,214.3,NOT CHARGING,14.809674166699999,0.0
2020-02-19T23:25:46+00:00,0.0,32.0,214.3,NOT CHARGING,14.809674166699999,0.0
2020-02-19T23:25:50+00:00,0.0,32.0,214.2,NOT CHARGING,14.809674166699999,0.0
2020-02-19T23:25:53+00:00,0.0,32.0,214.3,NOT CHARGING,14.809674166699999,0.0
2020-02-19T23:25:57+00:00,0.0,32.0,214.3,NOT CHARGING,14.809674166699999,0.0
2020-02-19T23:26:01+00:00,0.0,32.0,214.3,NOT CHARGING,14.809674166699999,0.0
2020-02-19T23:26:05+00:00,0.0,32.0,214.1,NOT CHARGING,14.809674166699999,0.0
2020-02-19T23:26:09+00:00,0.0,32.0,214.2,NOT CHARGING,14.809674166699999,0.0
2020-02-19T23:26:13+00:00,0.0,32.0,214.3,NOT CHARGING,14.809674166699999,0.0
2020-02-19T23:26:17+00:00,0.0,32.0,214.2,NOT CHARGING,14.809674166699999,0.0
2020-02-19T23:26:21+00:00,0.0,32.0,214.3,NOT CHARGING,14.809674166699999,0.0
2020-02-19T23:26:25+00:00,0.0,32.0,214.3,NOT CHARGING,14.809674166699999,0.0
2020-02-19T23:26:29+00:00,0.0,32.0,214.3,NOT CHARGING,14.809674166699999,0.0
2020-02-19T23:26:33+00:00,0.0,32.0,214.3,NOT CHARGING,14.809674166699999,0.0
2020-02-19T23:26:37+00:00,0.0,32.0,214.3,NOT CHARGING,14.809674166699999,0.0
2020-02-19T23:26:41+00:00,0.0,32.0,214.4,NOT CHARGING,14.809674166699999,0.0
2020-02-19T23:26:45+00:00,0.0,32.0,214.3,NOT CHARGING,14.809674166699999,0.0
2020-02-19T23:26:49+00:00,0.0,32.0,214.4,NOT CHARGING,14.809674166699999,0.0
2020-02-19T23:26:53+00:00,0.0,32.0,214.3,NOT CHARGING,14.809674166699999,0.0
2020-02-19T23:26:57+00:00,0.0,32.0,214.3,NOT CHARGING,14.809674166699999,0.0
2020-02-19T23:27:00+00:00,0.0,32.0,214.3,NOT CHARGING,14.809674166699999,0.0
2020-02-19T23:27:04+00:00,0.0,32.0,214.4,NOT CHARGING,14.809674166699999,0.0
2020-02-19T23:27:08+00:00,0.0,32.0,214.3,NOT CHARGING,14.809674166699999,0.0
2020-02-19T23:27:12+00:00,0.0,32.0,214.3,NOT CHARGING,14.809674166699999,0.0
2020-02-19T23:27:16+00:00,0.0,32.0,214.4,NOT CHARGING,14.809674166699999,0.0
2020-02-19T23:27:20+00:00,0.0,32.0,214.4,NOT CHARGING,14.809674166699999,0.0
2020-02-19T23:27:24+00:00,0.0,32.0,214.3,NOT CHARGING,14.809674166699999,0.0
2020-02-19T23:27:28+00:00,0.0,32.0,214.4,NOT CHARGING,14.809674166699999,0.0
2020-02-19T23:27:32+00:00,0.0,32.0,214.4,NOT CHARGING,14.809674166699999,0.0
2020-02-19T23:27:36+00:00,0.0,32.0,214.5,NOT CHARGING,14.809674166699999,0.0
2020-02-19T23:27:40+00:00,0.0,32.0,214.4,NOT CHARGING,14.809674166699999,0.0
2020-02-19T23:27:44+00:00,0.0,32.0,214.6,NOT CHARGING,14.809674166699999,0.0
2020-02-19T23:27:48+00:00,0.0,32.0,214.5,NOT CHARGING,14.809674166699999,0.0
2020-02-19T23:27:52+00:00,0.0,32.0,214.5,NOT CHARGING,14.809674166699999,0.0
2020-02-19T23:27:56+00:00,0.0,32.0,214.5,NOT CHARGING,14.809674166699999,0.0
2020-02-19T23:28:00+00:00,0.0,32.0,214.5,NOT CHARGING,14.809674166699999,0.0
2020-02-19T23:28:03+00:00,0.0,32.0,214.4,NOT CHARGING,14.809674166699999,0.0
2020-02-19T23:28:07+00:00,0.0,32.0,214.5,NOT CHARGING,14.809674166699999,0.0
2020-02-19T23:28:11+00:00,0.0,32.0,214.5,NOT CHARGING,14.809674166699999,0.0
2020-02-19T23:28:15+00:00,0.0,32.0,214.5,NOT CHARGING,14.809674166699999,0.0
2020-02-19T23:28:19+00:00,0.0,32.0,214.5,NOT CHARGING,14.809674166699999,0.0
2020-02-19T23:28:23+00:00,0.0,32.0,214.5,NOT CHARGING,14.809674166699999,0.0
2020-02-19T23:28:27+00:00,0.0,32.0,214.5,NOT CHARGING,14.809674166699999,0.0
2020-02-19T23:28:31+00:00,0.0,32.0,214.6,NOT CHARGING,14.809674166699999,0.0
2020-02-19T23:28:35+00:00,0.0,32.0,214.5,NOT CHARGING,14.809674166699999,0.0
2020-02-19T23:28:39+00:00,0.0,32.0,214.5,NOT CHARGING,14.809674166699999,0.0
2020-02-19T23:28:43+00:00,0.0,32.0,214.5,NOT CHARGING,14.809674166699999,0.0
2020-02-19T23:28:47+00:00,0.0,32.0,214.6,NOT CHARGING,14.809674166699999,0.0
2020-02-19T23:28:51+00:00,0.0,32.0,214.5,NOT CHARGING,14.809674166699999,0.0
2020-02-19T23:28:55+00:00,0.0,32.0,214.5,NOT CHARGING,14.809674166699999,0.0
2020-02-19T23:28:59+00:00,0.0,32.0,214.5,NOT CHARGING,14.809674166699999,0.0
2020-02-19T23:29:03+00:00,0.0,32.0,214.5,NOT CHARGING,14.809674166699999,0.0
2020-02-19T23:29:07+00:00,0.0,32.0,214.4,NOT CHARGING,14.809674166699999,0.0
2020-02-19T23:29:11+00:00,0.0,32.0,214.5,NOT CHARGING,14.809674166699999,0.0
2020-02-19T23:29:14+00:00,0.0,32.0,214.5,NOT CHARGING,14.809674166699999,0.0
2020-02-19T23:29:18+00:00,0.0,32.0,214.5,NOT CHARGING,14.809674166699999,0.0
2020-02-19T23:29:22+00:00,0.0,32.0,214.5,NOT CHARGING,14.809674166699999,0.0
2020-02-19T23:29:26+00:00,0.0,32.0,214.5,NOT CHARGING,14.809674166699999,0.0
2020-02-19T23:29:30+00:00,0.0,32.0,214.5,NOT CHARGING,14.809674166699999,0.0
2020-02-19T23:29:34+00:00,0.0,32.0,214.5,NOT CHARGING,14.809674166699999,0.0
2020-02-19T23:29:38+00:00,0.0,32.0,214.5,NOT CHARGING,14.809674166699999,0.0
2020-02-19T23:29:42+00:00,0.0,32.0,214.5,NOT CHARGING,14.809674166699999,0.0
2020-02-19T23:29:46+00:00,0.0,32.0,214.5,NOT CHARGING,14.809674166699999,0.0
2020-02-19T23:29:50+00:00,2.8,32.0,213.6,ADAPTIVE,14.8097269444,0.609
2020-02-19T23:29:54+00:00,2.0,32.0,213.6,ADAPTIVE,14.8101480556,0.421
2020-02-19T23:29:58+00:00,0.0,32.0,214.5,NOT CHARGING,14.8104675,0.0
2020-02-19T23:30:02+00:00,0.0,32.0,214.4,NOT CHARGING,14.8104675,0.0
2020-02-19T23:30:06+00:00,0.0,32.0,214.3,NOT CHARGING,14.8104675,0.0
2020-02-19T23:30:10+00:00,0.0,0.0,,UNPLUGGED,0.0,0.0
