,Charging Current (A),Actual Pilot (A),Voltage (V),Charging State,Energy Delivered (kWh),Power (kW)
2019-12-02T17:50:24+00:00,5.5,8.0,219.9,ADAPTIVE,0.000708333333333,1.218
2019-12-02T17:50:28+00:00,8.2,8.0,220.0,ADAPTIVE,0.00250277777778,1.8159999999999998
2019-12-02T17:50:32+00:00,8.3,8.0,219.7,ADAPTIVE,0.00450138888889,1.8379999999999999
2019-12-02T17:50:36+00:00,8.3,8.0,220.0,ADAPTIVE,0.00651083333333,1.8379999999999999
2019-12-02T17:50:40+00:00,8.3,8.0,219.9,ADAPTIVE,0.00851194444444,1.8299999999999998
2019-12-02T17:50:44+00:00,8.2,8.0,219.8,ADAPTIVE,0.010521111111099999,1.825
2019-12-02T17:50:48+00:00,8.5,32.0,219.7,ADAPTIVE,0.012526111111099998,1.8719999999999999
2019-12-02T17:50:52+00:00,13.7,32.0,219.2,ADAPTIVE,0.015248333333299998,3.028
2019-12-02T17:50:56+00:00,15.8,32.0,219.2,ADAPTIVE,0.018948611111099998,3.497
2019-12-02T17:51:00+00:00,15.9,32.0,219.0,ADAPTIVE,0.022788611111099998,3.514
2019-12-02T17:51:04+00:00,15.9,32.0,218.8,ADAPTIVE,0.0266130555556,3.501
2019-12-02T17:51:08+00:00,15.9,32.0,218.8,ADAPTIVE,0.03044,3.521
2019-12-02T17:51:12+00:00,15.9,32.0,218.3,ADAPTIVE,0.0342825,3.512
2019-12-02T17:51:15+00:00,15.9,32.0,219.0,ADAPTIVE,0.0381044444444,3.513
2019-12-02T17:51:20+00:00,15.8,32.0,218.9,ADAPTIVE,0.04193083333329999,3.501
2019-12-02T17:51:24+00:00,15.9,32.0,219.0,ADAPTIVE,0.0457741666667,3.516
2019-12-02T17:51:28+00:00,15.9,32.0,219.1,ADAPTIVE,0.0496013888889,3.51
2019-12-02T17:51:32+00:00,15.9,32.0,218.9,ADAPTIVE,0.05342694444439999,3.516
2019-12-02T17:51:36+00:00,15.9,32.0,219.6,ADAPTIVE,0.0572752777778,3.5269999999999997
2019-12-02T17:51:39+00:00,15.9,32.0,219.3,ADAPTIVE,0.06111,3.52
2019-12-02T17:51:44+00:00,15.9,32.0,219.1,ADAPTIVE,0.0649580555556,3.5189999999999997
2019-12-02T17:51:48+00:00,15.9,32.0,219.0,ADAPTIVE,0.0687825,3.514
2019-12-02T17:51:51+00:00,16.0,32.0,219.0,ADAPTIVE,0.07262249999999999,3.536
2019-12-02T17:51:55+00:00,15.9,32.0,218.8,ADAPTIVE,0.07644888888889999,3.512
2019-12-02T17:51:59+00:00,16.0,32.0,219.2,ADAPTIVE,0.0802911111111,3.53
2019-12-02T17:52:03+00:00,16.0,32.0,219.5,ADAPTIVE,0.0841202777778,3.533
2019-12-02T17:52:07+00:00,15.9,32.0,219.0,ADAPTIVE,0.0879511111111,3.5109999999999997
2019-12-02T17:52:11+00:00,15.9,32.0,219.1,ADAPTIVE,0.0917980555556,3.509
2019-12-02T17:52:15+00:00,16.0,32.0,219.2,ADAPTIVE,0.0956286111111,3.525
2019-12-02T17:52:19+00:00,15.9,32.0,219.4,ADAPTIVE,0.09945999999999999,3.521
2019-12-02T17:52:22+00:00,15.9,32.0,219.4,ADAPTIVE,0.103310833333,3.506
2019-12-02T17:52:26+00:00,16.0,32.0,219.4,ADAPTIVE,0.107128611111,3.5349999999999997
2019-12-02T17:52:31+00:00,16.0,32.0,219.3,ADAPTIVE,0.110977777778,3.528
2019-12-02T17:52:34+00:00,15.9,32.0,219.3,ADAPTIVE,0.11480972222199999,3.522
2019-12-02T17:52:38+00:00,15.9,32.0,219.3,ADAPTIVE,0.118641111111,3.5229999999999997
2019-12-02T17:52:43+00:00,15.9,32.0,219.1,ADAPTIVE,0.122488055556,3.517
2019-12-02T17:52:47+00:00,15.9,32.0,219.1,ADAPTIVE,0.12632,3.52
2019-12-02T17:52:50+00:00,15.9,32.0,219.2,ADAPTIVE,0.130151388889,3.524
2019-12-02T17:52:56+00:00,15.9,32.0,219.4,ADAPTIVE,0.134000555556,3.524
2019-12-02T17:52:58+00:00,15.9,32.0,219.3,ADAPTIVE,0.137834722222,3.516
2019-12-02T17:53:02+00:00,15.9,32.0,219.3,ADAPTIVE,0.141683611111,3.516
2019-12-02T17:53:06+00:00,15.9,32.0,219.4,ADAPTIVE,0.145518888889,3.5069999999999997
2019-12-02T17:53:10+00:00,15.9,32.0,219.3,ADAPTIVE,0.149353611111,3.513
2019-12-02T17:53:14+00:00,15.9,32.0,219.5,ADAPTIVE,0.15320277777799998,3.516
2019-12-02T17:53:18+00:00,15.9,32.0,219.3,ADAPTIVE,0.157037777778,3.518
2019-12-02T17:53:22+00:00,15.9,32.0,219.5,ADAPTIVE,0.16088611111099999,3.512
2019-12-02T17:53:26+00:00,15.9,32.0,219.3,ADAPTIVE,0.16472027777799997,3.522
2019-12-02T17:53:30+00:00,15.9,32.0,219.4,ADAPTIVE,0.1685725,3.5309999999999997
2019-12-02T17:53:33+00:00,15.9,32.0,219.4,ADAPTIVE,0.172405277778,3.522
2019-12-02T17:53:37+00:00,16.0,32.0,219.3,ADAPTIVE,0.176238611111,3.5309999999999997
2019-12-02T17:53:42+00:00,15.9,32.0,218.3,ADAPTIVE,0.180083611111,3.513
2019-12-02T17:53:46+00:00,15.9,32.0,218.3,ADAPTIVE,0.18389583333299997,3.5
2019-12-02T17:53:50+00:00,15.9,32.0,218.4,ADAPTIVE,0.187728611111,3.493
2019-12-02T17:53:54+00:00,15.9,32.0,218.5,ADAPTIVE,0.191548055556,3.497
2019-12-02T17:53:57+00:00,16.0,32.0,219.1,ADAPTIVE,0.19538,3.529
2019-12-02T17:54:01+00:00,15.9,32.0,219.2,ADAPTIVE,0.199231111111,3.516
2019-12-02T17:54:05+00:00,15.9,32.0,219.4,ADAPTIVE,0.203065277778,3.528
2019-12-02T17:54:09+00:00,15.9,32.0,219.0,ADAPTIVE,0.20691583333299998,3.516
2019-12-02T17:54:13+00:00,15.9,32.0,219.4,ADAPTIVE,0.210750555556,3.516
2019-12-02T17:54:17+00:00,15.9,32.0,219.7,ADAPTIVE,0.214600555556,3.506
2019-12-02T17:54:21+00:00,15.9,32.0,219.1,ADAPTIVE,0.218432777778,3.522
2019-12-02T17:54:25+00:00,15.9,32.0,219.3,ADAPTIVE,0.222279166667,3.518
2019-12-02T17:54:29+00:00,15.8,32.0,219.1,ADAPTIVE,0.226110555556,3.501
2019-12-02T17:54:33+00:00,16.0,32.0,219.4,ADAPTIVE,0.22994277777799998,3.532
2019-12-02T17:54:37+00:00,15.9,32.0,219.3,ADAPTIVE,0.2337925,3.514
2019-12-02T17:54:41+00:00,15.9,32.0,219.4,ADAPTIVE,0.237626111111,3.522
2019-12-02T17:54:45+00:00,16.3,32.0,214.2,ADAPTIVE,0.241479444444,3.521
2019-12-02T17:54:48+00:00,15.9,32.0,218.2,ADAPTIVE,0.24529805555599998,3.504
2019-12-02T17:54:52+00:00,15.9,32.0,218.4,ADAPTIVE,0.249133611111,3.514
2019-12-02T17:54:56+00:00,15.9,32.0,218.4,ADAPTIVE,0.25295277777799996,3.5
2019-12-02T17:55:00+00:00,15.9,32.0,218.3,ADAPTIVE,0.256783055556,3.501
2019-12-02T17:55:04+00:00,16.0,32.0,218.4,ADAPTIVE,0.26060277777799995,3.516
2019-12-02T17:55:09+00:00,15.9,32.0,219.1,ADAPTIVE,0.26444666666699995,3.521
2019-12-02T17:55:12+00:00,15.9,32.0,219.2,ADAPTIVE,0.268281944444,3.516
2019-12-02T17:55:16+00:00,15.9,32.0,219.6,ADAPTIVE,0.27211638888899997,3.533
2019-12-02T17:55:20+00:00,16.0,32.0,219.4,ADAPTIVE,0.27597138888899997,3.544
2019-12-02T17:55:24+00:00,15.8,32.0,219.4,ADAPTIVE,0.279808333333,3.5069999999999997
2019-12-02T17:55:28+00:00,15.9,32.0,219.3,ADAPTIVE,0.283661388889,3.525
2019-12-02T17:55:32+00:00,15.9,32.0,219.4,ADAPTIVE,0.287499444444,3.52
2019-12-02T17:55:36+00:00,15.9,32.0,219.4,ADAPTIVE,0.291337222222,3.518
2019-12-02T17:55:40+00:00,15.9,32.0,219.5,ADAPTIVE,0.295189722222,3.529
2019-12-02T17:55:44+00:00,15.9,32.0,219.6,ADAPTIVE,0.299025,3.525
2019-12-02T17:55:48+00:00,15.9,32.0,219.2,ADAPTIVE,0.302876944444,3.5069999999999997
2019-12-02T17:55:51+00:00,16.0,32.0,219.5,ADAPTIVE,0.306712777778,3.5349999999999997
2019-12-02T17:55:55+00:00,15.9,32.0,219.5,ADAPTIVE,0.310564722222,3.524
2019-12-02T17:56:00+00:00,15.9,32.0,219.5,ADAPTIVE,0.314402222222,3.5269999999999997
2019-12-02T17:56:05+00:00,16.0,32.0,219.3,ADAPTIVE,0.318255833333,3.532
2019-12-02T17:56:07+00:00,16.0,32.0,219.5,ADAPTIVE,0.322093055556,3.5349999999999997
2019-12-02T17:56:11+00:00,15.8,32.0,219.4,ADAPTIVE,0.325945277778,3.4989999999999997
2019-12-02T17:56:15+00:00,15.9,32.0,219.2,ADAPTIVE,0.329781666667,3.518
2019-12-02T17:56:19+00:00,15.9,32.0,219.5,ADAPTIVE,0.333633333333,3.509
2019-12-02T17:56:23+00:00,15.9,32.0,219.4,ADAPTIVE,0.33746916666699994,3.521
2019-12-02T17:56:27+00:00,16.0,32.0,218.3,ADAPTIVE,0.34129805555599996,3.518
2019-12-02T17:56:31+00:00,15.9,32.0,218.3,ADAPTIVE,0.345133888889,3.4939999999999998
2019-12-02T17:56:35+00:00,16.0,32.0,218.2,ADAPTIVE,0.34895138888899996,3.5149999999999997
2019-12-02T17:56:39+00:00,16.0,32.0,218.3,ADAPTIVE,0.352788333333,3.52
2019-12-02T17:56:43+00:00,15.9,32.0,218.5,ADAPTIVE,0.35661055555599996,3.5
2019-12-02T17:56:47+00:00,15.9,32.0,219.2,ADAPTIVE,0.360454722222,3.509
2019-12-02T17:56:51+00:00,15.9,32.0,219.3,ADAPTIVE,0.364293888889,3.5189999999999997
2019-12-02T17:56:56+00:00,15.9,32.0,219.4,ADAPTIVE,0.368149444444,3.528
2019-12-02T17:56:58+00:00,15.9,32.0,219.5,ADAPTIVE,0.371989722222,3.534
2019-12-02T17:57:02+00:00,15.9,32.0,219.8,ADAPTIVE,0.375845,3.52
2019-12-02T17:57:06+00:00,15.9,32.0,219.7,ADAPTIVE,0.37968694444400003,3.5349999999999997
2019-12-02T17:57:10+00:00,15.9,32.0,219.5,ADAPTIVE,0.38355,3.5269999999999997
2019-12-02T17:57:14+00:00,15.9,32.0,219.5,ADAPTIVE,0.38739305555599995,3.534
2019-12-02T17:57:18+00:00,15.8,32.0,219.4,ADAPTIVE,0.3912325,3.502
2019-12-02T17:57:22+00:00,16.0,32.0,219.3,ADAPTIVE,0.395088333333,3.536
2019-12-02T17:57:26+00:00,16.0,32.0,219.8,ADAPTIVE,0.398930277778,3.538
2019-12-02T17:57:30+00:00,16.0,32.0,219.7,ADAPTIVE,0.402789166667,3.53
2019-12-02T17:57:34+00:00,16.0,32.0,219.2,ADAPTIVE,0.40663277777799994,3.532
2019-12-02T17:57:38+00:00,15.9,32.0,219.6,ADAPTIVE,0.410491666667,3.532
2019-12-02T17:57:42+00:00,15.9,32.0,219.6,ADAPTIVE,0.41433388888899997,3.528
2019-12-02T17:57:46+00:00,15.9,32.0,219.4,ADAPTIVE,0.41817499999999996,3.53
2019-12-02T17:57:50+00:00,15.9,32.0,219.5,ADAPTIVE,0.42203305555599996,3.5229999999999997
2019-12-02T17:57:54+00:00,16.0,32.0,219.6,ADAPTIVE,0.42587805555599995,3.54
2019-12-02T17:57:59+00:00,16.0,32.0,219.5,ADAPTIVE,0.429738333333,3.538
2019-12-02T17:58:02+00:00,16.0,32.0,219.5,ADAPTIVE,0.433578611111,3.541
2019-12-02T17:58:05+00:00,16.0,32.0,219.0,ADAPTIVE,0.43743527777799995,3.533
2019-12-02T17:58:10+00:00,15.9,32.0,218.9,ADAPTIVE,0.441266111111,3.51
2019-12-02T17:58:13+00:00,16.0,32.0,220.4,ADAPTIVE,0.44511972222199997,3.5509999999999997
2019-12-02T17:58:17+00:00,15.9,32.0,220.7,ADAPTIVE,0.44898166666699996,3.538
2019-12-02T17:58:21+00:00,16.0,32.0,220.7,ADAPTIVE,0.45286166666699995,3.558
2019-12-02T17:58:25+00:00,16.0,32.0,221.2,ADAPTIVE,0.45673027777799996,3.573
2019-12-02T17:58:29+00:00,16.0,32.0,221.2,ADAPTIVE,0.460619166667,3.57
2019-12-02T17:58:33+00:00,15.9,32.0,221.0,ADAPTIVE,0.46448999999999996,3.541
2019-12-02T17:58:37+00:00,16.0,32.0,220.9,ADAPTIVE,0.4683575,3.5549999999999997
2019-12-02T17:58:41+00:00,15.9,32.0,221.1,ADAPTIVE,0.472240833333,3.549
2019-12-02T17:58:45+00:00,15.9,32.0,221.3,ADAPTIVE,0.476108611111,3.548
2019-12-02T17:58:49+00:00,16.0,32.0,221.2,ADAPTIVE,0.479996944444,3.562
2019-12-02T17:58:53+00:00,15.9,32.0,220.8,ADAPTIVE,0.483865277778,3.54
2019-12-02T17:58:57+00:00,15.9,32.0,220.6,ADAPTIVE,0.48772861111099997,3.545
2019-12-02T17:59:01+00:00,16.0,32.0,220.9,ADAPTIVE,0.491611111111,3.5549999999999997
2019-12-02T17:59:05+00:00,16.0,8.0,221.2,ADAPTIVE,0.49548138888899995,3.568
2019-12-02T17:59:09+00:00,12.1,32.0,221.2,ADAPTIVE,0.498171388889,2.713
2019-12-02T17:59:12+00:00,15.8,32.0,221.1,ADAPTIVE,0.501680277778,3.528
2019-12-02T17:59:16+00:00,16.0,32.0,221.3,ADAPTIVE,0.505566944444,3.5669999999999997
2019-12-02T17:59:21+00:00,16.0,32.0,221.2,ADAPTIVE,0.509439166667,3.557
2019-12-02T17:59:25+00:00,16.0,32.0,221.2,ADAPTIVE,0.5133274999999999,3.5589999999999997
2019-12-02T17:59:28+00:00,16.0,32.0,220.9,ADAPTIVE,0.517200833333,3.5629999999999997
2019-12-02T17:59:32+00:00,16.0,31.0,221.2,ADAPTIVE,0.521089166667,3.558
2019-12-02T17:59:39+00:00,16.0,31.0,220.8,ADAPTIVE,0.524956388889,3.5759999999999996
2019-12-02T17:59:42+00:00,16.0,18.0,220.8,ADAPTIVE,0.5288427777779999,3.56
2019-12-02T17:59:45+00:00,15.9,18.0,220.3,ADAPTIVE,0.5327086111109999,3.542
2019-12-02T17:59:49+00:00,15.9,18.0,219.5,ADAPTIVE,0.536568611111,3.513
2019-12-02T17:59:52+00:00,16.0,18.0,219.3,ADAPTIVE,0.540409166667,3.5309999999999997
2019-12-02T17:59:56+00:00,15.9,18.0,219.4,ADAPTIVE,0.544250277778,3.517
2019-12-02T18:00:01+00:00,16.0,18.0,219.9,ADAPTIVE,0.5481102777779999,3.536
2019-12-02T18:00:04+00:00,16.0,18.0,219.8,ADAPTIVE,0.551956388889,3.545
2019-12-02T18:00:08+00:00,16.0,18.0,220.6,ADAPTIVE,0.555827777778,3.557
2019-12-02T18:00:12+00:00,16.0,18.0,221.0,ADAPTIVE,0.5596911111109999,3.5549999999999997
2019-12-02T18:00:16+00:00,16.0,18.0,220.7,ADAPTIVE,0.563555,3.55
2019-12-02T18:00:19+00:00,16.0,18.0,221.0,ADAPTIVE,0.567434166667,3.556
2019-12-02T18:00:24+00:00,16.0,18.0,220.7,ADAPTIVE,0.571297777778,3.553
2019-12-02T18:00:29+00:00,15.9,18.0,220.5,ADAPTIVE,0.5751775,3.552
2019-12-02T18:00:31+00:00,16.0,18.0,220.6,ADAPTIVE,0.579039722222,3.553
2019-12-02T18:00:35+00:00,15.9,18.0,220.7,ADAPTIVE,0.582916111111,3.5389999999999997
2019-12-02T18:00:39+00:00,15.9,18.0,220.6,ADAPTIVE,0.5867783333329999,3.542
2019-12-02T18:00:43+00:00,15.9,18.0,220.8,ADAPTIVE,0.5906563888890001,3.5309999999999997
2019-12-02T18:00:47+00:00,15.9,18.0,220.9,ADAPTIVE,0.5945211111109999,3.533
2019-12-02T18:00:51+00:00,15.9,18.0,220.6,ADAPTIVE,0.5984013888890001,3.546
2019-12-02T18:00:55+00:00,15.9,18.0,220.4,ADAPTIVE,0.6022655555559999,3.548
2019-12-02T18:00:59+00:00,15.9,18.0,220.4,ADAPTIVE,0.606129722222,3.537
2019-12-02T18:01:04+00:00,16.0,18.0,220.4,ADAPTIVE,0.610009166667,3.554
2019-12-02T18:01:07+00:00,16.0,18.0,220.6,ADAPTIVE,0.613874722222,3.549
2019-12-02T18:01:11+00:00,15.9,18.0,220.2,ADAPTIVE,0.6177555555559999,3.54
2019-12-02T18:01:15+00:00,16.0,18.0,219.4,ADAPTIVE,0.621608055556,3.542
2019-12-02T18:01:19+00:00,15.9,18.0,219.3,ADAPTIVE,0.625471666667,3.521
2019-12-02T18:01:23+00:00,15.9,18.0,219.6,ADAPTIVE,0.629318055556,3.524
2019-12-02T18:01:27+00:00,15.9,18.0,219.5,ADAPTIVE,0.633166111111,3.524
2019-12-02T18:01:30+00:00,16.0,18.0,220.0,ADAPTIVE,0.637035277778,3.5429999999999997
2019-12-02T18:01:34+00:00,16.0,18.0,221.1,ADAPTIVE,0.640894444444,3.5629999999999997
2019-12-02T18:01:38+00:00,16.0,18.0,221.0,ADAPTIVE,0.644780277778,3.5589999999999997
2019-12-02T18:01:42+00:00,15.9,18.0,221.0,ADAPTIVE,0.648648333333,3.5429999999999997
2019-12-02T18:01:46+00:00,15.9,18.0,220.6,ADAPTIVE,0.652533611111,3.545
2019-12-02T18:01:50+00:00,15.9,18.0,220.7,ADAPTIVE,0.656401111111,3.5389999999999997
2019-12-02T18:01:54+00:00,15.9,18.0,220.7,ADAPTIVE,0.660284722222,3.545
2019-12-02T18:01:58+00:00,16.0,18.0,220.8,ADAPTIVE,0.6641536111109999,3.56
2019-12-02T18:02:02+00:00,16.0,18.0,220.8,ADAPTIVE,0.668040555556,3.565
2019-12-02T18:02:06+00:00,15.9,18.0,220.7,ADAPTIVE,0.671909166667,3.541
2019-12-02T18:02:10+00:00,15.9,18.0,220.6,ADAPTIVE,0.675779166667,3.546
2019-12-02T18:02:14+00:00,15.9,18.0,220.9,ADAPTIVE,0.6796658333329999,3.553
2019-12-02T18:02:30+00:00,15.9,18.0,220.8,ADAPTIVE,0.691294166667,3.54
2019-12-02T18:02:31+00:00,16.0,18.0,221.0,ADAPTIVE,0.6951649999999999,3.565
2019-12-02T18:02:34+00:00,15.9,18.0,221.0,ADAPTIVE,0.699050277778,3.552
2019-12-02T18:02:38+00:00,15.9,18.0,220.7,ADAPTIVE,0.7029211111109999,3.554
2019-12-02T18:02:49+00:00,16.0,18.0,220.6,ADAPTIVE,0.7106736111109999,3.5509999999999997
2019-12-02T18:02:50+00:00,15.9,18.0,220.2,ADAPTIVE,0.7145361111109999,3.533
2019-12-02T18:02:53+00:00,15.9,18.0,220.6,ADAPTIVE,0.7184155555559999,3.536
2019-12-02T18:02:59+00:00,15.9,18.0,220.7,ADAPTIVE,0.7222794444439999,3.542
2019-12-02T18:03:02+00:00,16.0,18.0,221.0,ADAPTIVE,0.7261630555559999,3.5669999999999997
2019-12-02T18:03:05+00:00,16.0,18.0,221.9,ADAPTIVE,0.730044722222,3.5669999999999997
2019-12-02T18:03:09+00:00,15.9,18.0,221.3,ADAPTIVE,0.7339436111109999,3.541
2019-12-02T18:03:13+00:00,16.0,18.0,219.6,ADAPTIVE,0.7378277777779999,3.5589999999999997
2019-12-02T18:03:17+00:00,16.0,20.0,220.2,ADAPTIVE,0.741709444444,3.554
2019-12-02T18:03:27+00:00,15.9,20.0,219.4,ADAPTIVE,0.749424444444,3.526
2019-12-02T18:03:29+00:00,15.9,20.0,219.9,ADAPTIVE,0.753274166667,3.545
2019-12-02T18:03:33+00:00,15.9,20.0,220.0,ADAPTIVE,0.757144444444,3.538
2019-12-02T18:03:38+00:00,15.9,20.0,220.8,ADAPTIVE,0.761005277778,3.54
2019-12-02T18:03:40+00:00,15.9,20.0,221.0,ADAPTIVE,0.764876944444,3.545
2019-12-02T18:03:44+00:00,16.0,20.0,221.0,ADAPTIVE,0.7687705555559999,3.5629999999999997
2019-12-02T18:03:50+00:00,16.0,20.0,221.0,ADAPTIVE,0.772648888889,3.557
2019-12-02T18:03:52+00:00,16.0,20.0,221.0,ADAPTIVE,0.7765430555559999,3.57
2019-12-02T18:03:56+00:00,16.0,20.0,220.7,ADAPTIVE,0.780419166667,3.5589999999999997
2019-12-02T18:04:00+00:00,16.0,20.0,220.6,ADAPTIVE,0.784284722222,3.548
2019-12-02T18:04:07+00:00,15.9,20.0,220.8,ADAPTIVE,0.788166388889,3.538
2019-12-02T18:04:09+00:00,16.0,20.0,220.7,ADAPTIVE,0.7920324999999999,3.556
2019-12-02T18:04:14+00:00,15.9,20.0,220.6,ADAPTIVE,0.7959130555559999,3.544
2019-12-02T18:04:16+00:00,16.0,20.0,220.4,ADAPTIVE,0.799777222222,3.552
2019-12-02T18:04:20+00:00,15.9,20.0,220.6,ADAPTIVE,0.803642777778,3.5349999999999997
2019-12-02T18:04:25+00:00,16.0,20.0,220.5,ADAPTIVE,0.8075236111109999,3.5509999999999997
2019-12-02T18:04:28+00:00,15.9,20.0,220.6,ADAPTIVE,0.8113861111109999,3.545
2019-12-02T18:04:32+00:00,15.9,20.0,220.6,ADAPTIVE,0.8152686111109999,3.5469999999999997
2019-12-02T18:04:36+00:00,15.9,20.0,220.4,ADAPTIVE,0.819132777778,3.545
2019-12-02T18:04:39+00:00,16.0,20.0,220.3,ADAPTIVE,0.823013333333,3.549
2019-12-02T18:04:43+00:00,16.0,20.0,220.4,ADAPTIVE,0.826877222222,3.55
2019-12-02T18:04:48+00:00,16.0,20.0,220.5,ADAPTIVE,0.830755277778,3.5509999999999997
2019-12-02T18:04:51+00:00,16.0,20.0,220.4,ADAPTIVE,0.834618888889,3.5629999999999997
2019-12-02T18:04:56+00:00,16.0,20.0,220.2,ADAPTIVE,0.8384975,3.5589999999999997
2019-12-02T18:05:00+00:00,16.0,20.0,220.3,ADAPTIVE,0.842356388889,3.549
2019-12-02T18:05:03+00:00,15.9,20.0,220.6,ADAPTIVE,0.846234166667,3.532
2019-12-02T18:05:12+00:00,15.9,20.0,220.6,ADAPTIVE,0.8500983333329999,3.537
2019-12-02T18:05:13+00:00,16.0,20.0,220.7,ADAPTIVE,0.8539636111109999,3.554
2019-12-02T18:05:15+00:00,15.9,20.0,220.5,ADAPTIVE,0.8578458333329999,3.5309999999999997
2019-12-02T18:05:20+00:00,15.9,19.0,220.3,ADAPTIVE,0.861707222222,3.545
2019-12-02T18:05:23+00:00,16.0,19.0,220.5,ADAPTIVE,0.865586944444,3.552
2019-12-02T18:05:27+00:00,16.0,20.0,220.6,ADAPTIVE,0.869451388889,3.556
2019-12-02T18:05:31+00:00,16.0,20.0,218.3,ADAPTIVE,0.8733036111109999,3.517
2019-12-02T18:05:35+00:00,16.0,20.0,218.3,ADAPTIVE,0.8771275,3.51
2019-12-02T18:05:39+00:00,16.0,20.0,218.3,ADAPTIVE,0.8809652777779999,3.522
2019-12-02T18:05:42+00:00,16.0,20.0,218.5,ADAPTIVE,0.8847908333329999,3.52
2019-12-02T18:05:47+00:00,16.0,20.0,218.5,ADAPTIVE,0.8886183333329999,3.517
2019-12-02T18:05:52+00:00,15.9,20.0,219.3,ADAPTIVE,0.892468055556,3.517
2019-12-02T18:05:54+00:00,15.9,20.0,218.9,ADAPTIVE,0.8963099999999999,3.521
2019-12-02T18:06:00+00:00,16.0,20.0,219.4,ADAPTIVE,0.900169166667,3.5389999999999997
2019-12-02T18:06:02+00:00,16.0,20.0,218.5,ADAPTIVE,0.904013055556,3.5309999999999997
2019-12-02T18:06:06+00:00,15.9,20.0,218.4,ADAPTIVE,0.907845,3.5029999999999997
2019-12-02T18:06:11+00:00,16.0,20.0,218.6,ADAPTIVE,0.9116963888890001,3.536
2019-12-02T18:06:15+00:00,16.0,20.0,218.7,ADAPTIVE,0.9155311111109999,3.528
2019-12-02T18:06:18+00:00,16.0,20.0,219.2,ADAPTIVE,0.919384722222,3.5389999999999997
2019-12-02T18:06:22+00:00,16.0,20.0,219.3,ADAPTIVE,0.923243055556,3.537
2019-12-02T18:06:26+00:00,16.0,20.0,219.7,ADAPTIVE,0.9270880555559999,3.542
2019-12-02T18:06:30+00:00,15.9,20.0,219.5,ADAPTIVE,0.930949166667,3.529
2019-12-02T18:06:34+00:00,16.0,20.0,220.0,ADAPTIVE,0.934796388889,3.54
2019-12-02T18:06:39+00:00,15.9,20.0,219.5,ADAPTIVE,0.938659444444,3.513
2019-12-02T18:06:42+00:00,15.9,20.0,219.4,ADAPTIVE,0.942504722222,3.524
2019-12-02T18:06:46+00:00,16.0,20.0,219.2,ADAPTIVE,0.9463608333329999,3.533
2019-12-02T18:06:50+00:00,16.0,20.0,218.3,ADAPTIVE,0.950193888889,3.518
2019-12-02T18:06:54+00:00,16.0,20.0,217.8,ADAPTIVE,0.9540130555559999,3.517
2019-12-02T18:06:58+00:00,16.0,20.0,218.1,ADAPTIVE,0.957845277778,3.506
2019-12-02T18:07:02+00:00,15.9,20.0,218.2,ADAPTIVE,0.961666388889,3.509
2019-12-02T18:07:05+00:00,16.0,20.0,218.4,ADAPTIVE,0.9655061111109999,3.5109999999999997
2019-12-02T18:07:09+00:00,16.0,20.0,218.2,ADAPTIVE,0.9693311111109999,3.518
2019-12-02T18:07:16+00:00,16.0,20.0,218.1,ADAPTIVE,0.9731672222219999,3.512
2019-12-02T18:07:19+00:00,16.0,20.0,218.2,ADAPTIVE,0.976988888889,3.513
2019-12-02T18:07:21+00:00,15.9,20.0,218.2,ADAPTIVE,0.9808258333329999,3.513
2019-12-02T18:07:25+00:00,15.9,20.0,218.2,ADAPTIVE,0.984649166667,3.512
2019-12-02T18:07:29+00:00,16.0,20.0,218.3,ADAPTIVE,0.9884897222219999,3.5109999999999997
2019-12-02T18:07:33+00:00,16.0,20.0,218.3,ADAPTIVE,0.992314444444,3.517
2019-12-02T18:07:37+00:00,16.0,20.0,218.5,ADAPTIVE,0.9961549999999999,3.5189999999999997
2019-12-02T18:07:41+00:00,16.0,20.0,218.4,ADAPTIVE,0.9999808333329999,3.514
2019-12-02T18:07:45+00:00,16.0,20.0,218.3,ADAPTIVE,1.0038219444399998,3.521
2019-12-02T18:07:49+00:00,15.9,20.0,218.4,ADAPTIVE,1.0076463888899998,3.5109999999999997
2019-12-02T18:07:53+00:00,16.0,20.0,218.2,ADAPTIVE,1.01148583333,3.516
2019-12-02T18:07:57+00:00,16.0,20.0,218.1,ADAPTIVE,1.01530944444,3.513
2019-12-02T18:08:01+00:00,16.0,20.0,218.1,ADAPTIVE,1.0191491666699999,3.5149999999999997
2019-12-02T18:08:06+00:00,15.9,20.0,218.5,ADAPTIVE,1.0229741666699999,3.508
2019-12-02T18:08:09+00:00,15.9,20.0,218.3,ADAPTIVE,1.02681527778,3.514
2019-12-02T18:08:12+00:00,16.0,20.0,218.3,ADAPTIVE,1.0306380555599999,3.512
2019-12-02T18:08:17+00:00,16.0,20.0,218.3,ADAPTIVE,1.03446361111,3.517
2019-12-02T18:08:21+00:00,16.0,20.0,218.4,ADAPTIVE,1.03830555556,3.521
2019-12-02T18:08:25+00:00,15.9,20.0,217.3,ADAPTIVE,1.04211361111,3.4949999999999997
2019-12-02T18:08:28+00:00,15.9,20.0,217.1,ADAPTIVE,1.04593638889,3.4899999999999998
2019-12-02T18:08:32+00:00,15.9,20.0,217.3,ADAPTIVE,1.04974305556,3.496
2019-12-02T18:08:36+00:00,15.9,20.0,217.4,ADAPTIVE,1.0535644444399999,3.4989999999999997
2019-12-02T18:08:40+00:00,16.0,20.0,217.1,ADAPTIVE,1.05736805556,3.497
2019-12-02T18:08:44+00:00,16.0,20.0,218.3,ADAPTIVE,1.0611972222200001,3.517
2019-12-02T18:08:48+00:00,16.0,20.0,218.1,ADAPTIVE,1.06501583333,3.513
2019-12-02T18:08:52+00:00,16.0,20.0,218.2,ADAPTIVE,1.06885194444,3.5109999999999997
2019-12-02T18:08:56+00:00,15.9,20.0,216.4,ADAPTIVE,1.0726552777799998,3.469
2019-12-02T18:09:00+00:00,15.8,20.0,215.9,ADAPTIVE,1.0764291666699999,3.436
2019-12-02T18:09:04+00:00,15.8,20.0,215.6,ADAPTIVE,1.0801749999999999,3.4419999999999997
2019-12-02T18:09:08+00:00,15.9,20.0,216.2,ADAPTIVE,1.0839247222200001,3.4539999999999997
2019-12-02T18:09:11+00:00,15.8,20.0,215.9,ADAPTIVE,1.0876925,3.4499999999999997
2019-12-02T18:09:15+00:00,15.8,20.0,216.1,ADAPTIVE,1.09144694444,3.456
2019-12-02T18:09:20+00:00,15.7,20.0,216.5,ADAPTIVE,1.09522194444,3.435
2019-12-02T18:09:23+00:00,16.1,20.0,210.9,ADAPTIVE,1.0989816666699999,3.432
2019-12-02T18:09:28+00:00,15.9,20.0,215.4,ADAPTIVE,1.1027327777799998,3.449
2019-12-02T18:09:31+00:00,15.7,20.0,215.0,ADAPTIVE,1.10646833333,3.4139999999999997
2019-12-02T18:09:35+00:00,15.8,20.0,215.1,ADAPTIVE,1.11020555556,3.4299999999999997
2019-12-02T18:09:39+00:00,15.7,20.0,215.2,ADAPTIVE,1.1139575,3.408
2019-12-02T18:09:43+00:00,15.8,20.0,215.1,ADAPTIVE,1.11769805556,3.423
2019-12-02T18:09:47+00:00,15.9,20.0,216.1,ADAPTIVE,1.1214622222200001,3.4699999999999998
2019-12-02T18:09:51+00:00,15.8,20.0,216.5,ADAPTIVE,1.12522111111,3.448
2019-12-02T18:09:55+00:00,15.8,20.0,216.5,ADAPTIVE,1.1289986111099999,3.452
2019-12-02T18:09:59+00:00,15.9,20.0,216.4,ADAPTIVE,1.13275944444,3.4589999999999996
2019-12-02T18:10:02+00:00,15.9,20.0,216.3,ADAPTIVE,1.13653361111,3.4669999999999996
2019-12-02T18:10:07+00:00,15.8,20.0,216.1,ADAPTIVE,1.14029194444,3.4379999999999997
2019-12-02T18:10:11+00:00,15.9,20.0,216.2,ADAPTIVE,1.14405055556,3.457
2019-12-02T18:10:14+00:00,15.7,20.0,216.4,ADAPTIVE,1.1478069444399999,3.437
2019-12-02T18:10:21+00:00,15.8,20.0,216.6,ADAPTIVE,1.15158083333,3.4629999999999996
2019-12-02T18:10:23+00:00,15.9,20.0,216.3,ADAPTIVE,1.15533527778,3.453
2019-12-02T18:10:26+00:00,15.8,20.0,215.8,ADAPTIVE,1.15910638889,3.4539999999999997
2019-12-02T18:10:30+00:00,15.9,20.0,216.1,ADAPTIVE,1.1628616666699998,3.4629999999999996
2019-12-02T18:10:34+00:00,15.8,20.0,215.7,ADAPTIVE,1.1666316666699998,3.435
2019-12-02T18:10:38+00:00,15.8,20.0,216.3,ADAPTIVE,1.1703819444399999,3.435
2019-12-02T18:10:44+00:00,15.8,20.0,215.7,ADAPTIVE,1.1741497222200001,3.439
2019-12-02T18:10:46+00:00,15.9,20.0,215.6,ADAPTIVE,1.1779027777799997,3.4659999999999997
2019-12-02T18:10:50+00:00,15.7,20.0,215.6,ADAPTIVE,1.18166944444,3.4219999999999997
2019-12-02T18:10:56+00:00,15.8,20.0,216.0,ADAPTIVE,1.18542055556,3.444
2019-12-02T18:10:58+00:00,15.8,20.0,216.2,ADAPTIVE,1.1891886111099998,3.4339999999999997
2019-12-02T18:11:02+00:00,15.8,20.0,216.0,ADAPTIVE,1.19294472222,3.439
2019-12-02T18:11:07+00:00,15.8,20.0,215.9,ADAPTIVE,1.19669916667,3.4299999999999997
2019-12-02T18:11:11+00:00,15.8,20.0,216.1,ADAPTIVE,1.20046972222,3.445
2019-12-02T18:11:14+00:00,15.8,20.0,217.4,ADAPTIVE,1.20423555556,3.4699999999999998
2019-12-02T18:11:17+00:00,15.9,20.0,217.2,ADAPTIVE,1.20802972222,3.4869999999999997
2019-12-02T18:11:22+00:00,15.9,20.0,216.9,ADAPTIVE,1.21182583333,3.4859999999999998
2019-12-02T18:11:25+00:00,15.8,20.0,217.6,ADAPTIVE,1.21560333333,3.4669999999999996
2019-12-02T18:11:29+00:00,15.9,20.0,217.7,ADAPTIVE,1.21940333333,3.4789999999999996
2019-12-02T18:11:33+00:00,15.8,20.0,216.4,ADAPTIVE,1.22317944444,3.448
2019-12-02T18:11:37+00:00,15.9,20.0,216.5,ADAPTIVE,1.2269625,3.48
2019-12-02T18:11:41+00:00,15.8,20.0,216.8,ADAPTIVE,1.23072833333,3.436
2019-12-02T18:11:45+00:00,15.9,20.0,216.8,ADAPTIVE,1.23451138889,3.4699999999999998
2019-12-02T18:11:49+00:00,15.9,20.0,216.4,ADAPTIVE,1.23827916667,3.464
2019-12-02T18:11:55+00:00,15.8,20.0,217.0,ADAPTIVE,1.2420641666699999,3.4619999999999997
2019-12-02T18:11:57+00:00,15.9,20.0,217.1,ADAPTIVE,1.2458444444399999,3.4869999999999997
2019-12-02T18:12:01+00:00,15.8,20.0,217.0,ADAPTIVE,1.24962611111,3.465
2019-12-02T18:12:05+00:00,15.8,20.0,217.3,ADAPTIVE,1.25342583333,3.468
2019-12-02T18:12:09+00:00,15.9,20.0,217.3,ADAPTIVE,1.25720972222,3.4789999999999996
2019-12-02T18:12:13+00:00,15.9,20.0,217.5,ADAPTIVE,1.2610130555599999,3.492
2019-12-02T18:12:17+00:00,15.9,20.0,217.5,ADAPTIVE,1.264805,3.4899999999999998
2019-12-02T18:12:21+00:00,15.8,20.0,217.5,ADAPTIVE,1.2686116666699998,3.4629999999999996
2019-12-02T18:12:25+00:00,15.8,20.0,217.9,ADAPTIVE,1.2724061111099998,3.4669999999999996
2019-12-02T18:12:28+00:00,15.9,20.0,217.4,ADAPTIVE,1.2762144444399999,3.4939999999999998
2019-12-02T18:12:33+00:00,15.8,20.0,217.5,ADAPTIVE,1.28000638889,3.469
2019-12-02T18:12:38+00:00,15.9,20.0,217.9,ADAPTIVE,1.2837975,3.4869999999999997
2019-12-02T18:12:40+00:00,15.8,20.0,217.1,ADAPTIVE,1.28760583333,3.477
2019-12-02T18:12:45+00:00,15.9,20.0,217.8,ADAPTIVE,1.29139833333,3.5
2019-12-02T18:12:48+00:00,15.9,20.0,217.9,ADAPTIVE,1.2952077777799997,3.481
2019-12-02T18:12:52+00:00,15.9,20.0,217.4,ADAPTIVE,1.29900166667,3.4939999999999998
2019-12-02T18:12:56+00:00,15.9,20.0,217.7,ADAPTIVE,1.3028127777799998,3.4909999999999997
2019-12-02T18:13:00+00:00,15.8,20.0,218.0,ADAPTIVE,1.30660527778,3.481
2019-12-02T18:13:06+00:00,15.9,20.0,218.2,ADAPTIVE,1.31041694444,3.501
2019-12-02T18:13:08+00:00,15.8,20.0,218.0,ADAPTIVE,1.31421083333,3.469
2019-12-02T18:13:12+00:00,15.8,20.0,217.9,ADAPTIVE,1.3180227777799998,3.4709999999999996
2019-12-02T18:13:16+00:00,15.9,20.0,217.9,ADAPTIVE,1.32181972222,3.488
2019-12-02T18:13:20+00:00,15.9,20.0,217.8,ADAPTIVE,1.32563305556,3.5
2019-12-02T18:13:24+00:00,15.8,20.0,218.1,ADAPTIVE,1.32943138889,3.4789999999999996
2019-12-02T18:13:29+00:00,15.9,20.0,217.6,ADAPTIVE,1.33324861111,3.502
2019-12-02T18:13:32+00:00,15.9,20.0,218.1,ADAPTIVE,1.33704722222,3.496
2019-12-02T18:13:35+00:00,15.9,20.0,218.3,ADAPTIVE,1.34086583333,3.501
2019-12-02T18:13:39+00:00,15.9,20.0,218.1,ADAPTIVE,1.3446666666699998,3.496
2019-12-02T18:13:43+00:00,15.9,20.0,218.2,ADAPTIVE,1.34848305556,3.493
2019-12-02T18:13:49+00:00,15.8,20.0,218.3,ADAPTIVE,1.3522841666699998,3.481
2019-12-02T18:13:51+00:00,15.8,20.0,218.0,ADAPTIVE,1.3561027777799999,3.4779999999999998
2019-12-02T18:13:55+00:00,15.9,20.0,218.1,ADAPTIVE,1.35990444444,3.4859999999999998
2019-12-02T18:13:59+00:00,15.8,20.0,218.3,ADAPTIVE,1.3637080555599999,3.4709999999999996
2019-12-02T18:14:03+00:00,15.9,20.0,218.1,ADAPTIVE,1.36752583333,3.513
2019-12-02T18:14:07+00:00,15.8,20.0,218.2,ADAPTIVE,1.37133222222,3.4859999999999998
2019-12-02T18:14:11+00:00,15.9,20.0,218.3,ADAPTIVE,1.37515472222,3.492
2019-12-02T18:14:15+00:00,15.8,20.0,218.1,ADAPTIVE,1.37896222222,3.4899999999999998
2019-12-02T18:14:19+00:00,15.9,20.0,217.8,ADAPTIVE,1.38276888889,3.493
2019-12-02T18:14:23+00:00,15.9,20.0,218.1,ADAPTIVE,1.38659,3.5
2019-12-02T18:14:27+00:00,15.8,20.0,218.1,ADAPTIVE,1.3903961111099998,3.4869999999999997
2019-12-02T18:14:31+00:00,15.9,20.0,218.5,ADAPTIVE,1.3942177777799998,3.5109999999999997
2019-12-02T18:14:35+00:00,15.9,20.0,217.9,ADAPTIVE,1.3980225,3.4899999999999998
2019-12-02T18:14:38+00:00,15.9,20.0,218.1,ADAPTIVE,1.40184055556,3.512
2019-12-02T18:14:43+00:00,15.8,20.0,218.4,ADAPTIVE,1.405645,3.48
2019-12-02T18:14:47+00:00,15.9,20.0,218.3,ADAPTIVE,1.40946611111,3.5069999999999997
2019-12-02T18:14:50+00:00,15.9,20.0,218.2,ADAPTIVE,1.41326861111,3.484
2019-12-02T18:14:54+00:00,15.9,20.0,218.0,ADAPTIVE,1.4170886111099998,3.5069999999999997
2019-12-02T18:14:58+00:00,15.9,20.0,218.5,ADAPTIVE,1.42089222222,3.493
2019-12-02T18:15:02+00:00,15.8,20.0,217.9,ADAPTIVE,1.4247119444399998,3.4779999999999998
2019-12-02T18:15:06+00:00,15.9,20.0,218.5,ADAPTIVE,1.4285161111099998,3.497
2019-12-02T18:15:10+00:00,15.8,20.0,218.0,ADAPTIVE,1.4323386111099998,3.488
2019-12-02T18:15:14+00:00,15.9,20.0,218.3,ADAPTIVE,1.4361497222200001,3.5029999999999997
2019-12-02T18:15:18+00:00,15.9,20.0,218.2,ADAPTIVE,1.43995638889,3.4899999999999998
2019-12-02T18:15:22+00:00,15.9,20.0,217.9,ADAPTIVE,1.44377638889,3.4979999999999998
2019-12-02T18:15:26+00:00,15.9,20.0,218.1,ADAPTIVE,1.44758138889,3.51
2019-12-02T18:15:31+00:00,15.9,20.0,217.8,ADAPTIVE,1.45140333333,3.502
2019-12-02T18:15:35+00:00,15.9,20.0,218.0,ADAPTIVE,1.45520722222,3.4899999999999998
2019-12-02T18:15:38+00:00,15.8,20.0,218.3,ADAPTIVE,1.4590102777799998,3.485
2019-12-02T18:15:42+00:00,15.9,20.0,218.4,ADAPTIVE,1.46282972222,3.4989999999999997
2019-12-02T18:15:46+00:00,15.9,20.0,218.1,ADAPTIVE,1.46663777778,3.4949999999999997
2019-12-02T18:15:49+00:00,15.9,20.0,218.7,ADAPTIVE,1.47046194444,3.5029999999999997
2019-12-02T18:15:53+00:00,15.9,20.0,218.3,ADAPTIVE,1.47427083333,3.5069999999999997
2019-12-02T18:15:58+00:00,16.0,20.0,218.7,ADAPTIVE,1.4780977777799997,3.5109999999999997
2019-12-02T18:16:01+00:00,15.9,20.0,218.5,ADAPTIVE,1.4819094444399998,3.4979999999999998
2019-12-02T18:16:05+00:00,15.9,20.0,218.7,ADAPTIVE,1.48573805556,3.512
2019-12-02T18:16:09+00:00,15.8,20.0,217.9,ADAPTIVE,1.48954972222,3.4859999999999998
2019-12-02T18:16:13+00:00,15.9,20.0,218.4,ADAPTIVE,1.4933611111099998,3.505
2019-12-02T18:16:17+00:00,15.8,20.0,218.5,ADAPTIVE,1.49718944444,3.4909999999999997
2019-12-02T18:16:21+00:00,15.9,20.0,218.2,ADAPTIVE,1.501,3.501
2019-12-02T18:16:25+00:00,15.9,20.0,218.4,ADAPTIVE,1.50482138889,3.4909999999999997
2019-12-02T18:16:29+00:00,15.9,20.0,218.5,ADAPTIVE,1.5086322222200002,3.505
2019-12-02T18:16:34+00:00,15.9,20.0,218.4,ADAPTIVE,1.51245972222,3.5
2019-12-02T18:16:39+00:00,15.9,20.0,218.2,ADAPTIVE,1.51627222222,3.509
2019-12-02T18:16:41+00:00,15.9,20.0,218.6,ADAPTIVE,1.5200852777799998,3.505
2019-12-02T18:16:45+00:00,15.9,20.0,218.5,ADAPTIVE,1.52391444444,3.504
2019-12-02T18:16:49+00:00,15.8,20.0,218.6,ADAPTIVE,1.5277277777799998,3.4899999999999998
2019-12-02T18:16:52+00:00,15.8,20.0,218.2,ADAPTIVE,1.53155555556,3.48
2019-12-02T18:16:56+00:00,15.9,20.0,218.5,ADAPTIVE,1.5353702777799998,3.512
2019-12-02T18:17:01+00:00,16.0,20.0,218.1,ADAPTIVE,1.53918361111,3.518
2019-12-02T18:17:04+00:00,15.9,20.0,218.2,ADAPTIVE,1.54300888889,3.501
2019-12-02T18:17:09+00:00,15.9,20.0,218.0,ADAPTIVE,1.5468194444399999,3.505
2019-12-02T18:17:12+00:00,15.9,20.0,218.3,ADAPTIVE,1.5506466666699998,3.4939999999999998
2019-12-02T18:17:16+00:00,15.9,20.0,218.3,ADAPTIVE,1.55445611111,3.4949999999999997
2019-12-02T18:17:20+00:00,15.9,20.0,218.1,ADAPTIVE,1.55828111111,3.4949999999999997
2019-12-02T18:17:24+00:00,15.9,20.0,218.6,ADAPTIVE,1.5620902777799999,3.496
2019-12-02T18:17:28+00:00,15.8,20.0,218.1,ADAPTIVE,1.5659169444399998,3.488
2019-12-02T18:17:32+00:00,15.9,20.0,218.5,ADAPTIVE,1.5697275,3.504
2019-12-02T18:17:37+00:00,15.9,20.0,218.6,ADAPTIVE,1.57353944444,3.493
2019-12-02T18:17:40+00:00,15.9,20.0,218.3,ADAPTIVE,1.57736833333,3.518
2019-12-02T18:17:44+00:00,15.9,20.0,218.7,ADAPTIVE,1.58118083333,3.5109999999999997
2019-12-02T18:17:48+00:00,15.9,20.0,218.2,ADAPTIVE,1.5850111111099998,3.5149999999999997
2019-12-02T18:17:52+00:00,15.9,20.0,218.7,ADAPTIVE,1.5888280555599998,3.51
2019-12-02T18:17:56+00:00,15.9,20.0,218.5,ADAPTIVE,1.59264194444,3.5069999999999997
2019-12-02T18:18:00+00:00,15.9,20.0,218.5,ADAPTIVE,1.59646833333,3.5
2019-12-02T18:18:03+00:00,15.8,20.0,218.4,ADAPTIVE,1.60028111111,3.489
2019-12-02T18:18:08+00:00,15.9,20.0,218.6,ADAPTIVE,1.6041102777799998,3.493
2019-12-02T18:18:13+00:00,15.9,20.0,218.5,ADAPTIVE,1.60792361111,3.51
2019-12-02T18:18:15+00:00,15.9,20.0,218.5,ADAPTIVE,1.6117380555599998,3.4939999999999998
2019-12-02T18:18:19+00:00,15.9,20.0,218.6,ADAPTIVE,1.6155686111099998,3.5189999999999997
2019-12-02T18:18:24+00:00,15.8,20.0,218.7,ADAPTIVE,1.6193799999999998,3.488
2019-12-02T18:18:27+00:00,15.9,20.0,218.7,ADAPTIVE,1.62320916667,3.504
2019-12-02T18:18:31+00:00,15.8,20.0,218.4,ADAPTIVE,1.6270191666699998,3.4909999999999997
2019-12-02T18:18:35+00:00,15.9,20.0,218.3,ADAPTIVE,1.6308452777799998,3.4989999999999997
2019-12-02T18:18:39+00:00,15.9,20.0,218.6,ADAPTIVE,1.6346580555599999,3.4949999999999997
2019-12-02T18:18:43+00:00,16.0,20.0,218.5,ADAPTIVE,1.63848638889,3.521
2019-12-02T18:18:47+00:00,15.9,20.0,218.3,ADAPTIVE,1.6422961111099998,3.493
2019-12-02T18:18:51+00:00,15.9,20.0,218.3,ADAPTIVE,1.64610472222,3.501
2019-12-02T18:18:55+00:00,15.9,20.0,218.1,ADAPTIVE,1.6499325,3.496
2019-12-02T18:18:59+00:00,15.8,20.0,218.3,ADAPTIVE,1.65374194444,3.485
2019-12-02T18:19:03+00:00,16.0,20.0,218.5,ADAPTIVE,1.65756833333,3.5149999999999997
2019-12-02T18:19:07+00:00,15.9,20.0,218.6,ADAPTIVE,1.6613816666699999,3.5
2019-12-02T18:19:11+00:00,15.9,20.0,218.3,ADAPTIVE,1.6651927777799997,3.513
2019-12-02T18:19:15+00:00,15.9,20.0,218.3,ADAPTIVE,1.6690191666699998,3.501
2019-12-02T18:19:18+00:00,15.9,20.0,218.4,ADAPTIVE,1.67282972222,3.4989999999999997
2019-12-02T18:19:22+00:00,15.8,20.0,218.4,ADAPTIVE,1.6766575,3.492
2019-12-02T18:19:26+00:00,15.9,20.0,218.7,ADAPTIVE,1.68046888889,3.5
2019-12-02T18:19:30+00:00,15.9,20.0,218.3,ADAPTIVE,1.68429388889,3.51
2019-12-02T18:19:34+00:00,15.8,20.0,218.4,ADAPTIVE,1.68810138889,3.488
2019-12-02T18:19:40+00:00,15.9,20.0,218.6,ADAPTIVE,1.6919097222200001,3.505
2019-12-02T18:19:42+00:00,15.9,20.0,218.2,ADAPTIVE,1.69573694444,3.518
2019-12-02T18:19:47+00:00,15.9,19.0,217.3,ADAPTIVE,1.6995483333299999,3.4869999999999997
2019-12-02T18:19:50+00:00,15.8,19.0,218.3,ADAPTIVE,1.7033675,3.4829999999999997
2019-12-02T18:19:54+00:00,15.8,19.0,218.4,ADAPTIVE,1.7071752777799998,3.489
2019-12-02T18:19:58+00:00,15.8,19.0,218.2,ADAPTIVE,1.7109975,3.4909999999999997
2019-12-02T18:20:02+00:00,15.9,19.0,218.8,ADAPTIVE,1.71480722222,3.505
2019-12-02T18:20:06+00:00,15.9,20.0,218.4,ADAPTIVE,1.71863472222,3.518
2019-12-02T18:20:10+00:00,15.9,20.0,218.4,ADAPTIVE,1.722445,3.493
2019-12-02T18:20:13+00:00,15.9,20.0,218.6,ADAPTIVE,1.72625694444,3.509
2019-12-02T18:20:18+00:00,15.9,20.0,218.7,ADAPTIVE,1.73008694444,3.4979999999999998
2019-12-02T18:20:21+00:00,15.9,20.0,218.9,ADAPTIVE,1.73390388889,3.513
2019-12-02T18:20:25+00:00,15.9,20.0,218.5,ADAPTIVE,1.73773694444,3.4979999999999998
2019-12-02T18:20:30+00:00,15.9,20.0,218.7,ADAPTIVE,1.74154666667,3.496
2019-12-02T18:20:33+00:00,15.8,20.0,218.3,ADAPTIVE,1.74536833333,3.488
2019-12-02T18:20:39+00:00,15.9,20.0,218.3,ADAPTIVE,1.7491725,3.4939999999999998
2019-12-02T18:20:44+00:00,15.9,20.0,218.7,ADAPTIVE,1.7529949999999999,3.506
2019-12-02T18:20:46+00:00,15.9,20.0,218.2,ADAPTIVE,1.7568027777799997,3.4939999999999998
2019-12-02T18:20:49+00:00,15.8,20.0,217.9,ADAPTIVE,1.7606238888899999,3.484
2019-12-02T18:20:53+00:00,15.9,20.0,218.5,ADAPTIVE,1.76443138889,3.4989999999999997
2019-12-02T18:20:54+00:00,15.9,20.0,218.5,ADAPTIVE,1.76443138889,3.4989999999999997
2019-12-02T18:20:57+00:00,15.9,20.0,218.3,ADAPTIVE,1.76824194444,3.502
2019-12-02T18:21:01+00:00,16.0,19.0,218.5,ADAPTIVE,1.77206833333,3.514
2019-12-02T18:21:05+00:00,15.8,19.0,218.3,ADAPTIVE,1.77587972222,3.485
2019-12-02T18:21:09+00:00,15.9,19.0,218.2,ADAPTIVE,1.7797075,3.492
2019-12-02T18:21:13+00:00,15.8,20.0,218.3,ADAPTIVE,1.78352,3.489
2019-12-02T18:21:16+00:00,15.9,20.0,218.2,ADAPTIVE,1.78732916667,3.4989999999999997
2019-12-02T18:21:20+00:00,15.9,20.0,219.2,ADAPTIVE,1.7911575,3.516
2019-12-02T18:21:24+00:00,15.9,20.0,218.6,ADAPTIVE,1.79498083333,3.502
2019-12-02T18:21:26+00:00,15.9,20.0,218.6,ADAPTIVE,1.79498083333,3.502
2019-12-02T18:21:29+00:00,15.9,20.0,218.4,ADAPTIVE,1.79880888889,3.496
2019-12-02T18:21:32+00:00,15.9,20.0,217.6,ADAPTIVE,1.80261388889,3.4789999999999996
2019-12-02T18:21:36+00:00,15.9,20.0,217.6,ADAPTIVE,1.8064227777799997,3.4819999999999998
2019-12-02T18:21:40+00:00,15.9,20.0,217.6,ADAPTIVE,1.81021722222,3.4869999999999997
2019-12-02T18:21:45+00:00,15.8,20.0,217.2,ADAPTIVE,1.81402583333,3.4699999999999998
2019-12-02T18:21:48+00:00,15.9,20.0,217.4,ADAPTIVE,1.8178177777799998,3.4829999999999997
2019-12-02T18:21:52+00:00,15.9,20.0,218.5,ADAPTIVE,1.8216336111099998,3.502
2019-12-02T18:21:56+00:00,15.8,20.0,219.4,ADAPTIVE,1.82545638889,3.506
2019-12-02T18:22:00+00:00,15.9,20.0,218.8,ADAPTIVE,1.82929944444,3.514
2019-12-02T18:22:04+00:00,15.9,20.0,219.2,ADAPTIVE,1.8331227777799999,3.514
2019-12-02T18:22:08+00:00,15.9,20.0,218.9,ADAPTIVE,1.83694861111,3.512
2019-12-02T18:22:12+00:00,15.9,20.0,219.3,ADAPTIVE,1.8407886111099998,3.5189999999999997
2019-12-02T18:22:16+00:00,15.9,20.0,219.0,ADAPTIVE,1.84461444444,3.512
2019-12-02T18:22:17+00:00,15.9,20.0,219.0,ADAPTIVE,1.84461444444,3.512
2019-12-02T18:22:19+00:00,15.9,20.0,219.0,ADAPTIVE,1.84461444444,3.512
2019-12-02T18:22:21+00:00,15.9,19.0,218.4,ADAPTIVE,1.84844805556,3.504
2019-12-02T18:22:24+00:00,15.9,19.0,218.1,ADAPTIVE,1.85225444444,3.489
2019-12-02T18:22:25+00:00,15.9,19.0,218.1,ADAPTIVE,1.85225444444,3.489
2019-12-02T18:22:28+00:00,15.9,19.0,217.8,ADAPTIVE,1.85607611111,3.4979999999999998
2019-12-02T18:22:32+00:00,15.9,20.0,218.4,ADAPTIVE,1.8598847222200001,3.508
2019-12-02T18:22:36+00:00,15.8,20.0,218.9,ADAPTIVE,1.8637127777799998,3.493
2019-12-02T18:22:43+00:00,15.9,20.0,218.0,ADAPTIVE,1.8713544444399999,3.501
2019-12-02T18:22:47+00:00,15.8,20.0,217.1,ADAPTIVE,1.87515611111,3.4619999999999997
2019-12-02T18:22:51+00:00,15.8,20.0,217.5,ADAPTIVE,1.8789652777799999,3.469
2019-12-02T18:22:55+00:00,16.0,20.0,217.3,ADAPTIVE,1.88275888889,3.505
2019-12-02T18:22:59+00:00,15.9,20.0,217.4,ADAPTIVE,1.8865702777799997,3.484
2019-12-02T18:23:06+00:00,15.9,20.0,217.4,ADAPTIVE,1.89036694444,3.4949999999999997
2019-12-02T18:23:07+00:00,15.9,20.0,218.6,ADAPTIVE,1.8941802777799999,3.512
2019-12-02T18:23:12+00:00,15.9,20.0,218.2,ADAPTIVE,1.8979916666699999,3.4949999999999997
2019-12-02T18:23:14+00:00,15.9,20.0,218.2,ADAPTIVE,1.8979916666699999,3.4949999999999997
2019-12-02T18:23:17+00:00,15.9,20.0,218.4,ADAPTIVE,1.9018161111099998,3.502
2019-12-02T18:23:19+00:00,15.9,20.0,218.1,ADAPTIVE,1.90562583333,3.4979999999999998
2019-12-02T18:23:23+00:00,15.9,20.0,218.1,ADAPTIVE,1.9094525,3.496
2019-12-02T18:23:27+00:00,15.9,19.0,218.4,ADAPTIVE,1.9132627777799998,3.506
2019-12-02T18:23:30+00:00,15.9,19.0,218.5,ADAPTIVE,1.91708972222,3.508
2019-12-02T18:23:34+00:00,15.9,19.0,218.5,ADAPTIVE,1.9209025,3.505
2019-12-02T18:23:38+00:00,15.9,20.0,218.1,ADAPTIVE,1.92473194444,3.4939999999999998
2019-12-02T18:23:43+00:00,16.0,20.0,218.0,ADAPTIVE,1.9285424999999998,3.5109999999999997
2019-12-02T18:23:48+00:00,15.9,20.0,218.3,ADAPTIVE,1.93236805556,3.506
2019-12-02T18:23:52+00:00,16.0,20.0,218.1,ADAPTIVE,1.9361797222200001,3.52
2019-12-02T18:23:53+00:00,16.0,20.0,218.1,ADAPTIVE,1.9361797222200001,3.52
2019-12-02T18:23:54+00:00,15.9,20.0,218.3,ADAPTIVE,1.93998972222,3.5109999999999997
2019-12-02T18:24:00+00:00,15.9,20.0,218.5,ADAPTIVE,1.94381638889,3.496
2019-12-02T18:24:01+00:00,15.9,20.0,218.5,ADAPTIVE,1.94381638889,3.496
2019-12-02T18:24:02+00:00,16.0,20.0,218.5,ADAPTIVE,1.94762833333,3.513
2019-12-02T18:24:06+00:00,15.9,20.0,218.3,ADAPTIVE,1.95145111111,3.5029999999999997
2019-12-02T18:24:08+00:00,15.9,20.0,218.3,ADAPTIVE,1.95145111111,3.5029999999999997
2019-12-02T18:24:10+00:00,15.9,20.0,218.1,ADAPTIVE,1.95526,3.4989999999999997
2019-12-02T18:24:14+00:00,15.9,20.0,218.0,ADAPTIVE,1.9590827777799997,3.4899999999999998
2019-12-02T18:24:18+00:00,15.9,20.0,218.3,ADAPTIVE,1.9628894444399998,3.5069999999999997
2019-12-02T18:24:23+00:00,15.9,20.0,218.0,ADAPTIVE,1.9667130555599999,3.4989999999999997
2019-12-02T18:24:26+00:00,15.9,20.0,217.9,ADAPTIVE,1.97052388889,3.4899999999999998
2019-12-02T18:24:30+00:00,15.9,20.0,218.1,ADAPTIVE,1.9743327777799997,3.501
2019-12-02T18:24:34+00:00,15.8,20.0,218.2,ADAPTIVE,1.9781575,3.4869999999999997
2019-12-02T18:24:37+00:00,10.0,8.0,218.2,ADAPTIVE,1.98181472222,2.203
2019-12-02T18:24:41+00:00,8.2,19.0,217.9,ADAPTIVE,1.98379472222,1.8099999999999998
2019-12-02T18:24:45+00:00,13.3,19.0,217.6,ADAPTIVE,1.98634416667,2.915
2019-12-02T18:24:50+00:00,15.9,19.0,217.6,ADAPTIVE,1.9899499999999999,3.488
2019-12-02T18:24:53+00:00,15.9,19.0,217.0,ADAPTIVE,1.99375888889,3.481
2019-12-02T18:24:57+00:00,15.9,20.0,218.0,ADAPTIVE,1.9975644444399998,3.505
2019-12-02T18:24:59+00:00,15.9,20.0,218.0,ADAPTIVE,1.9975644444399998,3.505
2019-12-02T18:25:02+00:00,15.9,20.0,218.3,ADAPTIVE,2.0013902777799997,3.5
2019-12-02T18:25:05+00:00,15.9,20.0,218.2,ADAPTIVE,2.00519777778,3.508
2019-12-02T18:25:09+00:00,15.9,20.0,218.1,ADAPTIVE,2.0090219444399997,3.5
2019-12-02T18:25:13+00:00,15.8,20.0,217.6,ADAPTIVE,2.01282,3.477
2019-12-02T18:25:17+00:00,15.9,20.0,217.6,ADAPTIVE,2.01663611111,3.4949999999999997
2019-12-02T18:25:21+00:00,15.9,20.0,217.7,ADAPTIVE,2.0204402777799997,3.4989999999999997
2019-12-02T18:25:25+00:00,15.9,20.0,218.5,ADAPTIVE,2.02426333333,3.504
2019-12-02T18:25:29+00:00,15.9,20.0,218.0,ADAPTIVE,2.02807388889,3.4939999999999998
2019-12-02T18:25:33+00:00,15.9,20.0,217.4,ADAPTIVE,2.0318975,3.4869999999999997
2019-12-02T18:25:37+00:00,15.9,20.0,217.9,ADAPTIVE,2.03570333333,3.4979999999999998
2019-12-02T18:25:41+00:00,15.8,20.0,218.2,ADAPTIVE,2.03951194444,3.4859999999999998
2019-12-02T18:25:45+00:00,15.9,20.0,218.2,ADAPTIVE,2.04333861111,3.505
2019-12-02T18:25:49+00:00,15.9,20.0,218.1,ADAPTIVE,2.04715,3.504
2019-12-02T18:25:53+00:00,15.9,20.0,218.4,ADAPTIVE,2.0509772222200002,3.5
2019-12-02T18:25:56+00:00,15.8,19.0,218.4,ADAPTIVE,2.05478722222,3.4859999999999998
2019-12-02T18:26:00+00:00,15.9,19.0,218.2,ADAPTIVE,2.05861333333,3.504
2019-12-02T18:26:04+00:00,15.9,19.0,218.2,ADAPTIVE,2.06242444444,3.508
2019-12-02T18:26:08+00:00,16.0,20.0,218.1,ADAPTIVE,2.06625194444,3.517
2019-12-02T18:26:12+00:00,15.9,20.0,218.0,ADAPTIVE,2.07006138889,3.502
2019-12-02T18:26:16+00:00,15.9,20.0,218.0,ADAPTIVE,2.07387,3.4949999999999997
2019-12-02T18:26:20+00:00,15.8,20.0,218.0,ADAPTIVE,2.07769611111,3.485
2019-12-02T18:26:24+00:00,16.0,20.0,218.1,ADAPTIVE,2.08150638889,3.516
2019-12-02T18:26:28+00:00,16.0,20.0,218.2,ADAPTIVE,2.08533555556,3.5189999999999997
2019-12-02T18:26:32+00:00,15.8,20.0,218.3,ADAPTIVE,2.0891486111099997,3.489
2019-12-02T18:26:36+00:00,15.9,20.0,218.2,ADAPTIVE,2.09297555556,3.4989999999999997
2019-12-02T18:26:40+00:00,16.0,20.0,218.1,ADAPTIVE,2.09678583333,3.514
2019-12-02T18:26:44+00:00,15.9,20.0,217.0,ADAPTIVE,2.1005961111099998,3.472
2019-12-02T18:26:48+00:00,15.9,20.0,217.2,ADAPTIVE,2.10437194444,3.489
2019-12-02T18:26:51+00:00,15.9,20.0,218.3,ADAPTIVE,2.1081849999999998,3.493
2019-12-02T18:26:56+00:00,16.0,20.0,217.9,ADAPTIVE,2.1119916666700003,3.506
2019-12-02T18:27:00+00:00,15.9,20.0,217.8,ADAPTIVE,2.11581166667,3.4949999999999997
2019-12-02T18:27:03+00:00,15.9,20.0,217.1,ADAPTIVE,2.1196080555599996,3.472
2019-12-02T18:27:08+00:00,15.9,20.0,217.4,ADAPTIVE,2.1234166666700003,3.473
2019-12-02T18:27:11+00:00,15.9,19.0,217.3,ADAPTIVE,2.12721083333,3.481
2019-12-02T18:27:15+00:00,15.8,19.0,217.5,ADAPTIVE,2.13102,3.477
2019-12-02T18:27:19+00:00,15.9,20.0,218.3,ADAPTIVE,2.13481638889,3.4939999999999998
2019-12-02T18:27:23+00:00,15.9,20.0,217.9,ADAPTIVE,2.1386380555599995,3.506
2019-12-02T18:27:27+00:00,15.9,20.0,217.6,ADAPTIVE,2.14244138889,3.492
2019-12-02T18:27:31+00:00,15.9,20.0,217.9,ADAPTIVE,2.14625916667,3.492
2019-12-02T18:27:35+00:00,15.9,20.0,217.5,ADAPTIVE,2.15005777778,3.488
2019-12-02T18:27:39+00:00,15.9,20.0,217.6,ADAPTIVE,2.15387,3.484
2019-12-02T18:27:43+00:00,15.9,20.0,217.3,ADAPTIVE,2.15768138889,3.4909999999999997
2019-12-02T18:27:47+00:00,15.9,20.0,217.2,ADAPTIVE,2.16147638889,3.4939999999999998
2019-12-02T18:27:51+00:00,15.9,20.0,217.6,ADAPTIVE,2.16528861111,3.4909999999999997
2019-12-02T18:27:56+00:00,15.9,20.0,217.4,ADAPTIVE,2.16908694444,3.4819999999999998
2019-12-02T18:27:59+00:00,15.9,20.0,217.6,ADAPTIVE,2.17288444444,3.4979999999999998
2019-12-02T18:28:02+00:00,15.8,20.0,217.6,ADAPTIVE,2.17669944444,3.4789999999999996
2019-12-02T18:28:06+00:00,16.0,20.0,217.3,ADAPTIVE,2.18049638889,3.4939999999999998
2019-12-02T18:28:13+00:00,15.9,20.0,217.2,ADAPTIVE,2.18430388889,3.497
2019-12-02T18:28:16+00:00,15.9,20.0,217.4,ADAPTIVE,2.18810166667,3.4789999999999996
2019-12-02T18:28:18+00:00,15.9,20.0,216.9,ADAPTIVE,2.19191138889,3.4699999999999998
2019-12-02T18:28:22+00:00,15.9,20.0,216.7,ADAPTIVE,2.19569472222,3.477
2019-12-02T18:28:26+00:00,15.9,20.0,216.6,ADAPTIVE,2.1994930555599996,3.4779999999999998
2019-12-02T18:28:30+00:00,15.9,20.0,216.6,ADAPTIVE,2.2032724999999997,3.473
2019-12-02T18:28:34+00:00,15.9,20.0,216.9,ADAPTIVE,2.2070705555599996,3.4819999999999998
2019-12-02T18:28:38+00:00,15.8,20.0,217.5,ADAPTIVE,2.2108544444400002,3.4749999999999996
2019-12-02T18:28:42+00:00,15.9,20.0,217.6,ADAPTIVE,2.21467111111,3.4989999999999997
2019-12-02T18:28:46+00:00,15.9,20.0,217.8,ADAPTIVE,2.2184708333299996,3.496
2019-12-02T18:28:50+00:00,15.9,20.0,217.6,ADAPTIVE,2.22228722222,3.488
2019-12-02T18:28:54+00:00,15.9,20.0,217.9,ADAPTIVE,2.22608694444,3.502
2019-12-02T18:28:59+00:00,15.9,20.0,217.8,ADAPTIVE,2.22990388889,3.4819999999999998
2019-12-02T18:29:02+00:00,15.9,20.0,217.7,ADAPTIVE,2.23370527778,3.4859999999999998
2019-12-02T18:29:06+00:00,15.9,20.0,217.8,ADAPTIVE,2.23752527778,3.496
2019-12-02T18:29:09+00:00,15.9,20.0,218.3,ADAPTIVE,2.2413286111099997,3.489
2019-12-02T18:29:14+00:00,15.9,20.0,217.9,ADAPTIVE,2.2451511111099998,3.4909999999999997
2019-12-02T18:29:17+00:00,15.9,20.0,217.9,ADAPTIVE,2.24895694444,3.496
2019-12-02T18:29:21+00:00,15.9,20.0,218.2,ADAPTIVE,2.2527783333299998,3.502
2019-12-02T18:29:25+00:00,15.9,20.0,217.9,ADAPTIVE,2.25658194444,3.492
2019-12-02T18:29:27+00:00,15.9,20.0,217.9,ADAPTIVE,2.25658194444,3.492
2019-12-02T18:29:29+00:00,15.9,20.0,217.8,ADAPTIVE,2.2604011111099997,3.502
2019-12-02T18:29:33+00:00,16.0,20.0,218.0,ADAPTIVE,2.26420277778,3.508
2019-12-02T18:29:37+00:00,15.9,20.0,217.7,ADAPTIVE,2.2680208333299996,3.4859999999999998
2019-12-02T18:29:41+00:00,15.9,20.0,217.9,ADAPTIVE,2.2718233333299995,3.501
2019-12-02T18:29:45+00:00,15.9,20.0,218.0,ADAPTIVE,2.2756441666700002,3.489
2019-12-02T18:29:49+00:00,15.8,20.0,217.6,ADAPTIVE,2.2794483333299995,3.477
2019-12-02T18:29:53+00:00,15.9,20.0,217.7,ADAPTIVE,2.2832683333299997,3.506
2019-12-02T18:29:54+00:00,15.9,20.0,217.7,ADAPTIVE,2.2832683333299997,3.506
2019-12-02T18:29:57+00:00,16.0,20.0,217.8,ADAPTIVE,2.28706861111,3.505
2019-12-02T18:30:01+00:00,15.9,20.0,217.7,ADAPTIVE,2.29088416667,3.5
2019-12-02T18:30:05+00:00,15.9,20.0,217.6,ADAPTIVE,2.2946830555599997,3.4859999999999998
2019-12-02T18:30:06+00:00,15.9,20.0,217.6,ADAPTIVE,2.2946830555599997,3.4859999999999998
2019-12-02T18:30:09+00:00,15.9,20.0,217.5,ADAPTIVE,2.29849611111,3.4909999999999997
2019-12-02T18:30:12+00:00,15.9,20.0,217.7,ADAPTIVE,2.30229694444,3.496
2019-12-02T18:30:16+00:00,15.9,20.0,217.6,ADAPTIVE,2.3060966666700002,3.48
2019-12-02T18:30:20+00:00,15.9,20.0,217.6,ADAPTIVE,2.30991194444,3.48
2019-12-02T18:30:24+00:00,15.8,20.0,217.5,ADAPTIVE,2.31371222222,3.4749999999999996
2019-12-02T18:30:28+00:00,15.9,20.0,217.3,ADAPTIVE,2.31752777778,3.497
2019-12-02T18:30:32+00:00,15.9,20.0,217.5,ADAPTIVE,2.32132694444,3.4939999999999998
2019-12-02T18:30:36+00:00,16.0,20.0,217.8,ADAPTIVE,2.32514277778,3.504
2019-12-02T18:30:40+00:00,15.9,20.0,216.7,ADAPTIVE,2.3289424999999997,3.48
2019-12-02T18:30:44+00:00,15.9,20.0,217.1,ADAPTIVE,2.33275222222,3.481
2019-12-02T18:30:48+00:00,15.9,20.0,217.3,ADAPTIVE,2.3365472222199997,3.4909999999999997
2019-12-02T18:30:52+00:00,15.9,20.0,217.6,ADAPTIVE,2.3403586111099997,3.488
2019-12-02T18:30:56+00:00,15.9,20.0,217.8,ADAPTIVE,2.3441597222199997,3.489
2019-12-02T18:31:01+00:00,15.8,20.0,218.3,ADAPTIVE,2.3479811111099997,3.488
2019-12-02T18:31:05+00:00,15.9,20.0,217.8,ADAPTIVE,2.351785,3.4819999999999998
2019-12-02T18:31:08+00:00,15.9,20.0,218.0,ADAPTIVE,2.35560666667,3.484
2019-12-02T18:31:12+00:00,16.0,20.0,218.0,ADAPTIVE,2.3594086111099997,3.504
2019-12-02T18:31:16+00:00,15.9,20.0,218.0,ADAPTIVE,2.36323027778,3.506
2019-12-02T18:31:19+00:00,16.0,20.0,217.9,ADAPTIVE,2.36703527778,3.509
2019-12-02T18:31:23+00:00,15.9,20.0,218.0,ADAPTIVE,2.3708549999999997,3.488
2019-12-02T18:31:27+00:00,15.9,20.0,218.1,ADAPTIVE,2.3746608333299997,3.4979999999999998
2019-12-02T18:31:31+00:00,15.9,20.0,218.0,ADAPTIVE,2.37848166667,3.488
2019-12-02T18:31:35+00:00,15.8,20.0,217.6,ADAPTIVE,2.3822858333299997,3.4819999999999998
2019-12-02T18:31:39+00:00,15.9,20.0,218.2,ADAPTIVE,2.3861069444400003,3.5
2019-12-02T18:31:43+00:00,15.8,20.0,217.8,ADAPTIVE,2.3899130555599997,3.485
2019-12-02T18:31:49+00:00,15.9,20.0,217.9,ADAPTIVE,2.39373722222,3.51
2019-12-02T18:31:51+00:00,15.9,20.0,218.5,ADAPTIVE,2.39754333333,3.5109999999999997
2019-12-02T18:31:55+00:00,15.9,20.0,218.1,ADAPTIVE,2.4013708333299997,3.502
2019-12-02T18:31:59+00:00,15.9,20.0,218.0,ADAPTIVE,2.40517666667,3.4939999999999998
2019-12-02T18:32:04+00:00,15.9,20.0,218.0,ADAPTIVE,2.40898166667,3.4949999999999997
2019-12-02T18:32:07+00:00,10.9,20.0,219.0,ADAPTIVE,2.41193194444,2.411
2019-12-02T18:32:11+00:00,15.5,20.0,218.7,ADAPTIVE,2.41516861111,3.421
2019-12-02T18:32:15+00:00,15.9,20.0,218.0,ADAPTIVE,2.41898194444,3.496
2019-12-02T18:32:18+00:00,15.9,20.0,218.5,ADAPTIVE,2.42278777778,3.504
2019-12-02T18:32:23+00:00,15.9,20.0,219.1,ADAPTIVE,2.42661611111,3.505
2019-12-02T18:32:29+00:00,15.9,20.0,218.4,ADAPTIVE,2.4304283333299996,3.5029999999999997
2019-12-02T18:32:31+00:00,15.9,20.0,217.9,ADAPTIVE,2.4342558333299995,3.5069999999999997
2019-12-02T18:32:35+00:00,16.0,20.0,217.6,ADAPTIVE,2.4380558333299995,3.5069999999999997
2019-12-02T18:32:39+00:00,15.9,20.0,217.6,ADAPTIVE,2.44187166667,3.4869999999999997
2019-12-02T18:32:42+00:00,15.8,20.0,218.2,ADAPTIVE,2.4456736111099997,3.476
2019-12-02T18:32:46+00:00,15.9,20.0,218.0,ADAPTIVE,2.44949277778,3.496
2019-12-02T18:32:50+00:00,15.9,20.0,217.8,ADAPTIVE,2.45329638889,3.492
2019-12-02T18:32:54+00:00,15.9,20.0,217.9,ADAPTIVE,2.45711388889,3.496
2019-12-02T18:32:58+00:00,15.8,20.0,217.7,ADAPTIVE,2.4609147222199996,3.4819999999999998
2019-12-02T18:33:02+00:00,15.9,20.0,217.7,ADAPTIVE,2.4647305555599996,3.4869999999999997
2019-12-02T18:33:07+00:00,15.9,20.0,217.8,ADAPTIVE,2.46852944444,3.492
2019-12-02T18:33:10+00:00,15.8,20.0,217.8,ADAPTIVE,2.47234666667,3.4829999999999997
2019-12-02T18:33:14+00:00,15.9,20.0,217.0,ADAPTIVE,2.47614722222,3.501
2019-12-02T18:33:18+00:00,15.9,20.0,216.8,ADAPTIVE,2.4799522222199997,3.4779999999999998
2019-12-02T18:33:22+00:00,15.9,20.0,217.0,ADAPTIVE,2.48373638889,3.4829999999999997
2019-12-02T18:33:26+00:00,15.8,20.0,217.3,ADAPTIVE,2.48753722222,3.4629999999999996
2019-12-02T18:33:29+00:00,15.9,20.0,217.3,ADAPTIVE,2.49132416667,3.4819999999999998
2019-12-02T18:33:35+00:00,15.9,20.0,217.4,ADAPTIVE,2.49513277778,3.48
2019-12-02T18:33:37+00:00,15.9,20.0,218.0,ADAPTIVE,2.49893388889,3.509
2019-12-02T18:33:41+00:00,15.9,20.0,218.2,ADAPTIVE,2.5027405555599995,3.501
2019-12-02T18:33:46+00:00,15.9,20.0,218.0,ADAPTIVE,2.5065655555599995,3.508
2019-12-02T18:33:49+00:00,15.8,20.0,217.9,ADAPTIVE,2.5103725,3.485
2019-12-02T18:33:53+00:00,15.9,20.0,218.0,ADAPTIVE,2.5141941666700003,3.493
2019-12-02T18:33:57+00:00,15.8,20.0,217.4,ADAPTIVE,2.5179955555599998,3.4669999999999996
2019-12-02T18:34:01+00:00,15.9,20.0,218.0,ADAPTIVE,2.52181444444,3.4829999999999997
2019-12-02T18:34:08+00:00,15.9,20.0,217.9,ADAPTIVE,2.52561888889,3.4979999999999998
2019-12-02T18:34:10+00:00,15.8,20.0,218.1,ADAPTIVE,2.52942388889,3.4819999999999998
2019-12-02T18:34:13+00:00,15.9,20.0,218.0,ADAPTIVE,2.53324638889,3.493
2019-12-02T18:34:19+00:00,15.9,20.0,218.1,ADAPTIVE,2.5370536111099997,3.496
2019-12-02T18:34:21+00:00,15.9,20.0,218.4,ADAPTIVE,2.5408780555599995,3.4979999999999998
2019-12-02T18:34:25+00:00,15.9,20.0,217.8,ADAPTIVE,2.54468416667,3.4949999999999997
2019-12-02T18:34:29+00:00,15.9,20.0,218.2,ADAPTIVE,2.54848861111,3.489
2019-12-02T18:34:32+00:00,15.9,20.0,218.2,ADAPTIVE,2.54848861111,3.489
2019-12-02T18:34:33+00:00,15.9,20.0,218.0,ADAPTIVE,2.5523161111099997,3.4979999999999998
2019-12-02T18:34:35+00:00,15.9,20.0,218.0,ADAPTIVE,2.5523161111099997,3.4979999999999998
2019-12-02T18:34:37+00:00,16.0,20.0,218.2,ADAPTIVE,2.55612527778,3.5149999999999997
2019-12-02T18:34:40+00:00,15.8,20.0,218.2,ADAPTIVE,2.55994722222,3.4829999999999997
2019-12-02T18:34:54+00:00,15.9,20.0,218.4,ADAPTIVE,2.5713880555599995,3.504
2019-12-02T18:35:01+00:00,15.9,20.0,218.3,ADAPTIVE,2.57519833333,3.505
2019-12-02T18:35:05+00:00,15.9,20.0,218.4,ADAPTIVE,2.58284916667,3.5
2019-12-02T18:35:11+00:00,15.9,20.0,218.6,ADAPTIVE,2.58666305556,3.514
2019-12-02T18:35:12+00:00,15.9,20.0,218.4,ADAPTIVE,2.59049194444,3.509
2019-12-02T18:35:16+00:00,15.8,20.0,218.1,ADAPTIVE,2.5943033333299996,3.489
2019-12-02T18:35:29+00:00,15.8,20.0,218.0,ADAPTIVE,2.60575694444,3.4829999999999997
2019-12-02T18:35:48+00:00,15.9,20.0,218.1,ADAPTIVE,2.62101166667,3.512
2019-12-02T18:36:14+00:00,15.9,20.0,219.3,ADAPTIVE,2.6439897222199997,3.5189999999999997
2019-12-02T18:36:18+00:00,15.9,20.0,219.4,ADAPTIVE,2.65166388889,3.5189999999999997
2019-12-02T18:36:19+00:00,15.9,20.0,219.1,ADAPTIVE,2.65550833333,3.529
2019-12-02T18:36:28+00:00,15.9,20.0,218.7,ADAPTIVE,2.66317611111,3.4949999999999997
2019-12-02T18:36:48+00:00,15.9,8.0,218.2,ADAPTIVE,2.6784583333299996,3.496
2019-12-02T18:36:51+00:00,10.7,20.0,218.4,ADAPTIVE,2.6809013888899997,2.362
2019-12-02T18:36:52+00:00,15.5,20.0,218.1,ADAPTIVE,2.6841025,3.4259999999999997
2019-12-02T18:37:01+00:00,15.9,20.0,219.0,ADAPTIVE,2.69173888889,3.521
2019-12-02T18:37:03+00:00,15.9,20.0,218.6,ADAPTIVE,2.69557722222,3.513
2019-12-02T18:37:06+00:00,15.9,20.0,217.5,ADAPTIVE,2.6993799999999997,3.4819999999999998
2019-12-02T18:37:10+00:00,15.8,20.0,217.0,ADAPTIVE,2.70318777778,3.4629999999999996
2019-12-02T18:37:15+00:00,15.9,20.0,216.8,ADAPTIVE,2.7069694444400003,3.4709999999999996
2019-12-02T18:37:18+00:00,15.9,20.0,216.9,ADAPTIVE,2.71076861111,3.4829999999999997
2019-12-02T18:37:22+00:00,15.9,20.0,216.6,ADAPTIVE,2.7145530555599997,3.473
2019-12-02T18:37:31+00:00,15.9,20.0,217.3,ADAPTIVE,2.72216527778,3.4819999999999998
2019-12-02T18:37:34+00:00,15.9,20.0,217.4,ADAPTIVE,2.7259658333299996,3.4829999999999997
2019-12-02T18:37:38+00:00,15.9,20.0,217.6,ADAPTIVE,2.7297830555599996,3.5
2019-12-02T18:37:41+00:00,15.9,20.0,217.6,ADAPTIVE,2.7297830555599996,3.5
2019-12-02T18:37:46+00:00,16.0,20.0,218.3,ADAPTIVE,2.7335897222199996,3.522
2019-12-02T18:37:49+00:00,16.0,19.0,218.3,ADAPTIVE,2.737415,3.51
2019-12-02T18:37:52+00:00,15.8,19.0,218.3,ADAPTIVE,2.7412199999999998,3.4869999999999997
2019-12-02T18:38:00+00:00,15.9,19.0,218.2,ADAPTIVE,2.74885722222,3.4979999999999998
2019-12-02T18:38:08+00:00,15.9,20.0,218.6,ADAPTIVE,2.75650138889,3.5069999999999997
2019-12-02T18:38:33+00:00,15.9,20.0,218.1,ADAPTIVE,2.77942388889,3.501
2019-12-02T18:38:39+00:00,15.9,20.0,218.1,ADAPTIVE,2.7870683333299997,3.4909999999999997
2019-12-02T18:38:49+00:00,15.9,20.0,217.5,ADAPTIVE,2.79469277778,3.476
2019-12-02T18:38:52+00:00,15.9,20.0,216.8,ADAPTIVE,2.7984780555599995,3.473
2019-12-02T18:38:53+00:00,15.9,20.0,217.1,ADAPTIVE,2.80228611111,3.4859999999999998
2019-12-02T18:38:57+00:00,15.9,20.0,217.6,ADAPTIVE,2.80609611111,3.484
2019-12-02T18:39:01+00:00,15.9,20.0,216.8,ADAPTIVE,2.80990944444,3.484
2019-12-02T18:39:04+00:00,15.9,20.0,218.1,ADAPTIVE,2.8137149999999997,3.5069999999999997
2019-12-02T18:39:18+00:00,15.9,20.0,218.2,ADAPTIVE,2.82516444444,3.5
2019-12-02T18:39:25+00:00,16.0,19.0,217.7,ADAPTIVE,2.83280388889,3.509
2019-12-02T18:39:30+00:00,15.9,19.0,217.9,ADAPTIVE,2.8366286111099996,3.493
2019-12-02T18:39:32+00:00,15.9,19.0,218.1,ADAPTIVE,2.84043888889,3.502
2019-12-02T18:39:45+00:00,15.9,20.0,217.1,ADAPTIVE,2.8518630555599995,3.492
2019-12-02T18:39:48+00:00,15.9,20.0,217.1,ADAPTIVE,2.8518630555599995,3.492
2019-12-02T18:39:58+00:00,15.9,20.0,216.9,ADAPTIVE,2.86326027778,3.473
2019-12-02T18:40:00+00:00,15.9,20.0,216.9,ADAPTIVE,2.86326027778,3.473
2019-12-02T18:40:13+00:00,8.3,20.0,217.8,ADAPTIVE,2.8722422222199997,1.8139999999999998
2019-12-02T18:40:23+00:00,16.0,20.0,217.6,ADAPTIVE,2.88224194444,3.501
2019-12-02T18:40:24+00:00,15.9,20.0,217.5,ADAPTIVE,2.88606194444,3.488
2019-12-02T18:40:28+00:00,15.9,20.0,217.3,ADAPTIVE,2.88988111111,3.4819999999999998
2019-12-02T18:40:32+00:00,16.0,20.0,217.5,ADAPTIVE,2.893685,3.506
2019-12-02T18:40:35+00:00,15.9,20.0,217.9,ADAPTIVE,2.89751388889,3.4939999999999998
2019-12-02T18:40:40+00:00,15.9,20.0,217.5,ADAPTIVE,2.90132777778,3.496
2019-12-02T18:40:43+00:00,15.9,20.0,217.7,ADAPTIVE,2.9051483333299997,3.481
2019-12-02T18:40:47+00:00,16.0,20.0,217.5,ADAPTIVE,2.90895111111,3.4989999999999997
2019-12-02T18:40:51+00:00,15.9,19.0,217.1,ADAPTIVE,2.9127530555599996,3.4789999999999996
2019-12-02T18:40:55+00:00,15.9,19.0,217.2,ADAPTIVE,2.91657138889,3.496
2019-12-02T18:40:59+00:00,15.9,20.0,216.8,ADAPTIVE,2.92037027778,3.4819999999999998
2019-12-02T18:41:03+00:00,15.9,20.0,216.8,ADAPTIVE,2.92418166667,3.4899999999999998
2019-12-02T18:41:07+00:00,15.9,20.0,217.0,ADAPTIVE,2.9279766666700002,3.4899999999999998
2019-12-02T18:41:11+00:00,16.0,20.0,216.8,ADAPTIVE,2.9317847222199998,3.492
2019-12-02T18:41:15+00:00,15.9,20.0,216.5,ADAPTIVE,2.93557277778,3.476
2019-12-02T18:41:19+00:00,15.9,20.0,216.6,ADAPTIVE,2.93937777778,3.4829999999999997
2019-12-02T18:41:23+00:00,16.0,20.0,216.7,ADAPTIVE,2.9431666666700003,3.4949999999999997
2019-12-02T18:41:26+00:00,15.9,20.0,216.8,ADAPTIVE,2.9469755555599995,3.484
2019-12-02T18:41:32+00:00,16.0,20.0,216.6,ADAPTIVE,2.9507683333299997,3.4909999999999997
2019-12-02T18:41:34+00:00,15.9,20.0,216.7,ADAPTIVE,2.95457583333,3.477
2019-12-02T18:41:38+00:00,15.9,20.0,216.6,ADAPTIVE,2.95836888889,3.476
2019-12-02T18:41:42+00:00,16.0,20.0,216.7,ADAPTIVE,2.9621774999999997,3.4899999999999998
2019-12-02T18:41:46+00:00,15.9,20.0,217.2,ADAPTIVE,2.9659730555599997,3.4819999999999998
2019-12-02T18:41:50+00:00,15.9,20.0,217.1,ADAPTIVE,2.96978166667,3.4859999999999998
2019-12-02T18:41:54+00:00,15.9,20.0,216.9,ADAPTIVE,2.97357527778,3.4779999999999998
2019-12-02T18:41:58+00:00,16.0,20.0,217.2,ADAPTIVE,2.97738416667,3.4989999999999997
2019-12-02T18:42:02+00:00,15.9,19.0,216.6,ADAPTIVE,2.98119194444,3.477
2019-12-02T18:42:06+00:00,15.9,19.0,216.6,ADAPTIVE,2.98498083333,3.4819999999999998
2019-12-02T18:42:10+00:00,15.9,19.0,217.7,ADAPTIVE,2.98877638889,3.4979999999999998
2019-12-02T18:42:14+00:00,15.9,19.0,216.7,ADAPTIVE,2.9925883333299996,3.472
2019-12-02T18:42:18+00:00,15.9,20.0,216.1,ADAPTIVE,2.9963733333299998,3.4659999999999997
2019-12-02T18:42:23+00:00,15.9,20.0,216.3,ADAPTIVE,3.00016611111,3.4699999999999998
2019-12-02T18:42:26+00:00,15.9,20.0,215.9,ADAPTIVE,3.00394166667,3.4539999999999997
2019-12-02T18:42:30+00:00,15.9,20.0,215.7,ADAPTIVE,3.0077358333299995,3.464
2019-12-02T18:42:33+00:00,16.0,20.0,215.9,ADAPTIVE,3.0115133333299995,3.477
2019-12-02T18:42:37+00:00,15.9,20.0,215.9,ADAPTIVE,3.0153069444400002,3.4589999999999996
2019-12-02T18:42:41+00:00,16.0,20.0,216.1,ADAPTIVE,3.01908638889,3.48
2019-12-02T18:42:45+00:00,15.9,20.0,216.0,ADAPTIVE,3.02288222222,3.468
2019-12-02T18:42:49+00:00,16.0,20.0,215.9,ADAPTIVE,3.02666416667,3.489
2019-12-02T18:42:53+00:00,15.9,20.0,216.0,ADAPTIVE,3.0304588888899997,3.472
2019-12-02T18:42:57+00:00,15.8,20.0,216.3,ADAPTIVE,3.0342380555599995,3.457
2019-12-02T18:43:01+00:00,15.9,20.0,216.3,ADAPTIVE,3.0380355555599996,3.4779999999999998
2019-12-02T18:43:05+00:00,15.9,20.0,216.1,ADAPTIVE,3.0418149999999997,3.4669999999999996
2019-12-02T18:43:09+00:00,15.9,20.0,216.2,ADAPTIVE,3.04561222222,3.477
2019-12-02T18:43:13+00:00,15.9,20.0,216.1,ADAPTIVE,3.04939277778,3.465
2019-12-02T18:43:17+00:00,15.9,20.0,216.2,ADAPTIVE,3.05319194444,3.4579999999999997
2019-12-02T18:43:20+00:00,15.9,20.0,216.1,ADAPTIVE,3.0569730555599994,3.46
2019-12-02T18:43:25+00:00,15.9,20.0,216.1,ADAPTIVE,3.06076944444,3.461
2019-12-02T18:43:28+00:00,16.0,20.0,216.3,ADAPTIVE,3.06455083333,3.493
2019-12-02T18:43:32+00:00,16.0,20.0,216.5,ADAPTIVE,3.06835083333,3.481
2019-12-02T18:43:38+00:00,15.9,20.0,216.4,ADAPTIVE,3.0721333333299996,3.468
2019-12-02T18:43:40+00:00,16.0,20.0,216.3,ADAPTIVE,3.0759308333299997,3.484
2019-12-02T18:43:44+00:00,15.9,20.0,216.1,ADAPTIVE,3.0797138888899998,3.473
2019-12-02T18:43:48+00:00,15.9,20.0,216.5,ADAPTIVE,3.0835005555599997,3.465
2019-12-02T18:43:55+00:00,16.0,20.0,216.2,ADAPTIVE,3.0873061111099998,3.4859999999999998
2019-12-02T18:43:56+00:00,15.9,20.0,216.3,ADAPTIVE,3.09109416667,3.473
2019-12-02T18:44:01+00:00,16.0,20.0,216.3,ADAPTIVE,3.09490194444,3.4909999999999997
2019-12-02T18:44:04+00:00,16.0,20.0,216.1,ADAPTIVE,3.0986930555599996,3.481
2019-12-02T18:44:08+00:00,16.0,20.0,216.4,ADAPTIVE,3.1024897222199996,3.4859999999999998
2019-12-02T18:44:12+00:00,16.0,20.0,216.3,ADAPTIVE,3.1062769444400002,3.489
2019-12-02T18:44:16+00:00,15.9,20.0,216.2,ADAPTIVE,3.11008166667,3.472
2019-12-02T18:44:20+00:00,16.0,20.0,215.3,ADAPTIVE,3.11386166667,3.468
2019-12-02T18:44:24+00:00,15.9,20.0,215.6,ADAPTIVE,3.1176458333299997,3.4629999999999996
2019-12-02T18:44:28+00:00,15.9,20.0,215.7,ADAPTIVE,3.12141694444,3.469
2019-12-02T18:44:32+00:00,16.0,20.0,215.3,ADAPTIVE,3.12519138889,3.464
2019-12-02T18:44:35+00:00,15.9,20.0,215.8,ADAPTIVE,3.1289675,3.4629999999999996
2019-12-02T18:44:39+00:00,15.9,20.0,216.6,ADAPTIVE,3.1327661111099996,3.464
2019-12-02T18:44:43+00:00,16.0,20.0,216.3,ADAPTIVE,3.13655527778,3.4859999999999998
2019-12-02T18:44:47+00:00,15.9,20.0,216.1,ADAPTIVE,3.14035972222,3.473
2019-12-02T18:44:51+00:00,9.6,20.0,217.0,ADAPTIVE,3.14398361111,2.106
2019-12-02T18:44:55+00:00,13.4,20.0,216.5,ADAPTIVE,3.1465680555599995,2.924
2019-12-02T18:44:59+00:00,16.0,20.0,216.4,ADAPTIVE,3.1502030555599996,3.4859999999999998
2019-12-02T18:45:03+00:00,16.0,20.0,216.5,ADAPTIVE,3.1539991666700002,3.4979999999999998
2019-12-02T18:45:07+00:00,16.0,20.0,216.6,ADAPTIVE,3.15781111111,3.4829999999999997
2019-12-02T18:45:11+00:00,15.9,20.0,216.4,ADAPTIVE,3.1616038888899998,3.4699999999999998
2019-12-02T18:45:15+00:00,15.9,20.0,216.3,ADAPTIVE,3.16539277778,3.4659999999999997
2019-12-02T18:45:19+00:00,16.0,20.0,216.3,ADAPTIVE,3.1691955555599995,3.496
2019-12-02T18:45:23+00:00,15.9,20.0,216.4,ADAPTIVE,3.1729830555599996,3.477
2019-12-02T18:45:27+00:00,15.9,20.0,216.7,ADAPTIVE,3.1767897222199997,3.48
2019-12-02T18:45:31+00:00,15.9,20.0,216.5,ADAPTIVE,3.1805838888899998,3.481
2019-12-02T18:45:35+00:00,15.9,20.0,216.3,ADAPTIVE,3.18439416667,3.4779999999999998
2019-12-02T18:45:39+00:00,15.9,20.0,216.6,ADAPTIVE,3.18818888889,3.472
2019-12-02T18:45:42+00:00,15.9,20.0,216.8,ADAPTIVE,3.1920005555599995,3.48
2019-12-02T18:45:46+00:00,16.0,20.0,216.6,ADAPTIVE,3.19579722222,3.5
2019-12-02T18:45:50+00:00,16.0,20.0,216.7,ADAPTIVE,3.1996136111099998,3.492
2019-12-02T18:45:54+00:00,15.9,20.0,216.7,ADAPTIVE,3.20341416667,3.476
2019-12-02T18:45:58+00:00,15.9,20.0,216.9,ADAPTIVE,3.20723138889,3.4829999999999997
2019-12-02T18:46:02+00:00,16.0,20.0,216.8,ADAPTIVE,3.2110333333299996,3.5
2019-12-02T18:46:06+00:00,15.9,20.0,216.7,ADAPTIVE,3.2148333333299997,3.4859999999999998
2019-12-02T18:46:12+00:00,16.0,20.0,216.6,ADAPTIVE,3.21865222222,3.502
2019-12-02T18:46:14+00:00,16.0,20.0,216.8,ADAPTIVE,3.22245333333,3.4939999999999998
2019-12-02T18:46:18+00:00,15.9,20.0,216.7,ADAPTIVE,3.22626944444,3.48
2019-12-02T18:46:20+00:00,15.9,20.0,216.7,ADAPTIVE,3.22626944444,3.48
2019-12-02T18:46:22+00:00,16.0,20.0,217.0,ADAPTIVE,3.23006944444,3.5069999999999997
2019-12-02T18:46:28+00:00,15.9,20.0,216.8,ADAPTIVE,3.2338694444400002,3.488
2019-12-02T18:46:31+00:00,16.0,20.0,216.8,ADAPTIVE,3.23768722222,3.4939999999999998
2019-12-02T18:46:35+00:00,15.9,20.0,216.9,ADAPTIVE,3.2414883333299995,3.489
2019-12-02T18:46:38+00:00,15.9,20.0,216.8,ADAPTIVE,3.2453055555599994,3.481
2019-12-02T18:46:42+00:00,15.9,20.0,216.7,ADAPTIVE,3.24910638889,3.4779999999999998
2019-12-02T18:46:46+00:00,16.0,20.0,215.9,ADAPTIVE,3.2528983333299997,3.48
2019-12-02T18:46:50+00:00,15.9,20.0,215.9,ADAPTIVE,3.25669805556,3.4749999999999996
2019-12-02T18:46:53+00:00,16.0,20.0,215.3,ADAPTIVE,3.2604780555599997,3.4739999999999998
2019-12-02T18:46:57+00:00,15.9,20.0,215.4,ADAPTIVE,3.2642730555599995,3.4629999999999996
2019-12-02T18:47:01+00:00,16.0,20.0,215.7,ADAPTIVE,3.2680519444400002,3.4699999999999998
2019-12-02T18:47:05+00:00,15.9,20.0,216.6,ADAPTIVE,3.27185138889,3.473
2019-12-02T18:47:09+00:00,16.0,20.0,216.2,ADAPTIVE,3.27564638889,3.4869999999999997
2019-12-02T18:47:13+00:00,15.9,20.0,216.6,ADAPTIVE,3.27943972222,3.48
2019-12-02T18:47:17+00:00,16.0,20.0,216.4,ADAPTIVE,3.28325194444,3.4899999999999998
2019-12-02T18:47:22+00:00,15.9,20.0,216.7,ADAPTIVE,3.2870455555599998,3.4739999999999998
2019-12-02T18:47:25+00:00,16.0,20.0,216.8,ADAPTIVE,3.29084166667,3.488
2019-12-02T18:47:29+00:00,16.0,20.0,216.5,ADAPTIVE,3.2946530555599995,3.481
2019-12-02T18:47:34+00:00,16.0,20.0,216.6,ADAPTIVE,3.2984497222199995,3.484
2019-12-02T18:47:37+00:00,15.9,20.0,216.6,ADAPTIVE,3.30226194444,3.4819999999999998
2019-12-02T18:47:41+00:00,15.9,20.0,217.2,ADAPTIVE,3.30606916667,3.481
2019-12-02T18:47:45+00:00,16.0,20.0,216.6,ADAPTIVE,3.30988444444,3.488
2019-12-02T18:47:49+00:00,16.0,20.0,216.6,ADAPTIVE,3.31368027778,3.492
2019-12-02T18:47:52+00:00,15.9,20.0,216.5,ADAPTIVE,3.31749194444,3.476
2019-12-02T18:47:57+00:00,16.0,20.0,216.6,ADAPTIVE,3.3212872222199996,3.501
2019-12-02T18:48:02+00:00,16.0,20.0,216.6,ADAPTIVE,3.3250836111099997,3.4939999999999998
2019-12-02T18:48:04+00:00,16.0,20.0,216.6,ADAPTIVE,3.32889638889,3.4979999999999998
2019-12-02T18:48:08+00:00,15.9,20.0,216.6,ADAPTIVE,3.3326933333299995,3.485
2019-12-02T18:48:12+00:00,15.9,20.0,216.5,ADAPTIVE,3.33650722222,3.481
2019-12-02T18:48:16+00:00,15.9,20.0,216.7,ADAPTIVE,3.34030444444,3.484
2019-12-02T18:48:21+00:00,15.9,20.0,216.6,ADAPTIVE,3.3441008333299997,3.472
2019-12-02T18:48:24+00:00,16.0,20.0,216.7,ADAPTIVE,3.3479133333299997,3.4829999999999997
2019-12-02T18:48:28+00:00,15.9,20.0,216.5,ADAPTIVE,3.35170972222,3.4819999999999998
2019-12-02T18:48:32+00:00,15.9,20.0,216.5,ADAPTIVE,3.35550638889,3.485
2019-12-02T18:48:36+00:00,15.9,20.0,216.8,ADAPTIVE,3.35932,3.477
2019-12-02T18:48:40+00:00,16.0,20.0,217.0,ADAPTIVE,3.3631208333299996,3.5
2019-12-02T18:48:44+00:00,16.0,20.0,216.7,ADAPTIVE,3.36693416667,3.4939999999999998
2019-12-02T18:48:48+00:00,16.0,20.0,216.6,ADAPTIVE,3.37073027778,3.493
2019-12-02T18:48:52+00:00,16.0,20.0,216.5,ADAPTIVE,3.37452666667,3.4899999999999998
2019-12-02T18:48:56+00:00,15.9,20.0,216.7,ADAPTIVE,3.37833777778,3.476
2019-12-02T18:49:00+00:00,16.0,20.0,216.5,ADAPTIVE,3.3821325,3.4899999999999998
2019-12-02T18:49:03+00:00,16.0,20.0,216.6,ADAPTIVE,3.3859447222199996,3.485
2019-12-02T18:49:08+00:00,15.9,20.0,216.6,ADAPTIVE,3.38974083333,3.476
2019-12-02T18:49:11+00:00,15.9,20.0,216.8,ADAPTIVE,3.39353666667,3.484
2019-12-02T18:49:15+00:00,15.9,20.0,216.1,ADAPTIVE,3.3973472222199996,3.4789999999999996
2019-12-02T18:49:20+00:00,15.8,20.0,215.2,ADAPTIVE,3.40110944444,3.428
2019-12-02T18:49:23+00:00,15.7,20.0,215.2,ADAPTIVE,3.4048636111099997,3.411
2019-12-02T18:49:27+00:00,15.8,20.0,215.4,ADAPTIVE,3.40860027778,3.421
2019-12-02T18:49:31+00:00,15.8,20.0,214.8,ADAPTIVE,3.4123375,3.417
2019-12-02T18:49:35+00:00,15.8,20.0,215.1,ADAPTIVE,3.4160905555599994,3.435
2019-12-02T18:49:40+00:00,15.9,20.0,213.8,ADAPTIVE,3.41980638889,3.432
2019-12-02T18:49:43+00:00,15.8,20.0,214.1,ADAPTIVE,3.42353888889,3.4059999999999997
2019-12-02T18:49:47+00:00,15.8,20.0,213.9,ADAPTIVE,3.42725472222,3.407
2019-12-02T18:49:51+00:00,15.8,20.0,214.0,ADAPTIVE,3.43097416667,3.423
2019-12-02T18:49:55+00:00,15.8,20.0,214.2,ADAPTIVE,3.43470916667,3.4059999999999997
2019-12-02T18:49:59+00:00,15.8,20.0,215.0,ADAPTIVE,3.43843777778,3.437
2019-12-02T18:50:02+00:00,15.9,20.0,214.8,ADAPTIVE,3.4421855555599996,3.444
2019-12-02T18:50:06+00:00,15.8,20.0,215.1,ADAPTIVE,3.44592138889,3.428
2019-12-02T18:50:10+00:00,15.8,20.0,215.1,ADAPTIVE,3.44966972222,3.435
2019-12-02T18:50:14+00:00,15.8,20.0,214.9,ADAPTIVE,3.4534005555599996,3.432
2019-12-02T18:50:19+00:00,15.8,20.0,214.9,ADAPTIVE,3.45713277778,3.416
2019-12-02T18:50:22+00:00,15.8,20.0,215.3,ADAPTIVE,3.4608855555599995,3.436
2019-12-02T18:50:27+00:00,15.8,20.0,214.8,ADAPTIVE,3.4646222222199996,3.4339999999999997
2019-12-02T18:50:30+00:00,15.9,20.0,214.9,ADAPTIVE,3.4683736111099996,3.439
2019-12-02T18:50:34+00:00,15.9,20.0,215.0,ADAPTIVE,3.4721083333299996,3.44
2019-12-02T18:50:40+00:00,15.8,20.0,215.1,ADAPTIVE,3.4758597222199996,3.42
2019-12-02T18:50:44+00:00,15.8,20.0,215.4,ADAPTIVE,3.4796008333299997,3.4379999999999997
2019-12-02T18:50:46+00:00,15.8,20.0,215.3,ADAPTIVE,3.483355,3.428
2019-12-02T18:50:51+00:00,15.8,20.0,215.3,ADAPTIVE,3.4870913888899997,3.44
2019-12-02T18:50:54+00:00,15.9,20.0,215.3,ADAPTIVE,3.4908258333299997,3.444
2019-12-02T18:50:58+00:00,15.8,20.0,214.8,ADAPTIVE,3.49457916667,3.429
2019-12-02T18:51:01+00:00,15.8,20.0,215.3,ADAPTIVE,3.4983147222199995,3.427
2019-12-02T18:51:06+00:00,15.9,20.0,215.1,ADAPTIVE,3.50206888889,3.443
2019-12-02T18:51:09+00:00,15.8,20.0,215.1,ADAPTIVE,3.5058058333299997,3.428
2019-12-02T18:51:13+00:00,15.9,20.0,215.3,ADAPTIVE,3.5095608333299997,3.452
2019-12-02T18:51:18+00:00,15.9,20.0,215.0,ADAPTIVE,3.5133041666700002,3.452
2019-12-02T18:51:21+00:00,15.8,20.0,215.3,ADAPTIVE,3.51705027778,3.4339999999999997
2019-12-02T18:51:25+00:00,15.8,20.0,215.0,ADAPTIVE,3.5207972222199997,3.424
2019-12-02T18:51:31+00:00,15.8,20.0,215.2,ADAPTIVE,3.52453583333,3.4219999999999997
2019-12-02T18:51:33+00:00,15.9,20.0,215.4,ADAPTIVE,3.5282919444400003,3.4419999999999997
2019-12-02T18:51:37+00:00,15.8,20.0,214.4,ADAPTIVE,3.5320175,3.413
2019-12-02T18:51:42+00:00,15.8,20.0,215.6,ADAPTIVE,3.53575666667,3.444
2019-12-02T18:51:45+00:00,15.7,20.0,216.7,ADAPTIVE,3.53953694444,3.4379999999999997
2019-12-02T18:51:49+00:00,15.8,20.0,216.5,ADAPTIVE,3.5433030555599996,3.464
2019-12-02T18:51:53+00:00,15.8,20.0,216.6,ADAPTIVE,3.54708527778,3.449
2019-12-02T18:51:57+00:00,15.8,20.0,217.5,ADAPTIVE,3.55085972222,3.4549999999999996
2019-12-02T18:52:01+00:00,15.8,20.0,217.9,ADAPTIVE,3.55465861111,3.4669999999999996
2019-12-02T18:52:05+00:00,15.8,20.0,217.1,ADAPTIVE,3.5584358333299995,3.468
2019-12-02T18:52:09+00:00,15.8,20.0,216.9,ADAPTIVE,3.5622097222199995,3.4619999999999997
2019-12-02T18:52:12+00:00,15.8,20.0,217.3,ADAPTIVE,3.56600166667,3.477
2019-12-02T18:52:16+00:00,15.8,20.0,217.3,ADAPTIVE,3.56977916667,3.468
2019-12-02T18:52:20+00:00,15.8,20.0,216.8,ADAPTIVE,3.5735736111099996,3.472
2019-12-02T18:52:24+00:00,15.8,20.0,217.2,ADAPTIVE,3.5773474999999997,3.4619999999999997
2019-12-02T18:52:28+00:00,15.9,20.0,217.0,ADAPTIVE,3.58113694444,3.4829999999999997
2019-12-02T18:52:32+00:00,15.8,20.0,217.1,ADAPTIVE,3.58491416667,3.464
2019-12-02T18:52:36+00:00,15.8,20.0,217.0,ADAPTIVE,3.58870666667,3.465
2019-12-02T18:52:40+00:00,15.9,20.0,217.5,ADAPTIVE,3.5924799999999997,3.477
2019-12-02T18:52:45+00:00,15.9,20.0,216.2,ADAPTIVE,3.5962630555599997,3.457
2019-12-02T18:52:48+00:00,15.8,20.0,216.2,ADAPTIVE,3.6000175,3.439
2019-12-02T18:52:52+00:00,8.1,8.0,217.1,ADAPTIVE,3.60271194444,1.769
2019-12-02T18:52:56+00:00,11.6,20.0,216.4,ADAPTIVE,3.60492444444,2.5309999999999997
2019-12-02T18:53:00+00:00,15.6,20.0,216.2,ADAPTIVE,3.608275,3.407
2019-12-02T18:53:04+00:00,15.9,20.0,216.8,ADAPTIVE,3.61202666667,3.4669999999999996
2019-12-02T18:53:11+00:00,15.8,20.0,217.0,ADAPTIVE,3.61579916667,3.4539999999999997
2019-12-02T18:53:12+00:00,15.8,20.0,216.9,ADAPTIVE,3.6195886111099997,3.4669999999999996
2019-12-02T18:53:16+00:00,15.8,20.0,216.8,ADAPTIVE,3.62336111111,3.4619999999999997
2019-12-02T18:53:18+00:00,15.8,20.0,216.8,ADAPTIVE,3.62336111111,3.4619999999999997
2019-12-02T18:53:20+00:00,15.8,20.0,217.2,ADAPTIVE,3.62714888889,3.465
2019-12-02T18:53:24+00:00,15.9,20.0,217.1,ADAPTIVE,3.63092166667,3.4669999999999996
2019-12-02T18:53:27+00:00,15.8,20.0,217.2,ADAPTIVE,3.63470944444,3.4579999999999997
2019-12-02T18:53:31+00:00,15.8,20.0,216.9,ADAPTIVE,3.63848194444,3.465
2019-12-02T18:53:37+00:00,15.8,20.0,217.0,ADAPTIVE,3.6422691666700002,3.4539999999999997
2019-12-02T18:53:41+00:00,15.9,20.0,216.9,ADAPTIVE,3.64604138889,3.4739999999999998
2019-12-02T18:53:48+00:00,15.9,20.0,216.9,ADAPTIVE,3.65360111111,3.48
2019-12-02T18:53:50+00:00,15.9,20.0,216.9,ADAPTIVE,3.65360111111,3.48
2019-12-02T18:53:51+00:00,15.8,20.0,216.3,ADAPTIVE,3.65737194444,3.448
2019-12-02T18:53:55+00:00,15.8,20.0,217.5,ADAPTIVE,3.66115416667,3.465
2019-12-02T18:53:59+00:00,15.9,20.0,217.2,ADAPTIVE,3.6649330555599997,3.476
2019-12-02T18:54:03+00:00,15.8,20.0,216.5,ADAPTIVE,3.66872,3.457
2019-12-02T18:54:07+00:00,15.8,20.0,216.7,ADAPTIVE,3.6724908333299995,3.4619999999999997
2019-12-02T18:54:11+00:00,15.8,20.0,215.9,ADAPTIVE,3.67625777778,3.435
2019-12-02T18:54:15+00:00,15.8,20.0,215.8,ADAPTIVE,3.68000694444,3.445
2019-12-02T18:54:19+00:00,15.8,20.0,215.6,ADAPTIVE,3.6837733333299996,3.447
2019-12-02T18:54:23+00:00,15.8,20.0,216.4,ADAPTIVE,3.6875272222199995,3.457
2019-12-02T18:54:27+00:00,15.8,20.0,215.9,ADAPTIVE,3.6912838888899997,3.456
2019-12-02T18:54:31+00:00,15.9,20.0,217.0,ADAPTIVE,3.695065,3.4859999999999998
2019-12-02T18:54:34+00:00,15.8,20.0,217.2,ADAPTIVE,3.6988405555599995,3.476
2019-12-02T18:54:38+00:00,15.8,20.0,217.1,ADAPTIVE,3.7026311111099997,3.4549999999999996
2019-12-02T18:54:42+00:00,15.9,20.0,217.2,ADAPTIVE,3.70640472222,3.4739999999999998
2019-12-02T18:54:47+00:00,15.8,20.0,217.5,ADAPTIVE,3.71019472222,3.469
2019-12-02T18:54:50+00:00,15.8,20.0,217.1,ADAPTIVE,3.7139708333299994,3.468
2019-12-02T18:54:54+00:00,15.8,20.0,217.1,ADAPTIVE,3.71776166667,3.473
2019-12-02T18:54:58+00:00,15.8,20.0,217.5,ADAPTIVE,3.72153694444,3.468
2019-12-02T18:55:02+00:00,15.8,20.0,217.0,ADAPTIVE,3.72532888889,3.4539999999999997
2019-12-02T18:55:06+00:00,15.8,20.0,217.0,ADAPTIVE,3.7291030555599995,3.4589999999999996
2019-12-02T18:55:08+00:00,15.8,20.0,217.0,ADAPTIVE,3.7291030555599995,3.4589999999999996
2019-12-02T18:55:10+00:00,15.8,20.0,217.2,ADAPTIVE,3.7328949999999996,3.468
2019-12-02T18:55:14+00:00,15.8,20.0,217.2,ADAPTIVE,3.73667083333,3.472
2019-12-02T18:55:18+00:00,15.8,20.0,217.1,ADAPTIVE,3.7404636111099996,3.4709999999999996
2019-12-02T18:55:22+00:00,15.8,20.0,217.3,ADAPTIVE,3.74424027778,3.4709999999999996
2019-12-02T18:55:26+00:00,15.9,20.0,217.4,ADAPTIVE,3.74803194444,3.4789999999999996
2019-12-02T18:55:30+00:00,15.9,20.0,217.7,ADAPTIVE,3.75181194444,3.4789999999999996
2019-12-02T18:55:34+00:00,15.9,20.0,217.5,ADAPTIVE,3.75560916667,3.489
2019-12-02T18:55:37+00:00,15.8,20.0,218.0,ADAPTIVE,3.75940222222,3.488
2019-12-02T18:55:41+00:00,15.9,20.0,218.5,ADAPTIVE,3.76320472222,3.5
2019-12-02T18:55:45+00:00,15.8,20.0,217.7,ADAPTIVE,3.76701472222,3.4749999999999996
2019-12-02T18:55:50+00:00,15.8,20.0,217.0,ADAPTIVE,3.7707975,3.468
2019-12-02T18:55:54+00:00,15.9,20.0,217.5,ADAPTIVE,3.77459277778,3.485
2019-12-02T18:55:57+00:00,15.8,20.0,217.2,ADAPTIVE,3.7783683333299996,3.4659999999999997
2019-12-02T18:56:01+00:00,15.8,20.0,217.7,ADAPTIVE,3.78216277778,3.472
2019-12-02T18:56:05+00:00,11.3,20.0,218.2,ADAPTIVE,3.78510472222,2.492
2019-12-02T18:56:09+00:00,15.5,20.0,217.7,ADAPTIVE,3.78841666667,3.393
2019-12-02T18:56:11+00:00,15.5,20.0,217.7,ADAPTIVE,3.78841666667,3.393
2019-12-02T18:56:13+00:00,15.8,20.0,216.9,ADAPTIVE,3.792185,3.4779999999999998
2019-12-02T18:56:14+00:00,15.8,20.0,216.9,ADAPTIVE,3.792185,3.4779999999999998
2019-12-02T18:56:17+00:00,15.8,20.0,217.4,ADAPTIVE,3.7959755555599997,3.4539999999999997
2019-12-02T18:56:21+00:00,15.8,20.0,216.9,ADAPTIVE,3.79975111111,3.4659999999999997
2019-12-02T18:56:25+00:00,15.9,20.0,217.1,ADAPTIVE,3.8035408333299996,3.4739999999999998
2019-12-02T18:56:29+00:00,15.9,20.0,217.1,ADAPTIVE,3.8073130555599994,3.476
2019-12-02T18:56:33+00:00,15.8,20.0,217.2,ADAPTIVE,3.81108416667,3.4579999999999997
2019-12-02T18:56:37+00:00,15.8,20.0,217.0,ADAPTIVE,3.81487277778,3.4629999999999996
2019-12-02T18:56:41+00:00,15.8,20.0,217.1,ADAPTIVE,3.8186461111099996,3.4659999999999997
2019-12-02T18:56:44+00:00,15.9,20.0,216.8,ADAPTIVE,3.8224372222199996,3.461
2019-12-02T18:56:48+00:00,15.8,20.0,217.2,ADAPTIVE,3.82621027778,3.4589999999999996
2019-12-02T18:56:53+00:00,15.8,20.0,217.0,ADAPTIVE,3.8300025,3.464
2019-12-02T18:56:57+00:00,15.8,20.0,217.2,ADAPTIVE,3.8337786111099996,3.4589999999999996
2019-12-02T18:57:01+00:00,15.9,20.0,217.1,ADAPTIVE,3.83755388889,3.4709999999999996
2019-12-02T18:57:05+00:00,15.8,20.0,217.1,ADAPTIVE,3.8413447222199997,3.4499999999999997
2019-12-02T18:57:08+00:00,15.8,20.0,217.3,ADAPTIVE,3.8451186111099998,3.465
2019-12-02T18:57:12+00:00,15.9,20.0,217.1,ADAPTIVE,3.8489105555599994,3.484
2019-12-02T18:57:16+00:00,15.8,20.0,217.4,ADAPTIVE,3.85268527778,3.465
2019-12-02T18:57:23+00:00,15.8,20.0,217.5,ADAPTIVE,3.8564613888899997,3.46
2019-12-02T18:57:25+00:00,15.8,20.0,217.1,ADAPTIVE,3.86025138889,3.469
2019-12-02T18:57:29+00:00,15.8,20.0,216.9,ADAPTIVE,3.8640247222199995,3.464
2019-12-02T18:57:33+00:00,15.9,20.0,217.3,ADAPTIVE,3.8678158333299995,3.4789999999999996
2019-12-02T18:57:36+00:00,15.8,20.0,216.2,ADAPTIVE,3.87158666667,3.441
2019-12-02T18:57:40+00:00,15.8,20.0,215.3,ADAPTIVE,3.8753530555599998,3.427
2019-12-02T18:57:44+00:00,15.9,20.0,216.4,ADAPTIVE,3.8791080555599997,3.457
2019-12-02T18:57:48+00:00,15.8,20.0,216.0,ADAPTIVE,3.8828774999999998,3.4419999999999997
2019-12-02T18:57:51+00:00,15.8,20.0,217.0,ADAPTIVE,3.88664805556,3.4629999999999996
2019-12-02T18:57:56+00:00,15.8,20.0,216.5,ADAPTIVE,3.8904361111099997,3.4629999999999996
2019-12-02T18:57:59+00:00,15.9,20.0,217.1,ADAPTIVE,3.89421027778,3.4949999999999997
2019-12-02T18:58:03+00:00,15.9,20.0,217.0,ADAPTIVE,3.89800083333,3.481
2019-12-02T18:58:07+00:00,15.8,20.0,217.9,ADAPTIVE,3.9017794444400002,3.4789999999999996
2019-12-02T18:58:12+00:00,15.8,20.0,217.5,ADAPTIVE,3.90557611111,3.469
2019-12-02T18:58:15+00:00,15.8,20.0,217.1,ADAPTIVE,3.9093533333299995,3.472
2019-12-02T18:58:19+00:00,15.9,20.0,217.4,ADAPTIVE,3.9131458333299998,3.473
2019-12-02T18:58:24+00:00,15.9,20.0,217.8,ADAPTIVE,3.9169255555599998,3.489
2019-12-02T18:58:27+00:00,15.8,20.0,217.1,ADAPTIVE,3.9207247222199997,3.4699999999999998
2019-12-02T18:58:31+00:00,15.9,20.0,216.6,ADAPTIVE,3.9245236111099997,3.468
2019-12-02T18:58:35+00:00,15.8,20.0,216.8,ADAPTIVE,3.9282863888899997,3.4589999999999996
2019-12-02T18:58:39+00:00,15.8,20.0,216.6,ADAPTIVE,3.9320655555599995,3.46
2019-12-02T18:58:43+00:00,15.9,20.0,216.7,ADAPTIVE,3.93582777778,3.4739999999999998
2019-12-02T18:58:47+00:00,15.8,20.0,216.3,ADAPTIVE,3.93960777778,3.452
2019-12-02T18:58:48+00:00,15.8,20.0,216.3,ADAPTIVE,3.93960777778,3.452
2019-12-02T18:58:50+00:00,15.8,20.0,216.5,ADAPTIVE,3.94336944444,3.4549999999999996
2019-12-02T18:58:55+00:00,15.8,20.0,217.3,ADAPTIVE,3.94716222222,3.472
2019-12-02T18:58:59+00:00,15.9,20.0,216.9,ADAPTIVE,3.9509411111099997,3.4779999999999998
2019-12-02T18:59:02+00:00,15.8,20.0,216.8,ADAPTIVE,3.95473416667,3.46
2019-12-02T18:59:06+00:00,15.9,20.0,217.0,ADAPTIVE,3.9585252777799997,3.4739999999999998
2019-12-02T18:59:10+00:00,15.8,20.0,216.7,ADAPTIVE,3.96230111111,3.473
2019-12-02T18:59:14+00:00,15.9,20.0,217.0,ADAPTIVE,3.9660908333299996,3.473
2019-12-02T18:59:18+00:00,15.8,20.0,217.0,ADAPTIVE,3.9698661111099995,3.4629999999999996
2019-12-02T18:59:22+00:00,15.9,20.0,216.9,ADAPTIVE,3.9736580555599996,3.4669999999999996
2019-12-02T18:59:28+00:00,15.8,20.0,217.1,ADAPTIVE,3.9774355555599996,3.4669999999999996
2019-12-02T18:59:30+00:00,15.8,20.0,217.3,ADAPTIVE,3.9812294444400003,3.4579999999999997
2019-12-02T18:59:35+00:00,15.9,20.0,217.4,ADAPTIVE,3.98500638889,3.4789999999999996
2019-12-02T18:59:38+00:00,15.9,20.0,217.0,ADAPTIVE,3.98880194444,3.473
2019-12-02T18:59:42+00:00,15.8,20.0,217.3,ADAPTIVE,3.9925805555599996,3.461
2019-12-02T18:59:46+00:00,15.9,20.0,217.3,ADAPTIVE,3.99637694444,3.484
2019-12-02T18:59:52+00:00,15.8,20.0,217.4,ADAPTIVE,4.00015888889,3.468
2019-12-02T18:59:54+00:00,15.9,20.0,217.5,ADAPTIVE,4.00395861111,3.493
2019-12-02T18:59:58+00:00,15.8,20.0,217.4,ADAPTIVE,4.0077436111099995,3.4619999999999997
2019-12-02T19:00:01+00:00,15.9,20.0,217.5,ADAPTIVE,4.0115425,3.4789999999999996
2019-12-02T19:00:07+00:00,15.8,20.0,217.4,ADAPTIVE,4.015325,3.4579999999999997
2019-12-02T19:00:09+00:00,15.8,20.0,217.0,ADAPTIVE,4.0191236111099995,3.46
2019-12-02T19:00:13+00:00,15.8,20.0,217.3,ADAPTIVE,4.02292027778,3.4669999999999996
2019-12-02T19:00:17+00:00,15.8,20.0,217.1,ADAPTIVE,4.02669916667,3.4589999999999996
2019-12-02T19:00:21+00:00,15.9,20.0,218.0,ADAPTIVE,4.03049416667,3.4739999999999998
2019-12-02T19:00:26+00:00,15.8,20.0,217.3,ADAPTIVE,4.03427111111,3.46
2019-12-02T19:00:29+00:00,15.8,20.0,217.5,ADAPTIVE,4.03806722222,3.48
2019-12-02T19:00:33+00:00,15.8,20.0,217.6,ADAPTIVE,4.04185138889,3.468
2019-12-02T19:00:37+00:00,15.8,20.0,217.6,ADAPTIVE,4.045652222219999,3.4789999999999996
2019-12-02T19:00:41+00:00,15.9,20.0,218.6,ADAPTIVE,4.0494375,3.4939999999999998
2019-12-02T19:00:45+00:00,15.7,20.0,218.3,ADAPTIVE,4.05325388889,3.4709999999999996
2019-12-02T19:00:49+00:00,15.9,20.0,218.0,ADAPTIVE,4.0570474999999995,3.4989999999999997
2019-12-02T19:00:53+00:00,15.8,20.0,217.5,ADAPTIVE,4.06084916667,3.4749999999999996
2019-12-02T19:00:57+00:00,15.8,20.0,218.0,ADAPTIVE,4.06463277778,3.484
2019-12-02T19:01:01+00:00,15.8,20.0,217.4,ADAPTIVE,4.06843277778,3.46
2019-12-02T19:01:05+00:00,15.8,20.0,217.6,ADAPTIVE,4.07220805556,3.4659999999999997
2019-12-02T19:01:08+00:00,15.8,20.0,217.7,ADAPTIVE,4.076003055559999,3.4589999999999996
2019-12-02T19:01:13+00:00,15.8,20.0,217.4,ADAPTIVE,4.07978416667,3.4789999999999996
2019-12-02T19:01:16+00:00,15.8,20.0,217.2,ADAPTIVE,4.08358333333,3.476
2019-12-02T19:01:20+00:00,15.9,20.0,217.9,ADAPTIVE,4.08736666667,3.4789999999999996
2019-12-02T19:01:24+00:00,15.8,20.0,216.8,ADAPTIVE,4.0911625,3.4779999999999998
2019-12-02T19:01:30+00:00,15.8,20.0,217.1,ADAPTIVE,4.0949374999999995,3.464
2019-12-02T19:01:32+00:00,15.9,20.0,217.3,ADAPTIVE,4.09873,3.4779999999999998
2019-12-02T19:01:36+00:00,15.9,20.0,216.9,ADAPTIVE,4.10250472222,3.473
2019-12-02T19:01:40+00:00,15.7,20.0,217.3,ADAPTIVE,4.10629805556,3.437
2019-12-02T19:01:44+00:00,15.9,20.0,217.5,ADAPTIVE,4.11007305556,3.48
2019-12-02T19:01:48+00:00,15.8,20.0,217.8,ADAPTIVE,4.11386472222,3.4619999999999997
2019-12-02T19:01:52+00:00,15.8,20.0,217.9,ADAPTIVE,4.11764361111,3.4499999999999997
2019-12-02T19:01:56+00:00,15.8,20.0,217.6,ADAPTIVE,4.12142444444,3.4699999999999998
2019-12-02T19:02:01+00:00,15.9,20.0,217.3,ADAPTIVE,4.12521916667,3.4859999999999998
2019-12-02T19:02:04+00:00,15.9,20.0,218.0,ADAPTIVE,4.12899722222,3.488
2019-12-02T19:02:08+00:00,15.8,20.0,217.9,ADAPTIVE,4.13279305556,3.461
2019-12-02T19:02:12+00:00,15.8,20.0,217.8,ADAPTIVE,4.1365725,3.476
2019-12-02T19:02:16+00:00,15.8,20.0,217.4,ADAPTIVE,4.140350833329999,3.465
2019-12-02T19:02:20+00:00,15.9,20.0,217.8,ADAPTIVE,4.14414638889,3.4739999999999998
2019-12-02T19:02:24+00:00,15.7,20.0,217.3,ADAPTIVE,4.1479305555599995,3.4589999999999996
2019-12-02T19:02:27+00:00,15.8,20.0,217.4,ADAPTIVE,4.151733055559999,3.476
2019-12-02T19:02:31+00:00,15.8,20.0,217.9,ADAPTIVE,4.15551833333,3.469
2019-12-02T19:02:35+00:00,15.8,20.0,218.3,ADAPTIVE,4.15931888889,3.4709999999999996
2019-12-02T19:02:39+00:00,15.9,20.0,217.4,ADAPTIVE,4.16310055556,3.501
2019-12-02T19:02:43+00:00,15.8,20.0,217.8,ADAPTIVE,4.16689388889,3.456
2019-12-02T19:02:47+00:00,15.8,20.0,217.5,ADAPTIVE,4.170669999999999,3.4699999999999998
2019-12-02T19:02:51+00:00,15.8,20.0,217.6,ADAPTIVE,4.17446222222,3.4589999999999996
2019-12-02T19:02:55+00:00,15.9,20.0,217.6,ADAPTIVE,4.17823888889,3.4829999999999997
2019-12-02T19:02:59+00:00,15.8,20.0,216.9,ADAPTIVE,4.182035,3.4499999999999997
2019-12-02T19:03:04+00:00,15.8,20.0,217.0,ADAPTIVE,4.185804722219999,3.4779999999999998
2019-12-02T19:03:07+00:00,15.8,20.0,217.0,ADAPTIVE,4.1895977777799995,3.453
2019-12-02T19:03:11+00:00,15.8,20.0,217.1,ADAPTIVE,4.19337361111,3.4619999999999997
2019-12-02T19:03:15+00:00,15.8,20.0,217.8,ADAPTIVE,4.19715027778,3.472
2019-12-02T19:03:19+00:00,15.9,20.0,217.3,ADAPTIVE,4.20094138889,3.48
2019-12-02T19:03:23+00:00,15.8,20.0,217.5,ADAPTIVE,4.20471638889,3.4709999999999996
2019-12-02T19:03:27+00:00,15.7,20.0,217.0,ADAPTIVE,4.20850888889,3.4549999999999996
2019-12-02T19:03:30+00:00,15.8,20.0,217.5,ADAPTIVE,4.21228666667,3.4699999999999998
2019-12-02T19:03:34+00:00,15.8,20.0,217.6,ADAPTIVE,4.21607777778,3.477
2019-12-02T19:03:38+00:00,15.8,20.0,217.9,ADAPTIVE,4.21985472222,3.456
2019-12-02T19:03:42+00:00,15.8,20.0,217.4,ADAPTIVE,4.22364777778,3.48
2019-12-02T19:03:46+00:00,15.8,20.0,217.1,ADAPTIVE,4.22742361111,3.46
2019-12-02T19:03:50+00:00,15.8,20.0,217.9,ADAPTIVE,4.23122166667,3.4589999999999996
2019-12-02T19:03:54+00:00,15.8,20.0,217.1,ADAPTIVE,4.2350019444399996,3.465
2019-12-02T19:03:58+00:00,15.8,20.0,217.5,ADAPTIVE,4.23879444444,3.4739999999999998
2019-12-02T19:04:02+00:00,15.7,20.0,216.9,ADAPTIVE,4.24257055556,3.4509999999999996
2019-12-02T19:04:06+00:00,15.8,20.0,216.7,ADAPTIVE,4.24635861111,3.4619999999999997
2019-12-02T19:04:10+00:00,15.8,20.0,217.3,ADAPTIVE,4.25013055556,3.4669999999999996
2019-12-02T19:04:14+00:00,15.8,20.0,217.2,ADAPTIVE,4.2539211111099995,3.473
2019-12-02T19:04:18+00:00,15.8,20.0,217.0,ADAPTIVE,4.25771055556,3.4619999999999997
2019-12-02T19:04:22+00:00,15.8,20.0,217.3,ADAPTIVE,4.26148694444,3.4669999999999996
2019-12-02T19:04:26+00:00,15.9,20.0,217.1,ADAPTIVE,4.26528027778,3.4789999999999996
2019-12-02T19:04:30+00:00,15.8,20.0,217.4,ADAPTIVE,4.26905666667,3.4629999999999996
2019-12-02T19:04:33+00:00,15.8,20.0,217.2,ADAPTIVE,4.27284805556,3.4669999999999996
2019-12-02T19:04:37+00:00,15.9,20.0,216.5,ADAPTIVE,4.276625,3.464
2019-12-02T19:04:41+00:00,15.9,20.0,217.0,ADAPTIVE,4.28041611111,3.4869999999999997
2019-12-02T19:04:45+00:00,15.8,20.0,216.5,ADAPTIVE,4.28418916667,3.46
2019-12-02T19:04:49+00:00,15.9,20.0,217.3,ADAPTIVE,4.28796805556,3.4779999999999998
2019-12-02T19:04:53+00:00,15.8,20.0,217.0,ADAPTIVE,4.29175916667,3.468
2019-12-02T19:04:57+00:00,15.8,20.0,216.7,ADAPTIVE,4.29553277778,3.465
2019-12-02T19:05:01+00:00,9.5,8.0,217.9,ADAPTIVE,4.299158611109999,2.096
2019-12-02T19:05:05+00:00,8.5,20.0,218.6,ADAPTIVE,4.30112222222,1.867
2019-12-02T19:05:09+00:00,14.0,20.0,217.4,ADAPTIVE,4.30388333333,3.072
2019-12-02T19:05:13+00:00,15.9,20.0,216.9,ADAPTIVE,4.307563333329999,3.484
2019-12-02T19:05:17+00:00,15.9,20.0,217.5,ADAPTIVE,4.31136388889,3.4939999999999998
2019-12-02T19:05:21+00:00,15.9,20.0,218.0,ADAPTIVE,4.31515638889,3.4979999999999998
2019-12-02T19:05:25+00:00,15.9,20.0,217.4,ADAPTIVE,4.31894638889,3.4979999999999998
2019-12-02T19:05:29+00:00,15.9,20.0,217.1,ADAPTIVE,4.32274555556,3.4739999999999998
2019-12-02T19:05:32+00:00,15.8,20.0,217.1,ADAPTIVE,4.326531944439999,3.4619999999999997
2019-12-02T19:05:37+00:00,15.8,20.0,217.2,ADAPTIVE,4.3303313888899995,3.4699999999999998
2019-12-02T19:05:40+00:00,15.8,20.0,217.1,ADAPTIVE,4.334113611109999,3.465
2019-12-02T19:05:44+00:00,15.8,20.0,216.9,ADAPTIVE,4.33790833333,3.4699999999999998
2019-12-02T19:05:48+00:00,15.8,20.0,217.4,ADAPTIVE,4.34169194444,3.465
2019-12-02T19:05:52+00:00,15.8,20.0,217.4,ADAPTIVE,4.34549805556,3.473
2019-12-02T19:05:56+00:00,15.8,20.0,217.0,ADAPTIVE,4.34928305556,3.4549999999999996
2019-12-02T19:06:00+00:00,15.8,20.0,217.1,ADAPTIVE,4.35308277778,3.4699999999999998
2019-12-02T19:06:04+00:00,8.1,8.0,218.5,ADAPTIVE,4.35627111111,1.781
2019-12-02T19:06:09+00:00,11.6,20.0,218.2,ADAPTIVE,4.35849555556,2.556
2019-12-02T19:06:13+00:00,15.6,20.0,217.5,ADAPTIVE,4.36186555556,3.427
2019-12-02T19:06:17+00:00,15.8,20.0,217.4,ADAPTIVE,4.365648333329999,3.4709999999999996
2019-12-02T19:06:20+00:00,15.8,20.0,217.9,ADAPTIVE,4.36945611111,3.4659999999999997
2019-12-02T19:06:24+00:00,15.8,20.0,217.5,ADAPTIVE,4.373245,3.4669999999999996
2019-12-02T19:06:28+00:00,15.9,20.0,217.5,ADAPTIVE,4.37705222222,3.4909999999999997
2019-12-02T19:06:32+00:00,15.9,20.0,217.5,ADAPTIVE,4.38084222222,3.4909999999999997
2019-12-02T19:06:36+00:00,15.9,20.0,217.3,ADAPTIVE,4.38465027778,3.4989999999999997
2019-12-02T19:06:39+00:00,15.8,20.0,217.9,ADAPTIVE,4.38844166667,3.469
2019-12-02T19:06:43+00:00,15.8,20.0,217.7,ADAPTIVE,4.39224916667,3.477
2019-12-02T19:06:47+00:00,15.9,20.0,217.9,ADAPTIVE,4.39604083333,3.4989999999999997
2019-12-02T19:06:51+00:00,15.8,20.0,217.7,ADAPTIVE,4.39984972222,3.4669999999999996
2019-12-02T19:06:55+00:00,15.9,20.0,217.9,ADAPTIVE,4.403644444439999,3.4899999999999998
2019-12-02T19:06:59+00:00,15.8,20.0,218.1,ADAPTIVE,4.40745666667,3.4779999999999998
2019-12-02T19:07:03+00:00,15.9,20.0,217.6,ADAPTIVE,4.41126805556,3.496
2019-12-02T19:07:07+00:00,15.9,20.0,217.9,ADAPTIVE,4.4150599999999995,3.481
2019-12-02T19:07:13+00:00,15.8,20.0,217.7,ADAPTIVE,4.418869444439999,3.468
2019-12-02T19:07:15+00:00,15.9,20.0,217.6,ADAPTIVE,4.42266388889,3.4939999999999998
2019-12-02T19:07:19+00:00,15.9,20.0,218.1,ADAPTIVE,4.426474444439999,3.4939999999999998
2019-12-02T19:07:23+00:00,16.0,20.0,217.6,ADAPTIVE,4.43027138889,3.512
2019-12-02T19:07:27+00:00,15.9,20.0,217.5,ADAPTIVE,4.43407555556,3.4869999999999997
2019-12-02T19:07:31+00:00,15.9,20.0,217.6,ADAPTIVE,4.4378725,3.5
2019-12-02T19:07:35+00:00,15.9,20.0,217.4,ADAPTIVE,4.44166861111,3.4869999999999997
2019-12-02T19:07:39+00:00,15.9,20.0,217.7,ADAPTIVE,4.4454808333299995,3.4949999999999997
2019-12-02T19:07:43+00:00,15.8,20.0,217.6,ADAPTIVE,4.44927722222,3.473
2019-12-02T19:07:47+00:00,15.9,20.0,218.1,ADAPTIVE,4.45309416667,3.5029999999999997
2019-12-02T19:07:51+00:00,15.8,20.0,218.2,ADAPTIVE,4.456899722219999,3.488
2019-12-02T19:07:54+00:00,15.8,20.0,218.0,ADAPTIVE,4.46072277778,3.485
2019-12-02T19:07:58+00:00,15.8,20.0,218.2,ADAPTIVE,4.46454361111,3.485
2019-12-02T19:08:03+00:00,15.9,20.0,218.2,ADAPTIVE,4.46835083333,3.4909999999999997
2019-12-02T19:08:06+00:00,15.8,19.0,218.3,ADAPTIVE,4.47217277778,3.4869999999999997
2019-12-02T19:08:10+00:00,15.9,19.0,218.0,ADAPTIVE,4.47597583333,3.4989999999999997
2019-12-02T19:08:14+00:00,15.9,19.0,217.6,ADAPTIVE,4.47979527778,3.4989999999999997
2019-12-02T19:08:18+00:00,15.8,20.0,217.7,ADAPTIVE,4.48359638889,3.4789999999999996
2019-12-02T19:08:22+00:00,15.9,20.0,217.8,ADAPTIVE,4.487413333329999,3.489
2019-12-02T19:08:26+00:00,16.0,20.0,218.7,ADAPTIVE,4.49122,3.5109999999999997
2019-12-02T19:08:31+00:00,15.9,20.0,218.2,ADAPTIVE,4.49504916667,3.489
2019-12-02T19:08:34+00:00,15.8,20.0,218.2,ADAPTIVE,4.49886111111,3.4859999999999998
2019-12-02T19:08:38+00:00,15.9,20.0,218.4,ADAPTIVE,4.50268777778,3.4939999999999998
2019-12-02T19:08:42+00:00,15.9,20.0,218.7,ADAPTIVE,4.50649916667,3.504
2019-12-02T19:08:46+00:00,15.9,20.0,219.1,ADAPTIVE,4.51033111111,3.493
2019-12-02T19:08:50+00:00,15.9,20.0,218.6,ADAPTIVE,4.51414611111,3.509
2019-12-02T19:08:54+00:00,15.9,20.0,218.7,ADAPTIVE,4.51797944444,3.512
2019-12-02T19:08:57+00:00,15.9,20.0,218.4,ADAPTIVE,4.521794444439999,3.505
2019-12-02T19:09:02+00:00,16.0,20.0,218.6,ADAPTIVE,4.52562944444,3.5269999999999997
2019-12-02T19:09:05+00:00,15.9,20.0,218.7,ADAPTIVE,4.52944555556,3.512
2019-12-02T19:09:09+00:00,15.8,20.0,217.7,ADAPTIVE,4.53327694444,3.4829999999999997
2019-12-02T19:09:14+00:00,15.9,20.0,217.8,ADAPTIVE,4.53708166667,3.4949999999999997
2019-12-02T19:09:17+00:00,15.9,20.0,217.6,ADAPTIVE,4.54090138889,3.5029999999999997
2019-12-02T19:09:21+00:00,15.8,20.0,217.9,ADAPTIVE,4.5447230555600004,3.4859999999999998
2019-12-02T19:09:25+00:00,15.9,20.0,218.4,ADAPTIVE,4.54853111111,3.504
2019-12-02T19:09:29+00:00,15.9,20.0,218.2,ADAPTIVE,4.55235805556,3.5109999999999997
2019-12-02T19:09:33+00:00,15.8,20.0,219.0,ADAPTIVE,4.556185,3.5029999999999997
2019-12-02T19:09:37+00:00,15.9,20.0,219.0,ADAPTIVE,4.5600274999999995,3.513
2019-12-02T19:09:41+00:00,15.9,20.0,219.0,ADAPTIVE,4.56385611111,3.5269999999999997
2019-12-02T19:09:45+00:00,16.0,20.0,218.8,ADAPTIVE,4.5676997222199995,3.5229999999999997
2019-12-02T19:09:49+00:00,15.9,20.0,218.7,ADAPTIVE,4.57152638889,3.506
2019-12-02T19:09:53+00:00,15.9,20.0,218.9,ADAPTIVE,4.57537027778,3.526
2019-12-02T19:09:57+00:00,15.9,20.0,218.9,ADAPTIVE,4.57919861111,3.505
2019-12-02T19:10:01+00:00,15.9,20.0,218.7,ADAPTIVE,4.58304194444,3.521
2019-12-02T19:10:04+00:00,15.9,20.0,219.0,ADAPTIVE,4.58686694444,3.521
2019-12-02T19:10:09+00:00,15.9,20.0,218.7,ADAPTIVE,4.5907058333299995,3.514
2019-12-02T19:10:13+00:00,15.9,20.0,218.8,ADAPTIVE,4.5945308333299995,3.504
2019-12-02T19:10:17+00:00,16.0,20.0,218.8,ADAPTIVE,4.59837166667,3.526
2019-12-02T19:10:21+00:00,15.9,20.0,219.0,ADAPTIVE,4.602199444439999,3.516
2019-12-02T19:10:26+00:00,15.9,20.0,219.0,ADAPTIVE,4.60602888889,3.514
2019-12-02T19:10:28+00:00,15.9,20.0,219.1,ADAPTIVE,4.609875833329999,3.513
2019-12-02T19:10:32+00:00,16.0,20.0,219.1,ADAPTIVE,4.61370527778,3.529
2019-12-02T19:10:36+00:00,15.8,20.0,219.1,ADAPTIVE,4.61755277778,3.4989999999999997
2019-12-02T19:10:40+00:00,15.9,20.0,219.2,ADAPTIVE,4.62138416667,3.514
2019-12-02T19:10:44+00:00,15.9,20.0,219.5,ADAPTIVE,4.62523138889,3.522
2019-12-02T19:10:48+00:00,15.9,20.0,219.4,ADAPTIVE,4.62906722222,3.52
2019-12-02T19:10:52+00:00,15.9,20.0,219.1,ADAPTIVE,4.63292083333,3.5149999999999997
2019-12-02T19:10:56+00:00,15.8,20.0,219.0,ADAPTIVE,4.6367525,3.502
2019-12-02T19:11:00+00:00,15.9,20.0,218.3,ADAPTIVE,4.64058555556,3.4949999999999997
2019-12-02T19:11:04+00:00,16.0,20.0,218.9,ADAPTIVE,4.6444036111099996,3.52
2019-12-02T19:11:08+00:00,15.9,20.0,218.6,ADAPTIVE,4.64824277778,3.516
2019-12-02T19:11:12+00:00,15.9,20.0,218.7,ADAPTIVE,4.65206444444,3.505
2019-12-02T19:11:16+00:00,16.0,20.0,218.9,ADAPTIVE,4.655906111109999,3.521
2019-12-02T19:11:20+00:00,15.9,20.0,219.3,ADAPTIVE,4.65973527778,3.517
2019-12-02T19:11:23+00:00,15.9,20.0,219.4,ADAPTIVE,4.66358416667,3.517
2019-12-02T19:11:27+00:00,15.9,20.0,219.3,ADAPTIVE,4.66741527778,3.513
2019-12-02T19:11:29+00:00,15.9,20.0,219.3,ADAPTIVE,4.66741527778,3.513
2019-12-02T19:11:31+00:00,15.9,20.0,219.4,ADAPTIVE,4.67126333333,3.52
2019-12-02T19:11:35+00:00,15.9,20.0,219.1,ADAPTIVE,4.67509527778,3.5149999999999997
2019-12-02T19:11:39+00:00,16.0,20.0,218.8,ADAPTIVE,4.678945,3.526
2019-12-02T19:11:43+00:00,15.9,20.0,219.1,ADAPTIVE,4.68277694444,3.5069999999999997
2019-12-02T19:11:47+00:00,15.9,20.0,219.4,ADAPTIVE,4.68661,3.513
2019-12-02T19:11:51+00:00,15.9,20.0,219.4,ADAPTIVE,4.69046138889,3.518
2019-12-02T19:11:55+00:00,16.0,20.0,219.2,ADAPTIVE,4.6942972222199995,3.528
2019-12-02T19:11:59+00:00,15.9,20.0,219.3,ADAPTIVE,4.69814805556,3.518
2019-12-02T19:12:03+00:00,15.9,20.0,219.3,ADAPTIVE,4.70198277778,3.516
2019-12-02T19:12:06+00:00,16.0,20.0,219.7,ADAPTIVE,4.70583638889,3.541
2019-12-02T19:12:11+00:00,15.9,20.0,219.1,ADAPTIVE,4.70967527778,3.5109999999999997
2019-12-02T19:12:14+00:00,15.9,20.0,219.5,ADAPTIVE,4.71351166667,3.5189999999999997
2019-12-02T19:12:18+00:00,15.9,20.0,219.2,ADAPTIVE,4.71736805556,3.526
2019-12-02T19:12:23+00:00,15.9,20.0,219.6,ADAPTIVE,4.7212072222199994,3.522
2019-12-02T19:12:26+00:00,15.9,20.0,219.3,ADAPTIVE,4.72506083333,3.517
2019-12-02T19:12:30+00:00,15.9,20.0,219.2,ADAPTIVE,4.72889638889,3.53
2019-12-02T19:12:34+00:00,15.9,20.0,219.4,ADAPTIVE,4.73274777778,3.521
2019-12-02T19:12:38+00:00,15.9,20.0,219.5,ADAPTIVE,4.7365836111099995,3.5189999999999997
2019-12-02T19:12:42+00:00,15.9,20.0,219.5,ADAPTIVE,4.74042027778,3.524
2019-12-02T19:12:46+00:00,15.9,20.0,219.2,ADAPTIVE,4.74427416667,3.5149999999999997
2019-12-02T19:12:50+00:00,15.9,20.0,219.7,ADAPTIVE,4.74811416667,3.528
2019-12-02T19:12:54+00:00,15.9,20.0,219.6,ADAPTIVE,4.75197111111,3.529
2019-12-02T19:12:58+00:00,16.0,20.0,219.7,ADAPTIVE,4.7558144444399995,3.545
2019-12-02T19:13:02+00:00,15.9,20.0,220.0,ADAPTIVE,4.7596572222199995,3.529
2019-12-02T19:13:06+00:00,16.0,20.0,219.7,ADAPTIVE,4.7635183333299995,3.542
2019-12-02T19:13:10+00:00,15.8,20.0,218.6,ADAPTIVE,4.76734472222,3.504
2019-12-02T19:13:14+00:00,15.9,20.0,219.2,ADAPTIVE,4.77119,3.518
2019-12-02T19:13:17+00:00,16.0,20.0,218.9,ADAPTIVE,4.77502638889,3.5349999999999997
2019-12-02T19:13:21+00:00,15.9,20.0,219.0,ADAPTIVE,4.77887916667,3.508
2019-12-02T19:13:25+00:00,16.0,20.0,219.3,ADAPTIVE,4.78271388889,3.533
2019-12-02T19:13:30+00:00,16.0,20.0,220.2,ADAPTIVE,4.786556944439999,3.5429999999999997
2019-12-02T19:13:33+00:00,16.0,20.0,219.5,ADAPTIVE,4.79042888889,3.549
2019-12-02T19:13:37+00:00,16.0,20.0,219.5,ADAPTIVE,4.79428861111,3.5549999999999997
2019-12-02T19:13:41+00:00,16.0,20.0,219.6,ADAPTIVE,4.7981625,3.5509999999999997
2019-12-02T19:13:45+00:00,16.0,20.0,219.4,ADAPTIVE,4.80202,3.556
2019-12-02T19:13:49+00:00,16.0,20.0,219.3,ADAPTIVE,4.80587416667,3.5389999999999997
2019-12-02T19:13:53+00:00,16.0,20.0,219.5,ADAPTIVE,4.809745833329999,3.5349999999999997
2019-12-02T19:13:57+00:00,15.9,20.0,219.4,ADAPTIVE,4.81360305556,3.534
2019-12-02T19:14:01+00:00,16.0,20.0,219.5,ADAPTIVE,4.81747666667,3.538
2019-12-02T19:14:05+00:00,16.0,20.0,219.5,ADAPTIVE,4.8213349999999995,3.536
2019-12-02T19:14:09+00:00,16.0,20.0,219.8,ADAPTIVE,4.82519777778,3.54
2019-12-02T19:14:13+00:00,16.0,20.0,219.7,ADAPTIVE,4.829075,3.549
2019-12-02T19:14:17+00:00,16.0,20.0,218.9,ADAPTIVE,4.83293111111,3.532
2019-12-02T19:14:21+00:00,16.0,20.0,218.8,ADAPTIVE,4.8367949999999995,3.526
2019-12-02T19:14:25+00:00,8.2,8.0,219.2,ADAPTIVE,4.83999666667,1.819
2019-12-02T19:14:29+00:00,9.6,20.0,219.5,ADAPTIVE,4.84202138889,2.1229999999999998
2019-12-02T19:14:33+00:00,14.5,20.0,219.4,ADAPTIVE,4.84492,3.211
2019-12-02T19:14:37+00:00,15.7,20.0,217.9,ADAPTIVE,4.84865527778,3.4629999999999996
2019-12-02T19:14:40+00:00,15.9,20.0,217.8,ADAPTIVE,4.85245972222,3.4859999999999998
2019-12-02T19:14:44+00:00,15.8,20.0,218.4,ADAPTIVE,4.85625111111,3.485
2019-12-02T19:14:48+00:00,15.8,20.0,218.3,ADAPTIVE,4.860056944439999,3.4779999999999998
2019-12-02T19:14:52+00:00,15.8,20.0,218.3,ADAPTIVE,4.863845833329999,3.4829999999999997
2019-12-02T19:14:56+00:00,15.8,20.0,217.8,ADAPTIVE,4.86765305556,3.4909999999999997
2019-12-02T19:15:00+00:00,15.8,20.0,217.7,ADAPTIVE,4.87144388889,3.476
2019-12-02T19:15:04+00:00,15.8,20.0,217.7,ADAPTIVE,4.875249999999999,3.473
2019-12-02T19:15:08+00:00,15.9,20.0,217.9,ADAPTIVE,4.87904027778,3.488
2019-12-02T19:15:12+00:00,15.8,20.0,218.0,ADAPTIVE,4.88283166667,3.4749999999999996
2019-12-02T19:15:16+00:00,15.8,20.0,218.0,ADAPTIVE,4.886639444439999,3.469
2019-12-02T19:15:20+00:00,15.8,20.0,217.9,ADAPTIVE,4.89043166667,3.48
2019-12-02T19:15:24+00:00,15.9,20.0,217.7,ADAPTIVE,4.89421972222,3.492
2019-12-02T19:15:28+00:00,15.8,20.0,219.1,ADAPTIVE,4.89804388889,3.492
2019-12-02T19:15:32+00:00,15.8,20.0,219.3,ADAPTIVE,4.901861944439999,3.4989999999999997
2019-12-02T19:15:37+00:00,15.9,20.0,219.7,ADAPTIVE,4.90568611111,3.5309999999999997
2019-12-02T19:15:40+00:00,15.9,20.0,219.9,ADAPTIVE,4.9095316666699995,3.516
2019-12-02T19:15:43+00:00,15.9,20.0,219.6,ADAPTIVE,4.91336055556,3.526
2019-12-02T19:15:48+00:00,15.9,20.0,219.7,ADAPTIVE,4.9171927777799995,3.518
2019-12-02T19:15:51+00:00,16.0,20.0,219.6,ADAPTIVE,4.921040833329999,3.542
2019-12-02T19:15:55+00:00,15.8,20.0,219.6,ADAPTIVE,4.9248725,3.5029999999999997
2019-12-02T19:15:59+00:00,15.8,20.0,220.0,ADAPTIVE,4.92872055556,3.5109999999999997
2019-12-02T19:16:03+00:00,15.9,20.0,220.2,ADAPTIVE,4.93255944444,3.53
2019-12-02T19:16:07+00:00,15.9,20.0,220.2,ADAPTIVE,4.93640166667,3.54
2019-12-02T19:16:11+00:00,15.9,20.0,220.1,ADAPTIVE,4.9402619444399996,3.5429999999999997
2019-12-02T19:16:15+00:00,15.8,20.0,220.0,ADAPTIVE,4.94410833333,3.517
2019-12-02T19:16:19+00:00,15.9,20.0,220.0,ADAPTIVE,4.94796583333,3.5189999999999997
2019-12-02T19:16:23+00:00,15.9,20.0,220.1,ADAPTIVE,4.951807222219999,3.522
2019-12-02T19:16:27+00:00,15.9,20.0,219.9,ADAPTIVE,4.95565138889,3.5349999999999997
2019-12-02T19:16:31+00:00,15.9,20.0,219.9,ADAPTIVE,4.95951277778,3.521
2019-12-02T19:16:35+00:00,15.9,20.0,219.8,ADAPTIVE,4.963356388889999,3.54
2019-12-02T19:16:38+00:00,15.9,20.0,220.4,ADAPTIVE,4.96720416667,3.5229999999999997
2019-12-02T19:16:43+00:00,15.9,20.0,220.1,ADAPTIVE,4.97106777778,3.536
2019-12-02T19:16:46+00:00,15.9,20.0,219.8,ADAPTIVE,4.97491555556,3.537
2019-12-02T19:16:50+00:00,16.0,20.0,220.3,ADAPTIVE,4.9787822222199996,3.545
2019-12-02T19:16:55+00:00,16.0,20.0,220.4,ADAPTIVE,4.98263166667,3.557
2019-12-02T19:16:58+00:00,15.9,20.0,220.1,ADAPTIVE,4.98648166667,3.5389999999999997
2019-12-02T19:17:02+00:00,15.9,20.0,220.4,ADAPTIVE,4.99034944444,3.5389999999999997
2019-12-02T19:17:06+00:00,15.9,20.0,220.4,ADAPTIVE,4.9942025,3.536
2019-12-02T19:17:10+00:00,15.9,20.0,220.4,ADAPTIVE,4.9980719444399995,3.524
2019-12-02T19:17:14+00:00,16.0,20.0,220.5,ADAPTIVE,5.00192555556,3.545
2019-12-02T19:17:18+00:00,15.9,20.0,220.6,ADAPTIVE,5.00577916667,3.537
2019-12-02T19:17:22+00:00,15.9,20.0,220.3,ADAPTIVE,5.00964583333,3.5349999999999997
2019-12-02T19:17:26+00:00,15.9,20.0,220.1,ADAPTIVE,5.013500833329999,3.54
2019-12-02T19:17:31+00:00,16.0,20.0,220.2,ADAPTIVE,5.01737388889,3.554
2019-12-02T19:17:34+00:00,15.9,20.0,220.6,ADAPTIVE,5.021227222219999,3.528
2019-12-02T19:17:38+00:00,15.9,20.0,220.0,ADAPTIVE,5.02508166667,3.53
2019-12-02T19:17:42+00:00,15.9,20.0,220.3,ADAPTIVE,5.028949722219999,3.533
2019-12-02T19:17:46+00:00,15.9,20.0,220.3,ADAPTIVE,5.0328025,3.5429999999999997
2019-12-02T19:17:49+00:00,15.9,20.0,220.1,ADAPTIVE,5.0366711111099995,3.534
2019-12-02T19:17:54+00:00,15.9,20.0,219.8,ADAPTIVE,5.04052166667,3.533
2019-12-02T19:17:57+00:00,15.9,20.0,220.3,ADAPTIVE,5.04437,3.537
2019-12-02T19:18:01+00:00,15.9,20.0,220.3,ADAPTIVE,5.04823888889,3.534
2019-12-02T19:18:06+00:00,15.9,20.0,220.3,ADAPTIVE,5.05209472222,3.532
2019-12-02T19:18:09+00:00,15.9,20.0,220.5,ADAPTIVE,5.05596638889,3.542
2019-12-02T19:18:13+00:00,15.8,20.0,220.3,ADAPTIVE,5.05982361111,3.521
2019-12-02T19:18:17+00:00,15.9,20.0,220.6,ADAPTIVE,5.06368194444,3.542
2019-12-02T19:18:21+00:00,15.9,20.0,220.8,ADAPTIVE,5.06755611111,3.5429999999999997
2019-12-02T19:18:25+00:00,15.9,20.0,220.2,ADAPTIVE,5.0714116666699995,3.541
2019-12-02T19:18:29+00:00,15.9,20.0,220.4,ADAPTIVE,5.075268611109999,3.544
2019-12-02T19:18:34+00:00,15.9,20.0,220.6,ADAPTIVE,5.07914361111,3.536
2019-12-02T19:18:37+00:00,16.0,20.0,220.3,ADAPTIVE,5.08300416667,3.552
2019-12-02T19:18:41+00:00,16.0,20.0,220.3,ADAPTIVE,5.08687916667,3.552
2019-12-02T19:18:45+00:00,15.9,20.0,220.7,ADAPTIVE,5.09073916667,3.546
2019-12-02T19:18:49+00:00,15.9,20.0,218.9,ADAPTIVE,5.09458055556,3.524
2019-12-02T19:18:53+00:00,15.9,20.0,219.1,ADAPTIVE,5.09842694444,3.526
2019-12-02T19:18:57+00:00,15.9,20.0,219.4,ADAPTIVE,5.10225805556,3.516
2019-12-02T19:19:00+00:00,15.9,20.0,219.5,ADAPTIVE,5.10610694444,3.518
2019-12-02T19:19:04+00:00,15.9,20.0,220.1,ADAPTIVE,5.1099477777799995,3.5349999999999997
2019-12-02T19:19:08+00:00,15.9,20.0,220.3,ADAPTIVE,5.11380138889,3.53
2019-12-02T19:19:12+00:00,15.9,20.0,220.4,ADAPTIVE,5.117670833329999,3.538
2019-12-02T19:19:16+00:00,15.9,20.0,220.5,ADAPTIVE,5.12152666667,3.538
2019-12-02T19:19:20+00:00,16.0,20.0,220.4,ADAPTIVE,5.12538194444,3.548
2019-12-02T19:19:24+00:00,15.9,20.0,220.5,ADAPTIVE,5.12925388889,3.5389999999999997
2019-12-02T19:19:28+00:00,15.9,20.0,220.3,ADAPTIVE,5.13310861111,3.524
2019-12-02T19:19:32+00:00,15.9,20.0,220.0,ADAPTIVE,5.13698027778,3.537
2019-12-02T19:19:37+00:00,15.9,20.0,220.4,ADAPTIVE,5.14083416667,3.5309999999999997
2019-12-02T19:19:40+00:00,16.0,20.0,220.3,ADAPTIVE,5.14469166667,3.5549999999999997
2019-12-02T19:19:44+00:00,15.9,20.0,220.4,ADAPTIVE,5.148563611109999,3.5389999999999997
2019-12-02T19:19:48+00:00,16.0,20.0,220.4,ADAPTIVE,5.1524194444399996,3.5509999999999997
2019-12-02T19:19:52+00:00,15.9,20.0,220.1,ADAPTIVE,5.15629055556,3.5309999999999997
2019-12-02T19:19:55+00:00,15.9,20.0,219.9,ADAPTIVE,5.16012972222,3.526
2019-12-02T19:19:59+00:00,15.9,20.0,220.4,ADAPTIVE,5.16399972222,3.536
2019-12-02T19:20:04+00:00,15.9,20.0,220.2,ADAPTIVE,5.16785527778,3.542
2019-12-02T19:20:08+00:00,15.9,20.0,220.6,ADAPTIVE,5.17171,3.5469999999999997
2019-12-02T19:20:11+00:00,15.9,20.0,220.6,ADAPTIVE,5.175585,3.537
2019-12-02T19:20:16+00:00,16.0,20.0,220.7,ADAPTIVE,5.17944583333,3.554
2019-12-02T19:20:20+00:00,15.9,20.0,220.5,ADAPTIVE,5.18330666667,3.533
2019-12-02T19:20:23+00:00,16.0,20.0,220.5,ADAPTIVE,5.18718416667,3.5509999999999997
2019-12-02T19:20:27+00:00,15.9,20.0,220.6,ADAPTIVE,5.19104472222,3.5469999999999997
2019-12-02T19:20:31+00:00,16.0,20.0,220.8,ADAPTIVE,5.19490611111,3.549
2019-12-02T19:20:35+00:00,16.0,20.0,220.5,ADAPTIVE,5.198782222219999,3.548
2019-12-02T19:20:39+00:00,15.9,20.0,220.7,ADAPTIVE,5.202638611109999,3.5389999999999997
2019-12-02T19:20:43+00:00,15.9,20.0,220.6,ADAPTIVE,5.20651194444,3.5309999999999997
2019-12-02T19:20:47+00:00,15.8,20.0,220.7,ADAPTIVE,5.21037416667,3.524
2019-12-02T19:20:51+00:00,15.9,20.0,220.8,ADAPTIVE,5.21425305556,3.54
2019-12-02T19:20:55+00:00,15.9,20.0,221.3,ADAPTIVE,5.21812,3.5429999999999997
2019-12-02T19:20:59+00:00,16.0,20.0,221.5,ADAPTIVE,5.22200916667,3.57
2019-12-02T19:21:03+00:00,15.9,20.0,220.8,ADAPTIVE,5.22587805556,3.533
2019-12-02T19:21:06+00:00,15.9,20.0,220.7,ADAPTIVE,5.22975583333,3.544
2019-12-02T19:21:11+00:00,16.0,20.0,220.8,ADAPTIVE,5.23361666667,3.565
2019-12-02T19:21:14+00:00,15.9,20.0,220.6,ADAPTIVE,5.2374783333299995,3.5309999999999997
2019-12-02T19:21:18+00:00,15.9,20.0,220.8,ADAPTIVE,5.24135722222,3.534
2019-12-02T19:21:22+00:00,15.9,20.0,220.7,ADAPTIVE,5.24522027778,3.537
2019-12-02T19:21:26+00:00,16.0,20.0,221.0,ADAPTIVE,5.24908055556,3.558
2019-12-02T19:21:30+00:00,15.9,20.0,220.7,ADAPTIVE,5.25295777778,3.549
2019-12-02T19:21:35+00:00,15.9,20.0,220.2,ADAPTIVE,5.25681888889,3.538
2019-12-02T19:21:38+00:00,16.0,20.0,220.8,ADAPTIVE,5.26070027778,3.5629999999999997
2019-12-02T19:21:42+00:00,15.9,20.0,220.6,ADAPTIVE,5.2645675,3.5509999999999997
2019-12-02T19:21:46+00:00,15.9,20.0,220.6,ADAPTIVE,5.26845055556,3.548
2019-12-02T19:21:50+00:00,16.0,20.0,220.7,ADAPTIVE,5.272316111109999,3.554
2019-12-02T19:21:54+00:00,15.9,20.0,220.9,ADAPTIVE,5.27620027778,3.5389999999999997
2019-12-02T19:21:58+00:00,15.9,20.0,220.7,ADAPTIVE,5.2800674999999995,3.544
2019-12-02T19:22:02+00:00,16.0,20.0,220.9,ADAPTIVE,5.28393638889,3.564
2019-12-02T19:22:06+00:00,16.0,20.0,221.0,ADAPTIVE,5.287825,3.5629999999999997
2019-12-02T19:22:10+00:00,15.9,20.0,221.3,ADAPTIVE,5.291698333329999,3.548
2019-12-02T19:22:13+00:00,16.0,20.0,221.3,ADAPTIVE,5.29559055556,3.57
2019-12-02T19:22:18+00:00,15.9,20.0,221.2,ADAPTIVE,5.29946472222,3.54
2019-12-02T19:22:22+00:00,15.9,20.0,221.5,ADAPTIVE,5.30335722222,3.5549999999999997
2019-12-02T19:22:25+00:00,16.0,20.0,221.2,ADAPTIVE,5.30723111111,3.5629999999999997
2019-12-02T19:22:30+00:00,16.0,20.0,221.3,ADAPTIVE,5.311105833329999,3.568
2019-12-02T19:22:33+00:00,15.9,20.0,221.3,ADAPTIVE,5.31500138889,3.5389999999999997
2019-12-02T19:22:37+00:00,15.9,20.0,221.6,ADAPTIVE,5.318879722219999,3.558
2019-12-02T19:22:42+00:00,16.0,20.0,221.9,ADAPTIVE,5.32277666667,3.57
2019-12-02T19:22:45+00:00,16.0,20.0,221.9,ADAPTIVE,5.32666111111,3.573
2019-12-02T19:22:49+00:00,16.0,20.0,221.9,ADAPTIVE,5.33055222222,3.5709999999999997
2019-12-02T19:22:53+00:00,15.9,20.0,221.5,ADAPTIVE,5.33445583333,3.552
2019-12-02T19:22:57+00:00,16.0,20.0,221.5,ADAPTIVE,5.3383449999999995,3.569
2019-12-02T19:23:01+00:00,16.0,20.0,221.4,ADAPTIVE,5.34224527778,3.5669999999999997
2019-12-02T19:23:05+00:00,16.0,20.0,221.7,ADAPTIVE,5.34613111111,3.5709999999999997
2019-12-02T19:23:09+00:00,16.0,20.0,221.6,ADAPTIVE,5.35003388889,3.5669999999999997
2019-12-02T19:23:13+00:00,15.9,20.0,221.4,ADAPTIVE,5.35392055556,3.553
2019-12-02T19:23:17+00:00,16.0,20.0,221.6,ADAPTIVE,5.357822222219999,3.5839999999999996
2019-12-02T19:23:21+00:00,15.9,20.0,221.5,ADAPTIVE,5.36170444444,3.55
2019-12-02T19:23:25+00:00,16.0,20.0,221.2,ADAPTIVE,5.36558583333,3.565
2019-12-02T19:23:29+00:00,16.0,20.0,221.4,ADAPTIVE,5.36948388889,3.5719999999999996
2019-12-02T19:23:32+00:00,15.9,20.0,221.3,ADAPTIVE,5.37336555556,3.558
2019-12-02T19:23:37+00:00,16.0,20.0,220.7,ADAPTIVE,5.37726222222,3.57
2019-12-02T19:23:40+00:00,16.0,20.0,220.1,ADAPTIVE,5.381133333329999,3.5469999999999997
2019-12-02T19:23:44+00:00,15.9,20.0,220.5,ADAPTIVE,5.38499083333,3.5189999999999997
2019-12-02T19:23:48+00:00,16.0,20.0,220.4,ADAPTIVE,5.388866944439999,3.552
2019-12-02T19:23:52+00:00,16.0,20.0,220.4,ADAPTIVE,5.39273138889,3.552
2019-12-02T19:23:56+00:00,16.0,20.0,221.5,ADAPTIVE,5.39659777778,3.586
2019-12-02T19:24:00+00:00,15.9,20.0,221.7,ADAPTIVE,5.400502222219999,3.56
2019-12-02T19:24:04+00:00,16.0,20.0,221.7,ADAPTIVE,5.40438805556,3.5709999999999997
2019-12-02T19:24:08+00:00,16.0,20.0,221.5,ADAPTIVE,5.40828861111,3.566
2019-12-02T19:24:12+00:00,16.0,20.0,221.6,ADAPTIVE,5.41217222222,3.564
2019-12-02T19:24:16+00:00,15.9,20.0,221.6,ADAPTIVE,5.41605611111,3.5549999999999997
2019-12-02T19:24:20+00:00,15.9,20.0,221.4,ADAPTIVE,5.419955,3.553
2019-12-02T19:24:24+00:00,16.0,20.0,221.6,ADAPTIVE,5.42383777778,3.569
2019-12-02T19:24:28+00:00,15.9,20.0,221.8,ADAPTIVE,5.42773555556,3.561
2019-12-02T19:24:32+00:00,15.9,20.0,221.1,ADAPTIVE,5.4316158333299995,3.5509999999999997
2019-12-02T19:24:35+00:00,16.0,20.0,221.7,ADAPTIVE,5.435513611109999,3.5719999999999996
2019-12-02T19:24:40+00:00,16.0,20.0,221.8,ADAPTIVE,5.43939833333,3.5709999999999997
2019-12-02T19:24:43+00:00,15.9,20.0,221.4,ADAPTIVE,5.44328666667,3.556
2019-12-02T19:24:48+00:00,16.0,20.0,221.4,ADAPTIVE,5.44719166667,3.5709999999999997
2019-12-02T19:24:52+00:00,16.0,20.0,221.6,ADAPTIVE,5.4510816666699995,3.5719999999999996
2019-12-02T19:24:55+00:00,15.9,20.0,221.5,ADAPTIVE,5.45497111111,3.5629999999999997
2019-12-02T19:24:59+00:00,15.9,20.0,221.6,ADAPTIVE,5.45887527778,3.5629999999999997
2019-12-02T19:25:03+00:00,16.0,20.0,221.5,ADAPTIVE,5.4627641666699995,3.577
2019-12-02T19:25:07+00:00,16.0,20.0,221.6,ADAPTIVE,5.46665388889,3.5749999999999997
2019-12-02T19:25:11+00:00,16.0,20.0,221.7,ADAPTIVE,5.47055611111,3.578
2019-12-02T19:25:15+00:00,16.0,20.0,221.7,ADAPTIVE,5.47444583333,3.569
2019-12-02T19:25:19+00:00,16.0,20.0,221.8,ADAPTIVE,5.47835611111,3.574
2019-12-02T19:25:23+00:00,16.0,20.0,222.0,ADAPTIVE,5.48226166667,3.5829999999999997
2019-12-02T19:25:27+00:00,16.0,20.0,221.9,ADAPTIVE,5.48616722222,3.5719999999999996
2019-12-02T19:25:31+00:00,16.0,20.0,221.9,ADAPTIVE,5.49008722222,3.5949999999999998
2019-12-02T19:25:34+00:00,16.0,20.0,222.3,ADAPTIVE,5.49399666667,3.589
2019-12-02T19:25:38+00:00,16.1,20.0,222.2,ADAPTIVE,5.4979227777799995,3.597
2019-12-02T19:25:42+00:00,16.1,20.0,222.4,ADAPTIVE,5.50183277778,3.6029999999999998
2019-12-02T19:25:46+00:00,15.9,20.0,220.7,ADAPTIVE,5.50573305556,3.55
2019-12-02T19:25:51+00:00,15.9,20.0,220.5,ADAPTIVE,5.50960416667,3.544
2019-12-02T19:25:56+00:00,16.0,20.0,221.0,ADAPTIVE,5.51349527778,3.564
2019-12-02T19:25:58+00:00,16.0,20.0,221.0,ADAPTIVE,5.51737166667,3.557
2019-12-02T19:26:02+00:00,16.0,20.0,220.3,ADAPTIVE,5.52126222222,3.552
2019-12-02T19:26:06+00:00,16.0,20.0,220.3,ADAPTIVE,5.525131111109999,3.549
2019-12-02T19:26:10+00:00,15.9,20.0,220.4,ADAPTIVE,5.52901611111,3.544
2019-12-02T19:26:14+00:00,16.0,20.0,220.3,ADAPTIVE,5.53288416667,3.545
2019-12-02T19:26:18+00:00,15.9,20.0,220.4,ADAPTIVE,5.53675166667,3.548
2019-12-02T19:26:22+00:00,15.9,20.0,220.5,ADAPTIVE,5.54063583333,3.5429999999999997
2019-12-02T19:26:26+00:00,16.0,20.0,220.6,ADAPTIVE,5.544504722219999,3.5589999999999997
2019-12-02T19:26:30+00:00,16.0,20.0,220.2,ADAPTIVE,5.5483899999999995,3.557
2019-12-02T19:26:34+00:00,16.0,20.0,220.5,ADAPTIVE,5.55225694444,3.5509999999999997
2019-12-02T19:26:38+00:00,16.0,20.0,220.4,ADAPTIVE,5.55614333333,3.558
2019-12-02T19:26:42+00:00,16.0,20.0,220.2,ADAPTIVE,5.5600125,3.564
2019-12-02T19:26:46+00:00,16.0,20.0,220.1,ADAPTIVE,5.563881944439999,3.542
2019-12-02T19:26:50+00:00,16.0,20.0,220.3,ADAPTIVE,5.56776416667,3.564
2019-12-02T19:26:53+00:00,16.0,20.0,220.4,ADAPTIVE,5.57163222222,3.5509999999999997
2019-12-02T19:26:57+00:00,16.0,20.0,220.1,ADAPTIVE,5.57551611111,3.556
2019-12-02T19:27:01+00:00,15.9,20.0,220.6,ADAPTIVE,5.57938638889,3.537
2019-12-02T19:27:05+00:00,16.0,20.0,220.4,ADAPTIVE,5.58327472222,3.55
2019-12-02T19:27:09+00:00,16.0,20.0,220.4,ADAPTIVE,5.58714666667,3.562
2019-12-02T19:27:13+00:00,16.0,20.0,220.1,ADAPTIVE,5.591013611109999,3.549
2019-12-02T19:27:17+00:00,16.0,20.0,220.4,ADAPTIVE,5.594896944439999,3.5629999999999997
2019-12-02T19:27:21+00:00,16.0,20.0,220.3,ADAPTIVE,5.598767222219999,3.561
2019-12-02T19:27:25+00:00,16.0,20.0,220.5,ADAPTIVE,5.6026391666699995,3.5429999999999997
2019-12-02T19:27:29+00:00,16.0,20.0,220.3,ADAPTIVE,5.606525833329999,3.5509999999999997
2019-12-02T19:27:33+00:00,16.0,20.0,220.5,ADAPTIVE,5.61039638889,3.5469999999999997
2019-12-02T19:27:37+00:00,16.0,20.0,220.5,ADAPTIVE,5.61428388889,3.554
2019-12-02T19:27:40+00:00,15.9,20.0,219.8,ADAPTIVE,5.61814111111,3.529
2019-12-02T19:27:45+00:00,16.0,20.0,219.8,ADAPTIVE,5.62199805556,3.536
2019-12-02T19:27:48+00:00,16.0,20.0,219.6,ADAPTIVE,5.62586861111,3.5429999999999997
2019-12-02T19:27:53+00:00,15.9,20.0,219.7,ADAPTIVE,5.6297225,3.525
2019-12-02T19:27:57+00:00,16.0,20.0,219.6,ADAPTIVE,5.63359555556,3.537
2019-12-02T19:28:00+00:00,16.0,20.0,220.3,ADAPTIVE,5.63745833333,3.553
2019-12-02T19:28:04+00:00,16.0,20.0,220.2,ADAPTIVE,5.64134166667,3.545
2019-12-02T19:28:08+00:00,16.0,20.0,220.5,ADAPTIVE,5.64521138889,3.556
2019-12-02T19:28:12+00:00,16.0,20.0,220.5,ADAPTIVE,5.64910138889,3.5509999999999997
2019-12-02T19:28:16+00:00,16.0,20.0,220.8,ADAPTIVE,5.652975833329999,3.554
2019-12-02T19:28:20+00:00,16.0,20.0,220.7,ADAPTIVE,5.65684722222,3.55
2019-12-02T19:28:24+00:00,15.9,20.0,220.6,ADAPTIVE,5.66073638889,3.55
2019-12-02T19:28:28+00:00,15.9,20.0,220.4,ADAPTIVE,5.664608611109999,3.545
2019-12-02T19:28:32+00:00,15.9,20.0,220.8,ADAPTIVE,5.66849527778,3.549
2019-12-02T19:28:37+00:00,16.0,20.0,220.5,ADAPTIVE,5.67237,3.5629999999999997
2019-12-02T19:28:41+00:00,16.0,20.0,220.5,ADAPTIVE,5.6762455555599995,3.549
2019-12-02T19:28:44+00:00,16.0,20.0,220.9,ADAPTIVE,5.680139444439999,3.5629999999999997
2019-12-02T19:28:48+00:00,16.0,20.0,220.7,ADAPTIVE,5.68401861111,3.565
2019-12-02T19:28:52+00:00,16.0,20.0,220.6,ADAPTIVE,5.68789555556,3.5629999999999997
2019-12-02T19:28:56+00:00,15.9,20.0,220.4,ADAPTIVE,5.69179111111,3.5509999999999997
2019-12-02T19:29:00+00:00,16.0,20.0,220.6,ADAPTIVE,5.6956683333299996,3.57
2019-12-02T19:29:04+00:00,16.0,20.0,220.7,ADAPTIVE,5.6995611111099995,3.558
2019-12-02T19:29:07+00:00,16.0,20.0,220.8,ADAPTIVE,5.70343805556,3.557
2019-12-02T19:29:11+00:00,16.0,20.0,220.6,ADAPTIVE,5.70732972222,3.562
2019-12-02T19:29:15+00:00,16.0,20.0,220.7,ADAPTIVE,5.71120611111,3.553
2019-12-02T19:29:19+00:00,16.0,20.0,220.8,ADAPTIVE,5.71508333333,3.5719999999999996
2019-12-02T19:29:23+00:00,16.0,20.0,220.1,ADAPTIVE,5.7189658333299995,3.552
2019-12-02T19:29:27+00:00,15.9,20.0,220.1,ADAPTIVE,5.72283666667,3.5469999999999997
2019-12-02T19:29:31+00:00,16.0,20.0,220.3,ADAPTIVE,5.72672166667,3.561
2019-12-02T19:29:35+00:00,16.0,20.0,220.5,ADAPTIVE,5.73059083333,3.549
2019-12-02T19:29:39+00:00,15.9,20.0,219.8,ADAPTIVE,5.7344463888899995,3.53
2019-12-02T19:29:43+00:00,16.0,20.0,219.8,ADAPTIVE,5.73831916667,3.536
2019-12-02T19:29:47+00:00,15.9,20.0,219.7,ADAPTIVE,5.74217555556,3.537
2019-12-02T19:29:51+00:00,15.9,20.0,219.9,ADAPTIVE,5.74605083333,3.533
2019-12-02T19:29:54+00:00,15.9,20.0,219.7,ADAPTIVE,5.74991027778,3.534
2019-12-02T19:29:59+00:00,16.0,20.0,220.6,ADAPTIVE,5.75377583333,3.561
2019-12-02T19:30:02+00:00,16.0,20.0,220.4,ADAPTIVE,5.75766527778,3.5589999999999997
2019-12-02T19:30:06+00:00,16.0,20.0,220.7,ADAPTIVE,5.76153805556,3.557
2019-12-02T19:30:11+00:00,15.9,20.0,220.4,ADAPTIVE,5.765425833329999,3.546
2019-12-02T19:30:14+00:00,15.9,20.0,220.7,ADAPTIVE,5.76929916667,3.5469999999999997
2019-12-02T19:30:18+00:00,15.9,20.0,220.6,ADAPTIVE,5.77317333333,3.549
2019-12-02T19:30:23+00:00,16.0,20.0,220.8,ADAPTIVE,5.777065833329999,3.569
2019-12-02T19:30:26+00:00,15.9,20.0,220.8,ADAPTIVE,5.78094055556,3.548
2019-12-02T19:30:30+00:00,16.0,20.0,221.0,ADAPTIVE,5.784836944439999,3.5719999999999996
2019-12-02T19:30:34+00:00,16.0,20.0,220.9,ADAPTIVE,5.78871472222,3.553
2019-12-02T19:30:38+00:00,16.0,20.0,220.8,ADAPTIVE,5.79260666667,3.5709999999999997
2019-12-02T19:30:42+00:00,16.0,20.0,220.7,ADAPTIVE,5.79647972222,3.5549999999999997
2019-12-02T19:30:46+00:00,16.0,20.0,220.7,ADAPTIVE,5.80035472222,3.562
2019-12-02T19:30:50+00:00,15.9,20.0,220.6,ADAPTIVE,5.80424527778,3.5469999999999997
2019-12-02T19:30:54+00:00,16.0,20.0,220.5,ADAPTIVE,5.80811916667,3.566
2019-12-02T19:30:58+00:00,15.9,20.0,220.6,ADAPTIVE,5.812005,3.548
2019-12-02T19:31:02+00:00,16.0,20.0,220.4,ADAPTIVE,5.8158744444399995,3.5549999999999997
2019-12-02T19:31:05+00:00,16.0,20.0,220.6,ADAPTIVE,5.819760833329999,3.562
2019-12-02T19:31:09+00:00,16.0,20.0,220.3,ADAPTIVE,5.82363361111,3.5589999999999997
2019-12-02T19:31:14+00:00,16.0,19.0,220.6,ADAPTIVE,5.827521111109999,3.554
2019-12-02T19:31:17+00:00,16.0,19.0,220.6,ADAPTIVE,5.83139555556,3.5509999999999997
2019-12-02T19:31:22+00:00,15.9,19.0,220.8,ADAPTIVE,5.83527194444,3.548
2019-12-02T19:31:25+00:00,16.0,19.0,221.1,ADAPTIVE,5.83916805556,3.552
2019-12-02T19:31:29+00:00,16.0,19.0,220.9,ADAPTIVE,5.84305027778,3.569
2019-12-02T19:31:33+00:00,16.0,19.0,220.9,ADAPTIVE,5.846948611109999,3.564
2019-12-02T19:31:37+00:00,16.0,19.0,220.9,ADAPTIVE,5.85082861111,3.5749999999999997
2019-12-02T19:31:41+00:00,15.9,19.0,220.8,ADAPTIVE,5.85471,3.546
2019-12-02T19:31:45+00:00,16.0,19.0,220.8,ADAPTIVE,5.85860722222,3.5589999999999997
2019-12-02T19:31:49+00:00,16.0,19.0,220.8,ADAPTIVE,5.86248638889,3.5589999999999997
2019-12-02T19:31:53+00:00,15.9,19.0,220.9,ADAPTIVE,5.866384999999999,3.5509999999999997
2019-12-02T19:31:57+00:00,16.0,19.0,220.9,ADAPTIVE,5.8702591666699995,3.568
2019-12-02T19:32:01+00:00,16.0,19.0,220.7,ADAPTIVE,5.8741383333299995,3.5629999999999997
2019-12-02T19:32:05+00:00,16.0,19.0,221.2,ADAPTIVE,5.8780330555599996,3.569
2019-12-02T19:32:09+00:00,15.9,19.0,220.9,ADAPTIVE,5.8819147222199994,3.554
2019-12-02T19:32:12+00:00,16.0,19.0,221.3,ADAPTIVE,5.88581333333,3.57
2019-12-02T19:32:17+00:00,16.0,19.0,220.1,ADAPTIVE,5.889687222219999,3.556
2019-12-02T19:32:20+00:00,16.0,18.0,220.0,ADAPTIVE,5.89355388889,3.561
2019-12-02T19:32:24+00:00,15.9,18.0,220.4,ADAPTIVE,5.89743805556,3.544
2019-12-02T19:32:28+00:00,16.0,19.0,220.9,ADAPTIVE,5.90131888889,3.565
2019-12-02T19:32:32+00:00,16.0,19.0,221.1,ADAPTIVE,5.90521777778,3.573
2019-12-02T19:32:37+00:00,16.0,19.0,220.2,ADAPTIVE,5.909094444439999,3.546
2019-12-02T19:32:40+00:00,15.9,19.0,220.2,ADAPTIVE,5.91296416667,3.536
2019-12-02T19:32:44+00:00,15.9,19.0,220.2,ADAPTIVE,5.91684833333,3.526
2019-12-02T19:32:48+00:00,16.0,19.0,220.2,ADAPTIVE,5.92071694444,3.552
2019-12-02T19:32:52+00:00,16.0,19.0,221.0,ADAPTIVE,5.924585833329999,3.573
2019-12-02T19:32:56+00:00,15.9,19.0,220.7,ADAPTIVE,5.9284847222199994,3.5509999999999997
2019-12-02T19:33:00+00:00,16.0,19.0,220.6,ADAPTIVE,5.93236055556,3.549
2019-12-02T19:33:04+00:00,15.9,19.0,220.3,ADAPTIVE,5.93624777778,3.54
2019-12-02T19:33:08+00:00,15.9,19.0,220.8,ADAPTIVE,5.94012083333,3.545
2019-12-02T19:33:12+00:00,16.0,19.0,220.6,ADAPTIVE,5.94399611111,3.557
2019-12-02T19:33:16+00:00,16.0,19.0,220.4,ADAPTIVE,5.94788361111,3.5549999999999997
2019-12-02T19:33:20+00:00,16.0,19.0,220.6,ADAPTIVE,5.95175833333,3.5669999999999997
2019-12-02T19:33:23+00:00,16.0,19.0,220.6,ADAPTIVE,5.9556497222199996,3.558
2019-12-02T19:33:29+00:00,15.9,19.0,220.5,ADAPTIVE,5.95952527778,3.542
2019-12-02T19:33:31+00:00,15.9,18.0,221.0,ADAPTIVE,5.963401944439999,3.5549999999999997
2019-12-02T19:33:36+00:00,16.0,18.0,220.7,ADAPTIVE,5.96729583333,3.5669999999999997
2019-12-02T19:33:40+00:00,16.0,20.0,220.8,ADAPTIVE,5.97117472222,3.566
2019-12-02T19:33:43+00:00,15.9,20.0,221.1,ADAPTIVE,5.97507111111,3.556
2019-12-02T19:33:48+00:00,16.0,20.0,220.9,ADAPTIVE,5.9789525,3.5629999999999997
2019-12-02T19:33:51+00:00,16.0,20.0,220.8,ADAPTIVE,5.982831944439999,3.568
2019-12-02T19:33:55+00:00,15.9,20.0,220.8,ADAPTIVE,5.98672944444,3.552
2019-12-02T19:34:00+00:00,16.0,20.0,220.8,ADAPTIVE,5.99060833333,3.56
2019-12-02T19:34:04+00:00,16.1,20.0,220.9,ADAPTIVE,5.99449972222,3.574
2019-12-02T19:34:07+00:00,15.9,20.0,220.6,ADAPTIVE,5.99837361111,3.553
2019-12-02T19:34:11+00:00,16.0,20.0,220.6,ADAPTIVE,6.002247499999999,3.556
2019-12-02T19:34:15+00:00,16.0,20.0,220.8,ADAPTIVE,6.00614055556,3.556
2019-12-02T19:34:18+00:00,16.0,20.0,220.8,ADAPTIVE,6.010016944439999,3.554
2019-12-02T19:34:23+00:00,16.0,20.0,220.8,ADAPTIVE,6.01389416667,3.5749999999999997
2019-12-02T19:34:26+00:00,15.9,20.0,221.0,ADAPTIVE,6.01779,3.5549999999999997
2019-12-02T19:34:31+00:00,15.9,20.0,220.6,ADAPTIVE,6.02167027778,3.5509999999999997
2019-12-02T19:34:33+00:00,15.9,20.0,220.6,ADAPTIVE,6.02167027778,3.5509999999999997
2019-12-02T19:34:35+00:00,16.0,20.0,221.0,ADAPTIVE,6.025551944439999,3.569
2019-12-02T19:34:38+00:00,16.0,20.0,221.0,ADAPTIVE,6.029449444439999,3.5669999999999997
2019-12-02T19:34:42+00:00,16.0,20.0,221.0,ADAPTIVE,6.0333297222199995,3.5709999999999997
2019-12-02T19:34:46+00:00,16.0,20.0,221.0,ADAPTIVE,6.037227222219999,3.5549999999999997
2019-12-02T19:34:52+00:00,15.9,19.0,219.8,ADAPTIVE,6.04109833333,3.524
2019-12-02T19:34:54+00:00,16.0,19.0,220.0,ADAPTIVE,6.044960833329999,3.548
2019-12-02T19:34:58+00:00,15.9,19.0,220.1,ADAPTIVE,6.0488372222199995,3.5309999999999997
2019-12-02T19:35:02+00:00,15.9,19.0,220.0,ADAPTIVE,6.05269805556,3.536
2019-12-02T19:35:07+00:00,15.9,19.0,220.1,ADAPTIVE,6.05657916667,3.548
2019-12-02T19:35:10+00:00,16.0,19.0,221.0,ADAPTIVE,6.06045138889,3.566
2019-12-02T19:35:14+00:00,16.0,19.0,221.1,ADAPTIVE,6.0643538888899995,3.5589999999999997
2019-12-02T19:35:18+00:00,15.9,19.0,221.0,ADAPTIVE,6.06823694444,3.5509999999999997
2019-12-02T19:35:22+00:00,15.9,19.0,221.3,ADAPTIVE,6.07211916667,3.5509999999999997
2019-12-02T19:35:26+00:00,16.0,19.0,221.3,ADAPTIVE,6.07602,3.5719999999999996
2019-12-02T19:35:30+00:00,16.0,19.0,220.9,ADAPTIVE,6.0799044444399994,3.557
2019-12-02T19:35:34+00:00,15.9,19.0,221.1,ADAPTIVE,6.083806388889999,3.552
2019-12-02T19:35:37+00:00,16.0,19.0,221.0,ADAPTIVE,6.08769166667,3.573
2019-12-02T19:35:41+00:00,16.1,19.0,221.1,ADAPTIVE,6.09157861111,3.581
2019-12-02T19:35:46+00:00,16.0,19.0,221.3,ADAPTIVE,6.09548111111,3.566
2019-12-02T19:35:49+00:00,16.0,19.0,221.2,ADAPTIVE,6.0993677777799995,3.569
2019-12-02T19:35:53+00:00,16.0,19.0,221.3,ADAPTIVE,6.10327027778,3.581
2019-12-02T19:35:57+00:00,16.0,18.0,221.1,ADAPTIVE,6.10716055556,3.569
2019-12-02T19:36:01+00:00,16.0,18.0,221.5,ADAPTIVE,6.11105111111,3.569
2019-12-02T19:36:05+00:00,16.0,17.0,221.6,ADAPTIVE,6.114963611109999,3.566
2019-12-02T19:36:10+00:00,16.0,17.0,221.7,ADAPTIVE,6.1188561111099995,3.5709999999999997
2019-12-02T19:36:14+00:00,16.0,17.0,221.2,ADAPTIVE,6.1227599999999995,3.5759999999999996
2019-12-02T19:36:17+00:00,16.0,17.0,221.2,ADAPTIVE,6.12664416667,3.5669999999999997
2019-12-02T19:36:21+00:00,16.0,17.0,221.1,ADAPTIVE,6.13052666667,3.565
2019-12-02T19:36:25+00:00,16.0,17.0,221.0,ADAPTIVE,6.13442777778,3.564
2019-12-02T19:36:29+00:00,15.9,17.0,221.1,ADAPTIVE,6.138311111109999,3.554
2019-12-02T19:36:33+00:00,15.9,17.0,221.1,ADAPTIVE,6.14219305556,3.5549999999999997
2019-12-02T19:36:37+00:00,16.0,17.0,221.4,ADAPTIVE,6.146076111109999,3.577
2019-12-02T19:36:40+00:00,16.0,17.0,221.1,ADAPTIVE,6.149959722219999,3.566
2019-12-02T19:36:45+00:00,16.0,17.0,221.0,ADAPTIVE,6.15385833333,3.586
2019-12-02T19:36:48+00:00,15.9,17.0,221.3,ADAPTIVE,6.15774111111,3.562
2019-12-02T19:36:52+00:00,16.0,17.0,221.5,ADAPTIVE,6.16163,3.5759999999999996
2019-12-02T19:36:56+00:00,16.0,17.0,221.5,ADAPTIVE,6.16553333333,3.57
2019-12-02T19:37:00+00:00,16.0,17.0,221.4,ADAPTIVE,6.169421111109999,3.577
2019-12-02T19:37:04+00:00,16.0,17.0,221.4,ADAPTIVE,6.173326944439999,3.5709999999999997
2019-12-02T19:37:08+00:00,15.9,17.0,221.1,ADAPTIVE,6.17721388889,3.556
2019-12-02T19:37:12+00:00,16.0,17.0,221.5,ADAPTIVE,6.18110222222,3.5759999999999996
2019-12-02T19:37:16+00:00,16.0,17.0,221.3,ADAPTIVE,6.18500666667,3.578
2019-12-02T19:37:20+00:00,15.9,17.0,221.4,ADAPTIVE,6.18889194444,3.5589999999999997
2019-12-02T19:37:24+00:00,16.0,17.0,220.9,ADAPTIVE,6.19279555556,3.57
2019-12-02T19:37:28+00:00,16.0,17.0,221.2,ADAPTIVE,6.196678611109999,3.578
2019-12-02T19:37:32+00:00,16.0,17.0,221.1,ADAPTIVE,6.2005775,3.558
2019-12-02T19:37:36+00:00,15.9,17.0,221.3,ADAPTIVE,6.204459444439999,3.553
2019-12-02T19:37:40+00:00,16.0,17.0,220.4,ADAPTIVE,6.2083427777799995,3.564
2019-12-02T19:37:43+00:00,16.0,17.0,220.1,ADAPTIVE,6.21222805556,3.537
2019-12-02T19:37:48+00:00,16.0,17.0,220.3,ADAPTIVE,6.21609361111,3.545
2019-12-02T19:37:51+00:00,16.0,17.0,220.8,ADAPTIVE,6.21997916667,3.568
2019-12-02T19:37:55+00:00,15.9,17.0,220.9,ADAPTIVE,6.2238594444399995,3.554
2019-12-02T19:38:00+00:00,16.0,17.0,220.9,ADAPTIVE,6.22774138889,3.569
2019-12-02T19:38:04+00:00,16.0,17.0,221.3,ADAPTIVE,6.23164194444,3.569
2019-12-02T19:38:07+00:00,16.0,17.0,221.2,ADAPTIVE,6.23552555556,3.564
2019-12-02T19:38:13+00:00,16.0,17.0,221.1,ADAPTIVE,6.23942416667,3.562
2019-12-02T19:38:15+00:00,16.0,17.0,220.9,ADAPTIVE,6.24330444444,3.5589999999999997
2019-12-02T19:38:19+00:00,16.0,17.0,221.0,ADAPTIVE,6.24717833333,3.5589999999999997
2019-12-02T19:38:23+00:00,16.0,17.0,220.7,ADAPTIVE,6.251072499999999,3.5759999999999996
2019-12-02T19:38:27+00:00,16.0,17.0,220.8,ADAPTIVE,6.25495055556,3.55
2019-12-02T19:38:31+00:00,16.0,19.0,220.8,ADAPTIVE,6.25883222222,3.5719999999999996
2019-12-02T19:38:35+00:00,16.0,19.0,221.1,ADAPTIVE,6.26273111111,3.569
2019-12-02T19:38:39+00:00,16.0,19.0,220.1,ADAPTIVE,6.26660805556,3.55
2019-12-02T19:38:44+00:00,15.9,19.0,220.7,ADAPTIVE,6.270483888889999,3.55
2019-12-02T19:38:47+00:00,16.1,19.0,220.9,ADAPTIVE,6.27437777778,3.581
2019-12-02T19:38:51+00:00,16.0,19.0,221.1,ADAPTIVE,6.2782575,3.574
2019-12-02T19:38:55+00:00,15.9,19.0,221.3,ADAPTIVE,6.28215611111,3.554
2019-12-02T19:38:58+00:00,16.0,19.0,221.1,ADAPTIVE,6.2860375,3.564
2019-12-02T19:39:02+00:00,16.0,19.0,221.0,ADAPTIVE,6.2899199999999995,3.561
2019-12-02T19:39:06+00:00,16.0,19.0,220.9,ADAPTIVE,6.29381694444,3.568
2019-12-02T19:39:10+00:00,16.0,19.0,220.9,ADAPTIVE,6.297698888889999,3.566
2019-12-02T19:39:15+00:00,15.9,19.0,220.7,ADAPTIVE,6.3015777777799995,3.5509999999999997
2019-12-02T19:39:18+00:00,15.9,19.0,220.9,ADAPTIVE,6.3054727777799995,3.54
2019-12-02T19:39:22+00:00,15.9,19.0,220.6,ADAPTIVE,6.30935138889,3.545
2019-12-02T19:39:26+00:00,16.0,19.0,221.1,ADAPTIVE,6.3132469444399995,3.5749999999999997
2019-12-02T19:39:30+00:00,16.0,19.0,221.3,ADAPTIVE,6.3171283333299995,3.564
2019-12-02T19:39:34+00:00,16.0,18.0,221.2,ADAPTIVE,6.32100777778,3.5669999999999997
2019-12-02T19:39:38+00:00,16.0,18.0,221.0,ADAPTIVE,6.32490416667,3.577
2019-12-02T19:39:42+00:00,15.9,19.0,220.8,ADAPTIVE,6.32878472222,3.553
2019-12-02T19:39:46+00:00,16.0,19.0,221.2,ADAPTIVE,6.33268138889,3.5669999999999997
2019-12-02T19:39:50+00:00,16.0,19.0,221.1,ADAPTIVE,6.33656194444,3.573
2019-12-02T19:39:54+00:00,16.0,19.0,220.9,ADAPTIVE,6.34045916667,3.566
2019-12-02T19:39:57+00:00,16.0,19.0,221.0,ADAPTIVE,6.34434027778,3.5629999999999997
2019-12-02T19:40:02+00:00,16.0,19.0,221.0,ADAPTIVE,6.34822055556,3.5549999999999997
2019-12-02T19:40:06+00:00,16.0,19.0,221.0,ADAPTIVE,6.3521194444399995,3.57
2019-12-02T19:40:09+00:00,16.0,19.0,221.2,ADAPTIVE,6.3560008333299995,3.5709999999999997
2019-12-02T19:40:14+00:00,15.9,19.0,220.9,ADAPTIVE,6.35988138889,3.55
2019-12-02T19:40:18+00:00,15.9,19.0,220.8,ADAPTIVE,6.36377777778,3.552
2019-12-02T19:40:21+00:00,16.0,19.0,220.9,ADAPTIVE,6.3676575,3.5629999999999997
2019-12-02T19:40:25+00:00,15.9,19.0,220.8,ADAPTIVE,6.3715525,3.5509999999999997
2019-12-02T19:40:29+00:00,16.0,19.0,220.9,ADAPTIVE,6.37543222222,3.574
2019-12-02T19:40:33+00:00,16.0,19.0,221.1,ADAPTIVE,6.37931277778,3.574
2019-12-02T19:40:37+00:00,16.0,19.0,221.0,ADAPTIVE,6.38321083333,3.5709999999999997
2019-12-02T19:40:41+00:00,15.9,19.0,221.1,ADAPTIVE,6.38709055556,3.556
2019-12-02T19:40:45+00:00,16.0,19.0,220.7,ADAPTIVE,6.39098305556,3.568
2019-12-02T19:40:49+00:00,16.0,19.0,220.8,ADAPTIVE,6.39485638889,3.556
2019-12-02T19:40:53+00:00,15.9,19.0,220.5,ADAPTIVE,6.39874555556,3.544
2019-12-02T19:40:57+00:00,15.9,19.0,221.2,ADAPTIVE,6.40262388889,3.541
2019-12-02T19:41:01+00:00,16.0,19.0,220.8,ADAPTIVE,6.4065199999999995,3.574
2019-12-02T19:41:05+00:00,16.0,19.0,220.8,ADAPTIVE,6.41040083333,3.562
2019-12-02T19:41:09+00:00,16.0,19.0,221.1,ADAPTIVE,6.4142783333299995,3.562
2019-12-02T19:41:12+00:00,16.0,19.0,221.0,ADAPTIVE,6.41817388889,3.5669999999999997
2019-12-02T19:41:17+00:00,15.9,19.0,220.9,ADAPTIVE,6.42205194444,3.55
2019-12-02T19:41:21+00:00,15.9,19.0,220.8,ADAPTIVE,6.42594555556,3.552
2019-12-02T19:41:24+00:00,15.9,19.0,220.9,ADAPTIVE,6.42982388889,3.5589999999999997
2019-12-02T19:41:28+00:00,16.0,19.0,220.8,ADAPTIVE,6.4337011111099995,3.568
2019-12-02T19:41:32+00:00,15.9,19.0,221.3,ADAPTIVE,6.43759777778,3.5549999999999997
2019-12-02T19:41:36+00:00,16.0,19.0,220.8,ADAPTIVE,6.44148166667,3.5629999999999997
2019-12-02T19:41:40+00:00,16.0,19.0,221.0,ADAPTIVE,6.4453825,3.5749999999999997
2019-12-02T19:41:44+00:00,16.0,19.0,221.4,ADAPTIVE,6.44926777778,3.574
2019-12-02T19:41:48+00:00,15.9,19.0,221.2,ADAPTIVE,6.45315527778,3.5629999999999997
2019-12-02T19:41:52+00:00,16.0,19.0,221.5,ADAPTIVE,6.45705888889,3.568
2019-12-02T19:41:56+00:00,16.0,19.0,221.2,ADAPTIVE,6.460948333329999,3.574
2019-12-02T19:42:00+00:00,16.0,19.0,221.2,ADAPTIVE,6.464851944439999,3.565
2019-12-02T19:42:04+00:00,16.0,19.0,221.3,ADAPTIVE,6.4687377777799995,3.5669999999999997
2019-12-02T19:42:08+00:00,16.0,20.0,221.2,ADAPTIVE,6.47262527778,3.566
2019-12-02T19:42:12+00:00,16.0,20.0,221.1,ADAPTIVE,6.47653138889,3.565
2019-12-02T19:42:15+00:00,16.0,20.0,221.3,ADAPTIVE,6.4804202777799995,3.578
2019-12-02T19:42:21+00:00,16.0,20.0,221.5,ADAPTIVE,6.484324722219999,3.5799999999999996
2019-12-02T19:42:24+00:00,16.0,20.0,221.4,ADAPTIVE,6.48821388889,3.57
2019-12-02T19:42:27+00:00,15.9,20.0,221.5,ADAPTIVE,6.492105,3.5589999999999997
2019-12-02T19:42:31+00:00,16.0,20.0,221.6,ADAPTIVE,6.49601166667,3.5669999999999997
2019-12-02T19:42:35+00:00,16.0,20.0,221.7,ADAPTIVE,6.49990388889,3.5839999999999996
2019-12-02T19:42:39+00:00,16.0,20.0,221.6,ADAPTIVE,6.5037944444399995,3.5789999999999997
2019-12-02T19:42:43+00:00,15.9,20.0,221.8,ADAPTIVE,6.50770222222,3.5549999999999997
2019-12-02T19:42:47+00:00,15.9,20.0,221.6,ADAPTIVE,6.51159305556,3.57
2019-12-02T19:42:51+00:00,16.0,20.0,221.4,ADAPTIVE,6.51550138889,3.5709999999999997
2019-12-02T19:42:55+00:00,16.0,20.0,221.4,ADAPTIVE,6.51939361111,3.5789999999999997
2019-12-02T19:42:59+00:00,15.9,20.0,221.4,ADAPTIVE,6.52328444444,3.5549999999999997
2019-12-02T19:43:03+00:00,16.0,20.0,221.6,ADAPTIVE,6.52719333333,3.5719999999999996
2019-12-02T19:43:07+00:00,16.0,20.0,221.5,ADAPTIVE,6.531086944439999,3.574
2019-12-02T19:43:10+00:00,16.0,20.0,221.7,ADAPTIVE,6.534979722219999,3.581
2019-12-02T19:43:14+00:00,16.0,20.0,221.7,ADAPTIVE,6.5388919444399995,3.5789999999999997
2019-12-02T19:43:19+00:00,16.0,20.0,221.5,ADAPTIVE,6.54278527778,3.5759999999999996
2019-12-02T19:43:23+00:00,16.0,20.0,221.5,ADAPTIVE,6.54668055556,3.585
2019-12-02T19:43:26+00:00,16.0,20.0,221.5,ADAPTIVE,6.55059305556,3.5719999999999996
2019-12-02T19:43:31+00:00,16.0,20.0,221.7,ADAPTIVE,6.55448666667,3.57
2019-12-02T19:43:34+00:00,15.9,20.0,221.7,ADAPTIVE,6.55838055556,3.557
2019-12-02T19:43:38+00:00,16.0,20.0,221.7,ADAPTIVE,6.56229027778,3.577
2019-12-02T19:43:43+00:00,16.0,20.0,221.9,ADAPTIVE,6.5661838888899995,3.569
2019-12-02T19:43:46+00:00,15.9,20.0,221.9,ADAPTIVE,6.57009388889,3.566
2019-12-02T19:43:50+00:00,16.0,20.0,221.5,ADAPTIVE,6.57398638889,3.573
2019-12-02T19:43:54+00:00,16.0,20.0,221.5,ADAPTIVE,6.57787888889,3.569
2019-12-02T19:43:58+00:00,15.9,20.0,221.8,ADAPTIVE,6.58179,3.5629999999999997
2019-12-02T19:44:02+00:00,16.0,20.0,221.4,ADAPTIVE,6.58568166667,3.574
2019-12-02T19:44:06+00:00,16.0,20.0,221.5,ADAPTIVE,6.589592222219999,3.5669999999999997
2019-12-02T19:44:10+00:00,16.0,20.0,221.7,ADAPTIVE,6.59348305556,3.578
2019-12-02T19:44:14+00:00,16.0,20.0,221.5,ADAPTIVE,6.597373333329999,3.5719999999999996
2019-12-02T19:44:18+00:00,15.9,20.0,221.5,ADAPTIVE,6.60128055556,3.562
2019-12-02T19:44:21+00:00,16.0,20.0,221.4,ADAPTIVE,6.6051716666699996,3.5749999999999997
2019-12-02T19:44:26+00:00,16.0,20.0,221.7,ADAPTIVE,6.60906388889,3.5749999999999997
2019-12-02T19:44:29+00:00,16.0,20.0,221.9,ADAPTIVE,6.61297277778,3.5629999999999997
2019-12-02T19:44:34+00:00,15.9,19.0,221.6,ADAPTIVE,6.616864444439999,3.566
2019-12-02T19:44:37+00:00,15.9,19.0,221.4,ADAPTIVE,6.62075555556,3.557
2019-12-02T19:44:41+00:00,15.9,19.0,221.7,ADAPTIVE,6.62466388889,3.562
2019-12-02T19:44:46+00:00,16.0,19.0,222.1,ADAPTIVE,6.62855444444,3.5829999999999997
2019-12-02T19:44:49+00:00,16.0,19.0,222.0,ADAPTIVE,6.63246916667,3.5839999999999996
2019-12-02T19:44:53+00:00,16.0,19.0,221.9,ADAPTIVE,6.636365833329999,3.59
2019-12-02T19:44:57+00:00,16.0,19.0,222.0,ADAPTIVE,6.64026138889,3.5799999999999996
2019-12-02T19:45:01+00:00,16.0,19.0,221.4,ADAPTIVE,6.644171388889999,3.566
2019-12-02T19:45:05+00:00,15.9,19.0,221.8,ADAPTIVE,6.64806583333,3.5669999999999997
2019-12-02T19:45:09+00:00,16.1,19.0,221.6,ADAPTIVE,6.65196027778,3.59
2019-12-02T19:45:13+00:00,16.0,19.0,221.7,ADAPTIVE,6.65586777778,3.578
2019-12-02T19:45:17+00:00,15.9,19.0,221.7,ADAPTIVE,6.65975861111,3.5629999999999997
2019-12-02T19:45:21+00:00,16.0,19.0,221.8,ADAPTIVE,6.66364916667,3.5709999999999997
2019-12-02T19:45:25+00:00,16.0,19.0,221.6,ADAPTIVE,6.667557222219999,3.573
2019-12-02T19:45:29+00:00,16.0,19.0,221.6,ADAPTIVE,6.67144888889,3.573
2019-12-02T19:45:32+00:00,16.0,19.0,221.6,ADAPTIVE,6.67534055556,3.566
2019-12-02T19:45:36+00:00,16.0,19.0,221.6,ADAPTIVE,6.6792475,3.574
2019-12-02T19:45:40+00:00,16.0,19.0,218.2,ADAPTIVE,6.6831375,3.5469999999999997
2019-12-02T19:45:45+00:00,16.0,19.0,221.4,ADAPTIVE,6.6870177777799995,3.57
2019-12-02T19:45:48+00:00,15.9,19.0,221.5,ADAPTIVE,6.69092305556,3.562
2019-12-02T19:45:52+00:00,15.9,19.0,221.7,ADAPTIVE,6.69481361111,3.561
2019-12-02T19:45:56+00:00,15.9,19.0,221.7,ADAPTIVE,6.69872055556,3.556
2019-12-02T19:46:00+00:00,16.0,19.0,221.8,ADAPTIVE,6.70261416667,3.573
2019-12-02T19:46:04+00:00,16.0,19.0,222.2,ADAPTIVE,6.706510833329999,3.59
2019-12-02T19:46:08+00:00,16.0,19.0,221.6,ADAPTIVE,6.71042277778,3.5789999999999997
2019-12-02T19:46:12+00:00,15.9,19.0,221.5,ADAPTIVE,6.71431583333,3.565
2019-12-02T19:46:16+00:00,16.0,19.0,221.8,ADAPTIVE,6.71822666667,3.59
2019-12-02T19:46:20+00:00,16.0,19.0,221.7,ADAPTIVE,6.72212305556,3.5839999999999996
2019-12-02T19:46:24+00:00,16.0,19.0,221.8,ADAPTIVE,6.72602361111,3.581
2019-12-02T19:46:28+00:00,16.0,19.0,222.0,ADAPTIVE,6.72993888889,3.5759999999999996
2019-12-02T19:46:32+00:00,16.0,19.0,222.0,ADAPTIVE,6.733837222219999,3.5799999999999996
2019-12-02T19:46:36+00:00,16.0,19.0,221.7,ADAPTIVE,6.73773333333,3.5709999999999997
2019-12-02T19:46:40+00:00,16.0,19.0,221.7,ADAPTIVE,6.7416466666699995,3.581
2019-12-02T19:46:44+00:00,16.0,19.0,221.7,ADAPTIVE,6.7455413888899995,3.59
2019-12-02T19:46:47+00:00,15.9,19.0,222.0,ADAPTIVE,6.749454722219999,3.57
2019-12-02T19:46:51+00:00,16.0,19.0,221.7,ADAPTIVE,6.75335305556,3.5829999999999997
2019-12-02T19:46:55+00:00,16.0,19.0,221.9,ADAPTIVE,6.7572511111099995,3.5719999999999996
2019-12-02T19:46:59+00:00,16.0,19.0,221.8,ADAPTIVE,6.76116333333,3.5839999999999996
2019-12-02T19:47:03+00:00,16.0,19.0,221.9,ADAPTIVE,6.76506055556,3.586
2019-12-02T19:47:07+00:00,15.9,19.0,222.0,ADAPTIVE,6.76895916667,3.561
2019-12-02T19:47:11+00:00,16.0,19.0,222.2,ADAPTIVE,6.772876388889999,3.5949999999999998
2019-12-02T19:47:15+00:00,16.0,19.0,221.9,ADAPTIVE,6.776776111109999,3.5749999999999997
2019-12-02T19:47:19+00:00,15.9,19.0,222.0,ADAPTIVE,6.78069277778,3.568
2019-12-02T19:47:23+00:00,16.0,19.0,221.9,ADAPTIVE,6.78459166667,3.5789999999999997
2019-12-02T19:47:27+00:00,16.0,19.0,221.8,ADAPTIVE,6.78850638889,3.569
2019-12-02T19:47:31+00:00,16.0,19.0,221.9,ADAPTIVE,6.79240388889,3.5829999999999997
2019-12-02T19:47:35+00:00,16.0,19.0,221.8,ADAPTIVE,6.79629944444,3.5879999999999996
2019-12-02T19:47:39+00:00,15.9,19.0,221.5,ADAPTIVE,6.800207222219999,3.564
2019-12-02T19:47:43+00:00,15.9,19.0,221.5,ADAPTIVE,6.80409666667,3.561
2019-12-02T19:47:47+00:00,15.9,19.0,221.5,ADAPTIVE,6.80800472222,3.565
2019-12-02T19:47:50+00:00,16.0,19.0,221.9,ADAPTIVE,6.811898333329999,3.565
2019-12-02T19:47:55+00:00,16.0,19.0,221.5,ADAPTIVE,6.815789444439999,3.573
2019-12-02T19:47:58+00:00,15.9,19.0,221.5,ADAPTIVE,6.8196947222199995,3.553
2019-12-02T19:48:02+00:00,16.0,19.0,221.6,ADAPTIVE,6.82358722222,3.5789999999999997
2019-12-02T19:48:06+00:00,16.0,19.0,221.6,ADAPTIVE,6.82747944444,3.5839999999999996
2019-12-02T19:48:10+00:00,15.9,19.0,221.8,ADAPTIVE,6.83138805556,3.5629999999999997
2019-12-02T19:48:14+00:00,16.0,19.0,221.9,ADAPTIVE,6.835279444439999,3.578
2019-12-02T19:48:18+00:00,16.0,19.0,221.3,ADAPTIVE,6.83916638889,3.57
2019-12-02T19:48:24+00:00,16.0,19.0,221.4,ADAPTIVE,6.8430675,3.564
2019-12-02T19:48:26+00:00,15.9,19.0,221.3,ADAPTIVE,6.84695055556,3.561
2019-12-02T19:48:30+00:00,15.9,19.0,221.6,ADAPTIVE,6.85085111111,3.5669999999999997
2019-12-02T19:48:34+00:00,16.0,19.0,221.6,ADAPTIVE,6.85473888889,3.582
2019-12-02T19:48:38+00:00,16.0,19.0,221.6,ADAPTIVE,6.8586419444399995,3.586
2019-12-02T19:48:42+00:00,16.0,19.0,221.9,ADAPTIVE,6.86253055556,3.5789999999999997
2019-12-02T19:48:47+00:00,16.0,19.0,221.7,ADAPTIVE,6.86643777778,3.5669999999999997
2019-12-02T19:48:50+00:00,16.0,19.0,221.6,ADAPTIVE,6.87032444444,3.5749999999999997
2019-12-02T19:48:54+00:00,16.0,19.0,221.7,ADAPTIVE,6.874215833329999,3.5719999999999996
2019-12-02T19:48:58+00:00,16.0,19.0,221.8,ADAPTIVE,6.8781213888899995,3.573
2019-12-02T19:49:01+00:00,16.0,19.0,221.7,ADAPTIVE,6.88201333333,3.5719999999999996
2019-12-02T19:49:05+00:00,16.0,19.0,221.6,ADAPTIVE,6.88592166667,3.573
2019-12-02T19:49:09+00:00,15.9,19.0,221.5,ADAPTIVE,6.88981222222,3.553
2019-12-02T19:49:13+00:00,16.0,19.0,222.0,ADAPTIVE,6.89370166667,3.565
2019-12-02T19:49:17+00:00,16.0,19.0,221.5,ADAPTIVE,6.897609999999999,3.574
2019-12-02T19:49:21+00:00,16.0,19.0,221.9,ADAPTIVE,6.90150361111,3.5869999999999997
2019-12-02T19:49:25+00:00,16.0,20.0,221.8,ADAPTIVE,6.90539916667,3.578
2019-12-02T19:49:29+00:00,16.0,20.0,221.9,ADAPTIVE,6.9093102777799995,3.578
2019-12-02T19:49:34+00:00,16.0,20.0,221.8,ADAPTIVE,6.913208333329999,3.577
2019-12-02T19:49:37+00:00,16.0,20.0,221.8,ADAPTIVE,6.917105833329999,3.5759999999999996
2019-12-02T19:49:41+00:00,16.0,20.0,222.0,ADAPTIVE,6.921020833329999,3.574
2019-12-02T19:49:45+00:00,15.9,20.0,221.9,ADAPTIVE,6.924919722219999,3.574
2019-12-02T19:49:49+00:00,16.0,20.0,221.9,ADAPTIVE,6.92881638889,3.577
2019-12-02T19:49:53+00:00,16.0,20.0,221.9,ADAPTIVE,6.93272944444,3.586
2019-12-02T19:49:57+00:00,15.9,20.0,222.1,ADAPTIVE,6.93662833333,3.573
2019-12-02T19:50:00+00:00,16.0,20.0,221.8,ADAPTIVE,6.94054555556,3.577
2019-12-02T19:50:04+00:00,16.0,20.0,222.0,ADAPTIVE,6.94444305556,3.578
2019-12-02T19:50:09+00:00,16.0,20.0,222.1,ADAPTIVE,6.94834055556,3.594
2019-12-02T19:50:12+00:00,15.9,20.0,221.7,ADAPTIVE,6.952255,3.566
2019-12-02T19:50:17+00:00,15.9,20.0,221.9,ADAPTIVE,6.95615305556,3.573
2019-12-02T19:50:18+00:00,15.9,20.0,221.9,ADAPTIVE,6.95615305556,3.573
2019-12-02T19:50:20+00:00,15.9,20.0,222.1,ADAPTIVE,6.96005222222,3.574
2019-12-02T19:50:24+00:00,16.0,20.0,222.0,ADAPTIVE,6.96396972222,3.589
2019-12-02T19:50:28+00:00,15.9,20.0,221.9,ADAPTIVE,6.96786805556,3.5749999999999997
2019-12-02T19:50:32+00:00,16.0,19.0,221.9,ADAPTIVE,6.97178222222,3.578
2019-12-02T19:50:37+00:00,16.0,19.0,222.1,ADAPTIVE,6.97568222222,3.574
2019-12-02T19:50:40+00:00,16.0,19.0,221.8,ADAPTIVE,6.97958027778,3.585
2019-12-02T19:50:44+00:00,16.0,20.0,221.7,ADAPTIVE,6.98349416667,3.5709999999999997
2019-12-02T19:50:48+00:00,16.0,20.0,221.8,ADAPTIVE,6.9873924999999995,3.569
2019-12-02T19:50:52+00:00,16.0,20.0,221.8,ADAPTIVE,6.99128944444,3.5829999999999997
2019-12-02T19:50:56+00:00,15.9,20.0,221.7,ADAPTIVE,6.9952024999999995,3.565
2019-12-02T19:51:00+00:00,16.0,20.0,221.8,ADAPTIVE,6.999097777779999,3.581
2019-12-02T19:51:03+00:00,16.0,20.0,221.7,ADAPTIVE,7.00299444444,3.574
2019-12-02T19:51:08+00:00,16.0,20.0,222.0,ADAPTIVE,7.00691055556,3.5759999999999996
2019-12-02T19:51:11+00:00,16.0,20.0,221.8,ADAPTIVE,7.01080888889,3.5749999999999997
2019-12-02T19:51:15+00:00,16.0,20.0,222.1,ADAPTIVE,7.0147066666699995,3.577
2019-12-02T19:51:19+00:00,15.9,20.0,221.8,ADAPTIVE,7.01861888889,3.566
2019-12-02T19:51:23+00:00,16.0,20.0,222.0,ADAPTIVE,7.022517499999999,3.5829999999999997
2019-12-02T19:51:29+00:00,16.0,20.0,222.0,ADAPTIVE,7.02643194444,3.581
2019-12-02T19:51:31+00:00,16.0,20.0,221.9,ADAPTIVE,7.0303316666699995,3.59
2019-12-02T19:51:35+00:00,16.0,20.0,222.2,ADAPTIVE,7.034234444439999,3.577
2019-12-02T19:51:39+00:00,16.0,20.0,222.3,ADAPTIVE,7.03815277778,3.586
2019-12-02T19:51:43+00:00,15.9,20.0,221.3,ADAPTIVE,7.04204,3.554
2019-12-02T19:51:47+00:00,16.0,20.0,221.4,ADAPTIVE,7.04594027778,3.578
2019-12-02T19:51:51+00:00,15.9,20.0,221.6,ADAPTIVE,7.04982444444,3.5589999999999997
2019-12-02T19:51:55+00:00,16.0,20.0,221.4,ADAPTIVE,7.05371,3.566
2019-12-02T19:51:59+00:00,16.0,20.0,222.0,ADAPTIVE,7.05761861111,3.589
2019-12-02T19:52:02+00:00,16.0,20.0,221.8,ADAPTIVE,7.06151777778,3.5789999999999997
2019-12-02T19:52:07+00:00,16.0,20.0,222.1,ADAPTIVE,7.06541305556,3.5759999999999996
2019-12-02T19:52:10+00:00,16.0,20.0,221.8,ADAPTIVE,7.069324722219999,3.5829999999999997
2019-12-02T19:52:14+00:00,16.0,20.0,221.7,ADAPTIVE,7.073217499999999,3.577
2019-12-02T19:52:18+00:00,16.0,20.0,221.8,ADAPTIVE,7.07712666667,3.5719999999999996
2019-12-02T19:52:22+00:00,16.0,20.0,221.6,ADAPTIVE,7.081018333329999,3.5869999999999997
2019-12-02T19:52:26+00:00,16.0,20.0,221.7,ADAPTIVE,7.084911944439999,3.578
2019-12-02T19:52:30+00:00,16.1,20.0,221.7,ADAPTIVE,7.088821944439999,3.5919999999999996
2019-12-02T19:52:34+00:00,16.0,20.0,221.8,ADAPTIVE,7.09271555556,3.5709999999999997
2019-12-02T19:52:38+00:00,15.9,20.0,221.6,ADAPTIVE,7.09662555556,3.565
2019-12-02T19:52:42+00:00,16.0,20.0,221.4,ADAPTIVE,7.10051805556,3.5759999999999996
2019-12-02T19:52:47+00:00,15.9,20.0,221.8,ADAPTIVE,7.10441,3.569
2019-12-02T19:52:50+00:00,15.9,20.0,221.6,ADAPTIVE,7.10831916667,3.5669999999999997
2019-12-02T19:52:54+00:00,15.9,20.0,221.4,ADAPTIVE,7.11220833333,3.558
2019-12-02T19:52:58+00:00,15.9,20.0,221.6,ADAPTIVE,7.116097777779999,3.5629999999999997
2019-12-02T19:53:02+00:00,15.9,20.0,221.7,ADAPTIVE,7.120002222219999,3.561
2019-12-02T19:53:06+00:00,16.0,20.0,221.7,ADAPTIVE,7.123892222219999,3.568
2019-12-02T19:53:10+00:00,15.9,20.0,221.7,ADAPTIVE,7.12779527778,3.5589999999999997
2019-12-02T19:53:14+00:00,15.9,20.0,221.8,ADAPTIVE,7.13166805556,3.566
2019-12-02T19:53:18+00:00,16.0,20.0,221.6,ADAPTIVE,7.135556666669999,3.585
2019-12-02T19:53:22+00:00,16.0,20.0,221.5,ADAPTIVE,7.13946222222,3.569
2019-12-02T19:53:25+00:00,16.0,20.0,221.6,ADAPTIVE,7.14335166667,3.578
2019-12-02T19:53:29+00:00,16.0,20.0,221.6,ADAPTIVE,7.147257499999999,3.5749999999999997
2019-12-02T19:53:34+00:00,16.0,20.0,221.7,ADAPTIVE,7.15114805556,3.5839999999999996
2019-12-02T19:53:37+00:00,15.9,20.0,221.7,ADAPTIVE,7.1550575,3.564
2019-12-02T19:53:42+00:00,15.9,20.0,221.7,ADAPTIVE,7.15894805556,3.564
2019-12-02T19:53:45+00:00,15.9,20.0,221.7,ADAPTIVE,7.162841944439999,3.57
2019-12-02T19:53:49+00:00,16.0,20.0,221.6,ADAPTIVE,7.16675138889,3.585
2019-12-02T19:53:53+00:00,16.0,20.0,221.7,ADAPTIVE,7.1706427777799995,3.589
2019-12-02T19:53:57+00:00,15.9,20.0,221.6,ADAPTIVE,7.17453027778,3.5549999999999997
2019-12-02T19:54:01+00:00,15.9,20.0,221.9,ADAPTIVE,7.178439999999999,3.5669999999999997
2019-12-02T19:54:05+00:00,15.9,20.0,222.0,ADAPTIVE,7.1823366666699995,3.569
2019-12-02T19:54:09+00:00,15.9,20.0,221.6,ADAPTIVE,7.18625361111,3.561
2019-12-02T19:54:13+00:00,15.9,20.0,222.1,ADAPTIVE,7.19014805556,3.5669999999999997
2019-12-02T19:54:17+00:00,16.0,20.0,222.0,ADAPTIVE,7.19404611111,3.5799999999999996
2019-12-02T19:54:21+00:00,16.0,20.0,221.8,ADAPTIVE,7.19795916667,3.5789999999999997
2019-12-02T19:54:25+00:00,16.0,20.0,222.0,ADAPTIVE,7.20185416667,3.582
2019-12-02T19:54:28+00:00,16.0,20.0,222.2,ADAPTIVE,7.205768333329999,3.589
2019-12-02T19:54:33+00:00,16.0,20.0,222.0,ADAPTIVE,7.20966666667,3.5719999999999996
2019-12-02T19:54:36+00:00,16.0,20.0,222.1,ADAPTIVE,7.2135638888899996,3.5829999999999997
2019-12-02T19:54:40+00:00,16.0,20.0,222.0,ADAPTIVE,7.21748055556,3.5839999999999996
2019-12-02T19:54:45+00:00,16.0,20.0,221.8,ADAPTIVE,7.22137805556,3.5879999999999996
2019-12-02T19:54:48+00:00,16.0,20.0,222.0,ADAPTIVE,7.22529277778,3.5909999999999997
2019-12-02T19:54:52+00:00,16.0,20.0,222.0,ADAPTIVE,7.229189722219999,3.5759999999999996
2019-12-02T19:54:56+00:00,16.0,20.0,222.0,ADAPTIVE,7.23310388889,3.581
2019-12-02T19:55:00+00:00,16.0,20.0,222.0,ADAPTIVE,7.23700055556,3.5879999999999996
2019-12-02T19:55:04+00:00,16.1,20.0,221.8,ADAPTIVE,7.240913333329999,3.5989999999999998
2019-12-02T19:55:08+00:00,15.9,20.0,221.9,ADAPTIVE,7.24480805556,3.568
2019-12-02T19:55:12+00:00,16.0,19.0,221.9,ADAPTIVE,7.24870388889,3.5719999999999996
2019-12-02T19:55:16+00:00,16.0,19.0,221.3,ADAPTIVE,7.25261416667,3.5829999999999997
2019-12-02T19:55:20+00:00,16.0,19.0,220.5,ADAPTIVE,7.25648388889,3.552
2019-12-02T19:55:24+00:00,16.0,19.0,221.2,ADAPTIVE,7.260362499999999,3.561
2019-12-02T19:55:28+00:00,16.0,19.0,221.8,ADAPTIVE,7.264266388889999,3.5759999999999996
2019-12-02T19:55:32+00:00,16.0,19.0,222.2,ADAPTIVE,7.26816166667,3.5709999999999997
2019-12-02T19:55:35+00:00,16.3,19.0,217.8,ADAPTIVE,7.272060833329999,3.574
2019-12-02T19:55:39+00:00,16.0,19.0,221.2,ADAPTIVE,7.2759599999999995,3.5749999999999997
2019-12-02T19:55:44+00:00,16.0,19.0,221.2,ADAPTIVE,7.279841944439999,3.568
2019-12-02T19:55:48+00:00,16.0,19.0,221.1,ADAPTIVE,7.283736944439999,3.554
2019-12-02T19:55:53+00:00,15.9,19.0,220.8,ADAPTIVE,7.287614444439999,3.544
2019-12-02T19:55:55+00:00,16.0,19.0,221.7,ADAPTIVE,7.291518333329999,3.5709999999999997
2019-12-02T19:55:59+00:00,16.0,19.0,221.9,ADAPTIVE,7.295410277779999,3.585
2019-12-02T19:56:03+00:00,16.0,19.0,221.8,ADAPTIVE,7.29930416667,3.574
2019-12-02T19:56:08+00:00,15.9,19.0,221.9,ADAPTIVE,7.3032175,3.569
2019-12-02T19:56:11+00:00,16.0,19.0,221.8,ADAPTIVE,7.30711277778,3.5839999999999996
2019-12-02T19:56:15+00:00,16.0,19.0,221.7,ADAPTIVE,7.3110236111099995,3.5719999999999996
2019-12-02T19:56:19+00:00,16.0,18.0,221.8,ADAPTIVE,7.31491777778,3.5839999999999996
2019-12-02T19:56:23+00:00,16.0,18.0,221.7,ADAPTIVE,7.31882638889,3.582
2019-12-02T19:56:28+00:00,16.0,20.0,221.7,ADAPTIVE,7.32271972222,3.585
2019-12-02T19:56:30+00:00,15.9,20.0,221.7,ADAPTIVE,7.3266147222199995,3.5629999999999997
2019-12-02T19:56:35+00:00,16.0,20.0,222.1,ADAPTIVE,7.33052666667,3.574
2019-12-02T19:56:39+00:00,16.0,20.0,221.9,ADAPTIVE,7.33442305556,3.5799999999999996
2019-12-02T19:56:42+00:00,16.0,20.0,221.9,ADAPTIVE,7.33831694444,3.577
2019-12-02T19:56:47+00:00,16.0,20.0,221.7,ADAPTIVE,7.34222666667,3.577
2019-12-02T19:56:50+00:00,16.0,20.0,221.8,ADAPTIVE,7.346121388889999,3.582
2019-12-02T19:56:56+00:00,16.0,20.0,221.7,ADAPTIVE,7.35003305556,3.581
2019-12-02T19:56:58+00:00,15.9,20.0,222.0,ADAPTIVE,7.35392527778,3.565
2019-12-02T19:57:02+00:00,16.0,20.0,221.7,ADAPTIVE,7.35781638889,3.566
2019-12-02T19:57:06+00:00,16.1,20.0,222.0,ADAPTIVE,7.3617258333299995,3.593
2019-12-02T19:57:07+00:00,16.1,20.0,222.0,ADAPTIVE,7.3617258333299995,3.593
2019-12-02T19:57:10+00:00,16.0,20.0,221.7,ADAPTIVE,7.36562,3.5839999999999996
2019-12-02T19:57:14+00:00,16.0,20.0,221.7,ADAPTIVE,7.36952861111,3.5789999999999997
2019-12-02T19:57:18+00:00,16.0,20.0,221.7,ADAPTIVE,7.373420833329999,3.581
2019-12-02T19:57:22+00:00,16.0,20.0,221.0,ADAPTIVE,7.37732722222,3.5629999999999997
2019-12-02T19:57:27+00:00,16.0,20.0,221.0,ADAPTIVE,7.38120277778,3.562
2019-12-02T19:57:30+00:00,15.9,20.0,220.5,ADAPTIVE,7.38507944444,3.546
2019-12-02T19:57:34+00:00,15.9,20.0,221.0,ADAPTIVE,7.38897138889,3.5549999999999997
2019-12-02T19:57:38+00:00,15.9,20.0,221.2,ADAPTIVE,7.392847499999999,3.552
2019-12-02T19:57:42+00:00,15.8,20.0,221.5,ADAPTIVE,7.3967419444399995,3.529
2019-12-02T19:57:46+00:00,16.0,20.0,221.8,ADAPTIVE,7.400633333329999,3.57
2019-12-02T19:57:50+00:00,16.0,20.0,221.9,ADAPTIVE,7.40454083333,3.593
2019-12-02T19:57:53+00:00,15.9,20.0,221.7,ADAPTIVE,7.408431666669999,3.561
2019-12-02T19:57:57+00:00,16.0,20.0,222.0,ADAPTIVE,7.41233722222,3.585
2019-12-02T19:58:01+00:00,16.0,20.0,221.5,ADAPTIVE,7.41622555556,3.568
2019-12-02T19:58:07+00:00,16.0,20.0,221.5,ADAPTIVE,7.42012972222,3.568
2019-12-02T19:58:09+00:00,16.0,20.0,221.6,ADAPTIVE,7.42401944444,3.582
2019-12-02T19:58:16+00:00,16.1,20.0,221.9,ADAPTIVE,7.42792777778,3.605
2019-12-02T19:58:17+00:00,15.9,20.0,221.6,ADAPTIVE,7.431821666669999,3.562
2019-12-02T19:58:21+00:00,16.0,20.0,221.7,ADAPTIVE,7.435717222219999,3.5829999999999997
2019-12-02T19:58:25+00:00,15.9,20.0,221.7,ADAPTIVE,7.439628333329999,3.5719999999999996
2019-12-02T19:58:29+00:00,16.0,20.0,221.8,ADAPTIVE,7.44352111111,3.5759999999999996
2019-12-02T19:58:33+00:00,16.0,20.0,221.4,ADAPTIVE,7.44741388889,3.5719999999999996
2019-12-02T19:58:37+00:00,16.0,20.0,221.7,ADAPTIVE,7.451323888889999,3.5759999999999996
2019-12-02T19:58:41+00:00,16.0,20.0,221.6,ADAPTIVE,7.45521805556,3.585
2019-12-02T19:58:55+00:00,15.9,20.0,221.1,ADAPTIVE,7.466921944439999,3.544
2019-12-02T19:58:56+00:00,15.9,20.0,221.2,ADAPTIVE,7.47080444444,3.5389999999999997
2019-12-02T19:59:00+00:00,16.1,20.0,222.6,ADAPTIVE,7.47471222222,3.629
2019-12-02T19:59:04+00:00,16.0,20.0,222.5,ADAPTIVE,7.4786355555599995,3.601
2019-12-02T19:59:09+00:00,15.9,20.0,222.5,ADAPTIVE,7.48258055556,3.581
2019-12-02T19:59:18+00:00,15.8,8.0,220.6,ADAPTIVE,7.49030611111,3.517
2019-12-02T19:59:20+00:00,8.1,8.0,221.2,ADAPTIVE,7.49256777778,1.8099999999999998
2019-12-02T19:59:23+00:00,8.1,8.0,221.2,ADAPTIVE,7.49256777778,1.8099999999999998
2019-12-02T19:59:25+00:00,12.4,20.0,220.5,ADAPTIVE,7.494979444439999,2.755
2019-12-02T19:59:28+00:00,15.8,20.0,221.4,ADAPTIVE,7.498544444439999,3.517
2019-12-02T19:59:32+00:00,15.8,20.0,220.8,ADAPTIVE,7.502381111109999,3.529
2019-12-02T19:59:36+00:00,15.8,20.0,220.8,ADAPTIVE,7.506221388889999,3.54
2019-12-02T19:59:40+00:00,15.8,20.0,221.4,ADAPTIVE,7.51008277778,3.5389999999999997
2019-12-02T19:59:44+00:00,15.8,20.0,220.8,ADAPTIVE,7.51392638889,3.522
2019-12-02T19:59:48+00:00,15.8,20.0,221.7,ADAPTIVE,7.517786944439999,3.534
2019-12-02T19:59:51+00:00,15.8,20.0,222.1,ADAPTIVE,7.5216313888899995,3.524
2019-12-02T19:59:55+00:00,15.9,20.0,221.7,ADAPTIVE,7.52549222222,3.5509999999999997
2019-12-02T19:59:59+00:00,15.7,20.0,221.4,ADAPTIVE,7.529335833329999,3.514
2019-12-02T20:00:03+00:00,15.8,20.0,221.4,ADAPTIVE,7.53319361111,3.53
2019-12-02T20:00:07+00:00,15.8,20.0,221.0,ADAPTIVE,7.537039722219999,3.534
2019-12-02T20:00:12+00:00,15.8,20.0,221.2,ADAPTIVE,7.54088888889,3.5349999999999997
2019-12-02T20:00:15+00:00,15.8,20.0,221.7,ADAPTIVE,7.54475666667,3.534
2019-12-02T20:00:19+00:00,15.9,20.0,221.5,ADAPTIVE,7.54860583333,3.544
2019-12-02T20:00:23+00:00,15.8,20.0,221.3,ADAPTIVE,7.552473333329999,3.532
2019-12-02T20:00:27+00:00,15.9,20.0,221.3,ADAPTIVE,7.5563175,3.549
2019-12-02T20:00:33+00:00,15.8,20.0,221.4,ADAPTIVE,7.56018277778,3.536
2019-12-02T20:00:35+00:00,15.8,20.0,221.4,ADAPTIVE,7.56403027778,3.5229999999999997
2019-12-02T20:00:39+00:00,15.9,20.0,221.3,ADAPTIVE,7.567879444439999,3.541
2019-12-02T20:00:43+00:00,15.8,20.0,221.7,ADAPTIVE,7.571746388889999,3.524
2019-12-02T20:00:47+00:00,15.8,20.0,221.9,ADAPTIVE,7.57560138889,3.5349999999999997
2019-12-02T20:00:50+00:00,15.8,20.0,221.9,ADAPTIVE,7.57560138889,3.5349999999999997
2019-12-02T20:00:51+00:00,15.9,20.0,221.6,ADAPTIVE,7.57947666667,3.538
2019-12-02T20:00:56+00:00,15.8,20.0,221.6,ADAPTIVE,7.583329999999999,3.5429999999999997
2019-12-02T20:00:59+00:00,15.8,20.0,222.1,ADAPTIVE,7.58718527778,3.5389999999999997
2019-12-02T20:01:02+00:00,15.9,20.0,222.2,ADAPTIVE,7.591055,3.557
2019-12-02T20:01:06+00:00,15.8,20.0,221.6,ADAPTIVE,7.594911111109999,3.538
2019-12-02T20:01:10+00:00,15.8,20.0,221.6,ADAPTIVE,7.5987824999999996,3.533
2019-12-02T20:01:14+00:00,15.8,20.0,221.9,ADAPTIVE,7.60263833333,3.5429999999999997
2019-12-02T20:01:18+00:00,15.8,20.0,221.4,ADAPTIVE,7.6064933333299996,3.542
2019-12-02T20:01:23+00:00,15.8,20.0,221.0,ADAPTIVE,7.61036166667,3.548
2019-12-02T20:01:26+00:00,15.7,20.0,221.8,ADAPTIVE,7.61421472222,3.509
2019-12-02T20:01:30+00:00,15.8,20.0,221.8,ADAPTIVE,7.6180855555599996,3.54
2019-12-02T20:01:34+00:00,15.8,20.0,222.2,ADAPTIVE,7.6219377777799995,3.528
2019-12-02T20:01:38+00:00,15.8,20.0,221.7,ADAPTIVE,7.6258075,3.5269999999999997
2019-12-02T20:01:42+00:00,15.8,20.0,221.2,ADAPTIVE,7.62966333333,3.529
2019-12-02T20:01:46+00:00,15.8,20.0,221.3,ADAPTIVE,7.6335322222199995,3.536
2019-12-02T20:01:50+00:00,15.8,20.0,221.6,ADAPTIVE,7.63738027778,3.524
2019-12-02T20:01:54+00:00,15.9,20.0,221.2,ADAPTIVE,7.641228333329999,3.542
2019-12-02T20:01:58+00:00,15.8,20.0,220.8,ADAPTIVE,7.6450905555599995,3.521
2019-12-02T20:02:02+00:00,15.9,20.0,221.2,ADAPTIVE,7.6489358333299995,3.533
2019-12-02T20:02:06+00:00,15.8,20.0,221.1,ADAPTIVE,7.65279138889,3.514
2019-12-02T20:02:09+00:00,15.9,20.0,220.9,ADAPTIVE,7.65662777778,3.5349999999999997
2019-12-02T20:02:13+00:00,15.8,20.0,221.7,ADAPTIVE,7.66046527778,3.5269999999999997
2019-12-02T20:02:17+00:00,15.8,20.0,221.2,ADAPTIVE,7.66431861111,3.517
2019-12-02T20:02:21+00:00,15.8,20.0,221.1,ADAPTIVE,7.6681619444399995,3.5229999999999997
2019-12-02T20:02:25+00:00,15.8,20.0,221.2,ADAPTIVE,7.67201972222,3.5429999999999997
2019-12-02T20:02:29+00:00,15.8,20.0,221.1,ADAPTIVE,7.67586083333,3.529
2019-12-02T20:02:33+00:00,15.8,20.0,220.4,ADAPTIVE,7.6797136111099995,3.522
2019-12-02T20:02:37+00:00,15.7,20.0,220.8,ADAPTIVE,7.68354638889,3.504
2019-12-02T20:02:41+00:00,15.8,20.0,220.4,ADAPTIVE,7.68739305556,3.505
2019-12-02T20:02:45+00:00,15.8,20.0,220.2,ADAPTIVE,7.691222499999999,3.516
2019-12-02T20:02:49+00:00,15.8,20.0,220.9,ADAPTIVE,7.69507027778,3.52
2019-12-02T20:02:53+00:00,15.8,20.0,221.1,ADAPTIVE,7.69890722222,3.5109999999999997
2019-12-02T20:02:57+00:00,15.8,20.0,220.2,ADAPTIVE,7.70274416667,3.5189999999999997
2019-12-02T20:03:01+00:00,15.7,20.0,221.3,ADAPTIVE,7.7065963888899995,3.504
2019-12-02T20:03:05+00:00,15.8,20.0,220.8,ADAPTIVE,7.710431111109999,3.517
2019-12-02T20:03:09+00:00,15.8,20.0,220.9,ADAPTIVE,7.7142891666699995,3.525
2019-12-02T20:03:13+00:00,15.8,20.0,221.0,ADAPTIVE,7.718125833329999,3.5109999999999997
2019-12-02T20:03:17+00:00,15.7,20.0,220.9,ADAPTIVE,7.7219594444399995,3.5109999999999997
2019-12-02T20:03:21+00:00,15.7,20.0,221.7,ADAPTIVE,7.72580861111,3.4939999999999998
2019-12-02T20:03:25+00:00,15.8,20.0,221.5,ADAPTIVE,7.72964416667,3.526
2019-12-02T20:03:28+00:00,15.8,20.0,221.5,ADAPTIVE,7.73350166667,3.537
2019-12-02T20:03:32+00:00,15.9,20.0,221.7,ADAPTIVE,7.73734916667,3.548
2019-12-02T20:03:36+00:00,15.8,20.0,222.0,ADAPTIVE,7.74120666667,3.536
2019-12-02T20:03:40+00:00,15.8,20.0,222.2,ADAPTIVE,7.74505,3.542
2019-12-02T20:03:44+00:00,15.8,20.0,221.7,ADAPTIVE,7.74891055556,3.5189999999999997
2019-12-02T20:03:48+00:00,15.8,20.0,221.2,ADAPTIVE,7.75275027778,3.54
2019-12-02T20:03:52+00:00,15.9,20.0,221.1,ADAPTIVE,7.7566049999999995,3.554
2019-12-02T20:03:56+00:00,15.7,20.0,221.8,ADAPTIVE,7.76044166667,3.501
2019-12-02T20:04:00+00:00,15.7,20.0,221.3,ADAPTIVE,7.76428861111,3.512
2019-12-02T20:04:05+00:00,15.7,20.0,220.9,ADAPTIVE,7.7681175,3.5109999999999997
2019-12-02T20:04:08+00:00,15.8,20.0,220.9,ADAPTIVE,7.771963888889999,3.533
2019-12-02T20:04:13+00:00,15.8,20.0,220.7,ADAPTIVE,7.77579444444,3.5149999999999997
2019-12-02T20:04:16+00:00,15.7,20.0,221.2,ADAPTIVE,7.77962138889,3.493
2019-12-02T20:04:20+00:00,8.1,8.0,221.9,ADAPTIVE,7.78237055556,1.8259999999999998
2019-12-02T20:04:24+00:00,8.5,20.0,221.9,ADAPTIVE,7.784358611109999,1.894
2019-12-02T20:04:27+00:00,14.2,20.0,220.9,ADAPTIVE,7.78719916667,3.183
2019-12-02T20:04:31+00:00,15.8,20.0,220.8,ADAPTIVE,7.7909475,3.517
2019-12-02T20:04:35+00:00,15.8,20.0,221.1,ADAPTIVE,7.79479,3.513
2019-12-02T20:04:39+00:00,15.8,20.0,221.2,ADAPTIVE,7.7986175,3.516
2019-12-02T20:04:43+00:00,15.7,20.0,220.9,ADAPTIVE,7.80246055556,3.4989999999999997
2019-12-02T20:04:47+00:00,15.7,20.0,220.9,ADAPTIVE,7.8062875,3.4939999999999998
2019-12-02T20:04:51+00:00,15.8,20.0,221.1,ADAPTIVE,7.810115833329999,3.518
2019-12-02T20:04:55+00:00,15.8,20.0,221.0,ADAPTIVE,7.81396166667,3.525
2019-12-02T20:04:59+00:00,15.8,20.0,221.2,ADAPTIVE,7.817790833329999,3.528
2019-12-02T20:05:04+00:00,15.7,20.0,220.6,ADAPTIVE,7.821635,3.51
2019-12-02T20:05:07+00:00,15.8,20.0,220.6,ADAPTIVE,7.82546416667,3.5189999999999997
2019-12-02T20:05:11+00:00,15.8,20.0,221.0,ADAPTIVE,7.82929361111,3.534
2019-12-02T20:05:15+00:00,15.8,20.0,221.5,ADAPTIVE,7.833142222219999,3.521
2019-12-02T20:05:19+00:00,15.7,20.0,221.0,ADAPTIVE,7.83697916667,3.502
2019-12-02T20:05:23+00:00,15.8,20.0,220.9,ADAPTIVE,7.84082527778,3.5229999999999997
2019-12-02T20:05:27+00:00,15.8,20.0,221.1,ADAPTIVE,7.84465666667,3.517
2019-12-02T20:05:31+00:00,15.8,20.0,220.9,ADAPTIVE,7.84848833333,3.5149999999999997
2019-12-02T20:05:34+00:00,15.7,20.0,221.0,ADAPTIVE,7.852339722219999,3.516
2019-12-02T20:05:38+00:00,15.8,20.0,220.7,ADAPTIVE,7.85617388889,3.5109999999999997
2019-12-02T20:05:42+00:00,15.8,20.0,220.2,ADAPTIVE,7.860011388889999,3.512
2019-12-02T20:05:46+00:00,15.7,20.0,220.1,ADAPTIVE,7.8638338888899995,3.497
2019-12-02T20:05:50+00:00,15.7,20.0,220.0,ADAPTIVE,7.867649999999999,3.496
2019-12-02T20:05:54+00:00,15.7,20.0,219.8,ADAPTIVE,7.87148111111,3.5
2019-12-02T20:05:58+00:00,15.8,20.0,219.9,ADAPTIVE,7.875301944439999,3.502
2019-12-02T20:06:02+00:00,15.7,20.0,221.2,ADAPTIVE,7.87913472222,3.517
2019-12-02T20:06:09+00:00,15.7,20.0,221.2,ADAPTIVE,7.88298888889,3.513
2019-12-02T20:06:10+00:00,15.7,20.0,221.5,ADAPTIVE,7.8868308333299995,3.505
2019-12-02T20:06:14+00:00,15.8,20.0,220.9,ADAPTIVE,7.89066166667,3.509
2019-12-02T20:06:18+00:00,15.7,20.0,221.3,ADAPTIVE,7.89450416667,3.504
2019-12-02T20:06:22+00:00,15.8,20.0,221.2,ADAPTIVE,7.89834027778,3.5269999999999997
2019-12-02T20:06:25+00:00,15.8,20.0,221.9,ADAPTIVE,7.902187222219999,3.533
2019-12-02T20:06:30+00:00,15.7,20.0,221.5,ADAPTIVE,7.90605638889,3.52
2019-12-02T20:06:34+00:00,15.8,20.0,221.8,ADAPTIVE,7.90990805556,3.5429999999999997
2019-12-02T20:06:37+00:00,15.8,20.0,221.5,ADAPTIVE,7.913777222219999,3.522
2019-12-02T20:06:41+00:00,15.9,20.0,221.3,ADAPTIVE,7.9176266666699995,3.544
2019-12-02T20:06:45+00:00,15.8,20.0,221.1,ADAPTIVE,7.92147611111,3.526
2019-12-02T20:06:49+00:00,15.8,20.0,221.5,ADAPTIVE,7.92534166667,3.524
2019-12-02T20:06:53+00:00,15.9,20.0,221.5,ADAPTIVE,7.929192499999999,3.556
2019-12-02T20:06:57+00:00,15.9,20.0,221.6,ADAPTIVE,7.933065,3.55
2019-12-02T20:07:01+00:00,15.9,20.0,221.7,ADAPTIVE,7.93692138889,3.556
2019-12-02T20:07:05+00:00,15.9,19.0,221.7,ADAPTIVE,7.94078027778,3.55
2019-12-02T20:07:09+00:00,15.9,19.0,221.6,ADAPTIVE,7.94465361111,3.541
2019-12-02T20:07:13+00:00,15.8,19.0,221.4,ADAPTIVE,7.948508611109999,3.54
2019-12-02T20:07:17+00:00,15.8,19.0,221.1,ADAPTIVE,7.95238,3.524
2019-12-02T20:07:21+00:00,8.2,8.0,222.2,ADAPTIVE,7.955009444439999,1.825
2019-12-02T20:07:25+00:00,8.2,8.0,222.1,ADAPTIVE,7.957,1.821
2019-12-02T20:07:29+00:00,8.2,8.0,222.1,ADAPTIVE,7.958984999999999,1.8319999999999999
2019-12-02T20:07:33+00:00,8.0,8.0,221.9,ADAPTIVE,7.96098333333,1.7979999999999998
2019-12-02T20:07:37+00:00,8.1,8.0,221.9,ADAPTIVE,7.96296638889,1.8179999999999998
2019-12-02T20:07:40+00:00,8.2,8.0,222.0,ADAPTIVE,7.9649533333299996,1.823
2019-12-02T20:07:44+00:00,8.1,8.0,222.0,ADAPTIVE,7.966949444439999,1.817
2019-12-02T20:07:48+00:00,8.1,8.0,221.8,ADAPTIVE,7.96893333333,1.8219999999999998
2019-12-02T20:07:52+00:00,8.1,8.0,222.1,ADAPTIVE,7.97092388889,1.8139999999999998
2019-12-02T20:07:56+00:00,8.2,8.0,222.1,ADAPTIVE,7.97291555556,1.8259999999999998
2019-12-02T20:08:00+00:00,8.2,8.0,222.3,ADAPTIVE,7.9749033333299995,1.829
2019-12-02T20:08:05+00:00,8.2,8.0,222.3,ADAPTIVE,7.976889444439999,1.8279999999999998
2019-12-02T20:08:09+00:00,8.1,8.0,222.5,ADAPTIVE,7.978886944439999,1.813
2019-12-02T20:08:13+00:00,8.2,8.0,222.1,ADAPTIVE,7.98087833333,1.829
2019-12-02T20:08:18+00:00,8.2,8.0,221.8,ADAPTIVE,7.98286388889,1.827
2019-12-02T20:08:20+00:00,8.2,8.0,222.2,ADAPTIVE,7.98486138889,1.8339999999999999
2019-12-02T20:08:24+00:00,8.2,8.0,222.2,ADAPTIVE,7.986848055559999,1.8259999999999998
2019-12-02T20:08:28+00:00,8.1,8.0,221.6,ADAPTIVE,7.98883583333,1.819
2019-12-02T20:08:32+00:00,8.2,8.0,222.2,ADAPTIVE,7.99083416667,1.831
2019-12-02T20:08:36+00:00,8.2,8.0,222.4,ADAPTIVE,7.99282527778,1.8339999999999999
2019-12-02T20:08:40+00:00,8.1,8.0,221.9,ADAPTIVE,7.994814722219999,1.8159999999999998
2019-12-02T20:08:44+00:00,8.1,8.0,221.6,ADAPTIVE,7.99680777778,1.809
2019-12-02T20:08:48+00:00,8.1,8.0,222.0,ADAPTIVE,7.9987972222199994,1.805
2019-12-02T20:08:52+00:00,8.2,20.0,222.2,ADAPTIVE,8.00078388889,1.831
2019-12-02T20:08:56+00:00,13.3,20.0,221.8,ADAPTIVE,8.00337166667,2.9659999999999997
2019-12-02T20:09:00+00:00,15.8,20.0,221.6,ADAPTIVE,8.007037777779999,3.538
2019-12-02T20:09:03+00:00,15.9,20.0,221.3,ADAPTIVE,8.010897222219999,3.557
2019-12-02T20:09:07+00:00,15.9,20.0,221.4,ADAPTIVE,8.014769722219999,3.55
2019-12-02T20:09:12+00:00,15.8,20.0,220.5,ADAPTIVE,8.01861305556,3.5229999999999997
2019-12-02T20:09:15+00:00,15.9,20.0,220.2,ADAPTIVE,8.02246861111,3.5229999999999997
2019-12-02T20:09:19+00:00,15.9,20.0,220.5,ADAPTIVE,8.02630861111,3.5309999999999997
2019-12-02T20:09:23+00:00,15.8,20.0,220.5,ADAPTIVE,8.03014777778,3.51
2019-12-02T20:09:27+00:00,15.9,20.0,220.7,ADAPTIVE,8.03400888889,3.55
2019-12-02T20:09:31+00:00,15.8,20.0,221.4,ADAPTIVE,8.03786472222,3.5389999999999997
2019-12-02T20:09:35+00:00,15.9,20.0,221.5,ADAPTIVE,8.04172472222,3.564
2019-12-02T20:09:39+00:00,15.8,20.0,221.3,ADAPTIVE,8.04560277778,3.5389999999999997
2019-12-02T20:09:43+00:00,15.8,19.0,221.7,ADAPTIVE,8.04946555556,3.5429999999999997
2019-12-02T20:09:47+00:00,15.9,19.0,221.7,ADAPTIVE,8.053328333329999,3.5549999999999997
2019-12-02T20:09:51+00:00,15.9,20.0,221.6,ADAPTIVE,8.0572075,3.5589999999999997
2019-12-02T20:09:55+00:00,15.9,20.0,221.5,ADAPTIVE,8.061074999999999,3.557
2019-12-02T20:09:58+00:00,15.9,20.0,221.7,ADAPTIVE,8.06494055556,3.5589999999999997
2019-12-02T20:10:02+00:00,15.9,20.0,221.7,ADAPTIVE,8.06882222222,3.5509999999999997
2019-12-02T20:10:06+00:00,15.8,20.0,221.7,ADAPTIVE,8.07268833333,3.526
2019-12-02T20:10:10+00:00,15.8,20.0,220.3,ADAPTIVE,8.07655416667,3.52
2019-12-02T20:10:15+00:00,15.9,20.0,220.7,ADAPTIVE,8.080416111109999,3.534
2019-12-02T20:10:18+00:00,15.9,20.0,220.2,ADAPTIVE,8.084261388889999,3.524
2019-12-02T20:10:22+00:00,15.9,20.0,220.2,ADAPTIVE,8.08811416667,3.53
2019-12-02T20:10:26+00:00,15.8,20.0,220.8,ADAPTIVE,8.09195527778,3.525
2019-12-02T20:10:30+00:00,15.8,20.0,220.4,ADAPTIVE,8.09580361111,3.522
2019-12-02T20:10:34+00:00,15.9,20.0,222.0,ADAPTIVE,8.09968166667,3.5629999999999997
2019-12-02T20:10:38+00:00,15.9,20.0,222.0,ADAPTIVE,8.103553055559999,3.568
2019-12-02T20:10:42+00:00,15.9,20.0,221.9,ADAPTIVE,8.10742277778,3.5629999999999997
2019-12-02T20:10:47+00:00,15.9,20.0,221.8,ADAPTIVE,8.11130611111,3.556
2019-12-02T20:10:50+00:00,15.8,20.0,221.6,ADAPTIVE,8.11516972222,3.537
2019-12-02T20:10:53+00:00,15.8,20.0,221.8,ADAPTIVE,8.119035833329999,3.546
2019-12-02T20:10:58+00:00,15.9,20.0,222.1,ADAPTIVE,8.122908611109999,3.568
2019-12-02T20:11:01+00:00,15.9,20.0,222.2,ADAPTIVE,8.12678305556,3.5509999999999997
2019-12-02T20:11:06+00:00,15.9,20.0,222.1,ADAPTIVE,8.13067388889,3.55
2019-12-02T20:11:10+00:00,15.8,20.0,221.6,ADAPTIVE,8.134536944439999,3.5309999999999997
2019-12-02T20:11:13+00:00,15.9,20.0,221.5,ADAPTIVE,8.13839944444,3.55
2019-12-02T20:11:19+00:00,15.9,20.0,221.5,ADAPTIVE,8.142276944439999,3.54
2019-12-02T20:11:21+00:00,16.2,20.0,216.7,ADAPTIVE,8.14613722222,3.536
2019-12-02T20:11:25+00:00,15.8,20.0,220.1,ADAPTIVE,8.149973888889999,3.505
2019-12-02T20:11:29+00:00,15.9,20.0,220.3,ADAPTIVE,8.1538275,3.5349999999999997
2019-12-02T20:11:33+00:00,8.2,8.0,221.6,ADAPTIVE,8.15653805556,1.8379999999999999
2019-12-02T20:11:38+00:00,8.2,8.0,222.4,ADAPTIVE,8.15854416667,1.831
2019-12-02T20:11:42+00:00,11.5,20.0,221.6,ADAPTIVE,8.16078138889,2.561
2019-12-02T20:11:46+00:00,15.6,20.0,222.0,ADAPTIVE,8.1641575,3.488
2019-12-02T20:11:50+00:00,15.8,20.0,221.5,ADAPTIVE,8.16803583333,3.5349999999999997
2019-12-02T20:11:53+00:00,15.8,20.0,222.0,ADAPTIVE,8.17190638889,3.548
2019-12-02T20:11:57+00:00,15.9,20.0,222.0,ADAPTIVE,8.17577666667,3.553
2019-12-02T20:12:01+00:00,15.9,20.0,221.9,ADAPTIVE,8.17966388889,3.562
2019-12-02T20:12:04+00:00,15.8,19.0,221.9,ADAPTIVE,8.18353583333,3.538
2019-12-02T20:12:08+00:00,15.9,19.0,222.2,ADAPTIVE,8.18740944444,3.561
2019-12-02T20:12:13+00:00,16.0,19.0,222.1,ADAPTIVE,8.19130027778,3.5789999999999997
2019-12-02T20:12:16+00:00,15.9,19.0,221.9,ADAPTIVE,8.195174722219999,3.5669999999999997
2019-12-02T20:12:20+00:00,16.0,19.0,222.1,ADAPTIVE,8.19904861111,3.578
2019-12-02T20:12:24+00:00,15.9,19.0,221.6,ADAPTIVE,8.20293916667,3.56
2019-12-02T20:12:28+00:00,15.8,19.0,222.1,ADAPTIVE,8.20681388889,3.549
2019-12-02T20:12:32+00:00,15.8,19.0,222.2,ADAPTIVE,8.21070388889,3.549
2019-12-02T20:12:38+00:00,15.8,19.0,222.4,ADAPTIVE,8.21458,3.5429999999999997
2019-12-02T20:12:40+00:00,15.9,19.0,222.2,ADAPTIVE,8.21845527778,3.5589999999999997
2019-12-02T20:12:44+00:00,15.8,19.0,222.0,ADAPTIVE,8.22234638889,3.55
2019-12-02T20:12:48+00:00,15.9,19.0,222.1,ADAPTIVE,8.22622611111,3.5839999999999996
2019-12-02T20:12:52+00:00,15.9,19.0,222.0,ADAPTIVE,8.230105833329999,3.561
2019-12-02T20:12:56+00:00,15.9,19.0,222.3,ADAPTIVE,8.23400138889,3.562
2019-12-02T20:13:00+00:00,15.8,19.0,222.1,ADAPTIVE,8.23788361111,3.5509999999999997
2019-12-02T20:13:03+00:00,15.9,19.0,222.1,ADAPTIVE,8.241781388889999,3.557
2019-12-02T20:13:08+00:00,15.9,19.0,222.2,ADAPTIVE,8.245663333329999,3.5719999999999996
2019-12-02T20:13:12+00:00,15.9,19.0,222.4,ADAPTIVE,8.24954638889,3.5709999999999997
2019-12-02T20:13:15+00:00,15.9,19.0,221.8,ADAPTIVE,8.2534425,3.557
2019-12-02T20:13:20+00:00,15.8,19.0,222.5,ADAPTIVE,8.257322499999999,3.5549999999999997
2019-12-02T20:13:24+00:00,15.9,19.0,221.2,ADAPTIVE,8.26118277778,3.534
2019-12-02T20:13:27+00:00,15.8,19.0,221.4,ADAPTIVE,8.26505666667,3.536
2019-12-02T20:13:31+00:00,15.8,19.0,221.3,ADAPTIVE,8.26891611111,3.537
2019-12-02T20:13:35+00:00,15.9,19.0,221.5,ADAPTIVE,8.2727775,3.5429999999999997
2019-12-02T20:13:39+00:00,15.9,19.0,221.3,ADAPTIVE,8.27665333333,3.5629999999999997
2019-12-02T20:13:43+00:00,16.0,19.0,222.4,ADAPTIVE,8.28053305556,3.585
2019-12-02T20:13:47+00:00,15.8,19.0,222.5,ADAPTIVE,8.28441861111,3.553
2019-12-02T20:13:51+00:00,15.8,19.0,222.8,ADAPTIVE,8.28832333333,3.5589999999999997
2019-12-02T20:13:56+00:00,15.9,19.0,222.7,ADAPTIVE,8.29221555556,3.5719999999999996
2019-12-02T20:13:59+00:00,15.8,19.0,222.8,ADAPTIVE,8.29610888889,3.556
2019-12-02T20:14:03+00:00,15.9,19.0,222.8,ADAPTIVE,8.30001527778,3.5629999999999997
2019-12-02T20:14:07+00:00,15.9,19.0,222.5,ADAPTIVE,8.3039025,3.5719999999999996
2019-12-02T20:14:11+00:00,15.9,19.0,222.8,ADAPTIVE,8.30780861111,3.573
2019-12-02T20:14:15+00:00,15.9,19.0,222.4,ADAPTIVE,8.311696111109999,3.556
2019-12-02T20:14:19+00:00,16.0,19.0,222.8,ADAPTIVE,8.31558666667,3.6029999999999998
2019-12-02T20:14:23+00:00,15.8,19.0,222.7,ADAPTIVE,8.31949611111,3.5589999999999997
2019-12-02T20:14:26+00:00,16.0,19.0,222.5,ADAPTIVE,8.32338916667,3.589
2019-12-02T20:14:30+00:00,15.9,19.0,222.8,ADAPTIVE,8.32727972222,3.5799999999999996
2019-12-02T20:14:34+00:00,15.9,19.0,222.7,ADAPTIVE,8.33118972222,3.574
2019-12-02T20:14:38+00:00,16.0,19.0,222.7,ADAPTIVE,8.33508305556,3.594
2019-12-02T20:14:42+00:00,15.9,19.0,222.7,ADAPTIVE,8.33899555556,3.573
2019-12-02T20:14:46+00:00,15.9,19.0,222.3,ADAPTIVE,8.34289361111,3.573
2019-12-02T20:14:50+00:00,15.9,19.0,221.7,ADAPTIVE,8.346784444439999,3.5469999999999997
2019-12-02T20:14:54+00:00,15.8,19.0,221.8,ADAPTIVE,8.35067416667,3.542
2019-12-02T20:14:58+00:00,15.8,19.0,221.8,ADAPTIVE,8.35455111111,3.5429999999999997
2019-12-02T20:15:02+00:00,15.9,19.0,221.9,ADAPTIVE,8.35842694444,3.562
2019-12-02T20:15:07+00:00,15.9,19.0,222.2,ADAPTIVE,8.36232027778,3.565
2019-12-02T20:15:10+00:00,15.9,19.0,222.6,ADAPTIVE,8.36620583333,3.569
2019-12-02T20:15:14+00:00,15.9,19.0,223.3,ADAPTIVE,8.370114444439999,3.5869999999999997
2019-12-02T20:15:18+00:00,15.9,19.0,223.2,ADAPTIVE,8.374038333329999,3.564
2019-12-02T20:15:22+00:00,15.9,19.0,223.2,ADAPTIVE,8.377945,3.5919999999999996
2019-12-02T20:15:26+00:00,16.0,19.0,223.4,ADAPTIVE,8.38185222222,3.5919999999999996
2019-12-02T20:15:29+00:00,15.9,19.0,223.3,ADAPTIVE,8.38577555556,3.5959999999999996
2019-12-02T20:15:34+00:00,15.9,19.0,223.5,ADAPTIVE,8.389684444439999,3.578
2019-12-02T20:15:37+00:00,16.0,19.0,223.3,ADAPTIVE,8.39361083333,3.5949999999999998
2019-12-02T20:15:41+00:00,15.9,19.0,223.4,ADAPTIVE,8.39752166667,3.585
2019-12-02T20:15:45+00:00,15.9,19.0,223.3,ADAPTIVE,8.401431944439999,3.5949999999999998
2019-12-02T20:15:51+00:00,15.9,20.0,223.3,ADAPTIVE,8.40536027778,3.5829999999999997
2019-12-02T20:15:53+00:00,16.0,20.0,223.5,ADAPTIVE,8.4092725,3.597
2019-12-02T20:15:57+00:00,15.9,20.0,223.4,ADAPTIVE,8.41320138889,3.586
2019-12-02T20:16:01+00:00,16.0,20.0,223.2,ADAPTIVE,8.417113611109999,3.606
2019-12-02T20:16:05+00:00,16.0,20.0,223.4,ADAPTIVE,8.42102694444,3.6069999999999998
2019-12-02T20:16:09+00:00,16.0,20.0,223.2,ADAPTIVE,8.424954444439999,3.593
2019-12-02T20:16:13+00:00,16.0,20.0,222.9,ADAPTIVE,8.42886638889,3.5919999999999996
2019-12-02T20:16:17+00:00,15.9,20.0,223.1,ADAPTIVE,8.432769166669999,3.586
2019-12-02T20:16:21+00:00,16.0,20.0,223.0,ADAPTIVE,8.43669694444,3.5949999999999998
2019-12-02T20:16:25+00:00,16.0,20.0,223.4,ADAPTIVE,8.440613888889999,3.605
2019-12-02T20:16:29+00:00,15.9,20.0,223.3,ADAPTIVE,8.444531111109999,3.5869999999999997
2019-12-02T20:16:33+00:00,15.9,20.0,223.7,ADAPTIVE,8.448466666669999,3.593
2019-12-02T20:16:36+00:00,16.0,20.0,223.1,ADAPTIVE,8.45238916667,3.594
2019-12-02T20:16:41+00:00,16.0,20.0,223.5,ADAPTIVE,8.45631,3.6159999999999997
2019-12-02T20:16:44+00:00,15.9,20.0,223.3,ADAPTIVE,8.46025027778,3.5909999999999997
2019-12-02T20:16:48+00:00,16.0,20.0,223.4,ADAPTIVE,8.464175,3.6119999999999997
2019-12-02T20:16:52+00:00,15.9,19.0,223.2,ADAPTIVE,8.468102499999999,3.593
2019-12-02T20:16:56+00:00,16.0,19.0,223.6,ADAPTIVE,8.472046944439999,3.621
2019-12-02T20:17:00+00:00,16.0,20.0,223.3,ADAPTIVE,8.47597638889,3.618
2019-12-02T20:17:04+00:00,16.0,20.0,223.3,ADAPTIVE,8.47990388889,3.5989999999999998
2019-12-02T20:17:08+00:00,16.0,20.0,223.4,ADAPTIVE,8.483849722219999,3.6039999999999996
2019-12-02T20:17:12+00:00,16.0,20.0,223.4,ADAPTIVE,8.487780277779999,3.598
2019-12-02T20:17:16+00:00,15.9,20.0,223.1,ADAPTIVE,8.49171,3.5959999999999996
2019-12-02T20:17:20+00:00,16.0,20.0,223.4,ADAPTIVE,8.495653611109999,3.606
2019-12-02T20:17:24+00:00,16.1,20.0,222.3,ADAPTIVE,8.49957972222,3.609
2019-12-02T20:17:29+00:00,15.9,20.0,221.9,ADAPTIVE,8.50348,3.569
2019-12-02T20:17:32+00:00,16.0,20.0,221.9,ADAPTIVE,8.50739694444,3.577
2019-12-02T20:17:36+00:00,15.9,20.0,222.3,ADAPTIVE,8.511299722219999,3.5709999999999997
2019-12-02T20:17:40+00:00,15.9,20.0,222.5,ADAPTIVE,8.51520444444,3.582
2019-12-02T20:17:44+00:00,16.0,20.0,222.6,ADAPTIVE,8.51912777778,3.589
2019-12-02T20:17:48+00:00,16.1,20.0,223.6,ADAPTIVE,8.52305611111,3.63
2019-12-02T20:17:51+00:00,16.0,20.0,223.6,ADAPTIVE,8.52698638889,3.606
2019-12-02T20:17:55+00:00,16.0,20.0,223.4,ADAPTIVE,8.53093555556,3.602
2019-12-02T20:18:03+00:00,15.9,20.0,223.4,ADAPTIVE,8.53880027778,3.59
2019-12-02T20:18:07+00:00,16.0,19.0,223.4,ADAPTIVE,8.54275027778,3.6079999999999997
2019-12-02T20:18:11+00:00,15.9,19.0,223.0,ADAPTIVE,8.54668361111,3.5869999999999997
2019-12-02T20:18:15+00:00,16.0,20.0,223.2,ADAPTIVE,8.55061277778,3.602
2019-12-02T20:18:19+00:00,16.0,20.0,222.9,ADAPTIVE,8.554559444439999,3.609
2019-12-02T20:18:23+00:00,16.0,20.0,223.2,ADAPTIVE,8.558490277779999,3.5989999999999998
2019-12-02T20:18:27+00:00,16.0,20.0,223.2,ADAPTIVE,8.56242277778,3.6079999999999997
2019-12-02T20:18:32+00:00,16.0,20.0,222.9,ADAPTIVE,8.56637111111,3.6109999999999998
2019-12-02T20:18:35+00:00,16.0,20.0,223.1,ADAPTIVE,8.570303611109999,3.61
2019-12-02T20:18:39+00:00,16.0,20.0,223.3,ADAPTIVE,8.57423611111,3.5949999999999998
2019-12-02T20:18:43+00:00,16.0,20.0,223.0,ADAPTIVE,8.57818527778,3.6029999999999998
2019-12-02T20:18:47+00:00,16.1,20.0,223.3,ADAPTIVE,8.58211805556,3.613
2019-12-02T20:18:50+00:00,16.0,20.0,223.3,ADAPTIVE,8.58605194444,3.6069999999999998
2019-12-02T20:18:55+00:00,16.1,20.0,223.1,ADAPTIVE,8.590005,3.618
2019-12-02T20:18:59+00:00,16.0,20.0,223.1,ADAPTIVE,8.59394027778,3.6079999999999997
2019-12-02T20:19:02+00:00,16.1,20.0,222.7,ADAPTIVE,8.59786833333,3.6279999999999997
2019-12-02T20:19:06+00:00,16.0,20.0,222.8,ADAPTIVE,8.60181277778,3.5989999999999998
2019-12-02T20:19:10+00:00,16.0,20.0,222.9,ADAPTIVE,8.6057425,3.602
2019-12-02T20:19:14+00:00,16.0,20.0,222.7,ADAPTIVE,8.60966944444,3.5879999999999996
2019-12-02T20:19:18+00:00,16.0,19.0,222.9,ADAPTIVE,8.61361472222,3.602
2019-12-02T20:19:22+00:00,16.0,19.0,223.2,ADAPTIVE,8.617547499999999,3.593
2019-12-02T20:19:26+00:00,16.1,20.0,223.3,ADAPTIVE,8.621480833329999,3.617
2019-12-02T20:19:30+00:00,16.0,20.0,222.7,ADAPTIVE,8.62542805556,3.602
2019-12-02T20:19:34+00:00,16.1,20.0,222.9,ADAPTIVE,8.62935777778,3.6239999999999997
2019-12-02T20:19:38+00:00,16.1,20.0,222.5,ADAPTIVE,8.63329083333,3.609
2019-12-02T20:19:42+00:00,16.1,20.0,222.8,ADAPTIVE,8.63723805556,3.621
2019-12-02T20:19:46+00:00,16.1,20.0,222.8,ADAPTIVE,8.64117055556,3.618
2019-12-02T20:19:50+00:00,16.0,20.0,223.3,ADAPTIVE,8.645105,3.6069999999999998
2019-12-02T20:19:53+00:00,16.1,20.0,223.0,ADAPTIVE,8.64905722222,3.6159999999999997
2019-12-02T20:19:58+00:00,16.0,20.0,223.0,ADAPTIVE,8.65299194444,3.6069999999999998
2019-12-02T20:20:01+00:00,16.1,20.0,222.8,ADAPTIVE,8.656926944439999,3.6199999999999997
2019-12-02T20:20:05+00:00,16.1,20.0,222.8,ADAPTIVE,8.660878333329999,3.6109999999999998
2019-12-02T20:20:09+00:00,16.0,20.0,222.7,ADAPTIVE,8.66481222222,3.6039999999999996
2019-12-02T20:20:13+00:00,16.0,20.0,222.9,ADAPTIVE,8.66874638889,3.594
2019-12-02T20:20:17+00:00,16.0,20.0,223.0,ADAPTIVE,8.67268055556,3.609
2019-12-02T20:20:21+00:00,16.0,20.0,222.7,ADAPTIVE,8.67662944444,3.61
2019-12-02T20:20:25+00:00,16.0,20.0,222.6,ADAPTIVE,8.68056277778,3.6069999999999998
2019-12-02T20:20:29+00:00,16.0,20.0,222.8,ADAPTIVE,8.68449666667,3.605
2019-12-02T20:20:34+00:00,16.1,19.0,222.7,ADAPTIVE,8.68844638889,3.627
2019-12-02T20:20:37+00:00,16.0,19.0,222.5,ADAPTIVE,8.692378055559999,3.609
2019-12-02T20:20:39+00:00,16.0,19.0,222.5,ADAPTIVE,8.692378055559999,3.609
2019-12-02T20:20:41+00:00,16.1,19.0,222.8,ADAPTIVE,8.69630833333,3.6109999999999998
2019-12-02T20:20:45+00:00,16.1,19.0,222.6,ADAPTIVE,8.70024111111,3.613
2019-12-02T20:20:49+00:00,16.0,19.0,222.9,ADAPTIVE,8.704191388889999,3.6069999999999998
2019-12-02T20:20:53+00:00,16.1,20.0,222.8,ADAPTIVE,8.70812666667,3.6239999999999997
2019-12-02T20:20:56+00:00,16.0,20.0,222.8,ADAPTIVE,8.71206277778,3.5989999999999998
2019-12-02T20:21:01+00:00,16.1,20.0,223.0,ADAPTIVE,8.71601583333,3.6189999999999998
2019-12-02T20:21:04+00:00,16.1,20.0,223.0,ADAPTIVE,8.71995194444,3.61
2019-12-02T20:21:09+00:00,16.1,20.0,222.5,ADAPTIVE,8.72388888889,3.61
2019-12-02T20:21:12+00:00,16.1,20.0,222.8,ADAPTIVE,8.7278225,3.6079999999999997
2019-12-02T20:21:16+00:00,16.0,20.0,223.0,ADAPTIVE,8.73177444444,3.606
2019-12-02T20:21:21+00:00,16.1,20.0,222.9,ADAPTIVE,8.735708333329999,3.6109999999999998
2019-12-02T20:21:24+00:00,16.1,20.0,222.8,ADAPTIVE,8.73964277778,3.614
2019-12-02T20:21:28+00:00,16.0,20.0,222.6,ADAPTIVE,8.74359222222,3.5869999999999997
2019-12-02T20:21:32+00:00,16.0,20.0,222.8,ADAPTIVE,8.747524166669999,3.606
2019-12-02T20:21:37+00:00,16.1,20.0,222.8,ADAPTIVE,8.751455833329999,3.6159999999999997
2019-12-02T20:21:40+00:00,16.1,20.0,223.0,ADAPTIVE,8.75540305556,3.6239999999999997
2019-12-02T20:21:44+00:00,16.0,20.0,223.0,ADAPTIVE,8.75933333333,3.5989999999999998
2019-12-02T20:21:48+00:00,16.0,20.0,223.0,ADAPTIVE,8.763280833329999,3.6039999999999996
2019-12-02T20:21:52+00:00,16.1,20.0,223.0,ADAPTIVE,8.76721361111,3.614
2019-12-02T20:21:56+00:00,16.1,20.0,223.0,ADAPTIVE,8.77114555556,3.6069999999999998
2019-12-02T20:22:00+00:00,16.1,20.0,222.9,ADAPTIVE,8.775095,3.6109999999999998
2019-12-02T20:22:04+00:00,16.0,20.0,222.7,ADAPTIVE,8.779024722219999,3.601
2019-12-02T20:22:07+00:00,16.0,20.0,222.9,ADAPTIVE,8.78295527778,3.6029999999999998
2019-12-02T20:22:11+00:00,16.1,20.0,222.9,ADAPTIVE,8.78690111111,3.617
2019-12-02T20:22:15+00:00,16.1,20.0,222.9,ADAPTIVE,8.79083305556,3.614
2019-12-02T20:22:19+00:00,16.1,20.0,222.6,ADAPTIVE,8.79476416667,3.6109999999999998
2019-12-02T20:22:23+00:00,16.0,20.0,222.7,ADAPTIVE,8.79870805556,3.5919999999999996
2019-12-02T20:22:27+00:00,16.1,20.0,222.8,ADAPTIVE,8.80264166667,3.613
2019-12-02T20:22:31+00:00,16.1,20.0,222.5,ADAPTIVE,8.80657555556,3.6199999999999997
2019-12-02T20:22:35+00:00,16.0,20.0,222.5,ADAPTIVE,8.81050777778,3.5919999999999996
2019-12-02T20:22:40+00:00,16.1,20.0,222.2,ADAPTIVE,8.81445416667,3.5959999999999996
2019-12-02T20:22:43+00:00,16.0,20.0,222.3,ADAPTIVE,8.81838305556,3.5999999999999996
2019-12-02T20:22:47+00:00,16.0,20.0,223.0,ADAPTIVE,8.822310833329999,3.605
2019-12-02T20:22:51+00:00,16.0,20.0,222.5,ADAPTIVE,8.826257499999999,3.602
2019-12-02T20:22:55+00:00,16.0,19.0,222.5,ADAPTIVE,8.83018694444,3.606
2019-12-02T20:22:59+00:00,16.1,19.0,222.8,ADAPTIVE,8.83413027778,3.6159999999999997
2019-12-02T20:23:02+00:00,16.1,20.0,223.0,ADAPTIVE,8.83805694444,3.6079999999999997
2019-12-02T20:23:07+00:00,16.0,20.0,222.5,ADAPTIVE,8.841983611109999,3.589
2019-12-02T20:23:11+00:00,16.0,20.0,222.7,ADAPTIVE,8.84592916667,3.6029999999999998
2019-12-02T20:23:14+00:00,16.1,20.0,222.8,ADAPTIVE,8.84985833333,3.621
2019-12-02T20:23:18+00:00,16.1,20.0,222.9,ADAPTIVE,8.85378722222,3.6109999999999998
2019-12-02T20:23:23+00:00,16.1,20.0,223.3,ADAPTIVE,8.857732777779999,3.6079999999999997
2019-12-02T20:23:26+00:00,16.1,20.0,222.7,ADAPTIVE,8.86166111111,3.6079999999999997
2019-12-02T20:23:30+00:00,16.1,20.0,222.7,ADAPTIVE,8.865606111109999,3.6109999999999998
2019-12-02T20:23:34+00:00,16.0,20.0,222.6,ADAPTIVE,8.86953444444,3.6039999999999996
2019-12-02T20:23:38+00:00,16.0,20.0,222.7,ADAPTIVE,8.873462222219999,3.6039999999999996
2019-12-02T20:23:42+00:00,16.0,20.0,222.7,ADAPTIVE,8.87740833333,3.602
2019-12-02T20:23:46+00:00,16.0,20.0,222.7,ADAPTIVE,8.881335833329999,3.5999999999999996
2019-12-02T20:23:50+00:00,16.0,20.0,222.9,ADAPTIVE,8.88528166667,3.598
2019-12-02T20:23:54+00:00,16.1,20.0,222.6,ADAPTIVE,8.8892075,3.605
2019-12-02T20:23:59+00:00,16.0,20.0,221.7,ADAPTIVE,8.89312555556,3.5839999999999996
2019-12-02T20:24:02+00:00,16.0,20.0,221.6,ADAPTIVE,8.89703666667,3.578
2019-12-02T20:24:06+00:00,16.0,19.0,221.8,ADAPTIVE,8.90093194444,3.578
2019-12-02T20:24:10+00:00,16.0,19.0,221.9,ADAPTIVE,8.90482555556,3.5839999999999996
2019-12-02T20:24:14+00:00,16.0,20.0,221.7,ADAPTIVE,8.90873666667,3.578
2019-12-02T20:24:18+00:00,16.0,20.0,221.8,ADAPTIVE,8.912629444439998,3.5869999999999997
2019-12-02T20:24:22+00:00,16.0,20.0,221.5,ADAPTIVE,8.91652027778,3.578
2019-12-02T20:24:26+00:00,16.0,20.0,221.7,ADAPTIVE,8.92042833333,3.5799999999999996
2019-12-02T20:24:29+00:00,16.0,20.0,221.6,ADAPTIVE,8.924320833329999,3.581
2019-12-02T20:24:33+00:00,16.0,20.0,221.7,ADAPTIVE,8.92821416667,3.578
2019-12-02T20:24:37+00:00,16.0,20.0,221.5,ADAPTIVE,8.932107777779999,3.5669999999999997
2019-12-02T20:24:42+00:00,16.0,20.0,221.9,ADAPTIVE,8.936018333329999,3.57
2019-12-02T20:24:45+00:00,16.0,20.0,221.6,ADAPTIVE,8.939915555559999,3.5709999999999997
2019-12-02T20:24:49+00:00,16.0,20.0,221.7,ADAPTIVE,8.94381222222,3.585
2019-12-02T20:24:53+00:00,16.0,20.0,222.0,ADAPTIVE,8.94772388889,3.5799999999999996
2019-12-02T20:24:57+00:00,16.0,20.0,221.8,ADAPTIVE,8.951620833329999,3.581
2019-12-02T20:25:01+00:00,15.9,20.0,221.8,ADAPTIVE,8.95551722222,3.573
2019-12-02T20:25:05+00:00,16.0,20.0,221.8,ADAPTIVE,8.95943083333,3.5829999999999997
2019-12-02T20:25:09+00:00,16.0,20.0,222.0,ADAPTIVE,8.963328611109999,3.574
2019-12-02T20:25:13+00:00,16.0,20.0,221.8,ADAPTIVE,8.967225,3.585
2019-12-02T20:25:18+00:00,15.9,19.0,221.9,ADAPTIVE,8.97113666667,3.565
2019-12-02T20:25:21+00:00,16.1,19.0,222.0,ADAPTIVE,8.975031111109999,3.5919999999999996
2019-12-02T20:25:25+00:00,15.9,20.0,221.9,ADAPTIVE,8.97894361111,3.5669999999999997
2019-12-02T20:25:28+00:00,15.9,20.0,222.1,ADAPTIVE,8.98284,3.565
2019-12-02T20:25:32+00:00,16.0,20.0,221.8,ADAPTIVE,8.98673583333,3.5799999999999996
2019-12-02T20:25:37+00:00,16.0,20.0,221.6,ADAPTIVE,8.99064694444,3.569
2019-12-02T20:25:40+00:00,16.0,20.0,221.7,ADAPTIVE,8.99454138889,3.574
2019-12-02T20:25:45+00:00,15.9,20.0,221.7,ADAPTIVE,8.99843638889,3.566
2019-12-02T20:25:49+00:00,16.0,20.0,221.8,ADAPTIVE,9.002347777779999,3.5829999999999997
2019-12-02T20:25:52+00:00,16.0,20.0,221.8,ADAPTIVE,9.006242499999999,3.574
2019-12-02T20:25:56+00:00,16.0,20.0,221.7,ADAPTIVE,9.01013944444,3.582
2019-12-02T20:26:00+00:00,16.0,20.0,221.8,ADAPTIVE,9.01405166667,3.573
2019-12-02T20:26:05+00:00,16.0,20.0,221.6,ADAPTIVE,9.017948333329999,3.581
2019-12-02T20:26:08+00:00,16.1,20.0,221.7,ADAPTIVE,9.02184472222,3.5949999999999998
2019-12-02T20:26:12+00:00,16.0,20.0,221.7,ADAPTIVE,9.02575833333,3.581
2019-12-02T20:26:16+00:00,16.0,20.0,221.7,ADAPTIVE,9.029653055559999,3.574
2019-12-02T20:26:20+00:00,16.0,20.0,221.7,ADAPTIVE,9.0335475,3.57
2019-12-02T20:26:24+00:00,15.9,20.0,221.7,ADAPTIVE,9.03744138889,3.566
2019-12-02T20:26:28+00:00,15.9,20.0,221.9,ADAPTIVE,9.04135166667,3.564
2019-12-02T20:26:32+00:00,15.9,20.0,221.9,ADAPTIVE,9.04524555556,3.568
2019-12-02T20:26:37+00:00,16.0,19.0,221.8,ADAPTIVE,9.049142222219999,3.582
2019-12-02T20:26:39+00:00,16.0,20.0,221.8,ADAPTIVE,9.053054999999999,3.585
2019-12-02T20:26:43+00:00,16.0,20.0,221.5,ADAPTIVE,9.05695055556,3.5669999999999997
2019-12-02T20:26:48+00:00,16.0,20.0,220.9,ADAPTIVE,9.06083694444,3.5669999999999997
2019-12-02T20:26:51+00:00,16.0,20.0,220.6,ADAPTIVE,9.06473166667,3.561
2019-12-02T20:26:55+00:00,16.0,20.0,220.9,ADAPTIVE,9.06860972222,3.5669999999999997
2019-12-02T20:26:59+00:00,16.0,20.0,220.8,ADAPTIVE,9.072489444439999,3.565
2019-12-02T20:27:03+00:00,16.0,20.0,220.6,ADAPTIVE,9.07638527778,3.5549999999999997
2019-12-02T20:27:07+00:00,16.0,20.0,221.6,ADAPTIVE,9.08026277778,3.569
2019-12-02T20:27:11+00:00,16.0,20.0,221.1,ADAPTIVE,9.08415222222,3.5709999999999997
2019-12-02T20:27:15+00:00,16.0,20.0,221.3,ADAPTIVE,9.08804,3.5749999999999997
2019-12-02T20:27:19+00:00,15.9,20.0,221.2,ADAPTIVE,9.09194472222,3.558
2019-12-02T20:27:23+00:00,16.0,20.0,221.2,ADAPTIVE,9.09583083333,3.5709999999999997
2019-12-02T20:27:27+00:00,15.9,20.0,221.3,ADAPTIVE,9.099719166669999,3.5629999999999997
2019-12-02T20:27:31+00:00,16.0,20.0,221.0,ADAPTIVE,9.10361277778,3.568
2019-12-02T20:27:36+00:00,16.0,20.0,221.0,ADAPTIVE,9.10749527778,3.565
2019-12-02T20:27:38+00:00,16.0,20.0,221.0,ADAPTIVE,9.11136472222,3.565
2019-12-02T20:27:44+00:00,16.0,20.0,221.1,ADAPTIVE,9.11526583333,3.566
2019-12-02T20:27:46+00:00,15.9,19.0,221.3,ADAPTIVE,9.11915083333,3.5629999999999997
2019-12-02T20:27:50+00:00,15.9,19.0,221.3,ADAPTIVE,9.123036944439999,3.5549999999999997
2019-12-02T20:27:54+00:00,16.0,19.0,221.4,ADAPTIVE,9.12694083333,3.561
2019-12-02T20:27:58+00:00,16.0,19.0,221.2,ADAPTIVE,9.130827499999999,3.5719999999999996
2019-12-02T20:28:02+00:00,16.0,19.0,221.3,ADAPTIVE,9.1347125,3.5709999999999997
2019-12-02T20:28:06+00:00,15.9,19.0,221.4,ADAPTIVE,9.138612499999999,3.562
2019-12-02T20:28:10+00:00,16.0,19.0,221.3,ADAPTIVE,9.14249833333,3.5669999999999997
2019-12-02T20:28:16+00:00,15.9,19.0,221.1,ADAPTIVE,9.146402222219999,3.557
2019-12-02T20:28:20+00:00,16.0,19.0,221.2,ADAPTIVE,9.15029,3.5719999999999996
2019-12-02T20:28:31+00:00,16.0,19.0,221.1,ADAPTIVE,9.161964444439999,3.5749999999999997
2019-12-02T20:28:34+00:00,16.0,19.0,221.1,ADAPTIVE,9.16585138889,3.566
2019-12-02T20:28:38+00:00,16.0,8.0,221.1,ADAPTIVE,9.16975277778,3.568
2019-12-02T20:28:42+00:00,8.3,8.0,221.7,ADAPTIVE,9.17207,1.865
2019-12-02T20:28:50+00:00,15.2,19.0,221.0,ADAPTIVE,9.17730416667,3.403
2019-12-02T20:28:53+00:00,16.0,19.0,220.8,ADAPTIVE,9.18115833333,3.564
2019-12-02T20:28:57+00:00,16.0,19.0,220.9,ADAPTIVE,9.18504083333,3.5669999999999997
2019-12-02T20:29:03+00:00,16.0,19.0,220.9,ADAPTIVE,9.188939444439999,3.5719999999999996
2019-12-02T20:29:05+00:00,16.0,19.0,221.1,ADAPTIVE,9.192823333329999,3.561
2019-12-02T20:29:09+00:00,16.0,19.0,221.0,ADAPTIVE,9.196706944439999,3.566
2019-12-02T20:29:13+00:00,16.0,19.0,221.1,ADAPTIVE,9.20059194444,3.564
2019-12-02T20:29:17+00:00,16.0,19.0,220.9,ADAPTIVE,9.20449138889,3.56
2019-12-02T20:29:21+00:00,16.1,19.0,221.0,ADAPTIVE,9.208376111109999,3.5839999999999996
2019-12-02T20:29:25+00:00,16.0,19.0,221.2,ADAPTIVE,9.21226138889,3.574
2019-12-02T20:29:29+00:00,16.0,19.0,221.1,ADAPTIVE,9.21616333333,3.57
2019-12-02T20:29:33+00:00,16.0,19.0,221.2,ADAPTIVE,9.22005194444,3.5759999999999996
2019-12-02T20:29:37+00:00,15.9,19.0,220.9,ADAPTIVE,9.22393805556,3.556
2019-12-02T20:29:41+00:00,16.0,19.0,221.3,ADAPTIVE,9.22784194444,3.565
2019-12-02T20:29:45+00:00,16.0,19.0,221.0,ADAPTIVE,9.231728333329999,3.5709999999999997
2019-12-02T20:29:53+00:00,16.0,19.0,220.9,ADAPTIVE,9.235615555559999,3.556
2019-12-02T20:29:54+00:00,16.0,19.0,221.2,ADAPTIVE,9.23951888889,3.57
2019-12-02T20:29:58+00:00,16.0,19.0,221.2,ADAPTIVE,9.24340944444,3.568
2019-12-02T20:30:01+00:00,15.9,19.0,221.3,ADAPTIVE,9.24729666667,3.562
2019-12-02T20:30:04+00:00,15.8,19.0,221.2,ADAPTIVE,9.25119888889,3.533
2019-12-02T20:30:10+00:00,16.0,19.0,220.9,ADAPTIVE,9.25508638889,3.57
2019-12-02T20:30:14+00:00,16.0,19.0,221.2,ADAPTIVE,9.25897305556,3.5749999999999997
2019-12-02T20:30:16+00:00,16.0,19.0,220.8,ADAPTIVE,9.26287666667,3.57
2019-12-02T20:30:20+00:00,16.0,19.0,220.9,ADAPTIVE,9.26676166667,3.562
2019-12-02T20:30:24+00:00,16.1,19.0,220.7,ADAPTIVE,9.2706425,3.582
2019-12-02T20:30:31+00:00,16.0,19.0,220.7,ADAPTIVE,9.27453833333,3.5669999999999997
2019-12-02T20:30:32+00:00,16.0,19.0,220.5,ADAPTIVE,9.27841722222,3.562
2019-12-02T20:30:36+00:00,16.0,19.0,220.7,ADAPTIVE,9.28231305556,3.558
2019-12-02T20:30:40+00:00,16.0,19.0,220.7,ADAPTIVE,9.286192222219999,3.565
2019-12-02T20:30:44+00:00,16.0,19.0,220.8,ADAPTIVE,9.29007027778,3.562
2019-12-02T20:30:48+00:00,16.1,19.0,221.0,ADAPTIVE,9.29396638889,3.577
2019-12-02T20:30:54+00:00,16.0,19.0,220.8,ADAPTIVE,9.29784805556,3.558
2019-12-02T20:30:56+00:00,16.0,19.0,220.8,ADAPTIVE,9.30172805556,3.554
2019-12-02T20:31:00+00:00,15.9,19.0,221.0,ADAPTIVE,9.30562444444,3.548
2019-12-02T20:31:05+00:00,16.0,19.0,220.8,ADAPTIVE,9.30950361111,3.56
2019-12-02T20:31:07+00:00,16.0,19.0,220.7,ADAPTIVE,9.313385833329999,3.554
2019-12-02T20:31:09+00:00,16.0,19.0,220.7,ADAPTIVE,9.313385833329999,3.554
2019-12-02T20:31:11+00:00,15.9,19.0,220.8,ADAPTIVE,9.317281111109999,3.5469999999999997
2019-12-02T20:31:15+00:00,16.0,19.0,220.7,ADAPTIVE,9.32116111111,3.569
2019-12-02T20:31:21+00:00,16.0,19.0,220.7,ADAPTIVE,9.325043611109999,3.569
2019-12-02T20:31:23+00:00,16.0,19.0,220.8,ADAPTIVE,9.32894138889,3.553
2019-12-02T20:31:29+00:00,16.0,19.0,221.0,ADAPTIVE,9.33282138889,3.568
2019-12-02T20:31:31+00:00,16.0,19.0,221.0,ADAPTIVE,9.336701666669999,3.56
2019-12-02T20:31:35+00:00,16.0,19.0,220.8,ADAPTIVE,9.34059916667,3.568
2019-12-02T20:31:40+00:00,16.0,19.0,220.7,ADAPTIVE,9.344479999999999,3.5709999999999997
2019-12-02T20:31:43+00:00,16.0,19.0,220.9,ADAPTIVE,9.34835972222,3.556
2019-12-02T20:31:47+00:00,16.0,19.0,221.0,ADAPTIVE,9.35225472222,3.56
2019-12-02T20:31:51+00:00,16.0,19.0,220.9,ADAPTIVE,9.356135,3.561
2019-12-02T20:31:56+00:00,16.1,19.0,220.7,ADAPTIVE,9.36001527778,3.5789999999999997
2019-12-02T20:31:59+00:00,16.0,19.0,220.7,ADAPTIVE,9.36391277778,3.566
2019-12-02T20:32:05+00:00,16.0,19.0,221.0,ADAPTIVE,9.367793611109999,3.562
2019-12-02T20:32:08+00:00,15.9,19.0,220.5,ADAPTIVE,9.37167472222,3.552
2019-12-02T20:32:12+00:00,16.0,19.0,220.8,ADAPTIVE,9.37557166667,3.562
2019-12-02T20:32:14+00:00,8.2,8.0,221.4,ADAPTIVE,9.37883027778,1.843
2019-12-02T20:32:21+00:00,11.0,19.0,221.2,ADAPTIVE,9.381014166669999,2.4459999999999997
2019-12-02T20:32:24+00:00,15.6,19.0,221.2,ADAPTIVE,9.384319999999999,3.4859999999999998
2019-12-02T20:32:26+00:00,16.0,19.0,221.0,ADAPTIVE,9.38818972222,3.5629999999999997
2019-12-02T20:32:30+00:00,16.0,19.0,220.9,ADAPTIVE,9.39207055556,3.5589999999999997
2019-12-02T20:32:39+00:00,16.0,19.0,220.9,ADAPTIVE,9.39985138889,3.5589999999999997
2019-12-02T20:32:42+00:00,16.0,19.0,220.9,ADAPTIVE,9.40373305556,3.5719999999999996
2019-12-02T20:32:46+00:00,16.0,19.0,220.8,ADAPTIVE,9.40762916667,3.553
2019-12-02T20:32:50+00:00,16.0,19.0,221.0,ADAPTIVE,9.41151055556,3.565
2019-12-02T20:32:54+00:00,16.0,19.0,220.8,ADAPTIVE,9.41540777778,3.561
2019-12-02T20:32:59+00:00,16.0,19.0,220.7,ADAPTIVE,9.4192875,3.562
2019-12-02T20:33:02+00:00,16.0,19.0,220.9,ADAPTIVE,9.42316722222,3.557
2019-12-02T20:33:06+00:00,16.0,19.0,220.9,ADAPTIVE,9.427063333329999,3.558
2019-12-02T20:33:10+00:00,16.0,19.0,220.8,ADAPTIVE,9.43094361111,3.564
2019-12-02T20:33:16+00:00,16.0,19.0,220.9,ADAPTIVE,9.434825833329999,3.562
2019-12-02T20:33:17+00:00,16.0,19.0,221.2,ADAPTIVE,9.4387075,3.56
2019-12-02T20:33:21+00:00,16.0,19.0,220.8,ADAPTIVE,9.44260694444,3.568
2019-12-02T20:33:25+00:00,16.0,19.0,220.8,ADAPTIVE,9.44648777778,3.562
2019-12-02T20:33:32+00:00,16.0,19.0,220.9,ADAPTIVE,9.45036777778,3.561
2019-12-02T20:33:39+00:00,16.0,19.0,220.8,ADAPTIVE,9.458144444439998,3.565
2019-12-02T20:33:44+00:00,16.0,19.0,220.6,ADAPTIVE,9.46204,3.5629999999999997
2019-12-02T20:33:45+00:00,16.0,19.0,220.8,ADAPTIVE,9.46591555556,3.5589999999999997
2019-12-02T20:33:49+00:00,16.0,19.0,220.8,ADAPTIVE,9.46979361111,3.561
2019-12-02T20:33:53+00:00,15.9,19.0,221.0,ADAPTIVE,9.473688888889999,3.5469999999999997
2019-12-02T20:33:59+00:00,16.0,19.0,220.7,ADAPTIVE,9.477566388889999,3.5549999999999997
2019-12-02T20:34:01+00:00,16.0,19.0,221.1,ADAPTIVE,9.48146055556,3.5669999999999997
2019-12-02T20:34:06+00:00,16.0,19.0,220.9,ADAPTIVE,9.485338611109999,3.56
2019-12-02T20:34:09+00:00,16.0,19.0,221.3,ADAPTIVE,9.489233333329999,3.561
2019-12-02T20:34:14+00:00,16.0,19.0,220.9,ADAPTIVE,9.49311777778,3.5719999999999996
2019-12-02T20:34:17+00:00,16.0,19.0,221.0,ADAPTIVE,9.497002222219999,3.578
2019-12-02T20:34:25+00:00,16.0,19.0,221.0,ADAPTIVE,9.50478194444,3.564
2019-12-02T20:34:31+00:00,16.0,19.0,220.6,ADAPTIVE,9.50868055556,3.57
2019-12-02T20:34:34+00:00,16.0,19.0,220.8,ADAPTIVE,9.512564444439999,3.574
2019-12-02T20:34:50+00:00,16.0,19.0,221.1,ADAPTIVE,9.528123888889999,3.561
2019-12-02T20:34:53+00:00,16.0,19.0,221.4,ADAPTIVE,9.53202694444,3.574
2019-12-02T20:34:56+00:00,15.9,19.0,221.2,ADAPTIVE,9.535913611109999,3.552
2019-12-02T20:35:00+00:00,16.0,19.0,221.4,ADAPTIVE,9.53981583333,3.5749999999999997
2019-12-02T20:35:04+00:00,16.0,19.0,221.1,ADAPTIVE,9.54370138889,3.5749999999999997
2019-12-02T20:35:08+00:00,16.0,19.0,221.4,ADAPTIVE,9.54760388889,3.5839999999999996
2019-12-02T20:35:12+00:00,16.1,19.0,221.3,ADAPTIVE,9.55149138889,3.5869999999999997
2019-12-02T20:35:16+00:00,16.0,19.0,221.4,ADAPTIVE,9.55539666667,3.578
2019-12-02T20:35:21+00:00,16.0,19.0,220.9,ADAPTIVE,9.559285277779999,3.565
2019-12-02T20:35:23+00:00,16.0,19.0,221.4,ADAPTIVE,9.56317138889,3.565
2019-12-02T20:35:28+00:00,16.0,19.0,221.0,ADAPTIVE,9.56707416667,3.5789999999999997
2019-12-02T20:35:31+00:00,15.9,19.0,221.0,ADAPTIVE,9.570959166669999,3.557
2019-12-02T20:35:37+00:00,16.0,19.0,221.1,ADAPTIVE,9.574858611109999,3.573
2019-12-02T20:35:39+00:00,16.0,19.0,220.9,ADAPTIVE,9.57874166667,3.5749999999999997
2019-12-02T20:35:43+00:00,16.0,19.0,220.9,ADAPTIVE,9.58262305556,3.561
2019-12-02T20:35:49+00:00,16.0,19.0,220.9,ADAPTIVE,9.586520833329999,3.5669999999999997
2019-12-02T20:35:51+00:00,16.0,19.0,221.1,ADAPTIVE,9.59040361111,3.57
2019-12-02T20:35:55+00:00,16.0,19.0,221.1,ADAPTIVE,9.59430194444,3.562
2019-12-02T20:35:59+00:00,16.0,19.0,221.1,ADAPTIVE,9.59818388889,3.566
2019-12-02T20:36:04+00:00,16.0,19.0,220.8,ADAPTIVE,9.60206333333,3.5669999999999997
2019-12-02T20:36:07+00:00,16.0,19.0,220.6,ADAPTIVE,9.60595944444,3.569
2019-12-02T20:36:11+00:00,16.0,19.0,220.9,ADAPTIVE,9.60983972222,3.5669999999999997
2019-12-02T20:36:15+00:00,15.9,19.0,220.8,ADAPTIVE,9.613737777779999,3.553
2019-12-02T20:36:19+00:00,16.0,19.0,221.0,ADAPTIVE,9.617619444439999,3.574
2019-12-02T20:36:23+00:00,16.0,19.0,221.2,ADAPTIVE,9.62150416667,3.574
2019-12-02T20:36:26+00:00,15.9,19.0,221.2,ADAPTIVE,9.62540416667,3.548
2019-12-02T20:36:30+00:00,16.0,19.0,221.1,ADAPTIVE,9.629288333329999,3.573
2019-12-02T20:36:38+00:00,16.0,19.0,221.0,ADAPTIVE,9.63318805556,3.57
2019-12-02T20:36:41+00:00,16.0,19.0,221.1,ADAPTIVE,9.63707111111,3.5669999999999997
2019-12-02T20:36:42+00:00,16.0,19.0,221.2,ADAPTIVE,9.64097,3.562
2019-12-02T20:36:48+00:00,16.0,19.0,221.2,ADAPTIVE,9.64485527778,3.564
2019-12-02T20:36:50+00:00,16.0,19.0,221.1,ADAPTIVE,9.64873888889,3.56
2019-12-02T20:36:54+00:00,16.0,19.0,221.0,ADAPTIVE,9.65264027778,3.57
2019-12-02T20:36:58+00:00,16.0,19.0,221.3,ADAPTIVE,9.656524722219999,3.573
2019-12-02T20:37:04+00:00,16.0,19.0,220.9,ADAPTIVE,9.660425,3.5669999999999997
2019-12-02T20:37:06+00:00,16.0,19.0,221.1,ADAPTIVE,9.664309444439999,3.565
2019-12-02T20:37:10+00:00,16.0,19.0,221.1,ADAPTIVE,9.668193333329999,3.568
2019-12-02T20:37:15+00:00,16.0,19.0,220.9,ADAPTIVE,9.67209055556,3.564
2019-12-02T20:37:18+00:00,16.0,19.0,220.7,ADAPTIVE,9.67597111111,3.5669999999999997
2019-12-02T20:37:22+00:00,16.0,19.0,220.4,ADAPTIVE,9.679865,3.558
2019-12-02T20:37:26+00:00,16.0,19.0,221.0,ADAPTIVE,9.683745,3.564
2019-12-02T20:37:33+00:00,16.0,19.0,220.9,ADAPTIVE,9.68764194444,3.561
2019-12-02T20:37:35+00:00,16.0,19.0,221.1,ADAPTIVE,9.69152416667,3.56
2019-12-02T20:37:39+00:00,16.0,19.0,221.0,ADAPTIVE,9.69540638889,3.564
2019-12-02T20:37:42+00:00,16.0,19.0,221.1,ADAPTIVE,9.69930611111,3.5759999999999996
2019-12-02T20:37:48+00:00,15.9,19.0,220.9,ADAPTIVE,9.70318777778,3.557
2019-12-02T20:37:49+00:00,16.0,19.0,221.1,ADAPTIVE,9.70706861111,3.565
2019-12-02T20:37:53+00:00,16.0,19.0,220.9,ADAPTIVE,9.71096805556,3.564
2019-12-02T20:37:57+00:00,15.9,19.0,220.8,ADAPTIVE,9.71485,3.553
2019-12-02T20:37:59+00:00,15.9,19.0,220.8,ADAPTIVE,9.71485,3.553
2019-12-02T20:38:01+00:00,16.0,19.0,221.0,ADAPTIVE,9.71874472222,3.56
2019-12-02T20:38:05+00:00,16.0,19.0,220.9,ADAPTIVE,9.72262277778,3.56
2019-12-02T20:38:10+00:00,15.9,19.0,220.8,ADAPTIVE,9.72650111111,3.549
2019-12-02T20:38:13+00:00,15.9,19.0,220.3,ADAPTIVE,9.730392222219999,3.5469999999999997
2019-12-02T20:38:17+00:00,16.0,19.0,220.3,ADAPTIVE,9.7342575,3.562
2019-12-02T20:38:21+00:00,16.0,19.0,220.3,ADAPTIVE,9.73814472222,3.552
2019-12-02T20:38:25+00:00,16.0,19.0,220.2,ADAPTIVE,9.742015,3.56
2019-12-02T20:38:29+00:00,16.0,19.0,221.0,ADAPTIVE,9.74589222222,3.568
2019-12-02T20:38:33+00:00,16.0,19.0,221.0,ADAPTIVE,9.7497925,3.5749999999999997
2019-12-02T20:38:37+00:00,16.1,19.0,220.1,ADAPTIVE,9.75367305556,3.569
2019-12-02T20:38:41+00:00,16.0,19.0,220.1,ADAPTIVE,9.757553055559999,3.549
2019-12-02T20:38:44+00:00,16.0,19.0,220.0,ADAPTIVE,9.761414166669999,3.5469999999999997
2019-12-02T20:38:48+00:00,15.9,19.0,220.2,ADAPTIVE,9.7652925,3.541
2019-12-02T20:38:52+00:00,16.0,19.0,220.6,ADAPTIVE,9.76916666667,3.5629999999999997
2019-12-02T20:38:56+00:00,16.0,19.0,220.7,ADAPTIVE,9.77304333333,3.566
2019-12-02T20:39:00+00:00,15.9,19.0,220.7,ADAPTIVE,9.77693694444,3.5549999999999997
2019-12-02T20:39:08+00:00,16.0,19.0,220.8,ADAPTIVE,9.780816666669999,3.5709999999999997
2019-12-02T20:39:09+00:00,16.0,19.0,220.9,ADAPTIVE,9.78469611111,3.568
2019-12-02T20:39:12+00:00,16.0,19.0,220.2,ADAPTIVE,9.78858972222,3.55
2019-12-02T20:39:16+00:00,16.0,19.0,220.4,ADAPTIVE,9.792462777779999,3.561
2019-12-02T20:39:20+00:00,16.0,19.0,220.7,ADAPTIVE,9.796351388889999,3.5509999999999997
2019-12-02T20:39:26+00:00,16.0,19.0,220.2,ADAPTIVE,9.80021388889,3.549
2019-12-02T20:39:28+00:00,16.0,19.0,220.0,ADAPTIVE,9.80409,3.546
2019-12-02T20:39:33+00:00,16.0,19.0,219.9,ADAPTIVE,9.807948055559999,3.55
2019-12-02T20:39:40+00:00,15.9,19.0,219.9,ADAPTIVE,9.815684444439999,3.54
2019-12-02T20:39:41+00:00,15.9,19.0,219.9,ADAPTIVE,9.815684444439999,3.54
2019-12-02T20:39:44+00:00,16.0,19.0,220.3,ADAPTIVE,9.81956166667,3.55
2019-12-02T20:39:55+00:00,16.0,19.0,220.4,ADAPTIVE,9.82731583333,3.564
2019-12-02T20:39:56+00:00,16.0,19.0,220.3,ADAPTIVE,9.83118611111,3.554
2019-12-02T20:39:59+00:00,16.0,19.0,220.3,ADAPTIVE,9.835072777779999,3.5509999999999997
2019-12-02T20:40:03+00:00,16.0,19.0,220.5,ADAPTIVE,9.83894361111,3.554
2019-12-02T20:40:08+00:00,15.9,19.0,220.5,ADAPTIVE,9.842816944439999,3.544
2019-12-02T20:40:12+00:00,15.9,19.0,220.5,ADAPTIVE,9.846705,3.5429999999999997
2019-12-02T20:40:15+00:00,16.0,19.0,220.4,ADAPTIVE,9.85057777778,3.557
2019-12-02T20:40:21+00:00,16.0,19.0,220.4,ADAPTIVE,9.85445055556,3.549
2019-12-02T20:40:23+00:00,16.0,19.0,220.6,ADAPTIVE,9.85833916667,3.557
2019-12-02T20:40:28+00:00,16.0,19.0,220.4,ADAPTIVE,9.862211944439998,3.5509999999999997
2019-12-02T20:40:32+00:00,16.0,19.0,221.1,ADAPTIVE,9.86610138889,3.566
2019-12-02T20:40:35+00:00,16.0,19.0,221.6,ADAPTIVE,9.86998805556,3.582
2019-12-02T20:40:39+00:00,16.0,19.0,221.8,ADAPTIVE,9.873898333329999,3.5719999999999996
2019-12-02T20:40:43+00:00,15.9,19.0,221.8,ADAPTIVE,9.87779305556,3.5719999999999996
2019-12-02T20:40:47+00:00,16.0,19.0,221.7,ADAPTIVE,9.881705,3.5869999999999997
2019-12-02T20:40:51+00:00,16.0,19.0,221.9,ADAPTIVE,9.88560444444,3.5709999999999997
2019-12-02T20:40:54+00:00,15.9,19.0,221.6,ADAPTIVE,9.889502777779999,3.565
2019-12-02T20:40:59+00:00,16.0,19.0,221.9,ADAPTIVE,9.89341777778,3.5869999999999997
2019-12-02T20:41:02+00:00,16.0,19.0,222.0,ADAPTIVE,9.897313611109999,3.5719999999999996
2019-12-02T20:41:07+00:00,16.0,19.0,221.8,ADAPTIVE,9.901225833329999,3.5749999999999997
2019-12-02T20:41:10+00:00,16.0,19.0,221.1,ADAPTIVE,9.905115,3.562
2019-12-02T20:41:15+00:00,16.0,19.0,220.9,ADAPTIVE,9.90901416667,3.5669999999999997
2019-12-02T20:41:18+00:00,15.8,19.0,218.4,ADAPTIVE,9.91287055556,3.485
2019-12-02T20:41:22+00:00,15.9,19.0,218.2,ADAPTIVE,9.91667611111,3.4979999999999998
2019-12-02T20:41:26+00:00,15.9,19.0,218.5,ADAPTIVE,9.92049638889,3.492
2019-12-02T20:41:30+00:00,15.8,19.0,219.2,ADAPTIVE,9.92430111111,3.4829999999999997
2019-12-02T20:41:34+00:00,15.9,19.0,219.1,ADAPTIVE,9.92812944444,3.5069999999999997
2019-12-02T20:41:38+00:00,15.9,19.0,219.2,ADAPTIVE,9.931940277779999,3.525
2019-12-02T20:41:50+00:00,15.8,19.0,219.0,ADAPTIVE,9.94338666667,3.4989999999999997
2019-12-02T20:41:54+00:00,15.9,19.0,218.8,ADAPTIVE,9.947217777779999,3.504
2019-12-02T20:41:59+00:00,15.8,19.0,219.0,ADAPTIVE,9.95103138889,3.493
2019-12-02T20:42:01+00:00,15.8,19.0,219.4,ADAPTIVE,9.95484638889,3.4979999999999998
2019-12-02T20:42:05+00:00,15.9,19.0,219.3,ADAPTIVE,9.95867805556,3.513
2019-12-02T20:42:10+00:00,15.8,19.0,218.9,ADAPTIVE,9.9624925,3.4899999999999998
2019-12-02T20:42:16+00:00,15.9,19.0,219.1,ADAPTIVE,9.96632333333,3.501
2019-12-02T20:42:18+00:00,15.8,19.0,219.1,ADAPTIVE,9.97013777778,3.4989999999999997
2019-12-02T20:42:22+00:00,15.9,19.0,218.9,ADAPTIVE,9.973951388889999,3.505
2019-12-02T20:42:25+00:00,15.8,19.0,219.0,ADAPTIVE,9.97778111111,3.496
2019-12-02T20:42:29+00:00,15.9,19.0,219.0,ADAPTIVE,9.98159694444,3.516
2019-12-02T20:42:33+00:00,15.8,19.0,218.2,ADAPTIVE,9.98541972222,3.476
2019-12-02T20:42:37+00:00,15.8,19.0,218.0,ADAPTIVE,9.989218888889999,3.488
2019-12-02T20:42:41+00:00,15.9,19.0,218.2,ADAPTIVE,9.99303305556,3.492
2019-12-02T20:42:45+00:00,15.9,19.0,218.2,ADAPTIVE,9.99683111111,3.4989999999999997
2019-12-02T20:42:49+00:00,15.8,19.0,218.6,ADAPTIVE,10.0006488889,3.492
2019-12-02T20:42:53+00:00,15.9,19.0,218.9,ADAPTIVE,10.0044505556,3.518
2019-12-02T20:42:57+00:00,15.8,19.0,219.3,ADAPTIVE,10.0082780556,3.496
2019-12-02T20:43:01+00:00,15.8,19.0,219.2,ADAPTIVE,10.0120908333,3.504
2019-12-02T20:43:05+00:00,15.9,19.0,219.2,ADAPTIVE,10.0159205556,3.508
2019-12-02T20:43:08+00:00,15.8,19.0,219.2,ADAPTIVE,10.0197355556,3.504
2019-12-02T20:43:12+00:00,15.9,19.0,219.0,ADAPTIVE,10.0235663889,3.508
2019-12-02T20:43:18+00:00,15.9,19.0,218.9,ADAPTIVE,10.0273791667,3.504
2019-12-02T20:43:20+00:00,15.9,19.0,218.9,ADAPTIVE,10.0312111111,3.508
2019-12-02T20:43:24+00:00,15.9,19.0,218.5,ADAPTIVE,10.0350225,3.4989999999999997
2019-12-02T20:43:28+00:00,15.8,20.0,218.6,ADAPTIVE,10.0388336111,3.493
2019-12-02T20:43:35+00:00,15.8,20.0,218.8,ADAPTIVE,10.0426602778,3.492
2019-12-02T20:43:40+00:00,15.8,20.0,218.6,ADAPTIVE,10.0502836111,3.4909999999999997
2019-12-02T20:43:44+00:00,15.9,20.0,219.0,ADAPTIVE,10.05411,3.5
2019-12-02T20:43:48+00:00,15.9,20.0,218.6,ADAPTIVE,10.05792,3.5109999999999997
2019-12-02T20:43:52+00:00,15.9,20.0,218.6,ADAPTIVE,10.061748333299999,3.4989999999999997
2019-12-02T20:43:56+00:00,15.9,20.0,218.8,ADAPTIVE,10.065558611099998,3.493
2019-12-02T20:44:00+00:00,15.8,20.0,218.6,ADAPTIVE,10.069371666699999,3.4979999999999998
2019-12-02T20:44:04+00:00,15.8,20.0,218.8,ADAPTIVE,10.0732019444,3.4939999999999998
2019-12-02T20:44:09+00:00,15.8,20.0,218.9,ADAPTIVE,10.077016666699999,3.4949999999999997
2019-12-02T20:44:12+00:00,15.8,20.0,218.6,ADAPTIVE,10.080829999999999,3.4909999999999997
2019-12-02T20:44:16+00:00,15.8,20.0,218.7,ADAPTIVE,10.0846591667,3.4859999999999998
2019-12-02T20:44:21+00:00,15.9,20.0,219.1,ADAPTIVE,10.0884716667,3.505
2019-12-02T20:44:24+00:00,15.8,20.0,218.9,ADAPTIVE,10.0923044444,3.489
2019-12-02T20:44:27+00:00,15.9,20.0,218.7,ADAPTIVE,10.096119722200001,3.514
2019-12-02T20:44:31+00:00,15.8,20.0,218.9,ADAPTIVE,10.0999327778,3.497
2019-12-02T20:44:35+00:00,15.9,20.0,218.1,ADAPTIVE,10.103761944399999,3.5109999999999997
2019-12-02T20:44:39+00:00,15.9,20.0,218.6,ADAPTIVE,10.107571111099999,3.5069999999999997
2019-12-02T20:44:43+00:00,15.9,20.0,218.6,ADAPTIVE,10.111398611099998,3.5069999999999997
2019-12-02T20:44:47+00:00,15.8,20.0,218.8,ADAPTIVE,10.115206944399999,3.485
2019-12-02T20:44:51+00:00,15.9,20.0,218.5,ADAPTIVE,10.1190297222,3.4949999999999997
2019-12-02T20:44:55+00:00,15.8,20.0,218.4,ADAPTIVE,10.1228377778,3.481
2019-12-02T20:44:59+00:00,15.8,20.0,218.1,ADAPTIVE,10.126661944399999,3.492
2019-12-02T20:45:03+00:00,15.9,20.0,218.7,ADAPTIVE,10.130471111099999,3.509
2019-12-02T20:45:07+00:00,15.8,20.0,218.6,ADAPTIVE,10.134280277799999,3.4819999999999998
2019-12-02T20:45:11+00:00,15.9,20.0,218.1,ADAPTIVE,10.1381030556,3.513
2019-12-02T20:45:15+00:00,15.9,20.0,218.1,ADAPTIVE,10.1419088889,3.509
2019-12-02T20:45:18+00:00,15.9,20.0,218.4,ADAPTIVE,10.145714722200001,3.504
2019-12-02T20:45:23+00:00,15.9,20.0,218.4,ADAPTIVE,10.1495225,3.492
2019-12-02T20:45:26+00:00,15.8,20.0,218.1,ADAPTIVE,10.1533277778,3.485
2019-12-02T20:45:30+00:00,15.8,20.0,218.3,ADAPTIVE,10.157146944399999,3.481
2019-12-02T20:45:34+00:00,15.8,20.0,218.0,ADAPTIVE,10.1609508333,3.488
2019-12-02T20:45:38+00:00,15.9,20.0,218.3,ADAPTIVE,10.1647552778,3.509
2019-12-02T20:45:42+00:00,15.9,20.0,218.1,ADAPTIVE,10.1685783333,3.502
2019-12-02T20:45:44+00:00,15.9,20.0,218.1,ADAPTIVE,10.1685783333,3.502
2019-12-02T20:45:46+00:00,15.8,20.0,218.0,ADAPTIVE,10.1723822222,3.4829999999999997
2019-12-02T20:45:52+00:00,15.9,20.0,218.3,ADAPTIVE,10.1762041667,3.488
2019-12-02T20:45:53+00:00,15.9,20.0,218.3,ADAPTIVE,10.1762041667,3.488
2019-12-02T20:45:54+00:00,16.0,20.0,218.5,ADAPTIVE,10.1800125,3.5229999999999997
2019-12-02T20:45:58+00:00,15.8,20.0,218.4,ADAPTIVE,10.183817777799998,3.472
2019-12-02T20:46:02+00:00,15.9,20.0,217.9,ADAPTIVE,10.1876369444,3.508
2019-12-02T20:46:06+00:00,15.9,20.0,217.9,ADAPTIVE,10.191443611099999,3.4939999999999998
2019-12-02T20:46:10+00:00,15.8,20.0,218.5,ADAPTIVE,10.1952625,3.489
2019-12-02T20:46:14+00:00,15.8,20.0,218.4,ADAPTIVE,10.1990688889,3.481
2019-12-02T20:46:17+00:00,15.9,20.0,218.1,ADAPTIVE,10.2028758333,3.493
2019-12-02T20:46:22+00:00,15.9,20.0,218.5,ADAPTIVE,10.2066983333,3.505
2019-12-02T20:46:26+00:00,15.8,20.0,218.6,ADAPTIVE,10.210503611099998,3.484
2019-12-02T20:46:30+00:00,15.8,20.0,218.8,ADAPTIVE,10.2143275,3.4939999999999998
2019-12-02T20:46:34+00:00,15.8,20.0,218.3,ADAPTIVE,10.2181369444,3.4779999999999998
2019-12-02T20:46:37+00:00,15.9,20.0,218.4,ADAPTIVE,10.2219622222,3.513
2019-12-02T20:46:41+00:00,15.9,20.0,218.7,ADAPTIVE,10.2257733333,3.5
2019-12-02T20:46:46+00:00,15.9,20.0,218.5,ADAPTIVE,10.2295827778,3.504
2019-12-02T20:46:49+00:00,15.9,20.0,218.6,ADAPTIVE,10.2334122222,3.505
2019-12-02T20:46:53+00:00,15.9,20.0,218.2,ADAPTIVE,10.237223888900001,3.4949999999999997
2019-12-02T20:46:59+00:00,15.9,20.0,218.5,ADAPTIVE,10.2410330556,3.4979999999999998
2019-12-02T20:47:01+00:00,15.9,20.0,218.7,ADAPTIVE,10.2448586111,3.5029999999999997
2019-12-02T20:47:05+00:00,15.8,20.0,217.7,ADAPTIVE,10.248664722200001,3.4739999999999998
2019-12-02T20:47:09+00:00,15.9,20.0,218.1,ADAPTIVE,10.2524733333,3.4989999999999997
2019-12-02T20:47:13+00:00,16.0,20.0,218.4,ADAPTIVE,10.256297499999999,3.5189999999999997
2019-12-02T20:47:17+00:00,15.9,20.0,218.3,ADAPTIVE,10.260106666699999,3.51
2019-12-02T20:47:21+00:00,15.9,20.0,218.4,ADAPTIVE,10.2639316667,3.4979999999999998
2019-12-02T20:47:25+00:00,15.9,20.0,218.7,ADAPTIVE,10.2677408333,3.508
2019-12-02T20:47:28+00:00,15.9,20.0,218.5,ADAPTIVE,10.2715494444,3.497
2019-12-02T20:47:33+00:00,15.9,20.0,218.3,ADAPTIVE,10.2753713889,3.5
2019-12-02T20:47:37+00:00,15.8,20.0,217.7,ADAPTIVE,10.2791747222,3.4779999999999998
2019-12-02T20:47:41+00:00,15.9,20.0,218.1,ADAPTIVE,10.282993611099998,3.502
2019-12-02T20:47:44+00:00,15.9,20.0,217.7,ADAPTIVE,10.2867980556,3.4939999999999998
2019-12-02T20:47:50+00:00,15.8,20.0,218.3,ADAPTIVE,10.2906177778,3.4829999999999997
2019-12-02T20:47:52+00:00,16.0,20.0,218.1,ADAPTIVE,10.2944236111,3.5109999999999997
2019-12-02T20:47:58+00:00,15.9,20.0,218.4,ADAPTIVE,10.2982447222,3.4979999999999998
2019-12-02T20:48:00+00:00,15.9,20.0,218.3,ADAPTIVE,10.30205,3.5029999999999997
2019-12-02T20:48:04+00:00,15.9,20.0,218.4,ADAPTIVE,10.305874444399999,3.516
2019-12-02T20:48:08+00:00,15.9,20.0,218.8,ADAPTIVE,10.309685,3.504
2019-12-02T20:48:12+00:00,15.9,20.0,217.5,ADAPTIVE,10.3134905556,3.488
2019-12-02T20:48:16+00:00,15.9,20.0,218.3,ADAPTIVE,10.3173075,3.5109999999999997
2019-12-02T20:48:22+00:00,15.8,20.0,218.1,ADAPTIVE,10.321116944399998,3.4869999999999997
2019-12-02T20:48:24+00:00,15.9,20.0,218.1,ADAPTIVE,10.324939444399998,3.4909999999999997
2019-12-02T20:48:29+00:00,15.9,20.0,218.5,ADAPTIVE,10.328746666699999,3.492
2019-12-02T20:48:32+00:00,15.9,20.0,218.5,ADAPTIVE,10.3325541667,3.5
2019-12-02T20:48:36+00:00,16.0,20.0,218.0,ADAPTIVE,10.336378055600001,3.513
2019-12-02T20:48:39+00:00,15.9,20.0,218.1,ADAPTIVE,10.3401888889,3.5029999999999997
2019-12-02T20:48:43+00:00,15.9,20.0,218.2,ADAPTIVE,10.3439938889,3.4939999999999998
2019-12-02T20:48:47+00:00,15.9,20.0,218.1,ADAPTIVE,10.3478177778,3.508
2019-12-02T20:48:52+00:00,15.8,20.0,218.3,ADAPTIVE,10.351626111099998,3.485
2019-12-02T20:48:57+00:00,15.9,20.0,218.1,ADAPTIVE,10.355451111099999,3.51
2019-12-02T20:48:58+00:00,15.9,20.0,218.1,ADAPTIVE,10.355451111099999,3.51
2019-12-02T20:48:59+00:00,15.9,20.0,218.4,ADAPTIVE,10.359259722200001,3.489
2019-12-02T20:49:03+00:00,15.8,20.0,218.4,ADAPTIVE,10.3630697222,3.485
2019-12-02T20:49:07+00:00,15.9,20.0,219.0,ADAPTIVE,10.366901111099999,3.504
2019-12-02T20:49:11+00:00,15.9,20.0,218.8,ADAPTIVE,10.3707169444,3.5
2019-12-02T20:49:15+00:00,15.8,20.0,218.9,ADAPTIVE,10.3745338889,3.4909999999999997
2019-12-02T20:49:19+00:00,15.9,20.0,218.4,ADAPTIVE,10.378364444399999,3.508
2019-12-02T20:49:23+00:00,15.9,20.0,218.8,ADAPTIVE,10.38218,3.5109999999999997
2019-12-02T20:49:27+00:00,15.8,20.0,218.4,ADAPTIVE,10.3859952778,3.4939999999999998
2019-12-02T20:49:31+00:00,15.9,20.0,218.5,ADAPTIVE,10.3898258333,3.501
2019-12-02T20:49:35+00:00,15.9,20.0,218.9,ADAPTIVE,10.3936402778,3.509
2019-12-02T20:49:39+00:00,15.8,20.0,218.4,ADAPTIVE,10.397469444399999,3.488
2019-12-02T20:49:43+00:00,15.9,20.0,218.4,ADAPTIVE,10.4012805556,3.505
2019-12-02T20:49:46+00:00,15.9,20.0,218.5,ADAPTIVE,10.405095,3.51
2019-12-02T20:49:50+00:00,15.9,20.0,218.7,ADAPTIVE,10.4089241667,3.5
2019-12-02T20:49:56+00:00,15.8,20.0,219.0,ADAPTIVE,10.4127405556,3.493
2019-12-02T20:49:59+00:00,15.9,20.0,219.1,ADAPTIVE,10.416559166699999,3.504
2019-12-02T20:50:02+00:00,15.8,20.0,218.9,ADAPTIVE,10.4203925,3.4949999999999997
2019-12-02T20:50:07+00:00,15.8,20.0,218.5,ADAPTIVE,10.4242072222,3.4939999999999998
2019-12-02T20:50:11+00:00,15.9,20.0,219.0,ADAPTIVE,10.4280394444,3.512
2019-12-02T20:50:14+00:00,15.9,20.0,218.7,ADAPTIVE,10.4318536111,3.5
2019-12-02T20:50:18+00:00,15.8,20.0,217.7,ADAPTIVE,10.4356622222,3.472
2019-12-02T20:50:22+00:00,15.9,20.0,217.8,ADAPTIVE,10.4394741667,3.484
2019-12-02T20:50:26+00:00,15.9,20.0,217.7,ADAPTIVE,10.4432711111,3.497
2019-12-02T20:50:30+00:00,15.8,20.0,217.7,ADAPTIVE,10.4470858333,3.4829999999999997
2019-12-02T20:50:34+00:00,15.9,20.0,217.9,ADAPTIVE,10.4508811111,3.4819999999999998
2019-12-02T20:50:38+00:00,15.9,20.0,217.5,ADAPTIVE,10.4546766667,3.497
2019-12-02T20:50:42+00:00,15.8,20.0,218.5,ADAPTIVE,10.458499722200001,3.4949999999999997
2019-12-02T20:50:50+00:00,15.9,20.0,217.8,ADAPTIVE,10.466146944399998,3.4979999999999998
2019-12-02T20:50:55+00:00,15.9,20.0,218.7,ADAPTIVE,10.4699530556,3.51
2019-12-02T20:50:57+00:00,15.8,20.0,218.9,ADAPTIVE,10.4737830556,3.4989999999999997
2019-12-02T20:51:01+00:00,15.8,20.0,219.0,ADAPTIVE,10.4776005556,3.48
2019-12-02T20:51:08+00:00,15.9,20.0,218.9,ADAPTIVE,10.481418333299999,3.5149999999999997
2019-12-02T20:51:09+00:00,15.9,20.0,219.2,ADAPTIVE,10.4852583333,3.512
2019-12-02T20:51:13+00:00,15.8,20.0,219.0,ADAPTIVE,10.4890833333,3.4939999999999998
2019-12-02T20:51:17+00:00,15.9,20.0,219.1,ADAPTIVE,10.4929213889,3.5269999999999997
2019-12-02T20:51:21+00:00,15.8,20.0,218.8,ADAPTIVE,10.4967413889,3.4949999999999997
2019-12-02T20:51:25+00:00,15.8,20.0,218.5,ADAPTIVE,10.500572499999999,3.492
2019-12-02T20:51:29+00:00,15.9,20.0,219.0,ADAPTIVE,10.5043841667,3.505
2019-12-02T20:51:34+00:00,15.8,20.0,219.1,ADAPTIVE,10.5082161111,3.4989999999999997
2019-12-02T20:51:39+00:00,16.0,20.0,218.9,ADAPTIVE,10.5120380556,3.53
2019-12-02T20:51:43+00:00,15.9,20.0,219.1,ADAPTIVE,10.5158763889,3.508
2019-12-02T20:51:45+00:00,15.9,20.0,219.1,ADAPTIVE,10.5197013889,3.5109999999999997
2019-12-02T20:51:49+00:00,16.0,20.0,219.1,ADAPTIVE,10.523521944399999,3.532
2019-12-02T20:51:53+00:00,15.8,20.0,219.3,ADAPTIVE,10.527362777799999,3.5029999999999997
2019-12-02T20:51:57+00:00,15.9,20.0,218.6,ADAPTIVE,10.5311841667,3.4989999999999997
2019-12-02T20:52:05+00:00,15.9,20.0,218.4,ADAPTIVE,10.538817777799999,3.51
2019-12-02T20:52:09+00:00,15.9,20.0,218.4,ADAPTIVE,10.5426430556,3.512
2019-12-02T20:52:12+00:00,15.9,20.0,218.2,ADAPTIVE,10.5464525,3.5109999999999997
2019-12-02T20:52:16+00:00,15.9,20.0,218.9,ADAPTIVE,10.5502644444,3.505
2019-12-02T20:52:20+00:00,15.8,20.0,219.4,ADAPTIVE,10.554107499999999,3.4869999999999997
2019-12-02T20:52:24+00:00,15.9,20.0,219.2,ADAPTIVE,10.5579355556,3.5229999999999997
2019-12-02T20:52:28+00:00,15.8,20.0,219.4,ADAPTIVE,10.5617827778,3.4949999999999997
2019-12-02T20:52:32+00:00,15.9,20.0,219.4,ADAPTIVE,10.5656102778,3.509
2019-12-02T20:52:37+00:00,15.9,20.0,219.2,ADAPTIVE,10.5694363889,3.513
2019-12-02T20:52:41+00:00,15.9,20.0,218.9,ADAPTIVE,10.5732772222,3.508
2019-12-02T20:52:44+00:00,15.9,20.0,219.1,ADAPTIVE,10.5771,3.5269999999999997
2019-12-02T20:52:48+00:00,15.9,20.0,219.1,ADAPTIVE,10.5809405556,3.522
2019-12-02T20:52:49+00:00,15.9,20.0,219.1,ADAPTIVE,10.5809405556,3.522
2019-12-02T20:52:51+00:00,15.9,20.0,219.1,ADAPTIVE,10.5809405556,3.522
2019-12-02T20:52:52+00:00,15.8,20.0,218.7,ADAPTIVE,10.584765833299999,3.497
2019-12-02T20:52:56+00:00,16.0,20.0,218.7,ADAPTIVE,10.5885897222,3.529
2019-12-02T20:53:00+00:00,15.9,20.0,218.7,ADAPTIVE,10.592424999999999,3.513
2019-12-02T20:53:05+00:00,15.8,20.0,218.9,ADAPTIVE,10.596245,3.502
2019-12-02T20:53:09+00:00,15.9,20.0,218.6,ADAPTIVE,10.600080277799998,3.52
2019-12-02T20:53:11+00:00,15.8,20.0,218.8,ADAPTIVE,10.603900833299999,3.4979999999999998
2019-12-02T20:53:16+00:00,15.9,20.0,218.9,ADAPTIVE,10.607721111099998,3.512
2019-12-02T20:53:20+00:00,16.0,20.0,218.8,ADAPTIVE,10.611559999999999,3.517
2019-12-02T20:53:23+00:00,15.9,20.0,218.9,ADAPTIVE,10.6153797222,3.5069999999999997
2019-12-02T20:53:27+00:00,15.9,20.0,218.6,ADAPTIVE,10.6192127778,3.4979999999999998
2019-12-02T20:53:31+00:00,15.9,20.0,219.4,ADAPTIVE,10.6230311111,3.51
2019-12-02T20:53:35+00:00,15.9,20.0,218.9,ADAPTIVE,10.6268663889,3.4979999999999998
2019-12-02T20:53:40+00:00,16.0,20.0,218.1,ADAPTIVE,10.6306830556,3.514
2019-12-02T20:53:43+00:00,15.9,20.0,218.1,ADAPTIVE,10.6345116667,3.5069999999999997
2019-12-02T20:53:45+00:00,15.9,20.0,218.1,ADAPTIVE,10.6345116667,3.5069999999999997
2019-12-02T20:53:49+00:00,15.9,20.0,218.7,ADAPTIVE,10.6383261111,3.5109999999999997
2019-12-02T20:53:51+00:00,15.8,20.0,219.0,ADAPTIVE,10.642159999999999,3.4909999999999997
2019-12-02T20:53:57+00:00,15.8,20.0,218.5,ADAPTIVE,10.645977499999999,3.492
2019-12-02T20:53:59+00:00,15.9,20.0,219.3,ADAPTIVE,10.649797777799998,3.508
2019-12-02T20:54:03+00:00,15.9,20.0,219.1,ADAPTIVE,10.653636944399999,3.506
2019-12-02T20:54:07+00:00,15.9,20.0,219.1,ADAPTIVE,10.6574608333,3.5029999999999997
2019-12-02T20:54:12+00:00,15.8,20.0,219.0,ADAPTIVE,10.6612986111,3.4989999999999997
2019-12-02T20:54:15+00:00,15.9,20.0,218.6,ADAPTIVE,10.6651216667,3.5149999999999997
2019-12-02T20:54:19+00:00,15.8,20.0,219.0,ADAPTIVE,10.6689430556,3.501
2019-12-02T20:54:23+00:00,15.9,20.0,219.5,ADAPTIVE,10.672782777799998,3.508
2019-12-02T20:54:26+00:00,15.9,20.0,219.5,ADAPTIVE,10.672782777799998,3.508
2019-12-02T20:54:38+00:00,15.9,20.0,219.6,ADAPTIVE,10.688126111099999,3.52
2019-12-02T20:54:42+00:00,15.8,20.0,219.6,ADAPTIVE,10.6919561111,3.5069999999999997
2019-12-02T20:54:46+00:00,15.9,20.0,219.3,ADAPTIVE,10.6958011111,3.5269999999999997
2019-12-02T20:54:51+00:00,15.9,20.0,219.7,ADAPTIVE,10.699630833299999,3.514
2019-12-02T20:54:54+00:00,15.9,20.0,219.8,ADAPTIVE,10.7034786111,3.53
2019-12-02T20:54:56+00:00,15.9,20.0,219.8,ADAPTIVE,10.7034786111,3.53
2019-12-02T20:54:58+00:00,15.9,20.0,219.8,ADAPTIVE,10.707309444399998,3.52
2019-12-02T20:55:02+00:00,15.9,20.0,219.7,ADAPTIVE,10.71116,3.518
2019-12-02T20:55:06+00:00,16.0,20.0,219.5,ADAPTIVE,10.7149947222,3.54
2019-12-02T20:55:10+00:00,15.9,20.0,219.9,ADAPTIVE,10.718845,3.524
2019-12-02T20:55:14+00:00,15.9,20.0,219.5,ADAPTIVE,10.722681111099998,3.513
2019-12-02T20:55:15+00:00,15.9,20.0,219.5,ADAPTIVE,10.722681111099998,3.513
2019-12-02T20:55:18+00:00,15.9,20.0,219.7,ADAPTIVE,10.726531111099998,3.5229999999999997
2019-12-02T20:55:22+00:00,15.9,20.0,219.4,ADAPTIVE,10.7303655556,3.526
2019-12-02T20:55:25+00:00,15.9,20.0,219.8,ADAPTIVE,10.7342172222,3.5269999999999997
2019-12-02T20:55:29+00:00,16.0,20.0,220.0,ADAPTIVE,10.7380536111,3.54
2019-12-02T20:55:31+00:00,16.0,20.0,220.0,ADAPTIVE,10.7380536111,3.54
2019-12-02T20:55:35+00:00,15.8,20.0,219.9,ADAPTIVE,10.741909999999999,3.5149999999999997
2019-12-02T20:55:37+00:00,15.9,20.0,219.9,ADAPTIVE,10.74575,3.516
2019-12-02T20:55:42+00:00,15.8,20.0,220.1,ADAPTIVE,10.749602777799998,3.5109999999999997
2019-12-02T20:55:45+00:00,15.9,20.0,220.1,ADAPTIVE,10.7534388889,3.516
2019-12-02T20:55:49+00:00,16.0,20.0,220.4,ADAPTIVE,10.757314166699999,3.561
2019-12-02T20:55:53+00:00,16.0,20.0,220.6,ADAPTIVE,10.761191111099999,3.561
2019-12-02T20:55:57+00:00,16.0,20.0,219.7,ADAPTIVE,10.7650747222,3.55
2019-12-02T20:56:02+00:00,15.9,20.0,219.7,ADAPTIVE,10.7689325,3.5349999999999997
2019-12-02T20:56:05+00:00,16.0,20.0,219.5,ADAPTIVE,10.7728061111,3.54
2019-12-02T20:56:09+00:00,15.9,20.0,219.6,ADAPTIVE,10.7766772222,3.528
2019-12-02T20:56:13+00:00,16.0,20.0,219.8,ADAPTIVE,10.7805327778,3.538
2019-12-02T20:56:17+00:00,16.0,20.0,220.4,ADAPTIVE,10.7844091667,3.553
2019-12-02T20:56:25+00:00,16.0,20.0,220.0,ADAPTIVE,10.792156111099999,3.5469999999999997
2019-12-02T20:56:32+00:00,16.0,20.0,220.0,ADAPTIVE,10.79602,3.553
2019-12-02T20:56:33+00:00,16.0,20.0,220.2,ADAPTIVE,10.799899722200001,3.561
2019-12-02T20:56:41+00:00,16.0,20.0,220.0,ADAPTIVE,10.807642777799998,3.545
2019-12-02T20:56:58+00:00,15.8,20.0,220.3,ADAPTIVE,10.8213547222,3.4949999999999997
2019-12-02T20:57:16+00:00,16.0,20.0,219.4,ADAPTIVE,10.8329847222,3.5429999999999997
2019-12-02T20:57:20+00:00,16.0,20.0,219.5,ADAPTIVE,10.840707499999999,3.537
2019-12-02T20:57:25+00:00,16.0,20.0,219.6,ADAPTIVE,10.8484322222,3.548
2019-12-02T20:58:21+00:00,16.0,20.0,219.8,ADAPTIVE,10.8836625,3.538
2019-12-02T20:58:26+00:00,16.0,20.0,219.2,ADAPTIVE,10.8913947222,3.5389999999999997
2019-12-02T20:58:50+00:00,15.9,20.0,219.8,ADAPTIVE,10.914571944399999,3.542
2019-12-02T20:59:19+00:00,15.9,20.0,220.1,ADAPTIVE,10.9416852778,3.541
2019-12-02T20:59:20+00:00,15.9,20.0,220.1,ADAPTIVE,10.9416852778,3.541
2019-12-02T20:59:51+00:00,16.0,20.0,218.9,ADAPTIVE,10.9726163889,3.53
2019-12-02T21:00:14+00:00,16.0,18.0,219.5,ADAPTIVE,10.9879780556,3.536
2019-12-02T21:00:33+00:00,16.0,18.0,219.9,ADAPTIVE,11.0073025,3.553
2019-12-02T21:00:57+00:00,16.0,20.0,219.6,ADAPTIVE,11.030493611099999,3.537
2019-12-02T21:01:50+00:00,16.0,19.0,220.8,ADAPTIVE,11.0809994444,3.564
2019-12-02T21:02:13+00:00,16.0,19.0,220.6,ADAPTIVE,11.1081477778,3.558
2019-12-02T21:02:23+00:00,16.0,19.0,220.6,ADAPTIVE,11.1198002778,3.557
2019-12-02T21:02:27+00:00,16.0,19.0,220.7,ADAPTIVE,11.1236747222,3.561
2019-12-02T21:02:32+00:00,16.0,19.0,220.4,ADAPTIVE,11.1275475,3.558
2019-12-02T21:02:35+00:00,16.0,19.0,220.7,ADAPTIVE,11.131436388900001,3.564
2019-12-02T21:02:39+00:00,16.0,19.0,220.6,ADAPTIVE,11.1353097222,3.5629999999999997
2019-12-02T21:02:43+00:00,15.9,20.0,220.6,ADAPTIVE,11.139182777799999,3.5469999999999997
2019-12-02T21:02:47+00:00,16.0,20.0,220.7,ADAPTIVE,11.143072499999999,3.56
2019-12-02T21:02:51+00:00,16.0,20.0,220.4,ADAPTIVE,11.1469436111,3.558
2019-12-02T21:02:55+00:00,16.0,20.0,220.8,ADAPTIVE,11.150821666699999,3.554
2019-12-02T21:02:59+00:00,16.1,20.0,221.0,ADAPTIVE,11.1547205556,3.581
2019-12-02T21:03:02+00:00,16.0,20.0,220.9,ADAPTIVE,11.158591111099998,3.566
2019-12-02T21:03:06+00:00,15.9,20.0,221.0,ADAPTIVE,11.162476111099998,3.553
2019-12-02T21:03:11+00:00,15.9,20.0,219.8,ADAPTIVE,11.1663525,3.5269999999999997
2019-12-02T21:03:14+00:00,15.8,20.0,219.4,ADAPTIVE,11.1701816667,3.51
2019-12-02T21:03:20+00:00,15.8,20.0,219.8,ADAPTIVE,11.174021111099998,3.496
2019-12-02T21:03:22+00:00,15.9,20.0,219.9,ADAPTIVE,11.1778438889,3.522
2019-12-02T21:03:26+00:00,15.7,20.0,220.2,ADAPTIVE,11.1816663889,3.496
2019-12-02T21:03:30+00:00,15.8,20.0,219.8,ADAPTIVE,11.185502777799998,3.506
2019-12-02T21:03:36+00:00,15.9,20.0,219.9,ADAPTIVE,11.189324444399999,3.517
2019-12-02T21:03:39+00:00,15.9,20.0,219.7,ADAPTIVE,11.1931447222,3.5109999999999997
2019-12-02T21:03:40+00:00,15.9,20.0,219.7,ADAPTIVE,11.1931447222,3.5109999999999997
2019-12-02T21:03:42+00:00,15.9,20.0,220.0,ADAPTIVE,11.1969813889,3.5149999999999997
2019-12-02T21:03:46+00:00,15.9,20.0,220.0,ADAPTIVE,11.2008066667,3.522
2019-12-02T21:03:50+00:00,15.8,20.0,220.0,ADAPTIVE,11.2046316667,3.51
2019-12-02T21:03:54+00:00,15.8,20.0,219.9,ADAPTIVE,11.208472777799999,3.512
2019-12-02T21:03:58+00:00,15.8,20.0,220.3,ADAPTIVE,11.2122952778,3.4909999999999997
2019-12-02T21:04:02+00:00,15.9,20.0,220.2,ADAPTIVE,11.2161230556,3.53
2019-12-02T21:04:06+00:00,15.9,20.0,220.2,ADAPTIVE,11.219965277799998,3.526
2019-12-02T21:04:13+00:00,15.9,20.0,220.2,ADAPTIVE,11.2237944444,3.5229999999999997
2019-12-02T21:04:16+00:00,15.8,20.0,220.2,ADAPTIVE,11.2276247222,3.521
2019-12-02T21:04:18+00:00,15.8,20.0,220.2,ADAPTIVE,11.2314688889,3.5
2019-12-02T21:04:22+00:00,15.8,20.0,220.2,ADAPTIVE,11.2352966667,3.506
2019-12-02T21:04:27+00:00,15.8,20.0,220.2,ADAPTIVE,11.239122499999999,3.5109999999999997
2019-12-02T21:04:29+00:00,15.8,20.0,219.7,ADAPTIVE,11.242962499999999,3.493
2019-12-02T21:04:33+00:00,15.9,20.0,219.8,ADAPTIVE,11.246785833299999,3.512
2019-12-02T21:04:37+00:00,15.8,20.0,219.7,ADAPTIVE,11.250605277799998,3.4989999999999997
2019-12-02T21:04:41+00:00,15.8,20.0,219.6,ADAPTIVE,11.254444166699999,3.508
2019-12-02T21:04:45+00:00,15.8,20.0,219.7,ADAPTIVE,11.258267777799999,3.517
2019-12-02T21:04:49+00:00,15.8,20.0,220.0,ADAPTIVE,11.2620958333,3.52
2019-12-02T21:04:53+00:00,15.8,20.0,220.1,ADAPTIVE,11.2659422222,3.5029999999999997
2019-12-02T21:04:58+00:00,15.8,20.0,220.1,ADAPTIVE,11.2697688889,3.5
2019-12-02T21:05:02+00:00,15.8,20.0,220.3,ADAPTIVE,11.273596111099998,3.5
2019-12-02T21:05:05+00:00,15.9,20.0,219.6,ADAPTIVE,11.2774388889,3.512
2019-12-02T21:05:09+00:00,15.8,20.0,219.9,ADAPTIVE,11.2812572222,3.5029999999999997
2019-12-02T21:05:12+00:00,15.8,20.0,219.8,ADAPTIVE,11.285095,3.514
2019-12-02T21:05:16+00:00,15.8,20.0,219.8,ADAPTIVE,11.288920277799999,3.509
2019-12-02T21:05:20+00:00,15.9,20.0,220.0,ADAPTIVE,11.2927594444,3.532
2019-12-02T21:05:24+00:00,15.8,20.0,219.8,ADAPTIVE,11.2965866667,3.5109999999999997
2019-12-02T21:05:28+00:00,15.8,20.0,220.0,ADAPTIVE,11.3004130556,3.51
2019-12-02T21:05:32+00:00,15.8,8.0,218.8,ADAPTIVE,11.304251666699999,3.484
2019-12-02T21:05:36+00:00,8.1,8.0,220.4,ADAPTIVE,11.306516111099999,1.805
2019-12-02T21:05:40+00:00,8.2,8.0,220.2,ADAPTIVE,11.3084888889,1.8079999999999998
2019-12-02T21:05:44+00:00,8.1,8.0,220.7,ADAPTIVE,11.3104677778,1.801
2019-12-02T21:05:48+00:00,8.2,8.0,221.0,ADAPTIVE,11.312441111099998,1.8159999999999998
2019-12-02T21:05:52+00:00,12.4,20.0,220.3,ADAPTIVE,11.314830277799999,2.758
2019-12-02T21:05:56+00:00,15.8,20.0,220.0,ADAPTIVE,11.3183875,3.513
2019-12-02T21:06:00+00:00,15.9,20.0,219.9,ADAPTIVE,11.3222155556,3.513
2019-12-02T21:06:04+00:00,15.9,20.0,220.0,ADAPTIVE,11.3260575,3.52
2019-12-02T21:06:08+00:00,15.8,20.0,219.8,ADAPTIVE,11.329881666699999,3.5
2019-12-02T21:06:12+00:00,15.9,20.0,219.4,ADAPTIVE,11.3337058333,3.512
2019-12-02T21:06:16+00:00,15.8,20.0,219.7,ADAPTIVE,11.3375488889,3.508
2019-12-02T21:06:20+00:00,15.9,20.0,219.2,ADAPTIVE,11.341373611099998,3.529
2019-12-02T21:06:25+00:00,15.8,20.0,219.4,ADAPTIVE,11.345211944399999,3.496
2019-12-02T21:06:29+00:00,15.8,20.0,219.6,ADAPTIVE,11.3490355556,3.4979999999999998
2019-12-02T21:06:32+00:00,15.9,20.0,219.4,ADAPTIVE,11.3528597222,3.526
2019-12-02T21:06:37+00:00,15.8,20.0,220.0,ADAPTIVE,11.3567008333,3.496
2019-12-02T21:06:39+00:00,15.8,20.0,219.7,ADAPTIVE,11.3605266667,3.512
2019-12-02T21:06:43+00:00,15.9,20.0,219.5,ADAPTIVE,11.3643522222,3.5149999999999997
2019-12-02T21:06:47+00:00,15.9,20.0,220.0,ADAPTIVE,11.368197222200001,3.5229999999999997
2019-12-02T21:06:51+00:00,15.9,20.0,219.8,ADAPTIVE,11.3720258333,3.5229999999999997
2019-12-02T21:06:55+00:00,15.9,20.0,220.0,ADAPTIVE,11.3758505556,3.514
2019-12-02T21:06:59+00:00,15.9,20.0,219.4,ADAPTIVE,11.379693611099999,3.518
2019-12-02T21:07:04+00:00,15.8,20.0,219.8,ADAPTIVE,11.383521111099999,3.505
2019-12-02T21:07:07+00:00,15.8,20.0,220.1,ADAPTIVE,11.387365833299999,3.5109999999999997
2019-12-02T21:07:11+00:00,15.9,20.0,220.0,ADAPTIVE,11.391195,3.521
2019-12-02T21:07:15+00:00,15.9,20.0,220.1,ADAPTIVE,11.3950397222,3.52
2019-12-02T21:07:19+00:00,15.9,20.0,218.9,ADAPTIVE,11.3988594444,3.508
2019-12-02T21:07:23+00:00,15.9,20.0,218.9,ADAPTIVE,11.4026733333,3.514
2019-12-02T21:07:27+00:00,15.8,20.0,218.6,ADAPTIVE,11.406501666699999,3.4869999999999997
2019-12-02T21:07:31+00:00,15.9,20.0,218.4,ADAPTIVE,11.4103138889,3.501
2019-12-02T21:07:34+00:00,15.6,20.0,218.7,ADAPTIVE,11.4141144444,3.456
2019-12-02T21:07:38+00:00,14.9,20.0,219.8,ADAPTIVE,11.417838611099999,3.31
2019-12-02T21:07:42+00:00,14.7,19.0,219.5,ADAPTIVE,11.4214280556,3.2689999999999997
2019-12-02T21:07:46+00:00,14.6,19.0,219.9,ADAPTIVE,11.4249680556,3.243
2019-12-02T21:07:50+00:00,14.7,19.0,219.5,ADAPTIVE,11.4285216667,3.258
2019-12-02T21:07:56+00:00,14.0,19.0,219.3,ADAPTIVE,11.431991111099999,3.086
2019-12-02T21:07:59+00:00,13.7,20.0,219.5,ADAPTIVE,11.4353338889,3.016
2019-12-02T21:08:02+00:00,13.9,20.0,219.2,ADAPTIVE,11.438643611099998,3.078
2019-12-02T21:08:07+00:00,13.7,20.0,219.0,ADAPTIVE,11.4419730556,3.0269999999999997
2019-12-02T21:08:11+00:00,13.4,20.0,219.7,ADAPTIVE,11.4452308333,2.9659999999999997
2019-12-02T21:08:14+00:00,13.0,20.0,218.8,ADAPTIVE,11.4484047222,2.876
2019-12-02T21:08:18+00:00,13.0,20.0,219.2,ADAPTIVE,11.4515330556,2.863
2019-12-02T21:08:22+00:00,13.2,20.0,218.5,ADAPTIVE,11.4546622222,2.899
2019-12-02T21:08:26+00:00,13.0,20.0,219.3,ADAPTIVE,11.457831944399999,2.864
2019-12-02T21:08:30+00:00,12.5,20.0,218.8,ADAPTIVE,11.4609191667,2.7649999999999997
2019-12-02T21:08:33+00:00,12.4,20.0,219.0,ADAPTIVE,11.4639127778,2.734
2019-12-02T21:08:38+00:00,11.9,20.0,219.8,ADAPTIVE,11.4668452778,2.6359999999999997
2019-12-02T21:08:42+00:00,12.2,20.0,219.6,ADAPTIVE,11.469733611099999,2.705
2019-12-02T21:08:46+00:00,11.9,20.0,219.6,ADAPTIVE,11.4726247222,2.635
2019-12-02T21:08:49+00:00,12.1,20.0,219.6,ADAPTIVE,11.475516666699999,2.6799999999999997
2019-12-02T21:08:53+00:00,12.1,19.0,219.4,ADAPTIVE,11.4784425,2.666
2019-12-02T21:08:57+00:00,12.1,19.0,219.7,ADAPTIVE,11.481381666699999,2.681
2019-12-02T21:09:01+00:00,11.9,19.0,219.3,ADAPTIVE,11.484265277799999,2.639
2019-12-02T21:09:05+00:00,11.3,20.0,219.9,ADAPTIVE,11.4870755556,2.514
2019-12-02T21:09:09+00:00,11.3,20.0,220.0,ADAPTIVE,11.4898261111,2.5029999999999997
2019-12-02T21:09:13+00:00,11.3,20.0,219.6,ADAPTIVE,11.4925688889,2.501
2019-12-02T21:09:18+00:00,11.4,20.0,219.4,ADAPTIVE,11.4953047222,2.512
2019-12-02T21:09:21+00:00,10.9,20.0,219.4,ADAPTIVE,11.4980022222,2.4139999999999997
2019-12-02T21:09:25+00:00,11.0,20.0,219.5,ADAPTIVE,11.5006469444,2.433
2019-12-02T21:09:29+00:00,11.2,20.0,219.5,ADAPTIVE,11.503310277799999,2.4779999999999998
2019-12-02T21:09:33+00:00,11.2,20.0,219.5,ADAPTIVE,11.506015,2.472
2019-12-02T21:09:38+00:00,10.9,20.0,219.6,ADAPTIVE,11.5086777778,2.415
2019-12-02T21:09:41+00:00,10.7,20.0,219.6,ADAPTIVE,11.5113,2.366
2019-12-02T21:09:44+00:00,10.6,20.0,219.8,ADAPTIVE,11.5138730556,2.3449999999999998
2019-12-02T21:09:46+00:00,10.6,20.0,219.8,ADAPTIVE,11.5138730556,2.3449999999999998
2019-12-02T21:09:48+00:00,10.5,20.0,219.7,ADAPTIVE,11.516432777799999,2.3329999999999997
2019-12-02T21:09:54+00:00,10.5,20.0,219.2,ADAPTIVE,11.5190047222,2.327
2019-12-02T21:09:56+00:00,10.5,20.0,220.0,ADAPTIVE,11.5215530556,2.323
2019-12-02T21:10:00+00:00,10.6,20.0,219.7,ADAPTIVE,11.5241105556,2.352
2019-12-02T21:10:04+00:00,10.3,20.0,219.7,ADAPTIVE,11.526634999999999,2.2849999999999997
2019-12-02T21:10:08+00:00,10.1,20.0,219.2,ADAPTIVE,11.5291183333,2.2359999999999998
2019-12-02T21:10:13+00:00,9.7,20.0,219.3,ADAPTIVE,11.5314994444,2.155
2019-12-02T21:10:18+00:00,9.6,20.0,218.9,ADAPTIVE,11.5338177778,2.109
2019-12-02T21:10:20+00:00,9.7,20.0,219.1,ADAPTIVE,11.536161111099998,2.147
2019-12-02T21:10:24+00:00,9.9,20.0,217.8,ADAPTIVE,11.5385255556,2.175
2019-12-02T21:10:28+00:00,10.0,20.0,217.8,ADAPTIVE,11.540914166699999,2.205
2019-12-02T21:10:32+00:00,9.8,20.0,218.0,ADAPTIVE,11.5433047222,2.158
2019-12-02T21:10:36+00:00,9.7,20.0,218.0,ADAPTIVE,11.5456488889,2.143
2019-12-02T21:10:40+00:00,9.5,20.0,218.1,ADAPTIVE,11.5479561111,2.0949999999999998
2019-12-02T21:10:44+00:00,9.3,20.0,218.6,ADAPTIVE,11.5502372222,2.0509999999999997
2019-12-02T21:10:48+00:00,9.3,20.0,219.3,ADAPTIVE,11.5524925,2.0549999999999997
2019-12-02T21:10:52+00:00,9.3,20.0,219.3,ADAPTIVE,11.5547391667,2.0629999999999997
2019-12-02T21:10:56+00:00,9.4,20.0,218.8,ADAPTIVE,11.5569938889,2.069
2019-12-02T21:10:59+00:00,9.2,20.0,218.6,ADAPTIVE,11.559191666699999,2.024
2019-12-02T21:11:03+00:00,9.1,20.0,218.9,ADAPTIVE,11.5613833333,2.004
2019-12-02T21:11:07+00:00,8.8,20.0,219.0,ADAPTIVE,11.5635791667,1.9509999999999998
2019-12-02T21:11:15+00:00,8.7,20.0,218.9,ADAPTIVE,11.5657186111,1.9189999999999998
2019-12-02T21:11:17+00:00,8.5,20.0,219.2,ADAPTIVE,11.567826111099999,1.879
2019-12-02T21:11:20+00:00,8.4,20.0,219.5,ADAPTIVE,11.5698833333,1.849
2019-12-02T21:11:23+00:00,8.4,20.0,219.5,ADAPTIVE,11.571898611099998,1.863
2019-12-02T21:11:28+00:00,8.1,20.0,219.0,ADAPTIVE,11.5739091667,1.797
2019-12-02T21:11:32+00:00,8.2,20.0,219.6,ADAPTIVE,11.5758986111,1.811
2019-12-02T21:11:35+00:00,8.1,20.0,218.9,ADAPTIVE,11.5778722222,1.7999999999999998
2019-12-02T21:11:39+00:00,8.1,20.0,219.0,ADAPTIVE,11.579837777799998,1.7939999999999998
2019-12-02T21:11:43+00:00,8.2,20.0,219.1,ADAPTIVE,11.581809999999999,1.817
2019-12-02T21:11:47+00:00,8.1,20.0,219.0,ADAPTIVE,11.5837930556,1.7959999999999998
2019-12-02T21:11:51+00:00,8.2,20.0,219.2,ADAPTIVE,11.5857655556,1.8159999999999998
2019-12-02T21:11:55+00:00,7.9,20.0,219.3,ADAPTIVE,11.5877236111,1.7389999999999999
2019-12-02T21:11:59+00:00,8.1,20.0,219.3,ADAPTIVE,11.589667777799999,1.785
2019-12-02T21:12:02+00:00,7.9,20.0,219.2,ADAPTIVE,11.5915919444,1.7449999999999999
2019-12-02T21:12:07+00:00,8.0,20.0,219.7,ADAPTIVE,11.593499999999999,1.767
2019-12-02T21:12:11+00:00,7.9,20.0,219.4,ADAPTIVE,11.595417777799998,1.756
2019-12-02T21:12:15+00:00,8.0,20.0,219.3,ADAPTIVE,11.5973261111,1.76
2019-12-02T21:12:18+00:00,7.9,20.0,219.6,ADAPTIVE,11.5992430556,1.7409999999999999
2019-12-02T21:12:22+00:00,7.9,20.0,219.2,ADAPTIVE,11.601150277799999,1.746
2019-12-02T21:12:27+00:00,7.8,20.0,219.2,ADAPTIVE,11.603087777799999,1.738
2019-12-02T21:12:32+00:00,7.9,20.0,219.6,ADAPTIVE,11.604996111099998,1.753
2019-12-02T21:12:34+00:00,7.8,20.0,219.5,ADAPTIVE,11.6069047222,1.7229999999999999
2019-12-02T21:12:38+00:00,7.8,20.0,219.5,ADAPTIVE,11.6087716667,1.724
2019-12-02T21:12:42+00:00,7.7,19.0,219.2,ADAPTIVE,11.610639444399999,1.7009999999999998
2019-12-02T21:12:46+00:00,7.6,19.0,219.4,ADAPTIVE,11.6124805556,1.6789999999999998
2019-12-02T21:12:51+00:00,7.4,20.0,219.6,ADAPTIVE,11.6142772222,1.634
2019-12-02T21:12:54+00:00,7.3,20.0,219.0,ADAPTIVE,11.616040277799998,1.603
2019-12-02T21:12:58+00:00,6.9,20.0,219.6,ADAPTIVE,11.617749722200001,1.531
2019-12-02T21:13:01+00:00,7.1,20.0,219.4,ADAPTIVE,11.6194341667,1.569
2019-12-02T21:13:05+00:00,7.3,20.0,219.5,ADAPTIVE,11.6211747222,1.605
2019-12-02T21:13:10+00:00,7.1,20.0,219.6,ADAPTIVE,11.6229072222,1.5739999999999998
2019-12-02T21:13:13+00:00,7.2,20.0,219.5,ADAPTIVE,11.6246447222,1.579
2019-12-02T21:13:21+00:00,6.9,20.0,219.6,ADAPTIVE,11.6263563889,1.532
2019-12-02T21:13:22+00:00,6.8,20.0,219.5,ADAPTIVE,11.6280369444,1.498
2019-12-02T21:13:26+00:00,6.7,20.0,219.6,ADAPTIVE,11.6296647222,1.4869999999999999
2019-12-02T21:13:32+00:00,6.9,20.0,219.5,ADAPTIVE,11.6313130556,1.536
2019-12-02T21:13:33+00:00,7.0,20.0,219.1,ADAPTIVE,11.632996111099999,1.542
2019-12-02T21:13:40+00:00,7.0,20.0,219.5,ADAPTIVE,11.6346822222,1.54
2019-12-02T21:13:41+00:00,6.9,20.0,219.5,ADAPTIVE,11.636366666699999,1.535
2019-12-02T21:13:45+00:00,7.0,20.0,219.3,ADAPTIVE,11.6380491667,1.549
2019-12-02T21:13:49+00:00,6.7,20.0,219.3,ADAPTIVE,11.639690277799998,1.4769999999999999
2019-12-02T21:13:56+00:00,6.8,20.0,219.4,ADAPTIVE,11.6413166667,1.508
2019-12-02T21:13:58+00:00,6.6,19.0,219.1,ADAPTIVE,11.6429391667,1.448
2019-12-02T21:14:01+00:00,6.5,19.0,219.4,ADAPTIVE,11.644519444399998,1.444
2019-12-02T21:14:05+00:00,6.6,19.0,219.5,ADAPTIVE,11.6461055556,1.4589999999999999
2019-12-02T21:14:09+00:00,6.5,19.0,219.5,ADAPTIVE,11.647687777799998,1.4409999999999998
2019-12-02T21:14:12+00:00,6.5,19.0,219.5,ADAPTIVE,11.647687777799998,1.4409999999999998
2019-12-02T21:14:13+00:00,6.5,19.0,219.8,ADAPTIVE,11.6492763889,1.425
2019-12-02T21:14:17+00:00,6.4,19.0,219.5,ADAPTIVE,11.6508152778,1.41
2019-12-02T21:14:24+00:00,6.4,19.0,219.3,ADAPTIVE,11.652353333299999,1.407
2019-12-02T21:14:26+00:00,6.2,19.0,219.7,ADAPTIVE,11.653866388900001,1.3619999999999999
2019-12-02T21:14:29+00:00,6.2,19.0,219.7,ADAPTIVE,11.6553513889,1.369
2019-12-02T21:14:32+00:00,6.2,19.0,219.8,ADAPTIVE,11.6568463889,1.365
2019-12-02T21:14:36+00:00,0.0,19.0,220.5,NOT CHARGING,11.657711944399999,0.0
2019-12-02T21:14:40+00:00,0.0,19.0,220.3,NOT CHARGING,11.657711944399999,0.0
2019-12-02T21:14:44+00:00,0.0,19.0,220.4,NOT CHARGING,11.657711944399999,0.0
2019-12-02T21:14:48+00:00,0.0,19.0,220.8,NOT CHARGING,11.657711944399999,0.0
2019-12-02T21:14:52+00:00,0.0,19.0,220.6,NOT CHARGING,11.657711944399999,0.0
2019-12-02T21:14:56+00:00,0.0,19.0,220.6,NOT CHARGING,11.657711944399999,0.0
2019-12-02T21:15:00+00:00,0.0,19.0,220.9,NOT CHARGING,11.657711944399999,0.0
2019-12-02T21:15:04+00:00,0.0,19.0,220.7,NOT CHARGING,11.657711944399999,0.0
2019-12-02T21:15:08+00:00,0.0,19.0,220.5,NOT CHARGING,11.657711944399999,0.0
2019-12-02T21:15:12+00:00,0.0,19.0,220.8,NOT CHARGING,11.657711944399999,0.0
2019-12-02T21:15:16+00:00,0.0,19.0,220.7,NOT CHARGING,11.657711944399999,0.0
2019-12-02T21:15:21+00:00,0.0,19.0,220.4,NOT CHARGING,11.657711944399999,0.0
2019-12-02T21:15:24+00:00,0.0,19.0,219.9,NOT CHARGING,11.657711944399999,0.0
2019-12-02T21:15:28+00:00,0.0,19.0,219.6,NOT CHARGING,11.657711944399999,0.0
2019-12-02T21:15:32+00:00,0.0,19.0,219.5,NOT CHARGING,11.657711944399999,0.0
2019-12-02T21:15:35+00:00,0.0,19.0,220.2,NOT CHARGING,11.657711944399999,0.0
2019-12-02T21:15:39+00:00,0.0,19.0,219.9,NOT CHARGING,11.657711944399999,0.0
2019-12-02T21:15:43+00:00,0.0,19.0,220.1,NOT CHARGING,11.657711944399999,0.0
2019-12-02T21:15:47+00:00,0.0,19.0,219.8,NOT CHARGING,11.657711944399999,0.0
2019-12-02T21:15:51+00:00,0.0,19.0,219.7,NOT CHARGING,11.657711944399999,0.0
2019-12-02T21:15:55+00:00,0.0,19.0,221.1,NOT CHARGING,11.657711944399999,0.0
2019-12-02T21:15:59+00:00,0.0,19.0,220.8,NOT CHARGING,11.657711944399999,0.0
2019-12-02T21:16:05+00:00,0.0,19.0,221.4,NOT CHARGING,11.657711944399999,0.0
2019-12-02T21:16:07+00:00,0.0,19.0,221.6,NOT CHARGING,11.657711944399999,0.0
2019-12-02T21:16:11+00:00,0.0,19.0,221.2,NOT CHARGING,11.657711944399999,0.0
2019-12-02T21:16:15+00:00,0.0,19.0,221.4,NOT CHARGING,11.657711944399999,0.0
2019-12-02T21:16:19+00:00,0.0,19.0,221.9,NOT CHARGING,11.657711944399999,0.0
2019-12-02T21:16:23+00:00,0.0,19.0,221.7,NOT CHARGING,11.657711944399999,0.0
2019-12-02T21:16:26+00:00,0.0,10.0,221.4,NOT CHARGING,11.657711944399999,0.0
2019-12-02T21:16:31+00:00,0.0,10.0,221.3,NOT CHARGING,11.657711944399999,0.0
2019-12-02T21:16:34+00:00,0.0,10.0,221.4,NOT CHARGING,11.657711944399999,0.0
2019-12-02T21:16:38+00:00,0.0,10.0,221.6,NOT CHARGING,11.657711944399999,0.0
2019-12-02T21:16:42+00:00,0.0,10.0,220.6,NOT CHARGING,11.657711944399999,0.0
2019-12-02T21:16:47+00:00,0.0,10.0,220.4,NOT CHARGING,11.657711944399999,0.0
2019-12-02T21:16:52+00:00,0.0,10.0,220.3,NOT CHARGING,11.657711944399999,0.0
2019-12-02T21:16:54+00:00,0.0,10.0,220.4,NOT CHARGING,11.657711944399999,0.0
2019-12-02T21:16:58+00:00,0.0,10.0,221.5,NOT CHARGING,11.657711944399999,0.0
2019-12-02T21:17:02+00:00,0.0,10.0,221.3,NOT CHARGING,11.657711944399999,0.0
2019-12-02T21:17:06+00:00,0.0,10.0,221.2,NOT CHARGING,11.657711944399999,0.0
2019-12-02T21:17:10+00:00,0.0,10.0,221.4,NOT CHARGING,11.657711944399999,0.0
2019-12-02T21:17:14+00:00,0.0,10.0,221.6,NOT CHARGING,11.657711944399999,0.0
2019-12-02T21:17:18+00:00,0.0,10.0,221.3,NOT CHARGING,11.657711944399999,0.0
2019-12-02T21:17:22+00:00,0.0,10.0,221.6,NOT CHARGING,11.657711944399999,0.0
2019-12-02T21:17:26+00:00,0.0,10.0,221.5,NOT CHARGING,11.657711944399999,0.0
2019-12-02T21:17:30+00:00,0.0,10.0,220.9,NOT CHARGING,11.657711944399999,0.0
2019-12-02T21:17:33+00:00,0.0,10.0,221.2,NOT CHARGING,11.657711944399999,0.0
2019-12-02T21:17:38+00:00,0.0,10.0,221.1,NOT CHARGING,11.657711944399999,0.0
2019-12-02T21:17:41+00:00,0.0,10.0,221.4,NOT CHARGING,11.657711944399999,0.0
2019-12-02T21:17:45+00:00,0.0,10.0,221.3,NOT CHARGING,11.657711944399999,0.0
2019-12-02T21:17:49+00:00,0.0,10.0,221.1,NOT CHARGING,11.657711944399999,0.0
2019-12-02T21:17:53+00:00,0.0,10.0,221.6,NOT CHARGING,11.657711944399999,0.0
2019-12-02T21:17:57+00:00,0.0,10.0,221.4,NOT CHARGING,11.657711944399999,0.0
2019-12-02T21:18:03+00:00,0.0,10.0,221.8,NOT CHARGING,11.657711944399999,0.0
2019-12-02T21:18:05+00:00,0.0,10.0,221.6,NOT CHARGING,11.657711944399999,0.0
2019-12-02T21:18:09+00:00,0.0,10.0,221.5,NOT CHARGING,11.657711944399999,0.0
2019-12-02T21:18:13+00:00,0.0,10.0,221.7,NOT CHARGING,11.657711944399999,0.0
2019-12-02T21:18:17+00:00,0.0,10.0,221.1,NOT CHARGING,11.657711944399999,0.0
2019-12-02T21:18:21+00:00,0.0,10.0,221.5,NOT CHARGING,11.657711944399999,0.0
2019-12-02T21:18:25+00:00,0.0,10.0,221.4,NOT CHARGING,11.657711944399999,0.0
2019-12-02T21:18:29+00:00,0.0,10.0,221.7,NOT CHARGING,11.657711944399999,0.0
2019-12-02T21:18:33+00:00,0.0,10.0,221.2,NOT CHARGING,11.657711944399999,0.0
2019-12-02T21:18:37+00:00,0.0,10.0,221.3,NOT CHARGING,11.657711944399999,0.0
2019-12-02T21:18:40+00:00,0.0,10.0,221.4,NOT CHARGING,11.657711944399999,0.0
2019-12-02T21:18:44+00:00,0.0,10.0,221.5,NOT CHARGING,11.657711944399999,0.0
2019-12-02T21:18:48+00:00,0.0,10.0,221.4,NOT CHARGING,11.657711944399999,0.0
2019-12-02T21:18:53+00:00,0.0,10.0,221.7,NOT CHARGING,11.657711944399999,0.0
2019-12-02T21:18:56+00:00,0.0,10.0,221.0,NOT CHARGING,11.657711944399999,0.0
2019-12-02T21:19:00+00:00,0.0,9.0,221.3,NOT CHARGING,11.657711944399999,0.0
2019-12-02T21:19:04+00:00,0.0,9.0,221.6,NOT CHARGING,11.657711944399999,0.0
2019-12-02T21:19:08+00:00,0.0,9.0,222.0,NOT CHARGING,11.657711944399999,0.0
2019-12-02T21:19:12+00:00,0.0,9.0,221.8,NOT CHARGING,11.657711944399999,0.0
2019-12-02T21:19:16+00:00,0.0,9.0,222.0,NOT CHARGING,11.657711944399999,0.0
2019-12-02T21:19:21+00:00,0.0,9.0,221.5,NOT CHARGING,11.657711944399999,0.0
2019-12-02T21:19:26+00:00,0.0,9.0,221.8,NOT CHARGING,11.657711944399999,0.0
2019-12-02T21:19:30+00:00,0.0,9.0,221.5,NOT CHARGING,11.657711944399999,0.0
2019-12-02T21:19:34+00:00,0.0,9.0,221.5,NOT CHARGING,11.657711944399999,0.0
2019-12-02T21:19:37+00:00,0.0,9.0,221.5,NOT CHARGING,11.657711944399999,0.0
2019-12-02T21:19:40+00:00,0.0,9.0,221.3,NOT CHARGING,11.657711944399999,0.0
2019-12-02T21:19:44+00:00,0.0,9.0,221.5,NOT CHARGING,11.657711944399999,0.0
2019-12-02T21:19:48+00:00,0.0,9.0,221.5,NOT CHARGING,11.657711944399999,0.0
2019-12-02T21:19:51+00:00,0.0,9.0,221.9,NOT CHARGING,11.657711944399999,0.0
2019-12-02T21:19:55+00:00,0.0,9.0,221.4,NOT CHARGING,11.657711944399999,0.0
2019-12-02T21:19:59+00:00,0.0,9.0,221.7,NOT CHARGING,11.657711944399999,0.0
2019-12-02T21:20:03+00:00,0.0,9.0,221.5,NOT CHARGING,11.657711944399999,0.0
2019-12-02T21:20:07+00:00,0.0,8.0,221.3,NOT CHARGING,11.657711944399999,0.0
2019-12-02T21:20:11+00:00,0.0,8.0,221.7,NOT CHARGING,11.657711944399999,0.0
2019-12-02T21:20:15+00:00,0.0,8.0,221.8,NOT CHARGING,11.657711944399999,0.0
2019-12-02T21:20:19+00:00,0.0,8.0,221.5,NOT CHARGING,11.657711944399999,0.0
2019-12-02T21:20:23+00:00,0.0,8.0,221.8,NOT CHARGING,11.657711944399999,0.0
2019-12-02T21:20:27+00:00,0.0,8.0,221.7,NOT CHARGING,11.657711944399999,0.0
2019-12-02T21:20:32+00:00,0.0,8.0,222.0,NOT CHARGING,11.657711944399999,0.0
2019-12-02T21:20:35+00:00,0.0,8.0,221.8,NOT CHARGING,11.657711944399999,0.0
2019-12-02T21:20:39+00:00,0.0,8.0,221.9,NOT CHARGING,11.657711944399999,0.0
2019-12-02T21:20:43+00:00,0.0,8.0,222.2,NOT CHARGING,11.657711944399999,0.0
2019-12-02T21:20:47+00:00,0.0,8.0,222.0,NOT CHARGING,11.657711944399999,0.0
2019-12-02T21:20:51+00:00,0.0,8.0,221.6,NOT CHARGING,11.657711944399999,0.0
2019-12-02T21:20:54+00:00,0.0,8.0,221.9,NOT CHARGING,11.657711944399999,0.0
2019-12-02T21:20:59+00:00,0.0,8.0,220.9,NOT CHARGING,11.657711944399999,0.0
2019-12-02T21:21:02+00:00,0.0,8.0,220.6,NOT CHARGING,11.657711944399999,0.0
2019-12-02T21:21:06+00:00,0.0,8.0,220.5,NOT CHARGING,11.657711944399999,0.0
2019-12-02T21:21:10+00:00,0.0,8.0,220.6,NOT CHARGING,11.657711944399999,0.0
2019-12-02T21:21:14+00:00,0.0,8.0,220.5,NOT CHARGING,11.657711944399999,0.0
2019-12-02T21:21:18+00:00,0.0,8.0,221.8,NOT CHARGING,11.657711944399999,0.0
2019-12-02T21:21:24+00:00,0.0,8.0,221.6,NOT CHARGING,11.657711944399999,0.0
2019-12-02T21:21:26+00:00,0.0,8.0,221.7,NOT CHARGING,11.657711944399999,0.0
2019-12-02T21:21:30+00:00,0.0,8.0,221.8,NOT CHARGING,11.657711944399999,0.0
2019-12-02T21:21:34+00:00,0.0,8.0,221.6,NOT CHARGING,11.657711944399999,0.0
2019-12-02T21:21:38+00:00,0.0,8.0,221.9,NOT CHARGING,11.657711944399999,0.0
2019-12-02T21:21:42+00:00,0.0,8.0,221.8,NOT CHARGING,11.657711944399999,0.0
2019-12-02T21:21:46+00:00,0.0,8.0,221.7,NOT CHARGING,11.657711944399999,0.0
2019-12-02T21:21:50+00:00,0.0,8.0,221.8,NOT CHARGING,11.657711944399999,0.0
2019-12-02T21:21:54+00:00,0.0,8.0,221.8,NOT CHARGING,11.657711944399999,0.0
2019-12-02T21:21:58+00:00,0.0,8.0,221.8,NOT CHARGING,11.657711944399999,0.0
2019-12-02T21:22:01+00:00,0.0,8.0,222.3,NOT CHARGING,11.657711944399999,0.0
2019-12-02T21:22:05+00:00,0.0,8.0,221.9,NOT CHARGING,11.657711944399999,0.0
2019-12-02T21:22:10+00:00,0.0,8.0,221.7,NOT CHARGING,11.657711944399999,0.0
2019-12-02T21:22:13+00:00,0.0,8.0,221.7,NOT CHARGING,11.657711944399999,0.0
2019-12-02T21:22:14+00:00,0.0,8.0,221.3,NOT CHARGING,11.657711944399999,0.0
2019-12-02T21:22:17+00:00,0.0,8.0,221.8,NOT CHARGING,11.657711944399999,0.0
2019-12-02T21:22:21+00:00,0.0,8.0,222.2,NOT CHARGING,11.657711944399999,0.0
2019-12-02T21:22:25+00:00,0.0,8.0,221.9,NOT CHARGING,11.657711944399999,0.0
2019-12-02T21:22:29+00:00,0.0,8.0,221.9,NOT CHARGING,11.657711944399999,0.0
2019-12-02T21:22:34+00:00,0.0,8.0,222.0,NOT CHARGING,11.657711944399999,0.0
2019-12-02T21:22:37+00:00,0.0,8.0,222.0,NOT CHARGING,11.657711944399999,0.0
2019-12-02T21:22:41+00:00,0.0,8.0,221.6,NOT CHARGING,11.657711944399999,0.0
2019-12-02T21:22:45+00:00,0.0,8.0,221.7,NOT CHARGING,11.657711944399999,0.0
2019-12-02T21:22:49+00:00,0.0,8.0,222.2,NOT CHARGING,11.657711944399999,0.0
2019-12-02T21:22:50+00:00,0.0,8.0,222.2,NOT CHARGING,11.657711944399999,0.0
2019-12-02T21:22:53+00:00,0.0,8.0,222.2,NOT CHARGING,11.657711944399999,0.0
2019-12-02T21:22:57+00:00,0.0,8.0,222.4,NOT CHARGING,11.657711944399999,0.0
2019-12-02T21:23:01+00:00,0.0,8.0,222.4,NOT CHARGING,11.657711944399999,0.0
2019-12-02T21:23:05+00:00,0.0,8.0,222.3,NOT CHARGING,11.657711944399999,0.0
2019-12-02T21:23:08+00:00,0.0,8.0,222.4,NOT CHARGING,11.657711944399999,0.0
2019-12-02T21:23:12+00:00,0.0,8.0,222.4,NOT CHARGING,11.657711944399999,0.0
2019-12-02T21:23:16+00:00,0.0,8.0,222.3,NOT CHARGING,11.657711944399999,0.0
2019-12-02T21:23:20+00:00,0.0,8.0,222.0,NOT CHARGING,11.657711944399999,0.0
2019-12-02T21:23:24+00:00,0.0,8.0,222.3,NOT CHARGING,11.657711944399999,0.0
2019-12-02T21:23:28+00:00,0.0,8.0,222.2,NOT CHARGING,11.657711944399999,0.0
2019-12-02T21:23:32+00:00,0.0,8.0,222.1,NOT CHARGING,11.657711944399999,0.0
2019-12-02T21:23:37+00:00,0.0,8.0,222.3,NOT CHARGING,11.657711944399999,0.0
2019-12-02T21:23:40+00:00,0.0,8.0,222.1,NOT CHARGING,11.657711944399999,0.0
2019-12-02T21:23:44+00:00,0.0,8.0,222.1,NOT CHARGING,11.657711944399999,0.0
2019-12-02T21:23:49+00:00,0.0,8.0,222.3,NOT CHARGING,11.657711944399999,0.0
2019-12-02T21:23:52+00:00,0.0,8.0,222.1,NOT CHARGING,11.657711944399999,0.0
2019-12-02T21:23:56+00:00,0.0,8.0,222.1,NOT CHARGING,11.657711944399999,0.0
2019-12-02T21:24:00+00:00,0.0,8.0,222.0,NOT CHARGING,11.657711944399999,0.0
2019-12-02T21:24:04+00:00,0.0,8.0,222.3,NOT CHARGING,11.657711944399999,0.0
2019-12-02T21:24:08+00:00,0.0,8.0,222.3,NOT CHARGING,11.657711944399999,0.0
2019-12-02T21:24:11+00:00,0.0,8.0,222.1,NOT CHARGING,11.657711944399999,0.0
2019-12-02T21:24:16+00:00,0.0,8.0,222.3,NOT CHARGING,11.657711944399999,0.0
2019-12-02T21:24:20+00:00,0.0,8.0,222.6,NOT CHARGING,11.657711944399999,0.0
2019-12-02T21:24:23+00:00,0.0,8.0,222.4,NOT CHARGING,11.657711944399999,0.0
2019-12-02T21:24:28+00:00,0.0,8.0,222.5,NOT CHARGING,11.657711944399999,0.0
2019-12-02T21:24:31+00:00,0.0,8.0,221.6,NOT CHARGING,11.657711944399999,0.0
2019-12-02T21:24:35+00:00,0.0,8.0,222.4,NOT CHARGING,11.657711944399999,0.0
2019-12-02T21:24:40+00:00,0.0,8.0,222.1,NOT CHARGING,11.657711944399999,0.0
2019-12-02T21:24:43+00:00,0.0,8.0,222.0,NOT CHARGING,11.657711944399999,0.0
2019-12-02T21:24:47+00:00,0.0,8.0,222.1,NOT CHARGING,11.657711944399999,0.0
2019-12-02T21:24:51+00:00,0.0,8.0,222.1,NOT CHARGING,11.657711944399999,0.0
2019-12-02T21:24:55+00:00,0.0,8.0,222.9,NOT CHARGING,11.657711944399999,0.0
2019-12-02T21:24:59+00:00,0.0,8.0,222.7,NOT CHARGING,11.657711944399999,0.0
2019-12-02T21:25:03+00:00,0.0,8.0,222.6,NOT CHARGING,11.657711944399999,0.0
2019-12-02T21:25:07+00:00,0.0,8.0,222.7,NOT CHARGING,11.657711944399999,0.0
2019-12-02T21:25:11+00:00,0.0,8.0,222.7,NOT CHARGING,11.657711944399999,0.0
2019-12-02T21:25:15+00:00,0.0,8.0,222.8,NOT CHARGING,11.657711944399999,0.0
2019-12-02T21:25:20+00:00,0.0,8.0,222.9,NOT CHARGING,11.657711944399999,0.0
2019-12-02T21:25:22+00:00,0.0,8.0,222.5,NOT CHARGING,11.657711944399999,0.0
2019-12-02T21:25:27+00:00,0.0,8.0,222.4,NOT CHARGING,11.657711944399999,0.0
2019-12-02T21:25:30+00:00,0.0,8.0,222.6,NOT CHARGING,11.657711944399999,0.0
2019-12-02T21:25:36+00:00,0.0,8.0,222.5,NOT CHARGING,11.657711944399999,0.0
2019-12-02T21:25:39+00:00,0.0,8.0,222.2,NOT CHARGING,11.657711944399999,0.0
2019-12-02T21:25:44+00:00,0.0,8.0,222.5,NOT CHARGING,11.657711944399999,0.0
2019-12-02T21:25:47+00:00,0.0,8.0,222.5,NOT CHARGING,11.657711944399999,0.0
2019-12-02T21:25:50+00:00,0.0,8.0,222.4,NOT CHARGING,11.657711944399999,0.0
2019-12-02T21:25:54+00:00,0.0,8.0,222.3,NOT CHARGING,11.657711944399999,0.0
2019-12-02T21:25:58+00:00,0.0,8.0,222.4,NOT CHARGING,11.657711944399999,0.0
2019-12-02T21:26:02+00:00,0.0,8.0,222.4,NOT CHARGING,11.657711944399999,0.0
2019-12-02T21:26:06+00:00,0.0,8.0,222.5,NOT CHARGING,11.657711944399999,0.0
2019-12-02T21:26:10+00:00,0.0,8.0,222.6,NOT CHARGING,11.657711944399999,0.0
2019-12-02T21:26:14+00:00,0.0,8.0,222.0,NOT CHARGING,11.657711944399999,0.0
2019-12-02T21:26:19+00:00,0.0,8.0,221.3,NOT CHARGING,11.657711944399999,0.0
2019-12-02T21:26:22+00:00,0.0,8.0,220.8,NOT CHARGING,11.657711944399999,0.0
2019-12-02T21:26:26+00:00,0.0,8.0,221.1,NOT CHARGING,11.657711944399999,0.0
2019-12-02T21:26:29+00:00,0.0,8.0,221.1,NOT CHARGING,11.657711944399999,0.0
2019-12-02T21:26:34+00:00,0.0,8.0,221.1,NOT CHARGING,11.657711944399999,0.0
2019-12-02T21:26:37+00:00,0.0,8.0,220.8,NOT CHARGING,11.657711944399999,0.0
2019-12-02T21:26:42+00:00,0.0,8.0,220.8,NOT CHARGING,11.657711944399999,0.0
2019-12-02T21:26:46+00:00,0.0,8.0,220.6,NOT CHARGING,11.657711944399999,0.0
2019-12-02T21:26:49+00:00,0.0,8.0,221.1,NOT CHARGING,11.657711944399999,0.0
2019-12-02T21:26:53+00:00,0.0,8.0,221.2,NOT CHARGING,11.657711944399999,0.0
2019-12-02T21:26:57+00:00,0.0,8.0,220.4,NOT CHARGING,11.657711944399999,0.0
2019-12-02T21:27:01+00:00,0.0,8.0,220.1,NOT CHARGING,11.657711944399999,0.0
2019-12-02T21:27:05+00:00,0.0,8.0,220.0,NOT CHARGING,11.657711944399999,0.0
2019-12-02T21:27:09+00:00,0.0,8.0,219.8,NOT CHARGING,11.657711944399999,0.0
2019-12-02T21:27:13+00:00,0.0,8.0,220.0,NOT CHARGING,11.657711944399999,0.0
2019-12-02T21:27:17+00:00,0.0,8.0,221.3,NOT CHARGING,11.657711944399999,0.0
2019-12-02T21:27:20+00:00,0.0,8.0,220.7,NOT CHARGING,11.657711944399999,0.0
2019-12-02T21:27:25+00:00,0.0,8.0,220.6,NOT CHARGING,11.657711944399999,0.0
2019-12-02T21:27:29+00:00,0.0,8.0,220.7,NOT CHARGING,11.657711944399999,0.0
2019-12-02T21:27:33+00:00,0.0,8.0,220.7,NOT CHARGING,11.657711944399999,0.0
2019-12-02T21:27:36+00:00,0.0,0.0,,UNPLUGGED,0.0,0.0
